2026-02-02 16:15:41.332 INFO  o.h.validator.internal.util.Version - HV000001: Hibernate Validator 8.0.1.Final
2026-02-02 16:15:41.424 INFO  kr.co.seoulit.ReceptionApplication - Starting ReceptionApplication using Java 17.0.12 with PID 18968 (C:\dev\teamwork\project\backend\hospital_reception_backend\reception_back\build\classes\java\main started by stu19 in C:\dev\teamwork\project\backend\hospital_reception_backend\reception_back)
2026-02-02 16:15:41.426 INFO  kr.co.seoulit.ReceptionApplication - No active profile set, falling back to 1 default profile: "default"
2026-02-02 16:15:42.651 INFO  o.s.d.r.c.RepositoryConfigurationDelegate - Multiple Spring Data modules found, entering strict repository configuration mode
2026-02-02 16:15:42.653 INFO  o.s.d.r.c.RepositoryConfigurationDelegate - Bootstrapping Spring Data JPA repositories in DEFAULT mode.
2026-02-02 16:15:42.897 INFO  o.s.d.r.c.RepositoryConfigurationDelegate - Finished Spring Data repository scanning in 235 ms. Found 9 JPA repository interfaces.
2026-02-02 16:15:42.917 INFO  o.s.d.r.c.RepositoryConfigurationDelegate - Multiple Spring Data modules found, entering strict repository configuration mode
2026-02-02 16:15:42.918 INFO  o.s.d.r.c.RepositoryConfigurationDelegate - Bootstrapping Spring Data Redis repositories in DEFAULT mode.
2026-02-02 16:15:42.935 INFO  o.s.d.r.c.RepositoryConfigurationExtensionSupport - Spring Data Redis - Could not safely identify store assignment for repository candidate interface kr.co.seoulit.common.audit.AuditLogRepository; If you want this repository to be a Redis repository, consider annotating your entities with one of these annotations: org.springframework.data.redis.core.RedisHash (preferred), or consider extending one of the following types with your repository: org.springframework.data.keyvalue.repository.KeyValueRepository
2026-02-02 16:15:42.935 INFO  o.s.d.r.c.RepositoryConfigurationExtensionSupport - Spring Data Redis - Could not safely identify store assignment for repository candidate interface kr.co.seoulit.reception.repository.DepartmentRepository; If you want this repository to be a Redis repository, consider annotating your entities with one of these annotations: org.springframework.data.redis.core.RedisHash (preferred), or consider extending one of the following types with your repository: org.springframework.data.keyvalue.repository.KeyValueRepository
2026-02-02 16:15:42.935 INFO  o.s.d.r.c.RepositoryConfigurationExtensionSupport - Spring Data Redis - Could not safely identify store assignment for repository candidate interface kr.co.seoulit.reception.repository.DoctorRepository; If you want this repository to be a Redis repository, consider annotating your entities with one of these annotations: org.springframework.data.redis.core.RedisHash (preferred), or consider extending one of the following types with your repository: org.springframework.data.keyvalue.repository.KeyValueRepository
2026-02-02 16:15:42.935 INFO  o.s.d.r.c.RepositoryConfigurationExtensionSupport - Spring Data Redis - Could not safely identify store assignment for repository candidate interface kr.co.seoulit.reception.repository.PatientRepository; If you want this repository to be a Redis repository, consider annotating your entities with one of these annotations: org.springframework.data.redis.core.RedisHash (preferred), or consider extending one of the following types with your repository: org.springframework.data.keyvalue.repository.KeyValueRepository
2026-02-02 16:15:42.936 INFO  o.s.d.r.c.RepositoryConfigurationExtensionSupport - Spring Data Redis - Could not safely identify store assignment for repository candidate interface kr.co.seoulit.reception.repository.ReceptionEmergencyRepository; If you want this repository to be a Redis repository, consider annotating your entities with one of these annotations: org.springframework.data.redis.core.RedisHash (preferred), or consider extending one of the following types with your repository: org.springframework.data.keyvalue.repository.KeyValueRepository
2026-02-02 16:15:42.936 INFO  o.s.d.r.c.RepositoryConfigurationExtensionSupport - Spring Data Redis - Could not safely identify store assignment for repository candidate interface kr.co.seoulit.reception.repository.ReceptionInpatientRepository; If you want this repository to be a Redis repository, consider annotating your entities with one of these annotations: org.springframework.data.redis.core.RedisHash (preferred), or consider extending one of the following types with your repository: org.springframework.data.keyvalue.repository.KeyValueRepository
2026-02-02 16:15:42.936 INFO  o.s.d.r.c.RepositoryConfigurationExtensionSupport - Spring Data Redis - Could not safely identify store assignment for repository candidate interface kr.co.seoulit.reception.repository.ReceptionRepository; If you want this repository to be a Redis repository, consider annotating your entities with one of these annotations: org.springframework.data.redis.core.RedisHash (preferred), or consider extending one of the following types with your repository: org.springframework.data.keyvalue.repository.KeyValueRepository
2026-02-02 16:15:42.936 INFO  o.s.d.r.c.RepositoryConfigurationExtensionSupport - Spring Data Redis - Could not safely identify store assignment for repository candidate interface kr.co.seoulit.reception.repository.ReceptionStatusHistoryRepository; If you want this repository to be a Redis repository, consider annotating your entities with one of these annotations: org.springframework.data.redis.core.RedisHash (preferred), or consider extending one of the following types with your repository: org.springframework.data.keyvalue.repository.KeyValueRepository
2026-02-02 16:15:42.937 INFO  o.s.d.r.c.RepositoryConfigurationExtensionSupport - Spring Data Redis - Could not safely identify store assignment for repository candidate interface kr.co.seoulit.reception.repository.ReservationRepository; If you want this repository to be a Redis repository, consider annotating your entities with one of these annotations: org.springframework.data.redis.core.RedisHash (preferred), or consider extending one of the following types with your repository: org.springframework.data.keyvalue.repository.KeyValueRepository
2026-02-02 16:15:42.937 INFO  o.s.d.r.c.RepositoryConfigurationDelegate - Finished Spring Data repository scanning in 9 ms. Found 0 Redis repository interfaces.
2026-02-02 16:15:43.997 INFO  o.s.b.w.e.tomcat.TomcatWebServer - Tomcat initialized with port 8283 (http)
2026-02-02 16:15:44.009 INFO  o.a.coyote.http11.Http11NioProtocol - Initializing ProtocolHandler ["http-nio-8283"]
2026-02-02 16:15:44.011 INFO  o.a.catalina.core.StandardService - Starting service [Tomcat]
2026-02-02 16:15:44.011 INFO  o.a.catalina.core.StandardEngine - Starting Servlet engine: [Apache Tomcat/10.1.26]
2026-02-02 16:15:44.106 INFO  o.a.c.c.C.[Tomcat].[localhost].[/] - Initializing Spring embedded WebApplicationContext
2026-02-02 16:15:44.106 INFO  o.s.b.w.s.c.ServletWebServerApplicationContext - Root WebApplicationContext: initialization completed in 2594 ms
2026-02-02 16:15:44.334 INFO  o.h.jpa.internal.util.LogHelper - HHH000204: Processing PersistenceUnitInfo [name: default]
2026-02-02 16:15:44.422 INFO  org.hibernate.Version - HHH000412: Hibernate ORM core version 6.5.2.Final
2026-02-02 16:15:44.468 INFO  o.h.c.i.RegionFactoryInitiator - HHH000026: Second-level cache disabled
2026-02-02 16:15:44.811 INFO  o.s.o.j.p.SpringPersistenceUnitInfo - No LoadTimeWeaver setup: ignoring JPA class transformer
2026-02-02 16:15:44.851 INFO  com.zaxxer.hikari.HikariDataSource - HikariPool-1 - Starting...
2026-02-02 16:15:45.012 INFO  com.zaxxer.hikari.pool.HikariPool - HikariPool-1 - Added connection com.mysql.cj.jdbc.ConnectionImpl@746fd19b
2026-02-02 16:15:45.015 INFO  com.zaxxer.hikari.HikariDataSource - HikariPool-1 - Start completed.
2026-02-02 16:15:45.081 WARN  org.hibernate.orm.deprecation - HHH90000025: MySQL8Dialect does not need to be specified explicitly using 'hibernate.dialect' (remove the property setting and it will be selected by default)
2026-02-02 16:15:45.082 WARN  org.hibernate.orm.deprecation - HHH90000026: MySQL8Dialect has been deprecated; use org.hibernate.dialect.MySQLDialect instead
2026-02-02 16:15:46.108 INFO  o.h.e.t.j.p.i.JtaPlatformInitiator - HHH000489: No JTA platform available (set 'hibernate.transaction.jta.platform' to enable JTA platform integration)
2026-02-02 16:15:46.167 DEBUG org.hibernate.SQL - alter table audit_log modify column after_json json
2026-02-02 16:15:46.191 DEBUG org.hibernate.SQL - alter table audit_log modify column before_json json
2026-02-02 16:15:46.202 DEBUG org.hibernate.SQL - alter table audit_log modify column diff_json json
2026-02-02 16:15:46.215 INFO  o.s.o.j.LocalContainerEntityManagerFactoryBean - Initialized JPA EntityManagerFactory for persistence unit 'default'
2026-02-02 16:15:47.803 WARN  o.s.b.a.o.j.JpaBaseConfiguration$JpaWebConfiguration - spring.jpa.open-in-view is enabled by default. Therefore, database queries may be performed during view rendering. Explicitly configure spring.jpa.open-in-view to disable this warning
2026-02-02 16:15:48.940 INFO  o.a.coyote.http11.Http11NioProtocol - Starting ProtocolHandler ["http-nio-8283"]
2026-02-02 16:15:48.957 INFO  o.s.b.w.e.tomcat.TomcatWebServer - Tomcat started on port 8283 (http) with context path '/'
2026-02-02 16:15:48.966 INFO  kr.co.seoulit.ReceptionApplication - Started ReceptionApplication in 8.54 seconds (process running for 9.803)
2026-02-02 16:26:58.812 INFO  o.a.c.c.C.[Tomcat].[localhost].[/] - Initializing Spring DispatcherServlet 'dispatcherServlet'
2026-02-02 16:26:58.812 INFO  o.s.web.servlet.DispatcherServlet - Initializing Servlet 'dispatcherServlet'
2026-02-02 16:26:58.816 INFO  o.s.web.servlet.DispatcherServlet - Completed initialization in 4 ms
2026-02-02 16:26:58.885 INFO  k.co.seoulit.common.aop.LoggerAspect - Controller  : kr.co.seoulit.reception.controller.MenuController.getMenus()ì‹œìž‘
2026-02-02 16:26:58.886 INFO  k.co.seoulit.common.aop.LoggerAspect - Controller  : kr.co.seoulit.reception.controller.MenuController.getMenus()ì¢…ë£Œ
2026-02-02 16:27:24.189 INFO  k.co.seoulit.common.aop.LoggerAspect - Controller  : kr.co.seoulit.reception.controller.MenuController.getMenus()ì‹œìž‘
2026-02-02 16:27:24.189 INFO  k.co.seoulit.common.aop.LoggerAspect - Controller  : kr.co.seoulit.reception.controller.MenuController.getMenus()ì¢…ë£Œ
2026-02-02 16:27:24.198 INFO  k.co.seoulit.common.aop.LoggerAspect - Controller  : kr.co.seoulit.reception.controller.MenuController.getMenus()ì‹œìž‘
2026-02-02 16:27:24.198 INFO  k.co.seoulit.common.aop.LoggerAspect - Controller  : kr.co.seoulit.reception.controller.MenuController.getMenus()ì¢…ë£Œ
2026-02-02 16:27:24.210 INFO  k.co.seoulit.common.aop.LoggerAspect - Controller  : kr.co.seoulit.reception.controller.ReceptionController.getReceptions()ì‹œìž‘
2026-02-02 16:27:24.210 INFO  k.c.s.r.c.ReceptionController - Reception list request: searchType=status, searchValue=COMPLETED
2026-02-02 16:27:24.220 INFO  k.co.seoulit.common.aop.LoggerAspect - ServiceImpl  : kr.co.seoulit.reception.service.ReceptionServiceImpl.getReceptionList()ì‹œìž‘
2026-02-02 16:27:24.311 INFO  k.co.seoulit.common.aop.LoggerAspect - ServiceImpl  : kr.co.seoulit.reception.service.ReceptionServiceImpl.getReceptionList()ì¢…ë£Œ
2026-02-02 16:27:24.317 INFO  k.co.seoulit.common.aop.LoggerAspect - Controller  : kr.co.seoulit.reception.controller.ReceptionController.getReceptions()ì¢…ë£Œ
2026-02-02 16:27:24.319 INFO  k.co.seoulit.common.aop.LoggerAspect - Controller  : kr.co.seoulit.reception.controller.ReceptionController.getReceptions()ì‹œìž‘
2026-02-02 16:27:24.319 INFO  k.c.s.r.c.ReceptionController - Reception list request: searchType=status, searchValue=COMPLETED
2026-02-02 16:27:24.319 INFO  k.co.seoulit.common.aop.LoggerAspect - ServiceImpl  : kr.co.seoulit.reception.service.ReceptionServiceImpl.getReceptionList()ì‹œìž‘
2026-02-02 16:27:24.319 INFO  k.co.seoulit.common.aop.LoggerAspect - ServiceImpl  : kr.co.seoulit.reception.service.ReceptionServiceImpl.getReceptionList()ì¢…ë£Œ
2026-02-02 16:27:24.319 INFO  k.co.seoulit.common.aop.LoggerAspect - Controller  : kr.co.seoulit.reception.controller.ReceptionController.getReceptions()ì¢…ë£Œ
2026-02-02 16:27:26.790 INFO  k.co.seoulit.common.aop.LoggerAspect - Controller  : kr.co.seoulit.reception.controller.MenuController.getMenus()ì‹œìž‘
2026-02-02 16:27:26.796 INFO  k.co.seoulit.common.aop.LoggerAspect - Controller  : kr.co.seoulit.reception.controller.MenuController.getMenus()ì¢…ë£Œ
2026-02-02 16:27:26.796 INFO  k.co.seoulit.common.aop.LoggerAspect - Controller  : kr.co.seoulit.reception.controller.ReceptionController.getReceptions()ì‹œìž‘
2026-02-02 16:27:26.796 INFO  k.c.s.r.c.ReceptionController - Reception list request: searchType=null, searchValue=null
2026-02-02 16:27:26.857 INFO  k.co.seoulit.common.aop.LoggerAspect - Controller  : kr.co.seoulit.reception.controller.ReceptionController.getReceptions()ì‹œìž‘
2026-02-02 16:27:26.857 INFO  k.c.s.r.c.ReceptionController - Reception list request: searchType=null, searchValue=null
2026-02-02 16:27:26.880 INFO  k.co.seoulit.common.aop.LoggerAspect - ServiceImpl  : kr.co.seoulit.reception.service.ReceptionServiceImpl.getReceptionList()ì‹œìž‘
2026-02-02 16:27:26.882 INFO  k.co.seoulit.common.aop.LoggerAspect - ServiceImpl  : kr.co.seoulit.reception.service.ReceptionServiceImpl.getReceptionList()ì‹œìž‘
2026-02-02 16:27:26.891 INFO  k.co.seoulit.common.aop.LoggerAspect - Controller  : kr.co.seoulit.reception.controller.MenuController.getMenus()ì‹œìž‘
2026-02-02 16:27:26.891 INFO  k.co.seoulit.common.aop.LoggerAspect - Controller  : kr.co.seoulit.reception.controller.MenuController.getMenus()ì¢…ë£Œ
2026-02-02 16:27:26.899 INFO  k.co.seoulit.common.aop.LoggerAspect - ServiceImpl  : kr.co.seoulit.reception.service.ReceptionServiceImpl.getReceptionList()ì¢…ë£Œ
2026-02-02 16:27:26.901 INFO  k.co.seoulit.common.aop.LoggerAspect - Controller  : kr.co.seoulit.reception.controller.ReceptionController.getReceptions()ì¢…ë£Œ
2026-02-02 16:27:26.903 INFO  k.co.seoulit.common.aop.LoggerAspect - ServiceImpl  : kr.co.seoulit.reception.service.ReceptionServiceImpl.getReceptionList()ì¢…ë£Œ
2026-02-02 16:27:26.906 INFO  k.co.seoulit.common.aop.LoggerAspect - Controller  : kr.co.seoulit.reception.controller.ReceptionController.getReceptions()ì¢…ë£Œ
2026-02-02 16:27:30.147 INFO  k.co.seoulit.common.aop.LoggerAspect - Controller  : kr.co.seoulit.reception.controller.ReservationController.getReservations()ì‹œìž‘
2026-02-02 16:27:30.147 INFO  k.c.s.r.c.ReservationController - Reservation list request: searchType=null, searchValue=null
2026-02-02 16:27:30.148 INFO  k.co.seoulit.common.aop.LoggerAspect - Controller  : kr.co.seoulit.reception.controller.MenuController.getMenus()ì‹œìž‘
2026-02-02 16:27:30.148 INFO  k.co.seoulit.common.aop.LoggerAspect - Controller  : kr.co.seoulit.reception.controller.MenuController.getMenus()ì¢…ë£Œ
2026-02-02 16:27:30.149 INFO  k.co.seoulit.common.aop.LoggerAspect - ServiceImpl  : kr.co.seoulit.reception.service.ReservationServiceImpl.getReservationList()ì‹œìž‘
2026-02-02 16:27:30.154 INFO  k.co.seoulit.common.aop.LoggerAspect - Controller  : kr.co.seoulit.reception.controller.MenuController.getMenus()ì‹œìž‘
2026-02-02 16:27:30.154 INFO  k.co.seoulit.common.aop.LoggerAspect - Controller  : kr.co.seoulit.reception.controller.MenuController.getMenus()ì¢…ë£Œ
2026-02-02 16:27:30.158 INFO  k.co.seoulit.common.aop.LoggerAspect - ServiceImpl  : kr.co.seoulit.reception.service.ReservationServiceImpl.getReservationList()ì¢…ë£Œ
2026-02-02 16:27:30.160 INFO  k.co.seoulit.common.aop.LoggerAspect - Controller  : kr.co.seoulit.reception.controller.ReservationController.getReservations()ì¢…ë£Œ
2026-02-02 16:27:30.168 INFO  k.co.seoulit.common.aop.LoggerAspect - Controller  : kr.co.seoulit.reception.controller.ReservationController.getReservations()ì‹œìž‘
2026-02-02 16:27:30.168 INFO  k.c.s.r.c.ReservationController - Reservation list request: searchType=null, searchValue=null
2026-02-02 16:27:30.173 INFO  k.co.seoulit.common.aop.LoggerAspect - ServiceImpl  : kr.co.seoulit.reception.service.ReservationServiceImpl.getReservationList()ì‹œìž‘
2026-02-02 16:27:30.176 INFO  k.co.seoulit.common.aop.LoggerAspect - ServiceImpl  : kr.co.seoulit.reception.service.ReservationServiceImpl.getReservationList()ì¢…ë£Œ
2026-02-02 16:27:30.178 INFO  k.co.seoulit.common.aop.LoggerAspect - Controller  : kr.co.seoulit.reception.controller.ReservationController.getReservations()ì¢…ë£Œ
2026-02-02 17:05:06.440 INFO  k.co.seoulit.common.aop.LoggerAspect - Controller  : kr.co.seoulit.reception.controller.MenuController.getMenus()ì‹œìž‘
2026-02-02 17:05:06.440 INFO  k.co.seoulit.common.aop.LoggerAspect - Controller  : kr.co.seoulit.reception.controller.MenuController.getMenus()ì¢…ë£Œ
2026-02-02 18:42:12.748 INFO  k.co.seoulit.common.aop.LoggerAspect - Controller  : kr.co.seoulit.reception.controller.MenuController.getMenus()ì‹œìž‘
2026-02-02 18:42:12.748 INFO  k.co.seoulit.common.aop.LoggerAspect - Controller  : kr.co.seoulit.reception.controller.MenuController.getMenus()ì¢…ë£Œ
2026-02-02 18:42:12.748 INFO  k.co.seoulit.common.aop.LoggerAspect - Controller  : kr.co.seoulit.reception.controller.ReceptionController.getReceptions()ì‹œìž‘
2026-02-02 18:42:12.748 INFO  k.co.seoulit.common.aop.LoggerAspect - Controller  : kr.co.seoulit.reception.controller.ReceptionController.getReceptions()ì‹œìž‘
2026-02-02 18:42:12.748 INFO  k.c.s.r.c.ReceptionController - Reception list request: searchType=null, searchValue=null
2026-02-02 18:42:12.748 INFO  k.c.s.r.c.ReceptionController - Reception list request: searchType=null, searchValue=null
2026-02-02 18:42:12.748 INFO  k.co.seoulit.common.aop.LoggerAspect - Controller  : kr.co.seoulit.reception.controller.MenuController.getMenus()ì‹œìž‘
2026-02-02 18:42:12.748 INFO  k.co.seoulit.common.aop.LoggerAspect - Controller  : kr.co.seoulit.reception.controller.MenuController.getMenus()ì¢…ë£Œ
2026-02-02 18:42:12.748 INFO  k.co.seoulit.common.aop.LoggerAspect - ServiceImpl  : kr.co.seoulit.reception.service.ReceptionServiceImpl.getReceptionList()ì‹œìž‘
2026-02-02 18:42:12.748 INFO  k.co.seoulit.common.aop.LoggerAspect - ServiceImpl  : kr.co.seoulit.reception.service.ReceptionServiceImpl.getReceptionList()ì‹œìž‘
2026-02-02 18:42:12.768 INFO  k.co.seoulit.common.aop.LoggerAspect - ServiceImpl  : kr.co.seoulit.reception.service.ReceptionServiceImpl.getReceptionList()ì¢…ë£Œ
2026-02-02 18:42:12.770 INFO  k.co.seoulit.common.aop.LoggerAspect - Controller  : kr.co.seoulit.reception.controller.ReceptionController.getReceptions()ì¢…ë£Œ
2026-02-02 18:42:12.777 INFO  k.co.seoulit.common.aop.LoggerAspect - ServiceImpl  : kr.co.seoulit.reception.service.ReceptionServiceImpl.getReceptionList()ì¢…ë£Œ
2026-02-02 18:42:12.778 INFO  k.co.seoulit.common.aop.LoggerAspect - Controller  : kr.co.seoulit.reception.controller.ReceptionController.getReceptions()ì¢…ë£Œ
2026-02-02 18:42:15.327 INFO  k.co.seoulit.common.aop.LoggerAspect - Controller  : kr.co.seoulit.reception.controller.MenuController.getMenus()ì‹œìž‘
2026-02-02 18:42:15.327 INFO  k.co.seoulit.common.aop.LoggerAspect - Controller  : kr.co.seoulit.reception.controller.MenuController.getMenus()ì¢…ë£Œ
2026-02-02 18:42:15.333 INFO  k.co.seoulit.common.aop.LoggerAspect - Controller  : kr.co.seoulit.reception.controller.ReceptionController.getReceptions()ì‹œìž‘
2026-02-02 18:42:15.334 INFO  k.c.s.r.c.ReceptionController - Reception list request: searchType=null, searchValue=null
2026-02-02 18:42:15.335 INFO  k.co.seoulit.common.aop.LoggerAspect - ServiceImpl  : kr.co.seoulit.reception.service.ReceptionServiceImpl.getReceptionList()ì‹œìž‘
2026-02-02 18:42:15.337 INFO  k.co.seoulit.common.aop.LoggerAspect - Controller  : kr.co.seoulit.reception.controller.MenuController.getMenus()ì‹œìž‘
2026-02-02 18:42:15.337 INFO  k.co.seoulit.common.aop.LoggerAspect - Controller  : kr.co.seoulit.reception.controller.MenuController.getMenus()ì¢…ë£Œ
2026-02-02 18:42:15.338 INFO  k.co.seoulit.common.aop.LoggerAspect - ServiceImpl  : kr.co.seoulit.reception.service.ReceptionServiceImpl.getReceptionList()ì¢…ë£Œ
2026-02-02 18:42:15.339 INFO  k.co.seoulit.common.aop.LoggerAspect - Controller  : kr.co.seoulit.reception.controller.ReceptionController.getReceptions()ì¢…ë£Œ
2026-02-02 18:42:15.344 INFO  k.co.seoulit.common.aop.LoggerAspect - Controller  : kr.co.seoulit.reception.controller.ReceptionController.getReceptions()ì‹œìž‘
2026-02-02 18:42:15.345 INFO  k.c.s.r.c.ReceptionController - Reception list request: searchType=null, searchValue=null
2026-02-02 18:42:15.346 INFO  k.co.seoulit.common.aop.LoggerAspect - ServiceImpl  : kr.co.seoulit.reception.service.ReceptionServiceImpl.getReceptionList()ì‹œìž‘
2026-02-02 18:42:15.349 INFO  k.co.seoulit.common.aop.LoggerAspect - ServiceImpl  : kr.co.seoulit.reception.service.ReceptionServiceImpl.getReceptionList()ì¢…ë£Œ
2026-02-02 18:42:15.350 INFO  k.co.seoulit.common.aop.LoggerAspect - Controller  : kr.co.seoulit.reception.controller.ReceptionController.getReceptions()ì¢…ë£Œ
2026-02-02 18:42:17.513 INFO  k.co.seoulit.common.aop.LoggerAspect - Controller  : kr.co.seoulit.reception.controller.MenuController.getMenus()ì‹œìž‘
2026-02-02 18:42:17.513 INFO  k.co.seoulit.common.aop.LoggerAspect - Controller  : kr.co.seoulit.reception.controller.MenuController.getMenus()ì¢…ë£Œ
2026-02-02 18:42:17.517 INFO  k.co.seoulit.common.aop.LoggerAspect - Controller  : kr.co.seoulit.reception.controller.MenuController.getMenus()ì‹œìž‘
2026-02-02 18:42:17.517 INFO  k.co.seoulit.common.aop.LoggerAspect - Controller  : kr.co.seoulit.reception.controller.MenuController.getMenus()ì¢…ë£Œ
2026-02-02 18:42:23.537 INFO  k.co.seoulit.common.aop.LoggerAspect - Controller  : kr.co.seoulit.reception.controller.MenuController.getMenus()ì‹œìž‘
2026-02-02 18:42:23.537 INFO  k.co.seoulit.common.aop.LoggerAspect - Controller  : kr.co.seoulit.reception.controller.MenuController.getMenus()ì¢…ë£Œ
2026-02-02 18:42:23.544 INFO  k.co.seoulit.common.aop.LoggerAspect - Controller  : kr.co.seoulit.reception.controller.MenuController.getMenus()ì‹œìž‘
2026-02-02 18:42:23.544 INFO  k.co.seoulit.common.aop.LoggerAspect - Controller  : kr.co.seoulit.reception.controller.MenuController.getMenus()ì¢…ë£Œ
2026-02-02 18:42:23.549 INFO  k.co.seoulit.common.aop.LoggerAspect - Controller  : kr.co.seoulit.reception.controller.ReceptionController.getReceptions()ì‹œìž‘
2026-02-02 18:42:23.549 INFO  k.c.s.r.c.ReceptionController - Reception list request: searchType=status, searchValue=CANCELED
2026-02-02 18:42:23.550 INFO  k.co.seoulit.common.aop.LoggerAspect - ServiceImpl  : kr.co.seoulit.reception.service.ReceptionServiceImpl.getReceptionList()ì‹œìž‘
2026-02-02 18:42:23.553 INFO  k.co.seoulit.common.aop.LoggerAspect - ServiceImpl  : kr.co.seoulit.reception.service.ReceptionServiceImpl.getReceptionList()ì¢…ë£Œ
2026-02-02 18:42:23.554 INFO  k.co.seoulit.common.aop.LoggerAspect - Controller  : kr.co.seoulit.reception.controller.ReceptionController.getReceptions()ì¢…ë£Œ
2026-02-02 18:42:23.558 INFO  k.co.seoulit.common.aop.LoggerAspect - Controller  : kr.co.seoulit.reception.controller.ReceptionController.getReceptions()ì‹œìž‘
2026-02-02 18:42:23.558 INFO  k.c.s.r.c.ReceptionController - Reception list request: searchType=status, searchValue=CANCELED
2026-02-02 18:42:23.559 INFO  k.co.seoulit.common.aop.LoggerAspect - ServiceImpl  : kr.co.seoulit.reception.service.ReceptionServiceImpl.getReceptionList()ì‹œìž‘
2026-02-02 18:42:23.561 INFO  k.co.seoulit.common.aop.LoggerAspect - ServiceImpl  : kr.co.seoulit.reception.service.ReceptionServiceImpl.getReceptionList()ì¢…ë£Œ
2026-02-02 18:42:23.562 INFO  k.co.seoulit.common.aop.LoggerAspect - Controller  : kr.co.seoulit.reception.controller.ReceptionController.getReceptions()ì¢…ë£Œ
2026-02-02 18:42:25.587 INFO  k.co.seoulit.common.aop.LoggerAspect - Controller  : kr.co.seoulit.reception.controller.MenuController.getMenus()ì‹œìž‘
2026-02-02 18:42:25.588 INFO  k.co.seoulit.common.aop.LoggerAspect - Controller  : kr.co.seoulit.reception.controller.MenuController.getMenus()ì¢…ë£Œ
2026-02-02 18:42:25.591 INFO  k.co.seoulit.common.aop.LoggerAspect - Controller  : kr.co.seoulit.reception.controller.ReceptionController.getReceptions()ì‹œìž‘
2026-02-02 18:42:25.591 INFO  k.c.s.r.c.ReceptionController - Reception list request: searchType=status, searchValue=COMPLETED
2026-02-02 18:42:25.592 INFO  k.co.seoulit.common.aop.LoggerAspect - ServiceImpl  : kr.co.seoulit.reception.service.ReceptionServiceImpl.getReceptionList()ì‹œìž‘
2026-02-02 18:42:25.592 INFO  k.co.seoulit.common.aop.LoggerAspect - Controller  : kr.co.seoulit.reception.controller.MenuController.getMenus()ì‹œìž‘
2026-02-02 18:42:25.593 INFO  k.co.seoulit.common.aop.LoggerAspect - Controller  : kr.co.seoulit.reception.controller.MenuController.getMenus()ì¢…ë£Œ
2026-02-02 18:42:25.594 INFO  k.co.seoulit.common.aop.LoggerAspect - ServiceImpl  : kr.co.seoulit.reception.service.ReceptionServiceImpl.getReceptionList()ì¢…ë£Œ
2026-02-02 18:42:25.595 INFO  k.co.seoulit.common.aop.LoggerAspect - Controller  : kr.co.seoulit.reception.controller.ReceptionController.getReceptions()ì¢…ë£Œ
2026-02-02 18:42:25.598 INFO  k.co.seoulit.common.aop.LoggerAspect - Controller  : kr.co.seoulit.reception.controller.ReceptionController.getReceptions()ì‹œìž‘
2026-02-02 18:42:25.598 INFO  k.c.s.r.c.ReceptionController - Reception list request: searchType=status, searchValue=COMPLETED
2026-02-02 18:42:25.599 INFO  k.co.seoulit.common.aop.LoggerAspect - ServiceImpl  : kr.co.seoulit.reception.service.ReceptionServiceImpl.getReceptionList()ì‹œìž‘
2026-02-02 18:42:25.600 INFO  k.co.seoulit.common.aop.LoggerAspect - ServiceImpl  : kr.co.seoulit.reception.service.ReceptionServiceImpl.getReceptionList()ì¢…ë£Œ
2026-02-02 18:42:25.601 INFO  k.co.seoulit.common.aop.LoggerAspect - Controller  : kr.co.seoulit.reception.controller.ReceptionController.getReceptions()ì¢…ë£Œ
2026-02-02 18:42:34.589 INFO  k.co.seoulit.common.aop.LoggerAspect - Controller  : kr.co.seoulit.reception.controller.MenuController.getMenus()ì‹œìž‘
2026-02-02 18:42:34.590 INFO  k.co.seoulit.common.aop.LoggerAspect - Controller  : kr.co.seoulit.reception.controller.MenuController.getMenus()ì¢…ë£Œ
2026-02-02 18:42:34.595 INFO  k.co.seoulit.common.aop.LoggerAspect - Controller  : kr.co.seoulit.reception.controller.MenuController.getMenus()ì‹œìž‘
2026-02-02 18:42:34.595 INFO  k.co.seoulit.common.aop.LoggerAspect - Controller  : kr.co.seoulit.reception.controller.MenuController.getMenus()ì¢…ë£Œ
2026-02-02 18:42:34.596 INFO  k.co.seoulit.common.aop.LoggerAspect - Controller  : kr.co.seoulit.reception.controller.ReservationController.getReservations()ì‹œìž‘
2026-02-02 18:42:34.597 INFO  k.c.s.r.c.ReservationController - Reservation list request: searchType=status, searchValue=CANCELED
2026-02-02 18:42:34.599 INFO  k.co.seoulit.common.aop.LoggerAspect - ServiceImpl  : kr.co.seoulit.reception.service.ReservationServiceImpl.getReservationList()ì‹œìž‘
2026-02-02 18:42:34.614 INFO  k.co.seoulit.common.aop.LoggerAspect - ServiceImpl  : kr.co.seoulit.reception.service.ReservationServiceImpl.getReservationList()ì¢…ë£Œ
2026-02-02 18:42:34.615 INFO  k.co.seoulit.common.aop.LoggerAspect - Controller  : kr.co.seoulit.reception.controller.ReservationController.getReservations()ì¢…ë£Œ
2026-02-02 18:42:34.627 INFO  k.co.seoulit.common.aop.LoggerAspect - Controller  : kr.co.seoulit.reception.controller.ReservationController.getReservations()ì‹œìž‘
2026-02-02 18:42:34.627 INFO  k.c.s.r.c.ReservationController - Reservation list request: searchType=status, searchValue=CANCELED
2026-02-02 18:42:34.627 INFO  k.co.seoulit.common.aop.LoggerAspect - ServiceImpl  : kr.co.seoulit.reception.service.ReservationServiceImpl.getReservationList()ì‹œìž‘
2026-02-02 18:42:34.631 INFO  k.co.seoulit.common.aop.LoggerAspect - ServiceImpl  : kr.co.seoulit.reception.service.ReservationServiceImpl.getReservationList()ì¢…ë£Œ
2026-02-02 18:42:34.632 INFO  k.co.seoulit.common.aop.LoggerAspect - Controller  : kr.co.seoulit.reception.controller.ReservationController.getReservations()ì¢…ë£Œ
2026-02-02 18:42:37.488 INFO  k.co.seoulit.common.aop.LoggerAspect - Controller  : kr.co.seoulit.reception.controller.MenuController.getMenus()ì‹œìž‘
2026-02-02 18:42:37.488 INFO  k.co.seoulit.common.aop.LoggerAspect - Controller  : kr.co.seoulit.reception.controller.MenuController.getMenus()ì¢…ë£Œ
2026-02-02 18:42:37.492 INFO  k.co.seoulit.common.aop.LoggerAspect - Controller  : kr.co.seoulit.reception.controller.PatientController.getPatients()ì‹œìž‘
2026-02-02 18:42:37.492 INFO  k.co.seoulit.common.aop.LoggerAspect - Controller  : kr.co.seoulit.reception.controller.DoctorController.getDoctors()ì‹œìž‘
2026-02-02 18:42:37.492 INFO  k.co.seoulit.common.aop.LoggerAspect - Controller  : kr.co.seoulit.reception.controller.MenuController.getMenus()ì‹œìž‘
2026-02-02 18:42:37.493 INFO  k.co.seoulit.common.aop.LoggerAspect - Controller  : kr.co.seoulit.reception.controller.MenuController.getMenus()ì¢…ë£Œ
2026-02-02 18:42:37.493 INFO  k.co.seoulit.common.aop.LoggerAspect - Controller  : kr.co.seoulit.reception.controller.DepartmentController.getDepartments()ì‹œìž‘
2026-02-02 18:42:37.851 DEBUG org.hibernate.SQL - select pe1_0.patient_id,pe1_0.patient_name from patient pe1_0
2026-02-02 18:42:37.851 DEBUG org.hibernate.SQL - select de1_0.doctor_id,de1_0.department_id,de1_0.doctor_name from doctor de1_0
2026-02-02 18:42:37.851 DEBUG org.hibernate.SQL - select de1_0.department_id,de1_0.department_name from department de1_0
2026-02-02 18:42:37.901 INFO  k.co.seoulit.common.aop.LoggerAspect - Controller  : kr.co.seoulit.reception.controller.PatientController.getPatients()ì¢…ë£Œ
2026-02-02 18:42:37.902 INFO  k.co.seoulit.common.aop.LoggerAspect - Controller  : kr.co.seoulit.reception.controller.DoctorController.getDoctors()ì¢…ë£Œ
2026-02-02 18:42:37.902 INFO  k.co.seoulit.common.aop.LoggerAspect - Controller  : kr.co.seoulit.reception.controller.DepartmentController.getDepartments()ì¢…ë£Œ
2026-02-02 18:42:37.908 INFO  k.co.seoulit.common.aop.LoggerAspect - Controller  : kr.co.seoulit.reception.controller.DepartmentController.getDepartments()ì‹œìž‘
2026-02-02 18:42:37.909 INFO  k.co.seoulit.common.aop.LoggerAspect - Controller  : kr.co.seoulit.reception.controller.PatientController.getPatients()ì‹œìž‘
2026-02-02 18:42:37.909 INFO  k.co.seoulit.common.aop.LoggerAspect - Controller  : kr.co.seoulit.reception.controller.DoctorController.getDoctors()ì‹œìž‘
2026-02-02 18:42:37.910 DEBUG org.hibernate.SQL - select pe1_0.patient_id,pe1_0.patient_name from patient pe1_0
2026-02-02 18:42:37.910 DEBUG org.hibernate.SQL - select de1_0.doctor_id,de1_0.department_id,de1_0.doctor_name from doctor de1_0
2026-02-02 18:42:37.911 DEBUG org.hibernate.SQL - select de1_0.department_id,de1_0.department_name from department de1_0
2026-02-02 18:42:37.915 INFO  k.co.seoulit.common.aop.LoggerAspect - Controller  : kr.co.seoulit.reception.controller.DoctorController.getDoctors()ì¢…ë£Œ
2026-02-02 18:42:37.915 INFO  k.co.seoulit.common.aop.LoggerAspect - Controller  : kr.co.seoulit.reception.controller.PatientController.getPatients()ì¢…ë£Œ
2026-02-02 18:42:37.915 INFO  k.co.seoulit.common.aop.LoggerAspect - Controller  : kr.co.seoulit.reception.controller.DepartmentController.getDepartments()ì¢…ë£Œ
2026-02-02 18:42:43.147 INFO  k.co.seoulit.common.aop.LoggerAspect - Controller  : kr.co.seoulit.reception.controller.MenuController.getMenus()ì‹œìž‘
2026-02-02 18:42:43.147 INFO  k.co.seoulit.common.aop.LoggerAspect - Controller  : kr.co.seoulit.reception.controller.ReservationController.getReservations()ì‹œìž‘
2026-02-02 18:42:43.147 INFO  k.co.seoulit.common.aop.LoggerAspect - Controller  : kr.co.seoulit.reception.controller.MenuController.getMenus()ì¢…ë£Œ
2026-02-02 18:42:43.147 INFO  k.c.s.r.c.ReservationController - Reservation list request: searchType=null, searchValue=null
2026-02-02 18:42:43.148 INFO  k.co.seoulit.common.aop.LoggerAspect - ServiceImpl  : kr.co.seoulit.reception.service.ReservationServiceImpl.getReservationList()ì‹œìž‘
2026-02-02 18:42:43.151 INFO  k.co.seoulit.common.aop.LoggerAspect - Controller  : kr.co.seoulit.reception.controller.MenuController.getMenus()ì‹œìž‘
2026-02-02 18:42:43.151 INFO  k.co.seoulit.common.aop.LoggerAspect - ServiceImpl  : kr.co.seoulit.reception.service.ReservationServiceImpl.getReservationList()ì¢…ë£Œ
2026-02-02 18:42:43.151 INFO  k.co.seoulit.common.aop.LoggerAspect - Controller  : kr.co.seoulit.reception.controller.MenuController.getMenus()ì¢…ë£Œ
2026-02-02 18:42:43.152 INFO  k.co.seoulit.common.aop.LoggerAspect - Controller  : kr.co.seoulit.reception.controller.ReservationController.getReservations()ì¢…ë£Œ
2026-02-02 18:42:43.157 INFO  k.co.seoulit.common.aop.LoggerAspect - Controller  : kr.co.seoulit.reception.controller.ReservationController.getReservations()ì‹œìž‘
2026-02-02 18:42:43.157 INFO  k.c.s.r.c.ReservationController - Reservation list request: searchType=null, searchValue=null
2026-02-02 18:42:43.158 INFO  k.co.seoulit.common.aop.LoggerAspect - ServiceImpl  : kr.co.seoulit.reception.service.ReservationServiceImpl.getReservationList()ì‹œìž‘
2026-02-02 18:42:43.162 INFO  k.co.seoulit.common.aop.LoggerAspect - ServiceImpl  : kr.co.seoulit.reception.service.ReservationServiceImpl.getReservationList()ì¢…ë£Œ
2026-02-02 18:42:43.163 INFO  k.co.seoulit.common.aop.LoggerAspect - Controller  : kr.co.seoulit.reception.controller.ReservationController.getReservations()ì¢…ë£Œ
2026-02-02 19:13:02.504 INFO  k.co.seoulit.common.aop.LoggerAspect - Controller  : kr.co.seoulit.reception.controller.MenuController.getMenus()ì‹œìž‘
2026-02-02 19:13:02.505 INFO  k.co.seoulit.common.aop.LoggerAspect - Controller  : kr.co.seoulit.reception.controller.MenuController.getMenus()ì¢…ë£Œ
2026-02-02 19:13:02.513 INFO  k.co.seoulit.common.aop.LoggerAspect - Controller  : kr.co.seoulit.reception.controller.ReceptionController.getReceptions()ì‹œìž‘
2026-02-02 19:13:02.513 INFO  k.c.s.r.c.ReceptionController - Reception list request: searchType=null, searchValue=null
2026-02-02 19:13:02.514 INFO  k.co.seoulit.common.aop.LoggerAspect - Controller  : kr.co.seoulit.reception.controller.MenuController.getMenus()ì‹œìž‘
2026-02-02 19:13:02.514 INFO  k.co.seoulit.common.aop.LoggerAspect - ServiceImpl  : kr.co.seoulit.reception.service.ReceptionServiceImpl.getReceptionList()ì‹œìž‘
2026-02-02 19:13:02.515 INFO  k.co.seoulit.common.aop.LoggerAspect - Controller  : kr.co.seoulit.reception.controller.MenuController.getMenus()ì¢…ë£Œ
2026-02-02 19:13:02.521 INFO  k.co.seoulit.common.aop.LoggerAspect - ServiceImpl  : kr.co.seoulit.reception.service.ReceptionServiceImpl.getReceptionList()ì¢…ë£Œ
2026-02-02 19:13:02.522 INFO  k.co.seoulit.common.aop.LoggerAspect - Controller  : kr.co.seoulit.reception.controller.ReceptionController.getReceptions()ì¢…ë£Œ
2026-02-02 19:13:02.526 INFO  k.co.seoulit.common.aop.LoggerAspect - Controller  : kr.co.seoulit.reception.controller.ReceptionController.getReceptions()ì‹œìž‘
2026-02-02 19:13:02.527 INFO  k.c.s.r.c.ReceptionController - Reception list request: searchType=null, searchValue=null
2026-02-02 19:13:02.527 INFO  k.co.seoulit.common.aop.LoggerAspect - ServiceImpl  : kr.co.seoulit.reception.service.ReceptionServiceImpl.getReceptionList()ì‹œìž‘
2026-02-02 19:13:02.532 INFO  k.co.seoulit.common.aop.LoggerAspect - ServiceImpl  : kr.co.seoulit.reception.service.ReceptionServiceImpl.getReceptionList()ì¢…ë£Œ
2026-02-02 19:13:02.534 INFO  k.co.seoulit.common.aop.LoggerAspect - Controller  : kr.co.seoulit.reception.controller.ReceptionController.getReceptions()ì¢…ë£Œ
2026-02-02 19:13:04.313 INFO  k.co.seoulit.common.aop.LoggerAspect - Controller  : kr.co.seoulit.reception.controller.MenuController.getMenus()ì‹œìž‘
2026-02-02 19:13:04.313 INFO  k.co.seoulit.common.aop.LoggerAspect - Controller  : kr.co.seoulit.reception.controller.MenuController.getMenus()ì¢…ë£Œ
2026-02-02 19:13:04.316 INFO  k.co.seoulit.common.aop.LoggerAspect - Controller  : kr.co.seoulit.reception.controller.MenuController.getMenus()ì‹œìž‘
2026-02-02 19:13:04.316 INFO  k.co.seoulit.common.aop.LoggerAspect - Controller  : kr.co.seoulit.reception.controller.MenuController.getMenus()ì¢…ë£Œ
2026-02-02 19:13:14.583 INFO  k.co.seoulit.common.aop.LoggerAspect - Controller  : kr.co.seoulit.reception.controller.MenuController.getMenus()ì‹œìž‘
2026-02-02 19:13:14.583 INFO  k.co.seoulit.common.aop.LoggerAspect - Controller  : kr.co.seoulit.reception.controller.MenuController.getMenus()ì¢…ë£Œ
2026-02-02 19:13:14.584 INFO  k.co.seoulit.common.aop.LoggerAspect - Controller  : kr.co.seoulit.reception.controller.PatientController.getPatients()ì‹œìž‘
2026-02-02 19:13:14.587 INFO  k.co.seoulit.common.aop.LoggerAspect - Controller  : kr.co.seoulit.reception.controller.DepartmentController.getDepartments()ì‹œìž‘
2026-02-02 19:13:14.589 INFO  k.co.seoulit.common.aop.LoggerAspect - Controller  : kr.co.seoulit.reception.controller.DoctorController.getDoctors()ì‹œìž‘
2026-02-02 19:13:14.591 DEBUG org.hibernate.SQL - select pe1_0.patient_id,pe1_0.patient_name from patient pe1_0
2026-02-02 19:13:14.591 DEBUG org.hibernate.SQL - select de1_0.department_id,de1_0.department_name from department de1_0
2026-02-02 19:13:14.592 DEBUG org.hibernate.SQL - select de1_0.doctor_id,de1_0.department_id,de1_0.doctor_name from doctor de1_0
2026-02-02 19:13:14.592 INFO  k.co.seoulit.common.aop.LoggerAspect - Controller  : kr.co.seoulit.reception.controller.MenuController.getMenus()ì‹œìž‘
2026-02-02 19:13:14.592 INFO  k.co.seoulit.common.aop.LoggerAspect - Controller  : kr.co.seoulit.reception.controller.MenuController.getMenus()ì¢…ë£Œ
2026-02-02 19:13:14.594 INFO  k.co.seoulit.common.aop.LoggerAspect - Controller  : kr.co.seoulit.reception.controller.PatientController.getPatients()ì¢…ë£Œ
2026-02-02 19:13:14.595 INFO  k.co.seoulit.common.aop.LoggerAspect - Controller  : kr.co.seoulit.reception.controller.DepartmentController.getDepartments()ì¢…ë£Œ
2026-02-02 19:13:14.595 INFO  k.co.seoulit.common.aop.LoggerAspect - Controller  : kr.co.seoulit.reception.controller.DoctorController.getDoctors()ì¢…ë£Œ
2026-02-02 19:13:14.597 INFO  k.co.seoulit.common.aop.LoggerAspect - Controller  : kr.co.seoulit.reception.controller.PatientController.getPatients()ì‹œìž‘
2026-02-02 19:13:14.599 INFO  k.co.seoulit.common.aop.LoggerAspect - Controller  : kr.co.seoulit.reception.controller.DepartmentController.getDepartments()ì‹œìž‘
2026-02-02 19:13:14.599 INFO  k.co.seoulit.common.aop.LoggerAspect - Controller  : kr.co.seoulit.reception.controller.DoctorController.getDoctors()ì‹œìž‘
2026-02-02 19:13:14.599 DEBUG org.hibernate.SQL - select pe1_0.patient_id,pe1_0.patient_name from patient pe1_0
2026-02-02 19:13:14.601 DEBUG org.hibernate.SQL - select de1_0.doctor_id,de1_0.department_id,de1_0.doctor_name from doctor de1_0
2026-02-02 19:13:14.601 DEBUG org.hibernate.SQL - select de1_0.department_id,de1_0.department_name from department de1_0
2026-02-02 19:13:14.602 INFO  k.co.seoulit.common.aop.LoggerAspect - Controller  : kr.co.seoulit.reception.controller.PatientController.getPatients()ì¢…ë£Œ
2026-02-02 19:13:14.605 INFO  k.co.seoulit.common.aop.LoggerAspect - Controller  : kr.co.seoulit.reception.controller.DoctorController.getDoctors()ì¢…ë£Œ
2026-02-02 19:13:14.605 INFO  k.co.seoulit.common.aop.LoggerAspect - Controller  : kr.co.seoulit.reception.controller.DepartmentController.getDepartments()ì¢…ë£Œ
2026-02-02 19:15:19.758 INFO  k.co.seoulit.common.aop.LoggerAspect - Controller  : kr.co.seoulit.reception.controller.MenuController.getMenus()ì‹œìž‘
2026-02-02 19:15:19.758 INFO  k.co.seoulit.common.aop.LoggerAspect - Controller  : kr.co.seoulit.reception.controller.MenuController.getMenus()ì¢…ë£Œ
2026-02-02 19:15:19.761 INFO  k.co.seoulit.common.aop.LoggerAspect - Controller  : kr.co.seoulit.reception.controller.MenuController.getMenus()ì‹œìž‘
2026-02-02 19:15:19.761 INFO  k.co.seoulit.common.aop.LoggerAspect - Controller  : kr.co.seoulit.reception.controller.MenuController.getMenus()ì¢…ë£Œ
2026-02-02 19:15:28.428 INFO  k.co.seoulit.common.aop.LoggerAspect - Controller  : kr.co.seoulit.reception.controller.MenuController.getMenus()ì‹œìž‘
2026-02-02 19:15:28.429 INFO  k.co.seoulit.common.aop.LoggerAspect - Controller  : kr.co.seoulit.reception.controller.MenuController.getMenus()ì¢…ë£Œ
2026-02-02 19:15:28.431 INFO  k.co.seoulit.common.aop.LoggerAspect - Controller  : kr.co.seoulit.reception.controller.ReceptionController.getReceptions()ì‹œìž‘
2026-02-02 19:15:28.431 INFO  k.c.s.r.c.ReceptionController - Reception list request: searchType=null, searchValue=null
2026-02-02 19:15:28.433 INFO  k.co.seoulit.common.aop.LoggerAspect - ServiceImpl  : kr.co.seoulit.reception.service.ReceptionServiceImpl.getReceptionList()ì‹œìž‘
2026-02-02 19:15:28.433 INFO  k.co.seoulit.common.aop.LoggerAspect - Controller  : kr.co.seoulit.reception.controller.MenuController.getMenus()ì‹œìž‘
2026-02-02 19:15:28.433 INFO  k.co.seoulit.common.aop.LoggerAspect - Controller  : kr.co.seoulit.reception.controller.MenuController.getMenus()ì¢…ë£Œ
2026-02-02 19:15:28.435 INFO  k.co.seoulit.common.aop.LoggerAspect - ServiceImpl  : kr.co.seoulit.reception.service.ReceptionServiceImpl.getReceptionList()ì¢…ë£Œ
2026-02-02 19:15:28.437 INFO  k.co.seoulit.common.aop.LoggerAspect - Controller  : kr.co.seoulit.reception.controller.ReceptionController.getReceptions()ì¢…ë£Œ
2026-02-02 19:15:28.440 INFO  k.co.seoulit.common.aop.LoggerAspect - Controller  : kr.co.seoulit.reception.controller.ReceptionController.getReceptions()ì‹œìž‘
2026-02-02 19:15:28.440 INFO  k.c.s.r.c.ReceptionController - Reception list request: searchType=null, searchValue=null
2026-02-02 19:15:28.440 INFO  k.co.seoulit.common.aop.LoggerAspect - ServiceImpl  : kr.co.seoulit.reception.service.ReceptionServiceImpl.getReceptionList()ì‹œìž‘
2026-02-02 19:15:28.442 INFO  k.co.seoulit.common.aop.LoggerAspect - ServiceImpl  : kr.co.seoulit.reception.service.ReceptionServiceImpl.getReceptionList()ì¢…ë£Œ
2026-02-02 19:15:28.443 INFO  k.co.seoulit.common.aop.LoggerAspect - Controller  : kr.co.seoulit.reception.controller.ReceptionController.getReceptions()ì¢…ë£Œ
2026-02-02 19:15:39.990 INFO  k.co.seoulit.common.aop.LoggerAspect - Controller  : kr.co.seoulit.reception.controller.MenuController.getMenus()ì‹œìž‘
2026-02-02 19:15:39.990 INFO  k.co.seoulit.common.aop.LoggerAspect - Controller  : kr.co.seoulit.reception.controller.MenuController.getMenus()ì¢…ë£Œ
2026-02-02 19:15:39.992 INFO  k.co.seoulit.common.aop.LoggerAspect - Controller  : kr.co.seoulit.reception.controller.MenuController.getMenus()ì‹œìž‘
2026-02-02 19:15:39.992 INFO  k.co.seoulit.common.aop.LoggerAspect - Controller  : kr.co.seoulit.reception.controller.MenuController.getMenus()ì¢…ë£Œ
2026-02-02 19:15:40.002 INFO  k.co.seoulit.common.aop.LoggerAspect - Controller  : kr.co.seoulit.reception.controller.ReceptionController.getReception()ì‹œìž‘
2026-02-02 19:15:40.002 INFO  k.co.seoulit.common.aop.LoggerAspect - Controller  : kr.co.seoulit.reception.controller.ReceptionController.getStatusHistory()ì‹œìž‘
2026-02-02 19:15:40.002 INFO  k.c.s.r.c.ReceptionController - Reception get request: id=1
2026-02-02 19:15:40.004 INFO  k.co.seoulit.common.aop.LoggerAspect - ServiceImpl  : kr.co.seoulit.reception.service.ReceptionServiceImpl.getReceptionStatusHistory()ì‹œìž‘
2026-02-02 19:15:40.035 INFO  k.co.seoulit.common.aop.LoggerAspect - ServiceImpl  : kr.co.seoulit.reception.service.ReceptionServiceImpl.getReception()ì‹œìž‘
2026-02-02 19:15:40.053 DEBUG org.hibernate.SQL - select re1_0.reception_id,re1_0.arrived_at,re1_0.cancel_reason_code,re1_0.cancel_reason_text,re1_0.created_at,re1_0.created_by,re1_0.department_id,re1_0.department_name,re1_0.doctor_id,re1_0.doctor_name,re1_0.hold_reason_code,re1_0.hold_reason_text,re1_0.inactive_at,re1_0.inactive_reason_code,re1_0.inactive_reason_text,re1_0.is_active,re1_0.note,re1_0.patient_id,re1_0.patient_name,re1_0.reception_no,re1_0.reservation_id,re1_0.scheduled_at,re1_0.status,re1_0.updated_at,re1_0.updated_by,re1_0.visit_type from reception re1_0 where re1_0.reception_id=?
2026-02-02 19:15:40.053 TRACE org.hibernate.orm.jdbc.bind - binding parameter (1:BIGINT) <- [1]
2026-02-02 19:15:40.053 DEBUG org.hibernate.SQL - select rshe1_0.status_history_id,rshe1_0.changed_at,rshe1_0.changed_by,rshe1_0.from_status,rshe1_0.reason_code,rshe1_0.reason_text,rshe1_0.reception_id,rshe1_0.to_status from reception_status_history rshe1_0 where rshe1_0.reception_id=? order by rshe1_0.changed_at
2026-02-02 19:15:40.053 DEBUG org.hibernate.SQL - select ale1_0.audit_log_id,ale1_0.action,ale1_0.actor_id,ale1_0.after_json,ale1_0.before_json,ale1_0.diff_json,ale1_0.entity_id,ale1_0.entity_type,ale1_0.occurred_at,ale1_0.reason_code,ale1_0.reason_text from audit_log ale1_0 where ale1_0.entity_type=? and ale1_0.entity_id=? order by ale1_0.occurred_at desc
2026-02-02 19:15:40.053 TRACE org.hibernate.orm.jdbc.bind - binding parameter (1:VARCHAR) <- [RECEPTION]
2026-02-02 19:15:40.053 TRACE org.hibernate.orm.jdbc.bind - binding parameter (1:BIGINT) <- [1]
2026-02-02 19:15:40.053 TRACE org.hibernate.orm.jdbc.bind - binding parameter (2:BIGINT) <- [1]
2026-02-02 19:15:40.069 INFO  k.co.seoulit.common.aop.LoggerAspect - ServiceImpl  : kr.co.seoulit.reception.service.ReceptionServiceImpl.getReceptionStatusHistory()ì¢…ë£Œ
2026-02-02 19:15:40.070 INFO  k.co.seoulit.common.aop.LoggerAspect - Controller  : kr.co.seoulit.reception.controller.ReceptionController.getStatusHistory()ì¢…ë£Œ
2026-02-02 19:15:40.073 INFO  k.co.seoulit.common.aop.LoggerAspect - kr.co.seoulit.reception.mapstruct.ReceptionResMapStructImpl.toDto()ì‹œìž‘
2026-02-02 19:15:40.073 INFO  k.co.seoulit.common.aop.LoggerAspect - Controller  : kr.co.seoulit.reception.controller.ReceptionController.getStatusHistory()ì‹œìž‘
2026-02-02 19:15:40.073 INFO  k.co.seoulit.common.aop.LoggerAspect - kr.co.seoulit.reception.mapstruct.ReceptionResMapStructImpl.toDto()ì¢…ë£Œ
2026-02-02 19:15:40.073 INFO  k.co.seoulit.common.aop.LoggerAspect - ServiceImpl  : kr.co.seoulit.reception.service.ReceptionServiceImpl.getReception()ì¢…ë£Œ
2026-02-02 19:15:40.073 INFO  k.co.seoulit.common.aop.LoggerAspect - ServiceImpl  : kr.co.seoulit.reception.service.ReceptionServiceImpl.getReceptionStatusHistory()ì‹œìž‘
2026-02-02 19:15:40.074 INFO  k.co.seoulit.common.aop.LoggerAspect - Controller  : kr.co.seoulit.reception.controller.ReceptionController.getReception()ì¢…ë£Œ
2026-02-02 19:15:40.074 DEBUG org.hibernate.SQL - select rshe1_0.status_history_id,rshe1_0.changed_at,rshe1_0.changed_by,rshe1_0.from_status,rshe1_0.reason_code,rshe1_0.reason_text,rshe1_0.reception_id,rshe1_0.to_status from reception_status_history rshe1_0 where rshe1_0.reception_id=? order by rshe1_0.changed_at
2026-02-02 19:15:40.074 DEBUG org.hibernate.SQL - select ale1_0.audit_log_id,ale1_0.action,ale1_0.actor_id,ale1_0.after_json,ale1_0.before_json,ale1_0.diff_json,ale1_0.entity_id,ale1_0.entity_type,ale1_0.occurred_at,ale1_0.reason_code,ale1_0.reason_text from audit_log ale1_0 where ale1_0.entity_type=? and ale1_0.entity_id=? order by ale1_0.occurred_at desc
2026-02-02 19:15:40.075 TRACE org.hibernate.orm.jdbc.bind - binding parameter (1:BIGINT) <- [1]
2026-02-02 19:15:40.075 TRACE org.hibernate.orm.jdbc.bind - binding parameter (1:VARCHAR) <- [RECEPTION]
2026-02-02 19:15:40.075 TRACE org.hibernate.orm.jdbc.bind - binding parameter (2:BIGINT) <- [1]
2026-02-02 19:15:40.076 INFO  k.co.seoulit.common.aop.LoggerAspect - ServiceImpl  : kr.co.seoulit.reception.service.ReceptionServiceImpl.getReceptionStatusHistory()ì¢…ë£Œ
2026-02-02 19:15:40.077 INFO  k.co.seoulit.common.aop.LoggerAspect - Controller  : kr.co.seoulit.reception.controller.ReceptionController.getStatusHistory()ì¢…ë£Œ
2026-02-02 19:15:40.079 INFO  k.co.seoulit.common.aop.LoggerAspect - Controller  : kr.co.seoulit.reception.controller.ReceptionController.getReception()ì‹œìž‘
2026-02-02 19:15:40.079 INFO  k.c.s.r.c.ReceptionController - Reception get request: id=1
2026-02-02 19:15:40.080 INFO  k.co.seoulit.common.aop.LoggerAspect - ServiceImpl  : kr.co.seoulit.reception.service.ReceptionServiceImpl.getReception()ì‹œìž‘
2026-02-02 19:15:40.080 DEBUG org.hibernate.SQL - select re1_0.reception_id,re1_0.arrived_at,re1_0.cancel_reason_code,re1_0.cancel_reason_text,re1_0.created_at,re1_0.created_by,re1_0.department_id,re1_0.department_name,re1_0.doctor_id,re1_0.doctor_name,re1_0.hold_reason_code,re1_0.hold_reason_text,re1_0.inactive_at,re1_0.inactive_reason_code,re1_0.inactive_reason_text,re1_0.is_active,re1_0.note,re1_0.patient_id,re1_0.patient_name,re1_0.reception_no,re1_0.reservation_id,re1_0.scheduled_at,re1_0.status,re1_0.updated_at,re1_0.updated_by,re1_0.visit_type from reception re1_0 where re1_0.reception_id=?
2026-02-02 19:15:40.081 TRACE org.hibernate.orm.jdbc.bind - binding parameter (1:BIGINT) <- [1]
2026-02-02 19:15:40.083 INFO  k.co.seoulit.common.aop.LoggerAspect - kr.co.seoulit.reception.mapstruct.ReceptionResMapStructImpl.toDto()ì‹œìž‘
2026-02-02 19:15:40.083 INFO  k.co.seoulit.common.aop.LoggerAspect - kr.co.seoulit.reception.mapstruct.ReceptionResMapStructImpl.toDto()ì¢…ë£Œ
2026-02-02 19:15:40.083 INFO  k.co.seoulit.common.aop.LoggerAspect - ServiceImpl  : kr.co.seoulit.reception.service.ReceptionServiceImpl.getReception()ì¢…ë£Œ
2026-02-02 19:15:40.084 INFO  k.co.seoulit.common.aop.LoggerAspect - Controller  : kr.co.seoulit.reception.controller.ReceptionController.getReception()ì¢…ë£Œ
2026-02-02 19:15:42.851 INFO  k.co.seoulit.common.aop.LoggerAspect - Controller  : kr.co.seoulit.reception.controller.MenuController.getMenus()ì‹œìž‘
2026-02-02 19:15:42.851 INFO  k.co.seoulit.common.aop.LoggerAspect - Controller  : kr.co.seoulit.reception.controller.MenuController.getMenus()ì¢…ë£Œ
2026-02-02 19:15:42.853 INFO  k.co.seoulit.common.aop.LoggerAspect - Controller  : kr.co.seoulit.reception.controller.ReceptionController.getReception()ì‹œìž‘
2026-02-02 19:15:42.853 INFO  k.c.s.r.c.ReceptionController - Reception get request: id=1
2026-02-02 19:15:42.855 INFO  k.co.seoulit.common.aop.LoggerAspect - ServiceImpl  : kr.co.seoulit.reception.service.ReceptionServiceImpl.getReception()ì‹œìž‘
2026-02-02 19:15:42.855 INFO  k.co.seoulit.common.aop.LoggerAspect - Controller  : kr.co.seoulit.reception.controller.MenuController.getMenus()ì‹œìž‘
2026-02-02 19:15:42.855 DEBUG org.hibernate.SQL - select re1_0.reception_id,re1_0.arrived_at,re1_0.cancel_reason_code,re1_0.cancel_reason_text,re1_0.created_at,re1_0.created_by,re1_0.department_id,re1_0.department_name,re1_0.doctor_id,re1_0.doctor_name,re1_0.hold_reason_code,re1_0.hold_reason_text,re1_0.inactive_at,re1_0.inactive_reason_code,re1_0.inactive_reason_text,re1_0.is_active,re1_0.note,re1_0.patient_id,re1_0.patient_name,re1_0.reception_no,re1_0.reservation_id,re1_0.scheduled_at,re1_0.status,re1_0.updated_at,re1_0.updated_by,re1_0.visit_type from reception re1_0 where re1_0.reception_id=?
2026-02-02 19:15:42.855 INFO  k.co.seoulit.common.aop.LoggerAspect - Controller  : kr.co.seoulit.reception.controller.MenuController.getMenus()ì¢…ë£Œ
2026-02-02 19:15:42.856 TRACE org.hibernate.orm.jdbc.bind - binding parameter (1:BIGINT) <- [1]
2026-02-02 19:15:42.858 INFO  k.co.seoulit.common.aop.LoggerAspect - kr.co.seoulit.reception.mapstruct.ReceptionResMapStructImpl.toDto()ì‹œìž‘
2026-02-02 19:15:42.858 INFO  k.co.seoulit.common.aop.LoggerAspect - kr.co.seoulit.reception.mapstruct.ReceptionResMapStructImpl.toDto()ì¢…ë£Œ
2026-02-02 19:15:42.858 INFO  k.co.seoulit.common.aop.LoggerAspect - ServiceImpl  : kr.co.seoulit.reception.service.ReceptionServiceImpl.getReception()ì¢…ë£Œ
2026-02-02 19:15:42.859 INFO  k.co.seoulit.common.aop.LoggerAspect - Controller  : kr.co.seoulit.reception.controller.ReceptionController.getReception()ì¢…ë£Œ
2026-02-02 19:15:42.861 INFO  k.co.seoulit.common.aop.LoggerAspect - Controller  : kr.co.seoulit.reception.controller.ReceptionController.getReception()ì‹œìž‘
2026-02-02 19:15:42.862 INFO  k.c.s.r.c.ReceptionController - Reception get request: id=1
2026-02-02 19:15:42.863 INFO  k.co.seoulit.common.aop.LoggerAspect - ServiceImpl  : kr.co.seoulit.reception.service.ReceptionServiceImpl.getReception()ì‹œìž‘
2026-02-02 19:15:42.863 DEBUG org.hibernate.SQL - select re1_0.reception_id,re1_0.arrived_at,re1_0.cancel_reason_code,re1_0.cancel_reason_text,re1_0.created_at,re1_0.created_by,re1_0.department_id,re1_0.department_name,re1_0.doctor_id,re1_0.doctor_name,re1_0.hold_reason_code,re1_0.hold_reason_text,re1_0.inactive_at,re1_0.inactive_reason_code,re1_0.inactive_reason_text,re1_0.is_active,re1_0.note,re1_0.patient_id,re1_0.patient_name,re1_0.reception_no,re1_0.reservation_id,re1_0.scheduled_at,re1_0.status,re1_0.updated_at,re1_0.updated_by,re1_0.visit_type from reception re1_0 where re1_0.reception_id=?
2026-02-02 19:15:42.864 TRACE org.hibernate.orm.jdbc.bind - binding parameter (1:BIGINT) <- [1]
2026-02-02 19:15:42.865 INFO  k.co.seoulit.common.aop.LoggerAspect - kr.co.seoulit.reception.mapstruct.ReceptionResMapStructImpl.toDto()ì‹œìž‘
2026-02-02 19:15:42.865 INFO  k.co.seoulit.common.aop.LoggerAspect - kr.co.seoulit.reception.mapstruct.ReceptionResMapStructImpl.toDto()ì¢…ë£Œ
2026-02-02 19:15:42.865 INFO  k.co.seoulit.common.aop.LoggerAspect - ServiceImpl  : kr.co.seoulit.reception.service.ReceptionServiceImpl.getReception()ì¢…ë£Œ
2026-02-02 19:15:42.866 INFO  k.co.seoulit.common.aop.LoggerAspect - Controller  : kr.co.seoulit.reception.controller.ReceptionController.getReception()ì¢…ë£Œ
2026-02-02 19:20:01.271 INFO  k.co.seoulit.common.aop.LoggerAspect - Controller  : kr.co.seoulit.reception.controller.MenuController.getMenus()ì‹œìž‘
2026-02-02 19:20:01.271 INFO  k.co.seoulit.common.aop.LoggerAspect - Controller  : kr.co.seoulit.reception.controller.MenuController.getMenus()ì¢…ë£Œ
2026-02-02 19:20:01.271 INFO  k.co.seoulit.common.aop.LoggerAspect - Controller  : kr.co.seoulit.reception.controller.ReceptionController.getReceptions()ì‹œìž‘
2026-02-02 19:20:01.271 INFO  k.c.s.r.c.ReceptionController - Reception list request: searchType=null, searchValue=null
2026-02-02 19:20:01.273 INFO  k.co.seoulit.common.aop.LoggerAspect - ServiceImpl  : kr.co.seoulit.reception.service.ReceptionServiceImpl.getReceptionList()ì‹œìž‘
2026-02-02 19:20:01.275 INFO  k.co.seoulit.common.aop.LoggerAspect - Controller  : kr.co.seoulit.reception.controller.ReceptionController.getReceptions()ì‹œìž‘
2026-02-02 19:20:01.275 INFO  k.c.s.r.c.ReceptionController - Reception list request: searchType=null, searchValue=null
2026-02-02 19:20:01.276 INFO  k.co.seoulit.common.aop.LoggerAspect - ServiceImpl  : kr.co.seoulit.reception.service.ReceptionServiceImpl.getReceptionList()ì¢…ë£Œ
2026-02-02 19:20:01.276 INFO  k.co.seoulit.common.aop.LoggerAspect - ServiceImpl  : kr.co.seoulit.reception.service.ReceptionServiceImpl.getReceptionList()ì‹œìž‘
2026-02-02 19:20:01.276 INFO  k.co.seoulit.common.aop.LoggerAspect - Controller  : kr.co.seoulit.reception.controller.MenuController.getMenus()ì‹œìž‘
2026-02-02 19:20:01.276 INFO  k.co.seoulit.common.aop.LoggerAspect - Controller  : kr.co.seoulit.reception.controller.MenuController.getMenus()ì¢…ë£Œ
2026-02-02 19:20:01.276 INFO  k.co.seoulit.common.aop.LoggerAspect - Controller  : kr.co.seoulit.reception.controller.ReceptionController.getReceptions()ì¢…ë£Œ
2026-02-02 19:20:01.279 INFO  k.co.seoulit.common.aop.LoggerAspect - ServiceImpl  : kr.co.seoulit.reception.service.ReceptionServiceImpl.getReceptionList()ì¢…ë£Œ
2026-02-02 19:20:01.280 INFO  k.co.seoulit.common.aop.LoggerAspect - Controller  : kr.co.seoulit.reception.controller.ReceptionController.getReceptions()ì¢…ë£Œ
2026-02-02 19:20:08.585 INFO  k.co.seoulit.common.aop.LoggerAspect - Controller  : kr.co.seoulit.reception.controller.MenuController.getMenus()ì‹œìž‘
2026-02-02 19:20:08.585 INFO  k.co.seoulit.common.aop.LoggerAspect - Controller  : kr.co.seoulit.reception.controller.MenuController.getMenus()ì¢…ë£Œ
2026-02-02 19:20:08.590 INFO  k.co.seoulit.common.aop.LoggerAspect - Controller  : kr.co.seoulit.reception.controller.ReceptionController.getReceptions()ì‹œìž‘
2026-02-02 19:20:08.590 INFO  k.c.s.r.c.ReceptionController - Reception list request: searchType=null, searchValue=null
2026-02-02 19:20:08.591 INFO  k.co.seoulit.common.aop.LoggerAspect - ServiceImpl  : kr.co.seoulit.reception.service.ReceptionServiceImpl.getReceptionList()ì‹œìž‘
2026-02-02 19:20:08.591 INFO  k.co.seoulit.common.aop.LoggerAspect - Controller  : kr.co.seoulit.reception.controller.MenuController.getMenus()ì‹œìž‘
2026-02-02 19:20:08.593 INFO  k.co.seoulit.common.aop.LoggerAspect - Controller  : kr.co.seoulit.reception.controller.MenuController.getMenus()ì¢…ë£Œ
2026-02-02 19:20:08.594 INFO  k.co.seoulit.common.aop.LoggerAspect - ServiceImpl  : kr.co.seoulit.reception.service.ReceptionServiceImpl.getReceptionList()ì¢…ë£Œ
2026-02-02 19:20:08.595 INFO  k.co.seoulit.common.aop.LoggerAspect - Controller  : kr.co.seoulit.reception.controller.ReceptionController.getReceptions()ì¢…ë£Œ
2026-02-02 19:20:08.598 INFO  k.co.seoulit.common.aop.LoggerAspect - Controller  : kr.co.seoulit.reception.controller.ReceptionController.getReceptions()ì‹œìž‘
2026-02-02 19:20:08.598 INFO  k.c.s.r.c.ReceptionController - Reception list request: searchType=null, searchValue=null
2026-02-02 19:20:08.599 INFO  k.co.seoulit.common.aop.LoggerAspect - ServiceImpl  : kr.co.seoulit.reception.service.ReceptionServiceImpl.getReceptionList()ì‹œìž‘
2026-02-02 19:20:08.600 INFO  k.co.seoulit.common.aop.LoggerAspect - ServiceImpl  : kr.co.seoulit.reception.service.ReceptionServiceImpl.getReceptionList()ì¢…ë£Œ
2026-02-02 19:20:08.601 INFO  k.co.seoulit.common.aop.LoggerAspect - Controller  : kr.co.seoulit.reception.controller.ReceptionController.getReceptions()ì¢…ë£Œ
2026-02-02 19:20:09.777 INFO  k.co.seoulit.common.aop.LoggerAspect - Controller  : kr.co.seoulit.reception.controller.MenuController.getMenus()ì‹œìž‘
2026-02-02 19:20:09.778 INFO  k.co.seoulit.common.aop.LoggerAspect - Controller  : kr.co.seoulit.reception.controller.MenuController.getMenus()ì¢…ë£Œ
2026-02-02 19:20:09.779 INFO  k.co.seoulit.common.aop.LoggerAspect - Controller  : kr.co.seoulit.reception.controller.ReceptionController.getStatusHistory()ì‹œìž‘
2026-02-02 19:20:09.779 INFO  k.co.seoulit.common.aop.LoggerAspect - Controller  : kr.co.seoulit.reception.controller.ReceptionController.getReception()ì‹œìž‘
2026-02-02 19:20:09.779 INFO  k.c.s.r.c.ReceptionController - Reception get request: id=1
2026-02-02 19:20:09.780 INFO  k.co.seoulit.common.aop.LoggerAspect - ServiceImpl  : kr.co.seoulit.reception.service.ReceptionServiceImpl.getReceptionStatusHistory()ì‹œìž‘
2026-02-02 19:20:09.782 INFO  k.co.seoulit.common.aop.LoggerAspect - ServiceImpl  : kr.co.seoulit.reception.service.ReceptionServiceImpl.getReception()ì‹œìž‘
2026-02-02 19:20:09.783 INFO  k.co.seoulit.common.aop.LoggerAspect - Controller  : kr.co.seoulit.reception.controller.MenuController.getMenus()ì‹œìž‘
2026-02-02 19:20:09.783 INFO  k.co.seoulit.common.aop.LoggerAspect - Controller  : kr.co.seoulit.reception.controller.MenuController.getMenus()ì¢…ë£Œ
2026-02-02 19:20:09.784 DEBUG org.hibernate.SQL - select rshe1_0.status_history_id,rshe1_0.changed_at,rshe1_0.changed_by,rshe1_0.from_status,rshe1_0.reason_code,rshe1_0.reason_text,rshe1_0.reception_id,rshe1_0.to_status from reception_status_history rshe1_0 where rshe1_0.reception_id=? order by rshe1_0.changed_at
2026-02-02 19:20:09.784 DEBUG org.hibernate.SQL - select ale1_0.audit_log_id,ale1_0.action,ale1_0.actor_id,ale1_0.after_json,ale1_0.before_json,ale1_0.diff_json,ale1_0.entity_id,ale1_0.entity_type,ale1_0.occurred_at,ale1_0.reason_code,ale1_0.reason_text from audit_log ale1_0 where ale1_0.entity_type=? and ale1_0.entity_id=? order by ale1_0.occurred_at desc
2026-02-02 19:20:09.784 TRACE org.hibernate.orm.jdbc.bind - binding parameter (1:VARCHAR) <- [RECEPTION]
2026-02-02 19:20:09.784 TRACE org.hibernate.orm.jdbc.bind - binding parameter (2:BIGINT) <- [1]
2026-02-02 19:20:09.785 TRACE org.hibernate.orm.jdbc.bind - binding parameter (1:BIGINT) <- [1]
2026-02-02 19:20:09.785 DEBUG org.hibernate.SQL - select re1_0.reception_id,re1_0.arrived_at,re1_0.cancel_reason_code,re1_0.cancel_reason_text,re1_0.created_at,re1_0.created_by,re1_0.department_id,re1_0.department_name,re1_0.doctor_id,re1_0.doctor_name,re1_0.hold_reason_code,re1_0.hold_reason_text,re1_0.inactive_at,re1_0.inactive_reason_code,re1_0.inactive_reason_text,re1_0.is_active,re1_0.note,re1_0.patient_id,re1_0.patient_name,re1_0.reception_no,re1_0.reservation_id,re1_0.scheduled_at,re1_0.status,re1_0.updated_at,re1_0.updated_by,re1_0.visit_type from reception re1_0 where re1_0.reception_id=?
2026-02-02 19:20:09.785 TRACE org.hibernate.orm.jdbc.bind - binding parameter (1:BIGINT) <- [1]
2026-02-02 19:20:09.786 INFO  k.co.seoulit.common.aop.LoggerAspect - ServiceImpl  : kr.co.seoulit.reception.service.ReceptionServiceImpl.getReceptionStatusHistory()ì¢…ë£Œ
2026-02-02 19:20:09.786 INFO  k.co.seoulit.common.aop.LoggerAspect - Controller  : kr.co.seoulit.reception.controller.ReceptionController.getStatusHistory()ì¢…ë£Œ
2026-02-02 19:20:09.787 INFO  k.co.seoulit.common.aop.LoggerAspect - kr.co.seoulit.reception.mapstruct.ReceptionResMapStructImpl.toDto()ì‹œìž‘
2026-02-02 19:20:09.787 INFO  k.co.seoulit.common.aop.LoggerAspect - kr.co.seoulit.reception.mapstruct.ReceptionResMapStructImpl.toDto()ì¢…ë£Œ
2026-02-02 19:20:09.787 INFO  k.co.seoulit.common.aop.LoggerAspect - ServiceImpl  : kr.co.seoulit.reception.service.ReceptionServiceImpl.getReception()ì¢…ë£Œ
2026-02-02 19:20:09.788 INFO  k.co.seoulit.common.aop.LoggerAspect - Controller  : kr.co.seoulit.reception.controller.ReceptionController.getReception()ì¢…ë£Œ
2026-02-02 19:20:09.790 INFO  k.co.seoulit.common.aop.LoggerAspect - Controller  : kr.co.seoulit.reception.controller.ReceptionController.getStatusHistory()ì‹œìž‘
2026-02-02 19:20:09.791 INFO  k.co.seoulit.common.aop.LoggerAspect - ServiceImpl  : kr.co.seoulit.reception.service.ReceptionServiceImpl.getReceptionStatusHistory()ì‹œìž‘
2026-02-02 19:20:09.792 INFO  k.co.seoulit.common.aop.LoggerAspect - Controller  : kr.co.seoulit.reception.controller.ReceptionController.getReception()ì‹œìž‘
2026-02-02 19:20:09.792 INFO  k.c.s.r.c.ReceptionController - Reception get request: id=1
2026-02-02 19:20:09.792 DEBUG org.hibernate.SQL - select ale1_0.audit_log_id,ale1_0.action,ale1_0.actor_id,ale1_0.after_json,ale1_0.before_json,ale1_0.diff_json,ale1_0.entity_id,ale1_0.entity_type,ale1_0.occurred_at,ale1_0.reason_code,ale1_0.reason_text from audit_log ale1_0 where ale1_0.entity_type=? and ale1_0.entity_id=? order by ale1_0.occurred_at desc
2026-02-02 19:20:09.792 DEBUG org.hibernate.SQL - select rshe1_0.status_history_id,rshe1_0.changed_at,rshe1_0.changed_by,rshe1_0.from_status,rshe1_0.reason_code,rshe1_0.reason_text,rshe1_0.reception_id,rshe1_0.to_status from reception_status_history rshe1_0 where rshe1_0.reception_id=? order by rshe1_0.changed_at
2026-02-02 19:20:09.793 TRACE org.hibernate.orm.jdbc.bind - binding parameter (1:VARCHAR) <- [RECEPTION]
2026-02-02 19:20:09.793 TRACE org.hibernate.orm.jdbc.bind - binding parameter (1:BIGINT) <- [1]
2026-02-02 19:20:09.793 INFO  k.co.seoulit.common.aop.LoggerAspect - ServiceImpl  : kr.co.seoulit.reception.service.ReceptionServiceImpl.getReception()ì‹œìž‘
2026-02-02 19:20:09.793 TRACE org.hibernate.orm.jdbc.bind - binding parameter (2:BIGINT) <- [1]
2026-02-02 19:20:09.794 DEBUG org.hibernate.SQL - select re1_0.reception_id,re1_0.arrived_at,re1_0.cancel_reason_code,re1_0.cancel_reason_text,re1_0.created_at,re1_0.created_by,re1_0.department_id,re1_0.department_name,re1_0.doctor_id,re1_0.doctor_name,re1_0.hold_reason_code,re1_0.hold_reason_text,re1_0.inactive_at,re1_0.inactive_reason_code,re1_0.inactive_reason_text,re1_0.is_active,re1_0.note,re1_0.patient_id,re1_0.patient_name,re1_0.reception_no,re1_0.reservation_id,re1_0.scheduled_at,re1_0.status,re1_0.updated_at,re1_0.updated_by,re1_0.visit_type from reception re1_0 where re1_0.reception_id=?
2026-02-02 19:20:09.794 INFO  k.co.seoulit.common.aop.LoggerAspect - ServiceImpl  : kr.co.seoulit.reception.service.ReceptionServiceImpl.getReceptionStatusHistory()ì¢…ë£Œ
2026-02-02 19:20:09.794 TRACE org.hibernate.orm.jdbc.bind - binding parameter (1:BIGINT) <- [1]
2026-02-02 19:20:09.795 INFO  k.co.seoulit.common.aop.LoggerAspect - Controller  : kr.co.seoulit.reception.controller.ReceptionController.getStatusHistory()ì¢…ë£Œ
2026-02-02 19:20:09.796 INFO  k.co.seoulit.common.aop.LoggerAspect - kr.co.seoulit.reception.mapstruct.ReceptionResMapStructImpl.toDto()ì‹œìž‘
2026-02-02 19:20:09.796 INFO  k.co.seoulit.common.aop.LoggerAspect - kr.co.seoulit.reception.mapstruct.ReceptionResMapStructImpl.toDto()ì¢…ë£Œ
2026-02-02 19:20:09.796 INFO  k.co.seoulit.common.aop.LoggerAspect - ServiceImpl  : kr.co.seoulit.reception.service.ReceptionServiceImpl.getReception()ì¢…ë£Œ
2026-02-02 19:20:09.797 INFO  k.co.seoulit.common.aop.LoggerAspect - Controller  : kr.co.seoulit.reception.controller.ReceptionController.getReception()ì¢…ë£Œ
2026-02-02 19:20:12.651 INFO  k.co.seoulit.common.aop.LoggerAspect - Controller  : kr.co.seoulit.reception.controller.MenuController.getMenus()ì‹œìž‘
2026-02-02 19:20:12.651 INFO  k.co.seoulit.common.aop.LoggerAspect - Controller  : kr.co.seoulit.reception.controller.MenuController.getMenus()ì¢…ë£Œ
2026-02-02 19:20:12.653 INFO  k.co.seoulit.common.aop.LoggerAspect - Controller  : kr.co.seoulit.reception.controller.ReceptionController.getReception()ì‹œìž‘
2026-02-02 19:20:12.653 INFO  k.c.s.r.c.ReceptionController - Reception get request: id=1
2026-02-02 19:20:12.654 INFO  k.co.seoulit.common.aop.LoggerAspect - ServiceImpl  : kr.co.seoulit.reception.service.ReceptionServiceImpl.getReception()ì‹œìž‘
2026-02-02 19:20:12.655 DEBUG org.hibernate.SQL - select re1_0.reception_id,re1_0.arrived_at,re1_0.cancel_reason_code,re1_0.cancel_reason_text,re1_0.created_at,re1_0.created_by,re1_0.department_id,re1_0.department_name,re1_0.doctor_id,re1_0.doctor_name,re1_0.hold_reason_code,re1_0.hold_reason_text,re1_0.inactive_at,re1_0.inactive_reason_code,re1_0.inactive_reason_text,re1_0.is_active,re1_0.note,re1_0.patient_id,re1_0.patient_name,re1_0.reception_no,re1_0.reservation_id,re1_0.scheduled_at,re1_0.status,re1_0.updated_at,re1_0.updated_by,re1_0.visit_type from reception re1_0 where re1_0.reception_id=?
2026-02-02 19:20:12.655 TRACE org.hibernate.orm.jdbc.bind - binding parameter (1:BIGINT) <- [1]
2026-02-02 19:20:12.655 INFO  k.co.seoulit.common.aop.LoggerAspect - Controller  : kr.co.seoulit.reception.controller.MenuController.getMenus()ì‹œìž‘
2026-02-02 19:20:12.655 INFO  k.co.seoulit.common.aop.LoggerAspect - Controller  : kr.co.seoulit.reception.controller.MenuController.getMenus()ì¢…ë£Œ
2026-02-02 19:20:12.656 INFO  k.co.seoulit.common.aop.LoggerAspect - kr.co.seoulit.reception.mapstruct.ReceptionResMapStructImpl.toDto()ì‹œìž‘
2026-02-02 19:20:12.657 INFO  k.co.seoulit.common.aop.LoggerAspect - kr.co.seoulit.reception.mapstruct.ReceptionResMapStructImpl.toDto()ì¢…ë£Œ
2026-02-02 19:20:12.657 INFO  k.co.seoulit.common.aop.LoggerAspect - ServiceImpl  : kr.co.seoulit.reception.service.ReceptionServiceImpl.getReception()ì¢…ë£Œ
2026-02-02 19:20:12.658 INFO  k.co.seoulit.common.aop.LoggerAspect - Controller  : kr.co.seoulit.reception.controller.ReceptionController.getReception()ì¢…ë£Œ
2026-02-02 19:20:12.661 INFO  k.co.seoulit.common.aop.LoggerAspect - Controller  : kr.co.seoulit.reception.controller.ReceptionController.getReception()ì‹œìž‘
2026-02-02 19:20:12.661 INFO  k.c.s.r.c.ReceptionController - Reception get request: id=1
2026-02-02 19:20:12.662 INFO  k.co.seoulit.common.aop.LoggerAspect - ServiceImpl  : kr.co.seoulit.reception.service.ReceptionServiceImpl.getReception()ì‹œìž‘
2026-02-02 19:20:12.663 DEBUG org.hibernate.SQL - select re1_0.reception_id,re1_0.arrived_at,re1_0.cancel_reason_code,re1_0.cancel_reason_text,re1_0.created_at,re1_0.created_by,re1_0.department_id,re1_0.department_name,re1_0.doctor_id,re1_0.doctor_name,re1_0.hold_reason_code,re1_0.hold_reason_text,re1_0.inactive_at,re1_0.inactive_reason_code,re1_0.inactive_reason_text,re1_0.is_active,re1_0.note,re1_0.patient_id,re1_0.patient_name,re1_0.reception_no,re1_0.reservation_id,re1_0.scheduled_at,re1_0.status,re1_0.updated_at,re1_0.updated_by,re1_0.visit_type from reception re1_0 where re1_0.reception_id=?
2026-02-02 19:20:12.664 TRACE org.hibernate.orm.jdbc.bind - binding parameter (1:BIGINT) <- [1]
2026-02-02 19:20:12.665 INFO  k.co.seoulit.common.aop.LoggerAspect - kr.co.seoulit.reception.mapstruct.ReceptionResMapStructImpl.toDto()ì‹œìž‘
2026-02-02 19:20:12.665 INFO  k.co.seoulit.common.aop.LoggerAspect - kr.co.seoulit.reception.mapstruct.ReceptionResMapStructImpl.toDto()ì¢…ë£Œ
2026-02-02 19:20:12.665 INFO  k.co.seoulit.common.aop.LoggerAspect - ServiceImpl  : kr.co.seoulit.reception.service.ReceptionServiceImpl.getReception()ì¢…ë£Œ
2026-02-02 19:20:12.666 INFO  k.co.seoulit.common.aop.LoggerAspect - Controller  : kr.co.seoulit.reception.controller.ReceptionController.getReception()ì¢…ë£Œ
2026-02-02 19:27:07.925 INFO  k.co.seoulit.common.aop.LoggerAspect - Controller  : kr.co.seoulit.reception.controller.MenuController.getMenus()ì‹œìž‘
2026-02-02 19:27:07.925 INFO  k.co.seoulit.common.aop.LoggerAspect - Controller  : kr.co.seoulit.reception.controller.MenuController.getMenus()ì¢…ë£Œ
2026-02-02 19:27:07.926 INFO  k.co.seoulit.common.aop.LoggerAspect - Controller  : kr.co.seoulit.reception.controller.ReceptionController.getReceptions()ì‹œìž‘
2026-02-02 19:27:07.926 INFO  k.c.s.r.c.ReceptionController - Reception list request: searchType=null, searchValue=null
2026-02-02 19:27:07.927 INFO  k.co.seoulit.common.aop.LoggerAspect - ServiceImpl  : kr.co.seoulit.reception.service.ReceptionServiceImpl.getReceptionList()ì‹œìž‘
2026-02-02 19:27:07.927 INFO  k.co.seoulit.common.aop.LoggerAspect - Controller  : kr.co.seoulit.reception.controller.ReceptionController.getReceptions()ì‹œìž‘
2026-02-02 19:27:07.927 INFO  k.c.s.r.c.ReceptionController - Reception list request: searchType=null, searchValue=null
2026-02-02 19:27:07.928 INFO  k.co.seoulit.common.aop.LoggerAspect - ServiceImpl  : kr.co.seoulit.reception.service.ReceptionServiceImpl.getReceptionList()ì‹œìž‘
2026-02-02 19:27:07.929 INFO  k.co.seoulit.common.aop.LoggerAspect - Controller  : kr.co.seoulit.reception.controller.MenuController.getMenus()ì‹œìž‘
2026-02-02 19:27:07.929 INFO  k.co.seoulit.common.aop.LoggerAspect - ServiceImpl  : kr.co.seoulit.reception.service.ReceptionServiceImpl.getReceptionList()ì¢…ë£Œ
2026-02-02 19:27:07.929 INFO  k.co.seoulit.common.aop.LoggerAspect - Controller  : kr.co.seoulit.reception.controller.MenuController.getMenus()ì¢…ë£Œ
2026-02-02 19:27:07.930 INFO  k.co.seoulit.common.aop.LoggerAspect - Controller  : kr.co.seoulit.reception.controller.ReceptionController.getReceptions()ì¢…ë£Œ
2026-02-02 19:27:07.931 INFO  k.co.seoulit.common.aop.LoggerAspect - ServiceImpl  : kr.co.seoulit.reception.service.ReceptionServiceImpl.getReceptionList()ì¢…ë£Œ
2026-02-02 19:27:07.932 INFO  k.co.seoulit.common.aop.LoggerAspect - Controller  : kr.co.seoulit.reception.controller.ReceptionController.getReceptions()ì¢…ë£Œ
2026-02-02 19:27:23.731 INFO  k.co.seoulit.common.aop.LoggerAspect - Controller  : kr.co.seoulit.reception.controller.MenuController.getMenus()ì‹œìž‘
2026-02-02 19:27:23.731 INFO  k.co.seoulit.common.aop.LoggerAspect - Controller  : kr.co.seoulit.reception.controller.MenuController.getMenus()ì¢…ë£Œ
2026-02-02 19:27:23.747 INFO  k.co.seoulit.common.aop.LoggerAspect - Controller  : kr.co.seoulit.reception.controller.MenuController.getMenus()ì‹œìž‘
2026-02-02 19:27:23.747 INFO  k.co.seoulit.common.aop.LoggerAspect - Controller  : kr.co.seoulit.reception.controller.MenuController.getMenus()ì¢…ë£Œ
2026-02-02 19:27:23.749 INFO  k.co.seoulit.common.aop.LoggerAspect - Controller  : kr.co.seoulit.reception.controller.EmergencyReceptionController.getEmergencyReceptions()ì‹œìž‘
2026-02-02 19:27:23.750 INFO  k.c.s.r.c.EmergencyReceptionController - Emergency reception list request: searchType=null, searchValue=null
2026-02-02 19:27:23.752 INFO  k.co.seoulit.common.aop.LoggerAspect - ServiceImpl  : kr.co.seoulit.reception.service.EmergencyReceptionServiceImpl.getEmergencyReceptionList()ì‹œìž‘
2026-02-02 19:27:23.764 INFO  k.co.seoulit.common.aop.LoggerAspect - ServiceImpl  : kr.co.seoulit.reception.service.EmergencyReceptionServiceImpl.getEmergencyReceptionList()ì¢…ë£Œ
2026-02-02 19:27:23.765 INFO  k.co.seoulit.common.aop.LoggerAspect - Controller  : kr.co.seoulit.reception.controller.EmergencyReceptionController.getEmergencyReceptions()ì¢…ë£Œ
2026-02-02 19:27:23.784 INFO  k.co.seoulit.common.aop.LoggerAspect - Controller  : kr.co.seoulit.reception.controller.EmergencyReceptionController.getEmergencyReceptions()ì‹œìž‘
2026-02-02 19:27:23.786 INFO  k.c.s.r.c.EmergencyReceptionController - Emergency reception list request: searchType=null, searchValue=null
2026-02-02 19:27:23.787 INFO  k.co.seoulit.common.aop.LoggerAspect - ServiceImpl  : kr.co.seoulit.reception.service.EmergencyReceptionServiceImpl.getEmergencyReceptionList()ì‹œìž‘
2026-02-02 19:27:23.789 INFO  k.co.seoulit.common.aop.LoggerAspect - ServiceImpl  : kr.co.seoulit.reception.service.EmergencyReceptionServiceImpl.getEmergencyReceptionList()ì¢…ë£Œ
2026-02-02 19:27:23.790 INFO  k.co.seoulit.common.aop.LoggerAspect - Controller  : kr.co.seoulit.reception.controller.EmergencyReceptionController.getEmergencyReceptions()ì¢…ë£Œ
2026-02-02 19:27:27.244 INFO  k.co.seoulit.common.aop.LoggerAspect - Controller  : kr.co.seoulit.reception.controller.MenuController.getMenus()ì‹œìž‘
2026-02-02 19:27:27.244 INFO  k.co.seoulit.common.aop.LoggerAspect - Controller  : kr.co.seoulit.reception.controller.MenuController.getMenus()ì¢…ë£Œ
2026-02-02 19:27:27.245 INFO  k.co.seoulit.common.aop.LoggerAspect - Controller  : kr.co.seoulit.reception.controller.EmergencyReceptionController.getEmergencyReception()ì‹œìž‘
2026-02-02 19:27:27.246 INFO  k.c.s.r.c.EmergencyReceptionController - Emergency reception get request: id=2
2026-02-02 19:27:27.247 INFO  k.co.seoulit.common.aop.LoggerAspect - ServiceImpl  : kr.co.seoulit.reception.service.EmergencyReceptionServiceImpl.getEmergencyReception()ì‹œìž‘
2026-02-02 19:27:27.248 DEBUG org.hibernate.SQL - select re1_0.reception_id,re1_0.arrived_at,re1_0.cancel_reason_code,re1_0.cancel_reason_text,re1_0.created_at,re1_0.created_by,re1_0.department_id,re1_0.department_name,re1_0.doctor_id,re1_0.doctor_name,re1_0.hold_reason_code,re1_0.hold_reason_text,re1_0.inactive_at,re1_0.inactive_reason_code,re1_0.inactive_reason_text,re1_0.is_active,re1_0.note,re1_0.patient_id,re1_0.patient_name,re1_0.reception_no,re1_0.reservation_id,re1_0.scheduled_at,re1_0.status,re1_0.updated_at,re1_0.updated_by,re1_0.visit_type from reception re1_0 where re1_0.reception_id=?
2026-02-02 19:27:27.248 TRACE org.hibernate.orm.jdbc.bind - binding parameter (1:BIGINT) <- [2]
2026-02-02 19:27:27.250 INFO  k.co.seoulit.common.aop.LoggerAspect - Controller  : kr.co.seoulit.reception.controller.MenuController.getMenus()ì‹œìž‘
2026-02-02 19:27:27.250 INFO  k.co.seoulit.common.aop.LoggerAspect - Controller  : kr.co.seoulit.reception.controller.MenuController.getMenus()ì¢…ë£Œ
2026-02-02 19:27:27.255 DEBUG org.hibernate.SQL - select ree1_0.reception_id,ree1_0.arrival_mode,ree1_0.chief_complaint,ree1_0.triage_level,ree1_0.triage_note,ree1_0.vital_bp_diastolic,ree1_0.vital_bp_systolic,ree1_0.vital_hr,ree1_0.vital_rr,ree1_0.vital_spo2,ree1_0.vital_temp from reception_emergency ree1_0 where ree1_0.reception_id=?
2026-02-02 19:27:27.255 TRACE org.hibernate.orm.jdbc.bind - binding parameter (1:BIGINT) <- [2]
2026-02-02 19:27:27.259 INFO  k.co.seoulit.common.aop.LoggerAspect - ServiceImpl  : kr.co.seoulit.reception.service.EmergencyReceptionServiceImpl.getEmergencyReception()ì¢…ë£Œ
2026-02-02 19:27:27.260 INFO  k.co.seoulit.common.aop.LoggerAspect - Controller  : kr.co.seoulit.reception.controller.EmergencyReceptionController.getEmergencyReception()ì¢…ë£Œ
2026-02-02 19:27:27.263 INFO  k.co.seoulit.common.aop.LoggerAspect - Controller  : kr.co.seoulit.reception.controller.EmergencyReceptionController.getEmergencyReception()ì‹œìž‘
2026-02-02 19:27:27.263 INFO  k.c.s.r.c.EmergencyReceptionController - Emergency reception get request: id=2
2026-02-02 19:27:27.264 INFO  k.co.seoulit.common.aop.LoggerAspect - ServiceImpl  : kr.co.seoulit.reception.service.EmergencyReceptionServiceImpl.getEmergencyReception()ì‹œìž‘
2026-02-02 19:27:27.264 DEBUG org.hibernate.SQL - select re1_0.reception_id,re1_0.arrived_at,re1_0.cancel_reason_code,re1_0.cancel_reason_text,re1_0.created_at,re1_0.created_by,re1_0.department_id,re1_0.department_name,re1_0.doctor_id,re1_0.doctor_name,re1_0.hold_reason_code,re1_0.hold_reason_text,re1_0.inactive_at,re1_0.inactive_reason_code,re1_0.inactive_reason_text,re1_0.is_active,re1_0.note,re1_0.patient_id,re1_0.patient_name,re1_0.reception_no,re1_0.reservation_id,re1_0.scheduled_at,re1_0.status,re1_0.updated_at,re1_0.updated_by,re1_0.visit_type from reception re1_0 where re1_0.reception_id=?
2026-02-02 19:27:27.265 TRACE org.hibernate.orm.jdbc.bind - binding parameter (1:BIGINT) <- [2]
2026-02-02 19:27:27.266 DEBUG org.hibernate.SQL - select ree1_0.reception_id,ree1_0.arrival_mode,ree1_0.chief_complaint,ree1_0.triage_level,ree1_0.triage_note,ree1_0.vital_bp_diastolic,ree1_0.vital_bp_systolic,ree1_0.vital_hr,ree1_0.vital_rr,ree1_0.vital_spo2,ree1_0.vital_temp from reception_emergency ree1_0 where ree1_0.reception_id=?
2026-02-02 19:27:27.266 TRACE org.hibernate.orm.jdbc.bind - binding parameter (1:BIGINT) <- [2]
2026-02-02 19:27:27.267 INFO  k.co.seoulit.common.aop.LoggerAspect - ServiceImpl  : kr.co.seoulit.reception.service.EmergencyReceptionServiceImpl.getEmergencyReception()ì¢…ë£Œ
2026-02-02 19:27:27.268 INFO  k.co.seoulit.common.aop.LoggerAspect - Controller  : kr.co.seoulit.reception.controller.EmergencyReceptionController.getEmergencyReception()ì¢…ë£Œ
2026-02-02 19:27:31.748 INFO  k.co.seoulit.common.aop.LoggerAspect - Controller  : kr.co.seoulit.reception.controller.MenuController.getMenus()ì‹œìž‘
2026-02-02 19:27:31.748 INFO  k.co.seoulit.common.aop.LoggerAspect - Controller  : kr.co.seoulit.reception.controller.ReceptionController.getReceptions()ì‹œìž‘
2026-02-02 19:27:31.748 INFO  k.co.seoulit.common.aop.LoggerAspect - Controller  : kr.co.seoulit.reception.controller.MenuController.getMenus()ì¢…ë£Œ
2026-02-02 19:27:31.748 INFO  k.c.s.r.c.ReceptionController - Reception list request: searchType=null, searchValue=null
2026-02-02 19:27:31.748 INFO  k.co.seoulit.common.aop.LoggerAspect - ServiceImpl  : kr.co.seoulit.reception.service.ReceptionServiceImpl.getReceptionList()ì‹œìž‘
2026-02-02 19:27:31.750 INFO  k.co.seoulit.common.aop.LoggerAspect - ServiceImpl  : kr.co.seoulit.reception.service.ReceptionServiceImpl.getReceptionList()ì¢…ë£Œ
2026-02-02 19:27:31.750 INFO  k.co.seoulit.common.aop.LoggerAspect - Controller  : kr.co.seoulit.reception.controller.ReceptionController.getReceptions()ì¢…ë£Œ
2026-02-02 19:27:31.750 INFO  k.co.seoulit.common.aop.LoggerAspect - Controller  : kr.co.seoulit.reception.controller.MenuController.getMenus()ì‹œìž‘
2026-02-02 19:27:31.750 INFO  k.co.seoulit.common.aop.LoggerAspect - Controller  : kr.co.seoulit.reception.controller.MenuController.getMenus()ì¢…ë£Œ
2026-02-02 19:27:31.750 INFO  k.co.seoulit.common.aop.LoggerAspect - Controller  : kr.co.seoulit.reception.controller.ReceptionController.getReceptions()ì‹œìž‘
2026-02-02 19:27:31.750 INFO  k.c.s.r.c.ReceptionController - Reception list request: searchType=null, searchValue=null
2026-02-02 19:27:31.754 INFO  k.co.seoulit.common.aop.LoggerAspect - ServiceImpl  : kr.co.seoulit.reception.service.ReceptionServiceImpl.getReceptionList()ì‹œìž‘
2026-02-02 19:27:31.757 INFO  k.co.seoulit.common.aop.LoggerAspect - ServiceImpl  : kr.co.seoulit.reception.service.ReceptionServiceImpl.getReceptionList()ì¢…ë£Œ
2026-02-02 19:27:31.758 INFO  k.co.seoulit.common.aop.LoggerAspect - Controller  : kr.co.seoulit.reception.controller.ReceptionController.getReceptions()ì¢…ë£Œ
2026-02-02 19:27:34.683 INFO  k.co.seoulit.common.aop.LoggerAspect - Controller  : kr.co.seoulit.reception.controller.MenuController.getMenus()ì‹œìž‘
2026-02-02 19:27:34.684 INFO  k.co.seoulit.common.aop.LoggerAspect - Controller  : kr.co.seoulit.reception.controller.MenuController.getMenus()ì¢…ë£Œ
2026-02-02 19:27:34.685 INFO  k.co.seoulit.common.aop.LoggerAspect - Controller  : kr.co.seoulit.reception.controller.ReceptionController.getReceptions()ì‹œìž‘
2026-02-02 19:27:34.685 INFO  k.c.s.r.c.ReceptionController - Reception list request: searchType=null, searchValue=null
2026-02-02 19:27:34.686 INFO  k.co.seoulit.common.aop.LoggerAspect - ServiceImpl  : kr.co.seoulit.reception.service.ReceptionServiceImpl.getReceptionList()ì‹œìž‘
2026-02-02 19:27:34.687 INFO  k.co.seoulit.common.aop.LoggerAspect - Controller  : kr.co.seoulit.reception.controller.MenuController.getMenus()ì‹œìž‘
2026-02-02 19:27:34.687 INFO  k.co.seoulit.common.aop.LoggerAspect - ServiceImpl  : kr.co.seoulit.reception.service.ReceptionServiceImpl.getReceptionList()ì¢…ë£Œ
2026-02-02 19:27:34.687 INFO  k.co.seoulit.common.aop.LoggerAspect - Controller  : kr.co.seoulit.reception.controller.MenuController.getMenus()ì¢…ë£Œ
2026-02-02 19:27:34.688 INFO  k.co.seoulit.common.aop.LoggerAspect - Controller  : kr.co.seoulit.reception.controller.ReceptionController.getReceptions()ì¢…ë£Œ
2026-02-02 19:27:34.691 INFO  k.co.seoulit.common.aop.LoggerAspect - Controller  : kr.co.seoulit.reception.controller.ReceptionController.getReceptions()ì‹œìž‘
2026-02-02 19:27:34.691 INFO  k.c.s.r.c.ReceptionController - Reception list request: searchType=null, searchValue=null
2026-02-02 19:27:34.692 INFO  k.co.seoulit.common.aop.LoggerAspect - ServiceImpl  : kr.co.seoulit.reception.service.ReceptionServiceImpl.getReceptionList()ì‹œìž‘
2026-02-02 19:27:34.695 INFO  k.co.seoulit.common.aop.LoggerAspect - ServiceImpl  : kr.co.seoulit.reception.service.ReceptionServiceImpl.getReceptionList()ì¢…ë£Œ
2026-02-02 19:27:34.695 INFO  k.co.seoulit.common.aop.LoggerAspect - Controller  : kr.co.seoulit.reception.controller.ReceptionController.getReceptions()ì¢…ë£Œ
2026-02-02 19:27:37.552 INFO  k.co.seoulit.common.aop.LoggerAspect - Controller  : kr.co.seoulit.reception.controller.MenuController.getMenus()ì‹œìž‘
2026-02-02 19:27:37.552 INFO  k.co.seoulit.common.aop.LoggerAspect - Controller  : kr.co.seoulit.reception.controller.MenuController.getMenus()ì¢…ë£Œ
2026-02-02 19:27:37.555 INFO  k.co.seoulit.common.aop.LoggerAspect - Controller  : kr.co.seoulit.reception.controller.MenuController.getMenus()ì‹œìž‘
2026-02-02 19:27:37.555 INFO  k.co.seoulit.common.aop.LoggerAspect - Controller  : kr.co.seoulit.reception.controller.MenuController.getMenus()ì¢…ë£Œ
2026-02-02 20:02:36.944 INFO  o.h.validator.internal.util.Version - HV000001: Hibernate Validator 8.0.1.Final
2026-02-02 20:02:36.993 INFO  kr.co.seoulit.ReceptionApplication - Starting ReceptionApplication using Java 17.0.12 with PID 27092 (C:\dev\teamwork\project\backend\hospital_reception_backend\reception_back\build\classes\java\main started by stu19 in C:\dev\teamwork\project\backend\hospital_reception_backend\reception_back)
2026-02-02 20:02:36.994 INFO  kr.co.seoulit.ReceptionApplication - No active profile set, falling back to 1 default profile: "default"
2026-02-02 20:02:37.984 INFO  o.s.d.r.c.RepositoryConfigurationDelegate - Multiple Spring Data modules found, entering strict repository configuration mode
2026-02-02 20:02:37.986 INFO  o.s.d.r.c.RepositoryConfigurationDelegate - Bootstrapping Spring Data JPA repositories in DEFAULT mode.
2026-02-02 20:02:38.161 INFO  o.s.d.r.c.RepositoryConfigurationDelegate - Finished Spring Data repository scanning in 168 ms. Found 9 JPA repository interfaces.
2026-02-02 20:02:38.184 INFO  o.s.d.r.c.RepositoryConfigurationDelegate - Multiple Spring Data modules found, entering strict repository configuration mode
2026-02-02 20:02:38.185 INFO  o.s.d.r.c.RepositoryConfigurationDelegate - Bootstrapping Spring Data Redis repositories in DEFAULT mode.
2026-02-02 20:02:38.202 INFO  o.s.d.r.c.RepositoryConfigurationExtensionSupport - Spring Data Redis - Could not safely identify store assignment for repository candidate interface kr.co.seoulit.common.audit.AuditLogRepository; If you want this repository to be a Redis repository, consider annotating your entities with one of these annotations: org.springframework.data.redis.core.RedisHash (preferred), or consider extending one of the following types with your repository: org.springframework.data.keyvalue.repository.KeyValueRepository
2026-02-02 20:02:38.202 INFO  o.s.d.r.c.RepositoryConfigurationExtensionSupport - Spring Data Redis - Could not safely identify store assignment for repository candidate interface kr.co.seoulit.reception.repository.DepartmentRepository; If you want this repository to be a Redis repository, consider annotating your entities with one of these annotations: org.springframework.data.redis.core.RedisHash (preferred), or consider extending one of the following types with your repository: org.springframework.data.keyvalue.repository.KeyValueRepository
2026-02-02 20:02:38.203 INFO  o.s.d.r.c.RepositoryConfigurationExtensionSupport - Spring Data Redis - Could not safely identify store assignment for repository candidate interface kr.co.seoulit.reception.repository.DoctorRepository; If you want this repository to be a Redis repository, consider annotating your entities with one of these annotations: org.springframework.data.redis.core.RedisHash (preferred), or consider extending one of the following types with your repository: org.springframework.data.keyvalue.repository.KeyValueRepository
2026-02-02 20:02:38.203 INFO  o.s.d.r.c.RepositoryConfigurationExtensionSupport - Spring Data Redis - Could not safely identify store assignment for repository candidate interface kr.co.seoulit.reception.repository.PatientRepository; If you want this repository to be a Redis repository, consider annotating your entities with one of these annotations: org.springframework.data.redis.core.RedisHash (preferred), or consider extending one of the following types with your repository: org.springframework.data.keyvalue.repository.KeyValueRepository
2026-02-02 20:02:38.203 INFO  o.s.d.r.c.RepositoryConfigurationExtensionSupport - Spring Data Redis - Could not safely identify store assignment for repository candidate interface kr.co.seoulit.reception.repository.ReceptionEmergencyRepository; If you want this repository to be a Redis repository, consider annotating your entities with one of these annotations: org.springframework.data.redis.core.RedisHash (preferred), or consider extending one of the following types with your repository: org.springframework.data.keyvalue.repository.KeyValueRepository
2026-02-02 20:02:38.203 INFO  o.s.d.r.c.RepositoryConfigurationExtensionSupport - Spring Data Redis - Could not safely identify store assignment for repository candidate interface kr.co.seoulit.reception.repository.ReceptionInpatientRepository; If you want this repository to be a Redis repository, consider annotating your entities with one of these annotations: org.springframework.data.redis.core.RedisHash (preferred), or consider extending one of the following types with your repository: org.springframework.data.keyvalue.repository.KeyValueRepository
2026-02-02 20:02:38.203 INFO  o.s.d.r.c.RepositoryConfigurationExtensionSupport - Spring Data Redis - Could not safely identify store assignment for repository candidate interface kr.co.seoulit.reception.repository.ReceptionRepository; If you want this repository to be a Redis repository, consider annotating your entities with one of these annotations: org.springframework.data.redis.core.RedisHash (preferred), or consider extending one of the following types with your repository: org.springframework.data.keyvalue.repository.KeyValueRepository
2026-02-02 20:02:38.204 INFO  o.s.d.r.c.RepositoryConfigurationExtensionSupport - Spring Data Redis - Could not safely identify store assignment for repository candidate interface kr.co.seoulit.reception.repository.ReceptionStatusHistoryRepository; If you want this repository to be a Redis repository, consider annotating your entities with one of these annotations: org.springframework.data.redis.core.RedisHash (preferred), or consider extending one of the following types with your repository: org.springframework.data.keyvalue.repository.KeyValueRepository
2026-02-02 20:02:38.205 INFO  o.s.d.r.c.RepositoryConfigurationExtensionSupport - Spring Data Redis - Could not safely identify store assignment for repository candidate interface kr.co.seoulit.reception.repository.ReservationRepository; If you want this repository to be a Redis repository, consider annotating your entities with one of these annotations: org.springframework.data.redis.core.RedisHash (preferred), or consider extending one of the following types with your repository: org.springframework.data.keyvalue.repository.KeyValueRepository
2026-02-02 20:02:38.206 INFO  o.s.d.r.c.RepositoryConfigurationDelegate - Finished Spring Data repository scanning in 9 ms. Found 0 Redis repository interfaces.
2026-02-02 20:02:39.042 INFO  o.s.b.w.e.tomcat.TomcatWebServer - Tomcat initialized with port 8283 (http)
2026-02-02 20:02:39.051 INFO  o.a.coyote.http11.Http11NioProtocol - Initializing ProtocolHandler ["http-nio-8283"]
2026-02-02 20:02:39.055 INFO  o.a.catalina.core.StandardService - Starting service [Tomcat]
2026-02-02 20:02:39.055 INFO  o.a.catalina.core.StandardEngine - Starting Servlet engine: [Apache Tomcat/10.1.26]
2026-02-02 20:02:39.156 INFO  o.a.c.c.C.[Tomcat].[localhost].[/] - Initializing Spring embedded WebApplicationContext
2026-02-02 20:02:39.158 INFO  o.s.b.w.s.c.ServletWebServerApplicationContext - Root WebApplicationContext: initialization completed in 2111 ms
2026-02-02 20:02:39.252 WARN  o.s.b.w.s.c.AnnotationConfigServletWebServerApplicationContext - Exception encountered during context initialization - cancelling refresh attempt: org.springframework.beans.factory.BeanCreationException: Error creating bean with name 'entityManagerFactory' defined in class path resource [org/springframework/boot/autoconfigure/orm/jpa/HibernateJpaConfiguration.class]: Failed to initialize dependency 'dataSourceScriptDatabaseInitializer' of LoadTimeWeaverAware bean 'entityManagerFactory': Error creating bean with name 'dataSourceScriptDatabaseInitializer' defined in class path resource [org/springframework/boot/autoconfigure/sql/init/DataSourceInitializationConfiguration.class]: Unsatisfied dependency expressed through method 'dataSourceScriptDatabaseInitializer' parameter 0: Error creating bean with name 'dataSource' defined in class path resource [org/springframework/boot/autoconfigure/jdbc/DataSourceConfiguration$Hikari.class]: Failed to instantiate [com.zaxxer.hikari.HikariDataSource]: Factory method 'dataSource' threw exception with message: Cannot load driver class: oracle.jdbc.OracleDriver
2026-02-02 20:02:39.256 INFO  o.a.catalina.core.StandardService - Stopping service [Tomcat]
2026-02-02 20:02:39.275 INFO  o.s.b.a.l.ConditionEvaluationReportLogger - 

Error starting ApplicationContext. To display the condition evaluation report re-run your application with 'debug' enabled.
2026-02-02 20:02:39.290 ERROR o.s.boot.SpringApplication - Application run failed
org.springframework.beans.factory.BeanCreationException: Error creating bean with name 'entityManagerFactory' defined in class path resource [org/springframework/boot/autoconfigure/orm/jpa/HibernateJpaConfiguration.class]: Failed to initialize dependency 'dataSourceScriptDatabaseInitializer' of LoadTimeWeaverAware bean 'entityManagerFactory': Error creating bean with name 'dataSourceScriptDatabaseInitializer' defined in class path resource [org/springframework/boot/autoconfigure/sql/init/DataSourceInitializationConfiguration.class]: Unsatisfied dependency expressed through method 'dataSourceScriptDatabaseInitializer' parameter 0: Error creating bean with name 'dataSource' defined in class path resource [org/springframework/boot/autoconfigure/jdbc/DataSourceConfiguration$Hikari.class]: Failed to instantiate [com.zaxxer.hikari.HikariDataSource]: Factory method 'dataSource' threw exception with message: Cannot load driver class: oracle.jdbc.OracleDriver
	at org.springframework.beans.factory.support.AbstractBeanFactory.doGetBean(AbstractBeanFactory.java:326)
	at org.springframework.beans.factory.support.AbstractBeanFactory.getBean(AbstractBeanFactory.java:205)
	at org.springframework.context.support.AbstractApplicationContext.finishBeanFactoryInitialization(AbstractApplicationContext.java:954)
	at org.springframework.context.support.AbstractApplicationContext.refresh(AbstractApplicationContext.java:625)
	at org.springframework.boot.web.servlet.context.ServletWebServerApplicationContext.refresh(ServletWebServerApplicationContext.java:146)
	at org.springframework.boot.SpringApplication.refresh(SpringApplication.java:754)
	at org.springframework.boot.SpringApplication.refreshContext(SpringApplication.java:456)
	at org.springframework.boot.SpringApplication.run(SpringApplication.java:335)
	at org.springframework.boot.SpringApplication.run(SpringApplication.java:1363)
	at org.springframework.boot.SpringApplication.run(SpringApplication.java:1352)
	at kr.co.seoulit.ReceptionApplication.main(ReceptionApplication.java:12)
Caused by: org.springframework.beans.factory.UnsatisfiedDependencyException: Error creating bean with name 'dataSourceScriptDatabaseInitializer' defined in class path resource [org/springframework/boot/autoconfigure/sql/init/DataSourceInitializationConfiguration.class]: Unsatisfied dependency expressed through method 'dataSourceScriptDatabaseInitializer' parameter 0: Error creating bean with name 'dataSource' defined in class path resource [org/springframework/boot/autoconfigure/jdbc/DataSourceConfiguration$Hikari.class]: Failed to instantiate [com.zaxxer.hikari.HikariDataSource]: Factory method 'dataSource' threw exception with message: Cannot load driver class: oracle.jdbc.OracleDriver
	at org.springframework.beans.factory.support.ConstructorResolver.createArgumentArray(ConstructorResolver.java:795)
	at org.springframework.beans.factory.support.ConstructorResolver.instantiateUsingFactoryMethod(ConstructorResolver.java:542)
	at org.springframework.beans.factory.support.AbstractAutowireCapableBeanFactory.instantiateUsingFactoryMethod(AbstractAutowireCapableBeanFactory.java:1355)
	at org.springframework.beans.factory.support.AbstractAutowireCapableBeanFactory.createBeanInstance(AbstractAutowireCapableBeanFactory.java:1185)
	at org.springframework.beans.factory.support.AbstractAutowireCapableBeanFactory.doCreateBean(AbstractAutowireCapableBeanFactory.java:562)
	at org.springframework.beans.factory.support.AbstractAutowireCapableBeanFactory.createBean(AbstractAutowireCapableBeanFactory.java:522)
	at org.springframework.beans.factory.support.AbstractBeanFactory.lambda$doGetBean$0(AbstractBeanFactory.java:337)
	at org.springframework.beans.factory.support.DefaultSingletonBeanRegistry.getSingleton(DefaultSingletonBeanRegistry.java:234)
	at org.springframework.beans.factory.support.AbstractBeanFactory.doGetBean(AbstractBeanFactory.java:335)
	at org.springframework.beans.factory.support.AbstractBeanFactory.getBean(AbstractBeanFactory.java:200)
	at org.springframework.beans.factory.support.AbstractBeanFactory.doGetBean(AbstractBeanFactory.java:313)
	... 10 common frames omitted
Caused by: org.springframework.beans.factory.BeanCreationException: Error creating bean with name 'dataSource' defined in class path resource [org/springframework/boot/autoconfigure/jdbc/DataSourceConfiguration$Hikari.class]: Failed to instantiate [com.zaxxer.hikari.HikariDataSource]: Factory method 'dataSource' threw exception with message: Cannot load driver class: oracle.jdbc.OracleDriver
	at org.springframework.beans.factory.support.ConstructorResolver.instantiate(ConstructorResolver.java:648)
	at org.springframework.beans.factory.support.ConstructorResolver.instantiateUsingFactoryMethod(ConstructorResolver.java:636)
	at org.springframework.beans.factory.support.AbstractAutowireCapableBeanFactory.instantiateUsingFactoryMethod(AbstractAutowireCapableBeanFactory.java:1355)
	at org.springframework.beans.factory.support.AbstractAutowireCapableBeanFactory.createBeanInstance(AbstractAutowireCapableBeanFactory.java:1185)
	at org.springframework.beans.factory.support.AbstractAutowireCapableBeanFactory.doCreateBean(AbstractAutowireCapableBeanFactory.java:562)
	at org.springframework.beans.factory.support.AbstractAutowireCapableBeanFactory.createBean(AbstractAutowireCapableBeanFactory.java:522)
	at org.springframework.beans.factory.support.AbstractBeanFactory.lambda$doGetBean$0(AbstractBeanFactory.java:337)
	at org.springframework.beans.factory.support.DefaultSingletonBeanRegistry.getSingleton(DefaultSingletonBeanRegistry.java:234)
	at org.springframework.beans.factory.support.AbstractBeanFactory.doGetBean(AbstractBeanFactory.java:335)
	at org.springframework.beans.factory.support.AbstractBeanFactory.getBean(AbstractBeanFactory.java:200)
	at org.springframework.beans.factory.config.DependencyDescriptor.resolveCandidate(DependencyDescriptor.java:254)
	at org.springframework.beans.factory.support.DefaultListableBeanFactory.doResolveDependency(DefaultListableBeanFactory.java:1443)
	at org.springframework.beans.factory.support.DefaultListableBeanFactory.resolveDependency(DefaultListableBeanFactory.java:1353)
	at org.springframework.beans.factory.support.ConstructorResolver.resolveAutowiredArgument(ConstructorResolver.java:904)
	at org.springframework.beans.factory.support.ConstructorResolver.createArgumentArray(ConstructorResolver.java:782)
	... 20 common frames omitted
Caused by: org.springframework.beans.BeanInstantiationException: Failed to instantiate [com.zaxxer.hikari.HikariDataSource]: Factory method 'dataSource' threw exception with message: Cannot load driver class: oracle.jdbc.OracleDriver
	at org.springframework.beans.factory.support.SimpleInstantiationStrategy.instantiate(SimpleInstantiationStrategy.java:178)
	at org.springframework.beans.factory.support.ConstructorResolver.instantiate(ConstructorResolver.java:644)
	... 34 common frames omitted
Caused by: java.lang.IllegalStateException: Cannot load driver class: oracle.jdbc.OracleDriver
	at org.springframework.util.Assert.state(Assert.java:97)
	at org.springframework.boot.autoconfigure.jdbc.DataSourceProperties.determineDriverClassName(DataSourceProperties.java:175)
	at org.springframework.boot.autoconfigure.jdbc.PropertiesJdbcConnectionDetails.getDriverClassName(PropertiesJdbcConnectionDetails.java:49)
	at org.springframework.boot.autoconfigure.jdbc.DataSourceConfiguration.createDataSource(DataSourceConfiguration.java:55)
	at org.springframework.boot.autoconfigure.jdbc.DataSourceConfiguration$Hikari.dataSource(DataSourceConfiguration.java:117)
	at java.base/jdk.internal.reflect.NativeMethodAccessorImpl.invoke0(Native Method)
	at java.base/jdk.internal.reflect.NativeMethodAccessorImpl.invoke(NativeMethodAccessorImpl.java:77)
	at java.base/jdk.internal.reflect.DelegatingMethodAccessorImpl.invoke(DelegatingMethodAccessorImpl.java:43)
	at java.base/java.lang.reflect.Method.invoke(Method.java:568)
	at org.springframework.beans.factory.support.SimpleInstantiationStrategy.instantiate(SimpleInstantiationStrategy.java:146)
	... 35 common frames omitted
2026-02-02 20:02:45.797 INFO  o.h.validator.internal.util.Version - HV000001: Hibernate Validator 8.0.1.Final
2026-02-02 20:02:45.845 INFO  kr.co.seoulit.ReceptionApplication - Starting ReceptionApplication using Java 17.0.12 with PID 24328 (C:\dev\teamwork\project\backend\hospital_reception_backend\reception_back\build\classes\java\main started by stu19 in C:\dev\teamwork\project\backend\hospital_reception_backend\reception_back)
2026-02-02 20:02:45.846 INFO  kr.co.seoulit.ReceptionApplication - No active profile set, falling back to 1 default profile: "default"
2026-02-02 20:02:46.839 INFO  o.s.d.r.c.RepositoryConfigurationDelegate - Multiple Spring Data modules found, entering strict repository configuration mode
2026-02-02 20:02:46.840 INFO  o.s.d.r.c.RepositoryConfigurationDelegate - Bootstrapping Spring Data JPA repositories in DEFAULT mode.
2026-02-02 20:02:47.030 INFO  o.s.d.r.c.RepositoryConfigurationDelegate - Finished Spring Data repository scanning in 182 ms. Found 9 JPA repository interfaces.
2026-02-02 20:02:47.050 INFO  o.s.d.r.c.RepositoryConfigurationDelegate - Multiple Spring Data modules found, entering strict repository configuration mode
2026-02-02 20:02:47.051 INFO  o.s.d.r.c.RepositoryConfigurationDelegate - Bootstrapping Spring Data Redis repositories in DEFAULT mode.
2026-02-02 20:02:47.067 INFO  o.s.d.r.c.RepositoryConfigurationExtensionSupport - Spring Data Redis - Could not safely identify store assignment for repository candidate interface kr.co.seoulit.common.audit.AuditLogRepository; If you want this repository to be a Redis repository, consider annotating your entities with one of these annotations: org.springframework.data.redis.core.RedisHash (preferred), or consider extending one of the following types with your repository: org.springframework.data.keyvalue.repository.KeyValueRepository
2026-02-02 20:02:47.067 INFO  o.s.d.r.c.RepositoryConfigurationExtensionSupport - Spring Data Redis - Could not safely identify store assignment for repository candidate interface kr.co.seoulit.reception.repository.DepartmentRepository; If you want this repository to be a Redis repository, consider annotating your entities with one of these annotations: org.springframework.data.redis.core.RedisHash (preferred), or consider extending one of the following types with your repository: org.springframework.data.keyvalue.repository.KeyValueRepository
2026-02-02 20:02:47.067 INFO  o.s.d.r.c.RepositoryConfigurationExtensionSupport - Spring Data Redis - Could not safely identify store assignment for repository candidate interface kr.co.seoulit.reception.repository.DoctorRepository; If you want this repository to be a Redis repository, consider annotating your entities with one of these annotations: org.springframework.data.redis.core.RedisHash (preferred), or consider extending one of the following types with your repository: org.springframework.data.keyvalue.repository.KeyValueRepository
2026-02-02 20:02:47.068 INFO  o.s.d.r.c.RepositoryConfigurationExtensionSupport - Spring Data Redis - Could not safely identify store assignment for repository candidate interface kr.co.seoulit.reception.repository.PatientRepository; If you want this repository to be a Redis repository, consider annotating your entities with one of these annotations: org.springframework.data.redis.core.RedisHash (preferred), or consider extending one of the following types with your repository: org.springframework.data.keyvalue.repository.KeyValueRepository
2026-02-02 20:02:47.068 INFO  o.s.d.r.c.RepositoryConfigurationExtensionSupport - Spring Data Redis - Could not safely identify store assignment for repository candidate interface kr.co.seoulit.reception.repository.ReceptionEmergencyRepository; If you want this repository to be a Redis repository, consider annotating your entities with one of these annotations: org.springframework.data.redis.core.RedisHash (preferred), or consider extending one of the following types with your repository: org.springframework.data.keyvalue.repository.KeyValueRepository
2026-02-02 20:02:47.068 INFO  o.s.d.r.c.RepositoryConfigurationExtensionSupport - Spring Data Redis - Could not safely identify store assignment for repository candidate interface kr.co.seoulit.reception.repository.ReceptionInpatientRepository; If you want this repository to be a Redis repository, consider annotating your entities with one of these annotations: org.springframework.data.redis.core.RedisHash (preferred), or consider extending one of the following types with your repository: org.springframework.data.keyvalue.repository.KeyValueRepository
2026-02-02 20:02:47.068 INFO  o.s.d.r.c.RepositoryConfigurationExtensionSupport - Spring Data Redis - Could not safely identify store assignment for repository candidate interface kr.co.seoulit.reception.repository.ReceptionRepository; If you want this repository to be a Redis repository, consider annotating your entities with one of these annotations: org.springframework.data.redis.core.RedisHash (preferred), or consider extending one of the following types with your repository: org.springframework.data.keyvalue.repository.KeyValueRepository
2026-02-02 20:02:47.068 INFO  o.s.d.r.c.RepositoryConfigurationExtensionSupport - Spring Data Redis - Could not safely identify store assignment for repository candidate interface kr.co.seoulit.reception.repository.ReceptionStatusHistoryRepository; If you want this repository to be a Redis repository, consider annotating your entities with one of these annotations: org.springframework.data.redis.core.RedisHash (preferred), or consider extending one of the following types with your repository: org.springframework.data.keyvalue.repository.KeyValueRepository
2026-02-02 20:02:47.069 INFO  o.s.d.r.c.RepositoryConfigurationExtensionSupport - Spring Data Redis - Could not safely identify store assignment for repository candidate interface kr.co.seoulit.reception.repository.ReservationRepository; If you want this repository to be a Redis repository, consider annotating your entities with one of these annotations: org.springframework.data.redis.core.RedisHash (preferred), or consider extending one of the following types with your repository: org.springframework.data.keyvalue.repository.KeyValueRepository
2026-02-02 20:02:47.069 INFO  o.s.d.r.c.RepositoryConfigurationDelegate - Finished Spring Data repository scanning in 7 ms. Found 0 Redis repository interfaces.
2026-02-02 20:02:47.886 INFO  o.s.b.w.e.tomcat.TomcatWebServer - Tomcat initialized with port 8283 (http)
2026-02-02 20:02:47.896 INFO  o.a.coyote.http11.Http11NioProtocol - Initializing ProtocolHandler ["http-nio-8283"]
2026-02-02 20:02:47.898 INFO  o.a.catalina.core.StandardService - Starting service [Tomcat]
2026-02-02 20:02:47.899 INFO  o.a.catalina.core.StandardEngine - Starting Servlet engine: [Apache Tomcat/10.1.26]
2026-02-02 20:02:47.983 INFO  o.a.c.c.C.[Tomcat].[localhost].[/] - Initializing Spring embedded WebApplicationContext
2026-02-02 20:02:47.984 INFO  o.s.b.w.s.c.ServletWebServerApplicationContext - Root WebApplicationContext: initialization completed in 2087 ms
2026-02-02 20:02:48.072 WARN  o.s.b.w.s.c.AnnotationConfigServletWebServerApplicationContext - Exception encountered during context initialization - cancelling refresh attempt: org.springframework.beans.factory.BeanCreationException: Error creating bean with name 'entityManagerFactory' defined in class path resource [org/springframework/boot/autoconfigure/orm/jpa/HibernateJpaConfiguration.class]: Failed to initialize dependency 'dataSourceScriptDatabaseInitializer' of LoadTimeWeaverAware bean 'entityManagerFactory': Error creating bean with name 'dataSourceScriptDatabaseInitializer' defined in class path resource [org/springframework/boot/autoconfigure/sql/init/DataSourceInitializationConfiguration.class]: Unsatisfied dependency expressed through method 'dataSourceScriptDatabaseInitializer' parameter 0: Error creating bean with name 'dataSource' defined in class path resource [org/springframework/boot/autoconfigure/jdbc/DataSourceConfiguration$Hikari.class]: Failed to instantiate [com.zaxxer.hikari.HikariDataSource]: Factory method 'dataSource' threw exception with message: Cannot load driver class: oracle.jdbc.OracleDriver
2026-02-02 20:02:48.075 INFO  o.a.catalina.core.StandardService - Stopping service [Tomcat]
2026-02-02 20:02:48.092 INFO  o.s.b.a.l.ConditionEvaluationReportLogger - 

Error starting ApplicationContext. To display the condition evaluation report re-run your application with 'debug' enabled.
2026-02-02 20:02:48.109 ERROR o.s.boot.SpringApplication - Application run failed
org.springframework.beans.factory.BeanCreationException: Error creating bean with name 'entityManagerFactory' defined in class path resource [org/springframework/boot/autoconfigure/orm/jpa/HibernateJpaConfiguration.class]: Failed to initialize dependency 'dataSourceScriptDatabaseInitializer' of LoadTimeWeaverAware bean 'entityManagerFactory': Error creating bean with name 'dataSourceScriptDatabaseInitializer' defined in class path resource [org/springframework/boot/autoconfigure/sql/init/DataSourceInitializationConfiguration.class]: Unsatisfied dependency expressed through method 'dataSourceScriptDatabaseInitializer' parameter 0: Error creating bean with name 'dataSource' defined in class path resource [org/springframework/boot/autoconfigure/jdbc/DataSourceConfiguration$Hikari.class]: Failed to instantiate [com.zaxxer.hikari.HikariDataSource]: Factory method 'dataSource' threw exception with message: Cannot load driver class: oracle.jdbc.OracleDriver
	at org.springframework.beans.factory.support.AbstractBeanFactory.doGetBean(AbstractBeanFactory.java:326)
	at org.springframework.beans.factory.support.AbstractBeanFactory.getBean(AbstractBeanFactory.java:205)
	at org.springframework.context.support.AbstractApplicationContext.finishBeanFactoryInitialization(AbstractApplicationContext.java:954)
	at org.springframework.context.support.AbstractApplicationContext.refresh(AbstractApplicationContext.java:625)
	at org.springframework.boot.web.servlet.context.ServletWebServerApplicationContext.refresh(ServletWebServerApplicationContext.java:146)
	at org.springframework.boot.SpringApplication.refresh(SpringApplication.java:754)
	at org.springframework.boot.SpringApplication.refreshContext(SpringApplication.java:456)
	at org.springframework.boot.SpringApplication.run(SpringApplication.java:335)
	at org.springframework.boot.SpringApplication.run(SpringApplication.java:1363)
	at org.springframework.boot.SpringApplication.run(SpringApplication.java:1352)
	at kr.co.seoulit.ReceptionApplication.main(ReceptionApplication.java:12)
Caused by: org.springframework.beans.factory.UnsatisfiedDependencyException: Error creating bean with name 'dataSourceScriptDatabaseInitializer' defined in class path resource [org/springframework/boot/autoconfigure/sql/init/DataSourceInitializationConfiguration.class]: Unsatisfied dependency expressed through method 'dataSourceScriptDatabaseInitializer' parameter 0: Error creating bean with name 'dataSource' defined in class path resource [org/springframework/boot/autoconfigure/jdbc/DataSourceConfiguration$Hikari.class]: Failed to instantiate [com.zaxxer.hikari.HikariDataSource]: Factory method 'dataSource' threw exception with message: Cannot load driver class: oracle.jdbc.OracleDriver
	at org.springframework.beans.factory.support.ConstructorResolver.createArgumentArray(ConstructorResolver.java:795)
	at org.springframework.beans.factory.support.ConstructorResolver.instantiateUsingFactoryMethod(ConstructorResolver.java:542)
	at org.springframework.beans.factory.support.AbstractAutowireCapableBeanFactory.instantiateUsingFactoryMethod(AbstractAutowireCapableBeanFactory.java:1355)
	at org.springframework.beans.factory.support.AbstractAutowireCapableBeanFactory.createBeanInstance(AbstractAutowireCapableBeanFactory.java:1185)
	at org.springframework.beans.factory.support.AbstractAutowireCapableBeanFactory.doCreateBean(AbstractAutowireCapableBeanFactory.java:562)
	at org.springframework.beans.factory.support.AbstractAutowireCapableBeanFactory.createBean(AbstractAutowireCapableBeanFactory.java:522)
	at org.springframework.beans.factory.support.AbstractBeanFactory.lambda$doGetBean$0(AbstractBeanFactory.java:337)
	at org.springframework.beans.factory.support.DefaultSingletonBeanRegistry.getSingleton(DefaultSingletonBeanRegistry.java:234)
	at org.springframework.beans.factory.support.AbstractBeanFactory.doGetBean(AbstractBeanFactory.java:335)
	at org.springframework.beans.factory.support.AbstractBeanFactory.getBean(AbstractBeanFactory.java:200)
	at org.springframework.beans.factory.support.AbstractBeanFactory.doGetBean(AbstractBeanFactory.java:313)
	... 10 common frames omitted
Caused by: org.springframework.beans.factory.BeanCreationException: Error creating bean with name 'dataSource' defined in class path resource [org/springframework/boot/autoconfigure/jdbc/DataSourceConfiguration$Hikari.class]: Failed to instantiate [com.zaxxer.hikari.HikariDataSource]: Factory method 'dataSource' threw exception with message: Cannot load driver class: oracle.jdbc.OracleDriver
	at org.springframework.beans.factory.support.ConstructorResolver.instantiate(ConstructorResolver.java:648)
	at org.springframework.beans.factory.support.ConstructorResolver.instantiateUsingFactoryMethod(ConstructorResolver.java:636)
	at org.springframework.beans.factory.support.AbstractAutowireCapableBeanFactory.instantiateUsingFactoryMethod(AbstractAutowireCapableBeanFactory.java:1355)
	at org.springframework.beans.factory.support.AbstractAutowireCapableBeanFactory.createBeanInstance(AbstractAutowireCapableBeanFactory.java:1185)
	at org.springframework.beans.factory.support.AbstractAutowireCapableBeanFactory.doCreateBean(AbstractAutowireCapableBeanFactory.java:562)
	at org.springframework.beans.factory.support.AbstractAutowireCapableBeanFactory.createBean(AbstractAutowireCapableBeanFactory.java:522)
	at org.springframework.beans.factory.support.AbstractBeanFactory.lambda$doGetBean$0(AbstractBeanFactory.java:337)
	at org.springframework.beans.factory.support.DefaultSingletonBeanRegistry.getSingleton(DefaultSingletonBeanRegistry.java:234)
	at org.springframework.beans.factory.support.AbstractBeanFactory.doGetBean(AbstractBeanFactory.java:335)
	at org.springframework.beans.factory.support.AbstractBeanFactory.getBean(AbstractBeanFactory.java:200)
	at org.springframework.beans.factory.config.DependencyDescriptor.resolveCandidate(DependencyDescriptor.java:254)
	at org.springframework.beans.factory.support.DefaultListableBeanFactory.doResolveDependency(DefaultListableBeanFactory.java:1443)
	at org.springframework.beans.factory.support.DefaultListableBeanFactory.resolveDependency(DefaultListableBeanFactory.java:1353)
	at org.springframework.beans.factory.support.ConstructorResolver.resolveAutowiredArgument(ConstructorResolver.java:904)
	at org.springframework.beans.factory.support.ConstructorResolver.createArgumentArray(ConstructorResolver.java:782)
	... 20 common frames omitted
Caused by: org.springframework.beans.BeanInstantiationException: Failed to instantiate [com.zaxxer.hikari.HikariDataSource]: Factory method 'dataSource' threw exception with message: Cannot load driver class: oracle.jdbc.OracleDriver
	at org.springframework.beans.factory.support.SimpleInstantiationStrategy.instantiate(SimpleInstantiationStrategy.java:178)
	at org.springframework.beans.factory.support.ConstructorResolver.instantiate(ConstructorResolver.java:644)
	... 34 common frames omitted
Caused by: java.lang.IllegalStateException: Cannot load driver class: oracle.jdbc.OracleDriver
	at org.springframework.util.Assert.state(Assert.java:97)
	at org.springframework.boot.autoconfigure.jdbc.DataSourceProperties.determineDriverClassName(DataSourceProperties.java:175)
	at org.springframework.boot.autoconfigure.jdbc.PropertiesJdbcConnectionDetails.getDriverClassName(PropertiesJdbcConnectionDetails.java:49)
	at org.springframework.boot.autoconfigure.jdbc.DataSourceConfiguration.createDataSource(DataSourceConfiguration.java:55)
	at org.springframework.boot.autoconfigure.jdbc.DataSourceConfiguration$Hikari.dataSource(DataSourceConfiguration.java:117)
	at java.base/jdk.internal.reflect.NativeMethodAccessorImpl.invoke0(Native Method)
	at java.base/jdk.internal.reflect.NativeMethodAccessorImpl.invoke(NativeMethodAccessorImpl.java:77)
	at java.base/jdk.internal.reflect.DelegatingMethodAccessorImpl.invoke(DelegatingMethodAccessorImpl.java:43)
	at java.base/java.lang.reflect.Method.invoke(Method.java:568)
	at org.springframework.beans.factory.support.SimpleInstantiationStrategy.instantiate(SimpleInstantiationStrategy.java:146)
	... 35 common frames omitted
2026-02-02 20:04:44.604 INFO  o.h.validator.internal.util.Version - HV000001: Hibernate Validator 8.0.1.Final
2026-02-02 20:04:44.677 INFO  kr.co.seoulit.ReceptionApplication - Starting ReceptionApplication using Java 17.0.12 with PID 9552 (C:\dev\teamwork\project\backend\hospital_reception_backend\reception_back\build\classes\java\main started by stu19 in C:\dev\teamwork\project\backend\hospital_reception_backend\reception_back)
2026-02-02 20:04:44.679 INFO  kr.co.seoulit.ReceptionApplication - No active profile set, falling back to 1 default profile: "default"
2026-02-02 20:04:46.190 INFO  o.s.d.r.c.RepositoryConfigurationDelegate - Multiple Spring Data modules found, entering strict repository configuration mode
2026-02-02 20:04:46.192 INFO  o.s.d.r.c.RepositoryConfigurationDelegate - Bootstrapping Spring Data JPA repositories in DEFAULT mode.
2026-02-02 20:04:46.427 INFO  o.s.d.r.c.RepositoryConfigurationDelegate - Finished Spring Data repository scanning in 226 ms. Found 9 JPA repository interfaces.
2026-02-02 20:04:46.450 INFO  o.s.d.r.c.RepositoryConfigurationDelegate - Multiple Spring Data modules found, entering strict repository configuration mode
2026-02-02 20:04:46.451 INFO  o.s.d.r.c.RepositoryConfigurationDelegate - Bootstrapping Spring Data Redis repositories in DEFAULT mode.
2026-02-02 20:04:46.466 INFO  o.s.d.r.c.RepositoryConfigurationExtensionSupport - Spring Data Redis - Could not safely identify store assignment for repository candidate interface kr.co.seoulit.common.audit.AuditLogRepository; If you want this repository to be a Redis repository, consider annotating your entities with one of these annotations: org.springframework.data.redis.core.RedisHash (preferred), or consider extending one of the following types with your repository: org.springframework.data.keyvalue.repository.KeyValueRepository
2026-02-02 20:04:46.467 INFO  o.s.d.r.c.RepositoryConfigurationExtensionSupport - Spring Data Redis - Could not safely identify store assignment for repository candidate interface kr.co.seoulit.reception.repository.DepartmentRepository; If you want this repository to be a Redis repository, consider annotating your entities with one of these annotations: org.springframework.data.redis.core.RedisHash (preferred), or consider extending one of the following types with your repository: org.springframework.data.keyvalue.repository.KeyValueRepository
2026-02-02 20:04:46.467 INFO  o.s.d.r.c.RepositoryConfigurationExtensionSupport - Spring Data Redis - Could not safely identify store assignment for repository candidate interface kr.co.seoulit.reception.repository.DoctorRepository; If you want this repository to be a Redis repository, consider annotating your entities with one of these annotations: org.springframework.data.redis.core.RedisHash (preferred), or consider extending one of the following types with your repository: org.springframework.data.keyvalue.repository.KeyValueRepository
2026-02-02 20:04:46.467 INFO  o.s.d.r.c.RepositoryConfigurationExtensionSupport - Spring Data Redis - Could not safely identify store assignment for repository candidate interface kr.co.seoulit.reception.repository.PatientRepository; If you want this repository to be a Redis repository, consider annotating your entities with one of these annotations: org.springframework.data.redis.core.RedisHash (preferred), or consider extending one of the following types with your repository: org.springframework.data.keyvalue.repository.KeyValueRepository
2026-02-02 20:04:46.467 INFO  o.s.d.r.c.RepositoryConfigurationExtensionSupport - Spring Data Redis - Could not safely identify store assignment for repository candidate interface kr.co.seoulit.reception.repository.ReceptionEmergencyRepository; If you want this repository to be a Redis repository, consider annotating your entities with one of these annotations: org.springframework.data.redis.core.RedisHash (preferred), or consider extending one of the following types with your repository: org.springframework.data.keyvalue.repository.KeyValueRepository
2026-02-02 20:04:46.468 INFO  o.s.d.r.c.RepositoryConfigurationExtensionSupport - Spring Data Redis - Could not safely identify store assignment for repository candidate interface kr.co.seoulit.reception.repository.ReceptionInpatientRepository; If you want this repository to be a Redis repository, consider annotating your entities with one of these annotations: org.springframework.data.redis.core.RedisHash (preferred), or consider extending one of the following types with your repository: org.springframework.data.keyvalue.repository.KeyValueRepository
2026-02-02 20:04:46.469 INFO  o.s.d.r.c.RepositoryConfigurationExtensionSupport - Spring Data Redis - Could not safely identify store assignment for repository candidate interface kr.co.seoulit.reception.repository.ReceptionRepository; If you want this repository to be a Redis repository, consider annotating your entities with one of these annotations: org.springframework.data.redis.core.RedisHash (preferred), or consider extending one of the following types with your repository: org.springframework.data.keyvalue.repository.KeyValueRepository
2026-02-02 20:04:46.469 INFO  o.s.d.r.c.RepositoryConfigurationExtensionSupport - Spring Data Redis - Could not safely identify store assignment for repository candidate interface kr.co.seoulit.reception.repository.ReceptionStatusHistoryRepository; If you want this repository to be a Redis repository, consider annotating your entities with one of these annotations: org.springframework.data.redis.core.RedisHash (preferred), or consider extending one of the following types with your repository: org.springframework.data.keyvalue.repository.KeyValueRepository
2026-02-02 20:04:46.470 INFO  o.s.d.r.c.RepositoryConfigurationExtensionSupport - Spring Data Redis - Could not safely identify store assignment for repository candidate interface kr.co.seoulit.reception.repository.ReservationRepository; If you want this repository to be a Redis repository, consider annotating your entities with one of these annotations: org.springframework.data.redis.core.RedisHash (preferred), or consider extending one of the following types with your repository: org.springframework.data.keyvalue.repository.KeyValueRepository
2026-02-02 20:04:46.471 INFO  o.s.d.r.c.RepositoryConfigurationDelegate - Finished Spring Data repository scanning in 10 ms. Found 0 Redis repository interfaces.
2026-02-02 20:04:47.797 INFO  o.s.b.w.e.tomcat.TomcatWebServer - Tomcat initialized with port 8283 (http)
2026-02-02 20:04:47.846 INFO  o.a.coyote.http11.Http11NioProtocol - Initializing ProtocolHandler ["http-nio-8283"]
2026-02-02 20:04:47.851 INFO  o.a.catalina.core.StandardService - Starting service [Tomcat]
2026-02-02 20:04:47.852 INFO  o.a.catalina.core.StandardEngine - Starting Servlet engine: [Apache Tomcat/10.1.26]
2026-02-02 20:04:48.134 INFO  o.a.c.c.C.[Tomcat].[localhost].[/] - Initializing Spring embedded WebApplicationContext
2026-02-02 20:04:48.136 INFO  o.s.b.w.s.c.ServletWebServerApplicationContext - Root WebApplicationContext: initialization completed in 3377 ms
2026-02-02 20:04:48.910 INFO  o.h.jpa.internal.util.LogHelper - HHH000204: Processing PersistenceUnitInfo [name: default]
2026-02-02 20:04:49.121 INFO  org.hibernate.Version - HHH000412: Hibernate ORM core version 6.5.2.Final
2026-02-02 20:04:49.214 INFO  o.h.c.i.RegionFactoryInitiator - HHH000026: Second-level cache disabled
2026-02-02 20:04:49.921 INFO  o.s.o.j.p.SpringPersistenceUnitInfo - No LoadTimeWeaver setup: ignoring JPA class transformer
2026-02-02 20:04:49.972 INFO  com.zaxxer.hikari.HikariDataSource - HikariPool-1 - Starting...
2026-02-02 20:04:51.016 INFO  com.zaxxer.hikari.pool.HikariPool - HikariPool-1 - Added connection oracle.jdbc.driver.T4CConnection@2d2af12e
2026-02-02 20:04:51.018 INFO  com.zaxxer.hikari.HikariDataSource - HikariPool-1 - Start completed.
2026-02-02 20:04:51.037 WARN  o.h.e.j.e.i.JdbcEnvironmentInitiator - HHH000342: Could not obtain connection to query metadata
org.hibernate.boot.registry.selector.spi.StrategySelectionException: Unable to resolve name [org.hibernate.dialect.Oracle10gDialect] as strategy [org.hibernate.dialect.Dialect]
	at org.hibernate.boot.registry.selector.internal.StrategySelectorImpl.selectStrategyImplementor(StrategySelectorImpl.java:154)
	at org.hibernate.boot.registry.selector.internal.StrategySelectorImpl.resolveStrategy(StrategySelectorImpl.java:236)
	at org.hibernate.boot.registry.selector.internal.StrategySelectorImpl.resolveStrategy(StrategySelectorImpl.java:189)
	at org.hibernate.engine.jdbc.dialect.internal.DialectFactoryImpl.constructDialect(DialectFactoryImpl.java:123)
	at org.hibernate.engine.jdbc.dialect.internal.DialectFactoryImpl.buildDialect(DialectFactoryImpl.java:88)
	at org.hibernate.engine.jdbc.env.internal.JdbcEnvironmentInitiator$1.execute(JdbcEnvironmentInitiator.java:323)
	at org.hibernate.engine.jdbc.env.internal.JdbcEnvironmentInitiator$1.execute(JdbcEnvironmentInitiator.java:291)
	at org.hibernate.jdbc.WorkExecutor.executeReturningWork(WorkExecutor.java:58)
	at org.hibernate.jdbc.AbstractReturningWork.accept(AbstractReturningWork.java:34)
	at org.hibernate.resource.transaction.backend.jdbc.internal.JdbcIsolationDelegate.delegateWork(JdbcIsolationDelegate.java:70)
	at org.hibernate.engine.jdbc.env.internal.JdbcEnvironmentInitiator.getJdbcEnvironmentUsingJdbcMetadata(JdbcEnvironmentInitiator.java:290)
	at org.hibernate.engine.jdbc.env.internal.JdbcEnvironmentInitiator.initiateService(JdbcEnvironmentInitiator.java:123)
	at org.hibernate.engine.jdbc.env.internal.JdbcEnvironmentInitiator.initiateService(JdbcEnvironmentInitiator.java:77)
	at org.hibernate.boot.registry.internal.StandardServiceRegistryImpl.initiateService(StandardServiceRegistryImpl.java:130)
	at org.hibernate.service.internal.AbstractServiceRegistryImpl.createService(AbstractServiceRegistryImpl.java:263)
	at org.hibernate.service.internal.AbstractServiceRegistryImpl.initializeService(AbstractServiceRegistryImpl.java:238)
	at org.hibernate.service.internal.AbstractServiceRegistryImpl.getService(AbstractServiceRegistryImpl.java:215)
	at org.hibernate.boot.model.relational.Database.<init>(Database.java:45)
	at org.hibernate.boot.internal.InFlightMetadataCollectorImpl.getDatabase(InFlightMetadataCollectorImpl.java:221)
	at org.hibernate.boot.internal.InFlightMetadataCollectorImpl.<init>(InFlightMetadataCollectorImpl.java:189)
	at org.hibernate.boot.model.process.spi.MetadataBuildingProcess.complete(MetadataBuildingProcess.java:171)
	at org.hibernate.jpa.boot.internal.EntityManagerFactoryBuilderImpl.metadata(EntityManagerFactoryBuilderImpl.java:1431)
	at org.hibernate.jpa.boot.internal.EntityManagerFactoryBuilderImpl.build(EntityManagerFactoryBuilderImpl.java:1502)
	at org.springframework.orm.jpa.vendor.SpringHibernateJpaPersistenceProvider.createContainerEntityManagerFactory(SpringHibernateJpaPersistenceProvider.java:75)
	at org.springframework.orm.jpa.LocalContainerEntityManagerFactoryBean.createNativeEntityManagerFactory(LocalContainerEntityManagerFactoryBean.java:390)
	at org.springframework.orm.jpa.AbstractEntityManagerFactoryBean.buildNativeEntityManagerFactory(AbstractEntityManagerFactoryBean.java:409)
	at org.springframework.orm.jpa.AbstractEntityManagerFactoryBean.afterPropertiesSet(AbstractEntityManagerFactoryBean.java:396)
	at org.springframework.orm.jpa.LocalContainerEntityManagerFactoryBean.afterPropertiesSet(LocalContainerEntityManagerFactoryBean.java:366)
	at org.springframework.beans.factory.support.AbstractAutowireCapableBeanFactory.invokeInitMethods(AbstractAutowireCapableBeanFactory.java:1853)
	at org.springframework.beans.factory.support.AbstractAutowireCapableBeanFactory.initializeBean(AbstractAutowireCapableBeanFactory.java:1802)
	at org.springframework.beans.factory.support.AbstractAutowireCapableBeanFactory.doCreateBean(AbstractAutowireCapableBeanFactory.java:600)
	at org.springframework.beans.factory.support.AbstractAutowireCapableBeanFactory.createBean(AbstractAutowireCapableBeanFactory.java:522)
	at org.springframework.beans.factory.support.AbstractBeanFactory.lambda$doGetBean$0(AbstractBeanFactory.java:337)
	at org.springframework.beans.factory.support.DefaultSingletonBeanRegistry.getSingleton(DefaultSingletonBeanRegistry.java:234)
	at org.springframework.beans.factory.support.AbstractBeanFactory.doGetBean(AbstractBeanFactory.java:335)
	at org.springframework.beans.factory.support.AbstractBeanFactory.getBean(AbstractBeanFactory.java:205)
	at org.springframework.context.support.AbstractApplicationContext.finishBeanFactoryInitialization(AbstractApplicationContext.java:954)
	at org.springframework.context.support.AbstractApplicationContext.refresh(AbstractApplicationContext.java:625)
	at org.springframework.boot.web.servlet.context.ServletWebServerApplicationContext.refresh(ServletWebServerApplicationContext.java:146)
	at org.springframework.boot.SpringApplication.refresh(SpringApplication.java:754)
	at org.springframework.boot.SpringApplication.refreshContext(SpringApplication.java:456)
	at org.springframework.boot.SpringApplication.run(SpringApplication.java:335)
	at org.springframework.boot.SpringApplication.run(SpringApplication.java:1363)
	at org.springframework.boot.SpringApplication.run(SpringApplication.java:1352)
	at kr.co.seoulit.ReceptionApplication.main(ReceptionApplication.java:12)
Caused by: org.hibernate.boot.registry.classloading.spi.ClassLoadingException: Unable to load class [org.hibernate.dialect.Oracle10gDialect]
	at org.hibernate.boot.registry.classloading.internal.ClassLoaderServiceImpl.classForName(ClassLoaderServiceImpl.java:126)
	at org.hibernate.boot.registry.selector.internal.StrategySelectorImpl.selectStrategyImplementor(StrategySelectorImpl.java:150)
	... 44 common frames omitted
Caused by: java.lang.ClassNotFoundException: Could not load requested class : org.hibernate.dialect.Oracle10gDialect
	at org.hibernate.boot.registry.classloading.internal.AggregatedClassLoader.findClass(AggregatedClassLoader.java:216)
	at java.base/java.lang.ClassLoader.loadClass(ClassLoader.java:592)
	at java.base/java.lang.ClassLoader.loadClass(ClassLoader.java:525)
	at java.base/java.lang.Class.forName0(Native Method)
	at java.base/java.lang.Class.forName(Class.java:467)
	at org.hibernate.boot.registry.classloading.internal.ClassLoaderServiceImpl.classForName(ClassLoaderServiceImpl.java:123)
	... 45 common frames omitted
Caused by: java.lang.Throwable: null
	at org.hibernate.boot.registry.classloading.internal.AggregatedClassLoader.findClass(AggregatedClassLoader.java:209)
	... 50 common frames omitted
	Suppressed: java.lang.ClassNotFoundException: org.hibernate.dialect.Oracle10gDialect
		at java.base/jdk.internal.loader.BuiltinClassLoader.loadClass(BuiltinClassLoader.java:641)
		at java.base/jdk.internal.loader.ClassLoaders$AppClassLoader.loadClass(ClassLoaders.java:188)
		at java.base/java.lang.ClassLoader.loadClass(ClassLoader.java:525)
		at org.hibernate.boot.registry.classloading.internal.AggregatedClassLoader.findClass(AggregatedClassLoader.java:206)
		... 50 common frames omitted
	Suppressed: java.lang.ClassNotFoundException: org.hibernate.dialect.Oracle10gDialect
		at java.base/jdk.internal.loader.BuiltinClassLoader.loadClass(BuiltinClassLoader.java:641)
		at java.base/jdk.internal.loader.ClassLoaders$AppClassLoader.loadClass(ClassLoaders.java:188)
		at java.base/java.lang.ClassLoader.loadClass(ClassLoader.java:525)
		at org.hibernate.boot.registry.classloading.internal.AggregatedClassLoader.findClass(AggregatedClassLoader.java:206)
		... 50 common frames omitted
	Suppressed: java.lang.ClassNotFoundException: org.hibernate.dialect.Oracle10gDialect
		at java.base/jdk.internal.loader.BuiltinClassLoader.loadClass(BuiltinClassLoader.java:641)
		at java.base/jdk.internal.loader.ClassLoaders$AppClassLoader.loadClass(ClassLoaders.java:188)
		at java.base/java.lang.ClassLoader.loadClass(ClassLoader.java:525)
		at org.hibernate.boot.registry.classloading.internal.AggregatedClassLoader.findClass(AggregatedClassLoader.java:206)
		... 50 common frames omitted
2026-02-02 20:04:51.047 ERROR o.s.o.j.LocalContainerEntityManagerFactoryBean - Failed to initialize JPA EntityManagerFactory: Unable to create requested service [org.hibernate.engine.jdbc.env.spi.JdbcEnvironment] due to: Unable to resolve name [org.hibernate.dialect.Oracle10gDialect] as strategy [org.hibernate.dialect.Dialect]
2026-02-02 20:04:51.048 WARN  o.s.b.w.s.c.AnnotationConfigServletWebServerApplicationContext - Exception encountered during context initialization - cancelling refresh attempt: org.springframework.beans.factory.BeanCreationException: Error creating bean with name 'entityManagerFactory' defined in class path resource [org/springframework/boot/autoconfigure/orm/jpa/HibernateJpaConfiguration.class]: Unable to create requested service [org.hibernate.engine.jdbc.env.spi.JdbcEnvironment] due to: Unable to resolve name [org.hibernate.dialect.Oracle10gDialect] as strategy [org.hibernate.dialect.Dialect]
2026-02-02 20:04:51.048 INFO  com.zaxxer.hikari.HikariDataSource - HikariPool-1 - Shutdown initiated...
2026-02-02 20:04:51.136 INFO  com.zaxxer.hikari.HikariDataSource - HikariPool-1 - Shutdown completed.
2026-02-02 20:04:51.144 INFO  o.a.catalina.core.StandardService - Stopping service [Tomcat]
2026-02-02 20:04:51.172 INFO  o.s.b.a.l.ConditionEvaluationReportLogger - 

Error starting ApplicationContext. To display the condition evaluation report re-run your application with 'debug' enabled.
2026-02-02 20:04:51.248 ERROR o.s.boot.SpringApplication - Application run failed
org.springframework.beans.factory.BeanCreationException: Error creating bean with name 'entityManagerFactory' defined in class path resource [org/springframework/boot/autoconfigure/orm/jpa/HibernateJpaConfiguration.class]: Unable to create requested service [org.hibernate.engine.jdbc.env.spi.JdbcEnvironment] due to: Unable to resolve name [org.hibernate.dialect.Oracle10gDialect] as strategy [org.hibernate.dialect.Dialect]
	at org.springframework.beans.factory.support.AbstractAutowireCapableBeanFactory.initializeBean(AbstractAutowireCapableBeanFactory.java:1806)
	at org.springframework.beans.factory.support.AbstractAutowireCapableBeanFactory.doCreateBean(AbstractAutowireCapableBeanFactory.java:600)
	at org.springframework.beans.factory.support.AbstractAutowireCapableBeanFactory.createBean(AbstractAutowireCapableBeanFactory.java:522)
	at org.springframework.beans.factory.support.AbstractBeanFactory.lambda$doGetBean$0(AbstractBeanFactory.java:337)
	at org.springframework.beans.factory.support.DefaultSingletonBeanRegistry.getSingleton(DefaultSingletonBeanRegistry.java:234)
	at org.springframework.beans.factory.support.AbstractBeanFactory.doGetBean(AbstractBeanFactory.java:335)
	at org.springframework.beans.factory.support.AbstractBeanFactory.getBean(AbstractBeanFactory.java:205)
	at org.springframework.context.support.AbstractApplicationContext.finishBeanFactoryInitialization(AbstractApplicationContext.java:954)
	at org.springframework.context.support.AbstractApplicationContext.refresh(AbstractApplicationContext.java:625)
	at org.springframework.boot.web.servlet.context.ServletWebServerApplicationContext.refresh(ServletWebServerApplicationContext.java:146)
	at org.springframework.boot.SpringApplication.refresh(SpringApplication.java:754)
	at org.springframework.boot.SpringApplication.refreshContext(SpringApplication.java:456)
	at org.springframework.boot.SpringApplication.run(SpringApplication.java:335)
	at org.springframework.boot.SpringApplication.run(SpringApplication.java:1363)
	at org.springframework.boot.SpringApplication.run(SpringApplication.java:1352)
	at kr.co.seoulit.ReceptionApplication.main(ReceptionApplication.java:12)
Caused by: org.hibernate.service.spi.ServiceException: Unable to create requested service [org.hibernate.engine.jdbc.env.spi.JdbcEnvironment] due to: Unable to resolve name [org.hibernate.dialect.Oracle10gDialect] as strategy [org.hibernate.dialect.Dialect]
	at org.hibernate.service.internal.AbstractServiceRegistryImpl.createService(AbstractServiceRegistryImpl.java:276)
	at org.hibernate.service.internal.AbstractServiceRegistryImpl.initializeService(AbstractServiceRegistryImpl.java:238)
	at org.hibernate.service.internal.AbstractServiceRegistryImpl.getService(AbstractServiceRegistryImpl.java:215)
	at org.hibernate.boot.model.relational.Database.<init>(Database.java:45)
	at org.hibernate.boot.internal.InFlightMetadataCollectorImpl.getDatabase(InFlightMetadataCollectorImpl.java:221)
	at org.hibernate.boot.internal.InFlightMetadataCollectorImpl.<init>(InFlightMetadataCollectorImpl.java:189)
	at org.hibernate.boot.model.process.spi.MetadataBuildingProcess.complete(MetadataBuildingProcess.java:171)
	at org.hibernate.jpa.boot.internal.EntityManagerFactoryBuilderImpl.metadata(EntityManagerFactoryBuilderImpl.java:1431)
	at org.hibernate.jpa.boot.internal.EntityManagerFactoryBuilderImpl.build(EntityManagerFactoryBuilderImpl.java:1502)
	at org.springframework.orm.jpa.vendor.SpringHibernateJpaPersistenceProvider.createContainerEntityManagerFactory(SpringHibernateJpaPersistenceProvider.java:75)
	at org.springframework.orm.jpa.LocalContainerEntityManagerFactoryBean.createNativeEntityManagerFactory(LocalContainerEntityManagerFactoryBean.java:390)
	at org.springframework.orm.jpa.AbstractEntityManagerFactoryBean.buildNativeEntityManagerFactory(AbstractEntityManagerFactoryBean.java:409)
	at org.springframework.orm.jpa.AbstractEntityManagerFactoryBean.afterPropertiesSet(AbstractEntityManagerFactoryBean.java:396)
	at org.springframework.orm.jpa.LocalContainerEntityManagerFactoryBean.afterPropertiesSet(LocalContainerEntityManagerFactoryBean.java:366)
	at org.springframework.beans.factory.support.AbstractAutowireCapableBeanFactory.invokeInitMethods(AbstractAutowireCapableBeanFactory.java:1853)
	at org.springframework.beans.factory.support.AbstractAutowireCapableBeanFactory.initializeBean(AbstractAutowireCapableBeanFactory.java:1802)
	... 15 common frames omitted
Caused by: org.hibernate.boot.registry.selector.spi.StrategySelectionException: Unable to resolve name [org.hibernate.dialect.Oracle10gDialect] as strategy [org.hibernate.dialect.Dialect]
	at org.hibernate.boot.registry.selector.internal.StrategySelectorImpl.selectStrategyImplementor(StrategySelectorImpl.java:154)
	at org.hibernate.boot.registry.selector.internal.StrategySelectorImpl.resolveStrategy(StrategySelectorImpl.java:236)
	at org.hibernate.boot.registry.selector.internal.StrategySelectorImpl.resolveStrategy(StrategySelectorImpl.java:189)
	at org.hibernate.engine.jdbc.dialect.internal.DialectFactoryImpl.constructDialect(DialectFactoryImpl.java:123)
	at org.hibernate.engine.jdbc.dialect.internal.DialectFactoryImpl.buildDialect(DialectFactoryImpl.java:88)
	at org.hibernate.engine.jdbc.env.internal.JdbcEnvironmentInitiator.getJdbcEnvironmentWithDefaults(JdbcEnvironmentInitiator.java:152)
	at org.hibernate.engine.jdbc.env.internal.JdbcEnvironmentInitiator.getJdbcEnvironmentUsingJdbcMetadata(JdbcEnvironmentInitiator.java:362)
	at org.hibernate.engine.jdbc.env.internal.JdbcEnvironmentInitiator.initiateService(JdbcEnvironmentInitiator.java:123)
	at org.hibernate.engine.jdbc.env.internal.JdbcEnvironmentInitiator.initiateService(JdbcEnvironmentInitiator.java:77)
	at org.hibernate.boot.registry.internal.StandardServiceRegistryImpl.initiateService(StandardServiceRegistryImpl.java:130)
	at org.hibernate.service.internal.AbstractServiceRegistryImpl.createService(AbstractServiceRegistryImpl.java:263)
	... 30 common frames omitted
Caused by: org.hibernate.boot.registry.classloading.spi.ClassLoadingException: Unable to load class [org.hibernate.dialect.Oracle10gDialect]
	at org.hibernate.boot.registry.classloading.internal.ClassLoaderServiceImpl.classForName(ClassLoaderServiceImpl.java:126)
	at org.hibernate.boot.registry.selector.internal.StrategySelectorImpl.selectStrategyImplementor(StrategySelectorImpl.java:150)
	... 40 common frames omitted
Caused by: java.lang.ClassNotFoundException: Could not load requested class : org.hibernate.dialect.Oracle10gDialect
	at org.hibernate.boot.registry.classloading.internal.AggregatedClassLoader.findClass(AggregatedClassLoader.java:216)
	at java.base/java.lang.ClassLoader.loadClass(ClassLoader.java:592)
	at java.base/java.lang.ClassLoader.loadClass(ClassLoader.java:525)
	at java.base/java.lang.Class.forName0(Native Method)
	at java.base/java.lang.Class.forName(Class.java:467)
	at org.hibernate.boot.registry.classloading.internal.ClassLoaderServiceImpl.classForName(ClassLoaderServiceImpl.java:123)
	... 41 common frames omitted
Caused by: java.lang.Throwable: null
	at org.hibernate.boot.registry.classloading.internal.AggregatedClassLoader.findClass(AggregatedClassLoader.java:209)
	... 46 common frames omitted
	Suppressed: java.lang.ClassNotFoundException: org.hibernate.dialect.Oracle10gDialect
		at java.base/jdk.internal.loader.BuiltinClassLoader.loadClass(BuiltinClassLoader.java:641)
		at java.base/jdk.internal.loader.ClassLoaders$AppClassLoader.loadClass(ClassLoaders.java:188)
		at java.base/java.lang.ClassLoader.loadClass(ClassLoader.java:525)
		at org.hibernate.boot.registry.classloading.internal.AggregatedClassLoader.findClass(AggregatedClassLoader.java:206)
		... 46 common frames omitted
	Suppressed: java.lang.ClassNotFoundException: org.hibernate.dialect.Oracle10gDialect
		at java.base/jdk.internal.loader.BuiltinClassLoader.loadClass(BuiltinClassLoader.java:641)
		at java.base/jdk.internal.loader.ClassLoaders$AppClassLoader.loadClass(ClassLoaders.java:188)
		at java.base/java.lang.ClassLoader.loadClass(ClassLoader.java:525)
		at org.hibernate.boot.registry.classloading.internal.AggregatedClassLoader.findClass(AggregatedClassLoader.java:206)
		... 46 common frames omitted
	Suppressed: java.lang.ClassNotFoundException: org.hibernate.dialect.Oracle10gDialect
		at java.base/jdk.internal.loader.BuiltinClassLoader.loadClass(BuiltinClassLoader.java:641)
		at java.base/jdk.internal.loader.ClassLoaders$AppClassLoader.loadClass(ClassLoaders.java:188)
		at java.base/java.lang.ClassLoader.loadClass(ClassLoader.java:525)
		at org.hibernate.boot.registry.classloading.internal.AggregatedClassLoader.findClass(AggregatedClassLoader.java:206)
		... 46 common frames omitted
2026-02-02 20:05:09.746 INFO  o.h.validator.internal.util.Version - HV000001: Hibernate Validator 8.0.1.Final
2026-02-02 20:05:09.797 INFO  kr.co.seoulit.ReceptionApplication - Starting ReceptionApplication using Java 17.0.12 with PID 27280 (C:\dev\teamwork\project\backend\hospital_reception_backend\reception_back\build\classes\java\main started by stu19 in C:\dev\teamwork\project\backend\hospital_reception_backend\reception_back)
2026-02-02 20:05:09.798 INFO  kr.co.seoulit.ReceptionApplication - No active profile set, falling back to 1 default profile: "default"
2026-02-02 20:05:10.758 INFO  o.s.d.r.c.RepositoryConfigurationDelegate - Multiple Spring Data modules found, entering strict repository configuration mode
2026-02-02 20:05:10.760 INFO  o.s.d.r.c.RepositoryConfigurationDelegate - Bootstrapping Spring Data JPA repositories in DEFAULT mode.
2026-02-02 20:05:10.936 INFO  o.s.d.r.c.RepositoryConfigurationDelegate - Finished Spring Data repository scanning in 165 ms. Found 9 JPA repository interfaces.
2026-02-02 20:05:10.953 INFO  o.s.d.r.c.RepositoryConfigurationDelegate - Multiple Spring Data modules found, entering strict repository configuration mode
2026-02-02 20:05:10.954 INFO  o.s.d.r.c.RepositoryConfigurationDelegate - Bootstrapping Spring Data Redis repositories in DEFAULT mode.
2026-02-02 20:05:10.969 INFO  o.s.d.r.c.RepositoryConfigurationExtensionSupport - Spring Data Redis - Could not safely identify store assignment for repository candidate interface kr.co.seoulit.common.audit.AuditLogRepository; If you want this repository to be a Redis repository, consider annotating your entities with one of these annotations: org.springframework.data.redis.core.RedisHash (preferred), or consider extending one of the following types with your repository: org.springframework.data.keyvalue.repository.KeyValueRepository
2026-02-02 20:05:10.970 INFO  o.s.d.r.c.RepositoryConfigurationExtensionSupport - Spring Data Redis - Could not safely identify store assignment for repository candidate interface kr.co.seoulit.reception.repository.DepartmentRepository; If you want this repository to be a Redis repository, consider annotating your entities with one of these annotations: org.springframework.data.redis.core.RedisHash (preferred), or consider extending one of the following types with your repository: org.springframework.data.keyvalue.repository.KeyValueRepository
2026-02-02 20:05:10.970 INFO  o.s.d.r.c.RepositoryConfigurationExtensionSupport - Spring Data Redis - Could not safely identify store assignment for repository candidate interface kr.co.seoulit.reception.repository.DoctorRepository; If you want this repository to be a Redis repository, consider annotating your entities with one of these annotations: org.springframework.data.redis.core.RedisHash (preferred), or consider extending one of the following types with your repository: org.springframework.data.keyvalue.repository.KeyValueRepository
2026-02-02 20:05:10.970 INFO  o.s.d.r.c.RepositoryConfigurationExtensionSupport - Spring Data Redis - Could not safely identify store assignment for repository candidate interface kr.co.seoulit.reception.repository.PatientRepository; If you want this repository to be a Redis repository, consider annotating your entities with one of these annotations: org.springframework.data.redis.core.RedisHash (preferred), or consider extending one of the following types with your repository: org.springframework.data.keyvalue.repository.KeyValueRepository
2026-02-02 20:05:10.970 INFO  o.s.d.r.c.RepositoryConfigurationExtensionSupport - Spring Data Redis - Could not safely identify store assignment for repository candidate interface kr.co.seoulit.reception.repository.ReceptionEmergencyRepository; If you want this repository to be a Redis repository, consider annotating your entities with one of these annotations: org.springframework.data.redis.core.RedisHash (preferred), or consider extending one of the following types with your repository: org.springframework.data.keyvalue.repository.KeyValueRepository
2026-02-02 20:05:10.971 INFO  o.s.d.r.c.RepositoryConfigurationExtensionSupport - Spring Data Redis - Could not safely identify store assignment for repository candidate interface kr.co.seoulit.reception.repository.ReceptionInpatientRepository; If you want this repository to be a Redis repository, consider annotating your entities with one of these annotations: org.springframework.data.redis.core.RedisHash (preferred), or consider extending one of the following types with your repository: org.springframework.data.keyvalue.repository.KeyValueRepository
2026-02-02 20:05:10.971 INFO  o.s.d.r.c.RepositoryConfigurationExtensionSupport - Spring Data Redis - Could not safely identify store assignment for repository candidate interface kr.co.seoulit.reception.repository.ReceptionRepository; If you want this repository to be a Redis repository, consider annotating your entities with one of these annotations: org.springframework.data.redis.core.RedisHash (preferred), or consider extending one of the following types with your repository: org.springframework.data.keyvalue.repository.KeyValueRepository
2026-02-02 20:05:10.971 INFO  o.s.d.r.c.RepositoryConfigurationExtensionSupport - Spring Data Redis - Could not safely identify store assignment for repository candidate interface kr.co.seoulit.reception.repository.ReceptionStatusHistoryRepository; If you want this repository to be a Redis repository, consider annotating your entities with one of these annotations: org.springframework.data.redis.core.RedisHash (preferred), or consider extending one of the following types with your repository: org.springframework.data.keyvalue.repository.KeyValueRepository
2026-02-02 20:05:10.972 INFO  o.s.d.r.c.RepositoryConfigurationExtensionSupport - Spring Data Redis - Could not safely identify store assignment for repository candidate interface kr.co.seoulit.reception.repository.ReservationRepository; If you want this repository to be a Redis repository, consider annotating your entities with one of these annotations: org.springframework.data.redis.core.RedisHash (preferred), or consider extending one of the following types with your repository: org.springframework.data.keyvalue.repository.KeyValueRepository
2026-02-02 20:05:10.972 INFO  o.s.d.r.c.RepositoryConfigurationDelegate - Finished Spring Data repository scanning in 8 ms. Found 0 Redis repository interfaces.
2026-02-02 20:05:11.781 INFO  o.s.b.w.e.tomcat.TomcatWebServer - Tomcat initialized with port 8283 (http)
2026-02-02 20:05:11.796 INFO  o.a.coyote.http11.Http11NioProtocol - Initializing ProtocolHandler ["http-nio-8283"]
2026-02-02 20:05:11.799 INFO  o.a.catalina.core.StandardService - Starting service [Tomcat]
2026-02-02 20:05:11.799 INFO  o.a.catalina.core.StandardEngine - Starting Servlet engine: [Apache Tomcat/10.1.26]
2026-02-02 20:05:11.921 INFO  o.a.c.c.C.[Tomcat].[localhost].[/] - Initializing Spring embedded WebApplicationContext
2026-02-02 20:05:11.922 INFO  o.s.b.w.s.c.ServletWebServerApplicationContext - Root WebApplicationContext: initialization completed in 2073 ms
2026-02-02 20:05:12.169 INFO  o.h.jpa.internal.util.LogHelper - HHH000204: Processing PersistenceUnitInfo [name: default]
2026-02-02 20:05:12.229 INFO  org.hibernate.Version - HHH000412: Hibernate ORM core version 6.5.2.Final
2026-02-02 20:05:12.267 INFO  o.h.c.i.RegionFactoryInitiator - HHH000026: Second-level cache disabled
2026-02-02 20:05:12.594 INFO  o.s.o.j.p.SpringPersistenceUnitInfo - No LoadTimeWeaver setup: ignoring JPA class transformer
2026-02-02 20:05:12.620 INFO  com.zaxxer.hikari.HikariDataSource - HikariPool-1 - Starting...
2026-02-02 20:05:13.138 INFO  com.zaxxer.hikari.pool.HikariPool - HikariPool-1 - Added connection oracle.jdbc.driver.T4CConnection@4ff0706c
2026-02-02 20:05:13.141 INFO  com.zaxxer.hikari.HikariDataSource - HikariPool-1 - Start completed.
2026-02-02 20:05:13.481 WARN  org.hibernate.dialect.Dialect - HHH000511: The 11.2.0 version for [org.hibernate.dialect.OracleDialect] is no longer supported, hence certain features may not work properly. The minimum supported version is 19.0.0. Check the community dialects project for available legacy versions.
2026-02-02 20:05:13.493 WARN  org.hibernate.orm.deprecation - HHH90000025: OracleDialect does not need to be specified explicitly using 'hibernate.dialect' (remove the property setting and it will be selected by default)
2026-02-02 20:05:15.217 INFO  o.h.e.t.j.p.i.JtaPlatformInitiator - HHH000489: No JTA platform available (set 'hibernate.transaction.jta.platform' to enable JTA platform integration)
2026-02-02 20:05:16.903 DEBUG org.hibernate.SQL - create table audit_log (audit_log_id number(19,0) generated as identity, action varchar2(20 char) not null, actor_id number(19,0), after_json json, before_json json, diff_json json, entity_id number(19,0) not null, entity_type varchar2(20 char) not null, occurred_at timestamp(6), reason_code varchar2(30 char), reason_text varchar2(255 char), primary key (audit_log_id))
2026-02-02 20:05:16.923 WARN  o.h.t.s.i.ExceptionHandlerLoggedImpl - GenerationTarget encountered exception accepting command : Error executing DDL "create table audit_log (audit_log_id number(19,0) generated as identity, action varchar2(20 char) not null, actor_id number(19,0), after_json json, before_json json, diff_json json, entity_id number(19,0) not null, entity_type varchar2(20 char) not null, occurred_at timestamp(6), reason_code varchar2(30 char), reason_text varchar2(255 char), primary key (audit_log_id))" via JDBC [ORA-02000: missing ALWAYS keyword
]
org.hibernate.tool.schema.spi.CommandAcceptanceException: Error executing DDL "create table audit_log (audit_log_id number(19,0) generated as identity, action varchar2(20 char) not null, actor_id number(19,0), after_json json, before_json json, diff_json json, entity_id number(19,0) not null, entity_type varchar2(20 char) not null, occurred_at timestamp(6), reason_code varchar2(30 char), reason_text varchar2(255 char), primary key (audit_log_id))" via JDBC [ORA-02000: missing ALWAYS keyword
]
	at org.hibernate.tool.schema.internal.exec.GenerationTargetToDatabase.accept(GenerationTargetToDatabase.java:94)
	at org.hibernate.tool.schema.internal.AbstractSchemaMigrator.applySqlString(AbstractSchemaMigrator.java:575)
	at org.hibernate.tool.schema.internal.AbstractSchemaMigrator.applySqlStrings(AbstractSchemaMigrator.java:515)
	at org.hibernate.tool.schema.internal.AbstractSchemaMigrator.createTable(AbstractSchemaMigrator.java:315)
	at org.hibernate.tool.schema.internal.GroupedSchemaMigratorImpl.performTablesMigration(GroupedSchemaMigratorImpl.java:80)
	at org.hibernate.tool.schema.internal.AbstractSchemaMigrator.performMigration(AbstractSchemaMigrator.java:232)
	at org.hibernate.tool.schema.internal.AbstractSchemaMigrator.doMigration(AbstractSchemaMigrator.java:117)
	at org.hibernate.tool.schema.spi.SchemaManagementToolCoordinator.performDatabaseAction(SchemaManagementToolCoordinator.java:280)
	at org.hibernate.tool.schema.spi.SchemaManagementToolCoordinator.lambda$process$5(SchemaManagementToolCoordinator.java:144)
	at java.base/java.util.HashMap.forEach(HashMap.java:1421)
	at org.hibernate.tool.schema.spi.SchemaManagementToolCoordinator.process(SchemaManagementToolCoordinator.java:141)
	at org.hibernate.boot.internal.SessionFactoryObserverForSchemaExport.sessionFactoryCreated(SessionFactoryObserverForSchemaExport.java:37)
	at org.hibernate.internal.SessionFactoryObserverChain.sessionFactoryCreated(SessionFactoryObserverChain.java:35)
	at org.hibernate.internal.SessionFactoryImpl.<init>(SessionFactoryImpl.java:322)
	at org.hibernate.boot.internal.SessionFactoryBuilderImpl.build(SessionFactoryBuilderImpl.java:457)
	at org.hibernate.jpa.boot.internal.EntityManagerFactoryBuilderImpl.build(EntityManagerFactoryBuilderImpl.java:1506)
	at org.springframework.orm.jpa.vendor.SpringHibernateJpaPersistenceProvider.createContainerEntityManagerFactory(SpringHibernateJpaPersistenceProvider.java:75)
	at org.springframework.orm.jpa.LocalContainerEntityManagerFactoryBean.createNativeEntityManagerFactory(LocalContainerEntityManagerFactoryBean.java:390)
	at org.springframework.orm.jpa.AbstractEntityManagerFactoryBean.buildNativeEntityManagerFactory(AbstractEntityManagerFactoryBean.java:409)
	at org.springframework.orm.jpa.AbstractEntityManagerFactoryBean.afterPropertiesSet(AbstractEntityManagerFactoryBean.java:396)
	at org.springframework.orm.jpa.LocalContainerEntityManagerFactoryBean.afterPropertiesSet(LocalContainerEntityManagerFactoryBean.java:366)
	at org.springframework.beans.factory.support.AbstractAutowireCapableBeanFactory.invokeInitMethods(AbstractAutowireCapableBeanFactory.java:1853)
	at org.springframework.beans.factory.support.AbstractAutowireCapableBeanFactory.initializeBean(AbstractAutowireCapableBeanFactory.java:1802)
	at org.springframework.beans.factory.support.AbstractAutowireCapableBeanFactory.doCreateBean(AbstractAutowireCapableBeanFactory.java:600)
	at org.springframework.beans.factory.support.AbstractAutowireCapableBeanFactory.createBean(AbstractAutowireCapableBeanFactory.java:522)
	at org.springframework.beans.factory.support.AbstractBeanFactory.lambda$doGetBean$0(AbstractBeanFactory.java:337)
	at org.springframework.beans.factory.support.DefaultSingletonBeanRegistry.getSingleton(DefaultSingletonBeanRegistry.java:234)
	at org.springframework.beans.factory.support.AbstractBeanFactory.doGetBean(AbstractBeanFactory.java:335)
	at org.springframework.beans.factory.support.AbstractBeanFactory.getBean(AbstractBeanFactory.java:205)
	at org.springframework.context.support.AbstractApplicationContext.finishBeanFactoryInitialization(AbstractApplicationContext.java:954)
	at org.springframework.context.support.AbstractApplicationContext.refresh(AbstractApplicationContext.java:625)
	at org.springframework.boot.web.servlet.context.ServletWebServerApplicationContext.refresh(ServletWebServerApplicationContext.java:146)
	at org.springframework.boot.SpringApplication.refresh(SpringApplication.java:754)
	at org.springframework.boot.SpringApplication.refreshContext(SpringApplication.java:456)
	at org.springframework.boot.SpringApplication.run(SpringApplication.java:335)
	at org.springframework.boot.SpringApplication.run(SpringApplication.java:1363)
	at org.springframework.boot.SpringApplication.run(SpringApplication.java:1352)
	at kr.co.seoulit.ReceptionApplication.main(ReceptionApplication.java:12)
Caused by: java.sql.SQLSyntaxErrorException: ORA-02000: missing ALWAYS keyword

	at oracle.jdbc.driver.T4CTTIoer11.processError(T4CTTIoer11.java:630)
	at oracle.jdbc.driver.T4CTTIoer11.processError(T4CTTIoer11.java:564)
	at oracle.jdbc.driver.T4C8Oall.processError(T4C8Oall.java:1231)
	at oracle.jdbc.driver.T4CTTIfun.receive(T4CTTIfun.java:772)
	at oracle.jdbc.driver.T4CTTIfun.doRPC(T4CTTIfun.java:299)
	at oracle.jdbc.driver.T4C8Oall.doOALL(T4C8Oall.java:512)
	at oracle.jdbc.driver.T4CStatement.doOall8(T4CStatement.java:123)
	at oracle.jdbc.driver.T4CStatement.executeForRows(T4CStatement.java:1200)
	at oracle.jdbc.driver.OracleStatement.executeSQLStatement(OracleStatement.java:1820)
	at oracle.jdbc.driver.OracleStatement.doExecuteWithTimeout(OracleStatement.java:1472)
	at oracle.jdbc.driver.OracleStatement.executeInternal(OracleStatement.java:2505)
	at oracle.jdbc.driver.OracleStatement.execute(OracleStatement.java:2460)
	at oracle.jdbc.driver.OracleStatementWrapper.execute(OracleStatementWrapper.java:328)
	at com.zaxxer.hikari.pool.ProxyStatement.execute(ProxyStatement.java:94)
	at com.zaxxer.hikari.pool.HikariProxyStatement.execute(HikariProxyStatement.java)
	at org.hibernate.tool.schema.internal.exec.GenerationTargetToDatabase.accept(GenerationTargetToDatabase.java:80)
	... 37 common frames omitted
Caused by: oracle.jdbc.OracleDatabaseException: ORA-02000: missing ALWAYS keyword

	at oracle.jdbc.driver.T4CTTIoer11.processError(T4CTTIoer11.java:637)
	... 52 common frames omitted
2026-02-02 20:05:16.927 DEBUG org.hibernate.SQL - create table reception (reception_id number(19,0) generated as identity, arrived_at timestamp(6), cancel_reason_code varchar2(30 char), cancel_reason_text varchar2(255 char), created_at timestamp(6), created_by number(19,0), department_id number(19,0) not null, department_name varchar2(50 char) not null, doctor_id number(19,0), doctor_name varchar2(50 char), hold_reason_code varchar2(30 char), hold_reason_text varchar2(255 char), inactive_at timestamp(6), inactive_reason_code varchar2(30 char), inactive_reason_text varchar2(255 char), is_active number(1,0) not null check (is_active in (0,1)), note varchar2(255 char), patient_id number(19,0) not null, patient_name varchar2(50 char) not null, reception_no varchar2(30 char) not null, reservation_id number(19,0), scheduled_at timestamp(6), status varchar2(20 char) not null, updated_at timestamp(6), updated_by number(19,0), visit_type varchar2(20 char) not null, primary key (reception_id))
2026-02-02 20:05:16.944 WARN  o.h.t.s.i.ExceptionHandlerLoggedImpl - GenerationTarget encountered exception accepting command : Error executing DDL "create table reception (reception_id number(19,0) generated as identity, arrived_at timestamp(6), cancel_reason_code varchar2(30 char), cancel_reason_text varchar2(255 char), created_at timestamp(6), created_by number(19,0), department_id number(19,0) not null, department_name varchar2(50 char) not null, doctor_id number(19,0), doctor_name varchar2(50 char), hold_reason_code varchar2(30 char), hold_reason_text varchar2(255 char), inactive_at timestamp(6), inactive_reason_code varchar2(30 char), inactive_reason_text varchar2(255 char), is_active number(1,0) not null check (is_active in (0,1)), note varchar2(255 char), patient_id number(19,0) not null, patient_name varchar2(50 char) not null, reception_no varchar2(30 char) not null, reservation_id number(19,0), scheduled_at timestamp(6), status varchar2(20 char) not null, updated_at timestamp(6), updated_by number(19,0), visit_type varchar2(20 char) not null, primary key (reception_id))" via JDBC [ORA-02000: missing ALWAYS keyword
]
org.hibernate.tool.schema.spi.CommandAcceptanceException: Error executing DDL "create table reception (reception_id number(19,0) generated as identity, arrived_at timestamp(6), cancel_reason_code varchar2(30 char), cancel_reason_text varchar2(255 char), created_at timestamp(6), created_by number(19,0), department_id number(19,0) not null, department_name varchar2(50 char) not null, doctor_id number(19,0), doctor_name varchar2(50 char), hold_reason_code varchar2(30 char), hold_reason_text varchar2(255 char), inactive_at timestamp(6), inactive_reason_code varchar2(30 char), inactive_reason_text varchar2(255 char), is_active number(1,0) not null check (is_active in (0,1)), note varchar2(255 char), patient_id number(19,0) not null, patient_name varchar2(50 char) not null, reception_no varchar2(30 char) not null, reservation_id number(19,0), scheduled_at timestamp(6), status varchar2(20 char) not null, updated_at timestamp(6), updated_by number(19,0), visit_type varchar2(20 char) not null, primary key (reception_id))" via JDBC [ORA-02000: missing ALWAYS keyword
]
	at org.hibernate.tool.schema.internal.exec.GenerationTargetToDatabase.accept(GenerationTargetToDatabase.java:94)
	at org.hibernate.tool.schema.internal.AbstractSchemaMigrator.applySqlString(AbstractSchemaMigrator.java:575)
	at org.hibernate.tool.schema.internal.AbstractSchemaMigrator.applySqlStrings(AbstractSchemaMigrator.java:515)
	at org.hibernate.tool.schema.internal.AbstractSchemaMigrator.createTable(AbstractSchemaMigrator.java:315)
	at org.hibernate.tool.schema.internal.GroupedSchemaMigratorImpl.performTablesMigration(GroupedSchemaMigratorImpl.java:80)
	at org.hibernate.tool.schema.internal.AbstractSchemaMigrator.performMigration(AbstractSchemaMigrator.java:232)
	at org.hibernate.tool.schema.internal.AbstractSchemaMigrator.doMigration(AbstractSchemaMigrator.java:117)
	at org.hibernate.tool.schema.spi.SchemaManagementToolCoordinator.performDatabaseAction(SchemaManagementToolCoordinator.java:280)
	at org.hibernate.tool.schema.spi.SchemaManagementToolCoordinator.lambda$process$5(SchemaManagementToolCoordinator.java:144)
	at java.base/java.util.HashMap.forEach(HashMap.java:1421)
	at org.hibernate.tool.schema.spi.SchemaManagementToolCoordinator.process(SchemaManagementToolCoordinator.java:141)
	at org.hibernate.boot.internal.SessionFactoryObserverForSchemaExport.sessionFactoryCreated(SessionFactoryObserverForSchemaExport.java:37)
	at org.hibernate.internal.SessionFactoryObserverChain.sessionFactoryCreated(SessionFactoryObserverChain.java:35)
	at org.hibernate.internal.SessionFactoryImpl.<init>(SessionFactoryImpl.java:322)
	at org.hibernate.boot.internal.SessionFactoryBuilderImpl.build(SessionFactoryBuilderImpl.java:457)
	at org.hibernate.jpa.boot.internal.EntityManagerFactoryBuilderImpl.build(EntityManagerFactoryBuilderImpl.java:1506)
	at org.springframework.orm.jpa.vendor.SpringHibernateJpaPersistenceProvider.createContainerEntityManagerFactory(SpringHibernateJpaPersistenceProvider.java:75)
	at org.springframework.orm.jpa.LocalContainerEntityManagerFactoryBean.createNativeEntityManagerFactory(LocalContainerEntityManagerFactoryBean.java:390)
	at org.springframework.orm.jpa.AbstractEntityManagerFactoryBean.buildNativeEntityManagerFactory(AbstractEntityManagerFactoryBean.java:409)
	at org.springframework.orm.jpa.AbstractEntityManagerFactoryBean.afterPropertiesSet(AbstractEntityManagerFactoryBean.java:396)
	at org.springframework.orm.jpa.LocalContainerEntityManagerFactoryBean.afterPropertiesSet(LocalContainerEntityManagerFactoryBean.java:366)
	at org.springframework.beans.factory.support.AbstractAutowireCapableBeanFactory.invokeInitMethods(AbstractAutowireCapableBeanFactory.java:1853)
	at org.springframework.beans.factory.support.AbstractAutowireCapableBeanFactory.initializeBean(AbstractAutowireCapableBeanFactory.java:1802)
	at org.springframework.beans.factory.support.AbstractAutowireCapableBeanFactory.doCreateBean(AbstractAutowireCapableBeanFactory.java:600)
	at org.springframework.beans.factory.support.AbstractAutowireCapableBeanFactory.createBean(AbstractAutowireCapableBeanFactory.java:522)
	at org.springframework.beans.factory.support.AbstractBeanFactory.lambda$doGetBean$0(AbstractBeanFactory.java:337)
	at org.springframework.beans.factory.support.DefaultSingletonBeanRegistry.getSingleton(DefaultSingletonBeanRegistry.java:234)
	at org.springframework.beans.factory.support.AbstractBeanFactory.doGetBean(AbstractBeanFactory.java:335)
	at org.springframework.beans.factory.support.AbstractBeanFactory.getBean(AbstractBeanFactory.java:205)
	at org.springframework.context.support.AbstractApplicationContext.finishBeanFactoryInitialization(AbstractApplicationContext.java:954)
	at org.springframework.context.support.AbstractApplicationContext.refresh(AbstractApplicationContext.java:625)
	at org.springframework.boot.web.servlet.context.ServletWebServerApplicationContext.refresh(ServletWebServerApplicationContext.java:146)
	at org.springframework.boot.SpringApplication.refresh(SpringApplication.java:754)
	at org.springframework.boot.SpringApplication.refreshContext(SpringApplication.java:456)
	at org.springframework.boot.SpringApplication.run(SpringApplication.java:335)
	at org.springframework.boot.SpringApplication.run(SpringApplication.java:1363)
	at org.springframework.boot.SpringApplication.run(SpringApplication.java:1352)
	at kr.co.seoulit.ReceptionApplication.main(ReceptionApplication.java:12)
Caused by: java.sql.SQLSyntaxErrorException: ORA-02000: missing ALWAYS keyword

	at oracle.jdbc.driver.T4CTTIoer11.processError(T4CTTIoer11.java:630)
	at oracle.jdbc.driver.T4CTTIoer11.processError(T4CTTIoer11.java:564)
	at oracle.jdbc.driver.T4C8Oall.processError(T4C8Oall.java:1231)
	at oracle.jdbc.driver.T4CTTIfun.receive(T4CTTIfun.java:772)
	at oracle.jdbc.driver.T4CTTIfun.doRPC(T4CTTIfun.java:299)
	at oracle.jdbc.driver.T4C8Oall.doOALL(T4C8Oall.java:512)
	at oracle.jdbc.driver.T4CStatement.doOall8(T4CStatement.java:123)
	at oracle.jdbc.driver.T4CStatement.executeForRows(T4CStatement.java:1200)
	at oracle.jdbc.driver.OracleStatement.executeSQLStatement(OracleStatement.java:1820)
	at oracle.jdbc.driver.OracleStatement.doExecuteWithTimeout(OracleStatement.java:1472)
	at oracle.jdbc.driver.OracleStatement.executeInternal(OracleStatement.java:2505)
	at oracle.jdbc.driver.OracleStatement.execute(OracleStatement.java:2460)
	at oracle.jdbc.driver.OracleStatementWrapper.execute(OracleStatementWrapper.java:328)
	at com.zaxxer.hikari.pool.ProxyStatement.execute(ProxyStatement.java:94)
	at com.zaxxer.hikari.pool.HikariProxyStatement.execute(HikariProxyStatement.java)
	at org.hibernate.tool.schema.internal.exec.GenerationTargetToDatabase.accept(GenerationTargetToDatabase.java:80)
	... 37 common frames omitted
Caused by: oracle.jdbc.OracleDatabaseException: ORA-02000: missing ALWAYS keyword

	at oracle.jdbc.driver.T4CTTIoer11.processError(T4CTTIoer11.java:637)
	... 52 common frames omitted
2026-02-02 20:05:16.945 DEBUG org.hibernate.SQL - create table reception_emergency (reception_id number(19,0) not null, arrival_mode varchar2(20 char), chief_complaint varchar2(255 char) not null, triage_level number(10,0) not null, triage_note varchar2(255 char), vital_bp_diastolic number(10,0), vital_bp_systolic number(10,0), vital_hr number(10,0), vital_rr number(10,0), vital_spo2 number(10,0), vital_temp float(53), primary key (reception_id))
2026-02-02 20:05:17.075 DEBUG org.hibernate.SQL - create table reception_inpatient (reception_id number(19,0) not null, admission_plan_at timestamp(6) not null, room_id number(19,0), ward_id number(19,0), primary key (reception_id))
2026-02-02 20:05:17.264 DEBUG org.hibernate.SQL - create table reception_status_history (status_history_id number(19,0) generated as identity, changed_at timestamp(6), changed_by number(19,0), from_status varchar2(20 char), reason_code varchar2(30 char), reason_text varchar2(255 char), reception_id number(19,0) not null, to_status varchar2(20 char) not null, primary key (status_history_id))
2026-02-02 20:05:17.381 WARN  o.h.t.s.i.ExceptionHandlerLoggedImpl - GenerationTarget encountered exception accepting command : Error executing DDL "create table reception_status_history (status_history_id number(19,0) generated as identity, changed_at timestamp(6), changed_by number(19,0), from_status varchar2(20 char), reason_code varchar2(30 char), reason_text varchar2(255 char), reception_id number(19,0) not null, to_status varchar2(20 char) not null, primary key (status_history_id))" via JDBC [ORA-02000: missing ALWAYS keyword
]
org.hibernate.tool.schema.spi.CommandAcceptanceException: Error executing DDL "create table reception_status_history (status_history_id number(19,0) generated as identity, changed_at timestamp(6), changed_by number(19,0), from_status varchar2(20 char), reason_code varchar2(30 char), reason_text varchar2(255 char), reception_id number(19,0) not null, to_status varchar2(20 char) not null, primary key (status_history_id))" via JDBC [ORA-02000: missing ALWAYS keyword
]
	at org.hibernate.tool.schema.internal.exec.GenerationTargetToDatabase.accept(GenerationTargetToDatabase.java:94)
	at org.hibernate.tool.schema.internal.AbstractSchemaMigrator.applySqlString(AbstractSchemaMigrator.java:575)
	at org.hibernate.tool.schema.internal.AbstractSchemaMigrator.applySqlStrings(AbstractSchemaMigrator.java:515)
	at org.hibernate.tool.schema.internal.AbstractSchemaMigrator.createTable(AbstractSchemaMigrator.java:315)
	at org.hibernate.tool.schema.internal.GroupedSchemaMigratorImpl.performTablesMigration(GroupedSchemaMigratorImpl.java:80)
	at org.hibernate.tool.schema.internal.AbstractSchemaMigrator.performMigration(AbstractSchemaMigrator.java:232)
	at org.hibernate.tool.schema.internal.AbstractSchemaMigrator.doMigration(AbstractSchemaMigrator.java:117)
	at org.hibernate.tool.schema.spi.SchemaManagementToolCoordinator.performDatabaseAction(SchemaManagementToolCoordinator.java:280)
	at org.hibernate.tool.schema.spi.SchemaManagementToolCoordinator.lambda$process$5(SchemaManagementToolCoordinator.java:144)
	at java.base/java.util.HashMap.forEach(HashMap.java:1421)
	at org.hibernate.tool.schema.spi.SchemaManagementToolCoordinator.process(SchemaManagementToolCoordinator.java:141)
	at org.hibernate.boot.internal.SessionFactoryObserverForSchemaExport.sessionFactoryCreated(SessionFactoryObserverForSchemaExport.java:37)
	at org.hibernate.internal.SessionFactoryObserverChain.sessionFactoryCreated(SessionFactoryObserverChain.java:35)
	at org.hibernate.internal.SessionFactoryImpl.<init>(SessionFactoryImpl.java:322)
	at org.hibernate.boot.internal.SessionFactoryBuilderImpl.build(SessionFactoryBuilderImpl.java:457)
	at org.hibernate.jpa.boot.internal.EntityManagerFactoryBuilderImpl.build(EntityManagerFactoryBuilderImpl.java:1506)
	at org.springframework.orm.jpa.vendor.SpringHibernateJpaPersistenceProvider.createContainerEntityManagerFactory(SpringHibernateJpaPersistenceProvider.java:75)
	at org.springframework.orm.jpa.LocalContainerEntityManagerFactoryBean.createNativeEntityManagerFactory(LocalContainerEntityManagerFactoryBean.java:390)
	at org.springframework.orm.jpa.AbstractEntityManagerFactoryBean.buildNativeEntityManagerFactory(AbstractEntityManagerFactoryBean.java:409)
	at org.springframework.orm.jpa.AbstractEntityManagerFactoryBean.afterPropertiesSet(AbstractEntityManagerFactoryBean.java:396)
	at org.springframework.orm.jpa.LocalContainerEntityManagerFactoryBean.afterPropertiesSet(LocalContainerEntityManagerFactoryBean.java:366)
	at org.springframework.beans.factory.support.AbstractAutowireCapableBeanFactory.invokeInitMethods(AbstractAutowireCapableBeanFactory.java:1853)
	at org.springframework.beans.factory.support.AbstractAutowireCapableBeanFactory.initializeBean(AbstractAutowireCapableBeanFactory.java:1802)
	at org.springframework.beans.factory.support.AbstractAutowireCapableBeanFactory.doCreateBean(AbstractAutowireCapableBeanFactory.java:600)
	at org.springframework.beans.factory.support.AbstractAutowireCapableBeanFactory.createBean(AbstractAutowireCapableBeanFactory.java:522)
	at org.springframework.beans.factory.support.AbstractBeanFactory.lambda$doGetBean$0(AbstractBeanFactory.java:337)
	at org.springframework.beans.factory.support.DefaultSingletonBeanRegistry.getSingleton(DefaultSingletonBeanRegistry.java:234)
	at org.springframework.beans.factory.support.AbstractBeanFactory.doGetBean(AbstractBeanFactory.java:335)
	at org.springframework.beans.factory.support.AbstractBeanFactory.getBean(AbstractBeanFactory.java:205)
	at org.springframework.context.support.AbstractApplicationContext.finishBeanFactoryInitialization(AbstractApplicationContext.java:954)
	at org.springframework.context.support.AbstractApplicationContext.refresh(AbstractApplicationContext.java:625)
	at org.springframework.boot.web.servlet.context.ServletWebServerApplicationContext.refresh(ServletWebServerApplicationContext.java:146)
	at org.springframework.boot.SpringApplication.refresh(SpringApplication.java:754)
	at org.springframework.boot.SpringApplication.refreshContext(SpringApplication.java:456)
	at org.springframework.boot.SpringApplication.run(SpringApplication.java:335)
	at org.springframework.boot.SpringApplication.run(SpringApplication.java:1363)
	at org.springframework.boot.SpringApplication.run(SpringApplication.java:1352)
	at kr.co.seoulit.ReceptionApplication.main(ReceptionApplication.java:12)
Caused by: java.sql.SQLSyntaxErrorException: ORA-02000: missing ALWAYS keyword

	at oracle.jdbc.driver.T4CTTIoer11.processError(T4CTTIoer11.java:630)
	at oracle.jdbc.driver.T4CTTIoer11.processError(T4CTTIoer11.java:564)
	at oracle.jdbc.driver.T4C8Oall.processError(T4C8Oall.java:1231)
	at oracle.jdbc.driver.T4CTTIfun.receive(T4CTTIfun.java:772)
	at oracle.jdbc.driver.T4CTTIfun.doRPC(T4CTTIfun.java:299)
	at oracle.jdbc.driver.T4C8Oall.doOALL(T4C8Oall.java:512)
	at oracle.jdbc.driver.T4CStatement.doOall8(T4CStatement.java:123)
	at oracle.jdbc.driver.T4CStatement.executeForRows(T4CStatement.java:1200)
	at oracle.jdbc.driver.OracleStatement.executeSQLStatement(OracleStatement.java:1820)
	at oracle.jdbc.driver.OracleStatement.doExecuteWithTimeout(OracleStatement.java:1472)
	at oracle.jdbc.driver.OracleStatement.executeInternal(OracleStatement.java:2505)
	at oracle.jdbc.driver.OracleStatement.execute(OracleStatement.java:2460)
	at oracle.jdbc.driver.OracleStatementWrapper.execute(OracleStatementWrapper.java:328)
	at com.zaxxer.hikari.pool.ProxyStatement.execute(ProxyStatement.java:94)
	at com.zaxxer.hikari.pool.HikariProxyStatement.execute(HikariProxyStatement.java)
	at org.hibernate.tool.schema.internal.exec.GenerationTargetToDatabase.accept(GenerationTargetToDatabase.java:80)
	... 37 common frames omitted
Caused by: oracle.jdbc.OracleDatabaseException: ORA-02000: missing ALWAYS keyword

	at oracle.jdbc.driver.T4CTTIoer11.processError(T4CTTIoer11.java:637)
	... 52 common frames omitted
2026-02-02 20:05:17.385 DEBUG org.hibernate.SQL - create table reservation (reservation_id number(19,0) generated as identity, cancel_reason_code varchar2(30 char), cancel_reason_text varchar2(255 char), canceled_at timestamp(6), created_at timestamp(6), created_by number(19,0), department_id number(19,0) not null, department_name varchar2(50 char) not null, doctor_id number(19,0), doctor_name varchar2(50 char), inactive_at timestamp(6), inactive_reason_code varchar2(30 char), inactive_reason_text varchar2(255 char), is_active number(1,0) not null check (is_active in (0,1)), note varchar2(255 char), patient_id number(19,0) not null, patient_name varchar2(50 char) not null, reservation_no varchar2(30 char) not null, reserved_at timestamp(6) not null, status varchar2(20 char) not null, updated_at timestamp(6), updated_by number(19,0), primary key (reservation_id))
2026-02-02 20:05:17.405 WARN  o.h.t.s.i.ExceptionHandlerLoggedImpl - GenerationTarget encountered exception accepting command : Error executing DDL "create table reservation (reservation_id number(19,0) generated as identity, cancel_reason_code varchar2(30 char), cancel_reason_text varchar2(255 char), canceled_at timestamp(6), created_at timestamp(6), created_by number(19,0), department_id number(19,0) not null, department_name varchar2(50 char) not null, doctor_id number(19,0), doctor_name varchar2(50 char), inactive_at timestamp(6), inactive_reason_code varchar2(30 char), inactive_reason_text varchar2(255 char), is_active number(1,0) not null check (is_active in (0,1)), note varchar2(255 char), patient_id number(19,0) not null, patient_name varchar2(50 char) not null, reservation_no varchar2(30 char) not null, reserved_at timestamp(6) not null, status varchar2(20 char) not null, updated_at timestamp(6), updated_by number(19,0), primary key (reservation_id))" via JDBC [ORA-02000: missing ALWAYS keyword
]
org.hibernate.tool.schema.spi.CommandAcceptanceException: Error executing DDL "create table reservation (reservation_id number(19,0) generated as identity, cancel_reason_code varchar2(30 char), cancel_reason_text varchar2(255 char), canceled_at timestamp(6), created_at timestamp(6), created_by number(19,0), department_id number(19,0) not null, department_name varchar2(50 char) not null, doctor_id number(19,0), doctor_name varchar2(50 char), inactive_at timestamp(6), inactive_reason_code varchar2(30 char), inactive_reason_text varchar2(255 char), is_active number(1,0) not null check (is_active in (0,1)), note varchar2(255 char), patient_id number(19,0) not null, patient_name varchar2(50 char) not null, reservation_no varchar2(30 char) not null, reserved_at timestamp(6) not null, status varchar2(20 char) not null, updated_at timestamp(6), updated_by number(19,0), primary key (reservation_id))" via JDBC [ORA-02000: missing ALWAYS keyword
]
	at org.hibernate.tool.schema.internal.exec.GenerationTargetToDatabase.accept(GenerationTargetToDatabase.java:94)
	at org.hibernate.tool.schema.internal.AbstractSchemaMigrator.applySqlString(AbstractSchemaMigrator.java:575)
	at org.hibernate.tool.schema.internal.AbstractSchemaMigrator.applySqlStrings(AbstractSchemaMigrator.java:515)
	at org.hibernate.tool.schema.internal.AbstractSchemaMigrator.createTable(AbstractSchemaMigrator.java:315)
	at org.hibernate.tool.schema.internal.GroupedSchemaMigratorImpl.performTablesMigration(GroupedSchemaMigratorImpl.java:80)
	at org.hibernate.tool.schema.internal.AbstractSchemaMigrator.performMigration(AbstractSchemaMigrator.java:232)
	at org.hibernate.tool.schema.internal.AbstractSchemaMigrator.doMigration(AbstractSchemaMigrator.java:117)
	at org.hibernate.tool.schema.spi.SchemaManagementToolCoordinator.performDatabaseAction(SchemaManagementToolCoordinator.java:280)
	at org.hibernate.tool.schema.spi.SchemaManagementToolCoordinator.lambda$process$5(SchemaManagementToolCoordinator.java:144)
	at java.base/java.util.HashMap.forEach(HashMap.java:1421)
	at org.hibernate.tool.schema.spi.SchemaManagementToolCoordinator.process(SchemaManagementToolCoordinator.java:141)
	at org.hibernate.boot.internal.SessionFactoryObserverForSchemaExport.sessionFactoryCreated(SessionFactoryObserverForSchemaExport.java:37)
	at org.hibernate.internal.SessionFactoryObserverChain.sessionFactoryCreated(SessionFactoryObserverChain.java:35)
	at org.hibernate.internal.SessionFactoryImpl.<init>(SessionFactoryImpl.java:322)
	at org.hibernate.boot.internal.SessionFactoryBuilderImpl.build(SessionFactoryBuilderImpl.java:457)
	at org.hibernate.jpa.boot.internal.EntityManagerFactoryBuilderImpl.build(EntityManagerFactoryBuilderImpl.java:1506)
	at org.springframework.orm.jpa.vendor.SpringHibernateJpaPersistenceProvider.createContainerEntityManagerFactory(SpringHibernateJpaPersistenceProvider.java:75)
	at org.springframework.orm.jpa.LocalContainerEntityManagerFactoryBean.createNativeEntityManagerFactory(LocalContainerEntityManagerFactoryBean.java:390)
	at org.springframework.orm.jpa.AbstractEntityManagerFactoryBean.buildNativeEntityManagerFactory(AbstractEntityManagerFactoryBean.java:409)
	at org.springframework.orm.jpa.AbstractEntityManagerFactoryBean.afterPropertiesSet(AbstractEntityManagerFactoryBean.java:396)
	at org.springframework.orm.jpa.LocalContainerEntityManagerFactoryBean.afterPropertiesSet(LocalContainerEntityManagerFactoryBean.java:366)
	at org.springframework.beans.factory.support.AbstractAutowireCapableBeanFactory.invokeInitMethods(AbstractAutowireCapableBeanFactory.java:1853)
	at org.springframework.beans.factory.support.AbstractAutowireCapableBeanFactory.initializeBean(AbstractAutowireCapableBeanFactory.java:1802)
	at org.springframework.beans.factory.support.AbstractAutowireCapableBeanFactory.doCreateBean(AbstractAutowireCapableBeanFactory.java:600)
	at org.springframework.beans.factory.support.AbstractAutowireCapableBeanFactory.createBean(AbstractAutowireCapableBeanFactory.java:522)
	at org.springframework.beans.factory.support.AbstractBeanFactory.lambda$doGetBean$0(AbstractBeanFactory.java:337)
	at org.springframework.beans.factory.support.DefaultSingletonBeanRegistry.getSingleton(DefaultSingletonBeanRegistry.java:234)
	at org.springframework.beans.factory.support.AbstractBeanFactory.doGetBean(AbstractBeanFactory.java:335)
	at org.springframework.beans.factory.support.AbstractBeanFactory.getBean(AbstractBeanFactory.java:205)
	at org.springframework.context.support.AbstractApplicationContext.finishBeanFactoryInitialization(AbstractApplicationContext.java:954)
	at org.springframework.context.support.AbstractApplicationContext.refresh(AbstractApplicationContext.java:625)
	at org.springframework.boot.web.servlet.context.ServletWebServerApplicationContext.refresh(ServletWebServerApplicationContext.java:146)
	at org.springframework.boot.SpringApplication.refresh(SpringApplication.java:754)
	at org.springframework.boot.SpringApplication.refreshContext(SpringApplication.java:456)
	at org.springframework.boot.SpringApplication.run(SpringApplication.java:335)
	at org.springframework.boot.SpringApplication.run(SpringApplication.java:1363)
	at org.springframework.boot.SpringApplication.run(SpringApplication.java:1352)
	at kr.co.seoulit.ReceptionApplication.main(ReceptionApplication.java:12)
Caused by: java.sql.SQLSyntaxErrorException: ORA-02000: missing ALWAYS keyword

	at oracle.jdbc.driver.T4CTTIoer11.processError(T4CTTIoer11.java:630)
	at oracle.jdbc.driver.T4CTTIoer11.processError(T4CTTIoer11.java:564)
	at oracle.jdbc.driver.T4C8Oall.processError(T4C8Oall.java:1231)
	at oracle.jdbc.driver.T4CTTIfun.receive(T4CTTIfun.java:772)
	at oracle.jdbc.driver.T4CTTIfun.doRPC(T4CTTIfun.java:299)
	at oracle.jdbc.driver.T4C8Oall.doOALL(T4C8Oall.java:512)
	at oracle.jdbc.driver.T4CStatement.doOall8(T4CStatement.java:123)
	at oracle.jdbc.driver.T4CStatement.executeForRows(T4CStatement.java:1200)
	at oracle.jdbc.driver.OracleStatement.executeSQLStatement(OracleStatement.java:1820)
	at oracle.jdbc.driver.OracleStatement.doExecuteWithTimeout(OracleStatement.java:1472)
	at oracle.jdbc.driver.OracleStatement.executeInternal(OracleStatement.java:2505)
	at oracle.jdbc.driver.OracleStatement.execute(OracleStatement.java:2460)
	at oracle.jdbc.driver.OracleStatementWrapper.execute(OracleStatementWrapper.java:328)
	at com.zaxxer.hikari.pool.ProxyStatement.execute(ProxyStatement.java:94)
	at com.zaxxer.hikari.pool.HikariProxyStatement.execute(HikariProxyStatement.java)
	at org.hibernate.tool.schema.internal.exec.GenerationTargetToDatabase.accept(GenerationTargetToDatabase.java:80)
	... 37 common frames omitted
Caused by: oracle.jdbc.OracleDatabaseException: ORA-02000: missing ALWAYS keyword

	at oracle.jdbc.driver.T4CTTIoer11.processError(T4CTTIoer11.java:637)
	... 52 common frames omitted
2026-02-02 20:05:17.407 DEBUG org.hibernate.SQL - alter table reception drop constraint UK3peucieotou86scox8diy0xg1
2026-02-02 20:05:17.430 DEBUG org.hibernate.SQL - alter table reception add constraint UK3peucieotou86scox8diy0xg1 unique (reception_no)
2026-02-02 20:05:17.451 DEBUG org.hibernate.SQL - alter table reservation drop constraint UKitn59jge219max0h3hrs9l3t6
2026-02-02 20:05:17.472 DEBUG org.hibernate.SQL - alter table reservation add constraint UKitn59jge219max0h3hrs9l3t6 unique (reservation_no)
2026-02-02 20:05:17.496 INFO  o.s.o.j.LocalContainerEntityManagerFactoryBean - Initialized JPA EntityManagerFactory for persistence unit 'default'
2026-02-02 20:05:18.817 WARN  o.s.b.a.o.j.JpaBaseConfiguration$JpaWebConfiguration - spring.jpa.open-in-view is enabled by default. Therefore, database queries may be performed during view rendering. Explicitly configure spring.jpa.open-in-view to disable this warning
2026-02-02 20:05:19.683 INFO  o.a.coyote.http11.Http11NioProtocol - Starting ProtocolHandler ["http-nio-8283"]
2026-02-02 20:05:19.694 WARN  o.s.b.w.s.c.AnnotationConfigServletWebServerApplicationContext - Exception encountered during context initialization - cancelling refresh attempt: org.springframework.context.ApplicationContextException: Failed to start bean 'webServerStartStop'
2026-02-02 20:05:19.703 INFO  o.s.o.j.LocalContainerEntityManagerFactoryBean - Closing JPA EntityManagerFactory for persistence unit 'default'
2026-02-02 20:05:19.704 INFO  com.zaxxer.hikari.HikariDataSource - HikariPool-1 - Shutdown initiated...
2026-02-02 20:05:19.816 INFO  com.zaxxer.hikari.HikariDataSource - HikariPool-1 - Shutdown completed.
2026-02-02 20:05:19.829 INFO  o.s.b.a.l.ConditionEvaluationReportLogger - 

Error starting ApplicationContext. To display the condition evaluation report re-run your application with 'debug' enabled.
2026-02-02 20:05:19.846 ERROR o.s.b.d.LoggingFailureAnalysisReporter - 

***************************
APPLICATION FAILED TO START
***************************

Description:

Web server failed to start. Port 8283 was already in use.

Action:

Identify and stop the process that's listening on port 8283 or configure this application to listen on another port.

2026-02-02 20:06:22.448 INFO  o.h.validator.internal.util.Version - HV000001: Hibernate Validator 8.0.1.Final
2026-02-02 20:06:22.504 INFO  kr.co.seoulit.ReceptionApplication - Starting ReceptionApplication using Java 17.0.12 with PID 8100 (C:\dev\teamwork\project\backend\hospital_reception_backend\reception_back\build\classes\java\main started by stu19 in C:\dev\teamwork\project\backend\hospital_reception_backend\reception_back)
2026-02-02 20:06:22.505 INFO  kr.co.seoulit.ReceptionApplication - No active profile set, falling back to 1 default profile: "default"
2026-02-02 20:06:23.483 INFO  o.s.d.r.c.RepositoryConfigurationDelegate - Multiple Spring Data modules found, entering strict repository configuration mode
2026-02-02 20:06:23.485 INFO  o.s.d.r.c.RepositoryConfigurationDelegate - Bootstrapping Spring Data JPA repositories in DEFAULT mode.
2026-02-02 20:06:23.656 INFO  o.s.d.r.c.RepositoryConfigurationDelegate - Finished Spring Data repository scanning in 164 ms. Found 9 JPA repository interfaces.
2026-02-02 20:06:23.675 INFO  o.s.d.r.c.RepositoryConfigurationDelegate - Multiple Spring Data modules found, entering strict repository configuration mode
2026-02-02 20:06:23.676 INFO  o.s.d.r.c.RepositoryConfigurationDelegate - Bootstrapping Spring Data Redis repositories in DEFAULT mode.
2026-02-02 20:06:23.717 INFO  o.s.d.r.c.RepositoryConfigurationExtensionSupport - Spring Data Redis - Could not safely identify store assignment for repository candidate interface kr.co.seoulit.common.audit.AuditLogRepository; If you want this repository to be a Redis repository, consider annotating your entities with one of these annotations: org.springframework.data.redis.core.RedisHash (preferred), or consider extending one of the following types with your repository: org.springframework.data.keyvalue.repository.KeyValueRepository
2026-02-02 20:06:23.717 INFO  o.s.d.r.c.RepositoryConfigurationExtensionSupport - Spring Data Redis - Could not safely identify store assignment for repository candidate interface kr.co.seoulit.reception.repository.DepartmentRepository; If you want this repository to be a Redis repository, consider annotating your entities with one of these annotations: org.springframework.data.redis.core.RedisHash (preferred), or consider extending one of the following types with your repository: org.springframework.data.keyvalue.repository.KeyValueRepository
2026-02-02 20:06:23.717 INFO  o.s.d.r.c.RepositoryConfigurationExtensionSupport - Spring Data Redis - Could not safely identify store assignment for repository candidate interface kr.co.seoulit.reception.repository.DoctorRepository; If you want this repository to be a Redis repository, consider annotating your entities with one of these annotations: org.springframework.data.redis.core.RedisHash (preferred), or consider extending one of the following types with your repository: org.springframework.data.keyvalue.repository.KeyValueRepository
2026-02-02 20:06:23.717 INFO  o.s.d.r.c.RepositoryConfigurationExtensionSupport - Spring Data Redis - Could not safely identify store assignment for repository candidate interface kr.co.seoulit.reception.repository.PatientRepository; If you want this repository to be a Redis repository, consider annotating your entities with one of these annotations: org.springframework.data.redis.core.RedisHash (preferred), or consider extending one of the following types with your repository: org.springframework.data.keyvalue.repository.KeyValueRepository
2026-02-02 20:06:23.717 INFO  o.s.d.r.c.RepositoryConfigurationExtensionSupport - Spring Data Redis - Could not safely identify store assignment for repository candidate interface kr.co.seoulit.reception.repository.ReceptionEmergencyRepository; If you want this repository to be a Redis repository, consider annotating your entities with one of these annotations: org.springframework.data.redis.core.RedisHash (preferred), or consider extending one of the following types with your repository: org.springframework.data.keyvalue.repository.KeyValueRepository
2026-02-02 20:06:23.717 INFO  o.s.d.r.c.RepositoryConfigurationExtensionSupport - Spring Data Redis - Could not safely identify store assignment for repository candidate interface kr.co.seoulit.reception.repository.ReceptionInpatientRepository; If you want this repository to be a Redis repository, consider annotating your entities with one of these annotations: org.springframework.data.redis.core.RedisHash (preferred), or consider extending one of the following types with your repository: org.springframework.data.keyvalue.repository.KeyValueRepository
2026-02-02 20:06:23.718 INFO  o.s.d.r.c.RepositoryConfigurationExtensionSupport - Spring Data Redis - Could not safely identify store assignment for repository candidate interface kr.co.seoulit.reception.repository.ReceptionRepository; If you want this repository to be a Redis repository, consider annotating your entities with one of these annotations: org.springframework.data.redis.core.RedisHash (preferred), or consider extending one of the following types with your repository: org.springframework.data.keyvalue.repository.KeyValueRepository
2026-02-02 20:06:23.718 INFO  o.s.d.r.c.RepositoryConfigurationExtensionSupport - Spring Data Redis - Could not safely identify store assignment for repository candidate interface kr.co.seoulit.reception.repository.ReceptionStatusHistoryRepository; If you want this repository to be a Redis repository, consider annotating your entities with one of these annotations: org.springframework.data.redis.core.RedisHash (preferred), or consider extending one of the following types with your repository: org.springframework.data.keyvalue.repository.KeyValueRepository
2026-02-02 20:06:23.719 INFO  o.s.d.r.c.RepositoryConfigurationExtensionSupport - Spring Data Redis - Could not safely identify store assignment for repository candidate interface kr.co.seoulit.reception.repository.ReservationRepository; If you want this repository to be a Redis repository, consider annotating your entities with one of these annotations: org.springframework.data.redis.core.RedisHash (preferred), or consider extending one of the following types with your repository: org.springframework.data.keyvalue.repository.KeyValueRepository
2026-02-02 20:06:23.719 INFO  o.s.d.r.c.RepositoryConfigurationDelegate - Finished Spring Data repository scanning in 12 ms. Found 0 Redis repository interfaces.
2026-02-02 20:06:24.527 INFO  o.s.b.w.e.tomcat.TomcatWebServer - Tomcat initialized with port 8283 (http)
2026-02-02 20:06:24.538 INFO  o.a.coyote.http11.Http11NioProtocol - Initializing ProtocolHandler ["http-nio-8283"]
2026-02-02 20:06:24.540 INFO  o.a.catalina.core.StandardService - Starting service [Tomcat]
2026-02-02 20:06:24.541 INFO  o.a.catalina.core.StandardEngine - Starting Servlet engine: [Apache Tomcat/10.1.26]
2026-02-02 20:06:24.627 INFO  o.a.c.c.C.[Tomcat].[localhost].[/] - Initializing Spring embedded WebApplicationContext
2026-02-02 20:06:24.627 INFO  o.s.b.w.s.c.ServletWebServerApplicationContext - Root WebApplicationContext: initialization completed in 2072 ms
2026-02-02 20:06:24.874 INFO  o.h.jpa.internal.util.LogHelper - HHH000204: Processing PersistenceUnitInfo [name: default]
2026-02-02 20:06:24.931 INFO  org.hibernate.Version - HHH000412: Hibernate ORM core version 6.5.2.Final
2026-02-02 20:06:24.963 INFO  o.h.c.i.RegionFactoryInitiator - HHH000026: Second-level cache disabled
2026-02-02 20:06:25.267 INFO  o.s.o.j.p.SpringPersistenceUnitInfo - No LoadTimeWeaver setup: ignoring JPA class transformer
2026-02-02 20:06:25.291 INFO  com.zaxxer.hikari.HikariDataSource - HikariPool-1 - Starting...
2026-02-02 20:06:32.425 INFO  com.zaxxer.hikari.pool.HikariPool - HikariPool-1 - Added connection oracle.jdbc.driver.T4CConnection@2cdcfaa6
2026-02-02 20:06:32.427 INFO  com.zaxxer.hikari.HikariDataSource - HikariPool-1 - Start completed.
2026-02-02 20:06:33.232 WARN  org.hibernate.dialect.Dialect - HHH000511: The 11.2.0 version for [org.hibernate.dialect.OracleDialect] is no longer supported, hence certain features may not work properly. The minimum supported version is 19.0.0. Check the community dialects project for available legacy versions.
2026-02-02 20:06:33.238 WARN  org.hibernate.orm.deprecation - HHH90000025: OracleDialect does not need to be specified explicitly using 'hibernate.dialect' (remove the property setting and it will be selected by default)
2026-02-02 20:06:34.722 INFO  o.h.e.t.j.p.i.JtaPlatformInitiator - HHH000489: No JTA platform available (set 'hibernate.transaction.jta.platform' to enable JTA platform integration)
2026-02-02 20:06:36.499 DEBUG org.hibernate.SQL - create table audit_log (audit_log_id number(19,0) generated as identity, action varchar2(20 char) not null, actor_id number(19,0), after_json json, before_json json, diff_json json, entity_id number(19,0) not null, entity_type varchar2(20 char) not null, occurred_at timestamp(6), reason_code varchar2(30 char), reason_text varchar2(255 char), primary key (audit_log_id))
2026-02-02 20:06:36.903 WARN  o.h.t.s.i.ExceptionHandlerLoggedImpl - GenerationTarget encountered exception accepting command : Error executing DDL "create table audit_log (audit_log_id number(19,0) generated as identity, action varchar2(20 char) not null, actor_id number(19,0), after_json json, before_json json, diff_json json, entity_id number(19,0) not null, entity_type varchar2(20 char) not null, occurred_at timestamp(6), reason_code varchar2(30 char), reason_text varchar2(255 char), primary key (audit_log_id))" via JDBC [ORA-02000: missing ALWAYS keyword
]
org.hibernate.tool.schema.spi.CommandAcceptanceException: Error executing DDL "create table audit_log (audit_log_id number(19,0) generated as identity, action varchar2(20 char) not null, actor_id number(19,0), after_json json, before_json json, diff_json json, entity_id number(19,0) not null, entity_type varchar2(20 char) not null, occurred_at timestamp(6), reason_code varchar2(30 char), reason_text varchar2(255 char), primary key (audit_log_id))" via JDBC [ORA-02000: missing ALWAYS keyword
]
	at org.hibernate.tool.schema.internal.exec.GenerationTargetToDatabase.accept(GenerationTargetToDatabase.java:94)
	at org.hibernate.tool.schema.internal.AbstractSchemaMigrator.applySqlString(AbstractSchemaMigrator.java:575)
	at org.hibernate.tool.schema.internal.AbstractSchemaMigrator.applySqlStrings(AbstractSchemaMigrator.java:515)
	at org.hibernate.tool.schema.internal.AbstractSchemaMigrator.createTable(AbstractSchemaMigrator.java:315)
	at org.hibernate.tool.schema.internal.GroupedSchemaMigratorImpl.performTablesMigration(GroupedSchemaMigratorImpl.java:80)
	at org.hibernate.tool.schema.internal.AbstractSchemaMigrator.performMigration(AbstractSchemaMigrator.java:232)
	at org.hibernate.tool.schema.internal.AbstractSchemaMigrator.doMigration(AbstractSchemaMigrator.java:117)
	at org.hibernate.tool.schema.spi.SchemaManagementToolCoordinator.performDatabaseAction(SchemaManagementToolCoordinator.java:280)
	at org.hibernate.tool.schema.spi.SchemaManagementToolCoordinator.lambda$process$5(SchemaManagementToolCoordinator.java:144)
	at java.base/java.util.HashMap.forEach(HashMap.java:1421)
	at org.hibernate.tool.schema.spi.SchemaManagementToolCoordinator.process(SchemaManagementToolCoordinator.java:141)
	at org.hibernate.boot.internal.SessionFactoryObserverForSchemaExport.sessionFactoryCreated(SessionFactoryObserverForSchemaExport.java:37)
	at org.hibernate.internal.SessionFactoryObserverChain.sessionFactoryCreated(SessionFactoryObserverChain.java:35)
	at org.hibernate.internal.SessionFactoryImpl.<init>(SessionFactoryImpl.java:322)
	at org.hibernate.boot.internal.SessionFactoryBuilderImpl.build(SessionFactoryBuilderImpl.java:457)
	at org.hibernate.jpa.boot.internal.EntityManagerFactoryBuilderImpl.build(EntityManagerFactoryBuilderImpl.java:1506)
	at org.springframework.orm.jpa.vendor.SpringHibernateJpaPersistenceProvider.createContainerEntityManagerFactory(SpringHibernateJpaPersistenceProvider.java:75)
	at org.springframework.orm.jpa.LocalContainerEntityManagerFactoryBean.createNativeEntityManagerFactory(LocalContainerEntityManagerFactoryBean.java:390)
	at org.springframework.orm.jpa.AbstractEntityManagerFactoryBean.buildNativeEntityManagerFactory(AbstractEntityManagerFactoryBean.java:409)
	at org.springframework.orm.jpa.AbstractEntityManagerFactoryBean.afterPropertiesSet(AbstractEntityManagerFactoryBean.java:396)
	at org.springframework.orm.jpa.LocalContainerEntityManagerFactoryBean.afterPropertiesSet(LocalContainerEntityManagerFactoryBean.java:366)
	at org.springframework.beans.factory.support.AbstractAutowireCapableBeanFactory.invokeInitMethods(AbstractAutowireCapableBeanFactory.java:1853)
	at org.springframework.beans.factory.support.AbstractAutowireCapableBeanFactory.initializeBean(AbstractAutowireCapableBeanFactory.java:1802)
	at org.springframework.beans.factory.support.AbstractAutowireCapableBeanFactory.doCreateBean(AbstractAutowireCapableBeanFactory.java:600)
	at org.springframework.beans.factory.support.AbstractAutowireCapableBeanFactory.createBean(AbstractAutowireCapableBeanFactory.java:522)
	at org.springframework.beans.factory.support.AbstractBeanFactory.lambda$doGetBean$0(AbstractBeanFactory.java:337)
	at org.springframework.beans.factory.support.DefaultSingletonBeanRegistry.getSingleton(DefaultSingletonBeanRegistry.java:234)
	at org.springframework.beans.factory.support.AbstractBeanFactory.doGetBean(AbstractBeanFactory.java:335)
	at org.springframework.beans.factory.support.AbstractBeanFactory.getBean(AbstractBeanFactory.java:205)
	at org.springframework.context.support.AbstractApplicationContext.finishBeanFactoryInitialization(AbstractApplicationContext.java:954)
	at org.springframework.context.support.AbstractApplicationContext.refresh(AbstractApplicationContext.java:625)
	at org.springframework.boot.web.servlet.context.ServletWebServerApplicationContext.refresh(ServletWebServerApplicationContext.java:146)
	at org.springframework.boot.SpringApplication.refresh(SpringApplication.java:754)
	at org.springframework.boot.SpringApplication.refreshContext(SpringApplication.java:456)
	at org.springframework.boot.SpringApplication.run(SpringApplication.java:335)
	at org.springframework.boot.SpringApplication.run(SpringApplication.java:1363)
	at org.springframework.boot.SpringApplication.run(SpringApplication.java:1352)
	at kr.co.seoulit.ReceptionApplication.main(ReceptionApplication.java:12)
Caused by: java.sql.SQLSyntaxErrorException: ORA-02000: missing ALWAYS keyword

	at oracle.jdbc.driver.T4CTTIoer11.processError(T4CTTIoer11.java:630)
	at oracle.jdbc.driver.T4CTTIoer11.processError(T4CTTIoer11.java:564)
	at oracle.jdbc.driver.T4C8Oall.processError(T4C8Oall.java:1231)
	at oracle.jdbc.driver.T4CTTIfun.receive(T4CTTIfun.java:772)
	at oracle.jdbc.driver.T4CTTIfun.doRPC(T4CTTIfun.java:299)
	at oracle.jdbc.driver.T4C8Oall.doOALL(T4C8Oall.java:512)
	at oracle.jdbc.driver.T4CStatement.doOall8(T4CStatement.java:123)
	at oracle.jdbc.driver.T4CStatement.executeForRows(T4CStatement.java:1200)
	at oracle.jdbc.driver.OracleStatement.executeSQLStatement(OracleStatement.java:1820)
	at oracle.jdbc.driver.OracleStatement.doExecuteWithTimeout(OracleStatement.java:1472)
	at oracle.jdbc.driver.OracleStatement.executeInternal(OracleStatement.java:2505)
	at oracle.jdbc.driver.OracleStatement.execute(OracleStatement.java:2460)
	at oracle.jdbc.driver.OracleStatementWrapper.execute(OracleStatementWrapper.java:328)
	at com.zaxxer.hikari.pool.ProxyStatement.execute(ProxyStatement.java:94)
	at com.zaxxer.hikari.pool.HikariProxyStatement.execute(HikariProxyStatement.java)
	at org.hibernate.tool.schema.internal.exec.GenerationTargetToDatabase.accept(GenerationTargetToDatabase.java:80)
	... 37 common frames omitted
Caused by: oracle.jdbc.OracleDatabaseException: ORA-02000: missing ALWAYS keyword

	at oracle.jdbc.driver.T4CTTIoer11.processError(T4CTTIoer11.java:637)
	... 52 common frames omitted
2026-02-02 20:06:36.908 DEBUG org.hibernate.SQL - create table reception (reception_id number(19,0) generated as identity, arrived_at timestamp(6), cancel_reason_code varchar2(30 char), cancel_reason_text varchar2(255 char), created_at timestamp(6), created_by number(19,0), department_id number(19,0) not null, department_name varchar2(50 char) not null, doctor_id number(19,0), doctor_name varchar2(50 char), hold_reason_code varchar2(30 char), hold_reason_text varchar2(255 char), inactive_at timestamp(6), inactive_reason_code varchar2(30 char), inactive_reason_text varchar2(255 char), is_active number(1,0) not null check (is_active in (0,1)), note varchar2(255 char), patient_id number(19,0) not null, patient_name varchar2(50 char) not null, reception_no varchar2(30 char) not null, reservation_id number(19,0), scheduled_at timestamp(6), status varchar2(20 char) not null, updated_at timestamp(6), updated_by number(19,0), visit_type varchar2(20 char) not null, primary key (reception_id))
2026-02-02 20:06:36.944 WARN  o.h.t.s.i.ExceptionHandlerLoggedImpl - GenerationTarget encountered exception accepting command : Error executing DDL "create table reception (reception_id number(19,0) generated as identity, arrived_at timestamp(6), cancel_reason_code varchar2(30 char), cancel_reason_text varchar2(255 char), created_at timestamp(6), created_by number(19,0), department_id number(19,0) not null, department_name varchar2(50 char) not null, doctor_id number(19,0), doctor_name varchar2(50 char), hold_reason_code varchar2(30 char), hold_reason_text varchar2(255 char), inactive_at timestamp(6), inactive_reason_code varchar2(30 char), inactive_reason_text varchar2(255 char), is_active number(1,0) not null check (is_active in (0,1)), note varchar2(255 char), patient_id number(19,0) not null, patient_name varchar2(50 char) not null, reception_no varchar2(30 char) not null, reservation_id number(19,0), scheduled_at timestamp(6), status varchar2(20 char) not null, updated_at timestamp(6), updated_by number(19,0), visit_type varchar2(20 char) not null, primary key (reception_id))" via JDBC [ORA-02000: missing ALWAYS keyword
]
org.hibernate.tool.schema.spi.CommandAcceptanceException: Error executing DDL "create table reception (reception_id number(19,0) generated as identity, arrived_at timestamp(6), cancel_reason_code varchar2(30 char), cancel_reason_text varchar2(255 char), created_at timestamp(6), created_by number(19,0), department_id number(19,0) not null, department_name varchar2(50 char) not null, doctor_id number(19,0), doctor_name varchar2(50 char), hold_reason_code varchar2(30 char), hold_reason_text varchar2(255 char), inactive_at timestamp(6), inactive_reason_code varchar2(30 char), inactive_reason_text varchar2(255 char), is_active number(1,0) not null check (is_active in (0,1)), note varchar2(255 char), patient_id number(19,0) not null, patient_name varchar2(50 char) not null, reception_no varchar2(30 char) not null, reservation_id number(19,0), scheduled_at timestamp(6), status varchar2(20 char) not null, updated_at timestamp(6), updated_by number(19,0), visit_type varchar2(20 char) not null, primary key (reception_id))" via JDBC [ORA-02000: missing ALWAYS keyword
]
	at org.hibernate.tool.schema.internal.exec.GenerationTargetToDatabase.accept(GenerationTargetToDatabase.java:94)
	at org.hibernate.tool.schema.internal.AbstractSchemaMigrator.applySqlString(AbstractSchemaMigrator.java:575)
	at org.hibernate.tool.schema.internal.AbstractSchemaMigrator.applySqlStrings(AbstractSchemaMigrator.java:515)
	at org.hibernate.tool.schema.internal.AbstractSchemaMigrator.createTable(AbstractSchemaMigrator.java:315)
	at org.hibernate.tool.schema.internal.GroupedSchemaMigratorImpl.performTablesMigration(GroupedSchemaMigratorImpl.java:80)
	at org.hibernate.tool.schema.internal.AbstractSchemaMigrator.performMigration(AbstractSchemaMigrator.java:232)
	at org.hibernate.tool.schema.internal.AbstractSchemaMigrator.doMigration(AbstractSchemaMigrator.java:117)
	at org.hibernate.tool.schema.spi.SchemaManagementToolCoordinator.performDatabaseAction(SchemaManagementToolCoordinator.java:280)
	at org.hibernate.tool.schema.spi.SchemaManagementToolCoordinator.lambda$process$5(SchemaManagementToolCoordinator.java:144)
	at java.base/java.util.HashMap.forEach(HashMap.java:1421)
	at org.hibernate.tool.schema.spi.SchemaManagementToolCoordinator.process(SchemaManagementToolCoordinator.java:141)
	at org.hibernate.boot.internal.SessionFactoryObserverForSchemaExport.sessionFactoryCreated(SessionFactoryObserverForSchemaExport.java:37)
	at org.hibernate.internal.SessionFactoryObserverChain.sessionFactoryCreated(SessionFactoryObserverChain.java:35)
	at org.hibernate.internal.SessionFactoryImpl.<init>(SessionFactoryImpl.java:322)
	at org.hibernate.boot.internal.SessionFactoryBuilderImpl.build(SessionFactoryBuilderImpl.java:457)
	at org.hibernate.jpa.boot.internal.EntityManagerFactoryBuilderImpl.build(EntityManagerFactoryBuilderImpl.java:1506)
	at org.springframework.orm.jpa.vendor.SpringHibernateJpaPersistenceProvider.createContainerEntityManagerFactory(SpringHibernateJpaPersistenceProvider.java:75)
	at org.springframework.orm.jpa.LocalContainerEntityManagerFactoryBean.createNativeEntityManagerFactory(LocalContainerEntityManagerFactoryBean.java:390)
	at org.springframework.orm.jpa.AbstractEntityManagerFactoryBean.buildNativeEntityManagerFactory(AbstractEntityManagerFactoryBean.java:409)
	at org.springframework.orm.jpa.AbstractEntityManagerFactoryBean.afterPropertiesSet(AbstractEntityManagerFactoryBean.java:396)
	at org.springframework.orm.jpa.LocalContainerEntityManagerFactoryBean.afterPropertiesSet(LocalContainerEntityManagerFactoryBean.java:366)
	at org.springframework.beans.factory.support.AbstractAutowireCapableBeanFactory.invokeInitMethods(AbstractAutowireCapableBeanFactory.java:1853)
	at org.springframework.beans.factory.support.AbstractAutowireCapableBeanFactory.initializeBean(AbstractAutowireCapableBeanFactory.java:1802)
	at org.springframework.beans.factory.support.AbstractAutowireCapableBeanFactory.doCreateBean(AbstractAutowireCapableBeanFactory.java:600)
	at org.springframework.beans.factory.support.AbstractAutowireCapableBeanFactory.createBean(AbstractAutowireCapableBeanFactory.java:522)
	at org.springframework.beans.factory.support.AbstractBeanFactory.lambda$doGetBean$0(AbstractBeanFactory.java:337)
	at org.springframework.beans.factory.support.DefaultSingletonBeanRegistry.getSingleton(DefaultSingletonBeanRegistry.java:234)
	at org.springframework.beans.factory.support.AbstractBeanFactory.doGetBean(AbstractBeanFactory.java:335)
	at org.springframework.beans.factory.support.AbstractBeanFactory.getBean(AbstractBeanFactory.java:205)
	at org.springframework.context.support.AbstractApplicationContext.finishBeanFactoryInitialization(AbstractApplicationContext.java:954)
	at org.springframework.context.support.AbstractApplicationContext.refresh(AbstractApplicationContext.java:625)
	at org.springframework.boot.web.servlet.context.ServletWebServerApplicationContext.refresh(ServletWebServerApplicationContext.java:146)
	at org.springframework.boot.SpringApplication.refresh(SpringApplication.java:754)
	at org.springframework.boot.SpringApplication.refreshContext(SpringApplication.java:456)
	at org.springframework.boot.SpringApplication.run(SpringApplication.java:335)
	at org.springframework.boot.SpringApplication.run(SpringApplication.java:1363)
	at org.springframework.boot.SpringApplication.run(SpringApplication.java:1352)
	at kr.co.seoulit.ReceptionApplication.main(ReceptionApplication.java:12)
Caused by: java.sql.SQLSyntaxErrorException: ORA-02000: missing ALWAYS keyword

	at oracle.jdbc.driver.T4CTTIoer11.processError(T4CTTIoer11.java:630)
	at oracle.jdbc.driver.T4CTTIoer11.processError(T4CTTIoer11.java:564)
	at oracle.jdbc.driver.T4C8Oall.processError(T4C8Oall.java:1231)
	at oracle.jdbc.driver.T4CTTIfun.receive(T4CTTIfun.java:772)
	at oracle.jdbc.driver.T4CTTIfun.doRPC(T4CTTIfun.java:299)
	at oracle.jdbc.driver.T4C8Oall.doOALL(T4C8Oall.java:512)
	at oracle.jdbc.driver.T4CStatement.doOall8(T4CStatement.java:123)
	at oracle.jdbc.driver.T4CStatement.executeForRows(T4CStatement.java:1200)
	at oracle.jdbc.driver.OracleStatement.executeSQLStatement(OracleStatement.java:1820)
	at oracle.jdbc.driver.OracleStatement.doExecuteWithTimeout(OracleStatement.java:1472)
	at oracle.jdbc.driver.OracleStatement.executeInternal(OracleStatement.java:2505)
	at oracle.jdbc.driver.OracleStatement.execute(OracleStatement.java:2460)
	at oracle.jdbc.driver.OracleStatementWrapper.execute(OracleStatementWrapper.java:328)
	at com.zaxxer.hikari.pool.ProxyStatement.execute(ProxyStatement.java:94)
	at com.zaxxer.hikari.pool.HikariProxyStatement.execute(HikariProxyStatement.java)
	at org.hibernate.tool.schema.internal.exec.GenerationTargetToDatabase.accept(GenerationTargetToDatabase.java:80)
	... 37 common frames omitted
Caused by: oracle.jdbc.OracleDatabaseException: ORA-02000: missing ALWAYS keyword

	at oracle.jdbc.driver.T4CTTIoer11.processError(T4CTTIoer11.java:637)
	... 52 common frames omitted
2026-02-02 20:06:36.945 DEBUG org.hibernate.SQL - create table reception_status_history (status_history_id number(19,0) generated as identity, changed_at timestamp(6), changed_by number(19,0), from_status varchar2(20 char), reason_code varchar2(30 char), reason_text varchar2(255 char), reception_id number(19,0) not null, to_status varchar2(20 char) not null, primary key (status_history_id))
2026-02-02 20:06:36.970 WARN  o.h.t.s.i.ExceptionHandlerLoggedImpl - GenerationTarget encountered exception accepting command : Error executing DDL "create table reception_status_history (status_history_id number(19,0) generated as identity, changed_at timestamp(6), changed_by number(19,0), from_status varchar2(20 char), reason_code varchar2(30 char), reason_text varchar2(255 char), reception_id number(19,0) not null, to_status varchar2(20 char) not null, primary key (status_history_id))" via JDBC [ORA-02000: missing ALWAYS keyword
]
org.hibernate.tool.schema.spi.CommandAcceptanceException: Error executing DDL "create table reception_status_history (status_history_id number(19,0) generated as identity, changed_at timestamp(6), changed_by number(19,0), from_status varchar2(20 char), reason_code varchar2(30 char), reason_text varchar2(255 char), reception_id number(19,0) not null, to_status varchar2(20 char) not null, primary key (status_history_id))" via JDBC [ORA-02000: missing ALWAYS keyword
]
	at org.hibernate.tool.schema.internal.exec.GenerationTargetToDatabase.accept(GenerationTargetToDatabase.java:94)
	at org.hibernate.tool.schema.internal.AbstractSchemaMigrator.applySqlString(AbstractSchemaMigrator.java:575)
	at org.hibernate.tool.schema.internal.AbstractSchemaMigrator.applySqlStrings(AbstractSchemaMigrator.java:515)
	at org.hibernate.tool.schema.internal.AbstractSchemaMigrator.createTable(AbstractSchemaMigrator.java:315)
	at org.hibernate.tool.schema.internal.GroupedSchemaMigratorImpl.performTablesMigration(GroupedSchemaMigratorImpl.java:80)
	at org.hibernate.tool.schema.internal.AbstractSchemaMigrator.performMigration(AbstractSchemaMigrator.java:232)
	at org.hibernate.tool.schema.internal.AbstractSchemaMigrator.doMigration(AbstractSchemaMigrator.java:117)
	at org.hibernate.tool.schema.spi.SchemaManagementToolCoordinator.performDatabaseAction(SchemaManagementToolCoordinator.java:280)
	at org.hibernate.tool.schema.spi.SchemaManagementToolCoordinator.lambda$process$5(SchemaManagementToolCoordinator.java:144)
	at java.base/java.util.HashMap.forEach(HashMap.java:1421)
	at org.hibernate.tool.schema.spi.SchemaManagementToolCoordinator.process(SchemaManagementToolCoordinator.java:141)
	at org.hibernate.boot.internal.SessionFactoryObserverForSchemaExport.sessionFactoryCreated(SessionFactoryObserverForSchemaExport.java:37)
	at org.hibernate.internal.SessionFactoryObserverChain.sessionFactoryCreated(SessionFactoryObserverChain.java:35)
	at org.hibernate.internal.SessionFactoryImpl.<init>(SessionFactoryImpl.java:322)
	at org.hibernate.boot.internal.SessionFactoryBuilderImpl.build(SessionFactoryBuilderImpl.java:457)
	at org.hibernate.jpa.boot.internal.EntityManagerFactoryBuilderImpl.build(EntityManagerFactoryBuilderImpl.java:1506)
	at org.springframework.orm.jpa.vendor.SpringHibernateJpaPersistenceProvider.createContainerEntityManagerFactory(SpringHibernateJpaPersistenceProvider.java:75)
	at org.springframework.orm.jpa.LocalContainerEntityManagerFactoryBean.createNativeEntityManagerFactory(LocalContainerEntityManagerFactoryBean.java:390)
	at org.springframework.orm.jpa.AbstractEntityManagerFactoryBean.buildNativeEntityManagerFactory(AbstractEntityManagerFactoryBean.java:409)
	at org.springframework.orm.jpa.AbstractEntityManagerFactoryBean.afterPropertiesSet(AbstractEntityManagerFactoryBean.java:396)
	at org.springframework.orm.jpa.LocalContainerEntityManagerFactoryBean.afterPropertiesSet(LocalContainerEntityManagerFactoryBean.java:366)
	at org.springframework.beans.factory.support.AbstractAutowireCapableBeanFactory.invokeInitMethods(AbstractAutowireCapableBeanFactory.java:1853)
	at org.springframework.beans.factory.support.AbstractAutowireCapableBeanFactory.initializeBean(AbstractAutowireCapableBeanFactory.java:1802)
	at org.springframework.beans.factory.support.AbstractAutowireCapableBeanFactory.doCreateBean(AbstractAutowireCapableBeanFactory.java:600)
	at org.springframework.beans.factory.support.AbstractAutowireCapableBeanFactory.createBean(AbstractAutowireCapableBeanFactory.java:522)
	at org.springframework.beans.factory.support.AbstractBeanFactory.lambda$doGetBean$0(AbstractBeanFactory.java:337)
	at org.springframework.beans.factory.support.DefaultSingletonBeanRegistry.getSingleton(DefaultSingletonBeanRegistry.java:234)
	at org.springframework.beans.factory.support.AbstractBeanFactory.doGetBean(AbstractBeanFactory.java:335)
	at org.springframework.beans.factory.support.AbstractBeanFactory.getBean(AbstractBeanFactory.java:205)
	at org.springframework.context.support.AbstractApplicationContext.finishBeanFactoryInitialization(AbstractApplicationContext.java:954)
	at org.springframework.context.support.AbstractApplicationContext.refresh(AbstractApplicationContext.java:625)
	at org.springframework.boot.web.servlet.context.ServletWebServerApplicationContext.refresh(ServletWebServerApplicationContext.java:146)
	at org.springframework.boot.SpringApplication.refresh(SpringApplication.java:754)
	at org.springframework.boot.SpringApplication.refreshContext(SpringApplication.java:456)
	at org.springframework.boot.SpringApplication.run(SpringApplication.java:335)
	at org.springframework.boot.SpringApplication.run(SpringApplication.java:1363)
	at org.springframework.boot.SpringApplication.run(SpringApplication.java:1352)
	at kr.co.seoulit.ReceptionApplication.main(ReceptionApplication.java:12)
Caused by: java.sql.SQLSyntaxErrorException: ORA-02000: missing ALWAYS keyword

	at oracle.jdbc.driver.T4CTTIoer11.processError(T4CTTIoer11.java:630)
	at oracle.jdbc.driver.T4CTTIoer11.processError(T4CTTIoer11.java:564)
	at oracle.jdbc.driver.T4C8Oall.processError(T4C8Oall.java:1231)
	at oracle.jdbc.driver.T4CTTIfun.receive(T4CTTIfun.java:772)
	at oracle.jdbc.driver.T4CTTIfun.doRPC(T4CTTIfun.java:299)
	at oracle.jdbc.driver.T4C8Oall.doOALL(T4C8Oall.java:512)
	at oracle.jdbc.driver.T4CStatement.doOall8(T4CStatement.java:123)
	at oracle.jdbc.driver.T4CStatement.executeForRows(T4CStatement.java:1200)
	at oracle.jdbc.driver.OracleStatement.executeSQLStatement(OracleStatement.java:1820)
	at oracle.jdbc.driver.OracleStatement.doExecuteWithTimeout(OracleStatement.java:1472)
	at oracle.jdbc.driver.OracleStatement.executeInternal(OracleStatement.java:2505)
	at oracle.jdbc.driver.OracleStatement.execute(OracleStatement.java:2460)
	at oracle.jdbc.driver.OracleStatementWrapper.execute(OracleStatementWrapper.java:328)
	at com.zaxxer.hikari.pool.ProxyStatement.execute(ProxyStatement.java:94)
	at com.zaxxer.hikari.pool.HikariProxyStatement.execute(HikariProxyStatement.java)
	at org.hibernate.tool.schema.internal.exec.GenerationTargetToDatabase.accept(GenerationTargetToDatabase.java:80)
	... 37 common frames omitted
Caused by: oracle.jdbc.OracleDatabaseException: ORA-02000: missing ALWAYS keyword

	at oracle.jdbc.driver.T4CTTIoer11.processError(T4CTTIoer11.java:637)
	... 52 common frames omitted
2026-02-02 20:06:36.972 DEBUG org.hibernate.SQL - create table reservation (reservation_id number(19,0) generated as identity, cancel_reason_code varchar2(30 char), cancel_reason_text varchar2(255 char), canceled_at timestamp(6), created_at timestamp(6), created_by number(19,0), department_id number(19,0) not null, department_name varchar2(50 char) not null, doctor_id number(19,0), doctor_name varchar2(50 char), inactive_at timestamp(6), inactive_reason_code varchar2(30 char), inactive_reason_text varchar2(255 char), is_active number(1,0) not null check (is_active in (0,1)), note varchar2(255 char), patient_id number(19,0) not null, patient_name varchar2(50 char) not null, reservation_no varchar2(30 char) not null, reserved_at timestamp(6) not null, status varchar2(20 char) not null, updated_at timestamp(6), updated_by number(19,0), primary key (reservation_id))
2026-02-02 20:06:37.030 WARN  o.h.t.s.i.ExceptionHandlerLoggedImpl - GenerationTarget encountered exception accepting command : Error executing DDL "create table reservation (reservation_id number(19,0) generated as identity, cancel_reason_code varchar2(30 char), cancel_reason_text varchar2(255 char), canceled_at timestamp(6), created_at timestamp(6), created_by number(19,0), department_id number(19,0) not null, department_name varchar2(50 char) not null, doctor_id number(19,0), doctor_name varchar2(50 char), inactive_at timestamp(6), inactive_reason_code varchar2(30 char), inactive_reason_text varchar2(255 char), is_active number(1,0) not null check (is_active in (0,1)), note varchar2(255 char), patient_id number(19,0) not null, patient_name varchar2(50 char) not null, reservation_no varchar2(30 char) not null, reserved_at timestamp(6) not null, status varchar2(20 char) not null, updated_at timestamp(6), updated_by number(19,0), primary key (reservation_id))" via JDBC [ORA-02000: missing ALWAYS keyword
]
org.hibernate.tool.schema.spi.CommandAcceptanceException: Error executing DDL "create table reservation (reservation_id number(19,0) generated as identity, cancel_reason_code varchar2(30 char), cancel_reason_text varchar2(255 char), canceled_at timestamp(6), created_at timestamp(6), created_by number(19,0), department_id number(19,0) not null, department_name varchar2(50 char) not null, doctor_id number(19,0), doctor_name varchar2(50 char), inactive_at timestamp(6), inactive_reason_code varchar2(30 char), inactive_reason_text varchar2(255 char), is_active number(1,0) not null check (is_active in (0,1)), note varchar2(255 char), patient_id number(19,0) not null, patient_name varchar2(50 char) not null, reservation_no varchar2(30 char) not null, reserved_at timestamp(6) not null, status varchar2(20 char) not null, updated_at timestamp(6), updated_by number(19,0), primary key (reservation_id))" via JDBC [ORA-02000: missing ALWAYS keyword
]
	at org.hibernate.tool.schema.internal.exec.GenerationTargetToDatabase.accept(GenerationTargetToDatabase.java:94)
	at org.hibernate.tool.schema.internal.AbstractSchemaMigrator.applySqlString(AbstractSchemaMigrator.java:575)
	at org.hibernate.tool.schema.internal.AbstractSchemaMigrator.applySqlStrings(AbstractSchemaMigrator.java:515)
	at org.hibernate.tool.schema.internal.AbstractSchemaMigrator.createTable(AbstractSchemaMigrator.java:315)
	at org.hibernate.tool.schema.internal.GroupedSchemaMigratorImpl.performTablesMigration(GroupedSchemaMigratorImpl.java:80)
	at org.hibernate.tool.schema.internal.AbstractSchemaMigrator.performMigration(AbstractSchemaMigrator.java:232)
	at org.hibernate.tool.schema.internal.AbstractSchemaMigrator.doMigration(AbstractSchemaMigrator.java:117)
	at org.hibernate.tool.schema.spi.SchemaManagementToolCoordinator.performDatabaseAction(SchemaManagementToolCoordinator.java:280)
	at org.hibernate.tool.schema.spi.SchemaManagementToolCoordinator.lambda$process$5(SchemaManagementToolCoordinator.java:144)
	at java.base/java.util.HashMap.forEach(HashMap.java:1421)
	at org.hibernate.tool.schema.spi.SchemaManagementToolCoordinator.process(SchemaManagementToolCoordinator.java:141)
	at org.hibernate.boot.internal.SessionFactoryObserverForSchemaExport.sessionFactoryCreated(SessionFactoryObserverForSchemaExport.java:37)
	at org.hibernate.internal.SessionFactoryObserverChain.sessionFactoryCreated(SessionFactoryObserverChain.java:35)
	at org.hibernate.internal.SessionFactoryImpl.<init>(SessionFactoryImpl.java:322)
	at org.hibernate.boot.internal.SessionFactoryBuilderImpl.build(SessionFactoryBuilderImpl.java:457)
	at org.hibernate.jpa.boot.internal.EntityManagerFactoryBuilderImpl.build(EntityManagerFactoryBuilderImpl.java:1506)
	at org.springframework.orm.jpa.vendor.SpringHibernateJpaPersistenceProvider.createContainerEntityManagerFactory(SpringHibernateJpaPersistenceProvider.java:75)
	at org.springframework.orm.jpa.LocalContainerEntityManagerFactoryBean.createNativeEntityManagerFactory(LocalContainerEntityManagerFactoryBean.java:390)
	at org.springframework.orm.jpa.AbstractEntityManagerFactoryBean.buildNativeEntityManagerFactory(AbstractEntityManagerFactoryBean.java:409)
	at org.springframework.orm.jpa.AbstractEntityManagerFactoryBean.afterPropertiesSet(AbstractEntityManagerFactoryBean.java:396)
	at org.springframework.orm.jpa.LocalContainerEntityManagerFactoryBean.afterPropertiesSet(LocalContainerEntityManagerFactoryBean.java:366)
	at org.springframework.beans.factory.support.AbstractAutowireCapableBeanFactory.invokeInitMethods(AbstractAutowireCapableBeanFactory.java:1853)
	at org.springframework.beans.factory.support.AbstractAutowireCapableBeanFactory.initializeBean(AbstractAutowireCapableBeanFactory.java:1802)
	at org.springframework.beans.factory.support.AbstractAutowireCapableBeanFactory.doCreateBean(AbstractAutowireCapableBeanFactory.java:600)
	at org.springframework.beans.factory.support.AbstractAutowireCapableBeanFactory.createBean(AbstractAutowireCapableBeanFactory.java:522)
	at org.springframework.beans.factory.support.AbstractBeanFactory.lambda$doGetBean$0(AbstractBeanFactory.java:337)
	at org.springframework.beans.factory.support.DefaultSingletonBeanRegistry.getSingleton(DefaultSingletonBeanRegistry.java:234)
	at org.springframework.beans.factory.support.AbstractBeanFactory.doGetBean(AbstractBeanFactory.java:335)
	at org.springframework.beans.factory.support.AbstractBeanFactory.getBean(AbstractBeanFactory.java:205)
	at org.springframework.context.support.AbstractApplicationContext.finishBeanFactoryInitialization(AbstractApplicationContext.java:954)
	at org.springframework.context.support.AbstractApplicationContext.refresh(AbstractApplicationContext.java:625)
	at org.springframework.boot.web.servlet.context.ServletWebServerApplicationContext.refresh(ServletWebServerApplicationContext.java:146)
	at org.springframework.boot.SpringApplication.refresh(SpringApplication.java:754)
	at org.springframework.boot.SpringApplication.refreshContext(SpringApplication.java:456)
	at org.springframework.boot.SpringApplication.run(SpringApplication.java:335)
	at org.springframework.boot.SpringApplication.run(SpringApplication.java:1363)
	at org.springframework.boot.SpringApplication.run(SpringApplication.java:1352)
	at kr.co.seoulit.ReceptionApplication.main(ReceptionApplication.java:12)
Caused by: java.sql.SQLSyntaxErrorException: ORA-02000: missing ALWAYS keyword

	at oracle.jdbc.driver.T4CTTIoer11.processError(T4CTTIoer11.java:630)
	at oracle.jdbc.driver.T4CTTIoer11.processError(T4CTTIoer11.java:564)
	at oracle.jdbc.driver.T4C8Oall.processError(T4C8Oall.java:1231)
	at oracle.jdbc.driver.T4CTTIfun.receive(T4CTTIfun.java:772)
	at oracle.jdbc.driver.T4CTTIfun.doRPC(T4CTTIfun.java:299)
	at oracle.jdbc.driver.T4C8Oall.doOALL(T4C8Oall.java:512)
	at oracle.jdbc.driver.T4CStatement.doOall8(T4CStatement.java:123)
	at oracle.jdbc.driver.T4CStatement.executeForRows(T4CStatement.java:1200)
	at oracle.jdbc.driver.OracleStatement.executeSQLStatement(OracleStatement.java:1820)
	at oracle.jdbc.driver.OracleStatement.doExecuteWithTimeout(OracleStatement.java:1472)
	at oracle.jdbc.driver.OracleStatement.executeInternal(OracleStatement.java:2505)
	at oracle.jdbc.driver.OracleStatement.execute(OracleStatement.java:2460)
	at oracle.jdbc.driver.OracleStatementWrapper.execute(OracleStatementWrapper.java:328)
	at com.zaxxer.hikari.pool.ProxyStatement.execute(ProxyStatement.java:94)
	at com.zaxxer.hikari.pool.HikariProxyStatement.execute(HikariProxyStatement.java)
	at org.hibernate.tool.schema.internal.exec.GenerationTargetToDatabase.accept(GenerationTargetToDatabase.java:80)
	... 37 common frames omitted
Caused by: oracle.jdbc.OracleDatabaseException: ORA-02000: missing ALWAYS keyword

	at oracle.jdbc.driver.T4CTTIoer11.processError(T4CTTIoer11.java:637)
	... 52 common frames omitted
2026-02-02 20:06:37.033 DEBUG org.hibernate.SQL - alter table reception drop constraint UK3peucieotou86scox8diy0xg1
2026-02-02 20:06:37.093 DEBUG org.hibernate.SQL - alter table reception add constraint UK3peucieotou86scox8diy0xg1 unique (reception_no)
2026-02-02 20:06:37.136 DEBUG org.hibernate.SQL - alter table reservation drop constraint UKitn59jge219max0h3hrs9l3t6
2026-02-02 20:06:37.224 DEBUG org.hibernate.SQL - alter table reservation add constraint UKitn59jge219max0h3hrs9l3t6 unique (reservation_no)
2026-02-02 20:06:37.360 INFO  o.s.o.j.LocalContainerEntityManagerFactoryBean - Initialized JPA EntityManagerFactory for persistence unit 'default'
2026-02-02 20:06:38.710 WARN  o.s.b.a.o.j.JpaBaseConfiguration$JpaWebConfiguration - spring.jpa.open-in-view is enabled by default. Therefore, database queries may be performed during view rendering. Explicitly configure spring.jpa.open-in-view to disable this warning
2026-02-02 20:06:39.550 INFO  o.a.coyote.http11.Http11NioProtocol - Starting ProtocolHandler ["http-nio-8283"]
2026-02-02 20:06:39.568 INFO  o.s.b.w.e.tomcat.TomcatWebServer - Tomcat started on port 8283 (http) with context path '/'
2026-02-02 20:06:39.579 INFO  kr.co.seoulit.ReceptionApplication - Started ReceptionApplication in 17.633 seconds (process running for 18.068)
2026-02-02 20:09:23.773 INFO  o.a.c.c.C.[Tomcat].[localhost].[/] - Initializing Spring DispatcherServlet 'dispatcherServlet'
2026-02-02 20:09:23.773 INFO  o.s.web.servlet.DispatcherServlet - Initializing Servlet 'dispatcherServlet'
2026-02-02 20:09:23.773 INFO  o.s.web.servlet.DispatcherServlet - Completed initialization in 0 ms
2026-02-02 20:09:23.823 INFO  k.co.seoulit.common.aop.LoggerAspect - Controller  : kr.co.seoulit.reception.controller.MenuController.getMenus()½ÃÀÛ
2026-02-02 20:09:23.823 INFO  k.co.seoulit.common.aop.LoggerAspect - Controller  : kr.co.seoulit.reception.controller.MenuController.getMenus()Á¾·á
2026-02-02 20:09:26.805 INFO  k.co.seoulit.common.aop.LoggerAspect - Controller  : kr.co.seoulit.reception.controller.MenuController.getMenus()½ÃÀÛ
2026-02-02 20:09:26.807 INFO  k.co.seoulit.common.aop.LoggerAspect - Controller  : kr.co.seoulit.reception.controller.MenuController.getMenus()Á¾·á
2026-02-02 20:09:26.816 INFO  k.co.seoulit.common.aop.LoggerAspect - Controller  : kr.co.seoulit.reception.controller.MenuController.getMenus()½ÃÀÛ
2026-02-02 20:09:26.818 INFO  k.co.seoulit.common.aop.LoggerAspect - Controller  : kr.co.seoulit.reception.controller.MenuController.getMenus()Á¾·á
2026-02-02 20:10:16.950 INFO  o.h.validator.internal.util.Version - HV000001: Hibernate Validator 8.0.1.Final
2026-02-02 20:10:17.005 INFO  kr.co.seoulit.ReceptionApplication - Starting ReceptionApplication using Java 17.0.12 with PID 19212 (C:\dev\teamwork\project\backend\hospital_reception_backend\reception_back\build\classes\java\main started by stu19 in C:\dev\teamwork\project\backend\hospital_reception_backend\reception_back)
2026-02-02 20:10:17.007 INFO  kr.co.seoulit.ReceptionApplication - No active profile set, falling back to 1 default profile: "default"
2026-02-02 20:10:18.007 INFO  o.s.d.r.c.RepositoryConfigurationDelegate - Multiple Spring Data modules found, entering strict repository configuration mode
2026-02-02 20:10:18.009 INFO  o.s.d.r.c.RepositoryConfigurationDelegate - Bootstrapping Spring Data JPA repositories in DEFAULT mode.
2026-02-02 20:10:18.187 INFO  o.s.d.r.c.RepositoryConfigurationDelegate - Finished Spring Data repository scanning in 169 ms. Found 9 JPA repository interfaces.
2026-02-02 20:10:18.204 INFO  o.s.d.r.c.RepositoryConfigurationDelegate - Multiple Spring Data modules found, entering strict repository configuration mode
2026-02-02 20:10:18.205 INFO  o.s.d.r.c.RepositoryConfigurationDelegate - Bootstrapping Spring Data Redis repositories in DEFAULT mode.
2026-02-02 20:10:18.219 INFO  o.s.d.r.c.RepositoryConfigurationExtensionSupport - Spring Data Redis - Could not safely identify store assignment for repository candidate interface kr.co.seoulit.common.audit.AuditLogRepository; If you want this repository to be a Redis repository, consider annotating your entities with one of these annotations: org.springframework.data.redis.core.RedisHash (preferred), or consider extending one of the following types with your repository: org.springframework.data.keyvalue.repository.KeyValueRepository
2026-02-02 20:10:18.219 INFO  o.s.d.r.c.RepositoryConfigurationExtensionSupport - Spring Data Redis - Could not safely identify store assignment for repository candidate interface kr.co.seoulit.reception.repository.DepartmentRepository; If you want this repository to be a Redis repository, consider annotating your entities with one of these annotations: org.springframework.data.redis.core.RedisHash (preferred), or consider extending one of the following types with your repository: org.springframework.data.keyvalue.repository.KeyValueRepository
2026-02-02 20:10:18.219 INFO  o.s.d.r.c.RepositoryConfigurationExtensionSupport - Spring Data Redis - Could not safely identify store assignment for repository candidate interface kr.co.seoulit.reception.repository.DoctorRepository; If you want this repository to be a Redis repository, consider annotating your entities with one of these annotations: org.springframework.data.redis.core.RedisHash (preferred), or consider extending one of the following types with your repository: org.springframework.data.keyvalue.repository.KeyValueRepository
2026-02-02 20:10:18.219 INFO  o.s.d.r.c.RepositoryConfigurationExtensionSupport - Spring Data Redis - Could not safely identify store assignment for repository candidate interface kr.co.seoulit.reception.repository.PatientRepository; If you want this repository to be a Redis repository, consider annotating your entities with one of these annotations: org.springframework.data.redis.core.RedisHash (preferred), or consider extending one of the following types with your repository: org.springframework.data.keyvalue.repository.KeyValueRepository
2026-02-02 20:10:18.220 INFO  o.s.d.r.c.RepositoryConfigurationExtensionSupport - Spring Data Redis - Could not safely identify store assignment for repository candidate interface kr.co.seoulit.reception.repository.ReceptionEmergencyRepository; If you want this repository to be a Redis repository, consider annotating your entities with one of these annotations: org.springframework.data.redis.core.RedisHash (preferred), or consider extending one of the following types with your repository: org.springframework.data.keyvalue.repository.KeyValueRepository
2026-02-02 20:10:18.220 INFO  o.s.d.r.c.RepositoryConfigurationExtensionSupport - Spring Data Redis - Could not safely identify store assignment for repository candidate interface kr.co.seoulit.reception.repository.ReceptionInpatientRepository; If you want this repository to be a Redis repository, consider annotating your entities with one of these annotations: org.springframework.data.redis.core.RedisHash (preferred), or consider extending one of the following types with your repository: org.springframework.data.keyvalue.repository.KeyValueRepository
2026-02-02 20:10:18.220 INFO  o.s.d.r.c.RepositoryConfigurationExtensionSupport - Spring Data Redis - Could not safely identify store assignment for repository candidate interface kr.co.seoulit.reception.repository.ReceptionRepository; If you want this repository to be a Redis repository, consider annotating your entities with one of these annotations: org.springframework.data.redis.core.RedisHash (preferred), or consider extending one of the following types with your repository: org.springframework.data.keyvalue.repository.KeyValueRepository
2026-02-02 20:10:18.220 INFO  o.s.d.r.c.RepositoryConfigurationExtensionSupport - Spring Data Redis - Could not safely identify store assignment for repository candidate interface kr.co.seoulit.reception.repository.ReceptionStatusHistoryRepository; If you want this repository to be a Redis repository, consider annotating your entities with one of these annotations: org.springframework.data.redis.core.RedisHash (preferred), or consider extending one of the following types with your repository: org.springframework.data.keyvalue.repository.KeyValueRepository
2026-02-02 20:10:18.221 INFO  o.s.d.r.c.RepositoryConfigurationExtensionSupport - Spring Data Redis - Could not safely identify store assignment for repository candidate interface kr.co.seoulit.reception.repository.ReservationRepository; If you want this repository to be a Redis repository, consider annotating your entities with one of these annotations: org.springframework.data.redis.core.RedisHash (preferred), or consider extending one of the following types with your repository: org.springframework.data.keyvalue.repository.KeyValueRepository
2026-02-02 20:10:18.221 INFO  o.s.d.r.c.RepositoryConfigurationDelegate - Finished Spring Data repository scanning in 9 ms. Found 0 Redis repository interfaces.
2026-02-02 20:10:19.018 INFO  o.s.b.w.e.tomcat.TomcatWebServer - Tomcat initialized with port 8283 (http)
2026-02-02 20:10:19.027 INFO  o.a.coyote.http11.Http11NioProtocol - Initializing ProtocolHandler ["http-nio-8283"]
2026-02-02 20:10:19.029 INFO  o.a.catalina.core.StandardService - Starting service [Tomcat]
2026-02-02 20:10:19.030 INFO  o.a.catalina.core.StandardEngine - Starting Servlet engine: [Apache Tomcat/10.1.26]
2026-02-02 20:10:19.120 INFO  o.a.c.c.C.[Tomcat].[localhost].[/] - Initializing Spring embedded WebApplicationContext
2026-02-02 20:10:19.122 INFO  o.s.b.w.s.c.ServletWebServerApplicationContext - Root WebApplicationContext: initialization completed in 2055 ms
2026-02-02 20:10:19.362 INFO  o.h.jpa.internal.util.LogHelper - HHH000204: Processing PersistenceUnitInfo [name: default]
2026-02-02 20:10:19.417 INFO  org.hibernate.Version - HHH000412: Hibernate ORM core version 6.5.2.Final
2026-02-02 20:10:19.450 INFO  o.h.c.i.RegionFactoryInitiator - HHH000026: Second-level cache disabled
2026-02-02 20:10:19.753 INFO  o.s.o.j.p.SpringPersistenceUnitInfo - No LoadTimeWeaver setup: ignoring JPA class transformer
2026-02-02 20:10:19.777 INFO  com.zaxxer.hikari.HikariDataSource - HikariPool-1 - Starting...
2026-02-02 20:10:20.760 INFO  com.zaxxer.hikari.pool.HikariPool - HikariPool-1 - Added connection oracle.jdbc.driver.T4CConnection@6968bb65
2026-02-02 20:10:20.763 INFO  com.zaxxer.hikari.HikariDataSource - HikariPool-1 - Start completed.
2026-02-02 20:10:20.937 WARN  org.hibernate.dialect.Dialect - HHH000511: The 11.2.0 version for [org.hibernate.dialect.OracleDialect] is no longer supported, hence certain features may not work properly. The minimum supported version is 19.0.0. Check the community dialects project for available legacy versions.
2026-02-02 20:10:20.942 WARN  org.hibernate.orm.deprecation - HHH90000025: OracleDialect does not need to be specified explicitly using 'hibernate.dialect' (remove the property setting and it will be selected by default)
2026-02-02 20:10:22.090 INFO  o.h.e.t.j.p.i.JtaPlatformInitiator - HHH000489: No JTA platform available (set 'hibernate.transaction.jta.platform' to enable JTA platform integration)
2026-02-02 20:10:22.516 DEBUG org.hibernate.SQL - create table audit_log (audit_log_id number(19,0) generated as identity, action varchar2(20 char) not null, actor_id number(19,0), after_json json, before_json json, diff_json json, entity_id number(19,0) not null, entity_type varchar2(20 char) not null, occurred_at timestamp(6), reason_code varchar2(30 char), reason_text varchar2(255 char), primary key (audit_log_id))
2026-02-02 20:10:22.535 WARN  o.h.t.s.i.ExceptionHandlerLoggedImpl - GenerationTarget encountered exception accepting command : Error executing DDL "create table audit_log (audit_log_id number(19,0) generated as identity, action varchar2(20 char) not null, actor_id number(19,0), after_json json, before_json json, diff_json json, entity_id number(19,0) not null, entity_type varchar2(20 char) not null, occurred_at timestamp(6), reason_code varchar2(30 char), reason_text varchar2(255 char), primary key (audit_log_id))" via JDBC [ORA-02000: missing ALWAYS keyword
]
org.hibernate.tool.schema.spi.CommandAcceptanceException: Error executing DDL "create table audit_log (audit_log_id number(19,0) generated as identity, action varchar2(20 char) not null, actor_id number(19,0), after_json json, before_json json, diff_json json, entity_id number(19,0) not null, entity_type varchar2(20 char) not null, occurred_at timestamp(6), reason_code varchar2(30 char), reason_text varchar2(255 char), primary key (audit_log_id))" via JDBC [ORA-02000: missing ALWAYS keyword
]
	at org.hibernate.tool.schema.internal.exec.GenerationTargetToDatabase.accept(GenerationTargetToDatabase.java:94)
	at org.hibernate.tool.schema.internal.AbstractSchemaMigrator.applySqlString(AbstractSchemaMigrator.java:575)
	at org.hibernate.tool.schema.internal.AbstractSchemaMigrator.applySqlStrings(AbstractSchemaMigrator.java:515)
	at org.hibernate.tool.schema.internal.AbstractSchemaMigrator.createTable(AbstractSchemaMigrator.java:315)
	at org.hibernate.tool.schema.internal.GroupedSchemaMigratorImpl.performTablesMigration(GroupedSchemaMigratorImpl.java:80)
	at org.hibernate.tool.schema.internal.AbstractSchemaMigrator.performMigration(AbstractSchemaMigrator.java:232)
	at org.hibernate.tool.schema.internal.AbstractSchemaMigrator.doMigration(AbstractSchemaMigrator.java:117)
	at org.hibernate.tool.schema.spi.SchemaManagementToolCoordinator.performDatabaseAction(SchemaManagementToolCoordinator.java:280)
	at org.hibernate.tool.schema.spi.SchemaManagementToolCoordinator.lambda$process$5(SchemaManagementToolCoordinator.java:144)
	at java.base/java.util.HashMap.forEach(HashMap.java:1421)
	at org.hibernate.tool.schema.spi.SchemaManagementToolCoordinator.process(SchemaManagementToolCoordinator.java:141)
	at org.hibernate.boot.internal.SessionFactoryObserverForSchemaExport.sessionFactoryCreated(SessionFactoryObserverForSchemaExport.java:37)
	at org.hibernate.internal.SessionFactoryObserverChain.sessionFactoryCreated(SessionFactoryObserverChain.java:35)
	at org.hibernate.internal.SessionFactoryImpl.<init>(SessionFactoryImpl.java:322)
	at org.hibernate.boot.internal.SessionFactoryBuilderImpl.build(SessionFactoryBuilderImpl.java:457)
	at org.hibernate.jpa.boot.internal.EntityManagerFactoryBuilderImpl.build(EntityManagerFactoryBuilderImpl.java:1506)
	at org.springframework.orm.jpa.vendor.SpringHibernateJpaPersistenceProvider.createContainerEntityManagerFactory(SpringHibernateJpaPersistenceProvider.java:75)
	at org.springframework.orm.jpa.LocalContainerEntityManagerFactoryBean.createNativeEntityManagerFactory(LocalContainerEntityManagerFactoryBean.java:390)
	at org.springframework.orm.jpa.AbstractEntityManagerFactoryBean.buildNativeEntityManagerFactory(AbstractEntityManagerFactoryBean.java:409)
	at org.springframework.orm.jpa.AbstractEntityManagerFactoryBean.afterPropertiesSet(AbstractEntityManagerFactoryBean.java:396)
	at org.springframework.orm.jpa.LocalContainerEntityManagerFactoryBean.afterPropertiesSet(LocalContainerEntityManagerFactoryBean.java:366)
	at org.springframework.beans.factory.support.AbstractAutowireCapableBeanFactory.invokeInitMethods(AbstractAutowireCapableBeanFactory.java:1853)
	at org.springframework.beans.factory.support.AbstractAutowireCapableBeanFactory.initializeBean(AbstractAutowireCapableBeanFactory.java:1802)
	at org.springframework.beans.factory.support.AbstractAutowireCapableBeanFactory.doCreateBean(AbstractAutowireCapableBeanFactory.java:600)
	at org.springframework.beans.factory.support.AbstractAutowireCapableBeanFactory.createBean(AbstractAutowireCapableBeanFactory.java:522)
	at org.springframework.beans.factory.support.AbstractBeanFactory.lambda$doGetBean$0(AbstractBeanFactory.java:337)
	at org.springframework.beans.factory.support.DefaultSingletonBeanRegistry.getSingleton(DefaultSingletonBeanRegistry.java:234)
	at org.springframework.beans.factory.support.AbstractBeanFactory.doGetBean(AbstractBeanFactory.java:335)
	at org.springframework.beans.factory.support.AbstractBeanFactory.getBean(AbstractBeanFactory.java:205)
	at org.springframework.context.support.AbstractApplicationContext.finishBeanFactoryInitialization(AbstractApplicationContext.java:954)
	at org.springframework.context.support.AbstractApplicationContext.refresh(AbstractApplicationContext.java:625)
	at org.springframework.boot.web.servlet.context.ServletWebServerApplicationContext.refresh(ServletWebServerApplicationContext.java:146)
	at org.springframework.boot.SpringApplication.refresh(SpringApplication.java:754)
	at org.springframework.boot.SpringApplication.refreshContext(SpringApplication.java:456)
	at org.springframework.boot.SpringApplication.run(SpringApplication.java:335)
	at org.springframework.boot.SpringApplication.run(SpringApplication.java:1363)
	at org.springframework.boot.SpringApplication.run(SpringApplication.java:1352)
	at kr.co.seoulit.ReceptionApplication.main(ReceptionApplication.java:12)
Caused by: java.sql.SQLSyntaxErrorException: ORA-02000: missing ALWAYS keyword

	at oracle.jdbc.driver.T4CTTIoer11.processError(T4CTTIoer11.java:630)
	at oracle.jdbc.driver.T4CTTIoer11.processError(T4CTTIoer11.java:564)
	at oracle.jdbc.driver.T4C8Oall.processError(T4C8Oall.java:1231)
	at oracle.jdbc.driver.T4CTTIfun.receive(T4CTTIfun.java:772)
	at oracle.jdbc.driver.T4CTTIfun.doRPC(T4CTTIfun.java:299)
	at oracle.jdbc.driver.T4C8Oall.doOALL(T4C8Oall.java:512)
	at oracle.jdbc.driver.T4CStatement.doOall8(T4CStatement.java:123)
	at oracle.jdbc.driver.T4CStatement.executeForRows(T4CStatement.java:1200)
	at oracle.jdbc.driver.OracleStatement.executeSQLStatement(OracleStatement.java:1820)
	at oracle.jdbc.driver.OracleStatement.doExecuteWithTimeout(OracleStatement.java:1472)
	at oracle.jdbc.driver.OracleStatement.executeInternal(OracleStatement.java:2505)
	at oracle.jdbc.driver.OracleStatement.execute(OracleStatement.java:2460)
	at oracle.jdbc.driver.OracleStatementWrapper.execute(OracleStatementWrapper.java:328)
	at com.zaxxer.hikari.pool.ProxyStatement.execute(ProxyStatement.java:94)
	at com.zaxxer.hikari.pool.HikariProxyStatement.execute(HikariProxyStatement.java)
	at org.hibernate.tool.schema.internal.exec.GenerationTargetToDatabase.accept(GenerationTargetToDatabase.java:80)
	... 37 common frames omitted
Caused by: oracle.jdbc.OracleDatabaseException: ORA-02000: missing ALWAYS keyword

	at oracle.jdbc.driver.T4CTTIoer11.processError(T4CTTIoer11.java:637)
	... 52 common frames omitted
2026-02-02 20:10:22.540 DEBUG org.hibernate.SQL - create table reception (reception_id number(19,0) generated as identity, arrived_at timestamp(6), cancel_reason_code varchar2(30 char), cancel_reason_text varchar2(255 char), created_at timestamp(6), created_by number(19,0), department_id number(19,0) not null, department_name varchar2(50 char) not null, doctor_id number(19,0), doctor_name varchar2(50 char), hold_reason_code varchar2(30 char), hold_reason_text varchar2(255 char), inactive_at timestamp(6), inactive_reason_code varchar2(30 char), inactive_reason_text varchar2(255 char), is_active number(1,0) not null check (is_active in (0,1)), note varchar2(255 char), patient_id number(19,0) not null, patient_name varchar2(50 char) not null, reception_no varchar2(30 char) not null, reservation_id number(19,0), scheduled_at timestamp(6), status varchar2(20 char) not null, updated_at timestamp(6), updated_by number(19,0), visit_type varchar2(20 char) not null, primary key (reception_id))
2026-02-02 20:10:22.555 WARN  o.h.t.s.i.ExceptionHandlerLoggedImpl - GenerationTarget encountered exception accepting command : Error executing DDL "create table reception (reception_id number(19,0) generated as identity, arrived_at timestamp(6), cancel_reason_code varchar2(30 char), cancel_reason_text varchar2(255 char), created_at timestamp(6), created_by number(19,0), department_id number(19,0) not null, department_name varchar2(50 char) not null, doctor_id number(19,0), doctor_name varchar2(50 char), hold_reason_code varchar2(30 char), hold_reason_text varchar2(255 char), inactive_at timestamp(6), inactive_reason_code varchar2(30 char), inactive_reason_text varchar2(255 char), is_active number(1,0) not null check (is_active in (0,1)), note varchar2(255 char), patient_id number(19,0) not null, patient_name varchar2(50 char) not null, reception_no varchar2(30 char) not null, reservation_id number(19,0), scheduled_at timestamp(6), status varchar2(20 char) not null, updated_at timestamp(6), updated_by number(19,0), visit_type varchar2(20 char) not null, primary key (reception_id))" via JDBC [ORA-02000: missing ALWAYS keyword
]
org.hibernate.tool.schema.spi.CommandAcceptanceException: Error executing DDL "create table reception (reception_id number(19,0) generated as identity, arrived_at timestamp(6), cancel_reason_code varchar2(30 char), cancel_reason_text varchar2(255 char), created_at timestamp(6), created_by number(19,0), department_id number(19,0) not null, department_name varchar2(50 char) not null, doctor_id number(19,0), doctor_name varchar2(50 char), hold_reason_code varchar2(30 char), hold_reason_text varchar2(255 char), inactive_at timestamp(6), inactive_reason_code varchar2(30 char), inactive_reason_text varchar2(255 char), is_active number(1,0) not null check (is_active in (0,1)), note varchar2(255 char), patient_id number(19,0) not null, patient_name varchar2(50 char) not null, reception_no varchar2(30 char) not null, reservation_id number(19,0), scheduled_at timestamp(6), status varchar2(20 char) not null, updated_at timestamp(6), updated_by number(19,0), visit_type varchar2(20 char) not null, primary key (reception_id))" via JDBC [ORA-02000: missing ALWAYS keyword
]
	at org.hibernate.tool.schema.internal.exec.GenerationTargetToDatabase.accept(GenerationTargetToDatabase.java:94)
	at org.hibernate.tool.schema.internal.AbstractSchemaMigrator.applySqlString(AbstractSchemaMigrator.java:575)
	at org.hibernate.tool.schema.internal.AbstractSchemaMigrator.applySqlStrings(AbstractSchemaMigrator.java:515)
	at org.hibernate.tool.schema.internal.AbstractSchemaMigrator.createTable(AbstractSchemaMigrator.java:315)
	at org.hibernate.tool.schema.internal.GroupedSchemaMigratorImpl.performTablesMigration(GroupedSchemaMigratorImpl.java:80)
	at org.hibernate.tool.schema.internal.AbstractSchemaMigrator.performMigration(AbstractSchemaMigrator.java:232)
	at org.hibernate.tool.schema.internal.AbstractSchemaMigrator.doMigration(AbstractSchemaMigrator.java:117)
	at org.hibernate.tool.schema.spi.SchemaManagementToolCoordinator.performDatabaseAction(SchemaManagementToolCoordinator.java:280)
	at org.hibernate.tool.schema.spi.SchemaManagementToolCoordinator.lambda$process$5(SchemaManagementToolCoordinator.java:144)
	at java.base/java.util.HashMap.forEach(HashMap.java:1421)
	at org.hibernate.tool.schema.spi.SchemaManagementToolCoordinator.process(SchemaManagementToolCoordinator.java:141)
	at org.hibernate.boot.internal.SessionFactoryObserverForSchemaExport.sessionFactoryCreated(SessionFactoryObserverForSchemaExport.java:37)
	at org.hibernate.internal.SessionFactoryObserverChain.sessionFactoryCreated(SessionFactoryObserverChain.java:35)
	at org.hibernate.internal.SessionFactoryImpl.<init>(SessionFactoryImpl.java:322)
	at org.hibernate.boot.internal.SessionFactoryBuilderImpl.build(SessionFactoryBuilderImpl.java:457)
	at org.hibernate.jpa.boot.internal.EntityManagerFactoryBuilderImpl.build(EntityManagerFactoryBuilderImpl.java:1506)
	at org.springframework.orm.jpa.vendor.SpringHibernateJpaPersistenceProvider.createContainerEntityManagerFactory(SpringHibernateJpaPersistenceProvider.java:75)
	at org.springframework.orm.jpa.LocalContainerEntityManagerFactoryBean.createNativeEntityManagerFactory(LocalContainerEntityManagerFactoryBean.java:390)
	at org.springframework.orm.jpa.AbstractEntityManagerFactoryBean.buildNativeEntityManagerFactory(AbstractEntityManagerFactoryBean.java:409)
	at org.springframework.orm.jpa.AbstractEntityManagerFactoryBean.afterPropertiesSet(AbstractEntityManagerFactoryBean.java:396)
	at org.springframework.orm.jpa.LocalContainerEntityManagerFactoryBean.afterPropertiesSet(LocalContainerEntityManagerFactoryBean.java:366)
	at org.springframework.beans.factory.support.AbstractAutowireCapableBeanFactory.invokeInitMethods(AbstractAutowireCapableBeanFactory.java:1853)
	at org.springframework.beans.factory.support.AbstractAutowireCapableBeanFactory.initializeBean(AbstractAutowireCapableBeanFactory.java:1802)
	at org.springframework.beans.factory.support.AbstractAutowireCapableBeanFactory.doCreateBean(AbstractAutowireCapableBeanFactory.java:600)
	at org.springframework.beans.factory.support.AbstractAutowireCapableBeanFactory.createBean(AbstractAutowireCapableBeanFactory.java:522)
	at org.springframework.beans.factory.support.AbstractBeanFactory.lambda$doGetBean$0(AbstractBeanFactory.java:337)
	at org.springframework.beans.factory.support.DefaultSingletonBeanRegistry.getSingleton(DefaultSingletonBeanRegistry.java:234)
	at org.springframework.beans.factory.support.AbstractBeanFactory.doGetBean(AbstractBeanFactory.java:335)
	at org.springframework.beans.factory.support.AbstractBeanFactory.getBean(AbstractBeanFactory.java:205)
	at org.springframework.context.support.AbstractApplicationContext.finishBeanFactoryInitialization(AbstractApplicationContext.java:954)
	at org.springframework.context.support.AbstractApplicationContext.refresh(AbstractApplicationContext.java:625)
	at org.springframework.boot.web.servlet.context.ServletWebServerApplicationContext.refresh(ServletWebServerApplicationContext.java:146)
	at org.springframework.boot.SpringApplication.refresh(SpringApplication.java:754)
	at org.springframework.boot.SpringApplication.refreshContext(SpringApplication.java:456)
	at org.springframework.boot.SpringApplication.run(SpringApplication.java:335)
	at org.springframework.boot.SpringApplication.run(SpringApplication.java:1363)
	at org.springframework.boot.SpringApplication.run(SpringApplication.java:1352)
	at kr.co.seoulit.ReceptionApplication.main(ReceptionApplication.java:12)
Caused by: java.sql.SQLSyntaxErrorException: ORA-02000: missing ALWAYS keyword

	at oracle.jdbc.driver.T4CTTIoer11.processError(T4CTTIoer11.java:630)
	at oracle.jdbc.driver.T4CTTIoer11.processError(T4CTTIoer11.java:564)
	at oracle.jdbc.driver.T4C8Oall.processError(T4C8Oall.java:1231)
	at oracle.jdbc.driver.T4CTTIfun.receive(T4CTTIfun.java:772)
	at oracle.jdbc.driver.T4CTTIfun.doRPC(T4CTTIfun.java:299)
	at oracle.jdbc.driver.T4C8Oall.doOALL(T4C8Oall.java:512)
	at oracle.jdbc.driver.T4CStatement.doOall8(T4CStatement.java:123)
	at oracle.jdbc.driver.T4CStatement.executeForRows(T4CStatement.java:1200)
	at oracle.jdbc.driver.OracleStatement.executeSQLStatement(OracleStatement.java:1820)
	at oracle.jdbc.driver.OracleStatement.doExecuteWithTimeout(OracleStatement.java:1472)
	at oracle.jdbc.driver.OracleStatement.executeInternal(OracleStatement.java:2505)
	at oracle.jdbc.driver.OracleStatement.execute(OracleStatement.java:2460)
	at oracle.jdbc.driver.OracleStatementWrapper.execute(OracleStatementWrapper.java:328)
	at com.zaxxer.hikari.pool.ProxyStatement.execute(ProxyStatement.java:94)
	at com.zaxxer.hikari.pool.HikariProxyStatement.execute(HikariProxyStatement.java)
	at org.hibernate.tool.schema.internal.exec.GenerationTargetToDatabase.accept(GenerationTargetToDatabase.java:80)
	... 37 common frames omitted
Caused by: oracle.jdbc.OracleDatabaseException: ORA-02000: missing ALWAYS keyword

	at oracle.jdbc.driver.T4CTTIoer11.processError(T4CTTIoer11.java:637)
	... 52 common frames omitted
2026-02-02 20:10:22.556 DEBUG org.hibernate.SQL - create table reception_status_history (status_history_id number(19,0) generated as identity, changed_at timestamp(6), changed_by number(19,0), from_status varchar2(20 char), reason_code varchar2(30 char), reason_text varchar2(255 char), reception_id number(19,0) not null, to_status varchar2(20 char) not null, primary key (status_history_id))
2026-02-02 20:10:22.572 WARN  o.h.t.s.i.ExceptionHandlerLoggedImpl - GenerationTarget encountered exception accepting command : Error executing DDL "create table reception_status_history (status_history_id number(19,0) generated as identity, changed_at timestamp(6), changed_by number(19,0), from_status varchar2(20 char), reason_code varchar2(30 char), reason_text varchar2(255 char), reception_id number(19,0) not null, to_status varchar2(20 char) not null, primary key (status_history_id))" via JDBC [ORA-02000: missing ALWAYS keyword
]
org.hibernate.tool.schema.spi.CommandAcceptanceException: Error executing DDL "create table reception_status_history (status_history_id number(19,0) generated as identity, changed_at timestamp(6), changed_by number(19,0), from_status varchar2(20 char), reason_code varchar2(30 char), reason_text varchar2(255 char), reception_id number(19,0) not null, to_status varchar2(20 char) not null, primary key (status_history_id))" via JDBC [ORA-02000: missing ALWAYS keyword
]
	at org.hibernate.tool.schema.internal.exec.GenerationTargetToDatabase.accept(GenerationTargetToDatabase.java:94)
	at org.hibernate.tool.schema.internal.AbstractSchemaMigrator.applySqlString(AbstractSchemaMigrator.java:575)
	at org.hibernate.tool.schema.internal.AbstractSchemaMigrator.applySqlStrings(AbstractSchemaMigrator.java:515)
	at org.hibernate.tool.schema.internal.AbstractSchemaMigrator.createTable(AbstractSchemaMigrator.java:315)
	at org.hibernate.tool.schema.internal.GroupedSchemaMigratorImpl.performTablesMigration(GroupedSchemaMigratorImpl.java:80)
	at org.hibernate.tool.schema.internal.AbstractSchemaMigrator.performMigration(AbstractSchemaMigrator.java:232)
	at org.hibernate.tool.schema.internal.AbstractSchemaMigrator.doMigration(AbstractSchemaMigrator.java:117)
	at org.hibernate.tool.schema.spi.SchemaManagementToolCoordinator.performDatabaseAction(SchemaManagementToolCoordinator.java:280)
	at org.hibernate.tool.schema.spi.SchemaManagementToolCoordinator.lambda$process$5(SchemaManagementToolCoordinator.java:144)
	at java.base/java.util.HashMap.forEach(HashMap.java:1421)
	at org.hibernate.tool.schema.spi.SchemaManagementToolCoordinator.process(SchemaManagementToolCoordinator.java:141)
	at org.hibernate.boot.internal.SessionFactoryObserverForSchemaExport.sessionFactoryCreated(SessionFactoryObserverForSchemaExport.java:37)
	at org.hibernate.internal.SessionFactoryObserverChain.sessionFactoryCreated(SessionFactoryObserverChain.java:35)
	at org.hibernate.internal.SessionFactoryImpl.<init>(SessionFactoryImpl.java:322)
	at org.hibernate.boot.internal.SessionFactoryBuilderImpl.build(SessionFactoryBuilderImpl.java:457)
	at org.hibernate.jpa.boot.internal.EntityManagerFactoryBuilderImpl.build(EntityManagerFactoryBuilderImpl.java:1506)
	at org.springframework.orm.jpa.vendor.SpringHibernateJpaPersistenceProvider.createContainerEntityManagerFactory(SpringHibernateJpaPersistenceProvider.java:75)
	at org.springframework.orm.jpa.LocalContainerEntityManagerFactoryBean.createNativeEntityManagerFactory(LocalContainerEntityManagerFactoryBean.java:390)
	at org.springframework.orm.jpa.AbstractEntityManagerFactoryBean.buildNativeEntityManagerFactory(AbstractEntityManagerFactoryBean.java:409)
	at org.springframework.orm.jpa.AbstractEntityManagerFactoryBean.afterPropertiesSet(AbstractEntityManagerFactoryBean.java:396)
	at org.springframework.orm.jpa.LocalContainerEntityManagerFactoryBean.afterPropertiesSet(LocalContainerEntityManagerFactoryBean.java:366)
	at org.springframework.beans.factory.support.AbstractAutowireCapableBeanFactory.invokeInitMethods(AbstractAutowireCapableBeanFactory.java:1853)
	at org.springframework.beans.factory.support.AbstractAutowireCapableBeanFactory.initializeBean(AbstractAutowireCapableBeanFactory.java:1802)
	at org.springframework.beans.factory.support.AbstractAutowireCapableBeanFactory.doCreateBean(AbstractAutowireCapableBeanFactory.java:600)
	at org.springframework.beans.factory.support.AbstractAutowireCapableBeanFactory.createBean(AbstractAutowireCapableBeanFactory.java:522)
	at org.springframework.beans.factory.support.AbstractBeanFactory.lambda$doGetBean$0(AbstractBeanFactory.java:337)
	at org.springframework.beans.factory.support.DefaultSingletonBeanRegistry.getSingleton(DefaultSingletonBeanRegistry.java:234)
	at org.springframework.beans.factory.support.AbstractBeanFactory.doGetBean(AbstractBeanFactory.java:335)
	at org.springframework.beans.factory.support.AbstractBeanFactory.getBean(AbstractBeanFactory.java:205)
	at org.springframework.context.support.AbstractApplicationContext.finishBeanFactoryInitialization(AbstractApplicationContext.java:954)
	at org.springframework.context.support.AbstractApplicationContext.refresh(AbstractApplicationContext.java:625)
	at org.springframework.boot.web.servlet.context.ServletWebServerApplicationContext.refresh(ServletWebServerApplicationContext.java:146)
	at org.springframework.boot.SpringApplication.refresh(SpringApplication.java:754)
	at org.springframework.boot.SpringApplication.refreshContext(SpringApplication.java:456)
	at org.springframework.boot.SpringApplication.run(SpringApplication.java:335)
	at org.springframework.boot.SpringApplication.run(SpringApplication.java:1363)
	at org.springframework.boot.SpringApplication.run(SpringApplication.java:1352)
	at kr.co.seoulit.ReceptionApplication.main(ReceptionApplication.java:12)
Caused by: java.sql.SQLSyntaxErrorException: ORA-02000: missing ALWAYS keyword

	at oracle.jdbc.driver.T4CTTIoer11.processError(T4CTTIoer11.java:630)
	at oracle.jdbc.driver.T4CTTIoer11.processError(T4CTTIoer11.java:564)
	at oracle.jdbc.driver.T4C8Oall.processError(T4C8Oall.java:1231)
	at oracle.jdbc.driver.T4CTTIfun.receive(T4CTTIfun.java:772)
	at oracle.jdbc.driver.T4CTTIfun.doRPC(T4CTTIfun.java:299)
	at oracle.jdbc.driver.T4C8Oall.doOALL(T4C8Oall.java:512)
	at oracle.jdbc.driver.T4CStatement.doOall8(T4CStatement.java:123)
	at oracle.jdbc.driver.T4CStatement.executeForRows(T4CStatement.java:1200)
	at oracle.jdbc.driver.OracleStatement.executeSQLStatement(OracleStatement.java:1820)
	at oracle.jdbc.driver.OracleStatement.doExecuteWithTimeout(OracleStatement.java:1472)
	at oracle.jdbc.driver.OracleStatement.executeInternal(OracleStatement.java:2505)
	at oracle.jdbc.driver.OracleStatement.execute(OracleStatement.java:2460)
	at oracle.jdbc.driver.OracleStatementWrapper.execute(OracleStatementWrapper.java:328)
	at com.zaxxer.hikari.pool.ProxyStatement.execute(ProxyStatement.java:94)
	at com.zaxxer.hikari.pool.HikariProxyStatement.execute(HikariProxyStatement.java)
	at org.hibernate.tool.schema.internal.exec.GenerationTargetToDatabase.accept(GenerationTargetToDatabase.java:80)
	... 37 common frames omitted
Caused by: oracle.jdbc.OracleDatabaseException: ORA-02000: missing ALWAYS keyword

	at oracle.jdbc.driver.T4CTTIoer11.processError(T4CTTIoer11.java:637)
	... 52 common frames omitted
2026-02-02 20:10:22.574 DEBUG org.hibernate.SQL - create table reservation (reservation_id number(19,0) generated as identity, cancel_reason_code varchar2(30 char), cancel_reason_text varchar2(255 char), canceled_at timestamp(6), created_at timestamp(6), created_by number(19,0), department_id number(19,0) not null, department_name varchar2(50 char) not null, doctor_id number(19,0), doctor_name varchar2(50 char), inactive_at timestamp(6), inactive_reason_code varchar2(30 char), inactive_reason_text varchar2(255 char), is_active number(1,0) not null check (is_active in (0,1)), note varchar2(255 char), patient_id number(19,0) not null, patient_name varchar2(50 char) not null, reservation_no varchar2(30 char) not null, reserved_at timestamp(6) not null, status varchar2(20 char) not null, updated_at timestamp(6), updated_by number(19,0), primary key (reservation_id))
2026-02-02 20:10:22.590 WARN  o.h.t.s.i.ExceptionHandlerLoggedImpl - GenerationTarget encountered exception accepting command : Error executing DDL "create table reservation (reservation_id number(19,0) generated as identity, cancel_reason_code varchar2(30 char), cancel_reason_text varchar2(255 char), canceled_at timestamp(6), created_at timestamp(6), created_by number(19,0), department_id number(19,0) not null, department_name varchar2(50 char) not null, doctor_id number(19,0), doctor_name varchar2(50 char), inactive_at timestamp(6), inactive_reason_code varchar2(30 char), inactive_reason_text varchar2(255 char), is_active number(1,0) not null check (is_active in (0,1)), note varchar2(255 char), patient_id number(19,0) not null, patient_name varchar2(50 char) not null, reservation_no varchar2(30 char) not null, reserved_at timestamp(6) not null, status varchar2(20 char) not null, updated_at timestamp(6), updated_by number(19,0), primary key (reservation_id))" via JDBC [ORA-02000: missing ALWAYS keyword
]
org.hibernate.tool.schema.spi.CommandAcceptanceException: Error executing DDL "create table reservation (reservation_id number(19,0) generated as identity, cancel_reason_code varchar2(30 char), cancel_reason_text varchar2(255 char), canceled_at timestamp(6), created_at timestamp(6), created_by number(19,0), department_id number(19,0) not null, department_name varchar2(50 char) not null, doctor_id number(19,0), doctor_name varchar2(50 char), inactive_at timestamp(6), inactive_reason_code varchar2(30 char), inactive_reason_text varchar2(255 char), is_active number(1,0) not null check (is_active in (0,1)), note varchar2(255 char), patient_id number(19,0) not null, patient_name varchar2(50 char) not null, reservation_no varchar2(30 char) not null, reserved_at timestamp(6) not null, status varchar2(20 char) not null, updated_at timestamp(6), updated_by number(19,0), primary key (reservation_id))" via JDBC [ORA-02000: missing ALWAYS keyword
]
	at org.hibernate.tool.schema.internal.exec.GenerationTargetToDatabase.accept(GenerationTargetToDatabase.java:94)
	at org.hibernate.tool.schema.internal.AbstractSchemaMigrator.applySqlString(AbstractSchemaMigrator.java:575)
	at org.hibernate.tool.schema.internal.AbstractSchemaMigrator.applySqlStrings(AbstractSchemaMigrator.java:515)
	at org.hibernate.tool.schema.internal.AbstractSchemaMigrator.createTable(AbstractSchemaMigrator.java:315)
	at org.hibernate.tool.schema.internal.GroupedSchemaMigratorImpl.performTablesMigration(GroupedSchemaMigratorImpl.java:80)
	at org.hibernate.tool.schema.internal.AbstractSchemaMigrator.performMigration(AbstractSchemaMigrator.java:232)
	at org.hibernate.tool.schema.internal.AbstractSchemaMigrator.doMigration(AbstractSchemaMigrator.java:117)
	at org.hibernate.tool.schema.spi.SchemaManagementToolCoordinator.performDatabaseAction(SchemaManagementToolCoordinator.java:280)
	at org.hibernate.tool.schema.spi.SchemaManagementToolCoordinator.lambda$process$5(SchemaManagementToolCoordinator.java:144)
	at java.base/java.util.HashMap.forEach(HashMap.java:1421)
	at org.hibernate.tool.schema.spi.SchemaManagementToolCoordinator.process(SchemaManagementToolCoordinator.java:141)
	at org.hibernate.boot.internal.SessionFactoryObserverForSchemaExport.sessionFactoryCreated(SessionFactoryObserverForSchemaExport.java:37)
	at org.hibernate.internal.SessionFactoryObserverChain.sessionFactoryCreated(SessionFactoryObserverChain.java:35)
	at org.hibernate.internal.SessionFactoryImpl.<init>(SessionFactoryImpl.java:322)
	at org.hibernate.boot.internal.SessionFactoryBuilderImpl.build(SessionFactoryBuilderImpl.java:457)
	at org.hibernate.jpa.boot.internal.EntityManagerFactoryBuilderImpl.build(EntityManagerFactoryBuilderImpl.java:1506)
	at org.springframework.orm.jpa.vendor.SpringHibernateJpaPersistenceProvider.createContainerEntityManagerFactory(SpringHibernateJpaPersistenceProvider.java:75)
	at org.springframework.orm.jpa.LocalContainerEntityManagerFactoryBean.createNativeEntityManagerFactory(LocalContainerEntityManagerFactoryBean.java:390)
	at org.springframework.orm.jpa.AbstractEntityManagerFactoryBean.buildNativeEntityManagerFactory(AbstractEntityManagerFactoryBean.java:409)
	at org.springframework.orm.jpa.AbstractEntityManagerFactoryBean.afterPropertiesSet(AbstractEntityManagerFactoryBean.java:396)
	at org.springframework.orm.jpa.LocalContainerEntityManagerFactoryBean.afterPropertiesSet(LocalContainerEntityManagerFactoryBean.java:366)
	at org.springframework.beans.factory.support.AbstractAutowireCapableBeanFactory.invokeInitMethods(AbstractAutowireCapableBeanFactory.java:1853)
	at org.springframework.beans.factory.support.AbstractAutowireCapableBeanFactory.initializeBean(AbstractAutowireCapableBeanFactory.java:1802)
	at org.springframework.beans.factory.support.AbstractAutowireCapableBeanFactory.doCreateBean(AbstractAutowireCapableBeanFactory.java:600)
	at org.springframework.beans.factory.support.AbstractAutowireCapableBeanFactory.createBean(AbstractAutowireCapableBeanFactory.java:522)
	at org.springframework.beans.factory.support.AbstractBeanFactory.lambda$doGetBean$0(AbstractBeanFactory.java:337)
	at org.springframework.beans.factory.support.DefaultSingletonBeanRegistry.getSingleton(DefaultSingletonBeanRegistry.java:234)
	at org.springframework.beans.factory.support.AbstractBeanFactory.doGetBean(AbstractBeanFactory.java:335)
	at org.springframework.beans.factory.support.AbstractBeanFactory.getBean(AbstractBeanFactory.java:205)
	at org.springframework.context.support.AbstractApplicationContext.finishBeanFactoryInitialization(AbstractApplicationContext.java:954)
	at org.springframework.context.support.AbstractApplicationContext.refresh(AbstractApplicationContext.java:625)
	at org.springframework.boot.web.servlet.context.ServletWebServerApplicationContext.refresh(ServletWebServerApplicationContext.java:146)
	at org.springframework.boot.SpringApplication.refresh(SpringApplication.java:754)
	at org.springframework.boot.SpringApplication.refreshContext(SpringApplication.java:456)
	at org.springframework.boot.SpringApplication.run(SpringApplication.java:335)
	at org.springframework.boot.SpringApplication.run(SpringApplication.java:1363)
	at org.springframework.boot.SpringApplication.run(SpringApplication.java:1352)
	at kr.co.seoulit.ReceptionApplication.main(ReceptionApplication.java:12)
Caused by: java.sql.SQLSyntaxErrorException: ORA-02000: missing ALWAYS keyword

	at oracle.jdbc.driver.T4CTTIoer11.processError(T4CTTIoer11.java:630)
	at oracle.jdbc.driver.T4CTTIoer11.processError(T4CTTIoer11.java:564)
	at oracle.jdbc.driver.T4C8Oall.processError(T4C8Oall.java:1231)
	at oracle.jdbc.driver.T4CTTIfun.receive(T4CTTIfun.java:772)
	at oracle.jdbc.driver.T4CTTIfun.doRPC(T4CTTIfun.java:299)
	at oracle.jdbc.driver.T4C8Oall.doOALL(T4C8Oall.java:512)
	at oracle.jdbc.driver.T4CStatement.doOall8(T4CStatement.java:123)
	at oracle.jdbc.driver.T4CStatement.executeForRows(T4CStatement.java:1200)
	at oracle.jdbc.driver.OracleStatement.executeSQLStatement(OracleStatement.java:1820)
	at oracle.jdbc.driver.OracleStatement.doExecuteWithTimeout(OracleStatement.java:1472)
	at oracle.jdbc.driver.OracleStatement.executeInternal(OracleStatement.java:2505)
	at oracle.jdbc.driver.OracleStatement.execute(OracleStatement.java:2460)
	at oracle.jdbc.driver.OracleStatementWrapper.execute(OracleStatementWrapper.java:328)
	at com.zaxxer.hikari.pool.ProxyStatement.execute(ProxyStatement.java:94)
	at com.zaxxer.hikari.pool.HikariProxyStatement.execute(HikariProxyStatement.java)
	at org.hibernate.tool.schema.internal.exec.GenerationTargetToDatabase.accept(GenerationTargetToDatabase.java:80)
	... 37 common frames omitted
Caused by: oracle.jdbc.OracleDatabaseException: ORA-02000: missing ALWAYS keyword

	at oracle.jdbc.driver.T4CTTIoer11.processError(T4CTTIoer11.java:637)
	... 52 common frames omitted
2026-02-02 20:10:22.592 DEBUG org.hibernate.SQL - alter table reception drop constraint UK3peucieotou86scox8diy0xg1
2026-02-02 20:10:22.666 DEBUG org.hibernate.SQL - alter table reception add constraint UK3peucieotou86scox8diy0xg1 unique (reception_no)
2026-02-02 20:10:22.685 DEBUG org.hibernate.SQL - alter table reservation drop constraint UKitn59jge219max0h3hrs9l3t6
2026-02-02 20:10:22.727 DEBUG org.hibernate.SQL - alter table reservation add constraint UKitn59jge219max0h3hrs9l3t6 unique (reservation_no)
2026-02-02 20:10:22.796 INFO  o.s.o.j.LocalContainerEntityManagerFactoryBean - Initialized JPA EntityManagerFactory for persistence unit 'default'
2026-02-02 20:10:24.044 WARN  o.s.b.a.o.j.JpaBaseConfiguration$JpaWebConfiguration - spring.jpa.open-in-view is enabled by default. Therefore, database queries may be performed during view rendering. Explicitly configure spring.jpa.open-in-view to disable this warning
2026-02-02 20:10:24.867 INFO  o.a.coyote.http11.Http11NioProtocol - Starting ProtocolHandler ["http-nio-8283"]
2026-02-02 20:10:24.882 INFO  o.s.b.w.e.tomcat.TomcatWebServer - Tomcat started on port 8283 (http) with context path '/'
2026-02-02 20:10:24.892 INFO  kr.co.seoulit.ReceptionApplication - Started ReceptionApplication in 8.465 seconds (process running for 8.865)
2026-02-02 20:15:47.700 INFO  o.a.c.c.C.[Tomcat].[localhost].[/] - Initializing Spring DispatcherServlet 'dispatcherServlet'
2026-02-02 20:15:47.700 INFO  o.s.web.servlet.DispatcherServlet - Initializing Servlet 'dispatcherServlet'
2026-02-02 20:15:47.706 INFO  o.s.web.servlet.DispatcherServlet - Completed initialization in 6 ms
2026-02-02 20:15:47.740 ERROR k.c.s.c.h.GlobalExceptionHandler - Unhandled server error
org.springframework.web.servlet.resource.NoResourceFoundException: No static resource .
	at org.springframework.web.servlet.resource.ResourceHttpRequestHandler.handleRequest(ResourceHttpRequestHandler.java:585)
	at org.springframework.web.servlet.mvc.HttpRequestHandlerAdapter.handle(HttpRequestHandlerAdapter.java:52)
	at org.springframework.web.servlet.DispatcherServlet.doDispatch(DispatcherServlet.java:1089)
	at org.springframework.web.servlet.DispatcherServlet.doService(DispatcherServlet.java:979)
	at org.springframework.web.servlet.FrameworkServlet.processRequest(FrameworkServlet.java:1014)
	at org.springframework.web.servlet.FrameworkServlet.doGet(FrameworkServlet.java:903)
	at jakarta.servlet.http.HttpServlet.service(HttpServlet.java:564)
	at org.springframework.web.servlet.FrameworkServlet.service(FrameworkServlet.java:885)
	at jakarta.servlet.http.HttpServlet.service(HttpServlet.java:658)
	at org.apache.catalina.core.ApplicationFilterChain.internalDoFilter(ApplicationFilterChain.java:195)
	at org.apache.catalina.core.ApplicationFilterChain.doFilter(ApplicationFilterChain.java:140)
	at org.apache.tomcat.websocket.server.WsFilter.doFilter(WsFilter.java:51)
	at org.apache.catalina.core.ApplicationFilterChain.internalDoFilter(ApplicationFilterChain.java:164)
	at org.apache.catalina.core.ApplicationFilterChain.doFilter(ApplicationFilterChain.java:140)
	at org.springframework.web.filter.CorsFilter.doFilterInternal(CorsFilter.java:91)
	at org.springframework.web.filter.OncePerRequestFilter.doFilter(OncePerRequestFilter.java:116)
	at org.apache.catalina.core.ApplicationFilterChain.internalDoFilter(ApplicationFilterChain.java:164)
	at org.apache.catalina.core.ApplicationFilterChain.doFilter(ApplicationFilterChain.java:140)
	at org.springframework.web.filter.RequestContextFilter.doFilterInternal(RequestContextFilter.java:100)
	at org.springframework.web.filter.OncePerRequestFilter.doFilter(OncePerRequestFilter.java:116)
	at org.apache.catalina.core.ApplicationFilterChain.internalDoFilter(ApplicationFilterChain.java:164)
	at org.apache.catalina.core.ApplicationFilterChain.doFilter(ApplicationFilterChain.java:140)
	at org.springframework.web.filter.FormContentFilter.doFilterInternal(FormContentFilter.java:93)
	at org.springframework.web.filter.OncePerRequestFilter.doFilter(OncePerRequestFilter.java:116)
	at org.apache.catalina.core.ApplicationFilterChain.internalDoFilter(ApplicationFilterChain.java:164)
	at org.apache.catalina.core.ApplicationFilterChain.doFilter(ApplicationFilterChain.java:140)
	at org.springframework.web.filter.CharacterEncodingFilter.doFilterInternal(CharacterEncodingFilter.java:201)
	at org.springframework.web.filter.OncePerRequestFilter.doFilter(OncePerRequestFilter.java:116)
	at org.apache.catalina.core.ApplicationFilterChain.internalDoFilter(ApplicationFilterChain.java:164)
	at org.apache.catalina.core.ApplicationFilterChain.doFilter(ApplicationFilterChain.java:140)
	at org.apache.catalina.core.StandardWrapperValve.invoke(StandardWrapperValve.java:167)
	at org.apache.catalina.core.StandardContextValve.invoke(StandardContextValve.java:90)
	at org.apache.catalina.authenticator.AuthenticatorBase.invoke(AuthenticatorBase.java:483)
	at org.apache.catalina.core.StandardHostValve.invoke(StandardHostValve.java:115)
	at org.apache.catalina.valves.ErrorReportValve.invoke(ErrorReportValve.java:93)
	at org.apache.catalina.core.StandardEngineValve.invoke(StandardEngineValve.java:74)
	at org.apache.catalina.connector.CoyoteAdapter.service(CoyoteAdapter.java:344)
	at org.apache.coyote.http11.Http11Processor.service(Http11Processor.java:389)
	at org.apache.coyote.AbstractProcessorLight.process(AbstractProcessorLight.java:63)
	at org.apache.coyote.AbstractProtocol$ConnectionHandler.process(AbstractProtocol.java:904)
	at org.apache.tomcat.util.net.NioEndpoint$SocketProcessor.doRun(NioEndpoint.java:1741)
	at org.apache.tomcat.util.net.SocketProcessorBase.run(SocketProcessorBase.java:52)
	at org.apache.tomcat.util.threads.ThreadPoolExecutor.runWorker(ThreadPoolExecutor.java:1190)
	at org.apache.tomcat.util.threads.ThreadPoolExecutor$Worker.run(ThreadPoolExecutor.java:659)
	at org.apache.tomcat.util.threads.TaskThread$WrappingRunnable.run(TaskThread.java:63)
	at java.base/java.lang.Thread.run(Thread.java:842)
2026-02-02 20:19:51.438 INFO  o.h.validator.internal.util.Version - HV000001: Hibernate Validator 8.0.1.Final
2026-02-02 20:19:51.487 INFO  kr.co.seoulit.ReceptionApplication - Starting ReceptionApplication using Java 17.0.12 with PID 17908 (C:\dev\teamwork\project\backend\hospital_reception_backend\reception_back\build\classes\java\main started by stu19 in C:\dev\teamwork\project\backend\hospital_reception_backend\reception_back)
2026-02-02 20:19:51.488 INFO  kr.co.seoulit.ReceptionApplication - No active profile set, falling back to 1 default profile: "default"
2026-02-02 20:19:52.444 INFO  o.s.d.r.c.RepositoryConfigurationDelegate - Multiple Spring Data modules found, entering strict repository configuration mode
2026-02-02 20:19:52.446 INFO  o.s.d.r.c.RepositoryConfigurationDelegate - Bootstrapping Spring Data JPA repositories in DEFAULT mode.
2026-02-02 20:19:52.626 INFO  o.s.d.r.c.RepositoryConfigurationDelegate - Finished Spring Data repository scanning in 171 ms. Found 9 JPA repository interfaces.
2026-02-02 20:19:52.641 INFO  o.s.d.r.c.RepositoryConfigurationDelegate - Multiple Spring Data modules found, entering strict repository configuration mode
2026-02-02 20:19:52.642 INFO  o.s.d.r.c.RepositoryConfigurationDelegate - Bootstrapping Spring Data Redis repositories in DEFAULT mode.
2026-02-02 20:19:52.656 INFO  o.s.d.r.c.RepositoryConfigurationExtensionSupport - Spring Data Redis - Could not safely identify store assignment for repository candidate interface kr.co.seoulit.common.audit.AuditLogRepository; If you want this repository to be a Redis repository, consider annotating your entities with one of these annotations: org.springframework.data.redis.core.RedisHash (preferred), or consider extending one of the following types with your repository: org.springframework.data.keyvalue.repository.KeyValueRepository
2026-02-02 20:19:52.657 INFO  o.s.d.r.c.RepositoryConfigurationExtensionSupport - Spring Data Redis - Could not safely identify store assignment for repository candidate interface kr.co.seoulit.reception.repository.DepartmentRepository; If you want this repository to be a Redis repository, consider annotating your entities with one of these annotations: org.springframework.data.redis.core.RedisHash (preferred), or consider extending one of the following types with your repository: org.springframework.data.keyvalue.repository.KeyValueRepository
2026-02-02 20:19:52.657 INFO  o.s.d.r.c.RepositoryConfigurationExtensionSupport - Spring Data Redis - Could not safely identify store assignment for repository candidate interface kr.co.seoulit.reception.repository.DoctorRepository; If you want this repository to be a Redis repository, consider annotating your entities with one of these annotations: org.springframework.data.redis.core.RedisHash (preferred), or consider extending one of the following types with your repository: org.springframework.data.keyvalue.repository.KeyValueRepository
2026-02-02 20:19:52.657 INFO  o.s.d.r.c.RepositoryConfigurationExtensionSupport - Spring Data Redis - Could not safely identify store assignment for repository candidate interface kr.co.seoulit.reception.repository.PatientRepository; If you want this repository to be a Redis repository, consider annotating your entities with one of these annotations: org.springframework.data.redis.core.RedisHash (preferred), or consider extending one of the following types with your repository: org.springframework.data.keyvalue.repository.KeyValueRepository
2026-02-02 20:19:52.657 INFO  o.s.d.r.c.RepositoryConfigurationExtensionSupport - Spring Data Redis - Could not safely identify store assignment for repository candidate interface kr.co.seoulit.reception.repository.ReceptionEmergencyRepository; If you want this repository to be a Redis repository, consider annotating your entities with one of these annotations: org.springframework.data.redis.core.RedisHash (preferred), or consider extending one of the following types with your repository: org.springframework.data.keyvalue.repository.KeyValueRepository
2026-02-02 20:19:52.657 INFO  o.s.d.r.c.RepositoryConfigurationExtensionSupport - Spring Data Redis - Could not safely identify store assignment for repository candidate interface kr.co.seoulit.reception.repository.ReceptionInpatientRepository; If you want this repository to be a Redis repository, consider annotating your entities with one of these annotations: org.springframework.data.redis.core.RedisHash (preferred), or consider extending one of the following types with your repository: org.springframework.data.keyvalue.repository.KeyValueRepository
2026-02-02 20:19:52.658 INFO  o.s.d.r.c.RepositoryConfigurationExtensionSupport - Spring Data Redis - Could not safely identify store assignment for repository candidate interface kr.co.seoulit.reception.repository.ReceptionRepository; If you want this repository to be a Redis repository, consider annotating your entities with one of these annotations: org.springframework.data.redis.core.RedisHash (preferred), or consider extending one of the following types with your repository: org.springframework.data.keyvalue.repository.KeyValueRepository
2026-02-02 20:19:52.658 INFO  o.s.d.r.c.RepositoryConfigurationExtensionSupport - Spring Data Redis - Could not safely identify store assignment for repository candidate interface kr.co.seoulit.reception.repository.ReceptionStatusHistoryRepository; If you want this repository to be a Redis repository, consider annotating your entities with one of these annotations: org.springframework.data.redis.core.RedisHash (preferred), or consider extending one of the following types with your repository: org.springframework.data.keyvalue.repository.KeyValueRepository
2026-02-02 20:19:52.658 INFO  o.s.d.r.c.RepositoryConfigurationExtensionSupport - Spring Data Redis - Could not safely identify store assignment for repository candidate interface kr.co.seoulit.reception.repository.ReservationRepository; If you want this repository to be a Redis repository, consider annotating your entities with one of these annotations: org.springframework.data.redis.core.RedisHash (preferred), or consider extending one of the following types with your repository: org.springframework.data.keyvalue.repository.KeyValueRepository
2026-02-02 20:19:52.659 INFO  o.s.d.r.c.RepositoryConfigurationDelegate - Finished Spring Data repository scanning in 8 ms. Found 0 Redis repository interfaces.
2026-02-02 20:19:53.473 INFO  o.s.b.w.e.tomcat.TomcatWebServer - Tomcat initialized with port 8283 (http)
2026-02-02 20:19:53.484 INFO  o.a.coyote.http11.Http11NioProtocol - Initializing ProtocolHandler ["http-nio-8283"]
2026-02-02 20:19:53.486 INFO  o.a.catalina.core.StandardService - Starting service [Tomcat]
2026-02-02 20:19:53.486 INFO  o.a.catalina.core.StandardEngine - Starting Servlet engine: [Apache Tomcat/10.1.26]
2026-02-02 20:19:53.575 INFO  o.a.c.c.C.[Tomcat].[localhost].[/] - Initializing Spring embedded WebApplicationContext
2026-02-02 20:19:53.576 INFO  o.s.b.w.s.c.ServletWebServerApplicationContext - Root WebApplicationContext: initialization completed in 2035 ms
2026-02-02 20:19:53.822 INFO  o.h.jpa.internal.util.LogHelper - HHH000204: Processing PersistenceUnitInfo [name: default]
2026-02-02 20:19:53.876 INFO  org.hibernate.Version - HHH000412: Hibernate ORM core version 6.5.2.Final
2026-02-02 20:19:53.909 INFO  o.h.c.i.RegionFactoryInitiator - HHH000026: Second-level cache disabled
2026-02-02 20:19:54.224 INFO  o.s.o.j.p.SpringPersistenceUnitInfo - No LoadTimeWeaver setup: ignoring JPA class transformer
2026-02-02 20:19:54.250 INFO  com.zaxxer.hikari.HikariDataSource - HikariPool-1 - Starting...
2026-02-02 20:19:54.770 INFO  com.zaxxer.hikari.pool.HikariPool - HikariPool-1 - Added connection oracle.jdbc.driver.T4CConnection@2d2af12e
2026-02-02 20:19:54.772 INFO  com.zaxxer.hikari.HikariDataSource - HikariPool-1 - Start completed.
2026-02-02 20:19:54.976 WARN  org.hibernate.dialect.Dialect - HHH000511: The 11.2.0 version for [org.hibernate.dialect.OracleDialect] is no longer supported, hence certain features may not work properly. The minimum supported version is 19.0.0. Check the community dialects project for available legacy versions.
2026-02-02 20:19:54.985 WARN  org.hibernate.orm.deprecation - HHH90000025: OracleDialect does not need to be specified explicitly using 'hibernate.dialect' (remove the property setting and it will be selected by default)
2026-02-02 20:19:56.137 INFO  o.h.e.t.j.p.i.JtaPlatformInitiator - HHH000489: No JTA platform available (set 'hibernate.transaction.jta.platform' to enable JTA platform integration)
2026-02-02 20:19:56.140 INFO  o.s.o.j.LocalContainerEntityManagerFactoryBean - Initialized JPA EntityManagerFactory for persistence unit 'default'
2026-02-02 20:19:57.424 WARN  o.s.b.a.o.j.JpaBaseConfiguration$JpaWebConfiguration - spring.jpa.open-in-view is enabled by default. Therefore, database queries may be performed during view rendering. Explicitly configure spring.jpa.open-in-view to disable this warning
2026-02-02 20:19:57.455 INFO  o.s.b.a.w.s.WelcomePageHandlerMapping - Adding welcome page: class path resource [static/index.html]
2026-02-02 20:19:58.296 INFO  o.a.coyote.http11.Http11NioProtocol - Starting ProtocolHandler ["http-nio-8283"]
2026-02-02 20:19:58.312 INFO  o.s.b.w.e.tomcat.TomcatWebServer - Tomcat started on port 8283 (http) with context path '/'
2026-02-02 20:19:58.324 INFO  kr.co.seoulit.ReceptionApplication - Started ReceptionApplication in 7.393 seconds (process running for 7.794)
2026-02-02 20:21:52.728 INFO  o.a.c.c.C.[Tomcat].[localhost].[/] - Initializing Spring DispatcherServlet 'dispatcherServlet'
2026-02-02 20:21:52.728 INFO  o.s.web.servlet.DispatcherServlet - Initializing Servlet 'dispatcherServlet'
2026-02-02 20:21:52.728 INFO  o.s.web.servlet.DispatcherServlet - Completed initialization in 0 ms
2026-02-02 20:21:52.775 INFO  k.co.seoulit.common.aop.LoggerAspect - Controller  : kr.co.seoulit.reception.controller.MenuController.getMenus()½ÃÀÛ
2026-02-02 20:21:52.775 INFO  k.co.seoulit.common.aop.LoggerAspect - Controller  : kr.co.seoulit.reception.controller.MenuController.getMenus()Á¾·á
2026-02-02 20:21:56.408 INFO  k.co.seoulit.common.aop.LoggerAspect - Controller  : kr.co.seoulit.common.controller.RootController.root()½ÃÀÛ
2026-02-02 20:21:56.408 INFO  k.co.seoulit.common.aop.LoggerAspect - Controller  : kr.co.seoulit.common.controller.RootController.root()Á¾·á
2026-02-02 20:23:31.234 INFO  k.co.seoulit.common.aop.LoggerAspect - Controller  : kr.co.seoulit.common.controller.RootController.root()½ÃÀÛ
2026-02-02 20:23:31.234 INFO  k.co.seoulit.common.aop.LoggerAspect - Controller  : kr.co.seoulit.common.controller.RootController.root()Á¾·á
2026-02-02 20:27:05.684 INFO  k.co.seoulit.common.aop.LoggerAspect - Controller  : kr.co.seoulit.reception.controller.MenuController.getMenus()½ÃÀÛ
2026-02-02 20:27:05.684 INFO  k.co.seoulit.common.aop.LoggerAspect - Controller  : kr.co.seoulit.reception.controller.MenuController.getMenus()Á¾·á
2026-02-02 20:36:06.973 INFO  k.co.seoulit.common.aop.LoggerAspect - Controller  : kr.co.seoulit.reception.controller.DepartmentController.getDepartments()½ÃÀÛ
2026-02-02 20:36:07.128 DEBUG org.hibernate.SQL - select de1_0.department_id,de1_0.department_name from department de1_0
2026-02-02 20:36:07.219 INFO  k.co.seoulit.common.aop.LoggerAspect - Controller  : kr.co.seoulit.reception.controller.DepartmentController.getDepartments()Á¾·á
2026-02-02 20:36:07.327 INFO  k.co.seoulit.common.aop.LoggerAspect - Controller  : kr.co.seoulit.reception.controller.DoctorController.getDoctors()½ÃÀÛ
2026-02-02 20:36:07.329 DEBUG org.hibernate.SQL - select de1_0.doctor_id,de1_0.department_id,de1_0.doctor_name from doctor de1_0
2026-02-02 20:36:07.377 INFO  k.co.seoulit.common.aop.LoggerAspect - Controller  : kr.co.seoulit.reception.controller.DoctorController.getDoctors()Á¾·á
2026-02-02 20:36:07.380 INFO  k.co.seoulit.common.aop.LoggerAspect - Controller  : kr.co.seoulit.reception.controller.PatientController.getPatients()½ÃÀÛ
2026-02-02 20:36:07.382 DEBUG org.hibernate.SQL - select pe1_0.patient_id,pe1_0.patient_name from patient pe1_0
2026-02-02 20:36:07.547 INFO  k.co.seoulit.common.aop.LoggerAspect - Controller  : kr.co.seoulit.reception.controller.PatientController.getPatients()Á¾·á
2026-02-02 20:36:45.464 INFO  k.co.seoulit.common.aop.LoggerAspect - Controller  : kr.co.seoulit.reception.controller.ReservationController.createReservation()½ÃÀÛ
2026-02-02 20:36:45.464 INFO  k.c.s.r.c.ReservationController - Reservation create request: reservationNo=RSV-20260202-001
2026-02-02 20:36:45.823 INFO  k.co.seoulit.common.aop.LoggerAspect - ServiceImpl  : kr.co.seoulit.reception.service.ReservationServiceImpl.createReservation()½ÃÀÛ
2026-02-02 20:36:45.846 DEBUG org.hibernate.SQL - select re1_0.reservation_id from reservation re1_0 where re1_0.reservation_no=? fetch first ? rows only
2026-02-02 20:36:45.848 TRACE org.hibernate.orm.jdbc.bind - binding parameter (1:VARCHAR) <- [RSV-20260202-001]
2026-02-02 20:36:45.849 TRACE org.hibernate.orm.jdbc.bind - binding parameter (2:INTEGER) <- [1]
2026-02-02 20:36:45.875 WARN  o.h.e.jdbc.spi.SqlExceptionHelper - SQL Error: 933, SQLState: 42000
2026-02-02 20:36:45.876 ERROR o.h.e.jdbc.spi.SqlExceptionHelper - ORA-00933: SQL command not properly ended

2026-02-02 20:36:46.070 ERROR k.c.s.c.h.GlobalExceptionHandler - Unhandled server error
org.springframework.dao.InvalidDataAccessResourceUsageException: JDBC exception executing SQL [select re1_0.reservation_id from reservation re1_0 where re1_0.reservation_no=? fetch first ? rows only] [ORA-00933: SQL command not properly ended
] [n/a]; SQL [n/a]
	at org.springframework.orm.jpa.vendor.HibernateJpaDialect.convertHibernateAccessException(HibernateJpaDialect.java:277)
	at org.springframework.orm.jpa.vendor.HibernateJpaDialect.translateExceptionIfPossible(HibernateJpaDialect.java:241)
	at org.springframework.orm.jpa.AbstractEntityManagerFactoryBean.translateExceptionIfPossible(AbstractEntityManagerFactoryBean.java:550)
	at org.springframework.dao.support.ChainedPersistenceExceptionTranslator.translateExceptionIfPossible(ChainedPersistenceExceptionTranslator.java:61)
	at org.springframework.dao.support.DataAccessUtils.translateIfNecessary(DataAccessUtils.java:335)
	at org.springframework.dao.support.PersistenceExceptionTranslationInterceptor.invoke(PersistenceExceptionTranslationInterceptor.java:160)
	at org.springframework.aop.framework.ReflectiveMethodInvocation.proceed(ReflectiveMethodInvocation.java:184)
	at org.springframework.data.jpa.repository.support.CrudMethodMetadataPostProcessor$CrudMethodMetadataPopulatingMethodInterceptor.invoke(CrudMethodMetadataPostProcessor.java:136)
	at org.springframework.aop.framework.ReflectiveMethodInvocation.proceed(ReflectiveMethodInvocation.java:184)
	at org.springframework.aop.interceptor.ExposeInvocationInterceptor.invoke(ExposeInvocationInterceptor.java:97)
	at org.springframework.aop.framework.ReflectiveMethodInvocation.proceed(ReflectiveMethodInvocation.java:184)
	at org.springframework.aop.framework.JdkDynamicAopProxy.invoke(JdkDynamicAopProxy.java:223)
	at jdk.proxy2/jdk.proxy2.$Proxy164.existsByReservationNo(Unknown Source)
	at kr.co.seoulit.reception.service.ReservationServiceImpl.createReservation(ReservationServiceImpl.java:61)
	at java.base/jdk.internal.reflect.NativeMethodAccessorImpl.invoke0(Native Method)
	at java.base/jdk.internal.reflect.NativeMethodAccessorImpl.invoke(NativeMethodAccessorImpl.java:77)
	at java.base/jdk.internal.reflect.DelegatingMethodAccessorImpl.invoke(DelegatingMethodAccessorImpl.java:43)
	at java.base/java.lang.reflect.Method.invoke(Method.java:568)
	at org.springframework.aop.support.AopUtils.invokeJoinpointUsingReflection(AopUtils.java:354)
	at org.springframework.aop.framework.ReflectiveMethodInvocation.invokeJoinpoint(ReflectiveMethodInvocation.java:196)
	at org.springframework.aop.framework.ReflectiveMethodInvocation.proceed(ReflectiveMethodInvocation.java:163)
	at org.springframework.aop.framework.CglibAopProxy$CglibMethodInvocation.proceed(CglibAopProxy.java:768)
	at org.springframework.aop.aspectj.MethodInvocationProceedingJoinPoint.proceed(MethodInvocationProceedingJoinPoint.java:89)
	at kr.co.seoulit.common.aop.LoggerAspect.logPrint(LoggerAspect.java:31)
	at java.base/jdk.internal.reflect.NativeMethodAccessorImpl.invoke0(Native Method)
	at java.base/jdk.internal.reflect.NativeMethodAccessorImpl.invoke(NativeMethodAccessorImpl.java:77)
	at java.base/jdk.internal.reflect.DelegatingMethodAccessorImpl.invoke(DelegatingMethodAccessorImpl.java:43)
	at java.base/java.lang.reflect.Method.invoke(Method.java:568)
	at org.springframework.aop.aspectj.AbstractAspectJAdvice.invokeAdviceMethodWithGivenArgs(AbstractAspectJAdvice.java:637)
	at org.springframework.aop.aspectj.AbstractAspectJAdvice.invokeAdviceMethod(AbstractAspectJAdvice.java:627)
	at org.springframework.aop.aspectj.AspectJAroundAdvice.invoke(AspectJAroundAdvice.java:71)
	at org.springframework.aop.framework.ReflectiveMethodInvocation.proceed(ReflectiveMethodInvocation.java:184)
	at org.springframework.aop.framework.CglibAopProxy$CglibMethodInvocation.proceed(CglibAopProxy.java:768)
	at org.springframework.transaction.interceptor.TransactionAspectSupport.invokeWithinTransaction(TransactionAspectSupport.java:379)
	at org.springframework.transaction.interceptor.TransactionInterceptor.invoke(TransactionInterceptor.java:119)
	at org.springframework.aop.framework.ReflectiveMethodInvocation.proceed(ReflectiveMethodInvocation.java:184)
	at org.springframework.aop.framework.CglibAopProxy$CglibMethodInvocation.proceed(CglibAopProxy.java:768)
	at org.springframework.aop.interceptor.ExposeInvocationInterceptor.invoke(ExposeInvocationInterceptor.java:97)
	at org.springframework.aop.framework.ReflectiveMethodInvocation.proceed(ReflectiveMethodInvocation.java:184)
	at org.springframework.aop.framework.CglibAopProxy$CglibMethodInvocation.proceed(CglibAopProxy.java:768)
	at org.springframework.aop.framework.CglibAopProxy$DynamicAdvisedInterceptor.intercept(CglibAopProxy.java:720)
	at kr.co.seoulit.reception.service.ReservationServiceImpl$$SpringCGLIB$$0.createReservation(<generated>)
	at kr.co.seoulit.reception.controller.ReservationController.createReservation(ReservationController.java:64)
	at java.base/jdk.internal.reflect.NativeMethodAccessorImpl.invoke0(Native Method)
	at java.base/jdk.internal.reflect.NativeMethodAccessorImpl.invoke(NativeMethodAccessorImpl.java:77)
	at java.base/jdk.internal.reflect.DelegatingMethodAccessorImpl.invoke(DelegatingMethodAccessorImpl.java:43)
	at java.base/java.lang.reflect.Method.invoke(Method.java:568)
	at org.springframework.aop.support.AopUtils.invokeJoinpointUsingReflection(AopUtils.java:354)
	at org.springframework.aop.framework.ReflectiveMethodInvocation.invokeJoinpoint(ReflectiveMethodInvocation.java:196)
	at org.springframework.aop.framework.ReflectiveMethodInvocation.proceed(ReflectiveMethodInvocation.java:163)
	at org.springframework.aop.framework.CglibAopProxy$CglibMethodInvocation.proceed(CglibAopProxy.java:768)
	at org.springframework.aop.aspectj.MethodInvocationProceedingJoinPoint.proceed(MethodInvocationProceedingJoinPoint.java:89)
	at kr.co.seoulit.common.aop.LoggerAspect.logPrint(LoggerAspect.java:31)
	at java.base/jdk.internal.reflect.NativeMethodAccessorImpl.invoke0(Native Method)
	at java.base/jdk.internal.reflect.NativeMethodAccessorImpl.invoke(NativeMethodAccessorImpl.java:77)
	at java.base/jdk.internal.reflect.DelegatingMethodAccessorImpl.invoke(DelegatingMethodAccessorImpl.java:43)
	at java.base/java.lang.reflect.Method.invoke(Method.java:568)
	at org.springframework.aop.aspectj.AbstractAspectJAdvice.invokeAdviceMethodWithGivenArgs(AbstractAspectJAdvice.java:637)
	at org.springframework.aop.aspectj.AbstractAspectJAdvice.invokeAdviceMethod(AbstractAspectJAdvice.java:627)
	at org.springframework.aop.aspectj.AspectJAroundAdvice.invoke(AspectJAroundAdvice.java:71)
	at org.springframework.aop.framework.ReflectiveMethodInvocation.proceed(ReflectiveMethodInvocation.java:184)
	at org.springframework.aop.framework.CglibAopProxy$CglibMethodInvocation.proceed(CglibAopProxy.java:768)
	at org.springframework.aop.interceptor.ExposeInvocationInterceptor.invoke(ExposeInvocationInterceptor.java:97)
	at org.springframework.aop.framework.ReflectiveMethodInvocation.proceed(ReflectiveMethodInvocation.java:184)
	at org.springframework.aop.framework.CglibAopProxy$CglibMethodInvocation.proceed(CglibAopProxy.java:768)
	at org.springframework.aop.framework.CglibAopProxy$DynamicAdvisedInterceptor.intercept(CglibAopProxy.java:720)
	at kr.co.seoulit.reception.controller.ReservationController$$SpringCGLIB$$0.createReservation(<generated>)
	at java.base/jdk.internal.reflect.NativeMethodAccessorImpl.invoke0(Native Method)
	at java.base/jdk.internal.reflect.NativeMethodAccessorImpl.invoke(NativeMethodAccessorImpl.java:77)
	at java.base/jdk.internal.reflect.DelegatingMethodAccessorImpl.invoke(DelegatingMethodAccessorImpl.java:43)
	at java.base/java.lang.reflect.Method.invoke(Method.java:568)
	at org.springframework.web.method.support.InvocableHandlerMethod.doInvoke(InvocableHandlerMethod.java:255)
	at org.springframework.web.method.support.InvocableHandlerMethod.invokeForRequest(InvocableHandlerMethod.java:188)
	at org.springframework.web.servlet.mvc.method.annotation.ServletInvocableHandlerMethod.invokeAndHandle(ServletInvocableHandlerMethod.java:118)
	at org.springframework.web.servlet.mvc.method.annotation.RequestMappingHandlerAdapter.invokeHandlerMethod(RequestMappingHandlerAdapter.java:926)
	at org.springframework.web.servlet.mvc.method.annotation.RequestMappingHandlerAdapter.handleInternal(RequestMappingHandlerAdapter.java:831)
	at org.springframework.web.servlet.mvc.method.AbstractHandlerMethodAdapter.handle(AbstractHandlerMethodAdapter.java:87)
	at org.springframework.web.servlet.DispatcherServlet.doDispatch(DispatcherServlet.java:1089)
	at org.springframework.web.servlet.DispatcherServlet.doService(DispatcherServlet.java:979)
	at org.springframework.web.servlet.FrameworkServlet.processRequest(FrameworkServlet.java:1014)
	at org.springframework.web.servlet.FrameworkServlet.doPost(FrameworkServlet.java:914)
	at jakarta.servlet.http.HttpServlet.service(HttpServlet.java:590)
	at org.springframework.web.servlet.FrameworkServlet.service(FrameworkServlet.java:885)
	at jakarta.servlet.http.HttpServlet.service(HttpServlet.java:658)
	at org.apache.catalina.core.ApplicationFilterChain.internalDoFilter(ApplicationFilterChain.java:195)
	at org.apache.catalina.core.ApplicationFilterChain.doFilter(ApplicationFilterChain.java:140)
	at org.apache.tomcat.websocket.server.WsFilter.doFilter(WsFilter.java:51)
	at org.apache.catalina.core.ApplicationFilterChain.internalDoFilter(ApplicationFilterChain.java:164)
	at org.apache.catalina.core.ApplicationFilterChain.doFilter(ApplicationFilterChain.java:140)
	at org.springframework.web.filter.CorsFilter.doFilterInternal(CorsFilter.java:91)
	at org.springframework.web.filter.OncePerRequestFilter.doFilter(OncePerRequestFilter.java:116)
	at org.apache.catalina.core.ApplicationFilterChain.internalDoFilter(ApplicationFilterChain.java:164)
	at org.apache.catalina.core.ApplicationFilterChain.doFilter(ApplicationFilterChain.java:140)
	at org.springframework.web.filter.RequestContextFilter.doFilterInternal(RequestContextFilter.java:100)
	at org.springframework.web.filter.OncePerRequestFilter.doFilter(OncePerRequestFilter.java:116)
	at org.apache.catalina.core.ApplicationFilterChain.internalDoFilter(ApplicationFilterChain.java:164)
	at org.apache.catalina.core.ApplicationFilterChain.doFilter(ApplicationFilterChain.java:140)
	at org.springframework.web.filter.FormContentFilter.doFilterInternal(FormContentFilter.java:93)
	at org.springframework.web.filter.OncePerRequestFilter.doFilter(OncePerRequestFilter.java:116)
	at org.apache.catalina.core.ApplicationFilterChain.internalDoFilter(ApplicationFilterChain.java:164)
	at org.apache.catalina.core.ApplicationFilterChain.doFilter(ApplicationFilterChain.java:140)
	at org.springframework.web.filter.CharacterEncodingFilter.doFilterInternal(CharacterEncodingFilter.java:201)
	at org.springframework.web.filter.OncePerRequestFilter.doFilter(OncePerRequestFilter.java:116)
	at org.apache.catalina.core.ApplicationFilterChain.internalDoFilter(ApplicationFilterChain.java:164)
	at org.apache.catalina.core.ApplicationFilterChain.doFilter(ApplicationFilterChain.java:140)
	at org.apache.catalina.core.StandardWrapperValve.invoke(StandardWrapperValve.java:167)
	at org.apache.catalina.core.StandardContextValve.invoke(StandardContextValve.java:90)
	at org.apache.catalina.authenticator.AuthenticatorBase.invoke(AuthenticatorBase.java:483)
	at org.apache.catalina.core.StandardHostValve.invoke(StandardHostValve.java:115)
	at org.apache.catalina.valves.ErrorReportValve.invoke(ErrorReportValve.java:93)
	at org.apache.catalina.core.StandardEngineValve.invoke(StandardEngineValve.java:74)
	at org.apache.catalina.connector.CoyoteAdapter.service(CoyoteAdapter.java:344)
	at org.apache.coyote.http11.Http11Processor.service(Http11Processor.java:389)
	at org.apache.coyote.AbstractProcessorLight.process(AbstractProcessorLight.java:63)
	at org.apache.coyote.AbstractProtocol$ConnectionHandler.process(AbstractProtocol.java:904)
	at org.apache.tomcat.util.net.NioEndpoint$SocketProcessor.doRun(NioEndpoint.java:1741)
	at org.apache.tomcat.util.net.SocketProcessorBase.run(SocketProcessorBase.java:52)
	at org.apache.tomcat.util.threads.ThreadPoolExecutor.runWorker(ThreadPoolExecutor.java:1190)
	at org.apache.tomcat.util.threads.ThreadPoolExecutor$Worker.run(ThreadPoolExecutor.java:659)
	at org.apache.tomcat.util.threads.TaskThread$WrappingRunnable.run(TaskThread.java:63)
	at java.base/java.lang.Thread.run(Thread.java:842)
Caused by: org.hibernate.exception.SQLGrammarException: JDBC exception executing SQL [select re1_0.reservation_id from reservation re1_0 where re1_0.reservation_no=? fetch first ? rows only] [ORA-00933: SQL command not properly ended
] [n/a]
	at org.hibernate.exception.internal.SQLExceptionTypeDelegate.convert(SQLExceptionTypeDelegate.java:66)
	at org.hibernate.exception.internal.StandardSQLExceptionConverter.convert(StandardSQLExceptionConverter.java:58)
	at org.hibernate.engine.jdbc.spi.SqlExceptionHelper.convert(SqlExceptionHelper.java:108)
	at org.hibernate.engine.jdbc.spi.SqlExceptionHelper.convert(SqlExceptionHelper.java:94)
	at org.hibernate.sql.results.jdbc.internal.DeferredResultSetAccess.executeQuery(DeferredResultSetAccess.java:264)
	at org.hibernate.sql.results.jdbc.internal.DeferredResultSetAccess.getResultSet(DeferredResultSetAccess.java:167)
	at org.hibernate.sql.results.jdbc.internal.JdbcValuesResultSetImpl.advanceNext(JdbcValuesResultSetImpl.java:265)
	at org.hibernate.sql.results.jdbc.internal.JdbcValuesResultSetImpl.processNext(JdbcValuesResultSetImpl.java:145)
	at org.hibernate.sql.results.jdbc.internal.AbstractJdbcValues.next(AbstractJdbcValues.java:19)
	at org.hibernate.sql.results.internal.RowProcessingStateStandardImpl.next(RowProcessingStateStandardImpl.java:67)
	at org.hibernate.sql.results.spi.ListResultsConsumer.consume(ListResultsConsumer.java:204)
	at org.hibernate.sql.results.spi.ListResultsConsumer.consume(ListResultsConsumer.java:33)
	at org.hibernate.sql.exec.internal.JdbcSelectExecutorStandardImpl.doExecuteQuery(JdbcSelectExecutorStandardImpl.java:211)
	at org.hibernate.sql.exec.internal.JdbcSelectExecutorStandardImpl.executeQuery(JdbcSelectExecutorStandardImpl.java:83)
	at org.hibernate.sql.exec.spi.JdbcSelectExecutor.list(JdbcSelectExecutor.java:76)
	at org.hibernate.sql.exec.spi.JdbcSelectExecutor.list(JdbcSelectExecutor.java:65)
	at org.hibernate.query.sqm.internal.ConcreteSqmSelectQueryPlan.lambda$new$2(ConcreteSqmSelectQueryPlan.java:139)
	at org.hibernate.query.sqm.internal.ConcreteSqmSelectQueryPlan.withCacheableSqmInterpretation(ConcreteSqmSelectQueryPlan.java:382)
	at org.hibernate.query.sqm.internal.ConcreteSqmSelectQueryPlan.performList(ConcreteSqmSelectQueryPlan.java:302)
	at org.hibernate.query.sqm.internal.QuerySqmImpl.doList(QuerySqmImpl.java:526)
	at org.hibernate.query.spi.AbstractSelectionQuery.list(AbstractSelectionQuery.java:423)
	at org.hibernate.query.Query.getResultList(Query.java:120)
	at org.springframework.data.jpa.repository.query.JpaQueryExecution$ExistsExecution.doExecute(JpaQueryExecution.java:315)
	at org.springframework.data.jpa.repository.query.JpaQueryExecution.execute(JpaQueryExecution.java:92)
	at org.springframework.data.jpa.repository.query.AbstractJpaQuery.doExecute(AbstractJpaQuery.java:152)
	at org.springframework.data.jpa.repository.query.AbstractJpaQuery.execute(AbstractJpaQuery.java:140)
	at org.springframework.data.repository.core.support.RepositoryMethodInvoker.doInvoke(RepositoryMethodInvoker.java:170)
	at org.springframework.data.repository.core.support.RepositoryMethodInvoker.invoke(RepositoryMethodInvoker.java:158)
	at org.springframework.data.repository.core.support.QueryExecutorMethodInterceptor.doInvoke(QueryExecutorMethodInterceptor.java:164)
	at org.springframework.data.repository.core.support.QueryExecutorMethodInterceptor.invoke(QueryExecutorMethodInterceptor.java:143)
	at org.springframework.aop.framework.ReflectiveMethodInvocation.proceed(ReflectiveMethodInvocation.java:184)
	at org.springframework.data.projection.DefaultMethodInvokingMethodInterceptor.invoke(DefaultMethodInvokingMethodInterceptor.java:70)
	at org.springframework.aop.framework.ReflectiveMethodInvocation.proceed(ReflectiveMethodInvocation.java:184)
	at org.springframework.transaction.interceptor.TransactionAspectSupport.invokeWithinTransaction(TransactionAspectSupport.java:379)
	at org.springframework.transaction.interceptor.TransactionInterceptor.invoke(TransactionInterceptor.java:119)
	at org.springframework.aop.framework.ReflectiveMethodInvocation.proceed(ReflectiveMethodInvocation.java:184)
	at org.springframework.dao.support.PersistenceExceptionTranslationInterceptor.invoke(PersistenceExceptionTranslationInterceptor.java:138)
	... 115 common frames omitted
Caused by: java.sql.SQLSyntaxErrorException: ORA-00933: SQL command not properly ended

	at oracle.jdbc.driver.T4CTTIoer11.processError(T4CTTIoer11.java:630)
	at oracle.jdbc.driver.T4CTTIoer11.processError(T4CTTIoer11.java:564)
	at oracle.jdbc.driver.T4C8Oall.processError(T4C8Oall.java:1231)
	at oracle.jdbc.driver.T4CTTIfun.receive(T4CTTIfun.java:772)
	at oracle.jdbc.driver.T4CTTIfun.doRPC(T4CTTIfun.java:299)
	at oracle.jdbc.driver.T4C8Oall.doOALL(T4C8Oall.java:512)
	at oracle.jdbc.driver.T4CPreparedStatement.doOall8(T4CPreparedStatement.java:163)
	at oracle.jdbc.driver.T4CPreparedStatement.executeForDescribe(T4CPreparedStatement.java:1010)
	at oracle.jdbc.driver.OracleStatement.prepareDefineBufferAndExecute(OracleStatement.java:1271)
	at oracle.jdbc.driver.OracleStatement.executeMaybeDescribe(OracleStatement.java:1149)
	at oracle.jdbc.driver.OracleStatement.executeSQLSelect(OracleStatement.java:1661)
	at oracle.jdbc.driver.OracleStatement.doExecuteWithTimeout(OracleStatement.java:1470)
	at oracle.jdbc.driver.OraclePreparedStatement.executeInternal(OraclePreparedStatement.java:3761)
	at oracle.jdbc.driver.OraclePreparedStatement.executeQuery(OraclePreparedStatement.java:3936)
	at oracle.jdbc.driver.OraclePreparedStatementWrapper.executeQuery(OraclePreparedStatementWrapper.java:1102)
	at com.zaxxer.hikari.pool.ProxyPreparedStatement.executeQuery(ProxyPreparedStatement.java:52)
	at com.zaxxer.hikari.pool.HikariProxyPreparedStatement.executeQuery(HikariProxyPreparedStatement.java)
	at org.hibernate.sql.results.jdbc.internal.DeferredResultSetAccess.executeQuery(DeferredResultSetAccess.java:246)
	... 147 common frames omitted
Caused by: oracle.jdbc.OracleDatabaseException: ORA-00933: SQL command not properly ended

	at oracle.jdbc.driver.T4CTTIoer11.processError(T4CTTIoer11.java:637)
	... 164 common frames omitted
2026-02-02 20:36:46.186 INFO  k.co.seoulit.common.aop.LoggerAspect - Controller  : kr.co.seoulit.reception.controller.ReservationController.getReservations()½ÃÀÛ
2026-02-02 20:36:46.187 INFO  k.c.s.r.c.ReservationController - Reservation list request: searchType=null, searchValue=null
2026-02-02 20:36:46.187 INFO  k.co.seoulit.common.aop.LoggerAspect - ServiceImpl  : kr.co.seoulit.reception.service.ReservationServiceImpl.getReservationList()½ÃÀÛ
2026-02-02 20:36:46.362 INFO  k.co.seoulit.common.aop.LoggerAspect - ServiceImpl  : kr.co.seoulit.reception.service.ReservationServiceImpl.getReservationList()Á¾·á
2026-02-02 20:36:46.368 INFO  k.co.seoulit.common.aop.LoggerAspect - Controller  : kr.co.seoulit.reception.controller.ReservationController.getReservations()Á¾·á
2026-02-02 20:36:46.421 WARN  k.c.s.c.h.GlobalExceptionHandler - No resource found
org.springframework.web.servlet.resource.NoResourceFoundException: No static resource api/reservations.
	at org.springframework.web.servlet.resource.ResourceHttpRequestHandler.handleRequest(ResourceHttpRequestHandler.java:585)
	at org.springframework.web.servlet.mvc.HttpRequestHandlerAdapter.handle(HttpRequestHandlerAdapter.java:52)
	at org.springframework.web.servlet.DispatcherServlet.doDispatch(DispatcherServlet.java:1089)
	at org.springframework.web.servlet.DispatcherServlet.doService(DispatcherServlet.java:979)
	at org.springframework.web.servlet.FrameworkServlet.processRequest(FrameworkServlet.java:1014)
	at org.springframework.web.servlet.FrameworkServlet.doGet(FrameworkServlet.java:903)
	at jakarta.servlet.http.HttpServlet.service(HttpServlet.java:564)
	at org.springframework.web.servlet.FrameworkServlet.service(FrameworkServlet.java:885)
	at jakarta.servlet.http.HttpServlet.service(HttpServlet.java:658)
	at org.apache.catalina.core.ApplicationFilterChain.internalDoFilter(ApplicationFilterChain.java:195)
	at org.apache.catalina.core.ApplicationFilterChain.doFilter(ApplicationFilterChain.java:140)
	at org.apache.tomcat.websocket.server.WsFilter.doFilter(WsFilter.java:51)
	at org.apache.catalina.core.ApplicationFilterChain.internalDoFilter(ApplicationFilterChain.java:164)
	at org.apache.catalina.core.ApplicationFilterChain.doFilter(ApplicationFilterChain.java:140)
	at org.springframework.web.filter.CorsFilter.doFilterInternal(CorsFilter.java:91)
	at org.springframework.web.filter.OncePerRequestFilter.doFilter(OncePerRequestFilter.java:116)
	at org.apache.catalina.core.ApplicationFilterChain.internalDoFilter(ApplicationFilterChain.java:164)
	at org.apache.catalina.core.ApplicationFilterChain.doFilter(ApplicationFilterChain.java:140)
	at org.springframework.web.filter.RequestContextFilter.doFilterInternal(RequestContextFilter.java:100)
	at org.springframework.web.filter.OncePerRequestFilter.doFilter(OncePerRequestFilter.java:116)
	at org.apache.catalina.core.ApplicationFilterChain.internalDoFilter(ApplicationFilterChain.java:164)
	at org.apache.catalina.core.ApplicationFilterChain.doFilter(ApplicationFilterChain.java:140)
	at org.springframework.web.filter.FormContentFilter.doFilterInternal(FormContentFilter.java:93)
	at org.springframework.web.filter.OncePerRequestFilter.doFilter(OncePerRequestFilter.java:116)
	at org.apache.catalina.core.ApplicationFilterChain.internalDoFilter(ApplicationFilterChain.java:164)
	at org.apache.catalina.core.ApplicationFilterChain.doFilter(ApplicationFilterChain.java:140)
	at org.springframework.web.filter.CharacterEncodingFilter.doFilterInternal(CharacterEncodingFilter.java:201)
	at org.springframework.web.filter.OncePerRequestFilter.doFilter(OncePerRequestFilter.java:116)
	at org.apache.catalina.core.ApplicationFilterChain.internalDoFilter(ApplicationFilterChain.java:164)
	at org.apache.catalina.core.ApplicationFilterChain.doFilter(ApplicationFilterChain.java:140)
	at org.apache.catalina.core.StandardWrapperValve.invoke(StandardWrapperValve.java:167)
	at org.apache.catalina.core.StandardContextValve.invoke(StandardContextValve.java:90)
	at org.apache.catalina.authenticator.AuthenticatorBase.invoke(AuthenticatorBase.java:483)
	at org.apache.catalina.core.StandardHostValve.invoke(StandardHostValve.java:115)
	at org.apache.catalina.valves.ErrorReportValve.invoke(ErrorReportValve.java:93)
	at org.apache.catalina.core.StandardEngineValve.invoke(StandardEngineValve.java:74)
	at org.apache.catalina.connector.CoyoteAdapter.service(CoyoteAdapter.java:344)
	at org.apache.coyote.http11.Http11Processor.service(Http11Processor.java:389)
	at org.apache.coyote.AbstractProcessorLight.process(AbstractProcessorLight.java:63)
	at org.apache.coyote.AbstractProtocol$ConnectionHandler.process(AbstractProtocol.java:904)
	at org.apache.tomcat.util.net.NioEndpoint$SocketProcessor.doRun(NioEndpoint.java:1741)
	at org.apache.tomcat.util.net.SocketProcessorBase.run(SocketProcessorBase.java:52)
	at org.apache.tomcat.util.threads.ThreadPoolExecutor.runWorker(ThreadPoolExecutor.java:1190)
	at org.apache.tomcat.util.threads.ThreadPoolExecutor$Worker.run(ThreadPoolExecutor.java:659)
	at org.apache.tomcat.util.threads.TaskThread$WrappingRunnable.run(TaskThread.java:63)
	at java.base/java.lang.Thread.run(Thread.java:842)
2026-02-02 20:36:46.442 WARN  k.c.s.c.h.GlobalExceptionHandler - No resource found
org.springframework.web.servlet.resource.NoResourceFoundException: No static resource api/reservations.
	at org.springframework.web.servlet.resource.ResourceHttpRequestHandler.handleRequest(ResourceHttpRequestHandler.java:585)
	at org.springframework.web.servlet.mvc.HttpRequestHandlerAdapter.handle(HttpRequestHandlerAdapter.java:52)
	at org.springframework.web.servlet.DispatcherServlet.doDispatch(DispatcherServlet.java:1089)
	at org.springframework.web.servlet.DispatcherServlet.doService(DispatcherServlet.java:979)
	at org.springframework.web.servlet.FrameworkServlet.processRequest(FrameworkServlet.java:1014)
	at org.springframework.web.servlet.FrameworkServlet.doPut(FrameworkServlet.java:925)
	at jakarta.servlet.http.HttpServlet.service(HttpServlet.java:593)
	at org.springframework.web.servlet.FrameworkServlet.service(FrameworkServlet.java:885)
	at jakarta.servlet.http.HttpServlet.service(HttpServlet.java:658)
	at org.apache.catalina.core.ApplicationFilterChain.internalDoFilter(ApplicationFilterChain.java:195)
	at org.apache.catalina.core.ApplicationFilterChain.doFilter(ApplicationFilterChain.java:140)
	at org.apache.tomcat.websocket.server.WsFilter.doFilter(WsFilter.java:51)
	at org.apache.catalina.core.ApplicationFilterChain.internalDoFilter(ApplicationFilterChain.java:164)
	at org.apache.catalina.core.ApplicationFilterChain.doFilter(ApplicationFilterChain.java:140)
	at org.springframework.web.filter.CorsFilter.doFilterInternal(CorsFilter.java:91)
	at org.springframework.web.filter.OncePerRequestFilter.doFilter(OncePerRequestFilter.java:116)
	at org.apache.catalina.core.ApplicationFilterChain.internalDoFilter(ApplicationFilterChain.java:164)
	at org.apache.catalina.core.ApplicationFilterChain.doFilter(ApplicationFilterChain.java:140)
	at org.springframework.web.filter.RequestContextFilter.doFilterInternal(RequestContextFilter.java:100)
	at org.springframework.web.filter.OncePerRequestFilter.doFilter(OncePerRequestFilter.java:116)
	at org.apache.catalina.core.ApplicationFilterChain.internalDoFilter(ApplicationFilterChain.java:164)
	at org.apache.catalina.core.ApplicationFilterChain.doFilter(ApplicationFilterChain.java:140)
	at org.springframework.web.filter.FormContentFilter.doFilterInternal(FormContentFilter.java:93)
	at org.springframework.web.filter.OncePerRequestFilter.doFilter(OncePerRequestFilter.java:116)
	at org.apache.catalina.core.ApplicationFilterChain.internalDoFilter(ApplicationFilterChain.java:164)
	at org.apache.catalina.core.ApplicationFilterChain.doFilter(ApplicationFilterChain.java:140)
	at org.springframework.web.filter.CharacterEncodingFilter.doFilterInternal(CharacterEncodingFilter.java:201)
	at org.springframework.web.filter.OncePerRequestFilter.doFilter(OncePerRequestFilter.java:116)
	at org.apache.catalina.core.ApplicationFilterChain.internalDoFilter(ApplicationFilterChain.java:164)
	at org.apache.catalina.core.ApplicationFilterChain.doFilter(ApplicationFilterChain.java:140)
	at org.apache.catalina.core.StandardWrapperValve.invoke(StandardWrapperValve.java:167)
	at org.apache.catalina.core.StandardContextValve.invoke(StandardContextValve.java:90)
	at org.apache.catalina.authenticator.AuthenticatorBase.invoke(AuthenticatorBase.java:483)
	at org.apache.catalina.core.StandardHostValve.invoke(StandardHostValve.java:115)
	at org.apache.catalina.valves.ErrorReportValve.invoke(ErrorReportValve.java:93)
	at org.apache.catalina.core.StandardEngineValve.invoke(StandardEngineValve.java:74)
	at org.apache.catalina.connector.CoyoteAdapter.service(CoyoteAdapter.java:344)
	at org.apache.coyote.http11.Http11Processor.service(Http11Processor.java:389)
	at org.apache.coyote.AbstractProcessorLight.process(AbstractProcessorLight.java:63)
	at org.apache.coyote.AbstractProtocol$ConnectionHandler.process(AbstractProtocol.java:904)
	at org.apache.tomcat.util.net.NioEndpoint$SocketProcessor.doRun(NioEndpoint.java:1741)
	at org.apache.tomcat.util.net.SocketProcessorBase.run(SocketProcessorBase.java:52)
	at org.apache.tomcat.util.threads.ThreadPoolExecutor.runWorker(ThreadPoolExecutor.java:1190)
	at org.apache.tomcat.util.threads.ThreadPoolExecutor$Worker.run(ThreadPoolExecutor.java:659)
	at org.apache.tomcat.util.threads.TaskThread$WrappingRunnable.run(TaskThread.java:63)
	at java.base/java.lang.Thread.run(Thread.java:842)
2026-02-02 20:36:46.454 INFO  k.co.seoulit.common.aop.LoggerAspect - Controller  : kr.co.seoulit.reception.controller.PatientController.getPatients()½ÃÀÛ
2026-02-02 20:36:46.456 DEBUG org.hibernate.SQL - select pe1_0.patient_id,pe1_0.patient_name from patient pe1_0
2026-02-02 20:36:46.469 INFO  k.co.seoulit.common.aop.LoggerAspect - Controller  : kr.co.seoulit.reception.controller.PatientController.getPatients()Á¾·á
2026-02-02 20:36:46.478 INFO  k.co.seoulit.common.aop.LoggerAspect - Controller  : kr.co.seoulit.reception.controller.ReceptionController.createReception()½ÃÀÛ
2026-02-02 20:36:46.479 INFO  k.c.s.r.c.ReceptionController - Reception create request: receptionNo=RCPT-20260202-001
2026-02-02 20:36:46.479 INFO  k.co.seoulit.common.aop.LoggerAspect - ServiceImpl  : kr.co.seoulit.reception.service.ReceptionServiceImpl.createReception()½ÃÀÛ
2026-02-02 20:36:46.481 DEBUG org.hibernate.SQL - select re1_0.reception_id from reception re1_0 where re1_0.reception_no=? fetch first ? rows only
2026-02-02 20:36:46.481 TRACE org.hibernate.orm.jdbc.bind - binding parameter (1:VARCHAR) <- [RCPT-20260202-001]
2026-02-02 20:36:46.481 TRACE org.hibernate.orm.jdbc.bind - binding parameter (2:INTEGER) <- [1]
2026-02-02 20:36:46.564 WARN  o.h.e.jdbc.spi.SqlExceptionHelper - SQL Error: 933, SQLState: 42000
2026-02-02 20:36:46.564 ERROR o.h.e.jdbc.spi.SqlExceptionHelper - ORA-00933: SQL command not properly ended

2026-02-02 20:36:46.604 ERROR k.c.s.c.h.GlobalExceptionHandler - Unhandled server error
org.springframework.dao.InvalidDataAccessResourceUsageException: JDBC exception executing SQL [select re1_0.reception_id from reception re1_0 where re1_0.reception_no=? fetch first ? rows only] [ORA-00933: SQL command not properly ended
] [n/a]; SQL [n/a]
	at org.springframework.orm.jpa.vendor.HibernateJpaDialect.convertHibernateAccessException(HibernateJpaDialect.java:277)
	at org.springframework.orm.jpa.vendor.HibernateJpaDialect.translateExceptionIfPossible(HibernateJpaDialect.java:241)
	at org.springframework.orm.jpa.AbstractEntityManagerFactoryBean.translateExceptionIfPossible(AbstractEntityManagerFactoryBean.java:550)
	at org.springframework.dao.support.ChainedPersistenceExceptionTranslator.translateExceptionIfPossible(ChainedPersistenceExceptionTranslator.java:61)
	at org.springframework.dao.support.DataAccessUtils.translateIfNecessary(DataAccessUtils.java:335)
	at org.springframework.dao.support.PersistenceExceptionTranslationInterceptor.invoke(PersistenceExceptionTranslationInterceptor.java:160)
	at org.springframework.aop.framework.ReflectiveMethodInvocation.proceed(ReflectiveMethodInvocation.java:184)
	at org.springframework.data.jpa.repository.support.CrudMethodMetadataPostProcessor$CrudMethodMetadataPopulatingMethodInterceptor.invoke(CrudMethodMetadataPostProcessor.java:136)
	at org.springframework.aop.framework.ReflectiveMethodInvocation.proceed(ReflectiveMethodInvocation.java:184)
	at org.springframework.aop.interceptor.ExposeInvocationInterceptor.invoke(ExposeInvocationInterceptor.java:97)
	at org.springframework.aop.framework.ReflectiveMethodInvocation.proceed(ReflectiveMethodInvocation.java:184)
	at org.springframework.aop.framework.JdkDynamicAopProxy.invoke(JdkDynamicAopProxy.java:223)
	at jdk.proxy2/jdk.proxy2.$Proxy152.existsByReceptionNo(Unknown Source)
	at kr.co.seoulit.reception.service.ReceptionServiceImpl.createReception(ReceptionServiceImpl.java:84)
	at java.base/jdk.internal.reflect.NativeMethodAccessorImpl.invoke0(Native Method)
	at java.base/jdk.internal.reflect.NativeMethodAccessorImpl.invoke(NativeMethodAccessorImpl.java:77)
	at java.base/jdk.internal.reflect.DelegatingMethodAccessorImpl.invoke(DelegatingMethodAccessorImpl.java:43)
	at java.base/java.lang.reflect.Method.invoke(Method.java:568)
	at org.springframework.aop.support.AopUtils.invokeJoinpointUsingReflection(AopUtils.java:354)
	at org.springframework.aop.framework.ReflectiveMethodInvocation.invokeJoinpoint(ReflectiveMethodInvocation.java:196)
	at org.springframework.aop.framework.ReflectiveMethodInvocation.proceed(ReflectiveMethodInvocation.java:163)
	at org.springframework.aop.framework.CglibAopProxy$CglibMethodInvocation.proceed(CglibAopProxy.java:768)
	at org.springframework.aop.aspectj.MethodInvocationProceedingJoinPoint.proceed(MethodInvocationProceedingJoinPoint.java:89)
	at kr.co.seoulit.common.aop.LoggerAspect.logPrint(LoggerAspect.java:31)
	at java.base/jdk.internal.reflect.NativeMethodAccessorImpl.invoke0(Native Method)
	at java.base/jdk.internal.reflect.NativeMethodAccessorImpl.invoke(NativeMethodAccessorImpl.java:77)
	at java.base/jdk.internal.reflect.DelegatingMethodAccessorImpl.invoke(DelegatingMethodAccessorImpl.java:43)
	at java.base/java.lang.reflect.Method.invoke(Method.java:568)
	at org.springframework.aop.aspectj.AbstractAspectJAdvice.invokeAdviceMethodWithGivenArgs(AbstractAspectJAdvice.java:637)
	at org.springframework.aop.aspectj.AbstractAspectJAdvice.invokeAdviceMethod(AbstractAspectJAdvice.java:627)
	at org.springframework.aop.aspectj.AspectJAroundAdvice.invoke(AspectJAroundAdvice.java:71)
	at org.springframework.aop.framework.ReflectiveMethodInvocation.proceed(ReflectiveMethodInvocation.java:184)
	at org.springframework.aop.framework.CglibAopProxy$CglibMethodInvocation.proceed(CglibAopProxy.java:768)
	at org.springframework.transaction.interceptor.TransactionAspectSupport.invokeWithinTransaction(TransactionAspectSupport.java:379)
	at org.springframework.transaction.interceptor.TransactionInterceptor.invoke(TransactionInterceptor.java:119)
	at org.springframework.aop.framework.ReflectiveMethodInvocation.proceed(ReflectiveMethodInvocation.java:184)
	at org.springframework.aop.framework.CglibAopProxy$CglibMethodInvocation.proceed(CglibAopProxy.java:768)
	at org.springframework.aop.interceptor.ExposeInvocationInterceptor.invoke(ExposeInvocationInterceptor.java:97)
	at org.springframework.aop.framework.ReflectiveMethodInvocation.proceed(ReflectiveMethodInvocation.java:184)
	at org.springframework.aop.framework.CglibAopProxy$CglibMethodInvocation.proceed(CglibAopProxy.java:768)
	at org.springframework.aop.framework.CglibAopProxy$DynamicAdvisedInterceptor.intercept(CglibAopProxy.java:720)
	at kr.co.seoulit.reception.service.ReceptionServiceImpl$$SpringCGLIB$$0.createReception(<generated>)
	at kr.co.seoulit.reception.controller.ReceptionController.createReception(ReceptionController.java:85)
	at java.base/jdk.internal.reflect.NativeMethodAccessorImpl.invoke0(Native Method)
	at java.base/jdk.internal.reflect.NativeMethodAccessorImpl.invoke(NativeMethodAccessorImpl.java:77)
	at java.base/jdk.internal.reflect.DelegatingMethodAccessorImpl.invoke(DelegatingMethodAccessorImpl.java:43)
	at java.base/java.lang.reflect.Method.invoke(Method.java:568)
	at org.springframework.aop.support.AopUtils.invokeJoinpointUsingReflection(AopUtils.java:354)
	at org.springframework.aop.framework.ReflectiveMethodInvocation.invokeJoinpoint(ReflectiveMethodInvocation.java:196)
	at org.springframework.aop.framework.ReflectiveMethodInvocation.proceed(ReflectiveMethodInvocation.java:163)
	at org.springframework.aop.framework.CglibAopProxy$CglibMethodInvocation.proceed(CglibAopProxy.java:768)
	at org.springframework.aop.aspectj.MethodInvocationProceedingJoinPoint.proceed(MethodInvocationProceedingJoinPoint.java:89)
	at kr.co.seoulit.common.aop.LoggerAspect.logPrint(LoggerAspect.java:31)
	at java.base/jdk.internal.reflect.NativeMethodAccessorImpl.invoke0(Native Method)
	at java.base/jdk.internal.reflect.NativeMethodAccessorImpl.invoke(NativeMethodAccessorImpl.java:77)
	at java.base/jdk.internal.reflect.DelegatingMethodAccessorImpl.invoke(DelegatingMethodAccessorImpl.java:43)
	at java.base/java.lang.reflect.Method.invoke(Method.java:568)
	at org.springframework.aop.aspectj.AbstractAspectJAdvice.invokeAdviceMethodWithGivenArgs(AbstractAspectJAdvice.java:637)
	at org.springframework.aop.aspectj.AbstractAspectJAdvice.invokeAdviceMethod(AbstractAspectJAdvice.java:627)
	at org.springframework.aop.aspectj.AspectJAroundAdvice.invoke(AspectJAroundAdvice.java:71)
	at org.springframework.aop.framework.ReflectiveMethodInvocation.proceed(ReflectiveMethodInvocation.java:184)
	at org.springframework.aop.framework.CglibAopProxy$CglibMethodInvocation.proceed(CglibAopProxy.java:768)
	at org.springframework.aop.interceptor.ExposeInvocationInterceptor.invoke(ExposeInvocationInterceptor.java:97)
	at org.springframework.aop.framework.ReflectiveMethodInvocation.proceed(ReflectiveMethodInvocation.java:184)
	at org.springframework.aop.framework.CglibAopProxy$CglibMethodInvocation.proceed(CglibAopProxy.java:768)
	at org.springframework.aop.framework.CglibAopProxy$DynamicAdvisedInterceptor.intercept(CglibAopProxy.java:720)
	at kr.co.seoulit.reception.controller.ReceptionController$$SpringCGLIB$$0.createReception(<generated>)
	at java.base/jdk.internal.reflect.NativeMethodAccessorImpl.invoke0(Native Method)
	at java.base/jdk.internal.reflect.NativeMethodAccessorImpl.invoke(NativeMethodAccessorImpl.java:77)
	at java.base/jdk.internal.reflect.DelegatingMethodAccessorImpl.invoke(DelegatingMethodAccessorImpl.java:43)
	at java.base/java.lang.reflect.Method.invoke(Method.java:568)
	at org.springframework.web.method.support.InvocableHandlerMethod.doInvoke(InvocableHandlerMethod.java:255)
	at org.springframework.web.method.support.InvocableHandlerMethod.invokeForRequest(InvocableHandlerMethod.java:188)
	at org.springframework.web.servlet.mvc.method.annotation.ServletInvocableHandlerMethod.invokeAndHandle(ServletInvocableHandlerMethod.java:118)
	at org.springframework.web.servlet.mvc.method.annotation.RequestMappingHandlerAdapter.invokeHandlerMethod(RequestMappingHandlerAdapter.java:926)
	at org.springframework.web.servlet.mvc.method.annotation.RequestMappingHandlerAdapter.handleInternal(RequestMappingHandlerAdapter.java:831)
	at org.springframework.web.servlet.mvc.method.AbstractHandlerMethodAdapter.handle(AbstractHandlerMethodAdapter.java:87)
	at org.springframework.web.servlet.DispatcherServlet.doDispatch(DispatcherServlet.java:1089)
	at org.springframework.web.servlet.DispatcherServlet.doService(DispatcherServlet.java:979)
	at org.springframework.web.servlet.FrameworkServlet.processRequest(FrameworkServlet.java:1014)
	at org.springframework.web.servlet.FrameworkServlet.doPost(FrameworkServlet.java:914)
	at jakarta.servlet.http.HttpServlet.service(HttpServlet.java:590)
	at org.springframework.web.servlet.FrameworkServlet.service(FrameworkServlet.java:885)
	at jakarta.servlet.http.HttpServlet.service(HttpServlet.java:658)
	at org.apache.catalina.core.ApplicationFilterChain.internalDoFilter(ApplicationFilterChain.java:195)
	at org.apache.catalina.core.ApplicationFilterChain.doFilter(ApplicationFilterChain.java:140)
	at org.apache.tomcat.websocket.server.WsFilter.doFilter(WsFilter.java:51)
	at org.apache.catalina.core.ApplicationFilterChain.internalDoFilter(ApplicationFilterChain.java:164)
	at org.apache.catalina.core.ApplicationFilterChain.doFilter(ApplicationFilterChain.java:140)
	at org.springframework.web.filter.CorsFilter.doFilterInternal(CorsFilter.java:91)
	at org.springframework.web.filter.OncePerRequestFilter.doFilter(OncePerRequestFilter.java:116)
	at org.apache.catalina.core.ApplicationFilterChain.internalDoFilter(ApplicationFilterChain.java:164)
	at org.apache.catalina.core.ApplicationFilterChain.doFilter(ApplicationFilterChain.java:140)
	at org.springframework.web.filter.RequestContextFilter.doFilterInternal(RequestContextFilter.java:100)
	at org.springframework.web.filter.OncePerRequestFilter.doFilter(OncePerRequestFilter.java:116)
	at org.apache.catalina.core.ApplicationFilterChain.internalDoFilter(ApplicationFilterChain.java:164)
	at org.apache.catalina.core.ApplicationFilterChain.doFilter(ApplicationFilterChain.java:140)
	at org.springframework.web.filter.FormContentFilter.doFilterInternal(FormContentFilter.java:93)
	at org.springframework.web.filter.OncePerRequestFilter.doFilter(OncePerRequestFilter.java:116)
	at org.apache.catalina.core.ApplicationFilterChain.internalDoFilter(ApplicationFilterChain.java:164)
	at org.apache.catalina.core.ApplicationFilterChain.doFilter(ApplicationFilterChain.java:140)
	at org.springframework.web.filter.CharacterEncodingFilter.doFilterInternal(CharacterEncodingFilter.java:201)
	at org.springframework.web.filter.OncePerRequestFilter.doFilter(OncePerRequestFilter.java:116)
	at org.apache.catalina.core.ApplicationFilterChain.internalDoFilter(ApplicationFilterChain.java:164)
	at org.apache.catalina.core.ApplicationFilterChain.doFilter(ApplicationFilterChain.java:140)
	at org.apache.catalina.core.StandardWrapperValve.invoke(StandardWrapperValve.java:167)
	at org.apache.catalina.core.StandardContextValve.invoke(StandardContextValve.java:90)
	at org.apache.catalina.authenticator.AuthenticatorBase.invoke(AuthenticatorBase.java:483)
	at org.apache.catalina.core.StandardHostValve.invoke(StandardHostValve.java:115)
	at org.apache.catalina.valves.ErrorReportValve.invoke(ErrorReportValve.java:93)
	at org.apache.catalina.core.StandardEngineValve.invoke(StandardEngineValve.java:74)
	at org.apache.catalina.connector.CoyoteAdapter.service(CoyoteAdapter.java:344)
	at org.apache.coyote.http11.Http11Processor.service(Http11Processor.java:389)
	at org.apache.coyote.AbstractProcessorLight.process(AbstractProcessorLight.java:63)
	at org.apache.coyote.AbstractProtocol$ConnectionHandler.process(AbstractProtocol.java:904)
	at org.apache.tomcat.util.net.NioEndpoint$SocketProcessor.doRun(NioEndpoint.java:1741)
	at org.apache.tomcat.util.net.SocketProcessorBase.run(SocketProcessorBase.java:52)
	at org.apache.tomcat.util.threads.ThreadPoolExecutor.runWorker(ThreadPoolExecutor.java:1190)
	at org.apache.tomcat.util.threads.ThreadPoolExecutor$Worker.run(ThreadPoolExecutor.java:659)
	at org.apache.tomcat.util.threads.TaskThread$WrappingRunnable.run(TaskThread.java:63)
	at java.base/java.lang.Thread.run(Thread.java:842)
Caused by: org.hibernate.exception.SQLGrammarException: JDBC exception executing SQL [select re1_0.reception_id from reception re1_0 where re1_0.reception_no=? fetch first ? rows only] [ORA-00933: SQL command not properly ended
] [n/a]
	at org.hibernate.exception.internal.SQLExceptionTypeDelegate.convert(SQLExceptionTypeDelegate.java:66)
	at org.hibernate.exception.internal.StandardSQLExceptionConverter.convert(StandardSQLExceptionConverter.java:58)
	at org.hibernate.engine.jdbc.spi.SqlExceptionHelper.convert(SqlExceptionHelper.java:108)
	at org.hibernate.engine.jdbc.spi.SqlExceptionHelper.convert(SqlExceptionHelper.java:94)
	at org.hibernate.sql.results.jdbc.internal.DeferredResultSetAccess.executeQuery(DeferredResultSetAccess.java:264)
	at org.hibernate.sql.results.jdbc.internal.DeferredResultSetAccess.getResultSet(DeferredResultSetAccess.java:167)
	at org.hibernate.sql.results.jdbc.internal.JdbcValuesResultSetImpl.advanceNext(JdbcValuesResultSetImpl.java:265)
	at org.hibernate.sql.results.jdbc.internal.JdbcValuesResultSetImpl.processNext(JdbcValuesResultSetImpl.java:145)
	at org.hibernate.sql.results.jdbc.internal.AbstractJdbcValues.next(AbstractJdbcValues.java:19)
	at org.hibernate.sql.results.internal.RowProcessingStateStandardImpl.next(RowProcessingStateStandardImpl.java:67)
	at org.hibernate.sql.results.spi.ListResultsConsumer.consume(ListResultsConsumer.java:204)
	at org.hibernate.sql.results.spi.ListResultsConsumer.consume(ListResultsConsumer.java:33)
	at org.hibernate.sql.exec.internal.JdbcSelectExecutorStandardImpl.doExecuteQuery(JdbcSelectExecutorStandardImpl.java:211)
	at org.hibernate.sql.exec.internal.JdbcSelectExecutorStandardImpl.executeQuery(JdbcSelectExecutorStandardImpl.java:83)
	at org.hibernate.sql.exec.spi.JdbcSelectExecutor.list(JdbcSelectExecutor.java:76)
	at org.hibernate.sql.exec.spi.JdbcSelectExecutor.list(JdbcSelectExecutor.java:65)
	at org.hibernate.query.sqm.internal.ConcreteSqmSelectQueryPlan.lambda$new$2(ConcreteSqmSelectQueryPlan.java:139)
	at org.hibernate.query.sqm.internal.ConcreteSqmSelectQueryPlan.withCacheableSqmInterpretation(ConcreteSqmSelectQueryPlan.java:382)
	at org.hibernate.query.sqm.internal.ConcreteSqmSelectQueryPlan.performList(ConcreteSqmSelectQueryPlan.java:302)
	at org.hibernate.query.sqm.internal.QuerySqmImpl.doList(QuerySqmImpl.java:526)
	at org.hibernate.query.spi.AbstractSelectionQuery.list(AbstractSelectionQuery.java:423)
	at org.hibernate.query.Query.getResultList(Query.java:120)
	at org.springframework.data.jpa.repository.query.JpaQueryExecution$ExistsExecution.doExecute(JpaQueryExecution.java:315)
	at org.springframework.data.jpa.repository.query.JpaQueryExecution.execute(JpaQueryExecution.java:92)
	at org.springframework.data.jpa.repository.query.AbstractJpaQuery.doExecute(AbstractJpaQuery.java:152)
	at org.springframework.data.jpa.repository.query.AbstractJpaQuery.execute(AbstractJpaQuery.java:140)
	at org.springframework.data.repository.core.support.RepositoryMethodInvoker.doInvoke(RepositoryMethodInvoker.java:170)
	at org.springframework.data.repository.core.support.RepositoryMethodInvoker.invoke(RepositoryMethodInvoker.java:158)
	at org.springframework.data.repository.core.support.QueryExecutorMethodInterceptor.doInvoke(QueryExecutorMethodInterceptor.java:164)
	at org.springframework.data.repository.core.support.QueryExecutorMethodInterceptor.invoke(QueryExecutorMethodInterceptor.java:143)
	at org.springframework.aop.framework.ReflectiveMethodInvocation.proceed(ReflectiveMethodInvocation.java:184)
	at org.springframework.transaction.interceptor.TransactionAspectSupport.invokeWithinTransaction(TransactionAspectSupport.java:379)
	at org.springframework.transaction.interceptor.TransactionInterceptor.invoke(TransactionInterceptor.java:119)
	at org.springframework.aop.framework.ReflectiveMethodInvocation.proceed(ReflectiveMethodInvocation.java:184)
	at org.springframework.dao.support.PersistenceExceptionTranslationInterceptor.invoke(PersistenceExceptionTranslationInterceptor.java:138)
	... 115 common frames omitted
Caused by: java.sql.SQLSyntaxErrorException: ORA-00933: SQL command not properly ended

	at oracle.jdbc.driver.T4CTTIoer11.processError(T4CTTIoer11.java:630)
	at oracle.jdbc.driver.T4CTTIoer11.processError(T4CTTIoer11.java:564)
	at oracle.jdbc.driver.T4C8Oall.processError(T4C8Oall.java:1231)
	at oracle.jdbc.driver.T4CTTIfun.receive(T4CTTIfun.java:772)
	at oracle.jdbc.driver.T4CTTIfun.doRPC(T4CTTIfun.java:299)
	at oracle.jdbc.driver.T4C8Oall.doOALL(T4C8Oall.java:512)
	at oracle.jdbc.driver.T4CPreparedStatement.doOall8(T4CPreparedStatement.java:163)
	at oracle.jdbc.driver.T4CPreparedStatement.executeForDescribe(T4CPreparedStatement.java:1010)
	at oracle.jdbc.driver.OracleStatement.prepareDefineBufferAndExecute(OracleStatement.java:1271)
	at oracle.jdbc.driver.OracleStatement.executeMaybeDescribe(OracleStatement.java:1149)
	at oracle.jdbc.driver.OracleStatement.executeSQLSelect(OracleStatement.java:1661)
	at oracle.jdbc.driver.OracleStatement.doExecuteWithTimeout(OracleStatement.java:1470)
	at oracle.jdbc.driver.OraclePreparedStatement.executeInternal(OraclePreparedStatement.java:3761)
	at oracle.jdbc.driver.OraclePreparedStatement.executeQuery(OraclePreparedStatement.java:3936)
	at oracle.jdbc.driver.OraclePreparedStatementWrapper.executeQuery(OraclePreparedStatementWrapper.java:1102)
	at com.zaxxer.hikari.pool.ProxyPreparedStatement.executeQuery(ProxyPreparedStatement.java:52)
	at com.zaxxer.hikari.pool.HikariProxyPreparedStatement.executeQuery(HikariProxyPreparedStatement.java)
	at org.hibernate.sql.results.jdbc.internal.DeferredResultSetAccess.executeQuery(DeferredResultSetAccess.java:246)
	... 145 common frames omitted
Caused by: oracle.jdbc.OracleDatabaseException: ORA-00933: SQL command not properly ended

	at oracle.jdbc.driver.T4CTTIoer11.processError(T4CTTIoer11.java:637)
	... 162 common frames omitted
2026-02-02 20:36:46.620 INFO  k.co.seoulit.common.aop.LoggerAspect - Controller  : kr.co.seoulit.reception.controller.ReceptionController.getReceptions()½ÃÀÛ
2026-02-02 20:36:46.620 INFO  k.c.s.r.c.ReceptionController - Reception list request: searchType=null, searchValue=null
2026-02-02 20:36:46.623 INFO  k.co.seoulit.common.aop.LoggerAspect - ServiceImpl  : kr.co.seoulit.reception.service.ReceptionServiceImpl.getReceptionList()½ÃÀÛ
2026-02-02 20:36:46.640 INFO  k.co.seoulit.common.aop.LoggerAspect - ServiceImpl  : kr.co.seoulit.reception.service.ReceptionServiceImpl.getReceptionList()Á¾·á
2026-02-02 20:36:46.645 INFO  k.co.seoulit.common.aop.LoggerAspect - Controller  : kr.co.seoulit.reception.controller.ReceptionController.getReceptions()Á¾·á
2026-02-02 20:36:46.652 WARN  k.c.s.c.h.GlobalExceptionHandler - No resource found
org.springframework.web.servlet.resource.NoResourceFoundException: No static resource api/receptions.
	at org.springframework.web.servlet.resource.ResourceHttpRequestHandler.handleRequest(ResourceHttpRequestHandler.java:585)
	at org.springframework.web.servlet.mvc.HttpRequestHandlerAdapter.handle(HttpRequestHandlerAdapter.java:52)
	at org.springframework.web.servlet.DispatcherServlet.doDispatch(DispatcherServlet.java:1089)
	at org.springframework.web.servlet.DispatcherServlet.doService(DispatcherServlet.java:979)
	at org.springframework.web.servlet.FrameworkServlet.processRequest(FrameworkServlet.java:1014)
	at org.springframework.web.servlet.FrameworkServlet.doGet(FrameworkServlet.java:903)
	at jakarta.servlet.http.HttpServlet.service(HttpServlet.java:564)
	at org.springframework.web.servlet.FrameworkServlet.service(FrameworkServlet.java:885)
	at jakarta.servlet.http.HttpServlet.service(HttpServlet.java:658)
	at org.apache.catalina.core.ApplicationFilterChain.internalDoFilter(ApplicationFilterChain.java:195)
	at org.apache.catalina.core.ApplicationFilterChain.doFilter(ApplicationFilterChain.java:140)
	at org.apache.tomcat.websocket.server.WsFilter.doFilter(WsFilter.java:51)
	at org.apache.catalina.core.ApplicationFilterChain.internalDoFilter(ApplicationFilterChain.java:164)
	at org.apache.catalina.core.ApplicationFilterChain.doFilter(ApplicationFilterChain.java:140)
	at org.springframework.web.filter.CorsFilter.doFilterInternal(CorsFilter.java:91)
	at org.springframework.web.filter.OncePerRequestFilter.doFilter(OncePerRequestFilter.java:116)
	at org.apache.catalina.core.ApplicationFilterChain.internalDoFilter(ApplicationFilterChain.java:164)
	at org.apache.catalina.core.ApplicationFilterChain.doFilter(ApplicationFilterChain.java:140)
	at org.springframework.web.filter.RequestContextFilter.doFilterInternal(RequestContextFilter.java:100)
	at org.springframework.web.filter.OncePerRequestFilter.doFilter(OncePerRequestFilter.java:116)
	at org.apache.catalina.core.ApplicationFilterChain.internalDoFilter(ApplicationFilterChain.java:164)
	at org.apache.catalina.core.ApplicationFilterChain.doFilter(ApplicationFilterChain.java:140)
	at org.springframework.web.filter.FormContentFilter.doFilterInternal(FormContentFilter.java:93)
	at org.springframework.web.filter.OncePerRequestFilter.doFilter(OncePerRequestFilter.java:116)
	at org.apache.catalina.core.ApplicationFilterChain.internalDoFilter(ApplicationFilterChain.java:164)
	at org.apache.catalina.core.ApplicationFilterChain.doFilter(ApplicationFilterChain.java:140)
	at org.springframework.web.filter.CharacterEncodingFilter.doFilterInternal(CharacterEncodingFilter.java:201)
	at org.springframework.web.filter.OncePerRequestFilter.doFilter(OncePerRequestFilter.java:116)
	at org.apache.catalina.core.ApplicationFilterChain.internalDoFilter(ApplicationFilterChain.java:164)
	at org.apache.catalina.core.ApplicationFilterChain.doFilter(ApplicationFilterChain.java:140)
	at org.apache.catalina.core.StandardWrapperValve.invoke(StandardWrapperValve.java:167)
	at org.apache.catalina.core.StandardContextValve.invoke(StandardContextValve.java:90)
	at org.apache.catalina.authenticator.AuthenticatorBase.invoke(AuthenticatorBase.java:483)
	at org.apache.catalina.core.StandardHostValve.invoke(StandardHostValve.java:115)
	at org.apache.catalina.valves.ErrorReportValve.invoke(ErrorReportValve.java:93)
	at org.apache.catalina.core.StandardEngineValve.invoke(StandardEngineValve.java:74)
	at org.apache.catalina.connector.CoyoteAdapter.service(CoyoteAdapter.java:344)
	at org.apache.coyote.http11.Http11Processor.service(Http11Processor.java:389)
	at org.apache.coyote.AbstractProcessorLight.process(AbstractProcessorLight.java:63)
	at org.apache.coyote.AbstractProtocol$ConnectionHandler.process(AbstractProtocol.java:904)
	at org.apache.tomcat.util.net.NioEndpoint$SocketProcessor.doRun(NioEndpoint.java:1741)
	at org.apache.tomcat.util.net.SocketProcessorBase.run(SocketProcessorBase.java:52)
	at org.apache.tomcat.util.threads.ThreadPoolExecutor.runWorker(ThreadPoolExecutor.java:1190)
	at org.apache.tomcat.util.threads.ThreadPoolExecutor$Worker.run(ThreadPoolExecutor.java:659)
	at org.apache.tomcat.util.threads.TaskThread$WrappingRunnable.run(TaskThread.java:63)
	at java.base/java.lang.Thread.run(Thread.java:842)
2026-02-02 20:36:46.663 WARN  k.c.s.c.h.GlobalExceptionHandler - No resource found
org.springframework.web.servlet.resource.NoResourceFoundException: No static resource api/receptions.
	at org.springframework.web.servlet.resource.ResourceHttpRequestHandler.handleRequest(ResourceHttpRequestHandler.java:585)
	at org.springframework.web.servlet.mvc.HttpRequestHandlerAdapter.handle(HttpRequestHandlerAdapter.java:52)
	at org.springframework.web.servlet.DispatcherServlet.doDispatch(DispatcherServlet.java:1089)
	at org.springframework.web.servlet.DispatcherServlet.doService(DispatcherServlet.java:979)
	at org.springframework.web.servlet.FrameworkServlet.processRequest(FrameworkServlet.java:1014)
	at org.springframework.web.servlet.FrameworkServlet.doPut(FrameworkServlet.java:925)
	at jakarta.servlet.http.HttpServlet.service(HttpServlet.java:593)
	at org.springframework.web.servlet.FrameworkServlet.service(FrameworkServlet.java:885)
	at jakarta.servlet.http.HttpServlet.service(HttpServlet.java:658)
	at org.apache.catalina.core.ApplicationFilterChain.internalDoFilter(ApplicationFilterChain.java:195)
	at org.apache.catalina.core.ApplicationFilterChain.doFilter(ApplicationFilterChain.java:140)
	at org.apache.tomcat.websocket.server.WsFilter.doFilter(WsFilter.java:51)
	at org.apache.catalina.core.ApplicationFilterChain.internalDoFilter(ApplicationFilterChain.java:164)
	at org.apache.catalina.core.ApplicationFilterChain.doFilter(ApplicationFilterChain.java:140)
	at org.springframework.web.filter.CorsFilter.doFilterInternal(CorsFilter.java:91)
	at org.springframework.web.filter.OncePerRequestFilter.doFilter(OncePerRequestFilter.java:116)
	at org.apache.catalina.core.ApplicationFilterChain.internalDoFilter(ApplicationFilterChain.java:164)
	at org.apache.catalina.core.ApplicationFilterChain.doFilter(ApplicationFilterChain.java:140)
	at org.springframework.web.filter.RequestContextFilter.doFilterInternal(RequestContextFilter.java:100)
	at org.springframework.web.filter.OncePerRequestFilter.doFilter(OncePerRequestFilter.java:116)
	at org.apache.catalina.core.ApplicationFilterChain.internalDoFilter(ApplicationFilterChain.java:164)
	at org.apache.catalina.core.ApplicationFilterChain.doFilter(ApplicationFilterChain.java:140)
	at org.springframework.web.filter.FormContentFilter.doFilterInternal(FormContentFilter.java:93)
	at org.springframework.web.filter.OncePerRequestFilter.doFilter(OncePerRequestFilter.java:116)
	at org.apache.catalina.core.ApplicationFilterChain.internalDoFilter(ApplicationFilterChain.java:164)
	at org.apache.catalina.core.ApplicationFilterChain.doFilter(ApplicationFilterChain.java:140)
	at org.springframework.web.filter.CharacterEncodingFilter.doFilterInternal(CharacterEncodingFilter.java:201)
	at org.springframework.web.filter.OncePerRequestFilter.doFilter(OncePerRequestFilter.java:116)
	at org.apache.catalina.core.ApplicationFilterChain.internalDoFilter(ApplicationFilterChain.java:164)
	at org.apache.catalina.core.ApplicationFilterChain.doFilter(ApplicationFilterChain.java:140)
	at org.apache.catalina.core.StandardWrapperValve.invoke(StandardWrapperValve.java:167)
	at org.apache.catalina.core.StandardContextValve.invoke(StandardContextValve.java:90)
	at org.apache.catalina.authenticator.AuthenticatorBase.invoke(AuthenticatorBase.java:483)
	at org.apache.catalina.core.StandardHostValve.invoke(StandardHostValve.java:115)
	at org.apache.catalina.valves.ErrorReportValve.invoke(ErrorReportValve.java:93)
	at org.apache.catalina.core.StandardEngineValve.invoke(StandardEngineValve.java:74)
	at org.apache.catalina.connector.CoyoteAdapter.service(CoyoteAdapter.java:344)
	at org.apache.coyote.http11.Http11Processor.service(Http11Processor.java:389)
	at org.apache.coyote.AbstractProcessorLight.process(AbstractProcessorLight.java:63)
	at org.apache.coyote.AbstractProtocol$ConnectionHandler.process(AbstractProtocol.java:904)
	at org.apache.tomcat.util.net.NioEndpoint$SocketProcessor.doRun(NioEndpoint.java:1741)
	at org.apache.tomcat.util.net.SocketProcessorBase.run(SocketProcessorBase.java:52)
	at org.apache.tomcat.util.threads.ThreadPoolExecutor.runWorker(ThreadPoolExecutor.java:1190)
	at org.apache.tomcat.util.threads.ThreadPoolExecutor$Worker.run(ThreadPoolExecutor.java:659)
	at org.apache.tomcat.util.threads.TaskThread$WrappingRunnable.run(TaskThread.java:63)
	at java.base/java.lang.Thread.run(Thread.java:842)
2026-02-02 20:37:40.857 INFO  o.h.validator.internal.util.Version - HV000001: Hibernate Validator 8.0.1.Final
2026-02-02 20:37:40.905 INFO  kr.co.seoulit.ReceptionApplication - Starting ReceptionApplication using Java 17.0.12 with PID 22628 (C:\dev\teamwork\project\backend\hospital_reception_backend\reception_back\build\classes\java\main started by stu19 in C:\dev\teamwork\project\backend\hospital_reception_backend\reception_back)
2026-02-02 20:37:40.906 INFO  kr.co.seoulit.ReceptionApplication - No active profile set, falling back to 1 default profile: "default"
2026-02-02 20:37:41.897 INFO  o.s.d.r.c.RepositoryConfigurationDelegate - Multiple Spring Data modules found, entering strict repository configuration mode
2026-02-02 20:37:41.901 INFO  o.s.d.r.c.RepositoryConfigurationDelegate - Bootstrapping Spring Data JPA repositories in DEFAULT mode.
2026-02-02 20:37:42.075 INFO  o.s.d.r.c.RepositoryConfigurationDelegate - Finished Spring Data repository scanning in 167 ms. Found 9 JPA repository interfaces.
2026-02-02 20:37:42.092 INFO  o.s.d.r.c.RepositoryConfigurationDelegate - Multiple Spring Data modules found, entering strict repository configuration mode
2026-02-02 20:37:42.093 INFO  o.s.d.r.c.RepositoryConfigurationDelegate - Bootstrapping Spring Data Redis repositories in DEFAULT mode.
2026-02-02 20:37:42.108 INFO  o.s.d.r.c.RepositoryConfigurationExtensionSupport - Spring Data Redis - Could not safely identify store assignment for repository candidate interface kr.co.seoulit.common.audit.AuditLogRepository; If you want this repository to be a Redis repository, consider annotating your entities with one of these annotations: org.springframework.data.redis.core.RedisHash (preferred), or consider extending one of the following types with your repository: org.springframework.data.keyvalue.repository.KeyValueRepository
2026-02-02 20:37:42.108 INFO  o.s.d.r.c.RepositoryConfigurationExtensionSupport - Spring Data Redis - Could not safely identify store assignment for repository candidate interface kr.co.seoulit.reception.repository.DepartmentRepository; If you want this repository to be a Redis repository, consider annotating your entities with one of these annotations: org.springframework.data.redis.core.RedisHash (preferred), or consider extending one of the following types with your repository: org.springframework.data.keyvalue.repository.KeyValueRepository
2026-02-02 20:37:42.108 INFO  o.s.d.r.c.RepositoryConfigurationExtensionSupport - Spring Data Redis - Could not safely identify store assignment for repository candidate interface kr.co.seoulit.reception.repository.DoctorRepository; If you want this repository to be a Redis repository, consider annotating your entities with one of these annotations: org.springframework.data.redis.core.RedisHash (preferred), or consider extending one of the following types with your repository: org.springframework.data.keyvalue.repository.KeyValueRepository
2026-02-02 20:37:42.108 INFO  o.s.d.r.c.RepositoryConfigurationExtensionSupport - Spring Data Redis - Could not safely identify store assignment for repository candidate interface kr.co.seoulit.reception.repository.PatientRepository; If you want this repository to be a Redis repository, consider annotating your entities with one of these annotations: org.springframework.data.redis.core.RedisHash (preferred), or consider extending one of the following types with your repository: org.springframework.data.keyvalue.repository.KeyValueRepository
2026-02-02 20:37:42.108 INFO  o.s.d.r.c.RepositoryConfigurationExtensionSupport - Spring Data Redis - Could not safely identify store assignment for repository candidate interface kr.co.seoulit.reception.repository.ReceptionEmergencyRepository; If you want this repository to be a Redis repository, consider annotating your entities with one of these annotations: org.springframework.data.redis.core.RedisHash (preferred), or consider extending one of the following types with your repository: org.springframework.data.keyvalue.repository.KeyValueRepository
2026-02-02 20:37:42.109 INFO  o.s.d.r.c.RepositoryConfigurationExtensionSupport - Spring Data Redis - Could not safely identify store assignment for repository candidate interface kr.co.seoulit.reception.repository.ReceptionInpatientRepository; If you want this repository to be a Redis repository, consider annotating your entities with one of these annotations: org.springframework.data.redis.core.RedisHash (preferred), or consider extending one of the following types with your repository: org.springframework.data.keyvalue.repository.KeyValueRepository
2026-02-02 20:37:42.109 INFO  o.s.d.r.c.RepositoryConfigurationExtensionSupport - Spring Data Redis - Could not safely identify store assignment for repository candidate interface kr.co.seoulit.reception.repository.ReceptionRepository; If you want this repository to be a Redis repository, consider annotating your entities with one of these annotations: org.springframework.data.redis.core.RedisHash (preferred), or consider extending one of the following types with your repository: org.springframework.data.keyvalue.repository.KeyValueRepository
2026-02-02 20:37:42.109 INFO  o.s.d.r.c.RepositoryConfigurationExtensionSupport - Spring Data Redis - Could not safely identify store assignment for repository candidate interface kr.co.seoulit.reception.repository.ReceptionStatusHistoryRepository; If you want this repository to be a Redis repository, consider annotating your entities with one of these annotations: org.springframework.data.redis.core.RedisHash (preferred), or consider extending one of the following types with your repository: org.springframework.data.keyvalue.repository.KeyValueRepository
2026-02-02 20:37:42.109 INFO  o.s.d.r.c.RepositoryConfigurationExtensionSupport - Spring Data Redis - Could not safely identify store assignment for repository candidate interface kr.co.seoulit.reception.repository.ReservationRepository; If you want this repository to be a Redis repository, consider annotating your entities with one of these annotations: org.springframework.data.redis.core.RedisHash (preferred), or consider extending one of the following types with your repository: org.springframework.data.keyvalue.repository.KeyValueRepository
2026-02-02 20:37:42.110 INFO  o.s.d.r.c.RepositoryConfigurationDelegate - Finished Spring Data repository scanning in 7 ms. Found 0 Redis repository interfaces.
2026-02-02 20:37:42.946 INFO  o.s.b.w.e.tomcat.TomcatWebServer - Tomcat initialized with port 8283 (http)
2026-02-02 20:37:42.956 INFO  o.a.coyote.http11.Http11NioProtocol - Initializing ProtocolHandler ["http-nio-8283"]
2026-02-02 20:37:42.958 INFO  o.a.catalina.core.StandardService - Starting service [Tomcat]
2026-02-02 20:37:42.959 INFO  o.a.catalina.core.StandardEngine - Starting Servlet engine: [Apache Tomcat/10.1.26]
2026-02-02 20:37:43.048 INFO  o.a.c.c.C.[Tomcat].[localhost].[/] - Initializing Spring embedded WebApplicationContext
2026-02-02 20:37:43.049 INFO  o.s.b.w.s.c.ServletWebServerApplicationContext - Root WebApplicationContext: initialization completed in 2091 ms
2026-02-02 20:37:43.298 INFO  o.h.jpa.internal.util.LogHelper - HHH000204: Processing PersistenceUnitInfo [name: default]
2026-02-02 20:37:43.355 INFO  org.hibernate.Version - HHH000412: Hibernate ORM core version 6.5.2.Final
2026-02-02 20:37:43.387 INFO  o.h.c.i.RegionFactoryInitiator - HHH000026: Second-level cache disabled
2026-02-02 20:37:43.704 INFO  o.s.o.j.p.SpringPersistenceUnitInfo - No LoadTimeWeaver setup: ignoring JPA class transformer
2026-02-02 20:37:43.731 INFO  com.zaxxer.hikari.HikariDataSource - HikariPool-1 - Starting...
2026-02-02 20:37:44.557 INFO  com.zaxxer.hikari.pool.HikariPool - HikariPool-1 - Added connection oracle.jdbc.driver.T4CConnection@718ad3a6
2026-02-02 20:37:44.560 INFO  com.zaxxer.hikari.HikariDataSource - HikariPool-1 - Start completed.
2026-02-02 20:37:44.583 WARN  org.hibernate.orm.deprecation - HHH90000026: Oracle10gDialect has been deprecated; use org.hibernate.community.dialect.OracleLegacyDialect instead
2026-02-02 20:37:45.978 INFO  o.h.e.t.j.p.i.JtaPlatformInitiator - HHH000489: No JTA platform available (set 'hibernate.transaction.jta.platform' to enable JTA platform integration)
2026-02-02 20:37:45.981 INFO  o.s.o.j.LocalContainerEntityManagerFactoryBean - Initialized JPA EntityManagerFactory for persistence unit 'default'
2026-02-02 20:37:47.318 WARN  o.s.b.a.o.j.JpaBaseConfiguration$JpaWebConfiguration - spring.jpa.open-in-view is enabled by default. Therefore, database queries may be performed during view rendering. Explicitly configure spring.jpa.open-in-view to disable this warning
2026-02-02 20:37:47.348 INFO  o.s.b.a.w.s.WelcomePageHandlerMapping - Adding welcome page: class path resource [static/index.html]
2026-02-02 20:37:48.147 INFO  o.a.coyote.http11.Http11NioProtocol - Starting ProtocolHandler ["http-nio-8283"]
2026-02-02 20:37:48.164 INFO  o.s.b.w.e.tomcat.TomcatWebServer - Tomcat started on port 8283 (http) with context path '/'
2026-02-02 20:37:48.174 INFO  kr.co.seoulit.ReceptionApplication - Started ReceptionApplication in 7.847 seconds (process running for 8.296)
2026-02-02 20:41:41.525 INFO  o.a.c.c.C.[Tomcat].[localhost].[/] - Initializing Spring DispatcherServlet 'dispatcherServlet'
2026-02-02 20:41:41.526 INFO  o.s.web.servlet.DispatcherServlet - Initializing Servlet 'dispatcherServlet'
2026-02-02 20:41:41.527 INFO  o.s.web.servlet.DispatcherServlet - Completed initialization in 1 ms
2026-02-02 20:41:41.628 INFO  k.co.seoulit.common.aop.LoggerAspect - Controller  : kr.co.seoulit.reception.controller.ReservationController.createReservation()½ÃÀÛ
2026-02-02 20:41:41.629 INFO  k.c.s.r.c.ReservationController - Reservation create request: reservationNo=RSV-20260202-002
2026-02-02 20:41:41.667 INFO  k.co.seoulit.common.aop.LoggerAspect - ServiceImpl  : kr.co.seoulit.reception.service.ReservationServiceImpl.createReservation()½ÃÀÛ
2026-02-02 20:41:41.775 DEBUG org.hibernate.SQL - select * from (select re1_0.reservation_id c0,rownum rn from reservation re1_0 where re1_0.reservation_no=?) r_0_ where r_0_.rn<=? order by r_0_.rn
2026-02-02 20:41:41.796 TRACE org.hibernate.orm.jdbc.bind - binding parameter (1:VARCHAR) <- [RSV-20260202-002]
2026-02-02 20:41:41.796 TRACE org.hibernate.orm.jdbc.bind - binding parameter (2:INTEGER) <- [1]
2026-02-02 20:41:42.029 INFO  k.co.seoulit.common.aop.LoggerAspect - kr.co.seoulit.reception.mapstruct.ReservationReqMapStructImpl.toEntity()½ÃÀÛ
2026-02-02 20:41:42.030 INFO  k.co.seoulit.common.aop.LoggerAspect - kr.co.seoulit.reception.mapstruct.ReservationReqMapStructImpl.toEntity()Á¾·á
2026-02-02 20:41:42.043 DEBUG org.hibernate.SQL - select pe1_0.patient_id,pe1_0.patient_name from patient pe1_0 where pe1_0.patient_name=?
2026-02-02 20:41:42.043 TRACE org.hibernate.orm.jdbc.bind - binding parameter (1:VARCHAR) <- [Test Patient]
2026-02-02 20:41:42.144 DEBUG org.hibernate.SQL - insert into patient (patient_name) values (?)
2026-02-02 20:41:42.148 TRACE org.hibernate.orm.jdbc.bind - binding parameter (1:VARCHAR) <- [Test Patient]
2026-02-02 20:41:42.413 ERROR k.c.s.c.h.GlobalExceptionHandler - Unhandled server error
org.springframework.orm.jpa.JpaSystemException: HHH000515: Can't retrieve the generated identity value, because the dialect does not support selecting the last generated identity and 'hibernate.jdbc.use_get_generated_keys' was disabled
	at org.springframework.orm.jpa.vendor.HibernateJpaDialect.convertHibernateAccessException(HibernateJpaDialect.java:341)
	at org.springframework.orm.jpa.vendor.HibernateJpaDialect.translateExceptionIfPossible(HibernateJpaDialect.java:241)
	at org.springframework.orm.jpa.AbstractEntityManagerFactoryBean.translateExceptionIfPossible(AbstractEntityManagerFactoryBean.java:550)
	at org.springframework.dao.support.ChainedPersistenceExceptionTranslator.translateExceptionIfPossible(ChainedPersistenceExceptionTranslator.java:61)
	at org.springframework.dao.support.DataAccessUtils.translateIfNecessary(DataAccessUtils.java:335)
	at org.springframework.dao.support.PersistenceExceptionTranslationInterceptor.invoke(PersistenceExceptionTranslationInterceptor.java:160)
	at org.springframework.aop.framework.ReflectiveMethodInvocation.proceed(ReflectiveMethodInvocation.java:184)
	at org.springframework.data.jpa.repository.support.CrudMethodMetadataPostProcessor$CrudMethodMetadataPopulatingMethodInterceptor.invoke(CrudMethodMetadataPostProcessor.java:165)
	at org.springframework.aop.framework.ReflectiveMethodInvocation.proceed(ReflectiveMethodInvocation.java:184)
	at org.springframework.aop.interceptor.ExposeInvocationInterceptor.invoke(ExposeInvocationInterceptor.java:97)
	at org.springframework.aop.framework.ReflectiveMethodInvocation.proceed(ReflectiveMethodInvocation.java:184)
	at org.springframework.aop.framework.JdkDynamicAopProxy.invoke(JdkDynamicAopProxy.java:223)
	at jdk.proxy2/jdk.proxy2.$Proxy156.save(Unknown Source)
	at kr.co.seoulit.reception.service.ReservationServiceImpl.lambda$resolveOrCreatePatientId$3(ReservationServiceImpl.java:263)
	at java.base/java.util.Optional.orElseGet(Optional.java:364)
	at kr.co.seoulit.reception.service.ReservationServiceImpl.resolveOrCreatePatientId(ReservationServiceImpl.java:260)
	at kr.co.seoulit.reception.service.ReservationServiceImpl.createReservation(ReservationServiceImpl.java:69)
	at java.base/jdk.internal.reflect.NativeMethodAccessorImpl.invoke0(Native Method)
	at java.base/jdk.internal.reflect.NativeMethodAccessorImpl.invoke(NativeMethodAccessorImpl.java:77)
	at java.base/jdk.internal.reflect.DelegatingMethodAccessorImpl.invoke(DelegatingMethodAccessorImpl.java:43)
	at java.base/java.lang.reflect.Method.invoke(Method.java:568)
	at org.springframework.aop.support.AopUtils.invokeJoinpointUsingReflection(AopUtils.java:354)
	at org.springframework.aop.framework.ReflectiveMethodInvocation.invokeJoinpoint(ReflectiveMethodInvocation.java:196)
	at org.springframework.aop.framework.ReflectiveMethodInvocation.proceed(ReflectiveMethodInvocation.java:163)
	at org.springframework.aop.framework.CglibAopProxy$CglibMethodInvocation.proceed(CglibAopProxy.java:768)
	at org.springframework.aop.aspectj.MethodInvocationProceedingJoinPoint.proceed(MethodInvocationProceedingJoinPoint.java:89)
	at kr.co.seoulit.common.aop.LoggerAspect.logPrint(LoggerAspect.java:31)
	at java.base/jdk.internal.reflect.NativeMethodAccessorImpl.invoke0(Native Method)
	at java.base/jdk.internal.reflect.NativeMethodAccessorImpl.invoke(NativeMethodAccessorImpl.java:77)
	at java.base/jdk.internal.reflect.DelegatingMethodAccessorImpl.invoke(DelegatingMethodAccessorImpl.java:43)
	at java.base/java.lang.reflect.Method.invoke(Method.java:568)
	at org.springframework.aop.aspectj.AbstractAspectJAdvice.invokeAdviceMethodWithGivenArgs(AbstractAspectJAdvice.java:637)
	at org.springframework.aop.aspectj.AbstractAspectJAdvice.invokeAdviceMethod(AbstractAspectJAdvice.java:627)
	at org.springframework.aop.aspectj.AspectJAroundAdvice.invoke(AspectJAroundAdvice.java:71)
	at org.springframework.aop.framework.ReflectiveMethodInvocation.proceed(ReflectiveMethodInvocation.java:184)
	at org.springframework.aop.framework.CglibAopProxy$CglibMethodInvocation.proceed(CglibAopProxy.java:768)
	at org.springframework.transaction.interceptor.TransactionAspectSupport.invokeWithinTransaction(TransactionAspectSupport.java:379)
	at org.springframework.transaction.interceptor.TransactionInterceptor.invoke(TransactionInterceptor.java:119)
	at org.springframework.aop.framework.ReflectiveMethodInvocation.proceed(ReflectiveMethodInvocation.java:184)
	at org.springframework.aop.framework.CglibAopProxy$CglibMethodInvocation.proceed(CglibAopProxy.java:768)
	at org.springframework.aop.interceptor.ExposeInvocationInterceptor.invoke(ExposeInvocationInterceptor.java:97)
	at org.springframework.aop.framework.ReflectiveMethodInvocation.proceed(ReflectiveMethodInvocation.java:184)
	at org.springframework.aop.framework.CglibAopProxy$CglibMethodInvocation.proceed(CglibAopProxy.java:768)
	at org.springframework.aop.framework.CglibAopProxy$DynamicAdvisedInterceptor.intercept(CglibAopProxy.java:720)
	at kr.co.seoulit.reception.service.ReservationServiceImpl$$SpringCGLIB$$0.createReservation(<generated>)
	at kr.co.seoulit.reception.controller.ReservationController.createReservation(ReservationController.java:64)
	at java.base/jdk.internal.reflect.NativeMethodAccessorImpl.invoke0(Native Method)
	at java.base/jdk.internal.reflect.NativeMethodAccessorImpl.invoke(NativeMethodAccessorImpl.java:77)
	at java.base/jdk.internal.reflect.DelegatingMethodAccessorImpl.invoke(DelegatingMethodAccessorImpl.java:43)
	at java.base/java.lang.reflect.Method.invoke(Method.java:568)
	at org.springframework.aop.support.AopUtils.invokeJoinpointUsingReflection(AopUtils.java:354)
	at org.springframework.aop.framework.ReflectiveMethodInvocation.invokeJoinpoint(ReflectiveMethodInvocation.java:196)
	at org.springframework.aop.framework.ReflectiveMethodInvocation.proceed(ReflectiveMethodInvocation.java:163)
	at org.springframework.aop.framework.CglibAopProxy$CglibMethodInvocation.proceed(CglibAopProxy.java:768)
	at org.springframework.aop.aspectj.MethodInvocationProceedingJoinPoint.proceed(MethodInvocationProceedingJoinPoint.java:89)
	at kr.co.seoulit.common.aop.LoggerAspect.logPrint(LoggerAspect.java:31)
	at java.base/jdk.internal.reflect.NativeMethodAccessorImpl.invoke0(Native Method)
	at java.base/jdk.internal.reflect.NativeMethodAccessorImpl.invoke(NativeMethodAccessorImpl.java:77)
	at java.base/jdk.internal.reflect.DelegatingMethodAccessorImpl.invoke(DelegatingMethodAccessorImpl.java:43)
	at java.base/java.lang.reflect.Method.invoke(Method.java:568)
	at org.springframework.aop.aspectj.AbstractAspectJAdvice.invokeAdviceMethodWithGivenArgs(AbstractAspectJAdvice.java:637)
	at org.springframework.aop.aspectj.AbstractAspectJAdvice.invokeAdviceMethod(AbstractAspectJAdvice.java:627)
	at org.springframework.aop.aspectj.AspectJAroundAdvice.invoke(AspectJAroundAdvice.java:71)
	at org.springframework.aop.framework.ReflectiveMethodInvocation.proceed(ReflectiveMethodInvocation.java:184)
	at org.springframework.aop.framework.CglibAopProxy$CglibMethodInvocation.proceed(CglibAopProxy.java:768)
	at org.springframework.aop.interceptor.ExposeInvocationInterceptor.invoke(ExposeInvocationInterceptor.java:97)
	at org.springframework.aop.framework.ReflectiveMethodInvocation.proceed(ReflectiveMethodInvocation.java:184)
	at org.springframework.aop.framework.CglibAopProxy$CglibMethodInvocation.proceed(CglibAopProxy.java:768)
	at org.springframework.aop.framework.CglibAopProxy$DynamicAdvisedInterceptor.intercept(CglibAopProxy.java:720)
	at kr.co.seoulit.reception.controller.ReservationController$$SpringCGLIB$$0.createReservation(<generated>)
	at java.base/jdk.internal.reflect.NativeMethodAccessorImpl.invoke0(Native Method)
	at java.base/jdk.internal.reflect.NativeMethodAccessorImpl.invoke(NativeMethodAccessorImpl.java:77)
	at java.base/jdk.internal.reflect.DelegatingMethodAccessorImpl.invoke(DelegatingMethodAccessorImpl.java:43)
	at java.base/java.lang.reflect.Method.invoke(Method.java:568)
	at org.springframework.web.method.support.InvocableHandlerMethod.doInvoke(InvocableHandlerMethod.java:255)
	at org.springframework.web.method.support.InvocableHandlerMethod.invokeForRequest(InvocableHandlerMethod.java:188)
	at org.springframework.web.servlet.mvc.method.annotation.ServletInvocableHandlerMethod.invokeAndHandle(ServletInvocableHandlerMethod.java:118)
	at org.springframework.web.servlet.mvc.method.annotation.RequestMappingHandlerAdapter.invokeHandlerMethod(RequestMappingHandlerAdapter.java:926)
	at org.springframework.web.servlet.mvc.method.annotation.RequestMappingHandlerAdapter.handleInternal(RequestMappingHandlerAdapter.java:831)
	at org.springframework.web.servlet.mvc.method.AbstractHandlerMethodAdapter.handle(AbstractHandlerMethodAdapter.java:87)
	at org.springframework.web.servlet.DispatcherServlet.doDispatch(DispatcherServlet.java:1089)
	at org.springframework.web.servlet.DispatcherServlet.doService(DispatcherServlet.java:979)
	at org.springframework.web.servlet.FrameworkServlet.processRequest(FrameworkServlet.java:1014)
	at org.springframework.web.servlet.FrameworkServlet.doPost(FrameworkServlet.java:914)
	at jakarta.servlet.http.HttpServlet.service(HttpServlet.java:590)
	at org.springframework.web.servlet.FrameworkServlet.service(FrameworkServlet.java:885)
	at jakarta.servlet.http.HttpServlet.service(HttpServlet.java:658)
	at org.apache.catalina.core.ApplicationFilterChain.internalDoFilter(ApplicationFilterChain.java:195)
	at org.apache.catalina.core.ApplicationFilterChain.doFilter(ApplicationFilterChain.java:140)
	at org.apache.tomcat.websocket.server.WsFilter.doFilter(WsFilter.java:51)
	at org.apache.catalina.core.ApplicationFilterChain.internalDoFilter(ApplicationFilterChain.java:164)
	at org.apache.catalina.core.ApplicationFilterChain.doFilter(ApplicationFilterChain.java:140)
	at org.springframework.web.filter.CorsFilter.doFilterInternal(CorsFilter.java:91)
	at org.springframework.web.filter.OncePerRequestFilter.doFilter(OncePerRequestFilter.java:116)
	at org.apache.catalina.core.ApplicationFilterChain.internalDoFilter(ApplicationFilterChain.java:164)
	at org.apache.catalina.core.ApplicationFilterChain.doFilter(ApplicationFilterChain.java:140)
	at org.springframework.web.filter.RequestContextFilter.doFilterInternal(RequestContextFilter.java:100)
	at org.springframework.web.filter.OncePerRequestFilter.doFilter(OncePerRequestFilter.java:116)
	at org.apache.catalina.core.ApplicationFilterChain.internalDoFilter(ApplicationFilterChain.java:164)
	at org.apache.catalina.core.ApplicationFilterChain.doFilter(ApplicationFilterChain.java:140)
	at org.springframework.web.filter.FormContentFilter.doFilterInternal(FormContentFilter.java:93)
	at org.springframework.web.filter.OncePerRequestFilter.doFilter(OncePerRequestFilter.java:116)
	at org.apache.catalina.core.ApplicationFilterChain.internalDoFilter(ApplicationFilterChain.java:164)
	at org.apache.catalina.core.ApplicationFilterChain.doFilter(ApplicationFilterChain.java:140)
	at org.springframework.web.filter.CharacterEncodingFilter.doFilterInternal(CharacterEncodingFilter.java:201)
	at org.springframework.web.filter.OncePerRequestFilter.doFilter(OncePerRequestFilter.java:116)
	at org.apache.catalina.core.ApplicationFilterChain.internalDoFilter(ApplicationFilterChain.java:164)
	at org.apache.catalina.core.ApplicationFilterChain.doFilter(ApplicationFilterChain.java:140)
	at org.apache.catalina.core.StandardWrapperValve.invoke(StandardWrapperValve.java:167)
	at org.apache.catalina.core.StandardContextValve.invoke(StandardContextValve.java:90)
	at org.apache.catalina.authenticator.AuthenticatorBase.invoke(AuthenticatorBase.java:483)
	at org.apache.catalina.core.StandardHostValve.invoke(StandardHostValve.java:115)
	at org.apache.catalina.valves.ErrorReportValve.invoke(ErrorReportValve.java:93)
	at org.apache.catalina.core.StandardEngineValve.invoke(StandardEngineValve.java:74)
	at org.apache.catalina.connector.CoyoteAdapter.service(CoyoteAdapter.java:344)
	at org.apache.coyote.http11.Http11Processor.service(Http11Processor.java:389)
	at org.apache.coyote.AbstractProcessorLight.process(AbstractProcessorLight.java:63)
	at org.apache.coyote.AbstractProtocol$ConnectionHandler.process(AbstractProtocol.java:904)
	at org.apache.tomcat.util.net.NioEndpoint$SocketProcessor.doRun(NioEndpoint.java:1741)
	at org.apache.tomcat.util.net.SocketProcessorBase.run(SocketProcessorBase.java:52)
	at org.apache.tomcat.util.threads.ThreadPoolExecutor.runWorker(ThreadPoolExecutor.java:1190)
	at org.apache.tomcat.util.threads.ThreadPoolExecutor$Worker.run(ThreadPoolExecutor.java:659)
	at org.apache.tomcat.util.threads.TaskThread$WrappingRunnable.run(TaskThread.java:63)
	at java.base/java.lang.Thread.run(Thread.java:842)
Caused by: org.hibernate.HibernateException: HHH000515: Can't retrieve the generated identity value, because the dialect does not support selecting the last generated identity and 'hibernate.jdbc.use_get_generated_keys' was disabled
	at org.hibernate.id.insert.BasicSelectingDelegate.getSelectSQL(BasicSelectingDelegate.java:49)
	at org.hibernate.id.insert.AbstractSelectingDelegate.performMutation(AbstractSelectingDelegate.java:114)
	at org.hibernate.engine.jdbc.mutation.internal.MutationExecutorSingleNonBatched.performNonBatchedOperations(MutationExecutorSingleNonBatched.java:47)
	at org.hibernate.engine.jdbc.mutation.internal.AbstractMutationExecutor.execute(AbstractMutationExecutor.java:55)
	at org.hibernate.persister.entity.mutation.InsertCoordinatorStandard.doStaticInserts(InsertCoordinatorStandard.java:194)
	at org.hibernate.persister.entity.mutation.InsertCoordinatorStandard.coordinateInsert(InsertCoordinatorStandard.java:132)
	at org.hibernate.persister.entity.mutation.InsertCoordinatorStandard.insert(InsertCoordinatorStandard.java:95)
	at org.hibernate.action.internal.EntityIdentityInsertAction.execute(EntityIdentityInsertAction.java:85)
	at org.hibernate.engine.spi.ActionQueue.execute(ActionQueue.java:670)
	at org.hibernate.engine.spi.ActionQueue.addResolvedEntityInsertAction(ActionQueue.java:291)
	at org.hibernate.engine.spi.ActionQueue.addInsertAction(ActionQueue.java:272)
	at org.hibernate.engine.spi.ActionQueue.addAction(ActionQueue.java:322)
	at org.hibernate.event.internal.AbstractSaveEventListener.addInsertAction(AbstractSaveEventListener.java:391)
	at org.hibernate.event.internal.AbstractSaveEventListener.performSaveOrReplicate(AbstractSaveEventListener.java:305)
	at org.hibernate.event.internal.AbstractSaveEventListener.performSave(AbstractSaveEventListener.java:224)
	at org.hibernate.event.internal.AbstractSaveEventListener.saveWithGeneratedId(AbstractSaveEventListener.java:137)
	at org.hibernate.event.internal.DefaultPersistEventListener.entityIsTransient(DefaultPersistEventListener.java:175)
	at org.hibernate.event.internal.DefaultPersistEventListener.persist(DefaultPersistEventListener.java:93)
	at org.hibernate.event.internal.DefaultPersistEventListener.onPersist(DefaultPersistEventListener.java:77)
	at org.hibernate.event.internal.DefaultPersistEventListener.onPersist(DefaultPersistEventListener.java:54)
	at org.hibernate.event.service.internal.EventListenerGroupImpl.fireEventOnEachListener(EventListenerGroupImpl.java:127)
	at org.hibernate.internal.SessionImpl.firePersist(SessionImpl.java:757)
	at org.hibernate.internal.SessionImpl.persist(SessionImpl.java:741)
	at java.base/jdk.internal.reflect.NativeMethodAccessorImpl.invoke0(Native Method)
	at java.base/jdk.internal.reflect.NativeMethodAccessorImpl.invoke(NativeMethodAccessorImpl.java:77)
	at java.base/jdk.internal.reflect.DelegatingMethodAccessorImpl.invoke(DelegatingMethodAccessorImpl.java:43)
	at java.base/java.lang.reflect.Method.invoke(Method.java:568)
	at org.springframework.orm.jpa.ExtendedEntityManagerCreator$ExtendedEntityManagerInvocationHandler.invoke(ExtendedEntityManagerCreator.java:364)
	at jdk.proxy2/jdk.proxy2.$Proxy139.persist(Unknown Source)
	at java.base/jdk.internal.reflect.NativeMethodAccessorImpl.invoke0(Native Method)
	at java.base/jdk.internal.reflect.NativeMethodAccessorImpl.invoke(NativeMethodAccessorImpl.java:77)
	at java.base/jdk.internal.reflect.DelegatingMethodAccessorImpl.invoke(DelegatingMethodAccessorImpl.java:43)
	at java.base/java.lang.reflect.Method.invoke(Method.java:568)
	at org.springframework.orm.jpa.SharedEntityManagerCreator$SharedEntityManagerInvocationHandler.invoke(SharedEntityManagerCreator.java:319)
	at jdk.proxy2/jdk.proxy2.$Proxy139.persist(Unknown Source)
	at org.springframework.data.jpa.repository.support.SimpleJpaRepository.save(SimpleJpaRepository.java:629)
	at java.base/jdk.internal.reflect.NativeMethodAccessorImpl.invoke0(Native Method)
	at java.base/jdk.internal.reflect.NativeMethodAccessorImpl.invoke(NativeMethodAccessorImpl.java:77)
	at java.base/jdk.internal.reflect.DelegatingMethodAccessorImpl.invoke(DelegatingMethodAccessorImpl.java:43)
	at java.base/java.lang.reflect.Method.invoke(Method.java:568)
	at org.springframework.aop.support.AopUtils.invokeJoinpointUsingReflection(AopUtils.java:354)
	at org.springframework.data.repository.core.support.RepositoryMethodInvoker$RepositoryFragmentMethodInvoker.lambda$new$0(RepositoryMethodInvoker.java:277)
	at org.springframework.data.repository.core.support.RepositoryMethodInvoker.doInvoke(RepositoryMethodInvoker.java:170)
	at org.springframework.data.repository.core.support.RepositoryMethodInvoker.invoke(RepositoryMethodInvoker.java:158)
	at org.springframework.data.repository.core.support.RepositoryComposition$RepositoryFragments.invoke(RepositoryComposition.java:516)
	at org.springframework.data.repository.core.support.RepositoryComposition.invoke(RepositoryComposition.java:285)
	at org.springframework.data.repository.core.support.RepositoryFactorySupport$ImplementationMethodExecutionInterceptor.invoke(RepositoryFactorySupport.java:628)
	at org.springframework.aop.framework.ReflectiveMethodInvocation.proceed(ReflectiveMethodInvocation.java:184)
	at org.springframework.data.repository.core.support.QueryExecutorMethodInterceptor.doInvoke(QueryExecutorMethodInterceptor.java:168)
	at org.springframework.data.repository.core.support.QueryExecutorMethodInterceptor.invoke(QueryExecutorMethodInterceptor.java:143)
	at org.springframework.aop.framework.ReflectiveMethodInvocation.proceed(ReflectiveMethodInvocation.java:184)
	at org.springframework.data.projection.DefaultMethodInvokingMethodInterceptor.invoke(DefaultMethodInvokingMethodInterceptor.java:70)
	at org.springframework.aop.framework.ReflectiveMethodInvocation.proceed(ReflectiveMethodInvocation.java:184)
	at org.springframework.transaction.interceptor.TransactionAspectSupport.invokeWithinTransaction(TransactionAspectSupport.java:379)
	at org.springframework.transaction.interceptor.TransactionInterceptor.invoke(TransactionInterceptor.java:119)
	at org.springframework.aop.framework.ReflectiveMethodInvocation.proceed(ReflectiveMethodInvocation.java:184)
	at org.springframework.dao.support.PersistenceExceptionTranslationInterceptor.invoke(PersistenceExceptionTranslationInterceptor.java:138)
	... 118 common frames omitted
2026-02-02 20:41:42.468 INFO  k.co.seoulit.common.aop.LoggerAspect - Controller  : kr.co.seoulit.reception.controller.ReservationController.getReservations()½ÃÀÛ
2026-02-02 20:41:42.469 INFO  k.c.s.r.c.ReservationController - Reservation list request: searchType=null, searchValue=null
2026-02-02 20:41:42.470 INFO  k.co.seoulit.common.aop.LoggerAspect - ServiceImpl  : kr.co.seoulit.reception.service.ReservationServiceImpl.getReservationList()½ÃÀÛ
2026-02-02 20:41:42.541 INFO  k.co.seoulit.common.aop.LoggerAspect - ServiceImpl  : kr.co.seoulit.reception.service.ReservationServiceImpl.getReservationList()Á¾·á
2026-02-02 20:41:42.574 INFO  k.co.seoulit.common.aop.LoggerAspect - Controller  : kr.co.seoulit.reception.controller.ReservationController.getReservations()Á¾·á
2026-02-02 20:41:42.626 INFO  k.co.seoulit.common.aop.LoggerAspect - Controller  : kr.co.seoulit.reception.controller.PatientController.getPatients()½ÃÀÛ
2026-02-02 20:41:42.630 DEBUG org.hibernate.SQL - select pe1_0.patient_id,pe1_0.patient_name from patient pe1_0
2026-02-02 20:41:42.685 INFO  k.co.seoulit.common.aop.LoggerAspect - Controller  : kr.co.seoulit.reception.controller.PatientController.getPatients()Á¾·á
2026-02-02 20:41:42.701 INFO  k.co.seoulit.common.aop.LoggerAspect - Controller  : kr.co.seoulit.reception.controller.ReceptionController.createReception()½ÃÀÛ
2026-02-02 20:41:42.701 INFO  k.c.s.r.c.ReceptionController - Reception create request: receptionNo=RCPT-20260202-002
2026-02-02 20:41:42.702 INFO  k.co.seoulit.common.aop.LoggerAspect - ServiceImpl  : kr.co.seoulit.reception.service.ReceptionServiceImpl.createReception()½ÃÀÛ
2026-02-02 20:41:42.709 DEBUG org.hibernate.SQL - select * from (select re1_0.reception_id c0,rownum rn from reception re1_0 where re1_0.reception_no=?) r_0_ where r_0_.rn<=? order by r_0_.rn
2026-02-02 20:41:42.710 TRACE org.hibernate.orm.jdbc.bind - binding parameter (1:VARCHAR) <- [RCPT-20260202-002]
2026-02-02 20:41:42.710 TRACE org.hibernate.orm.jdbc.bind - binding parameter (2:INTEGER) <- [1]
2026-02-02 20:41:42.719 INFO  k.co.seoulit.common.aop.LoggerAspect - kr.co.seoulit.reception.mapstruct.ReceptionReqMapStructImpl.toEntity()½ÃÀÛ
2026-02-02 20:41:42.720 INFO  k.co.seoulit.common.aop.LoggerAspect - kr.co.seoulit.reception.mapstruct.ReceptionReqMapStructImpl.toEntity()Á¾·á
2026-02-02 20:41:42.761 ERROR k.c.s.c.h.GlobalExceptionHandler - Unhandled server error
org.springframework.dao.InvalidDataAccessApiUsageException: The given id must not be null
	at org.springframework.orm.jpa.EntityManagerFactoryUtils.convertJpaAccessExceptionIfPossible(EntityManagerFactoryUtils.java:371)
	at org.springframework.orm.jpa.vendor.HibernateJpaDialect.translateExceptionIfPossible(HibernateJpaDialect.java:246)
	at org.springframework.orm.jpa.AbstractEntityManagerFactoryBean.translateExceptionIfPossible(AbstractEntityManagerFactoryBean.java:550)
	at org.springframework.dao.support.ChainedPersistenceExceptionTranslator.translateExceptionIfPossible(ChainedPersistenceExceptionTranslator.java:61)
	at org.springframework.dao.support.DataAccessUtils.translateIfNecessary(DataAccessUtils.java:335)
	at org.springframework.dao.support.PersistenceExceptionTranslationInterceptor.invoke(PersistenceExceptionTranslationInterceptor.java:160)
	at org.springframework.aop.framework.ReflectiveMethodInvocation.proceed(ReflectiveMethodInvocation.java:184)
	at org.springframework.data.jpa.repository.support.CrudMethodMetadataPostProcessor$CrudMethodMetadataPopulatingMethodInterceptor.invoke(CrudMethodMetadataPostProcessor.java:165)
	at org.springframework.aop.framework.ReflectiveMethodInvocation.proceed(ReflectiveMethodInvocation.java:184)
	at org.springframework.aop.interceptor.ExposeInvocationInterceptor.invoke(ExposeInvocationInterceptor.java:97)
	at org.springframework.aop.framework.ReflectiveMethodInvocation.proceed(ReflectiveMethodInvocation.java:184)
	at org.springframework.aop.framework.JdkDynamicAopProxy.invoke(JdkDynamicAopProxy.java:223)
	at jdk.proxy2/jdk.proxy2.$Proxy156.findById(Unknown Source)
	at kr.co.seoulit.reception.service.ReceptionServiceImpl.resolvePatientName(ReceptionServiceImpl.java:283)
	at kr.co.seoulit.reception.service.ReceptionServiceImpl.createReception(ReceptionServiceImpl.java:90)
	at java.base/jdk.internal.reflect.NativeMethodAccessorImpl.invoke0(Native Method)
	at java.base/jdk.internal.reflect.NativeMethodAccessorImpl.invoke(NativeMethodAccessorImpl.java:77)
	at java.base/jdk.internal.reflect.DelegatingMethodAccessorImpl.invoke(DelegatingMethodAccessorImpl.java:43)
	at java.base/java.lang.reflect.Method.invoke(Method.java:568)
	at org.springframework.aop.support.AopUtils.invokeJoinpointUsingReflection(AopUtils.java:354)
	at org.springframework.aop.framework.ReflectiveMethodInvocation.invokeJoinpoint(ReflectiveMethodInvocation.java:196)
	at org.springframework.aop.framework.ReflectiveMethodInvocation.proceed(ReflectiveMethodInvocation.java:163)
	at org.springframework.aop.framework.CglibAopProxy$CglibMethodInvocation.proceed(CglibAopProxy.java:768)
	at org.springframework.aop.aspectj.MethodInvocationProceedingJoinPoint.proceed(MethodInvocationProceedingJoinPoint.java:89)
	at kr.co.seoulit.common.aop.LoggerAspect.logPrint(LoggerAspect.java:31)
	at java.base/jdk.internal.reflect.NativeMethodAccessorImpl.invoke0(Native Method)
	at java.base/jdk.internal.reflect.NativeMethodAccessorImpl.invoke(NativeMethodAccessorImpl.java:77)
	at java.base/jdk.internal.reflect.DelegatingMethodAccessorImpl.invoke(DelegatingMethodAccessorImpl.java:43)
	at java.base/java.lang.reflect.Method.invoke(Method.java:568)
	at org.springframework.aop.aspectj.AbstractAspectJAdvice.invokeAdviceMethodWithGivenArgs(AbstractAspectJAdvice.java:637)
	at org.springframework.aop.aspectj.AbstractAspectJAdvice.invokeAdviceMethod(AbstractAspectJAdvice.java:627)
	at org.springframework.aop.aspectj.AspectJAroundAdvice.invoke(AspectJAroundAdvice.java:71)
	at org.springframework.aop.framework.ReflectiveMethodInvocation.proceed(ReflectiveMethodInvocation.java:184)
	at org.springframework.aop.framework.CglibAopProxy$CglibMethodInvocation.proceed(CglibAopProxy.java:768)
	at org.springframework.transaction.interceptor.TransactionAspectSupport.invokeWithinTransaction(TransactionAspectSupport.java:379)
	at org.springframework.transaction.interceptor.TransactionInterceptor.invoke(TransactionInterceptor.java:119)
	at org.springframework.aop.framework.ReflectiveMethodInvocation.proceed(ReflectiveMethodInvocation.java:184)
	at org.springframework.aop.framework.CglibAopProxy$CglibMethodInvocation.proceed(CglibAopProxy.java:768)
	at org.springframework.aop.interceptor.ExposeInvocationInterceptor.invoke(ExposeInvocationInterceptor.java:97)
	at org.springframework.aop.framework.ReflectiveMethodInvocation.proceed(ReflectiveMethodInvocation.java:184)
	at org.springframework.aop.framework.CglibAopProxy$CglibMethodInvocation.proceed(CglibAopProxy.java:768)
	at org.springframework.aop.framework.CglibAopProxy$DynamicAdvisedInterceptor.intercept(CglibAopProxy.java:720)
	at kr.co.seoulit.reception.service.ReceptionServiceImpl$$SpringCGLIB$$0.createReception(<generated>)
	at kr.co.seoulit.reception.controller.ReceptionController.createReception(ReceptionController.java:85)
	at java.base/jdk.internal.reflect.NativeMethodAccessorImpl.invoke0(Native Method)
	at java.base/jdk.internal.reflect.NativeMethodAccessorImpl.invoke(NativeMethodAccessorImpl.java:77)
	at java.base/jdk.internal.reflect.DelegatingMethodAccessorImpl.invoke(DelegatingMethodAccessorImpl.java:43)
	at java.base/java.lang.reflect.Method.invoke(Method.java:568)
	at org.springframework.aop.support.AopUtils.invokeJoinpointUsingReflection(AopUtils.java:354)
	at org.springframework.aop.framework.ReflectiveMethodInvocation.invokeJoinpoint(ReflectiveMethodInvocation.java:196)
	at org.springframework.aop.framework.ReflectiveMethodInvocation.proceed(ReflectiveMethodInvocation.java:163)
	at org.springframework.aop.framework.CglibAopProxy$CglibMethodInvocation.proceed(CglibAopProxy.java:768)
	at org.springframework.aop.aspectj.MethodInvocationProceedingJoinPoint.proceed(MethodInvocationProceedingJoinPoint.java:89)
	at kr.co.seoulit.common.aop.LoggerAspect.logPrint(LoggerAspect.java:31)
	at java.base/jdk.internal.reflect.NativeMethodAccessorImpl.invoke0(Native Method)
	at java.base/jdk.internal.reflect.NativeMethodAccessorImpl.invoke(NativeMethodAccessorImpl.java:77)
	at java.base/jdk.internal.reflect.DelegatingMethodAccessorImpl.invoke(DelegatingMethodAccessorImpl.java:43)
	at java.base/java.lang.reflect.Method.invoke(Method.java:568)
	at org.springframework.aop.aspectj.AbstractAspectJAdvice.invokeAdviceMethodWithGivenArgs(AbstractAspectJAdvice.java:637)
	at org.springframework.aop.aspectj.AbstractAspectJAdvice.invokeAdviceMethod(AbstractAspectJAdvice.java:627)
	at org.springframework.aop.aspectj.AspectJAroundAdvice.invoke(AspectJAroundAdvice.java:71)
	at org.springframework.aop.framework.ReflectiveMethodInvocation.proceed(ReflectiveMethodInvocation.java:184)
	at org.springframework.aop.framework.CglibAopProxy$CglibMethodInvocation.proceed(CglibAopProxy.java:768)
	at org.springframework.aop.interceptor.ExposeInvocationInterceptor.invoke(ExposeInvocationInterceptor.java:97)
	at org.springframework.aop.framework.ReflectiveMethodInvocation.proceed(ReflectiveMethodInvocation.java:184)
	at org.springframework.aop.framework.CglibAopProxy$CglibMethodInvocation.proceed(CglibAopProxy.java:768)
	at org.springframework.aop.framework.CglibAopProxy$DynamicAdvisedInterceptor.intercept(CglibAopProxy.java:720)
	at kr.co.seoulit.reception.controller.ReceptionController$$SpringCGLIB$$0.createReception(<generated>)
	at java.base/jdk.internal.reflect.NativeMethodAccessorImpl.invoke0(Native Method)
	at java.base/jdk.internal.reflect.NativeMethodAccessorImpl.invoke(NativeMethodAccessorImpl.java:77)
	at java.base/jdk.internal.reflect.DelegatingMethodAccessorImpl.invoke(DelegatingMethodAccessorImpl.java:43)
	at java.base/java.lang.reflect.Method.invoke(Method.java:568)
	at org.springframework.web.method.support.InvocableHandlerMethod.doInvoke(InvocableHandlerMethod.java:255)
	at org.springframework.web.method.support.InvocableHandlerMethod.invokeForRequest(InvocableHandlerMethod.java:188)
	at org.springframework.web.servlet.mvc.method.annotation.ServletInvocableHandlerMethod.invokeAndHandle(ServletInvocableHandlerMethod.java:118)
	at org.springframework.web.servlet.mvc.method.annotation.RequestMappingHandlerAdapter.invokeHandlerMethod(RequestMappingHandlerAdapter.java:926)
	at org.springframework.web.servlet.mvc.method.annotation.RequestMappingHandlerAdapter.handleInternal(RequestMappingHandlerAdapter.java:831)
	at org.springframework.web.servlet.mvc.method.AbstractHandlerMethodAdapter.handle(AbstractHandlerMethodAdapter.java:87)
	at org.springframework.web.servlet.DispatcherServlet.doDispatch(DispatcherServlet.java:1089)
	at org.springframework.web.servlet.DispatcherServlet.doService(DispatcherServlet.java:979)
	at org.springframework.web.servlet.FrameworkServlet.processRequest(FrameworkServlet.java:1014)
	at org.springframework.web.servlet.FrameworkServlet.doPost(FrameworkServlet.java:914)
	at jakarta.servlet.http.HttpServlet.service(HttpServlet.java:590)
	at org.springframework.web.servlet.FrameworkServlet.service(FrameworkServlet.java:885)
	at jakarta.servlet.http.HttpServlet.service(HttpServlet.java:658)
	at org.apache.catalina.core.ApplicationFilterChain.internalDoFilter(ApplicationFilterChain.java:195)
	at org.apache.catalina.core.ApplicationFilterChain.doFilter(ApplicationFilterChain.java:140)
	at org.apache.tomcat.websocket.server.WsFilter.doFilter(WsFilter.java:51)
	at org.apache.catalina.core.ApplicationFilterChain.internalDoFilter(ApplicationFilterChain.java:164)
	at org.apache.catalina.core.ApplicationFilterChain.doFilter(ApplicationFilterChain.java:140)
	at org.springframework.web.filter.CorsFilter.doFilterInternal(CorsFilter.java:91)
	at org.springframework.web.filter.OncePerRequestFilter.doFilter(OncePerRequestFilter.java:116)
	at org.apache.catalina.core.ApplicationFilterChain.internalDoFilter(ApplicationFilterChain.java:164)
	at org.apache.catalina.core.ApplicationFilterChain.doFilter(ApplicationFilterChain.java:140)
	at org.springframework.web.filter.RequestContextFilter.doFilterInternal(RequestContextFilter.java:100)
	at org.springframework.web.filter.OncePerRequestFilter.doFilter(OncePerRequestFilter.java:116)
	at org.apache.catalina.core.ApplicationFilterChain.internalDoFilter(ApplicationFilterChain.java:164)
	at org.apache.catalina.core.ApplicationFilterChain.doFilter(ApplicationFilterChain.java:140)
	at org.springframework.web.filter.FormContentFilter.doFilterInternal(FormContentFilter.java:93)
	at org.springframework.web.filter.OncePerRequestFilter.doFilter(OncePerRequestFilter.java:116)
	at org.apache.catalina.core.ApplicationFilterChain.internalDoFilter(ApplicationFilterChain.java:164)
	at org.apache.catalina.core.ApplicationFilterChain.doFilter(ApplicationFilterChain.java:140)
	at org.springframework.web.filter.CharacterEncodingFilter.doFilterInternal(CharacterEncodingFilter.java:201)
	at org.springframework.web.filter.OncePerRequestFilter.doFilter(OncePerRequestFilter.java:116)
	at org.apache.catalina.core.ApplicationFilterChain.internalDoFilter(ApplicationFilterChain.java:164)
	at org.apache.catalina.core.ApplicationFilterChain.doFilter(ApplicationFilterChain.java:140)
	at org.apache.catalina.core.StandardWrapperValve.invoke(StandardWrapperValve.java:167)
	at org.apache.catalina.core.StandardContextValve.invoke(StandardContextValve.java:90)
	at org.apache.catalina.authenticator.AuthenticatorBase.invoke(AuthenticatorBase.java:483)
	at org.apache.catalina.core.StandardHostValve.invoke(StandardHostValve.java:115)
	at org.apache.catalina.valves.ErrorReportValve.invoke(ErrorReportValve.java:93)
	at org.apache.catalina.core.StandardEngineValve.invoke(StandardEngineValve.java:74)
	at org.apache.catalina.connector.CoyoteAdapter.service(CoyoteAdapter.java:344)
	at org.apache.coyote.http11.Http11Processor.service(Http11Processor.java:389)
	at org.apache.coyote.AbstractProcessorLight.process(AbstractProcessorLight.java:63)
	at org.apache.coyote.AbstractProtocol$ConnectionHandler.process(AbstractProtocol.java:904)
	at org.apache.tomcat.util.net.NioEndpoint$SocketProcessor.doRun(NioEndpoint.java:1741)
	at org.apache.tomcat.util.net.SocketProcessorBase.run(SocketProcessorBase.java:52)
	at org.apache.tomcat.util.threads.ThreadPoolExecutor.runWorker(ThreadPoolExecutor.java:1190)
	at org.apache.tomcat.util.threads.ThreadPoolExecutor$Worker.run(ThreadPoolExecutor.java:659)
	at org.apache.tomcat.util.threads.TaskThread$WrappingRunnable.run(TaskThread.java:63)
	at java.base/java.lang.Thread.run(Thread.java:842)
Caused by: java.lang.IllegalArgumentException: The given id must not be null
	at org.springframework.util.Assert.notNull(Assert.java:172)
	at org.springframework.data.jpa.repository.support.SimpleJpaRepository.findById(SimpleJpaRepository.java:310)
	at java.base/jdk.internal.reflect.NativeMethodAccessorImpl.invoke0(Native Method)
	at java.base/jdk.internal.reflect.NativeMethodAccessorImpl.invoke(NativeMethodAccessorImpl.java:77)
	at java.base/jdk.internal.reflect.DelegatingMethodAccessorImpl.invoke(DelegatingMethodAccessorImpl.java:43)
	at java.base/java.lang.reflect.Method.invoke(Method.java:568)
	at org.springframework.aop.support.AopUtils.invokeJoinpointUsingReflection(AopUtils.java:354)
	at org.springframework.data.repository.core.support.RepositoryMethodInvoker$RepositoryFragmentMethodInvoker.lambda$new$0(RepositoryMethodInvoker.java:277)
	at org.springframework.data.repository.core.support.RepositoryMethodInvoker.doInvoke(RepositoryMethodInvoker.java:170)
	at org.springframework.data.repository.core.support.RepositoryMethodInvoker.invoke(RepositoryMethodInvoker.java:158)
	at org.springframework.data.repository.core.support.RepositoryComposition$RepositoryFragments.invoke(RepositoryComposition.java:516)
	at org.springframework.data.repository.core.support.RepositoryComposition.invoke(RepositoryComposition.java:285)
	at org.springframework.data.repository.core.support.RepositoryFactorySupport$ImplementationMethodExecutionInterceptor.invoke(RepositoryFactorySupport.java:628)
	at org.springframework.aop.framework.ReflectiveMethodInvocation.proceed(ReflectiveMethodInvocation.java:184)
	at org.springframework.data.repository.core.support.QueryExecutorMethodInterceptor.doInvoke(QueryExecutorMethodInterceptor.java:168)
	at org.springframework.data.repository.core.support.QueryExecutorMethodInterceptor.invoke(QueryExecutorMethodInterceptor.java:143)
	at org.springframework.aop.framework.ReflectiveMethodInvocation.proceed(ReflectiveMethodInvocation.java:184)
	at org.springframework.data.projection.DefaultMethodInvokingMethodInterceptor.invoke(DefaultMethodInvokingMethodInterceptor.java:70)
	at org.springframework.aop.framework.ReflectiveMethodInvocation.proceed(ReflectiveMethodInvocation.java:184)
	at org.springframework.transaction.interceptor.TransactionAspectSupport.invokeWithinTransaction(TransactionAspectSupport.java:379)
	at org.springframework.transaction.interceptor.TransactionInterceptor.invoke(TransactionInterceptor.java:119)
	at org.springframework.aop.framework.ReflectiveMethodInvocation.proceed(ReflectiveMethodInvocation.java:184)
	at org.springframework.dao.support.PersistenceExceptionTranslationInterceptor.invoke(PersistenceExceptionTranslationInterceptor.java:138)
	... 116 common frames omitted
2026-02-02 20:41:42.768 INFO  k.co.seoulit.common.aop.LoggerAspect - Controller  : kr.co.seoulit.reception.controller.ReceptionController.getReceptions()½ÃÀÛ
2026-02-02 20:41:42.768 INFO  k.c.s.r.c.ReceptionController - Reception list request: searchType=null, searchValue=null
2026-02-02 20:41:42.768 INFO  k.co.seoulit.common.aop.LoggerAspect - ServiceImpl  : kr.co.seoulit.reception.service.ReceptionServiceImpl.getReceptionList()½ÃÀÛ
2026-02-02 20:41:42.777 INFO  k.co.seoulit.common.aop.LoggerAspect - ServiceImpl  : kr.co.seoulit.reception.service.ReceptionServiceImpl.getReceptionList()Á¾·á
2026-02-02 20:41:42.805 INFO  k.co.seoulit.common.aop.LoggerAspect - Controller  : kr.co.seoulit.reception.controller.ReceptionController.getReceptions()Á¾·á
2026-02-02 20:44:34.757 INFO  o.h.validator.internal.util.Version - HV000001: Hibernate Validator 8.0.1.Final
2026-02-02 20:44:34.811 INFO  kr.co.seoulit.ReceptionApplication - Starting ReceptionApplication using Java 17.0.12 with PID 28244 (C:\dev\teamwork\project\backend\hospital_reception_backend\reception_back\build\classes\java\main started by stu19 in C:\dev\teamwork\project\backend\hospital_reception_backend\reception_back)
2026-02-02 20:44:34.812 INFO  kr.co.seoulit.ReceptionApplication - No active profile set, falling back to 1 default profile: "default"
2026-02-02 20:44:35.867 INFO  o.s.d.r.c.RepositoryConfigurationDelegate - Multiple Spring Data modules found, entering strict repository configuration mode
2026-02-02 20:44:35.868 INFO  o.s.d.r.c.RepositoryConfigurationDelegate - Bootstrapping Spring Data JPA repositories in DEFAULT mode.
2026-02-02 20:44:36.041 INFO  o.s.d.r.c.RepositoryConfigurationDelegate - Finished Spring Data repository scanning in 164 ms. Found 9 JPA repository interfaces.
2026-02-02 20:44:36.057 INFO  o.s.d.r.c.RepositoryConfigurationDelegate - Multiple Spring Data modules found, entering strict repository configuration mode
2026-02-02 20:44:36.059 INFO  o.s.d.r.c.RepositoryConfigurationDelegate - Bootstrapping Spring Data Redis repositories in DEFAULT mode.
2026-02-02 20:44:36.071 INFO  o.s.d.r.c.RepositoryConfigurationExtensionSupport - Spring Data Redis - Could not safely identify store assignment for repository candidate interface kr.co.seoulit.common.audit.AuditLogRepository; If you want this repository to be a Redis repository, consider annotating your entities with one of these annotations: org.springframework.data.redis.core.RedisHash (preferred), or consider extending one of the following types with your repository: org.springframework.data.keyvalue.repository.KeyValueRepository
2026-02-02 20:44:36.072 INFO  o.s.d.r.c.RepositoryConfigurationExtensionSupport - Spring Data Redis - Could not safely identify store assignment for repository candidate interface kr.co.seoulit.reception.repository.DepartmentRepository; If you want this repository to be a Redis repository, consider annotating your entities with one of these annotations: org.springframework.data.redis.core.RedisHash (preferred), or consider extending one of the following types with your repository: org.springframework.data.keyvalue.repository.KeyValueRepository
2026-02-02 20:44:36.072 INFO  o.s.d.r.c.RepositoryConfigurationExtensionSupport - Spring Data Redis - Could not safely identify store assignment for repository candidate interface kr.co.seoulit.reception.repository.DoctorRepository; If you want this repository to be a Redis repository, consider annotating your entities with one of these annotations: org.springframework.data.redis.core.RedisHash (preferred), or consider extending one of the following types with your repository: org.springframework.data.keyvalue.repository.KeyValueRepository
2026-02-02 20:44:36.072 INFO  o.s.d.r.c.RepositoryConfigurationExtensionSupport - Spring Data Redis - Could not safely identify store assignment for repository candidate interface kr.co.seoulit.reception.repository.PatientRepository; If you want this repository to be a Redis repository, consider annotating your entities with one of these annotations: org.springframework.data.redis.core.RedisHash (preferred), or consider extending one of the following types with your repository: org.springframework.data.keyvalue.repository.KeyValueRepository
2026-02-02 20:44:36.072 INFO  o.s.d.r.c.RepositoryConfigurationExtensionSupport - Spring Data Redis - Could not safely identify store assignment for repository candidate interface kr.co.seoulit.reception.repository.ReceptionEmergencyRepository; If you want this repository to be a Redis repository, consider annotating your entities with one of these annotations: org.springframework.data.redis.core.RedisHash (preferred), or consider extending one of the following types with your repository: org.springframework.data.keyvalue.repository.KeyValueRepository
2026-02-02 20:44:36.072 INFO  o.s.d.r.c.RepositoryConfigurationExtensionSupport - Spring Data Redis - Could not safely identify store assignment for repository candidate interface kr.co.seoulit.reception.repository.ReceptionInpatientRepository; If you want this repository to be a Redis repository, consider annotating your entities with one of these annotations: org.springframework.data.redis.core.RedisHash (preferred), or consider extending one of the following types with your repository: org.springframework.data.keyvalue.repository.KeyValueRepository
2026-02-02 20:44:36.073 INFO  o.s.d.r.c.RepositoryConfigurationExtensionSupport - Spring Data Redis - Could not safely identify store assignment for repository candidate interface kr.co.seoulit.reception.repository.ReceptionRepository; If you want this repository to be a Redis repository, consider annotating your entities with one of these annotations: org.springframework.data.redis.core.RedisHash (preferred), or consider extending one of the following types with your repository: org.springframework.data.keyvalue.repository.KeyValueRepository
2026-02-02 20:44:36.074 INFO  o.s.d.r.c.RepositoryConfigurationExtensionSupport - Spring Data Redis - Could not safely identify store assignment for repository candidate interface kr.co.seoulit.reception.repository.ReceptionStatusHistoryRepository; If you want this repository to be a Redis repository, consider annotating your entities with one of these annotations: org.springframework.data.redis.core.RedisHash (preferred), or consider extending one of the following types with your repository: org.springframework.data.keyvalue.repository.KeyValueRepository
2026-02-02 20:44:36.075 INFO  o.s.d.r.c.RepositoryConfigurationExtensionSupport - Spring Data Redis - Could not safely identify store assignment for repository candidate interface kr.co.seoulit.reception.repository.ReservationRepository; If you want this repository to be a Redis repository, consider annotating your entities with one of these annotations: org.springframework.data.redis.core.RedisHash (preferred), or consider extending one of the following types with your repository: org.springframework.data.keyvalue.repository.KeyValueRepository
2026-02-02 20:44:36.075 INFO  o.s.d.r.c.RepositoryConfigurationDelegate - Finished Spring Data repository scanning in 9 ms. Found 0 Redis repository interfaces.
2026-02-02 20:44:36.867 INFO  o.s.b.w.e.tomcat.TomcatWebServer - Tomcat initialized with port 8283 (http)
2026-02-02 20:44:36.879 INFO  o.a.coyote.http11.Http11NioProtocol - Initializing ProtocolHandler ["http-nio-8283"]
2026-02-02 20:44:36.881 INFO  o.a.catalina.core.StandardService - Starting service [Tomcat]
2026-02-02 20:44:36.882 INFO  o.a.catalina.core.StandardEngine - Starting Servlet engine: [Apache Tomcat/10.1.26]
2026-02-02 20:44:36.974 INFO  o.a.c.c.C.[Tomcat].[localhost].[/] - Initializing Spring embedded WebApplicationContext
2026-02-02 20:44:36.975 INFO  o.s.b.w.s.c.ServletWebServerApplicationContext - Root WebApplicationContext: initialization completed in 2110 ms
2026-02-02 20:44:37.238 INFO  o.h.jpa.internal.util.LogHelper - HHH000204: Processing PersistenceUnitInfo [name: default]
2026-02-02 20:44:37.295 INFO  org.hibernate.Version - HHH000412: Hibernate ORM core version 6.5.2.Final
2026-02-02 20:44:37.328 INFO  o.h.c.i.RegionFactoryInitiator - HHH000026: Second-level cache disabled
2026-02-02 20:44:37.633 INFO  o.s.o.j.p.SpringPersistenceUnitInfo - No LoadTimeWeaver setup: ignoring JPA class transformer
2026-02-02 20:44:37.663 INFO  com.zaxxer.hikari.HikariDataSource - HikariPool-1 - Starting...
2026-02-02 20:44:38.608 INFO  com.zaxxer.hikari.pool.HikariPool - HikariPool-1 - Added connection oracle.jdbc.driver.T4CConnection@603c2dee
2026-02-02 20:44:38.616 INFO  com.zaxxer.hikari.HikariDataSource - HikariPool-1 - Start completed.
2026-02-02 20:44:38.662 WARN  org.hibernate.orm.deprecation - HHH90000026: Oracle10gDialect has been deprecated; use org.hibernate.community.dialect.OracleLegacyDialect instead
2026-02-02 20:44:39.890 INFO  o.h.e.t.j.p.i.JtaPlatformInitiator - HHH000489: No JTA platform available (set 'hibernate.transaction.jta.platform' to enable JTA platform integration)
2026-02-02 20:44:39.893 INFO  o.s.o.j.LocalContainerEntityManagerFactoryBean - Initialized JPA EntityManagerFactory for persistence unit 'default'
2026-02-02 20:44:41.444 WARN  o.s.b.a.o.j.JpaBaseConfiguration$JpaWebConfiguration - spring.jpa.open-in-view is enabled by default. Therefore, database queries may be performed during view rendering. Explicitly configure spring.jpa.open-in-view to disable this warning
2026-02-02 20:44:41.476 INFO  o.s.b.a.w.s.WelcomePageHandlerMapping - Adding welcome page: class path resource [static/index.html]
2026-02-02 20:44:42.283 INFO  o.a.coyote.http11.Http11NioProtocol - Starting ProtocolHandler ["http-nio-8283"]
2026-02-02 20:44:42.302 INFO  o.s.b.w.e.tomcat.TomcatWebServer - Tomcat started on port 8283 (http) with context path '/'
2026-02-02 20:44:42.314 INFO  kr.co.seoulit.ReceptionApplication - Started ReceptionApplication in 8.096 seconds (process running for 8.536)
2026-02-02 20:48:10.081 INFO  o.a.c.c.C.[Tomcat].[localhost].[/] - Initializing Spring DispatcherServlet 'dispatcherServlet'
2026-02-02 20:48:10.081 INFO  o.s.web.servlet.DispatcherServlet - Initializing Servlet 'dispatcherServlet'
2026-02-02 20:48:10.084 INFO  o.s.web.servlet.DispatcherServlet - Completed initialization in 1 ms
2026-02-02 20:48:10.199 INFO  k.co.seoulit.common.aop.LoggerAspect - Controller  : kr.co.seoulit.reception.controller.ReservationController.createReservation()½ÃÀÛ
2026-02-02 20:48:10.200 INFO  k.c.s.r.c.ReservationController - Reservation create request: reservationNo=RSV-20260202-003
2026-02-02 20:48:10.491 INFO  k.co.seoulit.common.aop.LoggerAspect - ServiceImpl  : kr.co.seoulit.reception.service.ReservationServiceImpl.createReservation()½ÃÀÛ
2026-02-02 20:48:10.598 DEBUG org.hibernate.SQL - select * from (select re1_0.reservation_id c0,rownum rn from reservation re1_0 where re1_0.reservation_no=?) r_0_ where r_0_.rn<=? order by r_0_.rn
2026-02-02 20:48:10.620 TRACE org.hibernate.orm.jdbc.bind - binding parameter (1:VARCHAR) <- [RSV-20260202-003]
2026-02-02 20:48:10.621 TRACE org.hibernate.orm.jdbc.bind - binding parameter (2:INTEGER) <- [1]
2026-02-02 20:48:11.304 INFO  k.co.seoulit.common.aop.LoggerAspect - kr.co.seoulit.reception.mapstruct.ReservationReqMapStructImpl.toEntity()½ÃÀÛ
2026-02-02 20:48:11.304 INFO  k.co.seoulit.common.aop.LoggerAspect - kr.co.seoulit.reception.mapstruct.ReservationReqMapStructImpl.toEntity()Á¾·á
2026-02-02 20:48:11.319 DEBUG org.hibernate.SQL - select pe1_0.patient_id,pe1_0.patient_name from patient pe1_0 where pe1_0.patient_name=?
2026-02-02 20:48:11.319 TRACE org.hibernate.orm.jdbc.bind - binding parameter (1:VARCHAR) <- [Test Patient]
2026-02-02 20:48:11.716 DEBUG org.hibernate.SQL - select seq_patient.nextval from dual
2026-02-02 20:48:15.418 DEBUG org.hibernate.SQL - select de1_0.department_id,de1_0.department_name from department de1_0 where de1_0.department_id=?
2026-02-02 20:48:15.419 TRACE org.hibernate.orm.jdbc.bind - binding parameter (1:BIGINT) <- [1]
2026-02-02 20:48:15.492 DEBUG org.hibernate.SQL - select de1_0.doctor_id,de1_0.department_id,de1_0.doctor_name from doctor de1_0 where de1_0.doctor_id=?
2026-02-02 20:48:15.493 TRACE org.hibernate.orm.jdbc.bind - binding parameter (1:BIGINT) <- [1]
2026-02-02 20:48:15.504 DEBUG org.hibernate.SQL - select seq_reservation.nextval from dual
2026-02-02 20:48:15.549 INFO  k.co.seoulit.common.aop.LoggerAspect - kr.co.seoulit.reception.mapstruct.ReservationResMapStructImpl.toDto()½ÃÀÛ
2026-02-02 20:48:15.549 INFO  k.co.seoulit.common.aop.LoggerAspect - kr.co.seoulit.reception.mapstruct.ReservationResMapStructImpl.toDto()Á¾·á
2026-02-02 20:48:15.566 DEBUG org.hibernate.SQL - select seq_audit_log.nextval from dual
2026-02-02 20:48:15.578 INFO  k.co.seoulit.common.aop.LoggerAspect - ServiceImpl  : kr.co.seoulit.reception.service.ReservationServiceImpl.createReservation()Á¾·á
2026-02-02 20:48:15.594 DEBUG org.hibernate.SQL - insert into patient (patient_name,patient_id) values (?,?)
2026-02-02 20:48:15.597 TRACE org.hibernate.orm.jdbc.bind - binding parameter (1:VARCHAR) <- [Test Patient]
2026-02-02 20:48:15.597 TRACE org.hibernate.orm.jdbc.bind - binding parameter (2:BIGINT) <- [2]
2026-02-02 20:48:15.652 DEBUG org.hibernate.SQL - insert into reservation (cancel_reason_code,cancel_reason_text,canceled_at,created_at,created_by,department_id,department_name,doctor_id,doctor_name,inactive_at,inactive_reason_code,inactive_reason_text,is_active,note,patient_id,patient_name,reservation_no,reserved_at,status,updated_at,updated_by,reservation_id) values (?,?,?,?,?,?,?,?,?,?,?,?,?,?,?,?,?,?,?,?,?,?)
2026-02-02 20:48:15.652 TRACE org.hibernate.orm.jdbc.bind - binding parameter (1:VARCHAR) <- [null]
2026-02-02 20:48:15.652 TRACE org.hibernate.orm.jdbc.bind - binding parameter (2:VARCHAR) <- [null]
2026-02-02 20:48:15.652 TRACE org.hibernate.orm.jdbc.bind - binding parameter (3:TIMESTAMP) <- [null]
2026-02-02 20:48:15.653 TRACE org.hibernate.orm.jdbc.bind - binding parameter (4:TIMESTAMP) <- [2026-02-02T20:48:15.651244]
2026-02-02 20:48:15.654 TRACE org.hibernate.orm.jdbc.bind - binding parameter (5:BIGINT) <- [null]
2026-02-02 20:48:15.654 TRACE org.hibernate.orm.jdbc.bind - binding parameter (6:BIGINT) <- [1]
2026-02-02 20:48:15.655 TRACE org.hibernate.orm.jdbc.bind - binding parameter (7:VARCHAR) <- [Internal Medicine]
2026-02-02 20:48:15.655 TRACE org.hibernate.orm.jdbc.bind - binding parameter (8:BIGINT) <- [1]
2026-02-02 20:48:15.655 TRACE org.hibernate.orm.jdbc.bind - binding parameter (9:VARCHAR) <- [Dr. Kim]
2026-02-02 20:48:15.655 TRACE org.hibernate.orm.jdbc.bind - binding parameter (10:TIMESTAMP) <- [null]
2026-02-02 20:48:15.655 TRACE org.hibernate.orm.jdbc.bind - binding parameter (11:VARCHAR) <- [null]
2026-02-02 20:48:15.655 TRACE org.hibernate.orm.jdbc.bind - binding parameter (12:VARCHAR) <- [null]
2026-02-02 20:48:15.655 TRACE org.hibernate.orm.jdbc.bind - binding parameter (13:BOOLEAN) <- [true]
2026-02-02 20:48:15.656 TRACE org.hibernate.orm.jdbc.bind - binding parameter (14:VARCHAR) <- [created via api]
2026-02-02 20:48:15.656 TRACE org.hibernate.orm.jdbc.bind - binding parameter (15:BIGINT) <- [2]
2026-02-02 20:48:15.656 TRACE org.hibernate.orm.jdbc.bind - binding parameter (16:VARCHAR) <- [Test Patient]
2026-02-02 20:48:15.656 TRACE org.hibernate.orm.jdbc.bind - binding parameter (17:VARCHAR) <- [RSV-20260202-003]
2026-02-02 20:48:15.656 TRACE org.hibernate.orm.jdbc.bind - binding parameter (18:TIMESTAMP) <- [2026-02-02T21:00]
2026-02-02 20:48:15.657 TRACE org.hibernate.orm.jdbc.bind - binding parameter (19:VARCHAR) <- [RESERVED]
2026-02-02 20:48:15.657 TRACE org.hibernate.orm.jdbc.bind - binding parameter (20:TIMESTAMP) <- [2026-02-02T20:48:15.651244]
2026-02-02 20:48:15.657 TRACE org.hibernate.orm.jdbc.bind - binding parameter (21:BIGINT) <- [null]
2026-02-02 20:48:15.657 TRACE org.hibernate.orm.jdbc.bind - binding parameter (22:BIGINT) <- [1]
2026-02-02 20:48:15.697 DEBUG org.hibernate.SQL - insert into audit_log (action,actor_id,after_json,before_json,diff_json,entity_id,entity_type,occurred_at,reason_code,reason_text,audit_log_id) values (?,?,?,?,?,?,?,?,?,?,?)
2026-02-02 20:48:15.698 TRACE org.hibernate.orm.jdbc.bind - binding parameter (1:VARCHAR) <- [CREATE]
2026-02-02 20:48:15.698 TRACE org.hibernate.orm.jdbc.bind - binding parameter (2:BIGINT) <- [null]
2026-02-02 20:48:15.698 TRACE org.hibernate.orm.jdbc.bind - binding parameter (3:VARCHAR) <- [{"reservationId":1,"reservationNo":"RSV-20260202-003","patientId":2,"patientName":"Test Patient","departmentId":1,"departmentName":"Internal Medicine","doctorId":1,"doctorName":"Dr. Kim","reservedAt":"2026-02-02T21:00:00","status":"RESERVED","note":"created via api","isActive":true,"inactiveAt":null,"inactiveReasonCode":null,"inactiveReasonText":null,"canceledAt":null,"cancelReasonCode":null,"cancelReasonText":null,"createdBy":null,"updatedBy":null,"createdAt":null,"updatedAt":null}]
2026-02-02 20:48:15.698 TRACE org.hibernate.orm.jdbc.bind - binding parameter (4:VARCHAR) <- [null]
2026-02-02 20:48:15.698 TRACE org.hibernate.orm.jdbc.bind - binding parameter (5:VARCHAR) <- [null]
2026-02-02 20:48:15.699 TRACE org.hibernate.orm.jdbc.bind - binding parameter (6:BIGINT) <- [1]
2026-02-02 20:48:15.699 TRACE org.hibernate.orm.jdbc.bind - binding parameter (7:VARCHAR) <- [RESERVATION]
2026-02-02 20:48:15.699 TRACE org.hibernate.orm.jdbc.bind - binding parameter (8:TIMESTAMP) <- [2026-02-02T20:48:15.697237]
2026-02-02 20:48:15.699 TRACE org.hibernate.orm.jdbc.bind - binding parameter (9:VARCHAR) <- [null]
2026-02-02 20:48:15.699 TRACE org.hibernate.orm.jdbc.bind - binding parameter (10:VARCHAR) <- [null]
2026-02-02 20:48:15.699 TRACE org.hibernate.orm.jdbc.bind - binding parameter (11:BIGINT) <- [1]
2026-02-02 20:48:15.757 INFO  k.co.seoulit.common.aop.LoggerAspect - Controller  : kr.co.seoulit.reception.controller.ReservationController.createReservation()Á¾·á
2026-02-02 20:48:15.820 INFO  k.co.seoulit.common.aop.LoggerAspect - Controller  : kr.co.seoulit.reception.controller.ReservationController.getReservations()½ÃÀÛ
2026-02-02 20:48:15.821 INFO  k.c.s.r.c.ReservationController - Reservation list request: searchType=null, searchValue=null
2026-02-02 20:48:15.822 INFO  k.co.seoulit.common.aop.LoggerAspect - ServiceImpl  : kr.co.seoulit.reception.service.ReservationServiceImpl.getReservationList()½ÃÀÛ
2026-02-02 20:48:15.900 INFO  k.co.seoulit.common.aop.LoggerAspect - ServiceImpl  : kr.co.seoulit.reception.service.ReservationServiceImpl.getReservationList()Á¾·á
2026-02-02 20:48:15.906 INFO  k.co.seoulit.common.aop.LoggerAspect - Controller  : kr.co.seoulit.reception.controller.ReservationController.getReservations()Á¾·á
2026-02-02 20:48:15.952 INFO  k.co.seoulit.common.aop.LoggerAspect - Controller  : kr.co.seoulit.reception.controller.ReservationController.getReservation()½ÃÀÛ
2026-02-02 20:48:15.952 INFO  k.c.s.r.c.ReservationController - Reservation get request: id=1
2026-02-02 20:48:15.958 INFO  k.co.seoulit.common.aop.LoggerAspect - ServiceImpl  : kr.co.seoulit.reception.service.ReservationServiceImpl.getReservation()½ÃÀÛ
2026-02-02 20:48:15.958 DEBUG org.hibernate.SQL - select re1_0.reservation_id,re1_0.cancel_reason_code,re1_0.cancel_reason_text,re1_0.canceled_at,re1_0.created_at,re1_0.created_by,re1_0.department_id,re1_0.department_name,re1_0.doctor_id,re1_0.doctor_name,re1_0.inactive_at,re1_0.inactive_reason_code,re1_0.inactive_reason_text,re1_0.is_active,re1_0.note,re1_0.patient_id,re1_0.patient_name,re1_0.reservation_no,re1_0.reserved_at,re1_0.status,re1_0.updated_at,re1_0.updated_by from reservation re1_0 where re1_0.reservation_id=?
2026-02-02 20:48:15.958 TRACE org.hibernate.orm.jdbc.bind - binding parameter (1:BIGINT) <- [1]
2026-02-02 20:48:15.990 INFO  k.co.seoulit.common.aop.LoggerAspect - kr.co.seoulit.reception.mapstruct.ReservationResMapStructImpl.toDto()½ÃÀÛ
2026-02-02 20:48:15.991 INFO  k.co.seoulit.common.aop.LoggerAspect - kr.co.seoulit.reception.mapstruct.ReservationResMapStructImpl.toDto()Á¾·á
2026-02-02 20:48:15.991 INFO  k.co.seoulit.common.aop.LoggerAspect - ServiceImpl  : kr.co.seoulit.reception.service.ReservationServiceImpl.getReservation()Á¾·á
2026-02-02 20:48:15.996 INFO  k.co.seoulit.common.aop.LoggerAspect - Controller  : kr.co.seoulit.reception.controller.ReservationController.getReservation()Á¾·á
2026-02-02 20:48:16.001 INFO  k.co.seoulit.common.aop.LoggerAspect - Controller  : kr.co.seoulit.reception.controller.ReservationController.updateReservation()½ÃÀÛ
2026-02-02 20:48:16.002 INFO  k.c.s.r.c.ReservationController - Reservation update request: id=1
2026-02-02 20:48:16.002 INFO  k.co.seoulit.common.aop.LoggerAspect - ServiceImpl  : kr.co.seoulit.reception.service.ReservationServiceImpl.updateReservation()½ÃÀÛ
2026-02-02 20:48:16.003 DEBUG org.hibernate.SQL - select re1_0.reservation_id,re1_0.cancel_reason_code,re1_0.cancel_reason_text,re1_0.canceled_at,re1_0.created_at,re1_0.created_by,re1_0.department_id,re1_0.department_name,re1_0.doctor_id,re1_0.doctor_name,re1_0.inactive_at,re1_0.inactive_reason_code,re1_0.inactive_reason_text,re1_0.is_active,re1_0.note,re1_0.patient_id,re1_0.patient_name,re1_0.reservation_no,re1_0.reserved_at,re1_0.status,re1_0.updated_at,re1_0.updated_by from reservation re1_0 where re1_0.reservation_id=?
2026-02-02 20:48:16.003 TRACE org.hibernate.orm.jdbc.bind - binding parameter (1:BIGINT) <- [1]
2026-02-02 20:48:16.009 INFO  k.co.seoulit.common.aop.LoggerAspect - kr.co.seoulit.reception.mapstruct.ReservationResMapStructImpl.toDto()½ÃÀÛ
2026-02-02 20:48:16.009 INFO  k.co.seoulit.common.aop.LoggerAspect - kr.co.seoulit.reception.mapstruct.ReservationResMapStructImpl.toDto()Á¾·á
2026-02-02 20:48:16.011 INFO  k.co.seoulit.common.aop.LoggerAspect - kr.co.seoulit.reception.mapstruct.ReservationResMapStructImpl.toDto()½ÃÀÛ
2026-02-02 20:48:16.011 INFO  k.co.seoulit.common.aop.LoggerAspect - kr.co.seoulit.reception.mapstruct.ReservationResMapStructImpl.toDto()Á¾·á
2026-02-02 20:48:16.012 DEBUG org.hibernate.SQL - select seq_audit_log.nextval from dual
2026-02-02 20:48:16.018 INFO  k.co.seoulit.common.aop.LoggerAspect - ServiceImpl  : kr.co.seoulit.reception.service.ReservationServiceImpl.updateReservation()Á¾·á
2026-02-02 20:48:16.020 DEBUG org.hibernate.SQL - insert into audit_log (action,actor_id,after_json,before_json,diff_json,entity_id,entity_type,occurred_at,reason_code,reason_text,audit_log_id) values (?,?,?,?,?,?,?,?,?,?,?)
2026-02-02 20:48:16.020 TRACE org.hibernate.orm.jdbc.bind - binding parameter (1:VARCHAR) <- [UPDATE]
2026-02-02 20:48:16.020 TRACE org.hibernate.orm.jdbc.bind - binding parameter (2:BIGINT) <- [1]
2026-02-02 20:48:16.020 TRACE org.hibernate.orm.jdbc.bind - binding parameter (3:VARCHAR) <- [{"reservationId":1,"reservationNo":"RSV-20260202-003","patientId":2,"patientName":"Test Patient","departmentId":1,"departmentName":"Internal Medicine","doctorId":1,"doctorName":"Dr. Kim","reservedAt":"2026-02-02T21:00:00","status":"COMPLETED","note":"updated via api","isActive":true,"inactiveAt":null,"inactiveReasonCode":null,"inactiveReasonText":null,"canceledAt":null,"cancelReasonCode":null,"cancelReasonText":null,"createdBy":null,"updatedBy":1,"createdAt":"2026-02-02T20:48:15.651244","updatedAt":"2026-02-02T20:48:15.651244"}]
2026-02-02 20:48:16.020 TRACE org.hibernate.orm.jdbc.bind - binding parameter (4:VARCHAR) <- [{"reservationId":1,"reservationNo":"RSV-20260202-003","patientId":2,"patientName":"Test Patient","departmentId":1,"departmentName":"Internal Medicine","doctorId":1,"doctorName":"Dr. Kim","reservedAt":"2026-02-02T21:00:00","status":"RESERVED","note":"created via api","isActive":true,"inactiveAt":null,"inactiveReasonCode":null,"inactiveReasonText":null,"canceledAt":null,"cancelReasonCode":null,"cancelReasonText":null,"createdBy":null,"updatedBy":null,"createdAt":"2026-02-02T20:48:15.651244","updatedAt":"2026-02-02T20:48:15.651244"}]
2026-02-02 20:48:16.020 TRACE org.hibernate.orm.jdbc.bind - binding parameter (5:VARCHAR) <- [null]
2026-02-02 20:48:16.020 TRACE org.hibernate.orm.jdbc.bind - binding parameter (6:BIGINT) <- [1]
2026-02-02 20:48:16.020 TRACE org.hibernate.orm.jdbc.bind - binding parameter (7:VARCHAR) <- [RESERVATION]
2026-02-02 20:48:16.020 TRACE org.hibernate.orm.jdbc.bind - binding parameter (8:TIMESTAMP) <- [2026-02-02T20:48:16.020504]
2026-02-02 20:48:16.020 TRACE org.hibernate.orm.jdbc.bind - binding parameter (9:VARCHAR) <- [null]
2026-02-02 20:48:16.020 TRACE org.hibernate.orm.jdbc.bind - binding parameter (10:VARCHAR) <- [null]
2026-02-02 20:48:16.020 TRACE org.hibernate.orm.jdbc.bind - binding parameter (11:BIGINT) <- [2]
2026-02-02 20:48:16.040 DEBUG org.hibernate.SQL - update reservation set cancel_reason_code=?,cancel_reason_text=?,canceled_at=?,created_by=?,department_id=?,department_name=?,doctor_id=?,doctor_name=?,inactive_at=?,inactive_reason_code=?,inactive_reason_text=?,is_active=?,note=?,patient_id=?,patient_name=?,reservation_no=?,reserved_at=?,status=?,updated_at=?,updated_by=? where reservation_id=?
2026-02-02 20:48:16.041 TRACE org.hibernate.orm.jdbc.bind - binding parameter (1:VARCHAR) <- [null]
2026-02-02 20:48:16.041 TRACE org.hibernate.orm.jdbc.bind - binding parameter (2:VARCHAR) <- [null]
2026-02-02 20:48:16.041 TRACE org.hibernate.orm.jdbc.bind - binding parameter (3:TIMESTAMP) <- [null]
2026-02-02 20:48:16.041 TRACE org.hibernate.orm.jdbc.bind - binding parameter (4:BIGINT) <- [null]
2026-02-02 20:48:16.041 TRACE org.hibernate.orm.jdbc.bind - binding parameter (5:BIGINT) <- [1]
2026-02-02 20:48:16.041 TRACE org.hibernate.orm.jdbc.bind - binding parameter (6:VARCHAR) <- [Internal Medicine]
2026-02-02 20:48:16.041 TRACE org.hibernate.orm.jdbc.bind - binding parameter (7:BIGINT) <- [1]
2026-02-02 20:48:16.041 TRACE org.hibernate.orm.jdbc.bind - binding parameter (8:VARCHAR) <- [Dr. Kim]
2026-02-02 20:48:16.041 TRACE org.hibernate.orm.jdbc.bind - binding parameter (9:TIMESTAMP) <- [null]
2026-02-02 20:48:16.041 TRACE org.hibernate.orm.jdbc.bind - binding parameter (10:VARCHAR) <- [null]
2026-02-02 20:48:16.041 TRACE org.hibernate.orm.jdbc.bind - binding parameter (11:VARCHAR) <- [null]
2026-02-02 20:48:16.041 TRACE org.hibernate.orm.jdbc.bind - binding parameter (12:BOOLEAN) <- [true]
2026-02-02 20:48:16.041 TRACE org.hibernate.orm.jdbc.bind - binding parameter (13:VARCHAR) <- [updated via api]
2026-02-02 20:48:16.041 TRACE org.hibernate.orm.jdbc.bind - binding parameter (14:BIGINT) <- [2]
2026-02-02 20:48:16.041 TRACE org.hibernate.orm.jdbc.bind - binding parameter (15:VARCHAR) <- [Test Patient]
2026-02-02 20:48:16.041 TRACE org.hibernate.orm.jdbc.bind - binding parameter (16:VARCHAR) <- [RSV-20260202-003]
2026-02-02 20:48:16.042 TRACE org.hibernate.orm.jdbc.bind - binding parameter (17:TIMESTAMP) <- [2026-02-02T21:00]
2026-02-02 20:48:16.042 TRACE org.hibernate.orm.jdbc.bind - binding parameter (18:VARCHAR) <- [COMPLETED]
2026-02-02 20:48:16.042 TRACE org.hibernate.orm.jdbc.bind - binding parameter (19:TIMESTAMP) <- [2026-02-02T20:48:16.038214]
2026-02-02 20:48:16.042 TRACE org.hibernate.orm.jdbc.bind - binding parameter (20:BIGINT) <- [1]
2026-02-02 20:48:16.042 TRACE org.hibernate.orm.jdbc.bind - binding parameter (21:BIGINT) <- [1]
2026-02-02 20:48:16.080 INFO  k.co.seoulit.common.aop.LoggerAspect - Controller  : kr.co.seoulit.reception.controller.ReservationController.updateReservation()Á¾·á
2026-02-02 20:48:16.084 INFO  k.co.seoulit.common.aop.LoggerAspect - Controller  : kr.co.seoulit.reception.controller.PatientController.getPatients()½ÃÀÛ
2026-02-02 20:48:16.086 DEBUG org.hibernate.SQL - select pe1_0.patient_id,pe1_0.patient_name from patient pe1_0
2026-02-02 20:48:16.096 INFO  k.co.seoulit.common.aop.LoggerAspect - Controller  : kr.co.seoulit.reception.controller.PatientController.getPatients()Á¾·á
2026-02-02 20:48:16.125 INFO  k.co.seoulit.common.aop.LoggerAspect - Controller  : kr.co.seoulit.reception.controller.ReceptionController.createReception()½ÃÀÛ
2026-02-02 20:48:16.125 INFO  k.c.s.r.c.ReceptionController - Reception create request: receptionNo=RCPT-20260202-003
2026-02-02 20:48:16.125 INFO  k.co.seoulit.common.aop.LoggerAspect - ServiceImpl  : kr.co.seoulit.reception.service.ReceptionServiceImpl.createReception()½ÃÀÛ
2026-02-02 20:48:16.127 DEBUG org.hibernate.SQL - select * from (select re1_0.reception_id c0,rownum rn from reception re1_0 where re1_0.reception_no=?) r_0_ where r_0_.rn<=? order by r_0_.rn
2026-02-02 20:48:16.127 TRACE org.hibernate.orm.jdbc.bind - binding parameter (1:VARCHAR) <- [RCPT-20260202-003]
2026-02-02 20:48:16.127 TRACE org.hibernate.orm.jdbc.bind - binding parameter (2:INTEGER) <- [1]
2026-02-02 20:48:16.132 INFO  k.co.seoulit.common.aop.LoggerAspect - kr.co.seoulit.reception.mapstruct.ReceptionReqMapStructImpl.toEntity()½ÃÀÛ
2026-02-02 20:48:16.133 INFO  k.co.seoulit.common.aop.LoggerAspect - kr.co.seoulit.reception.mapstruct.ReceptionReqMapStructImpl.toEntity()Á¾·á
2026-02-02 20:48:16.133 DEBUG org.hibernate.SQL - select pe1_0.patient_id,pe1_0.patient_name from patient pe1_0 where pe1_0.patient_id=?
2026-02-02 20:48:16.133 TRACE org.hibernate.orm.jdbc.bind - binding parameter (1:BIGINT) <- [2]
2026-02-02 20:48:16.141 DEBUG org.hibernate.SQL - select de1_0.department_id,de1_0.department_name from department de1_0 where de1_0.department_id=?
2026-02-02 20:48:16.141 TRACE org.hibernate.orm.jdbc.bind - binding parameter (1:BIGINT) <- [1]
2026-02-02 20:48:16.148 DEBUG org.hibernate.SQL - select de1_0.doctor_id,de1_0.department_id,de1_0.doctor_name from doctor de1_0 where de1_0.doctor_id=?
2026-02-02 20:48:16.148 TRACE org.hibernate.orm.jdbc.bind - binding parameter (1:BIGINT) <- [1]
2026-02-02 20:48:16.154 DEBUG org.hibernate.SQL - select seq_reception.nextval from dual
2026-02-02 20:48:16.162 INFO  k.co.seoulit.common.aop.LoggerAspect - kr.co.seoulit.reception.mapstruct.ReceptionResMapStructImpl.toDto()½ÃÀÛ
2026-02-02 20:48:16.162 INFO  k.co.seoulit.common.aop.LoggerAspect - kr.co.seoulit.reception.mapstruct.ReceptionResMapStructImpl.toDto()Á¾·á
2026-02-02 20:48:16.165 DEBUG org.hibernate.SQL - select seq_audit_log.nextval from dual
2026-02-02 20:48:16.171 INFO  k.co.seoulit.common.aop.LoggerAspect - ServiceImpl  : kr.co.seoulit.reception.service.ReceptionServiceImpl.createReception()Á¾·á
2026-02-02 20:48:16.172 DEBUG org.hibernate.SQL - insert into reception (arrived_at,cancel_reason_code,cancel_reason_text,created_at,created_by,department_id,department_name,doctor_id,doctor_name,hold_reason_code,hold_reason_text,inactive_at,inactive_reason_code,inactive_reason_text,is_active,note,patient_id,patient_name,reception_no,reservation_id,scheduled_at,status,updated_at,updated_by,visit_type,reception_id) values (?,?,?,?,?,?,?,?,?,?,?,?,?,?,?,?,?,?,?,?,?,?,?,?,?,?)
2026-02-02 20:48:16.172 TRACE org.hibernate.orm.jdbc.bind - binding parameter (1:TIMESTAMP) <- [null]
2026-02-02 20:48:16.172 TRACE org.hibernate.orm.jdbc.bind - binding parameter (2:VARCHAR) <- [null]
2026-02-02 20:48:16.172 TRACE org.hibernate.orm.jdbc.bind - binding parameter (3:VARCHAR) <- [null]
2026-02-02 20:48:16.172 TRACE org.hibernate.orm.jdbc.bind - binding parameter (4:TIMESTAMP) <- [2026-02-02T20:48:16.172429]
2026-02-02 20:48:16.172 TRACE org.hibernate.orm.jdbc.bind - binding parameter (5:BIGINT) <- [null]
2026-02-02 20:48:16.172 TRACE org.hibernate.orm.jdbc.bind - binding parameter (6:BIGINT) <- [1]
2026-02-02 20:48:16.172 TRACE org.hibernate.orm.jdbc.bind - binding parameter (7:VARCHAR) <- [Internal Medicine]
2026-02-02 20:48:16.172 TRACE org.hibernate.orm.jdbc.bind - binding parameter (8:BIGINT) <- [1]
2026-02-02 20:48:16.172 TRACE org.hibernate.orm.jdbc.bind - binding parameter (9:VARCHAR) <- [Dr. Kim]
2026-02-02 20:48:16.172 TRACE org.hibernate.orm.jdbc.bind - binding parameter (10:VARCHAR) <- [null]
2026-02-02 20:48:16.172 TRACE org.hibernate.orm.jdbc.bind - binding parameter (11:VARCHAR) <- [null]
2026-02-02 20:48:16.172 TRACE org.hibernate.orm.jdbc.bind - binding parameter (12:TIMESTAMP) <- [null]
2026-02-02 20:48:16.172 TRACE org.hibernate.orm.jdbc.bind - binding parameter (13:VARCHAR) <- [null]
2026-02-02 20:48:16.172 TRACE org.hibernate.orm.jdbc.bind - binding parameter (14:VARCHAR) <- [null]
2026-02-02 20:48:16.172 TRACE org.hibernate.orm.jdbc.bind - binding parameter (15:BOOLEAN) <- [true]
2026-02-02 20:48:16.172 TRACE org.hibernate.orm.jdbc.bind - binding parameter (16:VARCHAR) <- [reception created]
2026-02-02 20:48:16.173 TRACE org.hibernate.orm.jdbc.bind - binding parameter (17:BIGINT) <- [2]
2026-02-02 20:48:16.173 TRACE org.hibernate.orm.jdbc.bind - binding parameter (18:VARCHAR) <- [Test Patient]
2026-02-02 20:48:16.173 TRACE org.hibernate.orm.jdbc.bind - binding parameter (19:VARCHAR) <- [RCPT-20260202-003]
2026-02-02 20:48:16.173 TRACE org.hibernate.orm.jdbc.bind - binding parameter (20:BIGINT) <- [null]
2026-02-02 20:48:16.173 TRACE org.hibernate.orm.jdbc.bind - binding parameter (21:TIMESTAMP) <- [2026-02-02T21:00]
2026-02-02 20:48:16.173 TRACE org.hibernate.orm.jdbc.bind - binding parameter (22:VARCHAR) <- [WAITING]
2026-02-02 20:48:16.173 TRACE org.hibernate.orm.jdbc.bind - binding parameter (23:TIMESTAMP) <- [2026-02-02T20:48:16.172429]
2026-02-02 20:48:16.173 TRACE org.hibernate.orm.jdbc.bind - binding parameter (24:BIGINT) <- [null]
2026-02-02 20:48:16.173 TRACE org.hibernate.orm.jdbc.bind - binding parameter (25:VARCHAR) <- [OUTPATIENT]
2026-02-02 20:48:16.173 TRACE org.hibernate.orm.jdbc.bind - binding parameter (26:BIGINT) <- [1]
2026-02-02 20:48:16.206 DEBUG org.hibernate.SQL - insert into audit_log (action,actor_id,after_json,before_json,diff_json,entity_id,entity_type,occurred_at,reason_code,reason_text,audit_log_id) values (?,?,?,?,?,?,?,?,?,?,?)
2026-02-02 20:48:16.207 TRACE org.hibernate.orm.jdbc.bind - binding parameter (1:VARCHAR) <- [CREATE]
2026-02-02 20:48:16.207 TRACE org.hibernate.orm.jdbc.bind - binding parameter (2:BIGINT) <- [null]
2026-02-02 20:48:16.207 TRACE org.hibernate.orm.jdbc.bind - binding parameter (3:VARCHAR) <- [{"receptionId":1,"receptionNo":"RCPT-20260202-003","patientId":2,"patientName":"Test Patient","visitType":"OUTPATIENT","departmentId":1,"departmentName":"Internal Medicine","doctorId":1,"doctorName":"Dr. Kim","reservationId":null,"scheduledAt":"2026-02-02T21:00:00","arrivedAt":null,"status":"WAITING","note":"reception created","isActive":true,"inactiveAt":null,"inactiveReasonCode":null,"inactiveReasonText":null,"cancelReasonCode":null,"cancelReasonText":null,"holdReasonCode":null,"holdReasonText":null,"createdBy":null,"updatedBy":null,"createdAt":null,"updatedAt":null}]
2026-02-02 20:48:16.207 TRACE org.hibernate.orm.jdbc.bind - binding parameter (4:VARCHAR) <- [null]
2026-02-02 20:48:16.207 TRACE org.hibernate.orm.jdbc.bind - binding parameter (5:VARCHAR) <- [null]
2026-02-02 20:48:16.207 TRACE org.hibernate.orm.jdbc.bind - binding parameter (6:BIGINT) <- [1]
2026-02-02 20:48:16.207 TRACE org.hibernate.orm.jdbc.bind - binding parameter (7:VARCHAR) <- [RECEPTION]
2026-02-02 20:48:16.207 TRACE org.hibernate.orm.jdbc.bind - binding parameter (8:TIMESTAMP) <- [2026-02-02T20:48:16.206874]
2026-02-02 20:48:16.207 TRACE org.hibernate.orm.jdbc.bind - binding parameter (9:VARCHAR) <- [null]
2026-02-02 20:48:16.207 TRACE org.hibernate.orm.jdbc.bind - binding parameter (10:VARCHAR) <- [null]
2026-02-02 20:48:16.207 TRACE org.hibernate.orm.jdbc.bind - binding parameter (11:BIGINT) <- [3]
2026-02-02 20:48:16.218 INFO  k.co.seoulit.common.aop.LoggerAspect - Controller  : kr.co.seoulit.reception.controller.ReceptionController.createReception()Á¾·á
2026-02-02 20:48:16.222 INFO  k.co.seoulit.common.aop.LoggerAspect - Controller  : kr.co.seoulit.reception.controller.ReceptionController.getReceptions()½ÃÀÛ
2026-02-02 20:48:16.223 INFO  k.c.s.r.c.ReceptionController - Reception list request: searchType=null, searchValue=null
2026-02-02 20:48:16.223 INFO  k.co.seoulit.common.aop.LoggerAspect - ServiceImpl  : kr.co.seoulit.reception.service.ReceptionServiceImpl.getReceptionList()½ÃÀÛ
2026-02-02 20:48:16.231 INFO  k.co.seoulit.common.aop.LoggerAspect - ServiceImpl  : kr.co.seoulit.reception.service.ReceptionServiceImpl.getReceptionList()Á¾·á
2026-02-02 20:48:16.235 INFO  k.co.seoulit.common.aop.LoggerAspect - Controller  : kr.co.seoulit.reception.controller.ReceptionController.getReceptions()Á¾·á
2026-02-02 20:48:16.259 INFO  k.co.seoulit.common.aop.LoggerAspect - Controller  : kr.co.seoulit.reception.controller.ReceptionController.getReception()½ÃÀÛ
2026-02-02 20:48:16.260 INFO  k.c.s.r.c.ReceptionController - Reception get request: id=1
2026-02-02 20:48:16.260 INFO  k.co.seoulit.common.aop.LoggerAspect - ServiceImpl  : kr.co.seoulit.reception.service.ReceptionServiceImpl.getReception()½ÃÀÛ
2026-02-02 20:48:16.261 DEBUG org.hibernate.SQL - select re1_0.reception_id,re1_0.arrived_at,re1_0.cancel_reason_code,re1_0.cancel_reason_text,re1_0.created_at,re1_0.created_by,re1_0.department_id,re1_0.department_name,re1_0.doctor_id,re1_0.doctor_name,re1_0.hold_reason_code,re1_0.hold_reason_text,re1_0.inactive_at,re1_0.inactive_reason_code,re1_0.inactive_reason_text,re1_0.is_active,re1_0.note,re1_0.patient_id,re1_0.patient_name,re1_0.reception_no,re1_0.reservation_id,re1_0.scheduled_at,re1_0.status,re1_0.updated_at,re1_0.updated_by,re1_0.visit_type from reception re1_0 where re1_0.reception_id=?
2026-02-02 20:48:16.262 TRACE org.hibernate.orm.jdbc.bind - binding parameter (1:BIGINT) <- [1]
2026-02-02 20:48:16.281 INFO  k.co.seoulit.common.aop.LoggerAspect - kr.co.seoulit.reception.mapstruct.ReceptionResMapStructImpl.toDto()½ÃÀÛ
2026-02-02 20:48:16.281 INFO  k.co.seoulit.common.aop.LoggerAspect - kr.co.seoulit.reception.mapstruct.ReceptionResMapStructImpl.toDto()Á¾·á
2026-02-02 20:48:16.281 INFO  k.co.seoulit.common.aop.LoggerAspect - ServiceImpl  : kr.co.seoulit.reception.service.ReceptionServiceImpl.getReception()Á¾·á
2026-02-02 20:48:16.287 INFO  k.co.seoulit.common.aop.LoggerAspect - Controller  : kr.co.seoulit.reception.controller.ReceptionController.getReception()Á¾·á
2026-02-02 20:48:16.291 INFO  k.co.seoulit.common.aop.LoggerAspect - Controller  : kr.co.seoulit.reception.controller.ReceptionController.updateReception()½ÃÀÛ
2026-02-02 20:48:16.291 INFO  k.c.s.r.c.ReceptionController - Reception update request: id=1
2026-02-02 20:48:16.292 INFO  k.co.seoulit.common.aop.LoggerAspect - ServiceImpl  : kr.co.seoulit.reception.service.ReceptionServiceImpl.updateReception()½ÃÀÛ
2026-02-02 20:48:16.292 DEBUG org.hibernate.SQL - select re1_0.reception_id,re1_0.arrived_at,re1_0.cancel_reason_code,re1_0.cancel_reason_text,re1_0.created_at,re1_0.created_by,re1_0.department_id,re1_0.department_name,re1_0.doctor_id,re1_0.doctor_name,re1_0.hold_reason_code,re1_0.hold_reason_text,re1_0.inactive_at,re1_0.inactive_reason_code,re1_0.inactive_reason_text,re1_0.is_active,re1_0.note,re1_0.patient_id,re1_0.patient_name,re1_0.reception_no,re1_0.reservation_id,re1_0.scheduled_at,re1_0.status,re1_0.updated_at,re1_0.updated_by,re1_0.visit_type from reception re1_0 where re1_0.reception_id=?
2026-02-02 20:48:16.293 TRACE org.hibernate.orm.jdbc.bind - binding parameter (1:BIGINT) <- [1]
2026-02-02 20:48:16.299 INFO  k.co.seoulit.common.aop.LoggerAspect - kr.co.seoulit.reception.mapstruct.ReceptionResMapStructImpl.toDto()½ÃÀÛ
2026-02-02 20:48:16.299 INFO  k.co.seoulit.common.aop.LoggerAspect - kr.co.seoulit.reception.mapstruct.ReceptionResMapStructImpl.toDto()Á¾·á
2026-02-02 20:48:16.300 INFO  k.co.seoulit.common.aop.LoggerAspect - kr.co.seoulit.reception.mapstruct.ReceptionResMapStructImpl.toDto()½ÃÀÛ
2026-02-02 20:48:16.300 INFO  k.co.seoulit.common.aop.LoggerAspect - kr.co.seoulit.reception.mapstruct.ReceptionResMapStructImpl.toDto()Á¾·á
2026-02-02 20:48:16.300 DEBUG org.hibernate.SQL - select seq_audit_log.nextval from dual
2026-02-02 20:48:16.307 INFO  k.co.seoulit.common.aop.LoggerAspect - ServiceImpl  : kr.co.seoulit.reception.service.ReceptionServiceImpl.updateReception()Á¾·á
2026-02-02 20:48:16.308 DEBUG org.hibernate.SQL - insert into audit_log (action,actor_id,after_json,before_json,diff_json,entity_id,entity_type,occurred_at,reason_code,reason_text,audit_log_id) values (?,?,?,?,?,?,?,?,?,?,?)
2026-02-02 20:48:16.309 TRACE org.hibernate.orm.jdbc.bind - binding parameter (1:VARCHAR) <- [UPDATE]
2026-02-02 20:48:16.309 TRACE org.hibernate.orm.jdbc.bind - binding parameter (2:BIGINT) <- [1]
2026-02-02 20:48:16.309 TRACE org.hibernate.orm.jdbc.bind - binding parameter (3:VARCHAR) <- [{"receptionId":1,"receptionNo":"RCPT-20260202-003","patientId":2,"patientName":"Test Patient","visitType":"OUTPATIENT","departmentId":1,"departmentName":"Internal Medicine","doctorId":1,"doctorName":"Dr. Kim","reservationId":null,"scheduledAt":"2026-02-02T21:00:00","arrivedAt":null,"status":"IN_PROGRESS","note":"reception updated","isActive":true,"inactiveAt":null,"inactiveReasonCode":null,"inactiveReasonText":null,"cancelReasonCode":null,"cancelReasonText":null,"holdReasonCode":null,"holdReasonText":null,"createdBy":null,"updatedBy":1,"createdAt":"2026-02-02T20:48:16.172429","updatedAt":"2026-02-02T20:48:16.172429"}]
2026-02-02 20:48:16.309 TRACE org.hibernate.orm.jdbc.bind - binding parameter (4:VARCHAR) <- [{"receptionId":1,"receptionNo":"RCPT-20260202-003","patientId":2,"patientName":"Test Patient","visitType":"OUTPATIENT","departmentId":1,"departmentName":"Internal Medicine","doctorId":1,"doctorName":"Dr. Kim","reservationId":null,"scheduledAt":"2026-02-02T21:00:00","arrivedAt":null,"status":"WAITING","note":"reception created","isActive":true,"inactiveAt":null,"inactiveReasonCode":null,"inactiveReasonText":null,"cancelReasonCode":null,"cancelReasonText":null,"holdReasonCode":null,"holdReasonText":null,"createdBy":null,"updatedBy":null,"createdAt":"2026-02-02T20:48:16.172429","updatedAt":"2026-02-02T20:48:16.172429"}]
2026-02-02 20:48:16.309 TRACE org.hibernate.orm.jdbc.bind - binding parameter (5:VARCHAR) <- [null]
2026-02-02 20:48:16.309 TRACE org.hibernate.orm.jdbc.bind - binding parameter (6:BIGINT) <- [1]
2026-02-02 20:48:16.309 TRACE org.hibernate.orm.jdbc.bind - binding parameter (7:VARCHAR) <- [RECEPTION]
2026-02-02 20:48:16.309 TRACE org.hibernate.orm.jdbc.bind - binding parameter (8:TIMESTAMP) <- [2026-02-02T20:48:16.308399]
2026-02-02 20:48:16.309 TRACE org.hibernate.orm.jdbc.bind - binding parameter (9:VARCHAR) <- [null]
2026-02-02 20:48:16.309 TRACE org.hibernate.orm.jdbc.bind - binding parameter (10:VARCHAR) <- [null]
2026-02-02 20:48:16.309 TRACE org.hibernate.orm.jdbc.bind - binding parameter (11:BIGINT) <- [4]
2026-02-02 20:48:16.316 DEBUG org.hibernate.SQL - update reception set arrived_at=?,cancel_reason_code=?,cancel_reason_text=?,created_by=?,department_id=?,department_name=?,doctor_id=?,doctor_name=?,hold_reason_code=?,hold_reason_text=?,inactive_at=?,inactive_reason_code=?,inactive_reason_text=?,is_active=?,note=?,patient_id=?,patient_name=?,reception_no=?,reservation_id=?,scheduled_at=?,status=?,updated_at=?,updated_by=?,visit_type=? where reception_id=?
2026-02-02 20:48:16.316 TRACE org.hibernate.orm.jdbc.bind - binding parameter (1:TIMESTAMP) <- [null]
2026-02-02 20:48:16.316 TRACE org.hibernate.orm.jdbc.bind - binding parameter (2:VARCHAR) <- [null]
2026-02-02 20:48:16.316 TRACE org.hibernate.orm.jdbc.bind - binding parameter (3:VARCHAR) <- [null]
2026-02-02 20:48:16.316 TRACE org.hibernate.orm.jdbc.bind - binding parameter (4:BIGINT) <- [null]
2026-02-02 20:48:16.316 TRACE org.hibernate.orm.jdbc.bind - binding parameter (5:BIGINT) <- [1]
2026-02-02 20:48:16.316 TRACE org.hibernate.orm.jdbc.bind - binding parameter (6:VARCHAR) <- [Internal Medicine]
2026-02-02 20:48:16.316 TRACE org.hibernate.orm.jdbc.bind - binding parameter (7:BIGINT) <- [1]
2026-02-02 20:48:16.317 TRACE org.hibernate.orm.jdbc.bind - binding parameter (8:VARCHAR) <- [Dr. Kim]
2026-02-02 20:48:16.317 TRACE org.hibernate.orm.jdbc.bind - binding parameter (9:VARCHAR) <- [null]
2026-02-02 20:48:16.317 TRACE org.hibernate.orm.jdbc.bind - binding parameter (10:VARCHAR) <- [null]
2026-02-02 20:48:16.317 TRACE org.hibernate.orm.jdbc.bind - binding parameter (11:TIMESTAMP) <- [null]
2026-02-02 20:48:16.317 TRACE org.hibernate.orm.jdbc.bind - binding parameter (12:VARCHAR) <- [null]
2026-02-02 20:48:16.317 TRACE org.hibernate.orm.jdbc.bind - binding parameter (13:VARCHAR) <- [null]
2026-02-02 20:48:16.317 TRACE org.hibernate.orm.jdbc.bind - binding parameter (14:BOOLEAN) <- [true]
2026-02-02 20:48:16.317 TRACE org.hibernate.orm.jdbc.bind - binding parameter (15:VARCHAR) <- [reception updated]
2026-02-02 20:48:16.317 TRACE org.hibernate.orm.jdbc.bind - binding parameter (16:BIGINT) <- [2]
2026-02-02 20:48:16.317 TRACE org.hibernate.orm.jdbc.bind - binding parameter (17:VARCHAR) <- [Test Patient]
2026-02-02 20:48:16.317 TRACE org.hibernate.orm.jdbc.bind - binding parameter (18:VARCHAR) <- [RCPT-20260202-003]
2026-02-02 20:48:16.317 TRACE org.hibernate.orm.jdbc.bind - binding parameter (19:BIGINT) <- [null]
2026-02-02 20:48:16.317 TRACE org.hibernate.orm.jdbc.bind - binding parameter (20:TIMESTAMP) <- [2026-02-02T21:00]
2026-02-02 20:48:16.317 TRACE org.hibernate.orm.jdbc.bind - binding parameter (21:VARCHAR) <- [IN_PROGRESS]
2026-02-02 20:48:16.317 TRACE org.hibernate.orm.jdbc.bind - binding parameter (22:TIMESTAMP) <- [2026-02-02T20:48:16.316396]
2026-02-02 20:48:16.317 TRACE org.hibernate.orm.jdbc.bind - binding parameter (23:BIGINT) <- [1]
2026-02-02 20:48:16.317 TRACE org.hibernate.orm.jdbc.bind - binding parameter (24:VARCHAR) <- [OUTPATIENT]
2026-02-02 20:48:16.317 TRACE org.hibernate.orm.jdbc.bind - binding parameter (25:BIGINT) <- [1]
2026-02-02 20:48:16.333 INFO  k.co.seoulit.common.aop.LoggerAspect - Controller  : kr.co.seoulit.reception.controller.ReceptionController.updateReception()Á¾·á
2026-02-02 20:49:18.027 INFO  k.co.seoulit.common.aop.LoggerAspect - Controller  : kr.co.seoulit.reception.controller.PatientController.getPatients()½ÃÀÛ
2026-02-02 20:49:18.064 DEBUG org.hibernate.SQL - select pe1_0.patient_id,pe1_0.patient_name from patient pe1_0
2026-02-02 20:49:18.638 INFO  k.co.seoulit.common.aop.LoggerAspect - Controller  : kr.co.seoulit.reception.controller.PatientController.getPatients()Á¾·á
2026-02-02 20:49:39.671 INFO  k.co.seoulit.common.aop.LoggerAspect - Controller  : kr.co.seoulit.reception.controller.MenuController.getMenus()½ÃÀÛ
2026-02-02 20:49:39.671 INFO  k.co.seoulit.common.aop.LoggerAspect - Controller  : kr.co.seoulit.reception.controller.MenuController.getMenus()Á¾·á
2026-02-02 20:49:43.166 INFO  k.co.seoulit.common.aop.LoggerAspect - Controller  : kr.co.seoulit.reception.controller.MenuController.getMenus()½ÃÀÛ
2026-02-02 20:49:43.167 INFO  k.co.seoulit.common.aop.LoggerAspect - Controller  : kr.co.seoulit.reception.controller.MenuController.getMenus()Á¾·á
2026-02-02 20:49:43.169 INFO  k.co.seoulit.common.aop.LoggerAspect - Controller  : kr.co.seoulit.reception.controller.PatientController.getPatients()½ÃÀÛ
2026-02-02 20:49:43.169 INFO  k.co.seoulit.common.aop.LoggerAspect - Controller  : kr.co.seoulit.reception.controller.DepartmentController.getDepartments()½ÃÀÛ
2026-02-02 20:49:43.173 INFO  k.co.seoulit.common.aop.LoggerAspect - Controller  : kr.co.seoulit.reception.controller.DoctorController.getDoctors()½ÃÀÛ
2026-02-02 20:49:43.174 INFO  k.co.seoulit.common.aop.LoggerAspect - Controller  : kr.co.seoulit.reception.controller.MenuController.getMenus()½ÃÀÛ
2026-02-02 20:49:43.174 INFO  k.co.seoulit.common.aop.LoggerAspect - Controller  : kr.co.seoulit.reception.controller.MenuController.getMenus()Á¾·á
2026-02-02 20:49:43.194 DEBUG org.hibernate.SQL - select de1_0.department_id,de1_0.department_name from department de1_0
2026-02-02 20:49:43.201 DEBUG org.hibernate.SQL - select de1_0.doctor_id,de1_0.department_id,de1_0.doctor_name from doctor de1_0
2026-02-02 20:49:43.202 DEBUG org.hibernate.SQL - select pe1_0.patient_id,pe1_0.patient_name from patient pe1_0
2026-02-02 20:49:43.269 INFO  k.co.seoulit.common.aop.LoggerAspect - Controller  : kr.co.seoulit.reception.controller.PatientController.getPatients()Á¾·á
2026-02-02 20:49:43.269 INFO  k.co.seoulit.common.aop.LoggerAspect - Controller  : kr.co.seoulit.reception.controller.DoctorController.getDoctors()Á¾·á
2026-02-02 20:49:43.273 INFO  k.co.seoulit.common.aop.LoggerAspect - Controller  : kr.co.seoulit.reception.controller.PatientController.getPatients()½ÃÀÛ
2026-02-02 20:49:43.274 DEBUG org.hibernate.SQL - select pe1_0.patient_id,pe1_0.patient_name from patient pe1_0
2026-02-02 20:49:43.274 INFO  k.co.seoulit.common.aop.LoggerAspect - Controller  : kr.co.seoulit.reception.controller.DoctorController.getDoctors()½ÃÀÛ
2026-02-02 20:49:43.276 DEBUG org.hibernate.SQL - select de1_0.doctor_id,de1_0.department_id,de1_0.doctor_name from doctor de1_0
2026-02-02 20:49:43.280 INFO  k.co.seoulit.common.aop.LoggerAspect - Controller  : kr.co.seoulit.reception.controller.DepartmentController.getDepartments()Á¾·á
2026-02-02 20:49:43.289 INFO  k.co.seoulit.common.aop.LoggerAspect - Controller  : kr.co.seoulit.reception.controller.DepartmentController.getDepartments()½ÃÀÛ
2026-02-02 20:49:43.289 DEBUG org.hibernate.SQL - select de1_0.department_id,de1_0.department_name from department de1_0
2026-02-02 20:49:43.289 INFO  k.co.seoulit.common.aop.LoggerAspect - Controller  : kr.co.seoulit.reception.controller.PatientController.getPatients()Á¾·á
2026-02-02 20:49:43.297 INFO  k.co.seoulit.common.aop.LoggerAspect - Controller  : kr.co.seoulit.reception.controller.DoctorController.getDoctors()Á¾·á
2026-02-02 20:49:43.332 INFO  k.co.seoulit.common.aop.LoggerAspect - Controller  : kr.co.seoulit.reception.controller.DepartmentController.getDepartments()Á¾·á
2026-02-02 20:50:17.624 INFO  k.co.seoulit.common.aop.LoggerAspect - Controller  : kr.co.seoulit.reception.controller.ReservationController.createReservation()½ÃÀÛ
2026-02-02 20:50:17.624 INFO  k.c.s.r.c.ReservationController - Reservation create request: reservationNo=20260202-001
2026-02-02 20:50:17.669 INFO  k.co.seoulit.common.aop.LoggerAspect - ServiceImpl  : kr.co.seoulit.reception.service.ReservationServiceImpl.createReservation()½ÃÀÛ
2026-02-02 20:50:17.670 DEBUG org.hibernate.SQL - select * from (select re1_0.reservation_id c0,rownum rn from reservation re1_0 where re1_0.reservation_no=?) r_0_ where r_0_.rn<=? order by r_0_.rn
2026-02-02 20:50:17.670 TRACE org.hibernate.orm.jdbc.bind - binding parameter (1:VARCHAR) <- [20260202-001]
2026-02-02 20:50:17.670 TRACE org.hibernate.orm.jdbc.bind - binding parameter (2:INTEGER) <- [1]
2026-02-02 20:50:17.694 INFO  k.co.seoulit.common.aop.LoggerAspect - kr.co.seoulit.reception.mapstruct.ReservationReqMapStructImpl.toEntity()½ÃÀÛ
2026-02-02 20:50:17.694 INFO  k.co.seoulit.common.aop.LoggerAspect - kr.co.seoulit.reception.mapstruct.ReservationReqMapStructImpl.toEntity()Á¾·á
2026-02-02 20:50:17.695 DEBUG org.hibernate.SQL - select pe1_0.patient_id,pe1_0.patient_name from patient pe1_0 where pe1_0.patient_name=?
2026-02-02 20:50:17.695 TRACE org.hibernate.orm.jdbc.bind - binding parameter (1:VARCHAR) <- [±èÀÚ¹Ù]
2026-02-02 20:50:17.722 DEBUG org.hibernate.SQL - select seq_patient.nextval from dual
2026-02-02 20:50:17.774 DEBUG org.hibernate.SQL - select seq_reservation.nextval from dual
2026-02-02 20:50:17.791 INFO  k.co.seoulit.common.aop.LoggerAspect - kr.co.seoulit.reception.mapstruct.ReservationResMapStructImpl.toDto()½ÃÀÛ
2026-02-02 20:50:17.791 INFO  k.co.seoulit.common.aop.LoggerAspect - kr.co.seoulit.reception.mapstruct.ReservationResMapStructImpl.toDto()Á¾·á
2026-02-02 20:50:17.791 DEBUG org.hibernate.SQL - select seq_audit_log.nextval from dual
2026-02-02 20:50:17.798 INFO  k.co.seoulit.common.aop.LoggerAspect - ServiceImpl  : kr.co.seoulit.reception.service.ReservationServiceImpl.createReservation()Á¾·á
2026-02-02 20:50:17.798 DEBUG org.hibernate.SQL - insert into patient (patient_name,patient_id) values (?,?)
2026-02-02 20:50:17.798 TRACE org.hibernate.orm.jdbc.bind - binding parameter (1:VARCHAR) <- [±èÀÚ¹Ù]
2026-02-02 20:50:17.798 TRACE org.hibernate.orm.jdbc.bind - binding parameter (2:BIGINT) <- [3]
2026-02-02 20:50:17.827 DEBUG org.hibernate.SQL - insert into reservation (cancel_reason_code,cancel_reason_text,canceled_at,created_at,created_by,department_id,department_name,doctor_id,doctor_name,inactive_at,inactive_reason_code,inactive_reason_text,is_active,note,patient_id,patient_name,reservation_no,reserved_at,status,updated_at,updated_by,reservation_id) values (?,?,?,?,?,?,?,?,?,?,?,?,?,?,?,?,?,?,?,?,?,?)
2026-02-02 20:50:17.827 TRACE org.hibernate.orm.jdbc.bind - binding parameter (1:VARCHAR) <- [null]
2026-02-02 20:50:17.827 TRACE org.hibernate.orm.jdbc.bind - binding parameter (2:VARCHAR) <- [null]
2026-02-02 20:50:17.828 TRACE org.hibernate.orm.jdbc.bind - binding parameter (3:TIMESTAMP) <- [null]
2026-02-02 20:50:17.828 TRACE org.hibernate.orm.jdbc.bind - binding parameter (4:TIMESTAMP) <- [2026-02-02T20:50:17.827327]
2026-02-02 20:50:17.828 TRACE org.hibernate.orm.jdbc.bind - binding parameter (5:BIGINT) <- [null]
2026-02-02 20:50:17.828 TRACE org.hibernate.orm.jdbc.bind - binding parameter (6:BIGINT) <- [1]
2026-02-02 20:50:17.828 TRACE org.hibernate.orm.jdbc.bind - binding parameter (7:VARCHAR) <- [Internal Medicine]
2026-02-02 20:50:17.828 TRACE org.hibernate.orm.jdbc.bind - binding parameter (8:BIGINT) <- [null]
2026-02-02 20:50:17.828 TRACE org.hibernate.orm.jdbc.bind - binding parameter (9:VARCHAR) <- [¼ÛÅÂ¹Î]
2026-02-02 20:50:17.828 TRACE org.hibernate.orm.jdbc.bind - binding parameter (10:TIMESTAMP) <- [null]
2026-02-02 20:50:17.828 TRACE org.hibernate.orm.jdbc.bind - binding parameter (11:VARCHAR) <- [null]
2026-02-02 20:50:17.828 TRACE org.hibernate.orm.jdbc.bind - binding parameter (12:VARCHAR) <- [null]
2026-02-02 20:50:17.828 TRACE org.hibernate.orm.jdbc.bind - binding parameter (13:BOOLEAN) <- [true]
2026-02-02 20:50:17.828 TRACE org.hibernate.orm.jdbc.bind - binding parameter (14:VARCHAR) <- [¤·¤·]
2026-02-02 20:50:17.828 TRACE org.hibernate.orm.jdbc.bind - binding parameter (15:BIGINT) <- [3]
2026-02-02 20:50:17.828 TRACE org.hibernate.orm.jdbc.bind - binding parameter (16:VARCHAR) <- [±èÀÚ¹Ù]
2026-02-02 20:50:17.828 TRACE org.hibernate.orm.jdbc.bind - binding parameter (17:VARCHAR) <- [20260202-001]
2026-02-02 20:50:17.828 TRACE org.hibernate.orm.jdbc.bind - binding parameter (18:TIMESTAMP) <- [2026-02-05T09:50]
2026-02-02 20:50:17.828 TRACE org.hibernate.orm.jdbc.bind - binding parameter (19:VARCHAR) <- [RESERVED]
2026-02-02 20:50:17.828 TRACE org.hibernate.orm.jdbc.bind - binding parameter (20:TIMESTAMP) <- [2026-02-02T20:50:17.827327]
2026-02-02 20:50:17.828 TRACE org.hibernate.orm.jdbc.bind - binding parameter (21:BIGINT) <- [null]
2026-02-02 20:50:17.828 TRACE org.hibernate.orm.jdbc.bind - binding parameter (22:BIGINT) <- [2]
2026-02-02 20:50:17.841 DEBUG org.hibernate.SQL - insert into audit_log (action,actor_id,after_json,before_json,diff_json,entity_id,entity_type,occurred_at,reason_code,reason_text,audit_log_id) values (?,?,?,?,?,?,?,?,?,?,?)
2026-02-02 20:50:17.841 TRACE org.hibernate.orm.jdbc.bind - binding parameter (1:VARCHAR) <- [CREATE]
2026-02-02 20:50:17.841 TRACE org.hibernate.orm.jdbc.bind - binding parameter (2:BIGINT) <- [null]
2026-02-02 20:50:17.841 TRACE org.hibernate.orm.jdbc.bind - binding parameter (3:VARCHAR) <- [{"reservationId":2,"reservationNo":"20260202-001","patientId":3,"patientName":"±èÀÚ¹Ù","departmentId":1,"departmentName":"Internal Medicine","doctorId":null,"doctorName":"¼ÛÅÂ¹Î","reservedAt":"2026-02-05T09:50:00","status":"RESERVED","note":"¤·¤·","isActive":true,"inactiveAt":null,"inactiveReasonCode":null,"inactiveReasonText":null,"canceledAt":null,"cancelReasonCode":null,"cancelReasonText":null,"createdBy":null,"updatedBy":null,"createdAt":null,"updatedAt":null}]
2026-02-02 20:50:17.841 TRACE org.hibernate.orm.jdbc.bind - binding parameter (4:VARCHAR) <- [null]
2026-02-02 20:50:17.841 TRACE org.hibernate.orm.jdbc.bind - binding parameter (5:VARCHAR) <- [null]
2026-02-02 20:50:17.841 TRACE org.hibernate.orm.jdbc.bind - binding parameter (6:BIGINT) <- [2]
2026-02-02 20:50:17.841 TRACE org.hibernate.orm.jdbc.bind - binding parameter (7:VARCHAR) <- [RESERVATION]
2026-02-02 20:50:17.841 TRACE org.hibernate.orm.jdbc.bind - binding parameter (8:TIMESTAMP) <- [2026-02-02T20:50:17.841364]
2026-02-02 20:50:17.841 TRACE org.hibernate.orm.jdbc.bind - binding parameter (9:VARCHAR) <- [null]
2026-02-02 20:50:17.841 TRACE org.hibernate.orm.jdbc.bind - binding parameter (10:VARCHAR) <- [null]
2026-02-02 20:50:17.841 TRACE org.hibernate.orm.jdbc.bind - binding parameter (11:BIGINT) <- [5]
2026-02-02 20:50:17.881 INFO  k.co.seoulit.common.aop.LoggerAspect - Controller  : kr.co.seoulit.reception.controller.ReservationController.createReservation()Á¾·á
2026-02-02 20:50:17.901 INFO  k.co.seoulit.common.aop.LoggerAspect - Controller  : kr.co.seoulit.reception.controller.MenuController.getMenus()½ÃÀÛ
2026-02-02 20:50:17.902 INFO  k.co.seoulit.common.aop.LoggerAspect - Controller  : kr.co.seoulit.reception.controller.MenuController.getMenus()Á¾·á
2026-02-02 20:50:17.901 INFO  k.co.seoulit.common.aop.LoggerAspect - Controller  : kr.co.seoulit.reception.controller.ReservationController.getReservations()½ÃÀÛ
2026-02-02 20:50:17.904 INFO  k.c.s.r.c.ReservationController - Reservation list request: searchType=null, searchValue=null
2026-02-02 20:50:17.906 INFO  k.co.seoulit.common.aop.LoggerAspect - ServiceImpl  : kr.co.seoulit.reception.service.ReservationServiceImpl.getReservationList()½ÃÀÛ
2026-02-02 20:50:17.912 INFO  k.co.seoulit.common.aop.LoggerAspect - Controller  : kr.co.seoulit.reception.controller.MenuController.getMenus()½ÃÀÛ
2026-02-02 20:50:17.912 INFO  k.co.seoulit.common.aop.LoggerAspect - Controller  : kr.co.seoulit.reception.controller.MenuController.getMenus()Á¾·á
2026-02-02 20:50:17.920 INFO  k.co.seoulit.common.aop.LoggerAspect - ServiceImpl  : kr.co.seoulit.reception.service.ReservationServiceImpl.getReservationList()Á¾·á
2026-02-02 20:50:17.925 INFO  k.co.seoulit.common.aop.LoggerAspect - Controller  : kr.co.seoulit.reception.controller.ReservationController.getReservations()Á¾·á
2026-02-02 20:50:17.929 INFO  k.co.seoulit.common.aop.LoggerAspect - Controller  : kr.co.seoulit.reception.controller.ReservationController.getReservations()½ÃÀÛ
2026-02-02 20:50:17.929 INFO  k.c.s.r.c.ReservationController - Reservation list request: searchType=null, searchValue=null
2026-02-02 20:50:17.937 INFO  k.co.seoulit.common.aop.LoggerAspect - ServiceImpl  : kr.co.seoulit.reception.service.ReservationServiceImpl.getReservationList()½ÃÀÛ
2026-02-02 20:50:17.947 INFO  k.co.seoulit.common.aop.LoggerAspect - ServiceImpl  : kr.co.seoulit.reception.service.ReservationServiceImpl.getReservationList()Á¾·á
2026-02-02 20:50:17.952 INFO  k.co.seoulit.common.aop.LoggerAspect - Controller  : kr.co.seoulit.reception.controller.ReservationController.getReservations()Á¾·á
2026-02-02 20:50:17.955 INFO  k.co.seoulit.common.aop.LoggerAspect - Controller  : kr.co.seoulit.reception.controller.ReservationController.getReservations()½ÃÀÛ
2026-02-02 20:50:17.956 INFO  k.c.s.r.c.ReservationController - Reservation list request: searchType=null, searchValue=null
2026-02-02 20:50:17.956 INFO  k.co.seoulit.common.aop.LoggerAspect - ServiceImpl  : kr.co.seoulit.reception.service.ReservationServiceImpl.getReservationList()½ÃÀÛ
2026-02-02 20:50:17.965 INFO  k.co.seoulit.common.aop.LoggerAspect - ServiceImpl  : kr.co.seoulit.reception.service.ReservationServiceImpl.getReservationList()Á¾·á
2026-02-02 20:50:17.969 INFO  k.co.seoulit.common.aop.LoggerAspect - Controller  : kr.co.seoulit.reception.controller.ReservationController.getReservations()Á¾·á
2026-02-02 20:50:25.989 INFO  k.co.seoulit.common.aop.LoggerAspect - Controller  : kr.co.seoulit.reception.controller.MenuController.getMenus()½ÃÀÛ
2026-02-02 20:50:25.989 INFO  k.co.seoulit.common.aop.LoggerAspect - Controller  : kr.co.seoulit.reception.controller.MenuController.getMenus()Á¾·á
2026-02-02 20:50:25.989 INFO  k.co.seoulit.common.aop.LoggerAspect - Controller  : kr.co.seoulit.reception.controller.ReservationController.getReservation()½ÃÀÛ
2026-02-02 20:50:25.989 INFO  k.c.s.r.c.ReservationController - Reservation get request: id=2
2026-02-02 20:50:25.998 INFO  k.co.seoulit.common.aop.LoggerAspect - Controller  : kr.co.seoulit.reception.controller.MenuController.getMenus()½ÃÀÛ
2026-02-02 20:50:25.999 INFO  k.co.seoulit.common.aop.LoggerAspect - Controller  : kr.co.seoulit.reception.controller.MenuController.getMenus()Á¾·á
2026-02-02 20:50:26.014 INFO  k.co.seoulit.common.aop.LoggerAspect - ServiceImpl  : kr.co.seoulit.reception.service.ReservationServiceImpl.getReservation()½ÃÀÛ
2026-02-02 20:50:26.015 DEBUG org.hibernate.SQL - select re1_0.reservation_id,re1_0.cancel_reason_code,re1_0.cancel_reason_text,re1_0.canceled_at,re1_0.created_at,re1_0.created_by,re1_0.department_id,re1_0.department_name,re1_0.doctor_id,re1_0.doctor_name,re1_0.inactive_at,re1_0.inactive_reason_code,re1_0.inactive_reason_text,re1_0.is_active,re1_0.note,re1_0.patient_id,re1_0.patient_name,re1_0.reservation_no,re1_0.reserved_at,re1_0.status,re1_0.updated_at,re1_0.updated_by from reservation re1_0 where re1_0.reservation_id=?
2026-02-02 20:50:26.015 TRACE org.hibernate.orm.jdbc.bind - binding parameter (1:BIGINT) <- [2]
2026-02-02 20:50:26.314 INFO  k.co.seoulit.common.aop.LoggerAspect - kr.co.seoulit.reception.mapstruct.ReservationResMapStructImpl.toDto()½ÃÀÛ
2026-02-02 20:50:26.315 INFO  k.co.seoulit.common.aop.LoggerAspect - kr.co.seoulit.reception.mapstruct.ReservationResMapStructImpl.toDto()Á¾·á
2026-02-02 20:50:26.315 INFO  k.co.seoulit.common.aop.LoggerAspect - ServiceImpl  : kr.co.seoulit.reception.service.ReservationServiceImpl.getReservation()Á¾·á
2026-02-02 20:50:26.331 INFO  k.co.seoulit.common.aop.LoggerAspect - Controller  : kr.co.seoulit.reception.controller.ReservationController.getReservation()Á¾·á
2026-02-02 20:50:26.333 INFO  k.co.seoulit.common.aop.LoggerAspect - Controller  : kr.co.seoulit.reception.controller.ReservationController.getReservation()½ÃÀÛ
2026-02-02 20:50:26.333 INFO  k.c.s.r.c.ReservationController - Reservation get request: id=2
2026-02-02 20:50:26.333 INFO  k.co.seoulit.common.aop.LoggerAspect - ServiceImpl  : kr.co.seoulit.reception.service.ReservationServiceImpl.getReservation()½ÃÀÛ
2026-02-02 20:50:26.333 DEBUG org.hibernate.SQL - select re1_0.reservation_id,re1_0.cancel_reason_code,re1_0.cancel_reason_text,re1_0.canceled_at,re1_0.created_at,re1_0.created_by,re1_0.department_id,re1_0.department_name,re1_0.doctor_id,re1_0.doctor_name,re1_0.inactive_at,re1_0.inactive_reason_code,re1_0.inactive_reason_text,re1_0.is_active,re1_0.note,re1_0.patient_id,re1_0.patient_name,re1_0.reservation_no,re1_0.reserved_at,re1_0.status,re1_0.updated_at,re1_0.updated_by from reservation re1_0 where re1_0.reservation_id=?
2026-02-02 20:50:26.333 TRACE org.hibernate.orm.jdbc.bind - binding parameter (1:BIGINT) <- [2]
2026-02-02 20:50:26.333 INFO  k.co.seoulit.common.aop.LoggerAspect - kr.co.seoulit.reception.mapstruct.ReservationResMapStructImpl.toDto()½ÃÀÛ
2026-02-02 20:50:26.333 INFO  k.co.seoulit.common.aop.LoggerAspect - kr.co.seoulit.reception.mapstruct.ReservationResMapStructImpl.toDto()Á¾·á
2026-02-02 20:50:26.333 INFO  k.co.seoulit.common.aop.LoggerAspect - ServiceImpl  : kr.co.seoulit.reception.service.ReservationServiceImpl.getReservation()Á¾·á
2026-02-02 20:50:26.348 INFO  k.co.seoulit.common.aop.LoggerAspect - Controller  : kr.co.seoulit.reception.controller.ReservationController.getReservation()Á¾·á
2026-02-02 20:51:33.527 INFO  k.co.seoulit.common.aop.LoggerAspect - Controller  : kr.co.seoulit.reception.controller.MenuController.getMenus()½ÃÀÛ
2026-02-02 20:51:33.532 INFO  k.co.seoulit.common.aop.LoggerAspect - Controller  : kr.co.seoulit.reception.controller.MenuController.getMenus()Á¾·á
2026-02-02 20:51:33.537 INFO  k.co.seoulit.common.aop.LoggerAspect - Controller  : kr.co.seoulit.reception.controller.MenuController.getMenus()½ÃÀÛ
2026-02-02 20:51:33.537 INFO  k.co.seoulit.common.aop.LoggerAspect - Controller  : kr.co.seoulit.reception.controller.MenuController.getMenus()Á¾·á
2026-02-02 20:51:33.542 INFO  k.co.seoulit.common.aop.LoggerAspect - Controller  : kr.co.seoulit.reception.controller.ReservationController.getReservations()½ÃÀÛ
2026-02-02 20:51:33.542 INFO  k.c.s.r.c.ReservationController - Reservation list request: searchType=status, searchValue=COMPLETED
2026-02-02 20:51:33.571 INFO  k.co.seoulit.common.aop.LoggerAspect - ServiceImpl  : kr.co.seoulit.reception.service.ReservationServiceImpl.getReservationList()½ÃÀÛ
2026-02-02 20:51:33.818 INFO  k.co.seoulit.common.aop.LoggerAspect - ServiceImpl  : kr.co.seoulit.reception.service.ReservationServiceImpl.getReservationList()Á¾·á
2026-02-02 20:51:33.843 INFO  k.co.seoulit.common.aop.LoggerAspect - Controller  : kr.co.seoulit.reception.controller.ReservationController.getReservations()Á¾·á
2026-02-02 20:51:33.850 INFO  k.co.seoulit.common.aop.LoggerAspect - Controller  : kr.co.seoulit.reception.controller.ReservationController.getReservations()½ÃÀÛ
2026-02-02 20:51:33.850 INFO  k.c.s.r.c.ReservationController - Reservation list request: searchType=status, searchValue=COMPLETED
2026-02-02 20:51:33.850 INFO  k.co.seoulit.common.aop.LoggerAspect - ServiceImpl  : kr.co.seoulit.reception.service.ReservationServiceImpl.getReservationList()½ÃÀÛ
2026-02-02 20:51:33.854 INFO  k.co.seoulit.common.aop.LoggerAspect - ServiceImpl  : kr.co.seoulit.reception.service.ReservationServiceImpl.getReservationList()Á¾·á
2026-02-02 20:51:33.867 INFO  k.co.seoulit.common.aop.LoggerAspect - Controller  : kr.co.seoulit.reception.controller.ReservationController.getReservations()Á¾·á
2026-02-02 20:51:34.925 INFO  k.co.seoulit.common.aop.LoggerAspect - Controller  : kr.co.seoulit.reception.controller.MenuController.getMenus()½ÃÀÛ
2026-02-02 20:51:34.925 INFO  k.co.seoulit.common.aop.LoggerAspect - Controller  : kr.co.seoulit.reception.controller.MenuController.getMenus()Á¾·á
2026-02-02 20:51:34.926 INFO  k.co.seoulit.common.aop.LoggerAspect - Controller  : kr.co.seoulit.reception.controller.DepartmentController.getDepartments()½ÃÀÛ
2026-02-02 20:51:34.926 INFO  k.co.seoulit.common.aop.LoggerAspect - Controller  : kr.co.seoulit.reception.controller.PatientController.getPatients()½ÃÀÛ
2026-02-02 20:51:34.928 INFO  k.co.seoulit.common.aop.LoggerAspect - Controller  : kr.co.seoulit.reception.controller.DoctorController.getDoctors()½ÃÀÛ
2026-02-02 20:51:34.929 INFO  k.co.seoulit.common.aop.LoggerAspect - Controller  : kr.co.seoulit.reception.controller.MenuController.getMenus()½ÃÀÛ
2026-02-02 20:51:34.929 INFO  k.co.seoulit.common.aop.LoggerAspect - Controller  : kr.co.seoulit.reception.controller.MenuController.getMenus()Á¾·á
2026-02-02 20:51:34.933 DEBUG org.hibernate.SQL - select pe1_0.patient_id,pe1_0.patient_name from patient pe1_0
2026-02-02 20:51:34.937 DEBUG org.hibernate.SQL - select de1_0.doctor_id,de1_0.department_id,de1_0.doctor_name from doctor de1_0
2026-02-02 20:51:34.937 DEBUG org.hibernate.SQL - select de1_0.department_id,de1_0.department_name from department de1_0
2026-02-02 20:51:34.958 INFO  k.co.seoulit.common.aop.LoggerAspect - Controller  : kr.co.seoulit.reception.controller.PatientController.getPatients()Á¾·á
2026-02-02 20:51:34.960 INFO  k.co.seoulit.common.aop.LoggerAspect - Controller  : kr.co.seoulit.reception.controller.PatientController.getPatients()½ÃÀÛ
2026-02-02 20:51:34.960 DEBUG org.hibernate.SQL - select pe1_0.patient_id,pe1_0.patient_name from patient pe1_0
2026-02-02 20:51:34.968 INFO  k.co.seoulit.common.aop.LoggerAspect - Controller  : kr.co.seoulit.reception.controller.DepartmentController.getDepartments()Á¾·á
2026-02-02 20:51:34.968 INFO  k.co.seoulit.common.aop.LoggerAspect - Controller  : kr.co.seoulit.reception.controller.DoctorController.getDoctors()Á¾·á
2026-02-02 20:51:34.971 INFO  k.co.seoulit.common.aop.LoggerAspect - Controller  : kr.co.seoulit.reception.controller.DepartmentController.getDepartments()½ÃÀÛ
2026-02-02 20:51:34.971 INFO  k.co.seoulit.common.aop.LoggerAspect - Controller  : kr.co.seoulit.reception.controller.DoctorController.getDoctors()½ÃÀÛ
2026-02-02 20:51:34.972 DEBUG org.hibernate.SQL - select de1_0.doctor_id,de1_0.department_id,de1_0.doctor_name from doctor de1_0
2026-02-02 20:51:34.972 DEBUG org.hibernate.SQL - select de1_0.department_id,de1_0.department_name from department de1_0
2026-02-02 20:51:34.976 INFO  k.co.seoulit.common.aop.LoggerAspect - Controller  : kr.co.seoulit.reception.controller.PatientController.getPatients()Á¾·á
2026-02-02 20:51:35.035 INFO  k.co.seoulit.common.aop.LoggerAspect - Controller  : kr.co.seoulit.reception.controller.DepartmentController.getDepartments()Á¾·á
2026-02-02 20:51:35.035 INFO  k.co.seoulit.common.aop.LoggerAspect - Controller  : kr.co.seoulit.reception.controller.DoctorController.getDoctors()Á¾·á
2026-02-02 20:51:35.648 INFO  k.co.seoulit.common.aop.LoggerAspect - Controller  : kr.co.seoulit.reception.controller.MenuController.getMenus()½ÃÀÛ
2026-02-02 20:51:35.648 INFO  k.co.seoulit.common.aop.LoggerAspect - Controller  : kr.co.seoulit.reception.controller.MenuController.getMenus()Á¾·á
2026-02-02 20:51:35.650 INFO  k.co.seoulit.common.aop.LoggerAspect - Controller  : kr.co.seoulit.reception.controller.ReservationController.getReservations()½ÃÀÛ
2026-02-02 20:51:35.650 INFO  k.c.s.r.c.ReservationController - Reservation list request: searchType=null, searchValue=null
2026-02-02 20:51:35.654 INFO  k.co.seoulit.common.aop.LoggerAspect - Controller  : kr.co.seoulit.reception.controller.MenuController.getMenus()½ÃÀÛ
2026-02-02 20:51:35.654 INFO  k.co.seoulit.common.aop.LoggerAspect - Controller  : kr.co.seoulit.reception.controller.MenuController.getMenus()Á¾·á
2026-02-02 20:51:35.660 INFO  k.co.seoulit.common.aop.LoggerAspect - ServiceImpl  : kr.co.seoulit.reception.service.ReservationServiceImpl.getReservationList()½ÃÀÛ
2026-02-02 20:51:35.672 INFO  k.co.seoulit.common.aop.LoggerAspect - ServiceImpl  : kr.co.seoulit.reception.service.ReservationServiceImpl.getReservationList()Á¾·á
2026-02-02 20:51:35.677 INFO  k.co.seoulit.common.aop.LoggerAspect - Controller  : kr.co.seoulit.reception.controller.ReservationController.getReservations()Á¾·á
2026-02-02 20:51:35.680 INFO  k.co.seoulit.common.aop.LoggerAspect - Controller  : kr.co.seoulit.reception.controller.ReservationController.getReservations()½ÃÀÛ
2026-02-02 20:51:35.681 INFO  k.c.s.r.c.ReservationController - Reservation list request: searchType=null, searchValue=null
2026-02-02 20:51:35.681 INFO  k.co.seoulit.common.aop.LoggerAspect - ServiceImpl  : kr.co.seoulit.reception.service.ReservationServiceImpl.getReservationList()½ÃÀÛ
2026-02-02 20:51:35.695 INFO  k.co.seoulit.common.aop.LoggerAspect - ServiceImpl  : kr.co.seoulit.reception.service.ReservationServiceImpl.getReservationList()Á¾·á
2026-02-02 20:51:35.699 INFO  k.co.seoulit.common.aop.LoggerAspect - Controller  : kr.co.seoulit.reception.controller.ReservationController.getReservations()Á¾·á
2026-02-02 20:51:40.024 INFO  k.co.seoulit.common.aop.LoggerAspect - Controller  : kr.co.seoulit.reception.controller.ReservationController.updateReservation()½ÃÀÛ
2026-02-02 20:51:40.024 INFO  k.c.s.r.c.ReservationController - Reservation update request: id=1
2026-02-02 20:51:40.029 INFO  k.co.seoulit.common.aop.LoggerAspect - ServiceImpl  : kr.co.seoulit.reception.service.ReservationServiceImpl.updateReservation()½ÃÀÛ
2026-02-02 20:51:40.030 DEBUG org.hibernate.SQL - select re1_0.reservation_id,re1_0.cancel_reason_code,re1_0.cancel_reason_text,re1_0.canceled_at,re1_0.created_at,re1_0.created_by,re1_0.department_id,re1_0.department_name,re1_0.doctor_id,re1_0.doctor_name,re1_0.inactive_at,re1_0.inactive_reason_code,re1_0.inactive_reason_text,re1_0.is_active,re1_0.note,re1_0.patient_id,re1_0.patient_name,re1_0.reservation_no,re1_0.reserved_at,re1_0.status,re1_0.updated_at,re1_0.updated_by from reservation re1_0 where re1_0.reservation_id=?
2026-02-02 20:51:40.030 TRACE org.hibernate.orm.jdbc.bind - binding parameter (1:BIGINT) <- [1]
2026-02-02 20:51:40.040 INFO  k.co.seoulit.common.aop.LoggerAspect - kr.co.seoulit.reception.mapstruct.ReservationResMapStructImpl.toDto()½ÃÀÛ
2026-02-02 20:51:40.040 INFO  k.co.seoulit.common.aop.LoggerAspect - kr.co.seoulit.reception.mapstruct.ReservationResMapStructImpl.toDto()Á¾·á
2026-02-02 20:51:40.040 INFO  k.co.seoulit.common.aop.LoggerAspect - kr.co.seoulit.reception.mapstruct.ReservationResMapStructImpl.toDto()½ÃÀÛ
2026-02-02 20:51:40.040 INFO  k.co.seoulit.common.aop.LoggerAspect - kr.co.seoulit.reception.mapstruct.ReservationResMapStructImpl.toDto()Á¾·á
2026-02-02 20:51:40.041 DEBUG org.hibernate.SQL - select seq_audit_log.nextval from dual
2026-02-02 20:51:40.091 INFO  k.co.seoulit.common.aop.LoggerAspect - ServiceImpl  : kr.co.seoulit.reception.service.ReservationServiceImpl.updateReservation()Á¾·á
2026-02-02 20:51:40.091 DEBUG org.hibernate.SQL - insert into audit_log (action,actor_id,after_json,before_json,diff_json,entity_id,entity_type,occurred_at,reason_code,reason_text,audit_log_id) values (?,?,?,?,?,?,?,?,?,?,?)
2026-02-02 20:51:40.091 TRACE org.hibernate.orm.jdbc.bind - binding parameter (1:VARCHAR) <- [UPDATE]
2026-02-02 20:51:40.091 TRACE org.hibernate.orm.jdbc.bind - binding parameter (2:BIGINT) <- [null]
2026-02-02 20:51:40.091 TRACE org.hibernate.orm.jdbc.bind - binding parameter (3:VARCHAR) <- [{"reservationId":1,"reservationNo":"RSV-20260202-003","patientId":2,"patientName":"Test Patient","departmentId":1,"departmentName":"Internal Medicine","doctorId":1,"doctorName":"Dr. Kim","reservedAt":"2026-02-02T21:00:00","status":"CANCELED","note":"updated via api","isActive":true,"inactiveAt":null,"inactiveReasonCode":null,"inactiveReasonText":null,"canceledAt":null,"cancelReasonCode":null,"cancelReasonText":null,"createdBy":null,"updatedBy":1,"createdAt":"2026-02-02T20:48:15.651244","updatedAt":"2026-02-02T20:48:15.632"}]
2026-02-02 20:51:40.091 TRACE org.hibernate.orm.jdbc.bind - binding parameter (4:VARCHAR) <- [{"reservationId":1,"reservationNo":"RSV-20260202-003","patientId":2,"patientName":"Test Patient","departmentId":1,"departmentName":"Internal Medicine","doctorId":1,"doctorName":"Dr. Kim","reservedAt":"2026-02-02T21:00:00","status":"COMPLETED","note":"updated via api","isActive":true,"inactiveAt":null,"inactiveReasonCode":null,"inactiveReasonText":null,"canceledAt":null,"cancelReasonCode":null,"cancelReasonText":null,"createdBy":null,"updatedBy":1,"createdAt":"2026-02-02T20:48:15.651244","updatedAt":"2026-02-02T20:48:15.632"}]
2026-02-02 20:51:40.091 TRACE org.hibernate.orm.jdbc.bind - binding parameter (5:VARCHAR) <- [null]
2026-02-02 20:51:40.091 TRACE org.hibernate.orm.jdbc.bind - binding parameter (6:BIGINT) <- [1]
2026-02-02 20:51:40.091 TRACE org.hibernate.orm.jdbc.bind - binding parameter (7:VARCHAR) <- [RESERVATION]
2026-02-02 20:51:40.091 TRACE org.hibernate.orm.jdbc.bind - binding parameter (8:TIMESTAMP) <- [2026-02-02T20:51:40.091088]
2026-02-02 20:51:40.091 TRACE org.hibernate.orm.jdbc.bind - binding parameter (9:VARCHAR) <- [null]
2026-02-02 20:51:40.091 TRACE org.hibernate.orm.jdbc.bind - binding parameter (10:VARCHAR) <- [null]
2026-02-02 20:51:40.091 TRACE org.hibernate.orm.jdbc.bind - binding parameter (11:BIGINT) <- [6]
2026-02-02 20:51:40.143 DEBUG org.hibernate.SQL - update reservation set cancel_reason_code=?,cancel_reason_text=?,canceled_at=?,created_by=?,department_id=?,department_name=?,doctor_id=?,doctor_name=?,inactive_at=?,inactive_reason_code=?,inactive_reason_text=?,is_active=?,note=?,patient_id=?,patient_name=?,reservation_no=?,reserved_at=?,status=?,updated_at=?,updated_by=? where reservation_id=?
2026-02-02 20:51:40.143 TRACE org.hibernate.orm.jdbc.bind - binding parameter (1:VARCHAR) <- [null]
2026-02-02 20:51:40.143 TRACE org.hibernate.orm.jdbc.bind - binding parameter (2:VARCHAR) <- [null]
2026-02-02 20:51:40.143 TRACE org.hibernate.orm.jdbc.bind - binding parameter (3:TIMESTAMP) <- [null]
2026-02-02 20:51:40.143 TRACE org.hibernate.orm.jdbc.bind - binding parameter (4:BIGINT) <- [null]
2026-02-02 20:51:40.143 TRACE org.hibernate.orm.jdbc.bind - binding parameter (5:BIGINT) <- [1]
2026-02-02 20:51:40.143 TRACE org.hibernate.orm.jdbc.bind - binding parameter (6:VARCHAR) <- [Internal Medicine]
2026-02-02 20:51:40.143 TRACE org.hibernate.orm.jdbc.bind - binding parameter (7:BIGINT) <- [1]
2026-02-02 20:51:40.143 TRACE org.hibernate.orm.jdbc.bind - binding parameter (8:VARCHAR) <- [Dr. Kim]
2026-02-02 20:51:40.143 TRACE org.hibernate.orm.jdbc.bind - binding parameter (9:TIMESTAMP) <- [null]
2026-02-02 20:51:40.143 TRACE org.hibernate.orm.jdbc.bind - binding parameter (10:VARCHAR) <- [null]
2026-02-02 20:51:40.143 TRACE org.hibernate.orm.jdbc.bind - binding parameter (11:VARCHAR) <- [null]
2026-02-02 20:51:40.143 TRACE org.hibernate.orm.jdbc.bind - binding parameter (12:BOOLEAN) <- [true]
2026-02-02 20:51:40.143 TRACE org.hibernate.orm.jdbc.bind - binding parameter (13:VARCHAR) <- [updated via api]
2026-02-02 20:51:40.143 TRACE org.hibernate.orm.jdbc.bind - binding parameter (14:BIGINT) <- [2]
2026-02-02 20:51:40.143 TRACE org.hibernate.orm.jdbc.bind - binding parameter (15:VARCHAR) <- [Test Patient]
2026-02-02 20:51:40.143 TRACE org.hibernate.orm.jdbc.bind - binding parameter (16:VARCHAR) <- [RSV-20260202-003]
2026-02-02 20:51:40.143 TRACE org.hibernate.orm.jdbc.bind - binding parameter (17:TIMESTAMP) <- [2026-02-02T21:00]
2026-02-02 20:51:40.143 TRACE org.hibernate.orm.jdbc.bind - binding parameter (18:VARCHAR) <- [CANCELED]
2026-02-02 20:51:40.143 TRACE org.hibernate.orm.jdbc.bind - binding parameter (19:TIMESTAMP) <- [2026-02-02T20:51:40.141813]
2026-02-02 20:51:40.143 TRACE org.hibernate.orm.jdbc.bind - binding parameter (20:BIGINT) <- [1]
2026-02-02 20:51:40.143 TRACE org.hibernate.orm.jdbc.bind - binding parameter (21:BIGINT) <- [1]
2026-02-02 20:51:40.162 INFO  k.co.seoulit.common.aop.LoggerAspect - Controller  : kr.co.seoulit.reception.controller.ReservationController.updateReservation()Á¾·á
2026-02-02 20:51:40.172 INFO  k.co.seoulit.common.aop.LoggerAspect - Controller  : kr.co.seoulit.reception.controller.ReservationController.getReservations()½ÃÀÛ
2026-02-02 20:51:40.172 INFO  k.c.s.r.c.ReservationController - Reservation list request: searchType=null, searchValue=null
2026-02-02 20:51:40.179 INFO  k.co.seoulit.common.aop.LoggerAspect - ServiceImpl  : kr.co.seoulit.reception.service.ReservationServiceImpl.getReservationList()½ÃÀÛ
2026-02-02 20:51:40.190 INFO  k.co.seoulit.common.aop.LoggerAspect - ServiceImpl  : kr.co.seoulit.reception.service.ReservationServiceImpl.getReservationList()Á¾·á
2026-02-02 20:51:40.195 INFO  k.co.seoulit.common.aop.LoggerAspect - Controller  : kr.co.seoulit.reception.controller.ReservationController.getReservations()Á¾·á
2026-02-02 20:51:41.385 INFO  k.co.seoulit.common.aop.LoggerAspect - Controller  : kr.co.seoulit.reception.controller.MenuController.getMenus()½ÃÀÛ
2026-02-02 20:51:41.385 INFO  k.co.seoulit.common.aop.LoggerAspect - Controller  : kr.co.seoulit.reception.controller.MenuController.getMenus()Á¾·á
2026-02-02 20:51:41.388 INFO  k.co.seoulit.common.aop.LoggerAspect - Controller  : kr.co.seoulit.reception.controller.ReservationController.getReservations()½ÃÀÛ
2026-02-02 20:51:41.388 INFO  k.c.s.r.c.ReservationController - Reservation list request: searchType=status, searchValue=CANCELED
2026-02-02 20:51:41.390 INFO  k.co.seoulit.common.aop.LoggerAspect - Controller  : kr.co.seoulit.reception.controller.MenuController.getMenus()½ÃÀÛ
2026-02-02 20:51:41.390 INFO  k.co.seoulit.common.aop.LoggerAspect - Controller  : kr.co.seoulit.reception.controller.MenuController.getMenus()Á¾·á
2026-02-02 20:51:41.394 INFO  k.co.seoulit.common.aop.LoggerAspect - ServiceImpl  : kr.co.seoulit.reception.service.ReservationServiceImpl.getReservationList()½ÃÀÛ
2026-02-02 20:51:41.422 INFO  k.co.seoulit.common.aop.LoggerAspect - ServiceImpl  : kr.co.seoulit.reception.service.ReservationServiceImpl.getReservationList()Á¾·á
2026-02-02 20:51:41.442 INFO  k.co.seoulit.common.aop.LoggerAspect - Controller  : kr.co.seoulit.reception.controller.ReservationController.getReservations()Á¾·á
2026-02-02 20:51:41.442 INFO  k.co.seoulit.common.aop.LoggerAspect - Controller  : kr.co.seoulit.reception.controller.ReservationController.getReservations()½ÃÀÛ
2026-02-02 20:51:41.442 INFO  k.c.s.r.c.ReservationController - Reservation list request: searchType=status, searchValue=CANCELED
2026-02-02 20:51:41.456 INFO  k.co.seoulit.common.aop.LoggerAspect - ServiceImpl  : kr.co.seoulit.reception.service.ReservationServiceImpl.getReservationList()½ÃÀÛ
2026-02-02 20:51:41.489 INFO  k.co.seoulit.common.aop.LoggerAspect - ServiceImpl  : kr.co.seoulit.reception.service.ReservationServiceImpl.getReservationList()Á¾·á
2026-02-02 20:51:41.489 INFO  k.co.seoulit.common.aop.LoggerAspect - Controller  : kr.co.seoulit.reception.controller.ReservationController.getReservations()Á¾·á
2026-02-02 20:51:42.843 INFO  k.co.seoulit.common.aop.LoggerAspect - Controller  : kr.co.seoulit.reception.controller.MenuController.getMenus()½ÃÀÛ
2026-02-02 20:51:42.844 INFO  k.co.seoulit.common.aop.LoggerAspect - Controller  : kr.co.seoulit.reception.controller.MenuController.getMenus()Á¾·á
2026-02-02 20:51:42.844 INFO  k.co.seoulit.common.aop.LoggerAspect - Controller  : kr.co.seoulit.reception.controller.PatientController.getPatients()½ÃÀÛ
2026-02-02 20:51:42.845 INFO  k.co.seoulit.common.aop.LoggerAspect - Controller  : kr.co.seoulit.reception.controller.DepartmentController.getDepartments()½ÃÀÛ
2026-02-02 20:51:42.845 INFO  k.co.seoulit.common.aop.LoggerAspect - Controller  : kr.co.seoulit.reception.controller.DoctorController.getDoctors()½ÃÀÛ
2026-02-02 20:51:42.848 INFO  k.co.seoulit.common.aop.LoggerAspect - Controller  : kr.co.seoulit.reception.controller.MenuController.getMenus()½ÃÀÛ
2026-02-02 20:51:42.848 INFO  k.co.seoulit.common.aop.LoggerAspect - Controller  : kr.co.seoulit.reception.controller.MenuController.getMenus()Á¾·á
2026-02-02 20:51:42.851 DEBUG org.hibernate.SQL - select de1_0.department_id,de1_0.department_name from department de1_0
2026-02-02 20:51:42.851 DEBUG org.hibernate.SQL - select de1_0.doctor_id,de1_0.department_id,de1_0.doctor_name from doctor de1_0
2026-02-02 20:51:42.851 DEBUG org.hibernate.SQL - select pe1_0.patient_id,pe1_0.patient_name from patient pe1_0
2026-02-02 20:51:42.861 INFO  k.co.seoulit.common.aop.LoggerAspect - Controller  : kr.co.seoulit.reception.controller.DepartmentController.getDepartments()Á¾·á
2026-02-02 20:51:42.861 INFO  k.co.seoulit.common.aop.LoggerAspect - Controller  : kr.co.seoulit.reception.controller.DoctorController.getDoctors()Á¾·á
2026-02-02 20:51:42.861 INFO  k.co.seoulit.common.aop.LoggerAspect - Controller  : kr.co.seoulit.reception.controller.PatientController.getPatients()Á¾·á
2026-02-02 20:51:42.864 INFO  k.co.seoulit.common.aop.LoggerAspect - Controller  : kr.co.seoulit.reception.controller.PatientController.getPatients()½ÃÀÛ
2026-02-02 20:51:42.864 INFO  k.co.seoulit.common.aop.LoggerAspect - Controller  : kr.co.seoulit.reception.controller.DepartmentController.getDepartments()½ÃÀÛ
2026-02-02 20:51:42.864 INFO  k.co.seoulit.common.aop.LoggerAspect - Controller  : kr.co.seoulit.reception.controller.DoctorController.getDoctors()½ÃÀÛ
2026-02-02 20:51:42.865 DEBUG org.hibernate.SQL - select de1_0.department_id,de1_0.department_name from department de1_0
2026-02-02 20:51:42.865 DEBUG org.hibernate.SQL - select pe1_0.patient_id,pe1_0.patient_name from patient pe1_0
2026-02-02 20:51:42.865 DEBUG org.hibernate.SQL - select de1_0.doctor_id,de1_0.department_id,de1_0.doctor_name from doctor de1_0
2026-02-02 20:51:42.874 INFO  k.co.seoulit.common.aop.LoggerAspect - Controller  : kr.co.seoulit.reception.controller.DoctorController.getDoctors()Á¾·á
2026-02-02 20:51:42.874 INFO  k.co.seoulit.common.aop.LoggerAspect - Controller  : kr.co.seoulit.reception.controller.PatientController.getPatients()Á¾·á
2026-02-02 20:51:42.874 INFO  k.co.seoulit.common.aop.LoggerAspect - Controller  : kr.co.seoulit.reception.controller.DepartmentController.getDepartments()Á¾·á
2026-02-02 20:51:43.812 INFO  k.co.seoulit.common.aop.LoggerAspect - Controller  : kr.co.seoulit.reception.controller.MenuController.getMenus()½ÃÀÛ
2026-02-02 20:51:43.812 INFO  k.co.seoulit.common.aop.LoggerAspect - Controller  : kr.co.seoulit.reception.controller.MenuController.getMenus()Á¾·á
2026-02-02 20:51:43.812 INFO  k.co.seoulit.common.aop.LoggerAspect - Controller  : kr.co.seoulit.reception.controller.ReservationController.getReservations()½ÃÀÛ
2026-02-02 20:51:43.812 INFO  k.c.s.r.c.ReservationController - Reservation list request: searchType=status, searchValue=COMPLETED
2026-02-02 20:51:43.815 INFO  k.co.seoulit.common.aop.LoggerAspect - Controller  : kr.co.seoulit.reception.controller.MenuController.getMenus()½ÃÀÛ
2026-02-02 20:51:43.815 INFO  k.co.seoulit.common.aop.LoggerAspect - Controller  : kr.co.seoulit.reception.controller.MenuController.getMenus()Á¾·á
2026-02-02 20:51:43.818 INFO  k.co.seoulit.common.aop.LoggerAspect - ServiceImpl  : kr.co.seoulit.reception.service.ReservationServiceImpl.getReservationList()½ÃÀÛ
2026-02-02 20:51:43.826 INFO  k.co.seoulit.common.aop.LoggerAspect - ServiceImpl  : kr.co.seoulit.reception.service.ReservationServiceImpl.getReservationList()Á¾·á
2026-02-02 20:51:43.858 INFO  k.co.seoulit.common.aop.LoggerAspect - Controller  : kr.co.seoulit.reception.controller.ReservationController.getReservations()Á¾·á
2026-02-02 20:51:43.862 INFO  k.co.seoulit.common.aop.LoggerAspect - Controller  : kr.co.seoulit.reception.controller.ReservationController.getReservations()½ÃÀÛ
2026-02-02 20:51:43.862 INFO  k.c.s.r.c.ReservationController - Reservation list request: searchType=status, searchValue=COMPLETED
2026-02-02 20:51:43.867 INFO  k.co.seoulit.common.aop.LoggerAspect - ServiceImpl  : kr.co.seoulit.reception.service.ReservationServiceImpl.getReservationList()½ÃÀÛ
2026-02-02 20:51:43.874 INFO  k.co.seoulit.common.aop.LoggerAspect - ServiceImpl  : kr.co.seoulit.reception.service.ReservationServiceImpl.getReservationList()Á¾·á
2026-02-02 20:51:43.902 INFO  k.co.seoulit.common.aop.LoggerAspect - Controller  : kr.co.seoulit.reception.controller.ReservationController.getReservations()Á¾·á
2026-02-02 20:52:05.010 INFO  o.h.validator.internal.util.Version - HV000001: Hibernate Validator 8.0.1.Final
2026-02-02 20:52:05.064 INFO  kr.co.seoulit.ReceptionApplication - Starting ReceptionApplication using Java 17.0.12 with PID 8816 (C:\dev\teamwork\project\backend\hospital_reception_backend\reception_back\build\classes\java\main started by stu19 in C:\dev\teamwork\project\backend\hospital_reception_backend\reception_back)
2026-02-02 20:52:05.065 INFO  kr.co.seoulit.ReceptionApplication - No active profile set, falling back to 1 default profile: "default"
2026-02-02 20:52:06.047 INFO  o.s.d.r.c.RepositoryConfigurationDelegate - Multiple Spring Data modules found, entering strict repository configuration mode
2026-02-02 20:52:06.054 INFO  o.s.d.r.c.RepositoryConfigurationDelegate - Bootstrapping Spring Data JPA repositories in DEFAULT mode.
2026-02-02 20:52:06.217 INFO  o.s.d.r.c.RepositoryConfigurationDelegate - Finished Spring Data repository scanning in 154 ms. Found 9 JPA repository interfaces.
2026-02-02 20:52:06.232 INFO  o.s.d.r.c.RepositoryConfigurationDelegate - Multiple Spring Data modules found, entering strict repository configuration mode
2026-02-02 20:52:06.233 INFO  o.s.d.r.c.RepositoryConfigurationDelegate - Bootstrapping Spring Data Redis repositories in DEFAULT mode.
2026-02-02 20:52:06.246 INFO  o.s.d.r.c.RepositoryConfigurationExtensionSupport - Spring Data Redis - Could not safely identify store assignment for repository candidate interface kr.co.seoulit.common.audit.AuditLogRepository; If you want this repository to be a Redis repository, consider annotating your entities with one of these annotations: org.springframework.data.redis.core.RedisHash (preferred), or consider extending one of the following types with your repository: org.springframework.data.keyvalue.repository.KeyValueRepository
2026-02-02 20:52:06.246 INFO  o.s.d.r.c.RepositoryConfigurationExtensionSupport - Spring Data Redis - Could not safely identify store assignment for repository candidate interface kr.co.seoulit.reception.repository.DepartmentRepository; If you want this repository to be a Redis repository, consider annotating your entities with one of these annotations: org.springframework.data.redis.core.RedisHash (preferred), or consider extending one of the following types with your repository: org.springframework.data.keyvalue.repository.KeyValueRepository
2026-02-02 20:52:06.246 INFO  o.s.d.r.c.RepositoryConfigurationExtensionSupport - Spring Data Redis - Could not safely identify store assignment for repository candidate interface kr.co.seoulit.reception.repository.DoctorRepository; If you want this repository to be a Redis repository, consider annotating your entities with one of these annotations: org.springframework.data.redis.core.RedisHash (preferred), or consider extending one of the following types with your repository: org.springframework.data.keyvalue.repository.KeyValueRepository
2026-02-02 20:52:06.247 INFO  o.s.d.r.c.RepositoryConfigurationExtensionSupport - Spring Data Redis - Could not safely identify store assignment for repository candidate interface kr.co.seoulit.reception.repository.PatientRepository; If you want this repository to be a Redis repository, consider annotating your entities with one of these annotations: org.springframework.data.redis.core.RedisHash (preferred), or consider extending one of the following types with your repository: org.springframework.data.keyvalue.repository.KeyValueRepository
2026-02-02 20:52:06.247 INFO  o.s.d.r.c.RepositoryConfigurationExtensionSupport - Spring Data Redis - Could not safely identify store assignment for repository candidate interface kr.co.seoulit.reception.repository.ReceptionEmergencyRepository; If you want this repository to be a Redis repository, consider annotating your entities with one of these annotations: org.springframework.data.redis.core.RedisHash (preferred), or consider extending one of the following types with your repository: org.springframework.data.keyvalue.repository.KeyValueRepository
2026-02-02 20:52:06.247 INFO  o.s.d.r.c.RepositoryConfigurationExtensionSupport - Spring Data Redis - Could not safely identify store assignment for repository candidate interface kr.co.seoulit.reception.repository.ReceptionInpatientRepository; If you want this repository to be a Redis repository, consider annotating your entities with one of these annotations: org.springframework.data.redis.core.RedisHash (preferred), or consider extending one of the following types with your repository: org.springframework.data.keyvalue.repository.KeyValueRepository
2026-02-02 20:52:06.247 INFO  o.s.d.r.c.RepositoryConfigurationExtensionSupport - Spring Data Redis - Could not safely identify store assignment for repository candidate interface kr.co.seoulit.reception.repository.ReceptionRepository; If you want this repository to be a Redis repository, consider annotating your entities with one of these annotations: org.springframework.data.redis.core.RedisHash (preferred), or consider extending one of the following types with your repository: org.springframework.data.keyvalue.repository.KeyValueRepository
2026-02-02 20:52:06.248 INFO  o.s.d.r.c.RepositoryConfigurationExtensionSupport - Spring Data Redis - Could not safely identify store assignment for repository candidate interface kr.co.seoulit.reception.repository.ReceptionStatusHistoryRepository; If you want this repository to be a Redis repository, consider annotating your entities with one of these annotations: org.springframework.data.redis.core.RedisHash (preferred), or consider extending one of the following types with your repository: org.springframework.data.keyvalue.repository.KeyValueRepository
2026-02-02 20:52:06.248 INFO  o.s.d.r.c.RepositoryConfigurationExtensionSupport - Spring Data Redis - Could not safely identify store assignment for repository candidate interface kr.co.seoulit.reception.repository.ReservationRepository; If you want this repository to be a Redis repository, consider annotating your entities with one of these annotations: org.springframework.data.redis.core.RedisHash (preferred), or consider extending one of the following types with your repository: org.springframework.data.keyvalue.repository.KeyValueRepository
2026-02-02 20:52:06.248 INFO  o.s.d.r.c.RepositoryConfigurationDelegate - Finished Spring Data repository scanning in 7 ms. Found 0 Redis repository interfaces.
2026-02-02 20:52:07.003 INFO  o.s.b.w.e.tomcat.TomcatWebServer - Tomcat initialized with port 8283 (http)
2026-02-02 20:52:07.012 INFO  o.a.coyote.http11.Http11NioProtocol - Initializing ProtocolHandler ["http-nio-8283"]
2026-02-02 20:52:07.014 INFO  o.a.catalina.core.StandardService - Starting service [Tomcat]
2026-02-02 20:52:07.014 INFO  o.a.catalina.core.StandardEngine - Starting Servlet engine: [Apache Tomcat/10.1.26]
2026-02-02 20:52:07.083 INFO  o.a.c.c.C.[Tomcat].[localhost].[/] - Initializing Spring embedded WebApplicationContext
2026-02-02 20:52:07.084 INFO  o.s.b.w.s.c.ServletWebServerApplicationContext - Root WebApplicationContext: initialization completed in 1967 ms
2026-02-02 20:52:07.291 INFO  o.h.jpa.internal.util.LogHelper - HHH000204: Processing PersistenceUnitInfo [name: default]
2026-02-02 20:52:07.344 INFO  org.hibernate.Version - HHH000412: Hibernate ORM core version 6.5.2.Final
2026-02-02 20:52:07.374 INFO  o.h.c.i.RegionFactoryInitiator - HHH000026: Second-level cache disabled
2026-02-02 20:52:07.679 INFO  o.s.o.j.p.SpringPersistenceUnitInfo - No LoadTimeWeaver setup: ignoring JPA class transformer
2026-02-02 20:52:07.707 INFO  com.zaxxer.hikari.HikariDataSource - HikariPool-1 - Starting...
2026-02-02 20:52:09.586 INFO  com.zaxxer.hikari.pool.HikariPool - HikariPool-1 - Added connection oracle.jdbc.driver.T4CConnection@81a8898
2026-02-02 20:52:09.591 INFO  com.zaxxer.hikari.HikariDataSource - HikariPool-1 - Start completed.
2026-02-02 20:52:09.636 WARN  org.hibernate.orm.deprecation - HHH90000026: Oracle10gDialect has been deprecated; use org.hibernate.community.dialect.OracleLegacyDialect instead
2026-02-02 20:52:10.983 INFO  o.h.e.t.j.p.i.JtaPlatformInitiator - HHH000489: No JTA platform available (set 'hibernate.transaction.jta.platform' to enable JTA platform integration)
2026-02-02 20:52:10.986 INFO  o.s.o.j.LocalContainerEntityManagerFactoryBean - Initialized JPA EntityManagerFactory for persistence unit 'default'
2026-02-02 20:52:12.369 WARN  o.s.b.a.o.j.JpaBaseConfiguration$JpaWebConfiguration - spring.jpa.open-in-view is enabled by default. Therefore, database queries may be performed during view rendering. Explicitly configure spring.jpa.open-in-view to disable this warning
2026-02-02 20:52:12.402 INFO  o.s.b.a.w.s.WelcomePageHandlerMapping - Adding welcome page: class path resource [static/index.html]
2026-02-02 20:52:13.528 INFO  o.a.coyote.http11.Http11NioProtocol - Starting ProtocolHandler ["http-nio-8283"]
2026-02-02 20:52:13.539 WARN  o.s.b.w.s.c.AnnotationConfigServletWebServerApplicationContext - Exception encountered during context initialization - cancelling refresh attempt: org.springframework.context.ApplicationContextException: Failed to start bean 'webServerStartStop'
2026-02-02 20:52:13.549 INFO  o.s.o.j.LocalContainerEntityManagerFactoryBean - Closing JPA EntityManagerFactory for persistence unit 'default'
2026-02-02 20:52:13.551 INFO  com.zaxxer.hikari.HikariDataSource - HikariPool-1 - Shutdown initiated...
2026-02-02 20:52:13.638 INFO  com.zaxxer.hikari.HikariDataSource - HikariPool-1 - Shutdown completed.
2026-02-02 20:52:13.651 INFO  o.s.b.a.l.ConditionEvaluationReportLogger - 

Error starting ApplicationContext. To display the condition evaluation report re-run your application with 'debug' enabled.
2026-02-02 20:52:13.675 ERROR o.s.b.d.LoggingFailureAnalysisReporter - 

***************************
APPLICATION FAILED TO START
***************************

Description:

Web server failed to start. Port 8283 was already in use.

Action:

Identify and stop the process that's listening on port 8283 or configure this application to listen on another port.

2026-02-02 20:52:16.187 INFO  k.co.seoulit.common.aop.LoggerAspect - Controller  : kr.co.seoulit.reception.controller.MenuController.getMenus()½ÃÀÛ
2026-02-02 20:52:16.187 INFO  k.co.seoulit.common.aop.LoggerAspect - Controller  : kr.co.seoulit.reception.controller.MenuController.getMenus()Á¾·á
2026-02-02 20:52:16.191 INFO  k.co.seoulit.common.aop.LoggerAspect - Controller  : kr.co.seoulit.reception.controller.ReservationController.getReservations()½ÃÀÛ
2026-02-02 20:52:16.191 INFO  k.c.s.r.c.ReservationController - Reservation list request: searchType=status, searchValue=COMPLETED
2026-02-02 20:52:16.222 INFO  k.co.seoulit.common.aop.LoggerAspect - ServiceImpl  : kr.co.seoulit.reception.service.ReservationServiceImpl.getReservationList()½ÃÀÛ
2026-02-02 20:52:16.268 INFO  k.co.seoulit.common.aop.LoggerAspect - ServiceImpl  : kr.co.seoulit.reception.service.ReservationServiceImpl.getReservationList()Á¾·á
2026-02-02 20:52:16.367 INFO  k.co.seoulit.common.aop.LoggerAspect - Controller  : kr.co.seoulit.reception.controller.ReservationController.getReservations()Á¾·á
2026-02-02 20:52:18.262 INFO  k.co.seoulit.common.aop.LoggerAspect - Controller  : kr.co.seoulit.reception.controller.MenuController.getMenus()½ÃÀÛ
2026-02-02 20:52:18.262 INFO  k.co.seoulit.common.aop.LoggerAspect - Controller  : kr.co.seoulit.reception.controller.MenuController.getMenus()Á¾·á
2026-02-02 20:52:18.263 INFO  k.co.seoulit.common.aop.LoggerAspect - Controller  : kr.co.seoulit.reception.controller.ReservationController.getReservations()½ÃÀÛ
2026-02-02 20:52:18.264 INFO  k.c.s.r.c.ReservationController - Reservation list request: searchType=status, searchValue=CANCELED
2026-02-02 20:52:18.268 INFO  k.co.seoulit.common.aop.LoggerAspect - Controller  : kr.co.seoulit.reception.controller.MenuController.getMenus()½ÃÀÛ
2026-02-02 20:52:18.268 INFO  k.co.seoulit.common.aop.LoggerAspect - Controller  : kr.co.seoulit.reception.controller.MenuController.getMenus()Á¾·á
2026-02-02 20:52:18.271 INFO  k.co.seoulit.common.aop.LoggerAspect - ServiceImpl  : kr.co.seoulit.reception.service.ReservationServiceImpl.getReservationList()½ÃÀÛ
2026-02-02 20:52:18.316 INFO  k.co.seoulit.common.aop.LoggerAspect - ServiceImpl  : kr.co.seoulit.reception.service.ReservationServiceImpl.getReservationList()Á¾·á
2026-02-02 20:52:18.320 INFO  k.co.seoulit.common.aop.LoggerAspect - Controller  : kr.co.seoulit.reception.controller.ReservationController.getReservations()Á¾·á
2026-02-02 20:52:18.324 INFO  k.co.seoulit.common.aop.LoggerAspect - Controller  : kr.co.seoulit.reception.controller.ReservationController.getReservations()½ÃÀÛ
2026-02-02 20:52:18.324 INFO  k.c.s.r.c.ReservationController - Reservation list request: searchType=status, searchValue=CANCELED
2026-02-02 20:52:18.326 INFO  k.co.seoulit.common.aop.LoggerAspect - ServiceImpl  : kr.co.seoulit.reception.service.ReservationServiceImpl.getReservationList()½ÃÀÛ
2026-02-02 20:52:18.335 INFO  k.co.seoulit.common.aop.LoggerAspect - ServiceImpl  : kr.co.seoulit.reception.service.ReservationServiceImpl.getReservationList()Á¾·á
2026-02-02 20:52:18.335 INFO  k.co.seoulit.common.aop.LoggerAspect - Controller  : kr.co.seoulit.reception.controller.ReservationController.getReservations()Á¾·á
2026-02-02 20:52:19.388 INFO  k.co.seoulit.common.aop.LoggerAspect - Controller  : kr.co.seoulit.reception.controller.MenuController.getMenus()½ÃÀÛ
2026-02-02 20:52:19.388 INFO  k.co.seoulit.common.aop.LoggerAspect - Controller  : kr.co.seoulit.reception.controller.MenuController.getMenus()Á¾·á
2026-02-02 20:52:19.389 INFO  k.co.seoulit.common.aop.LoggerAspect - Controller  : kr.co.seoulit.reception.controller.DepartmentController.getDepartments()½ÃÀÛ
2026-02-02 20:52:19.390 INFO  k.co.seoulit.common.aop.LoggerAspect - Controller  : kr.co.seoulit.reception.controller.PatientController.getPatients()½ÃÀÛ
2026-02-02 20:52:19.390 INFO  k.co.seoulit.common.aop.LoggerAspect - Controller  : kr.co.seoulit.reception.controller.DoctorController.getDoctors()½ÃÀÛ
2026-02-02 20:52:19.393 INFO  k.co.seoulit.common.aop.LoggerAspect - Controller  : kr.co.seoulit.reception.controller.MenuController.getMenus()½ÃÀÛ
2026-02-02 20:52:19.393 INFO  k.co.seoulit.common.aop.LoggerAspect - Controller  : kr.co.seoulit.reception.controller.MenuController.getMenus()Á¾·á
2026-02-02 20:52:19.408 DEBUG org.hibernate.SQL - select pe1_0.patient_id,pe1_0.patient_name from patient pe1_0
2026-02-02 20:52:19.408 DEBUG org.hibernate.SQL - select de1_0.department_id,de1_0.department_name from department de1_0
2026-02-02 20:52:19.408 DEBUG org.hibernate.SQL - select de1_0.doctor_id,de1_0.department_id,de1_0.doctor_name from doctor de1_0
2026-02-02 20:52:19.442 INFO  k.co.seoulit.common.aop.LoggerAspect - Controller  : kr.co.seoulit.reception.controller.PatientController.getPatients()Á¾·á
2026-02-02 20:52:19.442 INFO  k.co.seoulit.common.aop.LoggerAspect - Controller  : kr.co.seoulit.reception.controller.DoctorController.getDoctors()Á¾·á
2026-02-02 20:52:19.442 INFO  k.co.seoulit.common.aop.LoggerAspect - Controller  : kr.co.seoulit.reception.controller.DepartmentController.getDepartments()Á¾·á
2026-02-02 20:52:19.445 INFO  k.co.seoulit.common.aop.LoggerAspect - Controller  : kr.co.seoulit.reception.controller.DepartmentController.getDepartments()½ÃÀÛ
2026-02-02 20:52:19.445 INFO  k.co.seoulit.common.aop.LoggerAspect - Controller  : kr.co.seoulit.reception.controller.DoctorController.getDoctors()½ÃÀÛ
2026-02-02 20:52:19.445 INFO  k.co.seoulit.common.aop.LoggerAspect - Controller  : kr.co.seoulit.reception.controller.PatientController.getPatients()½ÃÀÛ
2026-02-02 20:52:19.446 DEBUG org.hibernate.SQL - select de1_0.doctor_id,de1_0.department_id,de1_0.doctor_name from doctor de1_0
2026-02-02 20:52:19.446 DEBUG org.hibernate.SQL - select de1_0.department_id,de1_0.department_name from department de1_0
2026-02-02 20:52:19.446 DEBUG org.hibernate.SQL - select pe1_0.patient_id,pe1_0.patient_name from patient pe1_0
2026-02-02 20:52:19.471 INFO  k.co.seoulit.common.aop.LoggerAspect - Controller  : kr.co.seoulit.reception.controller.DoctorController.getDoctors()Á¾·á
2026-02-02 20:52:19.471 INFO  k.co.seoulit.common.aop.LoggerAspect - Controller  : kr.co.seoulit.reception.controller.DepartmentController.getDepartments()Á¾·á
2026-02-02 20:52:19.471 INFO  k.co.seoulit.common.aop.LoggerAspect - Controller  : kr.co.seoulit.reception.controller.PatientController.getPatients()Á¾·á
2026-02-02 20:52:20.313 INFO  k.co.seoulit.common.aop.LoggerAspect - Controller  : kr.co.seoulit.reception.controller.MenuController.getMenus()½ÃÀÛ
2026-02-02 20:52:20.313 INFO  k.co.seoulit.common.aop.LoggerAspect - Controller  : kr.co.seoulit.reception.controller.MenuController.getMenus()Á¾·á
2026-02-02 20:52:20.317 INFO  k.co.seoulit.common.aop.LoggerAspect - Controller  : kr.co.seoulit.reception.controller.ReservationController.getReservations()½ÃÀÛ
2026-02-02 20:52:20.317 INFO  k.c.s.r.c.ReservationController - Reservation list request: searchType=status, searchValue=CANCELED
2026-02-02 20:52:20.319 INFO  k.co.seoulit.common.aop.LoggerAspect - Controller  : kr.co.seoulit.reception.controller.MenuController.getMenus()½ÃÀÛ
2026-02-02 20:52:20.319 INFO  k.co.seoulit.common.aop.LoggerAspect - Controller  : kr.co.seoulit.reception.controller.MenuController.getMenus()Á¾·á
2026-02-02 20:52:20.356 INFO  k.co.seoulit.common.aop.LoggerAspect - ServiceImpl  : kr.co.seoulit.reception.service.ReservationServiceImpl.getReservationList()½ÃÀÛ
2026-02-02 20:52:20.364 INFO  k.co.seoulit.common.aop.LoggerAspect - ServiceImpl  : kr.co.seoulit.reception.service.ReservationServiceImpl.getReservationList()Á¾·á
2026-02-02 20:52:20.370 INFO  k.co.seoulit.common.aop.LoggerAspect - Controller  : kr.co.seoulit.reception.controller.ReservationController.getReservations()Á¾·á
2026-02-02 20:52:20.373 INFO  k.co.seoulit.common.aop.LoggerAspect - Controller  : kr.co.seoulit.reception.controller.ReservationController.getReservations()½ÃÀÛ
2026-02-02 20:52:20.373 INFO  k.c.s.r.c.ReservationController - Reservation list request: searchType=status, searchValue=CANCELED
2026-02-02 20:52:20.379 INFO  k.co.seoulit.common.aop.LoggerAspect - ServiceImpl  : kr.co.seoulit.reception.service.ReservationServiceImpl.getReservationList()½ÃÀÛ
2026-02-02 20:52:20.387 INFO  k.co.seoulit.common.aop.LoggerAspect - ServiceImpl  : kr.co.seoulit.reception.service.ReservationServiceImpl.getReservationList()Á¾·á
2026-02-02 20:52:20.393 INFO  k.co.seoulit.common.aop.LoggerAspect - Controller  : kr.co.seoulit.reception.controller.ReservationController.getReservations()Á¾·á
2026-02-02 20:52:21.422 INFO  k.co.seoulit.common.aop.LoggerAspect - Controller  : kr.co.seoulit.reception.controller.MenuController.getMenus()½ÃÀÛ
2026-02-02 20:52:21.422 INFO  k.co.seoulit.common.aop.LoggerAspect - Controller  : kr.co.seoulit.reception.controller.MenuController.getMenus()Á¾·á
2026-02-02 20:52:21.438 INFO  k.co.seoulit.common.aop.LoggerAspect - Controller  : kr.co.seoulit.reception.controller.ReservationController.getReservations()½ÃÀÛ
2026-02-02 20:52:21.439 INFO  k.c.s.r.c.ReservationController - Reservation list request: searchType=status, searchValue=COMPLETED
2026-02-02 20:52:21.439 INFO  k.co.seoulit.common.aop.LoggerAspect - Controller  : kr.co.seoulit.reception.controller.MenuController.getMenus()½ÃÀÛ
2026-02-02 20:52:21.439 INFO  k.co.seoulit.common.aop.LoggerAspect - Controller  : kr.co.seoulit.reception.controller.MenuController.getMenus()Á¾·á
2026-02-02 20:52:21.444 INFO  k.co.seoulit.common.aop.LoggerAspect - ServiceImpl  : kr.co.seoulit.reception.service.ReservationServiceImpl.getReservationList()½ÃÀÛ
2026-02-02 20:52:21.484 INFO  k.co.seoulit.common.aop.LoggerAspect - ServiceImpl  : kr.co.seoulit.reception.service.ReservationServiceImpl.getReservationList()Á¾·á
2026-02-02 20:52:21.491 INFO  k.co.seoulit.common.aop.LoggerAspect - Controller  : kr.co.seoulit.reception.controller.ReservationController.getReservations()Á¾·á
2026-02-02 20:52:21.494 INFO  k.co.seoulit.common.aop.LoggerAspect - Controller  : kr.co.seoulit.reception.controller.ReservationController.getReservations()½ÃÀÛ
2026-02-02 20:52:21.494 INFO  k.c.s.r.c.ReservationController - Reservation list request: searchType=status, searchValue=COMPLETED
2026-02-02 20:52:21.499 INFO  k.co.seoulit.common.aop.LoggerAspect - ServiceImpl  : kr.co.seoulit.reception.service.ReservationServiceImpl.getReservationList()½ÃÀÛ
2026-02-02 20:52:21.509 INFO  k.co.seoulit.common.aop.LoggerAspect - ServiceImpl  : kr.co.seoulit.reception.service.ReservationServiceImpl.getReservationList()Á¾·á
2026-02-02 20:52:21.521 INFO  k.co.seoulit.common.aop.LoggerAspect - Controller  : kr.co.seoulit.reception.controller.ReservationController.getReservations()Á¾·á
2026-02-02 20:52:22.640 INFO  k.co.seoulit.common.aop.LoggerAspect - Controller  : kr.co.seoulit.reception.controller.MenuController.getMenus()½ÃÀÛ
2026-02-02 20:52:22.640 INFO  k.co.seoulit.common.aop.LoggerAspect - Controller  : kr.co.seoulit.reception.controller.MenuController.getMenus()Á¾·á
2026-02-02 20:52:22.642 INFO  k.co.seoulit.common.aop.LoggerAspect - Controller  : kr.co.seoulit.reception.controller.ReservationController.getReservations()½ÃÀÛ
2026-02-02 20:52:22.642 INFO  k.c.s.r.c.ReservationController - Reservation list request: searchType=status, searchValue=COMPLETED
2026-02-02 20:52:22.649 INFO  k.co.seoulit.common.aop.LoggerAspect - ServiceImpl  : kr.co.seoulit.reception.service.ReservationServiceImpl.getReservationList()½ÃÀÛ
2026-02-02 20:52:22.658 INFO  k.co.seoulit.common.aop.LoggerAspect - ServiceImpl  : kr.co.seoulit.reception.service.ReservationServiceImpl.getReservationList()Á¾·á
2026-02-02 20:52:22.663 INFO  k.co.seoulit.common.aop.LoggerAspect - Controller  : kr.co.seoulit.reception.controller.ReservationController.getReservations()Á¾·á
2026-02-02 20:52:34.825 INFO  k.co.seoulit.common.aop.LoggerAspect - Controller  : kr.co.seoulit.reception.controller.MenuController.getMenus()½ÃÀÛ
2026-02-02 20:52:34.825 INFO  k.co.seoulit.common.aop.LoggerAspect - Controller  : kr.co.seoulit.reception.controller.MenuController.getMenus()Á¾·á
2026-02-02 20:52:34.827 INFO  k.co.seoulit.common.aop.LoggerAspect - Controller  : kr.co.seoulit.reception.controller.ReservationController.getReservations()½ÃÀÛ
2026-02-02 20:52:34.827 INFO  k.c.s.r.c.ReservationController - Reservation list request: searchType=status, searchValue=COMPLETED
2026-02-02 20:52:34.832 INFO  k.co.seoulit.common.aop.LoggerAspect - ServiceImpl  : kr.co.seoulit.reception.service.ReservationServiceImpl.getReservationList()½ÃÀÛ
2026-02-02 20:52:34.832 INFO  k.co.seoulit.common.aop.LoggerAspect - ServiceImpl  : kr.co.seoulit.reception.service.ReservationServiceImpl.getReservationList()Á¾·á
2026-02-02 20:52:34.867 INFO  k.co.seoulit.common.aop.LoggerAspect - Controller  : kr.co.seoulit.reception.controller.ReservationController.getReservations()Á¾·á
2026-02-02 20:52:36.666 INFO  k.co.seoulit.common.aop.LoggerAspect - Controller  : kr.co.seoulit.reception.controller.MenuController.getMenus()½ÃÀÛ
2026-02-02 20:52:36.666 INFO  k.co.seoulit.common.aop.LoggerAspect - Controller  : kr.co.seoulit.reception.controller.MenuController.getMenus()Á¾·á
2026-02-02 20:52:36.669 INFO  k.co.seoulit.common.aop.LoggerAspect - Controller  : kr.co.seoulit.reception.controller.MenuController.getMenus()½ÃÀÛ
2026-02-02 20:52:36.670 INFO  k.co.seoulit.common.aop.LoggerAspect - Controller  : kr.co.seoulit.reception.controller.MenuController.getMenus()Á¾·á
2026-02-02 20:52:38.971 INFO  k.co.seoulit.common.aop.LoggerAspect - Controller  : kr.co.seoulit.reception.controller.MenuController.getMenus()½ÃÀÛ
2026-02-02 20:52:38.971 INFO  k.co.seoulit.common.aop.LoggerAspect - Controller  : kr.co.seoulit.reception.controller.MenuController.getMenus()Á¾·á
2026-02-02 20:52:38.972 INFO  k.co.seoulit.common.aop.LoggerAspect - Controller  : kr.co.seoulit.reception.controller.ReservationController.getReservations()½ÃÀÛ
2026-02-02 20:52:38.972 INFO  k.c.s.r.c.ReservationController - Reservation list request: searchType=status, searchValue=COMPLETED
2026-02-02 20:52:38.975 INFO  k.co.seoulit.common.aop.LoggerAspect - Controller  : kr.co.seoulit.reception.controller.MenuController.getMenus()½ÃÀÛ
2026-02-02 20:52:38.975 INFO  k.co.seoulit.common.aop.LoggerAspect - Controller  : kr.co.seoulit.reception.controller.MenuController.getMenus()Á¾·á
2026-02-02 20:52:38.984 INFO  k.co.seoulit.common.aop.LoggerAspect - ServiceImpl  : kr.co.seoulit.reception.service.ReservationServiceImpl.getReservationList()½ÃÀÛ
2026-02-02 20:52:39.001 INFO  k.co.seoulit.common.aop.LoggerAspect - ServiceImpl  : kr.co.seoulit.reception.service.ReservationServiceImpl.getReservationList()Á¾·á
2026-02-02 20:52:39.011 INFO  k.co.seoulit.common.aop.LoggerAspect - Controller  : kr.co.seoulit.reception.controller.ReservationController.getReservations()Á¾·á
2026-02-02 20:52:39.011 INFO  k.co.seoulit.common.aop.LoggerAspect - Controller  : kr.co.seoulit.reception.controller.ReservationController.getReservations()½ÃÀÛ
2026-02-02 20:52:39.011 INFO  k.c.s.r.c.ReservationController - Reservation list request: searchType=status, searchValue=COMPLETED
2026-02-02 20:52:39.052 INFO  k.co.seoulit.common.aop.LoggerAspect - ServiceImpl  : kr.co.seoulit.reception.service.ReservationServiceImpl.getReservationList()½ÃÀÛ
2026-02-02 20:52:39.069 INFO  k.co.seoulit.common.aop.LoggerAspect - ServiceImpl  : kr.co.seoulit.reception.service.ReservationServiceImpl.getReservationList()Á¾·á
2026-02-02 20:52:39.100 INFO  k.co.seoulit.common.aop.LoggerAspect - Controller  : kr.co.seoulit.reception.controller.ReservationController.getReservations()Á¾·á
2026-02-02 20:52:45.313 INFO  k.co.seoulit.common.aop.LoggerAspect - Controller  : kr.co.seoulit.reception.controller.MenuController.getMenus()½ÃÀÛ
2026-02-02 20:52:45.313 INFO  k.co.seoulit.common.aop.LoggerAspect - Controller  : kr.co.seoulit.reception.controller.MenuController.getMenus()Á¾·á
2026-02-02 20:52:45.314 INFO  k.co.seoulit.common.aop.LoggerAspect - Controller  : kr.co.seoulit.reception.controller.ReservationController.getReservations()½ÃÀÛ
2026-02-02 20:52:45.314 INFO  k.c.s.r.c.ReservationController - Reservation list request: searchType=status, searchValue=CANCELED
2026-02-02 20:52:45.316 INFO  k.co.seoulit.common.aop.LoggerAspect - Controller  : kr.co.seoulit.reception.controller.MenuController.getMenus()½ÃÀÛ
2026-02-02 20:52:45.316 INFO  k.co.seoulit.common.aop.LoggerAspect - Controller  : kr.co.seoulit.reception.controller.MenuController.getMenus()Á¾·á
2026-02-02 20:52:45.321 INFO  k.co.seoulit.common.aop.LoggerAspect - ServiceImpl  : kr.co.seoulit.reception.service.ReservationServiceImpl.getReservationList()½ÃÀÛ
2026-02-02 20:52:45.336 INFO  k.co.seoulit.common.aop.LoggerAspect - ServiceImpl  : kr.co.seoulit.reception.service.ReservationServiceImpl.getReservationList()Á¾·á
2026-02-02 20:52:45.363 INFO  k.co.seoulit.common.aop.LoggerAspect - Controller  : kr.co.seoulit.reception.controller.ReservationController.getReservations()Á¾·á
2026-02-02 20:52:45.363 INFO  k.co.seoulit.common.aop.LoggerAspect - Controller  : kr.co.seoulit.reception.controller.ReservationController.getReservations()½ÃÀÛ
2026-02-02 20:52:45.363 INFO  k.c.s.r.c.ReservationController - Reservation list request: searchType=status, searchValue=CANCELED
2026-02-02 20:52:45.363 INFO  k.co.seoulit.common.aop.LoggerAspect - ServiceImpl  : kr.co.seoulit.reception.service.ReservationServiceImpl.getReservationList()½ÃÀÛ
2026-02-02 20:52:45.373 INFO  k.co.seoulit.common.aop.LoggerAspect - ServiceImpl  : kr.co.seoulit.reception.service.ReservationServiceImpl.getReservationList()Á¾·á
2026-02-02 20:52:45.406 INFO  k.co.seoulit.common.aop.LoggerAspect - Controller  : kr.co.seoulit.reception.controller.ReservationController.getReservations()Á¾·á
2026-02-02 20:52:47.422 INFO  k.co.seoulit.common.aop.LoggerAspect - Controller  : kr.co.seoulit.reception.controller.MenuController.getMenus()½ÃÀÛ
2026-02-02 20:52:47.422 INFO  k.co.seoulit.common.aop.LoggerAspect - Controller  : kr.co.seoulit.reception.controller.MenuController.getMenus()Á¾·á
2026-02-02 20:52:47.426 INFO  k.co.seoulit.common.aop.LoggerAspect - Controller  : kr.co.seoulit.reception.controller.ReceptionController.getReceptions()½ÃÀÛ
2026-02-02 20:52:47.426 INFO  k.c.s.r.c.ReceptionController - Reception list request: searchType=status, searchValue=COMPLETED
2026-02-02 20:52:47.427 INFO  k.co.seoulit.common.aop.LoggerAspect - Controller  : kr.co.seoulit.reception.controller.MenuController.getMenus()½ÃÀÛ
2026-02-02 20:52:47.427 INFO  k.co.seoulit.common.aop.LoggerAspect - Controller  : kr.co.seoulit.reception.controller.MenuController.getMenus()Á¾·á
2026-02-02 20:52:47.433 INFO  k.co.seoulit.common.aop.LoggerAspect - ServiceImpl  : kr.co.seoulit.reception.service.ReceptionServiceImpl.getReceptionList()½ÃÀÛ
2026-02-02 20:52:47.657 INFO  k.co.seoulit.common.aop.LoggerAspect - ServiceImpl  : kr.co.seoulit.reception.service.ReceptionServiceImpl.getReceptionList()Á¾·á
2026-02-02 20:52:47.674 INFO  k.co.seoulit.common.aop.LoggerAspect - Controller  : kr.co.seoulit.reception.controller.ReceptionController.getReceptions()Á¾·á
2026-02-02 20:52:47.677 INFO  k.co.seoulit.common.aop.LoggerAspect - Controller  : kr.co.seoulit.reception.controller.ReceptionController.getReceptions()½ÃÀÛ
2026-02-02 20:52:47.677 INFO  k.c.s.r.c.ReceptionController - Reception list request: searchType=status, searchValue=COMPLETED
2026-02-02 20:52:47.677 INFO  k.co.seoulit.common.aop.LoggerAspect - ServiceImpl  : kr.co.seoulit.reception.service.ReceptionServiceImpl.getReceptionList()½ÃÀÛ
2026-02-02 20:52:47.694 INFO  k.co.seoulit.common.aop.LoggerAspect - ServiceImpl  : kr.co.seoulit.reception.service.ReceptionServiceImpl.getReceptionList()Á¾·á
2026-02-02 20:52:47.694 INFO  k.co.seoulit.common.aop.LoggerAspect - Controller  : kr.co.seoulit.reception.controller.ReceptionController.getReceptions()Á¾·á
2026-02-02 20:54:08.656 INFO  o.s.api.AbstractOpenApiResource - Init duration for springdoc-openapi is: 589 ms
