2026-03-04 08:59:13.671 INFO  o.h.validator.internal.util.Version - HV000001: Hibernate Validator 8.0.1.Final
2026-03-04 08:59:13.742 INFO  kr.co.seoulit.ReceptionApplication - Starting ReceptionApplication using Java 17.0.12 with PID 35356 (D:\서울IT교육센터\dev\teamwork\project\backend\hospital_reception_backend\reception_back\build\classes\java\main started by USER in D:\서울IT교육센터\dev\teamwork\project\backend\hospital_reception_backend\reception_back)
2026-03-04 08:59:13.743 INFO  kr.co.seoulit.ReceptionApplication - No active profile set, falling back to 1 default profile: "default"
2026-03-04 08:59:15.998 INFO  o.s.d.r.c.RepositoryConfigurationDelegate - Multiple Spring Data modules found, entering strict repository configuration mode
2026-03-04 08:59:16.001 INFO  o.s.d.r.c.RepositoryConfigurationDelegate - Bootstrapping Spring Data JPA repositories in DEFAULT mode.
2026-03-04 08:59:16.275 INFO  o.s.d.r.c.RepositoryConfigurationDelegate - Finished Spring Data repository scanning in 267 ms. Found 9 JPA repository interfaces.
2026-03-04 08:59:16.339 INFO  o.s.d.r.c.RepositoryConfigurationDelegate - Multiple Spring Data modules found, entering strict repository configuration mode
2026-03-04 08:59:16.340 INFO  o.s.d.r.c.RepositoryConfigurationDelegate - Bootstrapping Spring Data Redis repositories in DEFAULT mode.
2026-03-04 08:59:16.359 INFO  o.s.d.r.c.RepositoryConfigurationExtensionSupport - Spring Data Redis - Could not safely identify store assignment for repository candidate interface kr.co.seoulit.common.audit.AuditLogRepository; If you want this repository to be a Redis repository, consider annotating your entities with one of these annotations: org.springframework.data.redis.core.RedisHash (preferred), or consider extending one of the following types with your repository: org.springframework.data.keyvalue.repository.KeyValueRepository
2026-03-04 08:59:16.359 INFO  o.s.d.r.c.RepositoryConfigurationExtensionSupport - Spring Data Redis - Could not safely identify store assignment for repository candidate interface kr.co.seoulit.reception.repository.DepartmentRepository; If you want this repository to be a Redis repository, consider annotating your entities with one of these annotations: org.springframework.data.redis.core.RedisHash (preferred), or consider extending one of the following types with your repository: org.springframework.data.keyvalue.repository.KeyValueRepository
2026-03-04 08:59:16.360 INFO  o.s.d.r.c.RepositoryConfigurationExtensionSupport - Spring Data Redis - Could not safely identify store assignment for repository candidate interface kr.co.seoulit.reception.repository.DoctorRepository; If you want this repository to be a Redis repository, consider annotating your entities with one of these annotations: org.springframework.data.redis.core.RedisHash (preferred), or consider extending one of the following types with your repository: org.springframework.data.keyvalue.repository.KeyValueRepository
2026-03-04 08:59:16.361 INFO  o.s.d.r.c.RepositoryConfigurationExtensionSupport - Spring Data Redis - Could not safely identify store assignment for repository candidate interface kr.co.seoulit.reception.repository.PatientRepository; If you want this repository to be a Redis repository, consider annotating your entities with one of these annotations: org.springframework.data.redis.core.RedisHash (preferred), or consider extending one of the following types with your repository: org.springframework.data.keyvalue.repository.KeyValueRepository
2026-03-04 08:59:16.361 INFO  o.s.d.r.c.RepositoryConfigurationExtensionSupport - Spring Data Redis - Could not safely identify store assignment for repository candidate interface kr.co.seoulit.reception.repository.ReceptionEmergencyRepository; If you want this repository to be a Redis repository, consider annotating your entities with one of these annotations: org.springframework.data.redis.core.RedisHash (preferred), or consider extending one of the following types with your repository: org.springframework.data.keyvalue.repository.KeyValueRepository
2026-03-04 08:59:16.362 INFO  o.s.d.r.c.RepositoryConfigurationExtensionSupport - Spring Data Redis - Could not safely identify store assignment for repository candidate interface kr.co.seoulit.reception.repository.ReceptionInpatientRepository; If you want this repository to be a Redis repository, consider annotating your entities with one of these annotations: org.springframework.data.redis.core.RedisHash (preferred), or consider extending one of the following types with your repository: org.springframework.data.keyvalue.repository.KeyValueRepository
2026-03-04 08:59:16.362 INFO  o.s.d.r.c.RepositoryConfigurationExtensionSupport - Spring Data Redis - Could not safely identify store assignment for repository candidate interface kr.co.seoulit.reception.repository.ReceptionRepository; If you want this repository to be a Redis repository, consider annotating your entities with one of these annotations: org.springframework.data.redis.core.RedisHash (preferred), or consider extending one of the following types with your repository: org.springframework.data.keyvalue.repository.KeyValueRepository
2026-03-04 08:59:16.363 INFO  o.s.d.r.c.RepositoryConfigurationExtensionSupport - Spring Data Redis - Could not safely identify store assignment for repository candidate interface kr.co.seoulit.reception.repository.ReceptionStatusHistoryRepository; If you want this repository to be a Redis repository, consider annotating your entities with one of these annotations: org.springframework.data.redis.core.RedisHash (preferred), or consider extending one of the following types with your repository: org.springframework.data.keyvalue.repository.KeyValueRepository
2026-03-04 08:59:16.363 INFO  o.s.d.r.c.RepositoryConfigurationExtensionSupport - Spring Data Redis - Could not safely identify store assignment for repository candidate interface kr.co.seoulit.reception.repository.ReservationRepository; If you want this repository to be a Redis repository, consider annotating your entities with one of these annotations: org.springframework.data.redis.core.RedisHash (preferred), or consider extending one of the following types with your repository: org.springframework.data.keyvalue.repository.KeyValueRepository
2026-03-04 08:59:16.363 INFO  o.s.d.r.c.RepositoryConfigurationDelegate - Finished Spring Data repository scanning in 13 ms. Found 0 Redis repository interfaces.
2026-03-04 08:59:17.433 INFO  o.s.b.w.e.tomcat.TomcatWebServer - Tomcat initialized with port 8283 (http)
2026-03-04 08:59:17.446 INFO  o.a.coyote.http11.Http11NioProtocol - Initializing ProtocolHandler ["http-nio-8283"]
2026-03-04 08:59:17.448 INFO  o.a.catalina.core.StandardService - Starting service [Tomcat]
2026-03-04 08:59:17.449 INFO  o.a.catalina.core.StandardEngine - Starting Servlet engine: [Apache Tomcat/10.1.26]
2026-03-04 08:59:17.544 INFO  o.a.c.c.C.[Tomcat].[localhost].[/] - Initializing Spring embedded WebApplicationContext
2026-03-04 08:59:17.545 INFO  o.s.b.w.s.c.ServletWebServerApplicationContext - Root WebApplicationContext: initialization completed in 3721 ms
2026-03-04 08:59:18.098 INFO  o.h.jpa.internal.util.LogHelper - HHH000204: Processing PersistenceUnitInfo [name: default]
2026-03-04 08:59:18.516 INFO  org.hibernate.Version - HHH000412: Hibernate ORM core version 6.5.2.Final
2026-03-04 08:59:18.708 INFO  o.h.c.i.RegionFactoryInitiator - HHH000026: Second-level cache disabled
2026-03-04 08:59:19.519 INFO  o.s.o.j.p.SpringPersistenceUnitInfo - No LoadTimeWeaver setup: ignoring JPA class transformer
2026-03-04 08:59:19.621 INFO  com.zaxxer.hikari.HikariDataSource - HikariPool-1 - Starting...
2026-03-04 08:59:20.646 INFO  com.zaxxer.hikari.pool.HikariPool - HikariPool-1 - Added connection oracle.jdbc.driver.T4CConnection@4acc27fd
2026-03-04 08:59:20.650 INFO  com.zaxxer.hikari.HikariDataSource - HikariPool-1 - Start completed.
2026-03-04 08:59:20.751 WARN  org.hibernate.orm.deprecation - HHH90000026: Oracle10gDialect has been deprecated; use org.hibernate.community.dialect.OracleLegacyDialect instead
2026-03-04 08:59:23.058 INFO  o.h.e.t.j.p.i.JtaPlatformInitiator - HHH000489: No JTA platform available (set 'hibernate.transaction.jta.platform' to enable JTA platform integration)
2026-03-04 08:59:23.062 INFO  o.s.o.j.LocalContainerEntityManagerFactoryBean - Initialized JPA EntityManagerFactory for persistence unit 'default'
2026-03-04 08:59:25.064 WARN  o.s.b.a.o.j.JpaBaseConfiguration$JpaWebConfiguration - spring.jpa.open-in-view is enabled by default. Therefore, database queries may be performed during view rendering. Explicitly configure spring.jpa.open-in-view to disable this warning
2026-03-04 08:59:25.124 INFO  o.s.b.a.w.s.WelcomePageHandlerMapping - Adding welcome page: class path resource [static/index.html]
2026-03-04 08:59:26.150 INFO  o.a.coyote.http11.Http11NioProtocol - Starting ProtocolHandler ["http-nio-8283"]
2026-03-04 08:59:26.189 INFO  o.s.b.w.e.tomcat.TomcatWebServer - Tomcat started on port 8283 (http) with context path '/'
2026-03-04 08:59:26.201 INFO  kr.co.seoulit.ReceptionApplication - Started ReceptionApplication in 13.295 seconds (process running for 19.386)
2026-03-04 09:03:45.596 INFO  o.a.c.c.C.[Tomcat].[localhost].[/] - Initializing Spring DispatcherServlet 'dispatcherServlet'
2026-03-04 09:03:45.597 INFO  o.s.web.servlet.DispatcherServlet - Initializing Servlet 'dispatcherServlet'
2026-03-04 09:03:45.601 INFO  o.s.web.servlet.DispatcherServlet - Completed initialization in 3 ms
2026-03-04 09:03:45.717 WARN  k.c.s.c.h.GlobalExceptionHandler - No resource found
org.springframework.web.servlet.resource.NoResourceFoundException: No static resource api/imaging-exam.
	at org.springframework.web.servlet.resource.ResourceHttpRequestHandler.handleRequest(ResourceHttpRequestHandler.java:585)
	at org.springframework.web.servlet.mvc.HttpRequestHandlerAdapter.handle(HttpRequestHandlerAdapter.java:52)
	at org.springframework.web.servlet.DispatcherServlet.doDispatch(DispatcherServlet.java:1089)
	at org.springframework.web.servlet.DispatcherServlet.doService(DispatcherServlet.java:979)
	at org.springframework.web.servlet.FrameworkServlet.processRequest(FrameworkServlet.java:1014)
	at org.springframework.web.servlet.FrameworkServlet.doGet(FrameworkServlet.java:903)
	at jakarta.servlet.http.HttpServlet.service(HttpServlet.java:564)
	at org.springframework.web.servlet.FrameworkServlet.service(FrameworkServlet.java:885)
	at jakarta.servlet.http.HttpServlet.service(HttpServlet.java:658)
	at org.apache.catalina.core.ApplicationFilterChain.internalDoFilter(ApplicationFilterChain.java:195)
	at org.apache.catalina.core.ApplicationFilterChain.doFilter(ApplicationFilterChain.java:140)
	at org.apache.tomcat.websocket.server.WsFilter.doFilter(WsFilter.java:51)
	at org.apache.catalina.core.ApplicationFilterChain.internalDoFilter(ApplicationFilterChain.java:164)
	at org.apache.catalina.core.ApplicationFilterChain.doFilter(ApplicationFilterChain.java:140)
	at org.springframework.web.filter.CorsFilter.doFilterInternal(CorsFilter.java:91)
	at org.springframework.web.filter.OncePerRequestFilter.doFilter(OncePerRequestFilter.java:116)
	at org.apache.catalina.core.ApplicationFilterChain.internalDoFilter(ApplicationFilterChain.java:164)
	at org.apache.catalina.core.ApplicationFilterChain.doFilter(ApplicationFilterChain.java:140)
	at org.springframework.web.filter.RequestContextFilter.doFilterInternal(RequestContextFilter.java:100)
	at org.springframework.web.filter.OncePerRequestFilter.doFilter(OncePerRequestFilter.java:116)
	at org.apache.catalina.core.ApplicationFilterChain.internalDoFilter(ApplicationFilterChain.java:164)
	at org.apache.catalina.core.ApplicationFilterChain.doFilter(ApplicationFilterChain.java:140)
	at org.springframework.web.filter.FormContentFilter.doFilterInternal(FormContentFilter.java:93)
	at org.springframework.web.filter.OncePerRequestFilter.doFilter(OncePerRequestFilter.java:116)
	at org.apache.catalina.core.ApplicationFilterChain.internalDoFilter(ApplicationFilterChain.java:164)
	at org.apache.catalina.core.ApplicationFilterChain.doFilter(ApplicationFilterChain.java:140)
	at org.springframework.web.filter.CharacterEncodingFilter.doFilterInternal(CharacterEncodingFilter.java:201)
	at org.springframework.web.filter.OncePerRequestFilter.doFilter(OncePerRequestFilter.java:116)
	at org.apache.catalina.core.ApplicationFilterChain.internalDoFilter(ApplicationFilterChain.java:164)
	at org.apache.catalina.core.ApplicationFilterChain.doFilter(ApplicationFilterChain.java:140)
	at org.apache.catalina.core.StandardWrapperValve.invoke(StandardWrapperValve.java:167)
	at org.apache.catalina.core.StandardContextValve.invoke(StandardContextValve.java:90)
	at org.apache.catalina.authenticator.AuthenticatorBase.invoke(AuthenticatorBase.java:483)
	at org.apache.catalina.core.StandardHostValve.invoke(StandardHostValve.java:115)
	at org.apache.catalina.valves.ErrorReportValve.invoke(ErrorReportValve.java:93)
	at org.apache.catalina.core.StandardEngineValve.invoke(StandardEngineValve.java:74)
	at org.apache.catalina.connector.CoyoteAdapter.service(CoyoteAdapter.java:344)
	at org.apache.coyote.http11.Http11Processor.service(Http11Processor.java:389)
	at org.apache.coyote.AbstractProcessorLight.process(AbstractProcessorLight.java:63)
	at org.apache.coyote.AbstractProtocol$ConnectionHandler.process(AbstractProtocol.java:904)
	at org.apache.tomcat.util.net.NioEndpoint$SocketProcessor.doRun(NioEndpoint.java:1741)
	at org.apache.tomcat.util.net.SocketProcessorBase.run(SocketProcessorBase.java:52)
	at org.apache.tomcat.util.threads.ThreadPoolExecutor.runWorker(ThreadPoolExecutor.java:1190)
	at org.apache.tomcat.util.threads.ThreadPoolExecutor$Worker.run(ThreadPoolExecutor.java:659)
	at org.apache.tomcat.util.threads.TaskThread$WrappingRunnable.run(TaskThread.java:63)
	at java.base/java.lang.Thread.run(Thread.java:842)
2026-03-04 09:03:46.005 WARN  k.c.s.c.h.GlobalExceptionHandler - No resource found
org.springframework.web.servlet.resource.NoResourceFoundException: No static resource api/imaging-exam.
	at org.springframework.web.servlet.resource.ResourceHttpRequestHandler.handleRequest(ResourceHttpRequestHandler.java:585)
	at org.springframework.web.servlet.mvc.HttpRequestHandlerAdapter.handle(HttpRequestHandlerAdapter.java:52)
	at org.springframework.web.servlet.DispatcherServlet.doDispatch(DispatcherServlet.java:1089)
	at org.springframework.web.servlet.DispatcherServlet.doService(DispatcherServlet.java:979)
	at org.springframework.web.servlet.FrameworkServlet.processRequest(FrameworkServlet.java:1014)
	at org.springframework.web.servlet.FrameworkServlet.doGet(FrameworkServlet.java:903)
	at jakarta.servlet.http.HttpServlet.service(HttpServlet.java:564)
	at org.springframework.web.servlet.FrameworkServlet.service(FrameworkServlet.java:885)
	at jakarta.servlet.http.HttpServlet.service(HttpServlet.java:658)
	at org.apache.catalina.core.ApplicationFilterChain.internalDoFilter(ApplicationFilterChain.java:195)
	at org.apache.catalina.core.ApplicationFilterChain.doFilter(ApplicationFilterChain.java:140)
	at org.apache.tomcat.websocket.server.WsFilter.doFilter(WsFilter.java:51)
	at org.apache.catalina.core.ApplicationFilterChain.internalDoFilter(ApplicationFilterChain.java:164)
	at org.apache.catalina.core.ApplicationFilterChain.doFilter(ApplicationFilterChain.java:140)
	at org.springframework.web.filter.CorsFilter.doFilterInternal(CorsFilter.java:91)
	at org.springframework.web.filter.OncePerRequestFilter.doFilter(OncePerRequestFilter.java:116)
	at org.apache.catalina.core.ApplicationFilterChain.internalDoFilter(ApplicationFilterChain.java:164)
	at org.apache.catalina.core.ApplicationFilterChain.doFilter(ApplicationFilterChain.java:140)
	at org.springframework.web.filter.RequestContextFilter.doFilterInternal(RequestContextFilter.java:100)
	at org.springframework.web.filter.OncePerRequestFilter.doFilter(OncePerRequestFilter.java:116)
	at org.apache.catalina.core.ApplicationFilterChain.internalDoFilter(ApplicationFilterChain.java:164)
	at org.apache.catalina.core.ApplicationFilterChain.doFilter(ApplicationFilterChain.java:140)
	at org.springframework.web.filter.FormContentFilter.doFilterInternal(FormContentFilter.java:93)
	at org.springframework.web.filter.OncePerRequestFilter.doFilter(OncePerRequestFilter.java:116)
	at org.apache.catalina.core.ApplicationFilterChain.internalDoFilter(ApplicationFilterChain.java:164)
	at org.apache.catalina.core.ApplicationFilterChain.doFilter(ApplicationFilterChain.java:140)
	at org.springframework.web.filter.CharacterEncodingFilter.doFilterInternal(CharacterEncodingFilter.java:201)
	at org.springframework.web.filter.OncePerRequestFilter.doFilter(OncePerRequestFilter.java:116)
	at org.apache.catalina.core.ApplicationFilterChain.internalDoFilter(ApplicationFilterChain.java:164)
	at org.apache.catalina.core.ApplicationFilterChain.doFilter(ApplicationFilterChain.java:140)
	at org.apache.catalina.core.StandardWrapperValve.invoke(StandardWrapperValve.java:167)
	at org.apache.catalina.core.StandardContextValve.invoke(StandardContextValve.java:90)
	at org.apache.catalina.authenticator.AuthenticatorBase.invoke(AuthenticatorBase.java:483)
	at org.apache.catalina.core.StandardHostValve.invoke(StandardHostValve.java:115)
	at org.apache.catalina.valves.ErrorReportValve.invoke(ErrorReportValve.java:93)
	at org.apache.catalina.core.StandardEngineValve.invoke(StandardEngineValve.java:74)
	at org.apache.catalina.connector.CoyoteAdapter.service(CoyoteAdapter.java:344)
	at org.apache.coyote.http11.Http11Processor.service(Http11Processor.java:389)
	at org.apache.coyote.AbstractProcessorLight.process(AbstractProcessorLight.java:63)
	at org.apache.coyote.AbstractProtocol$ConnectionHandler.process(AbstractProtocol.java:904)
	at org.apache.tomcat.util.net.NioEndpoint$SocketProcessor.doRun(NioEndpoint.java:1741)
	at org.apache.tomcat.util.net.SocketProcessorBase.run(SocketProcessorBase.java:52)
	at org.apache.tomcat.util.threads.ThreadPoolExecutor.runWorker(ThreadPoolExecutor.java:1190)
	at org.apache.tomcat.util.threads.ThreadPoolExecutor$Worker.run(ThreadPoolExecutor.java:659)
	at org.apache.tomcat.util.threads.TaskThread$WrappingRunnable.run(TaskThread.java:63)
	at java.base/java.lang.Thread.run(Thread.java:842)
2026-03-04 09:28:47.515 INFO  k.co.seoulit.common.aop.LoggerAspect - Controller  : kr.co.seoulit.reception.controller.EmergencyReceptionController.getEmergencyReceptions()시작
2026-03-04 09:28:47.516 INFO  k.c.s.r.c.EmergencyReceptionController - 응급 접수 목록 요청: searchType=null, searchValue=null
2026-03-04 09:28:47.528 INFO  k.co.seoulit.common.aop.LoggerAspect - ServiceImpl  : kr.co.seoulit.reception.service.EmergencyReceptionServiceImpl.getEmergencyReceptionList()시작
2026-03-04 09:28:47.899 INFO  k.co.seoulit.common.aop.LoggerAspect - ServiceImpl  : kr.co.seoulit.reception.service.EmergencyReceptionServiceImpl.getEmergencyReceptionList()종료
2026-03-04 09:28:47.907 INFO  k.co.seoulit.common.aop.LoggerAspect - Controller  : kr.co.seoulit.reception.controller.EmergencyReceptionController.getEmergencyReceptions()종료
2026-03-04 09:28:47.938 INFO  k.co.seoulit.common.aop.LoggerAspect - Controller  : kr.co.seoulit.reception.controller.EmergencyReceptionController.getEmergencyReceptions()시작
2026-03-04 09:28:47.938 INFO  k.c.s.r.c.EmergencyReceptionController - 응급 접수 목록 요청: searchType=null, searchValue=null
2026-03-04 09:28:47.939 INFO  k.co.seoulit.common.aop.LoggerAspect - ServiceImpl  : kr.co.seoulit.reception.service.EmergencyReceptionServiceImpl.getEmergencyReceptionList()시작
2026-03-04 09:28:47.960 INFO  k.co.seoulit.common.aop.LoggerAspect - ServiceImpl  : kr.co.seoulit.reception.service.EmergencyReceptionServiceImpl.getEmergencyReceptionList()종료
2026-03-04 09:28:47.967 INFO  k.co.seoulit.common.aop.LoggerAspect - Controller  : kr.co.seoulit.reception.controller.EmergencyReceptionController.getEmergencyReceptions()종료
2026-03-04 09:28:47.978 INFO  k.co.seoulit.common.aop.LoggerAspect - Controller  : kr.co.seoulit.reception.controller.EmergencyReceptionController.getEmergencyReceptions()시작
2026-03-04 09:28:47.979 INFO  k.c.s.r.c.EmergencyReceptionController - 응급 접수 목록 요청: searchType=null, searchValue=null
2026-03-04 09:28:47.979 INFO  k.co.seoulit.common.aop.LoggerAspect - ServiceImpl  : kr.co.seoulit.reception.service.EmergencyReceptionServiceImpl.getEmergencyReceptionList()시작
2026-03-04 09:28:47.999 INFO  k.co.seoulit.common.aop.LoggerAspect - ServiceImpl  : kr.co.seoulit.reception.service.EmergencyReceptionServiceImpl.getEmergencyReceptionList()종료
2026-03-04 09:28:48.004 INFO  k.co.seoulit.common.aop.LoggerAspect - Controller  : kr.co.seoulit.reception.controller.EmergencyReceptionController.getEmergencyReceptions()종료
2026-03-04 09:28:56.940 INFO  k.co.seoulit.common.aop.LoggerAspect - Controller  : kr.co.seoulit.reception.controller.EmergencyReceptionController.getEmergencyReceptions()시작
2026-03-04 09:28:56.940 INFO  k.c.s.r.c.EmergencyReceptionController - 응급 접수 목록 요청: searchType=triageLevel, searchValue=1
2026-03-04 09:28:56.954 INFO  k.co.seoulit.common.aop.LoggerAspect - ServiceImpl  : kr.co.seoulit.reception.service.EmergencyReceptionServiceImpl.getEmergencyReceptionList()시작
2026-03-04 09:28:57.201 INFO  k.co.seoulit.common.aop.LoggerAspect - ServiceImpl  : kr.co.seoulit.reception.service.EmergencyReceptionServiceImpl.getEmergencyReceptionList()종료
2026-03-04 09:28:57.207 INFO  k.co.seoulit.common.aop.LoggerAspect - Controller  : kr.co.seoulit.reception.controller.EmergencyReceptionController.getEmergencyReceptions()종료
2026-03-04 09:29:00.554 INFO  k.co.seoulit.common.aop.LoggerAspect - Controller  : kr.co.seoulit.reception.controller.EmergencyReceptionController.getEmergencyReceptions()시작
2026-03-04 09:29:00.555 INFO  k.c.s.r.c.EmergencyReceptionController - 응급 접수 목록 요청: searchType=triageLevel, searchValue=2
2026-03-04 09:29:00.562 INFO  k.co.seoulit.common.aop.LoggerAspect - ServiceImpl  : kr.co.seoulit.reception.service.EmergencyReceptionServiceImpl.getEmergencyReceptionList()시작
2026-03-04 09:29:00.599 INFO  k.co.seoulit.common.aop.LoggerAspect - ServiceImpl  : kr.co.seoulit.reception.service.EmergencyReceptionServiceImpl.getEmergencyReceptionList()종료
2026-03-04 09:29:00.605 INFO  k.co.seoulit.common.aop.LoggerAspect - Controller  : kr.co.seoulit.reception.controller.EmergencyReceptionController.getEmergencyReceptions()종료
2026-03-04 09:29:01.543 INFO  k.co.seoulit.common.aop.LoggerAspect - Controller  : kr.co.seoulit.reception.controller.EmergencyReceptionController.getEmergencyReceptions()시작
2026-03-04 09:29:01.544 INFO  k.c.s.r.c.EmergencyReceptionController - 응급 접수 목록 요청: searchType=null, searchValue=null
2026-03-04 09:29:01.551 INFO  k.co.seoulit.common.aop.LoggerAspect - ServiceImpl  : kr.co.seoulit.reception.service.EmergencyReceptionServiceImpl.getEmergencyReceptionList()시작
2026-03-04 09:29:01.578 INFO  k.co.seoulit.common.aop.LoggerAspect - ServiceImpl  : kr.co.seoulit.reception.service.EmergencyReceptionServiceImpl.getEmergencyReceptionList()종료
2026-03-04 09:29:01.589 INFO  k.co.seoulit.common.aop.LoggerAspect - Controller  : kr.co.seoulit.reception.controller.EmergencyReceptionController.getEmergencyReceptions()종료
2026-03-04 09:29:30.387 INFO  k.co.seoulit.common.aop.LoggerAspect - Controller  : kr.co.seoulit.reception.controller.EmergencyReceptionController.getEmergencyReceptions()시작
2026-03-04 09:29:30.388 INFO  k.c.s.r.c.EmergencyReceptionController - 응급 접수 목록 요청: searchType=null, searchValue=null
2026-03-04 09:29:30.395 INFO  k.co.seoulit.common.aop.LoggerAspect - ServiceImpl  : kr.co.seoulit.reception.service.EmergencyReceptionServiceImpl.getEmergencyReceptionList()시작
2026-03-04 09:29:30.425 INFO  k.co.seoulit.common.aop.LoggerAspect - ServiceImpl  : kr.co.seoulit.reception.service.EmergencyReceptionServiceImpl.getEmergencyReceptionList()종료
2026-03-04 09:29:30.436 INFO  k.co.seoulit.common.aop.LoggerAspect - Controller  : kr.co.seoulit.reception.controller.EmergencyReceptionController.getEmergencyReceptions()종료
2026-03-04 09:29:30.625 INFO  k.co.seoulit.common.aop.LoggerAspect - Controller  : kr.co.seoulit.reception.controller.EmergencyReceptionController.getEmergencyReceptions()시작
2026-03-04 09:29:30.626 INFO  k.c.s.r.c.EmergencyReceptionController - 응급 접수 목록 요청: searchType=null, searchValue=null
2026-03-04 09:29:30.629 INFO  k.co.seoulit.common.aop.LoggerAspect - ServiceImpl  : kr.co.seoulit.reception.service.EmergencyReceptionServiceImpl.getEmergencyReceptionList()시작
2026-03-04 09:29:30.651 INFO  k.co.seoulit.common.aop.LoggerAspect - ServiceImpl  : kr.co.seoulit.reception.service.EmergencyReceptionServiceImpl.getEmergencyReceptionList()종료
2026-03-04 09:29:30.660 INFO  k.co.seoulit.common.aop.LoggerAspect - Controller  : kr.co.seoulit.reception.controller.EmergencyReceptionController.getEmergencyReceptions()종료
2026-03-04 09:34:52.959 INFO  k.co.seoulit.common.aop.LoggerAspect - Controller  : kr.co.seoulit.reception.controller.ReceptionController.getReceptions()시작
2026-03-04 09:34:52.962 INFO  k.co.seoulit.common.aop.LoggerAspect - Controller  : kr.co.seoulit.reception.controller.ReservationController.getReservations()시작
2026-03-04 09:34:52.967 INFO  k.c.s.r.c.ReservationController - 예약 목록 요청: searchType=null, searchValue=null
2026-03-04 09:34:52.960 INFO  k.c.s.r.c.ReceptionController - Reception list request: searchType=null, searchValue=null
2026-03-04 09:34:53.028 INFO  k.co.seoulit.common.aop.LoggerAspect - ServiceImpl  : kr.co.seoulit.reception.service.ReceptionServiceImpl.getReceptionList()시작
2026-03-04 09:34:53.028 INFO  k.co.seoulit.common.aop.LoggerAspect - ServiceImpl  : kr.co.seoulit.reception.service.ReservationServiceImpl.getReservationList()시작
2026-03-04 09:34:53.084 INFO  k.co.seoulit.common.aop.LoggerAspect - ServiceImpl  : kr.co.seoulit.reception.service.ReservationServiceImpl.getReservationList()종료
2026-03-04 09:34:53.093 INFO  k.co.seoulit.common.aop.LoggerAspect - Controller  : kr.co.seoulit.reception.controller.ReservationController.getReservations()종료
2026-03-04 09:34:53.109 INFO  k.co.seoulit.common.aop.LoggerAspect - ServiceImpl  : kr.co.seoulit.reception.service.ReceptionServiceImpl.getReceptionList()종료
2026-03-04 09:34:53.116 INFO  k.co.seoulit.common.aop.LoggerAspect - Controller  : kr.co.seoulit.reception.controller.ReceptionController.getReceptions()종료
2026-03-04 09:34:53.169 INFO  k.co.seoulit.common.aop.LoggerAspect - Controller  : kr.co.seoulit.reception.controller.ReceptionController.getReceptions()시작
2026-03-04 09:34:53.171 INFO  k.c.s.r.c.ReceptionController - Reception list request: searchType=null, searchValue=null
2026-03-04 09:34:53.174 INFO  k.co.seoulit.common.aop.LoggerAspect - ServiceImpl  : kr.co.seoulit.reception.service.ReceptionServiceImpl.getReceptionList()시작
2026-03-04 09:34:53.250 INFO  k.co.seoulit.common.aop.LoggerAspect - ServiceImpl  : kr.co.seoulit.reception.service.ReceptionServiceImpl.getReceptionList()종료
2026-03-04 09:34:53.262 INFO  k.co.seoulit.common.aop.LoggerAspect - Controller  : kr.co.seoulit.reception.controller.ReceptionController.getReceptions()종료
2026-03-04 09:34:53.412 INFO  k.co.seoulit.common.aop.LoggerAspect - Controller  : kr.co.seoulit.reception.controller.ReceptionController.getReception()시작
2026-03-04 09:34:53.414 INFO  k.c.s.r.c.ReceptionController - Get reception request: id=54
2026-03-04 09:34:53.442 INFO  k.co.seoulit.common.aop.LoggerAspect - Controller  : kr.co.seoulit.reception.controller.ReceptionController.createReception()시작
2026-03-04 09:34:53.442 INFO  k.c.s.r.c.ReceptionController - Create reception request: receptionNo=20260303-301
2026-03-04 09:34:53.443 INFO  k.co.seoulit.common.aop.LoggerAspect - ServiceImpl  : kr.co.seoulit.reception.service.ReceptionServiceImpl.createReception()시작
2026-03-04 09:34:53.455 INFO  k.co.seoulit.common.aop.LoggerAspect - ServiceImpl  : kr.co.seoulit.reception.service.ReceptionServiceImpl.getReception()시작
2026-03-04 09:34:53.777 DEBUG org.hibernate.SQL - select re1_0.reception_id,re1_0.arrived_at,re1_0.cancel_reason_code,re1_0.cancel_reason_text,re1_0.created_at,re1_0.created_by,re1_0.department_id,re1_0.department_name,re1_0.doctor_id,re1_0.doctor_name,re1_0.hold_reason_code,re1_0.hold_reason_text,re1_0.inactive_at,re1_0.inactive_reason_code,re1_0.inactive_reason_text,re1_0.is_active,re1_0.note,re1_0.patient_id,re1_0.patient_name,re1_0.reception_no,re1_0.reservation_id,re1_0.scheduled_at,re1_0.status,re1_0.updated_at,re1_0.updated_by,re1_0.visit_type from reception re1_0 where re1_0.reception_id=?
2026-03-04 09:34:53.779 TRACE org.hibernate.orm.jdbc.bind - binding parameter (1:BIGINT) <- [54]
2026-03-04 09:34:53.842 INFO  k.co.seoulit.common.aop.LoggerAspect - kr.co.seoulit.reception.mapstruct.ReceptionResMapStructImpl.toDto()시작
2026-03-04 09:34:53.842 INFO  k.co.seoulit.common.aop.LoggerAspect - kr.co.seoulit.reception.mapstruct.ReceptionResMapStructImpl.toDto()종료
2026-03-04 09:34:53.843 INFO  k.co.seoulit.common.aop.LoggerAspect - ServiceImpl  : kr.co.seoulit.reception.service.ReceptionServiceImpl.getReception()종료
2026-03-04 09:34:53.855 INFO  k.co.seoulit.common.aop.LoggerAspect - Controller  : kr.co.seoulit.reception.controller.ReceptionController.getReception()종료
2026-03-04 09:34:53.911 DEBUG org.hibernate.SQL - select * from (select re1_0.reception_id c0,rownum rn from reception re1_0 where re1_0.reception_no=?) r_0_ where r_0_.rn<=? order by r_0_.rn
2026-03-04 09:34:53.911 TRACE org.hibernate.orm.jdbc.bind - binding parameter (1:VARCHAR) <- [20260303-301]
2026-03-04 09:34:53.911 TRACE org.hibernate.orm.jdbc.bind - binding parameter (2:INTEGER) <- [1]
2026-03-04 09:34:53.933 INFO  k.co.seoulit.common.aop.LoggerAspect - kr.co.seoulit.reception.mapstruct.ReceptionReqMapStructImpl.toEntity()시작
2026-03-04 09:34:53.933 INFO  k.co.seoulit.common.aop.LoggerAspect - kr.co.seoulit.reception.mapstruct.ReceptionReqMapStructImpl.toEntity()종료
2026-03-04 09:34:53.947 DEBUG org.hibernate.SQL - select seq_reception.nextval from dual
2026-03-04 09:34:53.986 INFO  k.co.seoulit.common.aop.LoggerAspect - kr.co.seoulit.reception.mapstruct.ReceptionResMapStructImpl.toDto()시작
2026-03-04 09:34:53.988 INFO  k.co.seoulit.common.aop.LoggerAspect - kr.co.seoulit.reception.mapstruct.ReceptionResMapStructImpl.toDto()종료
2026-03-04 09:34:53.997 DEBUG org.hibernate.SQL - select seq_audit_log.nextval from dual
2026-03-04 09:34:54.013 INFO  k.co.seoulit.common.aop.LoggerAspect - ServiceImpl  : kr.co.seoulit.reception.service.ReceptionServiceImpl.createReception()종료
2026-03-04 09:34:54.064 DEBUG org.hibernate.SQL - insert into reception (arrived_at,cancel_reason_code,cancel_reason_text,created_at,created_by,department_id,department_name,doctor_id,doctor_name,hold_reason_code,hold_reason_text,inactive_at,inactive_reason_code,inactive_reason_text,is_active,note,patient_id,patient_name,reception_no,reservation_id,scheduled_at,status,updated_at,updated_by,visit_type,reception_id) values (?,?,?,?,?,?,?,?,?,?,?,?,?,?,?,?,?,?,?,?,?,?,?,?,?,?)
2026-03-04 09:34:54.067 TRACE org.hibernate.orm.jdbc.bind - binding parameter (1:TIMESTAMP) <- [null]
2026-03-04 09:34:54.070 TRACE org.hibernate.orm.jdbc.bind - binding parameter (2:VARCHAR) <- [null]
2026-03-04 09:34:54.072 TRACE org.hibernate.orm.jdbc.bind - binding parameter (3:VARCHAR) <- [null]
2026-03-04 09:34:54.073 TRACE org.hibernate.orm.jdbc.bind - binding parameter (4:TIMESTAMP) <- [2026-03-04T09:34:54.045545]
2026-03-04 09:34:54.074 TRACE org.hibernate.orm.jdbc.bind - binding parameter (5:BIGINT) <- [null]
2026-03-04 09:34:54.074 TRACE org.hibernate.orm.jdbc.bind - binding parameter (6:BIGINT) <- [1]
2026-03-04 09:34:54.075 TRACE org.hibernate.orm.jdbc.bind - binding parameter (7:VARCHAR) <- [내과]
2026-03-04 09:34:54.076 TRACE org.hibernate.orm.jdbc.bind - binding parameter (8:BIGINT) <- [1]
2026-03-04 09:34:54.076 TRACE org.hibernate.orm.jdbc.bind - binding parameter (9:VARCHAR) <- [송태민]
2026-03-04 09:34:54.076 TRACE org.hibernate.orm.jdbc.bind - binding parameter (10:VARCHAR) <- [null]
2026-03-04 09:34:54.077 TRACE org.hibernate.orm.jdbc.bind - binding parameter (11:VARCHAR) <- [null]
2026-03-04 09:34:54.077 TRACE org.hibernate.orm.jdbc.bind - binding parameter (12:TIMESTAMP) <- [null]
2026-03-04 09:34:54.077 TRACE org.hibernate.orm.jdbc.bind - binding parameter (13:VARCHAR) <- [null]
2026-03-04 09:34:54.077 TRACE org.hibernate.orm.jdbc.bind - binding parameter (14:VARCHAR) <- [null]
2026-03-04 09:34:54.077 TRACE org.hibernate.orm.jdbc.bind - binding parameter (15:BOOLEAN) <- [true]
2026-03-04 09:34:54.078 TRACE org.hibernate.orm.jdbc.bind - binding parameter (16:VARCHAR) <- [예약 당일 자동 접수 생성]
2026-03-04 09:34:54.078 TRACE org.hibernate.orm.jdbc.bind - binding parameter (17:BIGINT) <- [15]
2026-03-04 09:34:54.079 TRACE org.hibernate.orm.jdbc.bind - binding parameter (18:VARCHAR) <- [박영하]
2026-03-04 09:34:54.079 TRACE org.hibernate.orm.jdbc.bind - binding parameter (19:VARCHAR) <- [20260303-301]
2026-03-04 09:34:54.080 TRACE org.hibernate.orm.jdbc.bind - binding parameter (20:BIGINT) <- [10]
2026-03-04 09:34:54.080 TRACE org.hibernate.orm.jdbc.bind - binding parameter (21:TIMESTAMP) <- [2026-03-04T10:09]
2026-03-04 09:34:54.080 TRACE org.hibernate.orm.jdbc.bind - binding parameter (22:VARCHAR) <- [WAITING]
2026-03-04 09:34:54.080 TRACE org.hibernate.orm.jdbc.bind - binding parameter (23:TIMESTAMP) <- [2026-03-04T09:34:54.045545]
2026-03-04 09:34:54.080 TRACE org.hibernate.orm.jdbc.bind - binding parameter (24:BIGINT) <- [null]
2026-03-04 09:34:54.080 TRACE org.hibernate.orm.jdbc.bind - binding parameter (25:VARCHAR) <- [OUTPATIENT]
2026-03-04 09:34:54.081 TRACE org.hibernate.orm.jdbc.bind - binding parameter (26:BIGINT) <- [55]
2026-03-04 09:34:54.115 DEBUG org.hibernate.SQL - insert into audit_log (action,actor_id,after_json,before_json,diff_json,entity_id,entity_type,occurred_at,reason_code,reason_text,audit_log_id) values (?,?,?,?,?,?,?,?,?,?,?)
2026-03-04 09:34:54.115 TRACE org.hibernate.orm.jdbc.bind - binding parameter (1:VARCHAR) <- [CREATE]
2026-03-04 09:34:54.116 TRACE org.hibernate.orm.jdbc.bind - binding parameter (2:BIGINT) <- [null]
2026-03-04 09:34:54.116 TRACE org.hibernate.orm.jdbc.bind - binding parameter (3:VARCHAR) <- [{"receptionId":55,"receptionNo":"20260303-301","patientId":15,"patientName":"박영하","visitType":"OUTPATIENT","departmentId":1,"departmentName":"내과","doctorId":1,"doctorName":"송태민","reservationId":10,"scheduledAt":"2026-03-04T10:09:00","arrivedAt":null,"status":"WAITING","note":"예약 당일 자동 접수 생성","isActive":true,"inactiveAt":null,"inactiveReasonCode":null,"inactiveReasonText":null,"cancelReasonCode":null,"cancelReasonText":null,"holdReasonCode":null,"holdReasonText":null,"createdBy":null,"updatedBy":null,"createdAt":null,"updatedAt":null}]
2026-03-04 09:34:54.116 TRACE org.hibernate.orm.jdbc.bind - binding parameter (4:VARCHAR) <- [null]
2026-03-04 09:34:54.116 TRACE org.hibernate.orm.jdbc.bind - binding parameter (5:VARCHAR) <- [null]
2026-03-04 09:34:54.116 TRACE org.hibernate.orm.jdbc.bind - binding parameter (6:BIGINT) <- [55]
2026-03-04 09:34:54.116 TRACE org.hibernate.orm.jdbc.bind - binding parameter (7:VARCHAR) <- [RECEPTION]
2026-03-04 09:34:54.116 TRACE org.hibernate.orm.jdbc.bind - binding parameter (8:TIMESTAMP) <- [2026-03-04T09:34:54.115710]
2026-03-04 09:34:54.116 TRACE org.hibernate.orm.jdbc.bind - binding parameter (9:VARCHAR) <- [null]
2026-03-04 09:34:54.116 TRACE org.hibernate.orm.jdbc.bind - binding parameter (10:VARCHAR) <- [null]
2026-03-04 09:34:54.117 TRACE org.hibernate.orm.jdbc.bind - binding parameter (11:BIGINT) <- [139]
2026-03-04 09:34:54.150 INFO  k.co.seoulit.common.aop.LoggerAspect - Controller  : kr.co.seoulit.reception.controller.ReceptionController.createReception()종료
2026-03-04 09:34:54.164 INFO  k.co.seoulit.common.aop.LoggerAspect - Controller  : kr.co.seoulit.reception.controller.ReservationController.updateReservation()시작
2026-03-04 09:34:54.164 INFO  k.c.s.r.c.ReservationController - 예약 수정 요청: id=10
2026-03-04 09:34:54.165 INFO  k.co.seoulit.common.aop.LoggerAspect - ServiceImpl  : kr.co.seoulit.reception.service.ReservationServiceImpl.updateReservation()시작
2026-03-04 09:34:54.166 DEBUG org.hibernate.SQL - select re1_0.reservation_id,re1_0.cancel_reason_code,re1_0.cancel_reason_text,re1_0.canceled_at,re1_0.created_at,re1_0.created_by,re1_0.department_id,re1_0.department_name,re1_0.doctor_id,re1_0.doctor_name,re1_0.inactive_at,re1_0.inactive_reason_code,re1_0.inactive_reason_text,re1_0.is_active,re1_0.note,re1_0.patient_id,re1_0.patient_name,re1_0.reservation_no,re1_0.reserved_at,re1_0.status,re1_0.updated_at,re1_0.updated_by from reservation re1_0 where re1_0.reservation_id=?
2026-03-04 09:34:54.166 TRACE org.hibernate.orm.jdbc.bind - binding parameter (1:BIGINT) <- [10]
2026-03-04 09:34:54.184 INFO  k.co.seoulit.common.aop.LoggerAspect - kr.co.seoulit.reception.mapstruct.ReservationResMapStructImpl.toDto()시작
2026-03-04 09:34:54.185 INFO  k.co.seoulit.common.aop.LoggerAspect - kr.co.seoulit.reception.mapstruct.ReservationResMapStructImpl.toDto()종료
2026-03-04 09:34:54.197 INFO  k.co.seoulit.common.aop.LoggerAspect - kr.co.seoulit.reception.mapstruct.ReservationResMapStructImpl.toDto()시작
2026-03-04 09:34:54.197 INFO  k.co.seoulit.common.aop.LoggerAspect - kr.co.seoulit.reception.mapstruct.ReservationResMapStructImpl.toDto()종료
2026-03-04 09:34:54.200 DEBUG org.hibernate.SQL - select seq_audit_log.nextval from dual
2026-03-04 09:34:54.211 INFO  k.co.seoulit.common.aop.LoggerAspect - ServiceImpl  : kr.co.seoulit.reception.service.ReservationServiceImpl.updateReservation()종료
2026-03-04 09:34:54.225 DEBUG org.hibernate.SQL - insert into audit_log (action,actor_id,after_json,before_json,diff_json,entity_id,entity_type,occurred_at,reason_code,reason_text,audit_log_id) values (?,?,?,?,?,?,?,?,?,?,?)
2026-03-04 09:34:54.226 TRACE org.hibernate.orm.jdbc.bind - binding parameter (1:VARCHAR) <- [UPDATE]
2026-03-04 09:34:54.227 TRACE org.hibernate.orm.jdbc.bind - binding parameter (2:BIGINT) <- [null]
2026-03-04 09:34:54.227 TRACE org.hibernate.orm.jdbc.bind - binding parameter (3:VARCHAR) <- [{"reservationId":10,"reservationNo":"20260303-301","patientId":15,"patientName":"박영하","departmentId":1,"departmentName":"내과","doctorId":1,"doctorName":"송태민","reservedAt":"2026-03-04T10:09:00","status":"COMPLETED","note":"예약 당일 자동 접수 이관 완료","isActive":true,"inactiveAt":null,"inactiveReasonCode":null,"inactiveReasonText":null,"canceledAt":null,"cancelReasonCode":null,"cancelReasonText":null,"createdBy":null,"updatedBy":null,"createdAt":"2026-03-03T10:09:31.084274","updatedAt":"2026-03-03T10:09:31.084274"}]
2026-03-04 09:34:54.227 TRACE org.hibernate.orm.jdbc.bind - binding parameter (4:VARCHAR) <- [{"reservationId":10,"reservationNo":"20260303-301","patientId":15,"patientName":"박영하","departmentId":1,"departmentName":"내과","doctorId":1,"doctorName":"송태민","reservedAt":"2026-03-04T10:09:00","status":"RESERVED","note":null,"isActive":true,"inactiveAt":null,"inactiveReasonCode":null,"inactiveReasonText":null,"canceledAt":null,"cancelReasonCode":null,"cancelReasonText":null,"createdBy":null,"updatedBy":null,"createdAt":"2026-03-03T10:09:31.084274","updatedAt":"2026-03-03T10:09:31.084274"}]
2026-03-04 09:34:54.227 TRACE org.hibernate.orm.jdbc.bind - binding parameter (5:VARCHAR) <- [null]
2026-03-04 09:34:54.228 TRACE org.hibernate.orm.jdbc.bind - binding parameter (6:BIGINT) <- [10]
2026-03-04 09:34:54.228 TRACE org.hibernate.orm.jdbc.bind - binding parameter (7:VARCHAR) <- [RESERVATION]
2026-03-04 09:34:54.228 TRACE org.hibernate.orm.jdbc.bind - binding parameter (8:TIMESTAMP) <- [2026-03-04T09:34:54.224160]
2026-03-04 09:34:54.229 TRACE org.hibernate.orm.jdbc.bind - binding parameter (9:VARCHAR) <- [null]
2026-03-04 09:34:54.229 TRACE org.hibernate.orm.jdbc.bind - binding parameter (10:VARCHAR) <- [null]
2026-03-04 09:34:54.229 TRACE org.hibernate.orm.jdbc.bind - binding parameter (11:BIGINT) <- [140]
2026-03-04 09:34:54.248 DEBUG org.hibernate.SQL - update reservation set cancel_reason_code=?,cancel_reason_text=?,canceled_at=?,created_by=?,department_id=?,department_name=?,doctor_id=?,doctor_name=?,inactive_at=?,inactive_reason_code=?,inactive_reason_text=?,is_active=?,note=?,patient_id=?,patient_name=?,reservation_no=?,reserved_at=?,status=?,updated_at=?,updated_by=? where reservation_id=?
2026-03-04 09:34:54.249 TRACE org.hibernate.orm.jdbc.bind - binding parameter (1:VARCHAR) <- [null]
2026-03-04 09:34:54.249 TRACE org.hibernate.orm.jdbc.bind - binding parameter (2:VARCHAR) <- [null]
2026-03-04 09:34:54.249 TRACE org.hibernate.orm.jdbc.bind - binding parameter (3:TIMESTAMP) <- [null]
2026-03-04 09:34:54.249 TRACE org.hibernate.orm.jdbc.bind - binding parameter (4:BIGINT) <- [null]
2026-03-04 09:34:54.249 TRACE org.hibernate.orm.jdbc.bind - binding parameter (5:BIGINT) <- [1]
2026-03-04 09:34:54.250 TRACE org.hibernate.orm.jdbc.bind - binding parameter (6:VARCHAR) <- [내과]
2026-03-04 09:34:54.250 TRACE org.hibernate.orm.jdbc.bind - binding parameter (7:BIGINT) <- [1]
2026-03-04 09:34:54.250 TRACE org.hibernate.orm.jdbc.bind - binding parameter (8:VARCHAR) <- [송태민]
2026-03-04 09:34:54.250 TRACE org.hibernate.orm.jdbc.bind - binding parameter (9:TIMESTAMP) <- [null]
2026-03-04 09:34:54.250 TRACE org.hibernate.orm.jdbc.bind - binding parameter (10:VARCHAR) <- [null]
2026-03-04 09:34:54.251 TRACE org.hibernate.orm.jdbc.bind - binding parameter (11:VARCHAR) <- [null]
2026-03-04 09:34:54.251 TRACE org.hibernate.orm.jdbc.bind - binding parameter (12:BOOLEAN) <- [true]
2026-03-04 09:34:54.251 TRACE org.hibernate.orm.jdbc.bind - binding parameter (13:VARCHAR) <- [예약 당일 자동 접수 이관 완료]
2026-03-04 09:34:54.251 TRACE org.hibernate.orm.jdbc.bind - binding parameter (14:BIGINT) <- [15]
2026-03-04 09:34:54.251 TRACE org.hibernate.orm.jdbc.bind - binding parameter (15:VARCHAR) <- [박영하]
2026-03-04 09:34:54.251 TRACE org.hibernate.orm.jdbc.bind - binding parameter (16:VARCHAR) <- [20260303-301]
2026-03-04 09:34:54.251 TRACE org.hibernate.orm.jdbc.bind - binding parameter (17:TIMESTAMP) <- [2026-03-04T10:09]
2026-03-04 09:34:54.252 TRACE org.hibernate.orm.jdbc.bind - binding parameter (18:VARCHAR) <- [COMPLETED]
2026-03-04 09:34:54.252 TRACE org.hibernate.orm.jdbc.bind - binding parameter (19:TIMESTAMP) <- [2026-03-04T09:34:54.241145]
2026-03-04 09:34:54.252 TRACE org.hibernate.orm.jdbc.bind - binding parameter (20:BIGINT) <- [null]
2026-03-04 09:34:54.253 TRACE org.hibernate.orm.jdbc.bind - binding parameter (21:BIGINT) <- [10]
2026-03-04 09:34:54.321 INFO  k.co.seoulit.common.aop.LoggerAspect - Controller  : kr.co.seoulit.reception.controller.ReservationController.updateReservation()종료
2026-03-04 09:34:54.338 INFO  k.co.seoulit.common.aop.LoggerAspect - Controller  : kr.co.seoulit.reception.controller.ReceptionController.createReception()시작
2026-03-04 09:34:54.339 INFO  k.c.s.r.c.ReceptionController - Create reception request: receptionNo=20260303-302
2026-03-04 09:34:54.340 INFO  k.co.seoulit.common.aop.LoggerAspect - ServiceImpl  : kr.co.seoulit.reception.service.ReceptionServiceImpl.createReception()시작
2026-03-04 09:34:54.344 DEBUG org.hibernate.SQL - select * from (select re1_0.reception_id c0,rownum rn from reception re1_0 where re1_0.reception_no=?) r_0_ where r_0_.rn<=? order by r_0_.rn
2026-03-04 09:34:54.344 TRACE org.hibernate.orm.jdbc.bind - binding parameter (1:VARCHAR) <- [20260303-302]
2026-03-04 09:34:54.345 TRACE org.hibernate.orm.jdbc.bind - binding parameter (2:INTEGER) <- [1]
2026-03-04 09:34:54.360 INFO  k.co.seoulit.common.aop.LoggerAspect - kr.co.seoulit.reception.mapstruct.ReceptionReqMapStructImpl.toEntity()시작
2026-03-04 09:34:54.360 INFO  k.co.seoulit.common.aop.LoggerAspect - kr.co.seoulit.reception.mapstruct.ReceptionReqMapStructImpl.toEntity()종료
2026-03-04 09:34:54.361 DEBUG org.hibernate.SQL - select seq_reception.nextval from dual
2026-03-04 09:34:54.371 INFO  k.co.seoulit.common.aop.LoggerAspect - kr.co.seoulit.reception.mapstruct.ReceptionResMapStructImpl.toDto()시작
2026-03-04 09:34:54.372 INFO  k.co.seoulit.common.aop.LoggerAspect - kr.co.seoulit.reception.mapstruct.ReceptionResMapStructImpl.toDto()종료
2026-03-04 09:34:54.372 DEBUG org.hibernate.SQL - select seq_audit_log.nextval from dual
2026-03-04 09:34:54.397 INFO  k.co.seoulit.common.aop.LoggerAspect - ServiceImpl  : kr.co.seoulit.reception.service.ReceptionServiceImpl.createReception()종료
2026-03-04 09:34:54.398 DEBUG org.hibernate.SQL - insert into reception (arrived_at,cancel_reason_code,cancel_reason_text,created_at,created_by,department_id,department_name,doctor_id,doctor_name,hold_reason_code,hold_reason_text,inactive_at,inactive_reason_code,inactive_reason_text,is_active,note,patient_id,patient_name,reception_no,reservation_id,scheduled_at,status,updated_at,updated_by,visit_type,reception_id) values (?,?,?,?,?,?,?,?,?,?,?,?,?,?,?,?,?,?,?,?,?,?,?,?,?,?)
2026-03-04 09:34:54.398 TRACE org.hibernate.orm.jdbc.bind - binding parameter (1:TIMESTAMP) <- [null]
2026-03-04 09:34:54.398 TRACE org.hibernate.orm.jdbc.bind - binding parameter (2:VARCHAR) <- [null]
2026-03-04 09:34:54.398 TRACE org.hibernate.orm.jdbc.bind - binding parameter (3:VARCHAR) <- [null]
2026-03-04 09:34:54.398 TRACE org.hibernate.orm.jdbc.bind - binding parameter (4:TIMESTAMP) <- [2026-03-04T09:34:54.397755]
2026-03-04 09:34:54.399 TRACE org.hibernate.orm.jdbc.bind - binding parameter (5:BIGINT) <- [null]
2026-03-04 09:34:54.399 TRACE org.hibernate.orm.jdbc.bind - binding parameter (6:BIGINT) <- [3]
2026-03-04 09:34:54.399 TRACE org.hibernate.orm.jdbc.bind - binding parameter (7:VARCHAR) <- [정형외과]
2026-03-04 09:34:54.399 TRACE org.hibernate.orm.jdbc.bind - binding parameter (8:BIGINT) <- [3]
2026-03-04 09:34:54.399 TRACE org.hibernate.orm.jdbc.bind - binding parameter (9:VARCHAR) <- [성숙희]
2026-03-04 09:34:54.399 TRACE org.hibernate.orm.jdbc.bind - binding parameter (10:VARCHAR) <- [null]
2026-03-04 09:34:54.400 TRACE org.hibernate.orm.jdbc.bind - binding parameter (11:VARCHAR) <- [null]
2026-03-04 09:34:54.400 TRACE org.hibernate.orm.jdbc.bind - binding parameter (12:TIMESTAMP) <- [null]
2026-03-04 09:34:54.400 TRACE org.hibernate.orm.jdbc.bind - binding parameter (13:VARCHAR) <- [null]
2026-03-04 09:34:54.400 TRACE org.hibernate.orm.jdbc.bind - binding parameter (14:VARCHAR) <- [null]
2026-03-04 09:34:54.400 TRACE org.hibernate.orm.jdbc.bind - binding parameter (15:BOOLEAN) <- [true]
2026-03-04 09:34:54.400 TRACE org.hibernate.orm.jdbc.bind - binding parameter (16:VARCHAR) <- [예약 당일 자동 접수 생성]
2026-03-04 09:34:54.400 TRACE org.hibernate.orm.jdbc.bind - binding parameter (17:BIGINT) <- [16]
2026-03-04 09:34:54.401 TRACE org.hibernate.orm.jdbc.bind - binding parameter (18:VARCHAR) <- [김자바]
2026-03-04 09:34:54.401 TRACE org.hibernate.orm.jdbc.bind - binding parameter (19:VARCHAR) <- [20260303-302]
2026-03-04 09:34:54.401 TRACE org.hibernate.orm.jdbc.bind - binding parameter (20:BIGINT) <- [11]
2026-03-04 09:34:54.401 TRACE org.hibernate.orm.jdbc.bind - binding parameter (21:TIMESTAMP) <- [2026-03-04T10:14]
2026-03-04 09:34:54.401 TRACE org.hibernate.orm.jdbc.bind - binding parameter (22:VARCHAR) <- [WAITING]
2026-03-04 09:34:54.402 TRACE org.hibernate.orm.jdbc.bind - binding parameter (23:TIMESTAMP) <- [2026-03-04T09:34:54.397755]
2026-03-04 09:34:54.402 TRACE org.hibernate.orm.jdbc.bind - binding parameter (24:BIGINT) <- [null]
2026-03-04 09:34:54.402 TRACE org.hibernate.orm.jdbc.bind - binding parameter (25:VARCHAR) <- [OUTPATIENT]
2026-03-04 09:34:54.402 TRACE org.hibernate.orm.jdbc.bind - binding parameter (26:BIGINT) <- [56]
2026-03-04 09:34:54.412 DEBUG org.hibernate.SQL - insert into audit_log (action,actor_id,after_json,before_json,diff_json,entity_id,entity_type,occurred_at,reason_code,reason_text,audit_log_id) values (?,?,?,?,?,?,?,?,?,?,?)
2026-03-04 09:34:54.413 TRACE org.hibernate.orm.jdbc.bind - binding parameter (1:VARCHAR) <- [CREATE]
2026-03-04 09:34:54.413 TRACE org.hibernate.orm.jdbc.bind - binding parameter (2:BIGINT) <- [null]
2026-03-04 09:34:54.413 TRACE org.hibernate.orm.jdbc.bind - binding parameter (3:VARCHAR) <- [{"receptionId":56,"receptionNo":"20260303-302","patientId":16,"patientName":"김자바","visitType":"OUTPATIENT","departmentId":3,"departmentName":"정형외과","doctorId":3,"doctorName":"성숙희","reservationId":11,"scheduledAt":"2026-03-04T10:14:00","arrivedAt":null,"status":"WAITING","note":"예약 당일 자동 접수 생성","isActive":true,"inactiveAt":null,"inactiveReasonCode":null,"inactiveReasonText":null,"cancelReasonCode":null,"cancelReasonText":null,"holdReasonCode":null,"holdReasonText":null,"createdBy":null,"updatedBy":null,"createdAt":null,"updatedAt":null}]
2026-03-04 09:34:54.413 TRACE org.hibernate.orm.jdbc.bind - binding parameter (4:VARCHAR) <- [null]
2026-03-04 09:34:54.413 TRACE org.hibernate.orm.jdbc.bind - binding parameter (5:VARCHAR) <- [null]
2026-03-04 09:34:54.413 TRACE org.hibernate.orm.jdbc.bind - binding parameter (6:BIGINT) <- [56]
2026-03-04 09:34:54.414 TRACE org.hibernate.orm.jdbc.bind - binding parameter (7:VARCHAR) <- [RECEPTION]
2026-03-04 09:34:54.414 TRACE org.hibernate.orm.jdbc.bind - binding parameter (8:TIMESTAMP) <- [2026-03-04T09:34:54.412553]
2026-03-04 09:34:54.414 TRACE org.hibernate.orm.jdbc.bind - binding parameter (9:VARCHAR) <- [null]
2026-03-04 09:34:54.414 TRACE org.hibernate.orm.jdbc.bind - binding parameter (10:VARCHAR) <- [null]
2026-03-04 09:34:54.414 TRACE org.hibernate.orm.jdbc.bind - binding parameter (11:BIGINT) <- [141]
2026-03-04 09:34:54.430 INFO  k.co.seoulit.common.aop.LoggerAspect - Controller  : kr.co.seoulit.reception.controller.ReceptionController.createReception()종료
2026-03-04 09:34:54.441 INFO  k.co.seoulit.common.aop.LoggerAspect - Controller  : kr.co.seoulit.reception.controller.ReservationController.updateReservation()시작
2026-03-04 09:34:54.441 INFO  k.c.s.r.c.ReservationController - 예약 수정 요청: id=11
2026-03-04 09:34:54.441 INFO  k.co.seoulit.common.aop.LoggerAspect - ServiceImpl  : kr.co.seoulit.reception.service.ReservationServiceImpl.updateReservation()시작
2026-03-04 09:34:54.442 DEBUG org.hibernate.SQL - select re1_0.reservation_id,re1_0.cancel_reason_code,re1_0.cancel_reason_text,re1_0.canceled_at,re1_0.created_at,re1_0.created_by,re1_0.department_id,re1_0.department_name,re1_0.doctor_id,re1_0.doctor_name,re1_0.inactive_at,re1_0.inactive_reason_code,re1_0.inactive_reason_text,re1_0.is_active,re1_0.note,re1_0.patient_id,re1_0.patient_name,re1_0.reservation_no,re1_0.reserved_at,re1_0.status,re1_0.updated_at,re1_0.updated_by from reservation re1_0 where re1_0.reservation_id=?
2026-03-04 09:34:54.442 TRACE org.hibernate.orm.jdbc.bind - binding parameter (1:BIGINT) <- [11]
2026-03-04 09:34:54.459 INFO  k.co.seoulit.common.aop.LoggerAspect - kr.co.seoulit.reception.mapstruct.ReservationResMapStructImpl.toDto()시작
2026-03-04 09:34:54.459 INFO  k.co.seoulit.common.aop.LoggerAspect - kr.co.seoulit.reception.mapstruct.ReservationResMapStructImpl.toDto()종료
2026-03-04 09:34:54.459 INFO  k.co.seoulit.common.aop.LoggerAspect - kr.co.seoulit.reception.mapstruct.ReservationResMapStructImpl.toDto()시작
2026-03-04 09:34:54.459 INFO  k.co.seoulit.common.aop.LoggerAspect - kr.co.seoulit.reception.mapstruct.ReservationResMapStructImpl.toDto()종료
2026-03-04 09:34:54.460 DEBUG org.hibernate.SQL - select seq_audit_log.nextval from dual
2026-03-04 09:34:54.467 INFO  k.co.seoulit.common.aop.LoggerAspect - ServiceImpl  : kr.co.seoulit.reception.service.ReservationServiceImpl.updateReservation()종료
2026-03-04 09:34:54.468 DEBUG org.hibernate.SQL - insert into audit_log (action,actor_id,after_json,before_json,diff_json,entity_id,entity_type,occurred_at,reason_code,reason_text,audit_log_id) values (?,?,?,?,?,?,?,?,?,?,?)
2026-03-04 09:34:54.469 TRACE org.hibernate.orm.jdbc.bind - binding parameter (1:VARCHAR) <- [UPDATE]
2026-03-04 09:34:54.469 TRACE org.hibernate.orm.jdbc.bind - binding parameter (2:BIGINT) <- [null]
2026-03-04 09:34:54.469 TRACE org.hibernate.orm.jdbc.bind - binding parameter (3:VARCHAR) <- [{"reservationId":11,"reservationNo":"20260303-302","patientId":16,"patientName":"김자바","departmentId":3,"departmentName":"정형외과","doctorId":3,"doctorName":"성숙희","reservedAt":"2026-03-04T10:14:00","status":"COMPLETED","note":"예약 당일 자동 접수 이관 완료","isActive":true,"inactiveAt":null,"inactiveReasonCode":null,"inactiveReasonText":null,"canceledAt":null,"cancelReasonCode":null,"cancelReasonText":null,"createdBy":null,"updatedBy":null,"createdAt":"2026-03-03T10:10:25.30953","updatedAt":"2026-03-03T10:10:25.30953"}]
2026-03-04 09:34:54.469 TRACE org.hibernate.orm.jdbc.bind - binding parameter (4:VARCHAR) <- [{"reservationId":11,"reservationNo":"20260303-302","patientId":16,"patientName":"김자바","departmentId":3,"departmentName":"정형외과","doctorId":3,"doctorName":"성숙희","reservedAt":"2026-03-04T10:14:00","status":"RESERVED","note":null,"isActive":true,"inactiveAt":null,"inactiveReasonCode":null,"inactiveReasonText":null,"canceledAt":null,"cancelReasonCode":null,"cancelReasonText":null,"createdBy":null,"updatedBy":null,"createdAt":"2026-03-03T10:10:25.30953","updatedAt":"2026-03-03T10:10:25.30953"}]
2026-03-04 09:34:54.469 TRACE org.hibernate.orm.jdbc.bind - binding parameter (5:VARCHAR) <- [null]
2026-03-04 09:34:54.469 TRACE org.hibernate.orm.jdbc.bind - binding parameter (6:BIGINT) <- [11]
2026-03-04 09:34:54.469 TRACE org.hibernate.orm.jdbc.bind - binding parameter (7:VARCHAR) <- [RESERVATION]
2026-03-04 09:34:54.469 TRACE org.hibernate.orm.jdbc.bind - binding parameter (8:TIMESTAMP) <- [2026-03-04T09:34:54.468509]
2026-03-04 09:34:54.469 TRACE org.hibernate.orm.jdbc.bind - binding parameter (9:VARCHAR) <- [null]
2026-03-04 09:34:54.470 TRACE org.hibernate.orm.jdbc.bind - binding parameter (10:VARCHAR) <- [null]
2026-03-04 09:34:54.470 TRACE org.hibernate.orm.jdbc.bind - binding parameter (11:BIGINT) <- [142]
2026-03-04 09:34:54.476 DEBUG org.hibernate.SQL - update reservation set cancel_reason_code=?,cancel_reason_text=?,canceled_at=?,created_by=?,department_id=?,department_name=?,doctor_id=?,doctor_name=?,inactive_at=?,inactive_reason_code=?,inactive_reason_text=?,is_active=?,note=?,patient_id=?,patient_name=?,reservation_no=?,reserved_at=?,status=?,updated_at=?,updated_by=? where reservation_id=?
2026-03-04 09:34:54.476 TRACE org.hibernate.orm.jdbc.bind - binding parameter (1:VARCHAR) <- [null]
2026-03-04 09:34:54.476 TRACE org.hibernate.orm.jdbc.bind - binding parameter (2:VARCHAR) <- [null]
2026-03-04 09:34:54.476 TRACE org.hibernate.orm.jdbc.bind - binding parameter (3:TIMESTAMP) <- [null]
2026-03-04 09:34:54.476 TRACE org.hibernate.orm.jdbc.bind - binding parameter (4:BIGINT) <- [null]
2026-03-04 09:34:54.476 TRACE org.hibernate.orm.jdbc.bind - binding parameter (5:BIGINT) <- [3]
2026-03-04 09:34:54.477 TRACE org.hibernate.orm.jdbc.bind - binding parameter (6:VARCHAR) <- [정형외과]
2026-03-04 09:34:54.477 TRACE org.hibernate.orm.jdbc.bind - binding parameter (7:BIGINT) <- [3]
2026-03-04 09:34:54.477 TRACE org.hibernate.orm.jdbc.bind - binding parameter (8:VARCHAR) <- [성숙희]
2026-03-04 09:34:54.477 TRACE org.hibernate.orm.jdbc.bind - binding parameter (9:TIMESTAMP) <- [null]
2026-03-04 09:34:54.477 TRACE org.hibernate.orm.jdbc.bind - binding parameter (10:VARCHAR) <- [null]
2026-03-04 09:34:54.477 TRACE org.hibernate.orm.jdbc.bind - binding parameter (11:VARCHAR) <- [null]
2026-03-04 09:34:54.477 TRACE org.hibernate.orm.jdbc.bind - binding parameter (12:BOOLEAN) <- [true]
2026-03-04 09:34:54.477 TRACE org.hibernate.orm.jdbc.bind - binding parameter (13:VARCHAR) <- [예약 당일 자동 접수 이관 완료]
2026-03-04 09:34:54.477 TRACE org.hibernate.orm.jdbc.bind - binding parameter (14:BIGINT) <- [16]
2026-03-04 09:34:54.477 TRACE org.hibernate.orm.jdbc.bind - binding parameter (15:VARCHAR) <- [김자바]
2026-03-04 09:34:54.477 TRACE org.hibernate.orm.jdbc.bind - binding parameter (16:VARCHAR) <- [20260303-302]
2026-03-04 09:34:54.477 TRACE org.hibernate.orm.jdbc.bind - binding parameter (17:TIMESTAMP) <- [2026-03-04T10:14]
2026-03-04 09:34:54.478 TRACE org.hibernate.orm.jdbc.bind - binding parameter (18:VARCHAR) <- [COMPLETED]
2026-03-04 09:34:54.478 TRACE org.hibernate.orm.jdbc.bind - binding parameter (19:TIMESTAMP) <- [2026-03-04T09:34:54.475509]
2026-03-04 09:34:54.478 TRACE org.hibernate.orm.jdbc.bind - binding parameter (20:BIGINT) <- [null]
2026-03-04 09:34:54.478 TRACE org.hibernate.orm.jdbc.bind - binding parameter (21:BIGINT) <- [11]
2026-03-04 09:34:54.491 INFO  k.co.seoulit.common.aop.LoggerAspect - Controller  : kr.co.seoulit.reception.controller.ReservationController.updateReservation()종료
2026-03-04 09:34:54.496 INFO  k.co.seoulit.common.aop.LoggerAspect - Controller  : kr.co.seoulit.reception.controller.ReceptionController.createReception()시작
2026-03-04 09:34:54.496 INFO  k.c.s.r.c.ReceptionController - Create reception request: receptionNo=20260303-303
2026-03-04 09:34:54.503 INFO  k.co.seoulit.common.aop.LoggerAspect - ServiceImpl  : kr.co.seoulit.reception.service.ReceptionServiceImpl.createReception()시작
2026-03-04 09:34:54.504 DEBUG org.hibernate.SQL - select * from (select re1_0.reception_id c0,rownum rn from reception re1_0 where re1_0.reception_no=?) r_0_ where r_0_.rn<=? order by r_0_.rn
2026-03-04 09:34:54.504 TRACE org.hibernate.orm.jdbc.bind - binding parameter (1:VARCHAR) <- [20260303-303]
2026-03-04 09:34:54.504 TRACE org.hibernate.orm.jdbc.bind - binding parameter (2:INTEGER) <- [1]
2026-03-04 09:34:54.514 INFO  k.co.seoulit.common.aop.LoggerAspect - kr.co.seoulit.reception.mapstruct.ReceptionReqMapStructImpl.toEntity()시작
2026-03-04 09:34:54.514 INFO  k.co.seoulit.common.aop.LoggerAspect - kr.co.seoulit.reception.mapstruct.ReceptionReqMapStructImpl.toEntity()종료
2026-03-04 09:34:54.514 DEBUG org.hibernate.SQL - select seq_reception.nextval from dual
2026-03-04 09:34:54.530 INFO  k.co.seoulit.common.aop.LoggerAspect - kr.co.seoulit.reception.mapstruct.ReceptionResMapStructImpl.toDto()시작
2026-03-04 09:34:54.530 INFO  k.co.seoulit.common.aop.LoggerAspect - kr.co.seoulit.reception.mapstruct.ReceptionResMapStructImpl.toDto()종료
2026-03-04 09:34:54.531 DEBUG org.hibernate.SQL - select seq_audit_log.nextval from dual
2026-03-04 09:34:54.539 INFO  k.co.seoulit.common.aop.LoggerAspect - ServiceImpl  : kr.co.seoulit.reception.service.ReceptionServiceImpl.createReception()종료
2026-03-04 09:34:54.540 DEBUG org.hibernate.SQL - insert into reception (arrived_at,cancel_reason_code,cancel_reason_text,created_at,created_by,department_id,department_name,doctor_id,doctor_name,hold_reason_code,hold_reason_text,inactive_at,inactive_reason_code,inactive_reason_text,is_active,note,patient_id,patient_name,reception_no,reservation_id,scheduled_at,status,updated_at,updated_by,visit_type,reception_id) values (?,?,?,?,?,?,?,?,?,?,?,?,?,?,?,?,?,?,?,?,?,?,?,?,?,?)
2026-03-04 09:34:54.541 TRACE org.hibernate.orm.jdbc.bind - binding parameter (1:TIMESTAMP) <- [null]
2026-03-04 09:34:54.541 TRACE org.hibernate.orm.jdbc.bind - binding parameter (2:VARCHAR) <- [null]
2026-03-04 09:34:54.541 TRACE org.hibernate.orm.jdbc.bind - binding parameter (3:VARCHAR) <- [null]
2026-03-04 09:34:54.541 TRACE org.hibernate.orm.jdbc.bind - binding parameter (4:TIMESTAMP) <- [2026-03-04T09:34:54.540694]
2026-03-04 09:34:54.541 TRACE org.hibernate.orm.jdbc.bind - binding parameter (5:BIGINT) <- [null]
2026-03-04 09:34:54.541 TRACE org.hibernate.orm.jdbc.bind - binding parameter (6:BIGINT) <- [2]
2026-03-04 09:34:54.541 TRACE org.hibernate.orm.jdbc.bind - binding parameter (7:VARCHAR) <- [외과]
2026-03-04 09:34:54.541 TRACE org.hibernate.orm.jdbc.bind - binding parameter (8:BIGINT) <- [2]
2026-03-04 09:34:54.541 TRACE org.hibernate.orm.jdbc.bind - binding parameter (9:VARCHAR) <- [이현석]
2026-03-04 09:34:54.541 TRACE org.hibernate.orm.jdbc.bind - binding parameter (10:VARCHAR) <- [null]
2026-03-04 09:34:54.542 TRACE org.hibernate.orm.jdbc.bind - binding parameter (11:VARCHAR) <- [null]
2026-03-04 09:34:54.542 TRACE org.hibernate.orm.jdbc.bind - binding parameter (12:TIMESTAMP) <- [null]
2026-03-04 09:34:54.542 TRACE org.hibernate.orm.jdbc.bind - binding parameter (13:VARCHAR) <- [null]
2026-03-04 09:34:54.542 TRACE org.hibernate.orm.jdbc.bind - binding parameter (14:VARCHAR) <- [null]
2026-03-04 09:34:54.542 TRACE org.hibernate.orm.jdbc.bind - binding parameter (15:BOOLEAN) <- [true]
2026-03-04 09:34:54.542 TRACE org.hibernate.orm.jdbc.bind - binding parameter (16:VARCHAR) <- [예약 당일 자동 접수 생성]
2026-03-04 09:34:54.542 TRACE org.hibernate.orm.jdbc.bind - binding parameter (17:BIGINT) <- [18]
2026-03-04 09:34:54.542 TRACE org.hibernate.orm.jdbc.bind - binding parameter (18:VARCHAR) <- [신가은]
2026-03-04 09:34:54.542 TRACE org.hibernate.orm.jdbc.bind - binding parameter (19:VARCHAR) <- [20260303-303]
2026-03-04 09:34:54.542 TRACE org.hibernate.orm.jdbc.bind - binding parameter (20:BIGINT) <- [12]
2026-03-04 09:34:54.542 TRACE org.hibernate.orm.jdbc.bind - binding parameter (21:TIMESTAMP) <- [2026-03-04T10:11]
2026-03-04 09:34:54.542 TRACE org.hibernate.orm.jdbc.bind - binding parameter (22:VARCHAR) <- [WAITING]
2026-03-04 09:34:54.542 TRACE org.hibernate.orm.jdbc.bind - binding parameter (23:TIMESTAMP) <- [2026-03-04T09:34:54.540694]
2026-03-04 09:34:54.543 TRACE org.hibernate.orm.jdbc.bind - binding parameter (24:BIGINT) <- [null]
2026-03-04 09:34:54.543 TRACE org.hibernate.orm.jdbc.bind - binding parameter (25:VARCHAR) <- [OUTPATIENT]
2026-03-04 09:34:54.543 TRACE org.hibernate.orm.jdbc.bind - binding parameter (26:BIGINT) <- [57]
2026-03-04 09:34:54.549 DEBUG org.hibernate.SQL - insert into audit_log (action,actor_id,after_json,before_json,diff_json,entity_id,entity_type,occurred_at,reason_code,reason_text,audit_log_id) values (?,?,?,?,?,?,?,?,?,?,?)
2026-03-04 09:34:54.550 TRACE org.hibernate.orm.jdbc.bind - binding parameter (1:VARCHAR) <- [CREATE]
2026-03-04 09:34:54.550 TRACE org.hibernate.orm.jdbc.bind - binding parameter (2:BIGINT) <- [null]
2026-03-04 09:34:54.550 TRACE org.hibernate.orm.jdbc.bind - binding parameter (3:VARCHAR) <- [{"receptionId":57,"receptionNo":"20260303-303","patientId":18,"patientName":"신가은","visitType":"OUTPATIENT","departmentId":2,"departmentName":"외과","doctorId":2,"doctorName":"이현석","reservationId":12,"scheduledAt":"2026-03-04T10:11:00","arrivedAt":null,"status":"WAITING","note":"예약 당일 자동 접수 생성","isActive":true,"inactiveAt":null,"inactiveReasonCode":null,"inactiveReasonText":null,"cancelReasonCode":null,"cancelReasonText":null,"holdReasonCode":null,"holdReasonText":null,"createdBy":null,"updatedBy":null,"createdAt":null,"updatedAt":null}]
2026-03-04 09:34:54.550 TRACE org.hibernate.orm.jdbc.bind - binding parameter (4:VARCHAR) <- [null]
2026-03-04 09:34:54.550 TRACE org.hibernate.orm.jdbc.bind - binding parameter (5:VARCHAR) <- [null]
2026-03-04 09:34:54.550 TRACE org.hibernate.orm.jdbc.bind - binding parameter (6:BIGINT) <- [57]
2026-03-04 09:34:54.550 TRACE org.hibernate.orm.jdbc.bind - binding parameter (7:VARCHAR) <- [RECEPTION]
2026-03-04 09:34:54.550 TRACE org.hibernate.orm.jdbc.bind - binding parameter (8:TIMESTAMP) <- [2026-03-04T09:34:54.549755]
2026-03-04 09:34:54.551 TRACE org.hibernate.orm.jdbc.bind - binding parameter (9:VARCHAR) <- [null]
2026-03-04 09:34:54.551 TRACE org.hibernate.orm.jdbc.bind - binding parameter (10:VARCHAR) <- [null]
2026-03-04 09:34:54.551 TRACE org.hibernate.orm.jdbc.bind - binding parameter (11:BIGINT) <- [143]
2026-03-04 09:34:54.567 INFO  k.co.seoulit.common.aop.LoggerAspect - Controller  : kr.co.seoulit.reception.controller.ReceptionController.createReception()종료
2026-03-04 09:34:54.574 INFO  k.co.seoulit.common.aop.LoggerAspect - Controller  : kr.co.seoulit.reception.controller.ReservationController.updateReservation()시작
2026-03-04 09:34:54.574 INFO  k.c.s.r.c.ReservationController - 예약 수정 요청: id=12
2026-03-04 09:34:54.574 INFO  k.co.seoulit.common.aop.LoggerAspect - ServiceImpl  : kr.co.seoulit.reception.service.ReservationServiceImpl.updateReservation()시작
2026-03-04 09:34:54.575 DEBUG org.hibernate.SQL - select re1_0.reservation_id,re1_0.cancel_reason_code,re1_0.cancel_reason_text,re1_0.canceled_at,re1_0.created_at,re1_0.created_by,re1_0.department_id,re1_0.department_name,re1_0.doctor_id,re1_0.doctor_name,re1_0.inactive_at,re1_0.inactive_reason_code,re1_0.inactive_reason_text,re1_0.is_active,re1_0.note,re1_0.patient_id,re1_0.patient_name,re1_0.reservation_no,re1_0.reserved_at,re1_0.status,re1_0.updated_at,re1_0.updated_by from reservation re1_0 where re1_0.reservation_id=?
2026-03-04 09:34:54.575 TRACE org.hibernate.orm.jdbc.bind - binding parameter (1:BIGINT) <- [12]
2026-03-04 09:34:54.585 INFO  k.co.seoulit.common.aop.LoggerAspect - kr.co.seoulit.reception.mapstruct.ReservationResMapStructImpl.toDto()시작
2026-03-04 09:34:54.585 INFO  k.co.seoulit.common.aop.LoggerAspect - kr.co.seoulit.reception.mapstruct.ReservationResMapStructImpl.toDto()종료
2026-03-04 09:34:54.585 INFO  k.co.seoulit.common.aop.LoggerAspect - kr.co.seoulit.reception.mapstruct.ReservationResMapStructImpl.toDto()시작
2026-03-04 09:34:54.585 INFO  k.co.seoulit.common.aop.LoggerAspect - kr.co.seoulit.reception.mapstruct.ReservationResMapStructImpl.toDto()종료
2026-03-04 09:34:54.586 DEBUG org.hibernate.SQL - select seq_audit_log.nextval from dual
2026-03-04 09:34:54.595 INFO  k.co.seoulit.common.aop.LoggerAspect - ServiceImpl  : kr.co.seoulit.reception.service.ReservationServiceImpl.updateReservation()종료
2026-03-04 09:34:54.596 DEBUG org.hibernate.SQL - insert into audit_log (action,actor_id,after_json,before_json,diff_json,entity_id,entity_type,occurred_at,reason_code,reason_text,audit_log_id) values (?,?,?,?,?,?,?,?,?,?,?)
2026-03-04 09:34:54.596 TRACE org.hibernate.orm.jdbc.bind - binding parameter (1:VARCHAR) <- [UPDATE]
2026-03-04 09:34:54.596 TRACE org.hibernate.orm.jdbc.bind - binding parameter (2:BIGINT) <- [null]
2026-03-04 09:34:54.596 TRACE org.hibernate.orm.jdbc.bind - binding parameter (3:VARCHAR) <- [{"reservationId":12,"reservationNo":"20260303-303","patientId":18,"patientName":"신가은","departmentId":2,"departmentName":"외과","doctorId":2,"doctorName":"이현석","reservedAt":"2026-03-04T10:11:00","status":"COMPLETED","note":"예약 당일 자동 접수 이관 완료","isActive":true,"inactiveAt":null,"inactiveReasonCode":null,"inactiveReasonText":null,"canceledAt":null,"cancelReasonCode":null,"cancelReasonText":null,"createdBy":null,"updatedBy":null,"createdAt":"2026-03-03T10:11:44.546255","updatedAt":"2026-03-03T10:11:44.546255"}]
2026-03-04 09:34:54.597 TRACE org.hibernate.orm.jdbc.bind - binding parameter (4:VARCHAR) <- [{"reservationId":12,"reservationNo":"20260303-303","patientId":18,"patientName":"신가은","departmentId":2,"departmentName":"외과","doctorId":2,"doctorName":"이현석","reservedAt":"2026-03-04T10:11:00","status":"RESERVED","note":null,"isActive":true,"inactiveAt":null,"inactiveReasonCode":null,"inactiveReasonText":null,"canceledAt":null,"cancelReasonCode":null,"cancelReasonText":null,"createdBy":null,"updatedBy":null,"createdAt":"2026-03-03T10:11:44.546255","updatedAt":"2026-03-03T10:11:44.546255"}]
2026-03-04 09:34:54.597 TRACE org.hibernate.orm.jdbc.bind - binding parameter (5:VARCHAR) <- [null]
2026-03-04 09:34:54.597 TRACE org.hibernate.orm.jdbc.bind - binding parameter (6:BIGINT) <- [12]
2026-03-04 09:34:54.597 TRACE org.hibernate.orm.jdbc.bind - binding parameter (7:VARCHAR) <- [RESERVATION]
2026-03-04 09:34:54.597 TRACE org.hibernate.orm.jdbc.bind - binding parameter (8:TIMESTAMP) <- [2026-03-04T09:34:54.596306]
2026-03-04 09:34:54.597 TRACE org.hibernate.orm.jdbc.bind - binding parameter (9:VARCHAR) <- [null]
2026-03-04 09:34:54.597 TRACE org.hibernate.orm.jdbc.bind - binding parameter (10:VARCHAR) <- [null]
2026-03-04 09:34:54.597 TRACE org.hibernate.orm.jdbc.bind - binding parameter (11:BIGINT) <- [144]
2026-03-04 09:34:54.605 DEBUG org.hibernate.SQL - update reservation set cancel_reason_code=?,cancel_reason_text=?,canceled_at=?,created_by=?,department_id=?,department_name=?,doctor_id=?,doctor_name=?,inactive_at=?,inactive_reason_code=?,inactive_reason_text=?,is_active=?,note=?,patient_id=?,patient_name=?,reservation_no=?,reserved_at=?,status=?,updated_at=?,updated_by=? where reservation_id=?
2026-03-04 09:34:54.605 TRACE org.hibernate.orm.jdbc.bind - binding parameter (1:VARCHAR) <- [null]
2026-03-04 09:34:54.605 TRACE org.hibernate.orm.jdbc.bind - binding parameter (2:VARCHAR) <- [null]
2026-03-04 09:34:54.605 TRACE org.hibernate.orm.jdbc.bind - binding parameter (3:TIMESTAMP) <- [null]
2026-03-04 09:34:54.605 TRACE org.hibernate.orm.jdbc.bind - binding parameter (4:BIGINT) <- [null]
2026-03-04 09:34:54.606 TRACE org.hibernate.orm.jdbc.bind - binding parameter (5:BIGINT) <- [2]
2026-03-04 09:34:54.606 TRACE org.hibernate.orm.jdbc.bind - binding parameter (6:VARCHAR) <- [외과]
2026-03-04 09:34:54.606 TRACE org.hibernate.orm.jdbc.bind - binding parameter (7:BIGINT) <- [2]
2026-03-04 09:34:54.606 TRACE org.hibernate.orm.jdbc.bind - binding parameter (8:VARCHAR) <- [이현석]
2026-03-04 09:34:54.606 TRACE org.hibernate.orm.jdbc.bind - binding parameter (9:TIMESTAMP) <- [null]
2026-03-04 09:34:54.606 TRACE org.hibernate.orm.jdbc.bind - binding parameter (10:VARCHAR) <- [null]
2026-03-04 09:34:54.606 TRACE org.hibernate.orm.jdbc.bind - binding parameter (11:VARCHAR) <- [null]
2026-03-04 09:34:54.606 TRACE org.hibernate.orm.jdbc.bind - binding parameter (12:BOOLEAN) <- [true]
2026-03-04 09:34:54.606 TRACE org.hibernate.orm.jdbc.bind - binding parameter (13:VARCHAR) <- [예약 당일 자동 접수 이관 완료]
2026-03-04 09:34:54.606 TRACE org.hibernate.orm.jdbc.bind - binding parameter (14:BIGINT) <- [18]
2026-03-04 09:34:54.606 TRACE org.hibernate.orm.jdbc.bind - binding parameter (15:VARCHAR) <- [신가은]
2026-03-04 09:34:54.606 TRACE org.hibernate.orm.jdbc.bind - binding parameter (16:VARCHAR) <- [20260303-303]
2026-03-04 09:34:54.606 TRACE org.hibernate.orm.jdbc.bind - binding parameter (17:TIMESTAMP) <- [2026-03-04T10:11]
2026-03-04 09:34:54.607 TRACE org.hibernate.orm.jdbc.bind - binding parameter (18:VARCHAR) <- [COMPLETED]
2026-03-04 09:34:54.607 TRACE org.hibernate.orm.jdbc.bind - binding parameter (19:TIMESTAMP) <- [2026-03-04T09:34:54.604367]
2026-03-04 09:34:54.607 TRACE org.hibernate.orm.jdbc.bind - binding parameter (20:BIGINT) <- [null]
2026-03-04 09:34:54.607 TRACE org.hibernate.orm.jdbc.bind - binding parameter (21:BIGINT) <- [12]
2026-03-04 09:34:54.624 INFO  k.co.seoulit.common.aop.LoggerAspect - Controller  : kr.co.seoulit.reception.controller.ReservationController.updateReservation()종료
2026-03-04 09:34:54.630 INFO  k.co.seoulit.common.aop.LoggerAspect - Controller  : kr.co.seoulit.reception.controller.ReceptionController.createReception()시작
2026-03-04 09:34:54.631 INFO  k.c.s.r.c.ReceptionController - Create reception request: receptionNo=20260303-305
2026-03-04 09:34:54.631 INFO  k.co.seoulit.common.aop.LoggerAspect - ServiceImpl  : kr.co.seoulit.reception.service.ReceptionServiceImpl.createReception()시작
2026-03-04 09:34:54.632 DEBUG org.hibernate.SQL - select * from (select re1_0.reception_id c0,rownum rn from reception re1_0 where re1_0.reception_no=?) r_0_ where r_0_.rn<=? order by r_0_.rn
2026-03-04 09:34:54.633 TRACE org.hibernate.orm.jdbc.bind - binding parameter (1:VARCHAR) <- [20260303-305]
2026-03-04 09:34:54.633 TRACE org.hibernate.orm.jdbc.bind - binding parameter (2:INTEGER) <- [1]
2026-03-04 09:34:54.640 INFO  k.co.seoulit.common.aop.LoggerAspect - kr.co.seoulit.reception.mapstruct.ReceptionReqMapStructImpl.toEntity()시작
2026-03-04 09:34:54.640 INFO  k.co.seoulit.common.aop.LoggerAspect - kr.co.seoulit.reception.mapstruct.ReceptionReqMapStructImpl.toEntity()종료
2026-03-04 09:34:54.640 DEBUG org.hibernate.SQL - select seq_reception.nextval from dual
2026-03-04 09:34:54.649 INFO  k.co.seoulit.common.aop.LoggerAspect - kr.co.seoulit.reception.mapstruct.ReceptionResMapStructImpl.toDto()시작
2026-03-04 09:34:54.649 INFO  k.co.seoulit.common.aop.LoggerAspect - kr.co.seoulit.reception.mapstruct.ReceptionResMapStructImpl.toDto()종료
2026-03-04 09:34:54.649 DEBUG org.hibernate.SQL - select seq_audit_log.nextval from dual
2026-03-04 09:34:54.662 INFO  k.co.seoulit.common.aop.LoggerAspect - ServiceImpl  : kr.co.seoulit.reception.service.ReceptionServiceImpl.createReception()종료
2026-03-04 09:34:54.663 DEBUG org.hibernate.SQL - insert into reception (arrived_at,cancel_reason_code,cancel_reason_text,created_at,created_by,department_id,department_name,doctor_id,doctor_name,hold_reason_code,hold_reason_text,inactive_at,inactive_reason_code,inactive_reason_text,is_active,note,patient_id,patient_name,reception_no,reservation_id,scheduled_at,status,updated_at,updated_by,visit_type,reception_id) values (?,?,?,?,?,?,?,?,?,?,?,?,?,?,?,?,?,?,?,?,?,?,?,?,?,?)
2026-03-04 09:34:54.663 TRACE org.hibernate.orm.jdbc.bind - binding parameter (1:TIMESTAMP) <- [null]
2026-03-04 09:34:54.663 TRACE org.hibernate.orm.jdbc.bind - binding parameter (2:VARCHAR) <- [null]
2026-03-04 09:34:54.663 TRACE org.hibernate.orm.jdbc.bind - binding parameter (3:VARCHAR) <- [null]
2026-03-04 09:34:54.663 TRACE org.hibernate.orm.jdbc.bind - binding parameter (4:TIMESTAMP) <- [2026-03-04T09:34:54.662929]
2026-03-04 09:34:54.663 TRACE org.hibernate.orm.jdbc.bind - binding parameter (5:BIGINT) <- [null]
2026-03-04 09:34:54.663 TRACE org.hibernate.orm.jdbc.bind - binding parameter (6:BIGINT) <- [1]
2026-03-04 09:34:54.663 TRACE org.hibernate.orm.jdbc.bind - binding parameter (7:VARCHAR) <- [내과]
2026-03-04 09:34:54.664 TRACE org.hibernate.orm.jdbc.bind - binding parameter (8:BIGINT) <- [1]
2026-03-04 09:34:54.664 TRACE org.hibernate.orm.jdbc.bind - binding parameter (9:VARCHAR) <- [송태민]
2026-03-04 09:34:54.664 TRACE org.hibernate.orm.jdbc.bind - binding parameter (10:VARCHAR) <- [null]
2026-03-04 09:34:54.664 TRACE org.hibernate.orm.jdbc.bind - binding parameter (11:VARCHAR) <- [null]
2026-03-04 09:34:54.664 TRACE org.hibernate.orm.jdbc.bind - binding parameter (12:TIMESTAMP) <- [null]
2026-03-04 09:34:54.664 TRACE org.hibernate.orm.jdbc.bind - binding parameter (13:VARCHAR) <- [null]
2026-03-04 09:34:54.664 TRACE org.hibernate.orm.jdbc.bind - binding parameter (14:VARCHAR) <- [null]
2026-03-04 09:34:54.664 TRACE org.hibernate.orm.jdbc.bind - binding parameter (15:BOOLEAN) <- [true]
2026-03-04 09:34:54.664 TRACE org.hibernate.orm.jdbc.bind - binding parameter (16:VARCHAR) <- [예약 당일 자동 접수 생성]
2026-03-04 09:34:54.664 TRACE org.hibernate.orm.jdbc.bind - binding parameter (17:BIGINT) <- [10]
2026-03-04 09:34:54.664 TRACE org.hibernate.orm.jdbc.bind - binding parameter (18:VARCHAR) <- [강도윤]
2026-03-04 09:34:54.664 TRACE org.hibernate.orm.jdbc.bind - binding parameter (19:VARCHAR) <- [20260303-305]
2026-03-04 09:34:54.664 TRACE org.hibernate.orm.jdbc.bind - binding parameter (20:BIGINT) <- [14]
2026-03-04 09:34:54.665 TRACE org.hibernate.orm.jdbc.bind - binding parameter (21:TIMESTAMP) <- [2026-03-04T10:53]
2026-03-04 09:34:54.665 TRACE org.hibernate.orm.jdbc.bind - binding parameter (22:VARCHAR) <- [WAITING]
2026-03-04 09:34:54.665 TRACE org.hibernate.orm.jdbc.bind - binding parameter (23:TIMESTAMP) <- [2026-03-04T09:34:54.662929]
2026-03-04 09:34:54.665 TRACE org.hibernate.orm.jdbc.bind - binding parameter (24:BIGINT) <- [null]
2026-03-04 09:34:54.665 TRACE org.hibernate.orm.jdbc.bind - binding parameter (25:VARCHAR) <- [OUTPATIENT]
2026-03-04 09:34:54.665 TRACE org.hibernate.orm.jdbc.bind - binding parameter (26:BIGINT) <- [58]
2026-03-04 09:34:54.674 DEBUG org.hibernate.SQL - insert into audit_log (action,actor_id,after_json,before_json,diff_json,entity_id,entity_type,occurred_at,reason_code,reason_text,audit_log_id) values (?,?,?,?,?,?,?,?,?,?,?)
2026-03-04 09:34:54.675 TRACE org.hibernate.orm.jdbc.bind - binding parameter (1:VARCHAR) <- [CREATE]
2026-03-04 09:34:54.675 TRACE org.hibernate.orm.jdbc.bind - binding parameter (2:BIGINT) <- [null]
2026-03-04 09:34:54.675 TRACE org.hibernate.orm.jdbc.bind - binding parameter (3:VARCHAR) <- [{"receptionId":58,"receptionNo":"20260303-305","patientId":10,"patientName":"강도윤","visitType":"OUTPATIENT","departmentId":1,"departmentName":"내과","doctorId":1,"doctorName":"송태민","reservationId":14,"scheduledAt":"2026-03-04T10:53:00","arrivedAt":null,"status":"WAITING","note":"예약 당일 자동 접수 생성","isActive":true,"inactiveAt":null,"inactiveReasonCode":null,"inactiveReasonText":null,"cancelReasonCode":null,"cancelReasonText":null,"holdReasonCode":null,"holdReasonText":null,"createdBy":null,"updatedBy":null,"createdAt":null,"updatedAt":null}]
2026-03-04 09:34:54.675 TRACE org.hibernate.orm.jdbc.bind - binding parameter (4:VARCHAR) <- [null]
2026-03-04 09:34:54.675 TRACE org.hibernate.orm.jdbc.bind - binding parameter (5:VARCHAR) <- [null]
2026-03-04 09:34:54.675 TRACE org.hibernate.orm.jdbc.bind - binding parameter (6:BIGINT) <- [58]
2026-03-04 09:34:54.675 TRACE org.hibernate.orm.jdbc.bind - binding parameter (7:VARCHAR) <- [RECEPTION]
2026-03-04 09:34:54.676 TRACE org.hibernate.orm.jdbc.bind - binding parameter (8:TIMESTAMP) <- [2026-03-04T09:34:54.674943]
2026-03-04 09:34:54.676 TRACE org.hibernate.orm.jdbc.bind - binding parameter (9:VARCHAR) <- [null]
2026-03-04 09:34:54.676 TRACE org.hibernate.orm.jdbc.bind - binding parameter (10:VARCHAR) <- [null]
2026-03-04 09:34:54.676 TRACE org.hibernate.orm.jdbc.bind - binding parameter (11:BIGINT) <- [145]
2026-03-04 09:34:54.691 INFO  k.co.seoulit.common.aop.LoggerAspect - Controller  : kr.co.seoulit.reception.controller.ReceptionController.createReception()종료
2026-03-04 09:34:54.699 INFO  k.co.seoulit.common.aop.LoggerAspect - Controller  : kr.co.seoulit.reception.controller.ReservationController.updateReservation()시작
2026-03-04 09:34:54.699 INFO  k.c.s.r.c.ReservationController - 예약 수정 요청: id=14
2026-03-04 09:34:54.699 INFO  k.co.seoulit.common.aop.LoggerAspect - ServiceImpl  : kr.co.seoulit.reception.service.ReservationServiceImpl.updateReservation()시작
2026-03-04 09:34:54.700 DEBUG org.hibernate.SQL - select re1_0.reservation_id,re1_0.cancel_reason_code,re1_0.cancel_reason_text,re1_0.canceled_at,re1_0.created_at,re1_0.created_by,re1_0.department_id,re1_0.department_name,re1_0.doctor_id,re1_0.doctor_name,re1_0.inactive_at,re1_0.inactive_reason_code,re1_0.inactive_reason_text,re1_0.is_active,re1_0.note,re1_0.patient_id,re1_0.patient_name,re1_0.reservation_no,re1_0.reserved_at,re1_0.status,re1_0.updated_at,re1_0.updated_by from reservation re1_0 where re1_0.reservation_id=?
2026-03-04 09:34:54.701 TRACE org.hibernate.orm.jdbc.bind - binding parameter (1:BIGINT) <- [14]
2026-03-04 09:34:54.708 INFO  k.co.seoulit.common.aop.LoggerAspect - kr.co.seoulit.reception.mapstruct.ReservationResMapStructImpl.toDto()시작
2026-03-04 09:34:54.708 INFO  k.co.seoulit.common.aop.LoggerAspect - kr.co.seoulit.reception.mapstruct.ReservationResMapStructImpl.toDto()종료
2026-03-04 09:34:54.708 INFO  k.co.seoulit.common.aop.LoggerAspect - kr.co.seoulit.reception.mapstruct.ReservationResMapStructImpl.toDto()시작
2026-03-04 09:34:54.709 INFO  k.co.seoulit.common.aop.LoggerAspect - kr.co.seoulit.reception.mapstruct.ReservationResMapStructImpl.toDto()종료
2026-03-04 09:34:54.710 DEBUG org.hibernate.SQL - select seq_audit_log.nextval from dual
2026-03-04 09:34:54.717 INFO  k.co.seoulit.common.aop.LoggerAspect - ServiceImpl  : kr.co.seoulit.reception.service.ReservationServiceImpl.updateReservation()종료
2026-03-04 09:34:54.717 DEBUG org.hibernate.SQL - insert into audit_log (action,actor_id,after_json,before_json,diff_json,entity_id,entity_type,occurred_at,reason_code,reason_text,audit_log_id) values (?,?,?,?,?,?,?,?,?,?,?)
2026-03-04 09:34:54.718 TRACE org.hibernate.orm.jdbc.bind - binding parameter (1:VARCHAR) <- [UPDATE]
2026-03-04 09:34:54.718 TRACE org.hibernate.orm.jdbc.bind - binding parameter (2:BIGINT) <- [null]
2026-03-04 09:34:54.718 TRACE org.hibernate.orm.jdbc.bind - binding parameter (3:VARCHAR) <- [{"reservationId":14,"reservationNo":"20260303-305","patientId":10,"patientName":"강도윤","departmentId":1,"departmentName":"내과","doctorId":1,"doctorName":"송태민","reservedAt":"2026-03-04T10:53:00","status":"COMPLETED","note":"예약 당일 자동 접수 이관 완료","isActive":true,"inactiveAt":null,"inactiveReasonCode":null,"inactiveReasonText":null,"canceledAt":null,"cancelReasonCode":null,"cancelReasonText":null,"createdBy":null,"updatedBy":null,"createdAt":"2026-03-03T10:53:26.063952","updatedAt":"2026-03-03T10:53:26.063952"}]
2026-03-04 09:34:54.718 TRACE org.hibernate.orm.jdbc.bind - binding parameter (4:VARCHAR) <- [{"reservationId":14,"reservationNo":"20260303-305","patientId":10,"patientName":"강도윤","departmentId":1,"departmentName":"내과","doctorId":1,"doctorName":"송태민","reservedAt":"2026-03-04T10:53:00","status":"RESERVED","note":null,"isActive":true,"inactiveAt":null,"inactiveReasonCode":null,"inactiveReasonText":null,"canceledAt":null,"cancelReasonCode":null,"cancelReasonText":null,"createdBy":null,"updatedBy":null,"createdAt":"2026-03-03T10:53:26.063952","updatedAt":"2026-03-03T10:53:26.063952"}]
2026-03-04 09:34:54.718 TRACE org.hibernate.orm.jdbc.bind - binding parameter (5:VARCHAR) <- [null]
2026-03-04 09:34:54.718 TRACE org.hibernate.orm.jdbc.bind - binding parameter (6:BIGINT) <- [14]
2026-03-04 09:34:54.719 TRACE org.hibernate.orm.jdbc.bind - binding parameter (7:VARCHAR) <- [RESERVATION]
2026-03-04 09:34:54.719 TRACE org.hibernate.orm.jdbc.bind - binding parameter (8:TIMESTAMP) <- [2026-03-04T09:34:54.717543]
2026-03-04 09:34:54.719 TRACE org.hibernate.orm.jdbc.bind - binding parameter (9:VARCHAR) <- [null]
2026-03-04 09:34:54.719 TRACE org.hibernate.orm.jdbc.bind - binding parameter (10:VARCHAR) <- [null]
2026-03-04 09:34:54.719 TRACE org.hibernate.orm.jdbc.bind - binding parameter (11:BIGINT) <- [146]
2026-03-04 09:34:54.745 DEBUG org.hibernate.SQL - update reservation set cancel_reason_code=?,cancel_reason_text=?,canceled_at=?,created_by=?,department_id=?,department_name=?,doctor_id=?,doctor_name=?,inactive_at=?,inactive_reason_code=?,inactive_reason_text=?,is_active=?,note=?,patient_id=?,patient_name=?,reservation_no=?,reserved_at=?,status=?,updated_at=?,updated_by=? where reservation_id=?
2026-03-04 09:34:54.745 TRACE org.hibernate.orm.jdbc.bind - binding parameter (1:VARCHAR) <- [null]
2026-03-04 09:34:54.745 TRACE org.hibernate.orm.jdbc.bind - binding parameter (2:VARCHAR) <- [null]
2026-03-04 09:34:54.745 TRACE org.hibernate.orm.jdbc.bind - binding parameter (3:TIMESTAMP) <- [null]
2026-03-04 09:34:54.745 TRACE org.hibernate.orm.jdbc.bind - binding parameter (4:BIGINT) <- [null]
2026-03-04 09:34:54.745 TRACE org.hibernate.orm.jdbc.bind - binding parameter (5:BIGINT) <- [1]
2026-03-04 09:34:54.745 TRACE org.hibernate.orm.jdbc.bind - binding parameter (6:VARCHAR) <- [내과]
2026-03-04 09:34:54.745 TRACE org.hibernate.orm.jdbc.bind - binding parameter (7:BIGINT) <- [1]
2026-03-04 09:34:54.746 TRACE org.hibernate.orm.jdbc.bind - binding parameter (8:VARCHAR) <- [송태민]
2026-03-04 09:34:54.746 TRACE org.hibernate.orm.jdbc.bind - binding parameter (9:TIMESTAMP) <- [null]
2026-03-04 09:34:54.746 TRACE org.hibernate.orm.jdbc.bind - binding parameter (10:VARCHAR) <- [null]
2026-03-04 09:34:54.746 TRACE org.hibernate.orm.jdbc.bind - binding parameter (11:VARCHAR) <- [null]
2026-03-04 09:34:54.746 TRACE org.hibernate.orm.jdbc.bind - binding parameter (12:BOOLEAN) <- [true]
2026-03-04 09:34:54.746 TRACE org.hibernate.orm.jdbc.bind - binding parameter (13:VARCHAR) <- [예약 당일 자동 접수 이관 완료]
2026-03-04 09:34:54.746 TRACE org.hibernate.orm.jdbc.bind - binding parameter (14:BIGINT) <- [10]
2026-03-04 09:34:54.746 TRACE org.hibernate.orm.jdbc.bind - binding parameter (15:VARCHAR) <- [강도윤]
2026-03-04 09:34:54.746 TRACE org.hibernate.orm.jdbc.bind - binding parameter (16:VARCHAR) <- [20260303-305]
2026-03-04 09:34:54.746 TRACE org.hibernate.orm.jdbc.bind - binding parameter (17:TIMESTAMP) <- [2026-03-04T10:53]
2026-03-04 09:34:54.746 TRACE org.hibernate.orm.jdbc.bind - binding parameter (18:VARCHAR) <- [COMPLETED]
2026-03-04 09:34:54.746 TRACE org.hibernate.orm.jdbc.bind - binding parameter (19:TIMESTAMP) <- [2026-03-04T09:34:54.744525]
2026-03-04 09:34:54.747 TRACE org.hibernate.orm.jdbc.bind - binding parameter (20:BIGINT) <- [null]
2026-03-04 09:34:54.747 TRACE org.hibernate.orm.jdbc.bind - binding parameter (21:BIGINT) <- [14]
2026-03-04 09:34:54.762 INFO  k.co.seoulit.common.aop.LoggerAspect - Controller  : kr.co.seoulit.reception.controller.ReservationController.updateReservation()종료
2026-03-04 09:34:54.782 INFO  k.co.seoulit.common.aop.LoggerAspect - Controller  : kr.co.seoulit.reception.controller.ReceptionController.createReception()시작
2026-03-04 09:34:54.782 INFO  k.c.s.r.c.ReceptionController - Create reception request: receptionNo=20260303-306
2026-03-04 09:34:54.783 INFO  k.co.seoulit.common.aop.LoggerAspect - ServiceImpl  : kr.co.seoulit.reception.service.ReceptionServiceImpl.createReception()시작
2026-03-04 09:34:54.784 DEBUG org.hibernate.SQL - select * from (select re1_0.reception_id c0,rownum rn from reception re1_0 where re1_0.reception_no=?) r_0_ where r_0_.rn<=? order by r_0_.rn
2026-03-04 09:34:54.785 TRACE org.hibernate.orm.jdbc.bind - binding parameter (1:VARCHAR) <- [20260303-306]
2026-03-04 09:34:54.785 TRACE org.hibernate.orm.jdbc.bind - binding parameter (2:INTEGER) <- [1]
2026-03-04 09:34:54.791 INFO  k.co.seoulit.common.aop.LoggerAspect - kr.co.seoulit.reception.mapstruct.ReceptionReqMapStructImpl.toEntity()시작
2026-03-04 09:34:54.791 INFO  k.co.seoulit.common.aop.LoggerAspect - kr.co.seoulit.reception.mapstruct.ReceptionReqMapStructImpl.toEntity()종료
2026-03-04 09:34:54.791 DEBUG org.hibernate.SQL - select seq_reception.nextval from dual
2026-03-04 09:34:54.800 INFO  k.co.seoulit.common.aop.LoggerAspect - kr.co.seoulit.reception.mapstruct.ReceptionResMapStructImpl.toDto()시작
2026-03-04 09:34:54.800 INFO  k.co.seoulit.common.aop.LoggerAspect - kr.co.seoulit.reception.mapstruct.ReceptionResMapStructImpl.toDto()종료
2026-03-04 09:34:54.800 DEBUG org.hibernate.SQL - select seq_audit_log.nextval from dual
2026-03-04 09:34:54.805 INFO  k.co.seoulit.common.aop.LoggerAspect - ServiceImpl  : kr.co.seoulit.reception.service.ReceptionServiceImpl.createReception()종료
2026-03-04 09:34:54.807 DEBUG org.hibernate.SQL - insert into reception (arrived_at,cancel_reason_code,cancel_reason_text,created_at,created_by,department_id,department_name,doctor_id,doctor_name,hold_reason_code,hold_reason_text,inactive_at,inactive_reason_code,inactive_reason_text,is_active,note,patient_id,patient_name,reception_no,reservation_id,scheduled_at,status,updated_at,updated_by,visit_type,reception_id) values (?,?,?,?,?,?,?,?,?,?,?,?,?,?,?,?,?,?,?,?,?,?,?,?,?,?)
2026-03-04 09:34:54.807 TRACE org.hibernate.orm.jdbc.bind - binding parameter (1:TIMESTAMP) <- [null]
2026-03-04 09:34:54.807 TRACE org.hibernate.orm.jdbc.bind - binding parameter (2:VARCHAR) <- [null]
2026-03-04 09:34:54.807 TRACE org.hibernate.orm.jdbc.bind - binding parameter (3:VARCHAR) <- [null]
2026-03-04 09:34:54.808 TRACE org.hibernate.orm.jdbc.bind - binding parameter (4:TIMESTAMP) <- [2026-03-04T09:34:54.807008]
2026-03-04 09:34:54.808 TRACE org.hibernate.orm.jdbc.bind - binding parameter (5:BIGINT) <- [null]
2026-03-04 09:34:54.808 TRACE org.hibernate.orm.jdbc.bind - binding parameter (6:BIGINT) <- [1]
2026-03-04 09:34:54.808 TRACE org.hibernate.orm.jdbc.bind - binding parameter (7:VARCHAR) <- [내과]
2026-03-04 09:34:54.808 TRACE org.hibernate.orm.jdbc.bind - binding parameter (8:BIGINT) <- [1]
2026-03-04 09:34:54.808 TRACE org.hibernate.orm.jdbc.bind - binding parameter (9:VARCHAR) <- [송태민]
2026-03-04 09:34:54.808 TRACE org.hibernate.orm.jdbc.bind - binding parameter (10:VARCHAR) <- [null]
2026-03-04 09:34:54.808 TRACE org.hibernate.orm.jdbc.bind - binding parameter (11:VARCHAR) <- [null]
2026-03-04 09:34:54.808 TRACE org.hibernate.orm.jdbc.bind - binding parameter (12:TIMESTAMP) <- [null]
2026-03-04 09:34:54.808 TRACE org.hibernate.orm.jdbc.bind - binding parameter (13:VARCHAR) <- [null]
2026-03-04 09:34:54.808 TRACE org.hibernate.orm.jdbc.bind - binding parameter (14:VARCHAR) <- [null]
2026-03-04 09:34:54.808 TRACE org.hibernate.orm.jdbc.bind - binding parameter (15:BOOLEAN) <- [true]
2026-03-04 09:34:54.808 TRACE org.hibernate.orm.jdbc.bind - binding parameter (16:VARCHAR) <- [예약 당일 자동 접수 생성]
2026-03-04 09:34:54.809 TRACE org.hibernate.orm.jdbc.bind - binding parameter (17:BIGINT) <- [7]
2026-03-04 09:34:54.809 TRACE org.hibernate.orm.jdbc.bind - binding parameter (18:VARCHAR) <- [이현석]
2026-03-04 09:34:54.809 TRACE org.hibernate.orm.jdbc.bind - binding parameter (19:VARCHAR) <- [20260303-306]
2026-03-04 09:34:54.809 TRACE org.hibernate.orm.jdbc.bind - binding parameter (20:BIGINT) <- [15]
2026-03-04 09:34:54.809 TRACE org.hibernate.orm.jdbc.bind - binding parameter (21:TIMESTAMP) <- [2026-03-04T10:53]
2026-03-04 09:34:54.809 TRACE org.hibernate.orm.jdbc.bind - binding parameter (22:VARCHAR) <- [WAITING]
2026-03-04 09:34:54.809 TRACE org.hibernate.orm.jdbc.bind - binding parameter (23:TIMESTAMP) <- [2026-03-04T09:34:54.807008]
2026-03-04 09:34:54.809 TRACE org.hibernate.orm.jdbc.bind - binding parameter (24:BIGINT) <- [null]
2026-03-04 09:34:54.809 TRACE org.hibernate.orm.jdbc.bind - binding parameter (25:VARCHAR) <- [OUTPATIENT]
2026-03-04 09:34:54.809 TRACE org.hibernate.orm.jdbc.bind - binding parameter (26:BIGINT) <- [59]
2026-03-04 09:34:54.816 DEBUG org.hibernate.SQL - insert into audit_log (action,actor_id,after_json,before_json,diff_json,entity_id,entity_type,occurred_at,reason_code,reason_text,audit_log_id) values (?,?,?,?,?,?,?,?,?,?,?)
2026-03-04 09:34:54.817 TRACE org.hibernate.orm.jdbc.bind - binding parameter (1:VARCHAR) <- [CREATE]
2026-03-04 09:34:54.817 TRACE org.hibernate.orm.jdbc.bind - binding parameter (2:BIGINT) <- [null]
2026-03-04 09:34:54.817 TRACE org.hibernate.orm.jdbc.bind - binding parameter (3:VARCHAR) <- [{"receptionId":59,"receptionNo":"20260303-306","patientId":7,"patientName":"이현석","visitType":"OUTPATIENT","departmentId":1,"departmentName":"내과","doctorId":1,"doctorName":"송태민","reservationId":15,"scheduledAt":"2026-03-04T10:53:00","arrivedAt":null,"status":"WAITING","note":"예약 당일 자동 접수 생성","isActive":true,"inactiveAt":null,"inactiveReasonCode":null,"inactiveReasonText":null,"cancelReasonCode":null,"cancelReasonText":null,"holdReasonCode":null,"holdReasonText":null,"createdBy":null,"updatedBy":null,"createdAt":null,"updatedAt":null}]
2026-03-04 09:34:54.817 TRACE org.hibernate.orm.jdbc.bind - binding parameter (4:VARCHAR) <- [null]
2026-03-04 09:34:54.817 TRACE org.hibernate.orm.jdbc.bind - binding parameter (5:VARCHAR) <- [null]
2026-03-04 09:34:54.817 TRACE org.hibernate.orm.jdbc.bind - binding parameter (6:BIGINT) <- [59]
2026-03-04 09:34:54.817 TRACE org.hibernate.orm.jdbc.bind - binding parameter (7:VARCHAR) <- [RECEPTION]
2026-03-04 09:34:54.817 TRACE org.hibernate.orm.jdbc.bind - binding parameter (8:TIMESTAMP) <- [2026-03-04T09:34:54.816388]
2026-03-04 09:34:54.817 TRACE org.hibernate.orm.jdbc.bind - binding parameter (9:VARCHAR) <- [null]
2026-03-04 09:34:54.817 TRACE org.hibernate.orm.jdbc.bind - binding parameter (10:VARCHAR) <- [null]
2026-03-04 09:34:54.817 TRACE org.hibernate.orm.jdbc.bind - binding parameter (11:BIGINT) <- [147]
2026-03-04 09:34:54.833 INFO  k.co.seoulit.common.aop.LoggerAspect - Controller  : kr.co.seoulit.reception.controller.ReceptionController.createReception()종료
2026-03-04 09:34:54.842 INFO  k.co.seoulit.common.aop.LoggerAspect - Controller  : kr.co.seoulit.reception.controller.ReservationController.updateReservation()시작
2026-03-04 09:34:54.842 INFO  k.c.s.r.c.ReservationController - 예약 수정 요청: id=15
2026-03-04 09:34:54.842 INFO  k.co.seoulit.common.aop.LoggerAspect - ServiceImpl  : kr.co.seoulit.reception.service.ReservationServiceImpl.updateReservation()시작
2026-03-04 09:34:54.843 DEBUG org.hibernate.SQL - select re1_0.reservation_id,re1_0.cancel_reason_code,re1_0.cancel_reason_text,re1_0.canceled_at,re1_0.created_at,re1_0.created_by,re1_0.department_id,re1_0.department_name,re1_0.doctor_id,re1_0.doctor_name,re1_0.inactive_at,re1_0.inactive_reason_code,re1_0.inactive_reason_text,re1_0.is_active,re1_0.note,re1_0.patient_id,re1_0.patient_name,re1_0.reservation_no,re1_0.reserved_at,re1_0.status,re1_0.updated_at,re1_0.updated_by from reservation re1_0 where re1_0.reservation_id=?
2026-03-04 09:34:54.844 TRACE org.hibernate.orm.jdbc.bind - binding parameter (1:BIGINT) <- [15]
2026-03-04 09:34:54.851 INFO  k.co.seoulit.common.aop.LoggerAspect - kr.co.seoulit.reception.mapstruct.ReservationResMapStructImpl.toDto()시작
2026-03-04 09:34:54.852 INFO  k.co.seoulit.common.aop.LoggerAspect - kr.co.seoulit.reception.mapstruct.ReservationResMapStructImpl.toDto()종료
2026-03-04 09:34:54.853 INFO  k.co.seoulit.common.aop.LoggerAspect - kr.co.seoulit.reception.mapstruct.ReservationResMapStructImpl.toDto()시작
2026-03-04 09:34:54.853 INFO  k.co.seoulit.common.aop.LoggerAspect - kr.co.seoulit.reception.mapstruct.ReservationResMapStructImpl.toDto()종료
2026-03-04 09:34:54.853 DEBUG org.hibernate.SQL - select seq_audit_log.nextval from dual
2026-03-04 09:34:54.866 INFO  k.co.seoulit.common.aop.LoggerAspect - ServiceImpl  : kr.co.seoulit.reception.service.ReservationServiceImpl.updateReservation()종료
2026-03-04 09:34:54.867 DEBUG org.hibernate.SQL - insert into audit_log (action,actor_id,after_json,before_json,diff_json,entity_id,entity_type,occurred_at,reason_code,reason_text,audit_log_id) values (?,?,?,?,?,?,?,?,?,?,?)
2026-03-04 09:34:54.867 TRACE org.hibernate.orm.jdbc.bind - binding parameter (1:VARCHAR) <- [UPDATE]
2026-03-04 09:34:54.867 TRACE org.hibernate.orm.jdbc.bind - binding parameter (2:BIGINT) <- [null]
2026-03-04 09:34:54.867 TRACE org.hibernate.orm.jdbc.bind - binding parameter (3:VARCHAR) <- [{"reservationId":15,"reservationNo":"20260303-306","patientId":7,"patientName":"이현석","departmentId":1,"departmentName":"내과","doctorId":1,"doctorName":"송태민","reservedAt":"2026-03-04T10:53:00","status":"COMPLETED","note":"예약 당일 자동 접수 이관 완료","isActive":true,"inactiveAt":null,"inactiveReasonCode":null,"inactiveReasonText":null,"canceledAt":null,"cancelReasonCode":null,"cancelReasonText":null,"createdBy":null,"updatedBy":null,"createdAt":"2026-03-03T10:53:46.995861","updatedAt":"2026-03-03T10:53:46.995861"}]
2026-03-04 09:34:54.867 TRACE org.hibernate.orm.jdbc.bind - binding parameter (4:VARCHAR) <- [{"reservationId":15,"reservationNo":"20260303-306","patientId":7,"patientName":"이현석","departmentId":1,"departmentName":"내과","doctorId":1,"doctorName":"송태민","reservedAt":"2026-03-04T10:53:00","status":"RESERVED","note":null,"isActive":true,"inactiveAt":null,"inactiveReasonCode":null,"inactiveReasonText":null,"canceledAt":null,"cancelReasonCode":null,"cancelReasonText":null,"createdBy":null,"updatedBy":null,"createdAt":"2026-03-03T10:53:46.995861","updatedAt":"2026-03-03T10:53:46.995861"}]
2026-03-04 09:34:54.867 TRACE org.hibernate.orm.jdbc.bind - binding parameter (5:VARCHAR) <- [null]
2026-03-04 09:34:54.867 TRACE org.hibernate.orm.jdbc.bind - binding parameter (6:BIGINT) <- [15]
2026-03-04 09:34:54.867 TRACE org.hibernate.orm.jdbc.bind - binding parameter (7:VARCHAR) <- [RESERVATION]
2026-03-04 09:34:54.867 TRACE org.hibernate.orm.jdbc.bind - binding parameter (8:TIMESTAMP) <- [2026-03-04T09:34:54.867132]
2026-03-04 09:34:54.867 TRACE org.hibernate.orm.jdbc.bind - binding parameter (9:VARCHAR) <- [null]
2026-03-04 09:34:54.869 TRACE org.hibernate.orm.jdbc.bind - binding parameter (10:VARCHAR) <- [null]
2026-03-04 09:34:54.869 TRACE org.hibernate.orm.jdbc.bind - binding parameter (11:BIGINT) <- [148]
2026-03-04 09:34:54.876 DEBUG org.hibernate.SQL - update reservation set cancel_reason_code=?,cancel_reason_text=?,canceled_at=?,created_by=?,department_id=?,department_name=?,doctor_id=?,doctor_name=?,inactive_at=?,inactive_reason_code=?,inactive_reason_text=?,is_active=?,note=?,patient_id=?,patient_name=?,reservation_no=?,reserved_at=?,status=?,updated_at=?,updated_by=? where reservation_id=?
2026-03-04 09:34:54.876 TRACE org.hibernate.orm.jdbc.bind - binding parameter (1:VARCHAR) <- [null]
2026-03-04 09:34:54.876 TRACE org.hibernate.orm.jdbc.bind - binding parameter (2:VARCHAR) <- [null]
2026-03-04 09:34:54.876 TRACE org.hibernate.orm.jdbc.bind - binding parameter (3:TIMESTAMP) <- [null]
2026-03-04 09:34:54.876 TRACE org.hibernate.orm.jdbc.bind - binding parameter (4:BIGINT) <- [null]
2026-03-04 09:34:54.876 TRACE org.hibernate.orm.jdbc.bind - binding parameter (5:BIGINT) <- [1]
2026-03-04 09:34:54.876 TRACE org.hibernate.orm.jdbc.bind - binding parameter (6:VARCHAR) <- [내과]
2026-03-04 09:34:54.876 TRACE org.hibernate.orm.jdbc.bind - binding parameter (7:BIGINT) <- [1]
2026-03-04 09:34:54.876 TRACE org.hibernate.orm.jdbc.bind - binding parameter (8:VARCHAR) <- [송태민]
2026-03-04 09:34:54.877 TRACE org.hibernate.orm.jdbc.bind - binding parameter (9:TIMESTAMP) <- [null]
2026-03-04 09:34:54.877 TRACE org.hibernate.orm.jdbc.bind - binding parameter (10:VARCHAR) <- [null]
2026-03-04 09:34:54.877 TRACE org.hibernate.orm.jdbc.bind - binding parameter (11:VARCHAR) <- [null]
2026-03-04 09:34:54.877 TRACE org.hibernate.orm.jdbc.bind - binding parameter (12:BOOLEAN) <- [true]
2026-03-04 09:34:54.877 TRACE org.hibernate.orm.jdbc.bind - binding parameter (13:VARCHAR) <- [예약 당일 자동 접수 이관 완료]
2026-03-04 09:34:54.877 TRACE org.hibernate.orm.jdbc.bind - binding parameter (14:BIGINT) <- [7]
2026-03-04 09:34:54.877 TRACE org.hibernate.orm.jdbc.bind - binding parameter (15:VARCHAR) <- [이현석]
2026-03-04 09:34:54.877 TRACE org.hibernate.orm.jdbc.bind - binding parameter (16:VARCHAR) <- [20260303-306]
2026-03-04 09:34:54.877 TRACE org.hibernate.orm.jdbc.bind - binding parameter (17:TIMESTAMP) <- [2026-03-04T10:53]
2026-03-04 09:34:54.877 TRACE org.hibernate.orm.jdbc.bind - binding parameter (18:VARCHAR) <- [COMPLETED]
2026-03-04 09:34:54.877 TRACE org.hibernate.orm.jdbc.bind - binding parameter (19:TIMESTAMP) <- [2026-03-04T09:34:54.875168]
2026-03-04 09:34:54.877 TRACE org.hibernate.orm.jdbc.bind - binding parameter (20:BIGINT) <- [null]
2026-03-04 09:34:54.877 TRACE org.hibernate.orm.jdbc.bind - binding parameter (21:BIGINT) <- [15]
2026-03-04 09:34:54.890 INFO  k.co.seoulit.common.aop.LoggerAspect - Controller  : kr.co.seoulit.reception.controller.ReservationController.updateReservation()종료
2026-03-04 09:34:54.897 INFO  k.co.seoulit.common.aop.LoggerAspect - Controller  : kr.co.seoulit.reception.controller.ReceptionController.createReception()시작
2026-03-04 09:34:54.897 INFO  k.c.s.r.c.ReceptionController - Create reception request: receptionNo=20260303-307
2026-03-04 09:34:54.897 INFO  k.co.seoulit.common.aop.LoggerAspect - ServiceImpl  : kr.co.seoulit.reception.service.ReceptionServiceImpl.createReception()시작
2026-03-04 09:34:54.899 DEBUG org.hibernate.SQL - select * from (select re1_0.reception_id c0,rownum rn from reception re1_0 where re1_0.reception_no=?) r_0_ where r_0_.rn<=? order by r_0_.rn
2026-03-04 09:34:54.899 TRACE org.hibernate.orm.jdbc.bind - binding parameter (1:VARCHAR) <- [20260303-307]
2026-03-04 09:34:54.899 TRACE org.hibernate.orm.jdbc.bind - binding parameter (2:INTEGER) <- [1]
2026-03-04 09:34:54.905 INFO  k.co.seoulit.common.aop.LoggerAspect - kr.co.seoulit.reception.mapstruct.ReceptionReqMapStructImpl.toEntity()시작
2026-03-04 09:34:54.905 INFO  k.co.seoulit.common.aop.LoggerAspect - kr.co.seoulit.reception.mapstruct.ReceptionReqMapStructImpl.toEntity()종료
2026-03-04 09:34:54.905 DEBUG org.hibernate.SQL - select seq_reception.nextval from dual
2026-03-04 09:34:54.913 INFO  k.co.seoulit.common.aop.LoggerAspect - kr.co.seoulit.reception.mapstruct.ReceptionResMapStructImpl.toDto()시작
2026-03-04 09:34:54.913 INFO  k.co.seoulit.common.aop.LoggerAspect - kr.co.seoulit.reception.mapstruct.ReceptionResMapStructImpl.toDto()종료
2026-03-04 09:34:54.913 DEBUG org.hibernate.SQL - select seq_audit_log.nextval from dual
2026-03-04 09:34:54.919 INFO  k.co.seoulit.common.aop.LoggerAspect - ServiceImpl  : kr.co.seoulit.reception.service.ReceptionServiceImpl.createReception()종료
2026-03-04 09:34:54.920 DEBUG org.hibernate.SQL - insert into reception (arrived_at,cancel_reason_code,cancel_reason_text,created_at,created_by,department_id,department_name,doctor_id,doctor_name,hold_reason_code,hold_reason_text,inactive_at,inactive_reason_code,inactive_reason_text,is_active,note,patient_id,patient_name,reception_no,reservation_id,scheduled_at,status,updated_at,updated_by,visit_type,reception_id) values (?,?,?,?,?,?,?,?,?,?,?,?,?,?,?,?,?,?,?,?,?,?,?,?,?,?)
2026-03-04 09:34:54.920 TRACE org.hibernate.orm.jdbc.bind - binding parameter (1:TIMESTAMP) <- [null]
2026-03-04 09:34:54.920 TRACE org.hibernate.orm.jdbc.bind - binding parameter (2:VARCHAR) <- [null]
2026-03-04 09:34:54.920 TRACE org.hibernate.orm.jdbc.bind - binding parameter (3:VARCHAR) <- [null]
2026-03-04 09:34:54.920 TRACE org.hibernate.orm.jdbc.bind - binding parameter (4:TIMESTAMP) <- [2026-03-04T09:34:54.919103]
2026-03-04 09:34:54.920 TRACE org.hibernate.orm.jdbc.bind - binding parameter (5:BIGINT) <- [null]
2026-03-04 09:34:54.920 TRACE org.hibernate.orm.jdbc.bind - binding parameter (6:BIGINT) <- [1]
2026-03-04 09:34:54.920 TRACE org.hibernate.orm.jdbc.bind - binding parameter (7:VARCHAR) <- [내과]
2026-03-04 09:34:54.920 TRACE org.hibernate.orm.jdbc.bind - binding parameter (8:BIGINT) <- [1]
2026-03-04 09:34:54.920 TRACE org.hibernate.orm.jdbc.bind - binding parameter (9:VARCHAR) <- [송태민]
2026-03-04 09:34:54.920 TRACE org.hibernate.orm.jdbc.bind - binding parameter (10:VARCHAR) <- [null]
2026-03-04 09:34:54.920 TRACE org.hibernate.orm.jdbc.bind - binding parameter (11:VARCHAR) <- [null]
2026-03-04 09:34:54.920 TRACE org.hibernate.orm.jdbc.bind - binding parameter (12:TIMESTAMP) <- [null]
2026-03-04 09:34:54.921 TRACE org.hibernate.orm.jdbc.bind - binding parameter (13:VARCHAR) <- [null]
2026-03-04 09:34:54.921 TRACE org.hibernate.orm.jdbc.bind - binding parameter (14:VARCHAR) <- [null]
2026-03-04 09:34:54.921 TRACE org.hibernate.orm.jdbc.bind - binding parameter (15:BOOLEAN) <- [true]
2026-03-04 09:34:54.921 TRACE org.hibernate.orm.jdbc.bind - binding parameter (16:VARCHAR) <- [예약 당일 자동 접수 생성]
2026-03-04 09:34:54.921 TRACE org.hibernate.orm.jdbc.bind - binding parameter (17:BIGINT) <- [18]
2026-03-04 09:34:54.921 TRACE org.hibernate.orm.jdbc.bind - binding parameter (18:VARCHAR) <- [신가은]
2026-03-04 09:34:54.921 TRACE org.hibernate.orm.jdbc.bind - binding parameter (19:VARCHAR) <- [20260303-307]
2026-03-04 09:34:54.921 TRACE org.hibernate.orm.jdbc.bind - binding parameter (20:BIGINT) <- [16]
2026-03-04 09:34:54.921 TRACE org.hibernate.orm.jdbc.bind - binding parameter (21:TIMESTAMP) <- [2026-03-04T12:54]
2026-03-04 09:34:54.921 TRACE org.hibernate.orm.jdbc.bind - binding parameter (22:VARCHAR) <- [WAITING]
2026-03-04 09:34:54.921 TRACE org.hibernate.orm.jdbc.bind - binding parameter (23:TIMESTAMP) <- [2026-03-04T09:34:54.919103]
2026-03-04 09:34:54.921 TRACE org.hibernate.orm.jdbc.bind - binding parameter (24:BIGINT) <- [null]
2026-03-04 09:34:54.921 TRACE org.hibernate.orm.jdbc.bind - binding parameter (25:VARCHAR) <- [OUTPATIENT]
2026-03-04 09:34:54.921 TRACE org.hibernate.orm.jdbc.bind - binding parameter (26:BIGINT) <- [60]
2026-03-04 09:34:54.930 DEBUG org.hibernate.SQL - insert into audit_log (action,actor_id,after_json,before_json,diff_json,entity_id,entity_type,occurred_at,reason_code,reason_text,audit_log_id) values (?,?,?,?,?,?,?,?,?,?,?)
2026-03-04 09:34:54.930 TRACE org.hibernate.orm.jdbc.bind - binding parameter (1:VARCHAR) <- [CREATE]
2026-03-04 09:34:54.930 TRACE org.hibernate.orm.jdbc.bind - binding parameter (2:BIGINT) <- [null]
2026-03-04 09:34:54.930 TRACE org.hibernate.orm.jdbc.bind - binding parameter (3:VARCHAR) <- [{"receptionId":60,"receptionNo":"20260303-307","patientId":18,"patientName":"신가은","visitType":"OUTPATIENT","departmentId":1,"departmentName":"내과","doctorId":1,"doctorName":"송태민","reservationId":16,"scheduledAt":"2026-03-04T12:54:00","arrivedAt":null,"status":"WAITING","note":"예약 당일 자동 접수 생성","isActive":true,"inactiveAt":null,"inactiveReasonCode":null,"inactiveReasonText":null,"cancelReasonCode":null,"cancelReasonText":null,"holdReasonCode":null,"holdReasonText":null,"createdBy":null,"updatedBy":null,"createdAt":null,"updatedAt":null}]
2026-03-04 09:34:54.930 TRACE org.hibernate.orm.jdbc.bind - binding parameter (4:VARCHAR) <- [null]
2026-03-04 09:34:54.930 TRACE org.hibernate.orm.jdbc.bind - binding parameter (5:VARCHAR) <- [null]
2026-03-04 09:34:54.930 TRACE org.hibernate.orm.jdbc.bind - binding parameter (6:BIGINT) <- [60]
2026-03-04 09:34:54.931 TRACE org.hibernate.orm.jdbc.bind - binding parameter (7:VARCHAR) <- [RECEPTION]
2026-03-04 09:34:54.931 TRACE org.hibernate.orm.jdbc.bind - binding parameter (8:TIMESTAMP) <- [2026-03-04T09:34:54.929140]
2026-03-04 09:34:54.931 TRACE org.hibernate.orm.jdbc.bind - binding parameter (9:VARCHAR) <- [null]
2026-03-04 09:34:54.931 TRACE org.hibernate.orm.jdbc.bind - binding parameter (10:VARCHAR) <- [null]
2026-03-04 09:34:54.931 TRACE org.hibernate.orm.jdbc.bind - binding parameter (11:BIGINT) <- [149]
2026-03-04 09:34:54.947 INFO  k.co.seoulit.common.aop.LoggerAspect - Controller  : kr.co.seoulit.reception.controller.ReceptionController.createReception()종료
2026-03-04 09:34:54.954 INFO  k.co.seoulit.common.aop.LoggerAspect - Controller  : kr.co.seoulit.reception.controller.ReservationController.updateReservation()시작
2026-03-04 09:34:54.954 INFO  k.c.s.r.c.ReservationController - 예약 수정 요청: id=16
2026-03-04 09:34:54.955 INFO  k.co.seoulit.common.aop.LoggerAspect - ServiceImpl  : kr.co.seoulit.reception.service.ReservationServiceImpl.updateReservation()시작
2026-03-04 09:34:54.955 DEBUG org.hibernate.SQL - select re1_0.reservation_id,re1_0.cancel_reason_code,re1_0.cancel_reason_text,re1_0.canceled_at,re1_0.created_at,re1_0.created_by,re1_0.department_id,re1_0.department_name,re1_0.doctor_id,re1_0.doctor_name,re1_0.inactive_at,re1_0.inactive_reason_code,re1_0.inactive_reason_text,re1_0.is_active,re1_0.note,re1_0.patient_id,re1_0.patient_name,re1_0.reservation_no,re1_0.reserved_at,re1_0.status,re1_0.updated_at,re1_0.updated_by from reservation re1_0 where re1_0.reservation_id=?
2026-03-04 09:34:54.955 TRACE org.hibernate.orm.jdbc.bind - binding parameter (1:BIGINT) <- [16]
2026-03-04 09:34:54.965 INFO  k.co.seoulit.common.aop.LoggerAspect - kr.co.seoulit.reception.mapstruct.ReservationResMapStructImpl.toDto()시작
2026-03-04 09:34:54.965 INFO  k.co.seoulit.common.aop.LoggerAspect - kr.co.seoulit.reception.mapstruct.ReservationResMapStructImpl.toDto()종료
2026-03-04 09:34:54.965 INFO  k.co.seoulit.common.aop.LoggerAspect - kr.co.seoulit.reception.mapstruct.ReservationResMapStructImpl.toDto()시작
2026-03-04 09:34:54.965 INFO  k.co.seoulit.common.aop.LoggerAspect - kr.co.seoulit.reception.mapstruct.ReservationResMapStructImpl.toDto()종료
2026-03-04 09:34:54.966 DEBUG org.hibernate.SQL - select seq_audit_log.nextval from dual
2026-03-04 09:34:54.974 INFO  k.co.seoulit.common.aop.LoggerAspect - ServiceImpl  : kr.co.seoulit.reception.service.ReservationServiceImpl.updateReservation()종료
2026-03-04 09:34:54.974 DEBUG org.hibernate.SQL - insert into audit_log (action,actor_id,after_json,before_json,diff_json,entity_id,entity_type,occurred_at,reason_code,reason_text,audit_log_id) values (?,?,?,?,?,?,?,?,?,?,?)
2026-03-04 09:34:54.975 TRACE org.hibernate.orm.jdbc.bind - binding parameter (1:VARCHAR) <- [UPDATE]
2026-03-04 09:34:54.975 TRACE org.hibernate.orm.jdbc.bind - binding parameter (2:BIGINT) <- [null]
2026-03-04 09:34:54.975 TRACE org.hibernate.orm.jdbc.bind - binding parameter (3:VARCHAR) <- [{"reservationId":16,"reservationNo":"20260303-307","patientId":18,"patientName":"신가은","departmentId":1,"departmentName":"내과","doctorId":1,"doctorName":"송태민","reservedAt":"2026-03-04T12:54:00","status":"COMPLETED","note":"예약 당일 자동 접수 이관 완료","isActive":true,"inactiveAt":null,"inactiveReasonCode":null,"inactiveReasonText":null,"canceledAt":null,"cancelReasonCode":null,"cancelReasonText":null,"createdBy":null,"updatedBy":null,"createdAt":"2026-03-03T10:54:04.216344","updatedAt":"2026-03-03T10:54:04.216344"}]
2026-03-04 09:34:54.975 TRACE org.hibernate.orm.jdbc.bind - binding parameter (4:VARCHAR) <- [{"reservationId":16,"reservationNo":"20260303-307","patientId":18,"patientName":"신가은","departmentId":1,"departmentName":"내과","doctorId":1,"doctorName":"송태민","reservedAt":"2026-03-04T12:54:00","status":"RESERVED","note":null,"isActive":true,"inactiveAt":null,"inactiveReasonCode":null,"inactiveReasonText":null,"canceledAt":null,"cancelReasonCode":null,"cancelReasonText":null,"createdBy":null,"updatedBy":null,"createdAt":"2026-03-03T10:54:04.216344","updatedAt":"2026-03-03T10:54:04.216344"}]
2026-03-04 09:34:54.975 TRACE org.hibernate.orm.jdbc.bind - binding parameter (5:VARCHAR) <- [null]
2026-03-04 09:34:54.975 TRACE org.hibernate.orm.jdbc.bind - binding parameter (6:BIGINT) <- [16]
2026-03-04 09:34:54.975 TRACE org.hibernate.orm.jdbc.bind - binding parameter (7:VARCHAR) <- [RESERVATION]
2026-03-04 09:34:54.975 TRACE org.hibernate.orm.jdbc.bind - binding parameter (8:TIMESTAMP) <- [2026-03-04T09:34:54.974139]
2026-03-04 09:34:54.975 TRACE org.hibernate.orm.jdbc.bind - binding parameter (9:VARCHAR) <- [null]
2026-03-04 09:34:54.975 TRACE org.hibernate.orm.jdbc.bind - binding parameter (10:VARCHAR) <- [null]
2026-03-04 09:34:54.976 TRACE org.hibernate.orm.jdbc.bind - binding parameter (11:BIGINT) <- [150]
2026-03-04 09:34:54.983 DEBUG org.hibernate.SQL - update reservation set cancel_reason_code=?,cancel_reason_text=?,canceled_at=?,created_by=?,department_id=?,department_name=?,doctor_id=?,doctor_name=?,inactive_at=?,inactive_reason_code=?,inactive_reason_text=?,is_active=?,note=?,patient_id=?,patient_name=?,reservation_no=?,reserved_at=?,status=?,updated_at=?,updated_by=? where reservation_id=?
2026-03-04 09:34:54.983 TRACE org.hibernate.orm.jdbc.bind - binding parameter (1:VARCHAR) <- [null]
2026-03-04 09:34:54.983 TRACE org.hibernate.orm.jdbc.bind - binding parameter (2:VARCHAR) <- [null]
2026-03-04 09:34:54.983 TRACE org.hibernate.orm.jdbc.bind - binding parameter (3:TIMESTAMP) <- [null]
2026-03-04 09:34:54.983 TRACE org.hibernate.orm.jdbc.bind - binding parameter (4:BIGINT) <- [null]
2026-03-04 09:34:54.983 TRACE org.hibernate.orm.jdbc.bind - binding parameter (5:BIGINT) <- [1]
2026-03-04 09:34:54.983 TRACE org.hibernate.orm.jdbc.bind - binding parameter (6:VARCHAR) <- [내과]
2026-03-04 09:34:54.983 TRACE org.hibernate.orm.jdbc.bind - binding parameter (7:BIGINT) <- [1]
2026-03-04 09:34:54.984 TRACE org.hibernate.orm.jdbc.bind - binding parameter (8:VARCHAR) <- [송태민]
2026-03-04 09:34:54.984 TRACE org.hibernate.orm.jdbc.bind - binding parameter (9:TIMESTAMP) <- [null]
2026-03-04 09:34:54.984 TRACE org.hibernate.orm.jdbc.bind - binding parameter (10:VARCHAR) <- [null]
2026-03-04 09:34:54.984 TRACE org.hibernate.orm.jdbc.bind - binding parameter (11:VARCHAR) <- [null]
2026-03-04 09:34:54.984 TRACE org.hibernate.orm.jdbc.bind - binding parameter (12:BOOLEAN) <- [true]
2026-03-04 09:34:54.984 TRACE org.hibernate.orm.jdbc.bind - binding parameter (13:VARCHAR) <- [예약 당일 자동 접수 이관 완료]
2026-03-04 09:34:54.984 TRACE org.hibernate.orm.jdbc.bind - binding parameter (14:BIGINT) <- [18]
2026-03-04 09:34:54.984 TRACE org.hibernate.orm.jdbc.bind - binding parameter (15:VARCHAR) <- [신가은]
2026-03-04 09:34:54.984 TRACE org.hibernate.orm.jdbc.bind - binding parameter (16:VARCHAR) <- [20260303-307]
2026-03-04 09:34:54.984 TRACE org.hibernate.orm.jdbc.bind - binding parameter (17:TIMESTAMP) <- [2026-03-04T12:54]
2026-03-04 09:34:54.984 TRACE org.hibernate.orm.jdbc.bind - binding parameter (18:VARCHAR) <- [COMPLETED]
2026-03-04 09:34:54.984 TRACE org.hibernate.orm.jdbc.bind - binding parameter (19:TIMESTAMP) <- [2026-03-04T09:34:54.982097]
2026-03-04 09:34:54.984 TRACE org.hibernate.orm.jdbc.bind - binding parameter (20:BIGINT) <- [null]
2026-03-04 09:34:54.985 TRACE org.hibernate.orm.jdbc.bind - binding parameter (21:BIGINT) <- [16]
2026-03-04 09:34:55.009 INFO  k.co.seoulit.common.aop.LoggerAspect - Controller  : kr.co.seoulit.reception.controller.ReservationController.updateReservation()종료
2026-03-04 09:34:55.013 INFO  k.co.seoulit.common.aop.LoggerAspect - Controller  : kr.co.seoulit.reception.controller.ReceptionController.createReception()시작
2026-03-04 09:34:55.013 INFO  k.c.s.r.c.ReceptionController - Create reception request: receptionNo=20260303-308
2026-03-04 09:34:55.014 INFO  k.co.seoulit.common.aop.LoggerAspect - ServiceImpl  : kr.co.seoulit.reception.service.ReceptionServiceImpl.createReception()시작
2026-03-04 09:34:55.015 DEBUG org.hibernate.SQL - select * from (select re1_0.reception_id c0,rownum rn from reception re1_0 where re1_0.reception_no=?) r_0_ where r_0_.rn<=? order by r_0_.rn
2026-03-04 09:34:55.015 TRACE org.hibernate.orm.jdbc.bind - binding parameter (1:VARCHAR) <- [20260303-308]
2026-03-04 09:34:55.015 TRACE org.hibernate.orm.jdbc.bind - binding parameter (2:INTEGER) <- [1]
2026-03-04 09:34:55.021 INFO  k.co.seoulit.common.aop.LoggerAspect - kr.co.seoulit.reception.mapstruct.ReceptionReqMapStructImpl.toEntity()시작
2026-03-04 09:34:55.021 INFO  k.co.seoulit.common.aop.LoggerAspect - kr.co.seoulit.reception.mapstruct.ReceptionReqMapStructImpl.toEntity()종료
2026-03-04 09:34:55.021 DEBUG org.hibernate.SQL - select seq_reception.nextval from dual
2026-03-04 09:34:55.030 INFO  k.co.seoulit.common.aop.LoggerAspect - kr.co.seoulit.reception.mapstruct.ReceptionResMapStructImpl.toDto()시작
2026-03-04 09:34:55.030 INFO  k.co.seoulit.common.aop.LoggerAspect - kr.co.seoulit.reception.mapstruct.ReceptionResMapStructImpl.toDto()종료
2026-03-04 09:34:55.030 DEBUG org.hibernate.SQL - select seq_audit_log.nextval from dual
2026-03-04 09:34:55.038 INFO  k.co.seoulit.common.aop.LoggerAspect - ServiceImpl  : kr.co.seoulit.reception.service.ReceptionServiceImpl.createReception()종료
2026-03-04 09:34:55.039 DEBUG org.hibernate.SQL - insert into reception (arrived_at,cancel_reason_code,cancel_reason_text,created_at,created_by,department_id,department_name,doctor_id,doctor_name,hold_reason_code,hold_reason_text,inactive_at,inactive_reason_code,inactive_reason_text,is_active,note,patient_id,patient_name,reception_no,reservation_id,scheduled_at,status,updated_at,updated_by,visit_type,reception_id) values (?,?,?,?,?,?,?,?,?,?,?,?,?,?,?,?,?,?,?,?,?,?,?,?,?,?)
2026-03-04 09:34:55.039 TRACE org.hibernate.orm.jdbc.bind - binding parameter (1:TIMESTAMP) <- [null]
2026-03-04 09:34:55.039 TRACE org.hibernate.orm.jdbc.bind - binding parameter (2:VARCHAR) <- [null]
2026-03-04 09:34:55.039 TRACE org.hibernate.orm.jdbc.bind - binding parameter (3:VARCHAR) <- [null]
2026-03-04 09:34:55.039 TRACE org.hibernate.orm.jdbc.bind - binding parameter (4:TIMESTAMP) <- [2026-03-04T09:34:55.038712]
2026-03-04 09:34:55.039 TRACE org.hibernate.orm.jdbc.bind - binding parameter (5:BIGINT) <- [null]
2026-03-04 09:34:55.039 TRACE org.hibernate.orm.jdbc.bind - binding parameter (6:BIGINT) <- [1]
2026-03-04 09:34:55.039 TRACE org.hibernate.orm.jdbc.bind - binding parameter (7:VARCHAR) <- [내과]
2026-03-04 09:34:55.039 TRACE org.hibernate.orm.jdbc.bind - binding parameter (8:BIGINT) <- [1]
2026-03-04 09:34:55.039 TRACE org.hibernate.orm.jdbc.bind - binding parameter (9:VARCHAR) <- [송태민]
2026-03-04 09:34:55.039 TRACE org.hibernate.orm.jdbc.bind - binding parameter (10:VARCHAR) <- [null]
2026-03-04 09:34:55.039 TRACE org.hibernate.orm.jdbc.bind - binding parameter (11:VARCHAR) <- [null]
2026-03-04 09:34:55.039 TRACE org.hibernate.orm.jdbc.bind - binding parameter (12:TIMESTAMP) <- [null]
2026-03-04 09:34:55.040 TRACE org.hibernate.orm.jdbc.bind - binding parameter (13:VARCHAR) <- [null]
2026-03-04 09:34:55.040 TRACE org.hibernate.orm.jdbc.bind - binding parameter (14:VARCHAR) <- [null]
2026-03-04 09:34:55.040 TRACE org.hibernate.orm.jdbc.bind - binding parameter (15:BOOLEAN) <- [true]
2026-03-04 09:34:55.040 TRACE org.hibernate.orm.jdbc.bind - binding parameter (16:VARCHAR) <- [예약 당일 자동 접수 생성]
2026-03-04 09:34:55.040 TRACE org.hibernate.orm.jdbc.bind - binding parameter (17:BIGINT) <- [21]
2026-03-04 09:34:55.040 TRACE org.hibernate.orm.jdbc.bind - binding parameter (18:VARCHAR) <- [허민재]
2026-03-04 09:34:55.040 TRACE org.hibernate.orm.jdbc.bind - binding parameter (19:VARCHAR) <- [20260303-308]
2026-03-04 09:34:55.040 TRACE org.hibernate.orm.jdbc.bind - binding parameter (20:BIGINT) <- [17]
2026-03-04 09:34:55.040 TRACE org.hibernate.orm.jdbc.bind - binding parameter (21:TIMESTAMP) <- [2026-03-04T11:54]
2026-03-04 09:34:55.040 TRACE org.hibernate.orm.jdbc.bind - binding parameter (22:VARCHAR) <- [WAITING]
2026-03-04 09:34:55.040 TRACE org.hibernate.orm.jdbc.bind - binding parameter (23:TIMESTAMP) <- [2026-03-04T09:34:55.038712]
2026-03-04 09:34:55.040 TRACE org.hibernate.orm.jdbc.bind - binding parameter (24:BIGINT) <- [null]
2026-03-04 09:34:55.040 TRACE org.hibernate.orm.jdbc.bind - binding parameter (25:VARCHAR) <- [OUTPATIENT]
2026-03-04 09:34:55.040 TRACE org.hibernate.orm.jdbc.bind - binding parameter (26:BIGINT) <- [61]
2026-03-04 09:34:55.049 DEBUG org.hibernate.SQL - insert into audit_log (action,actor_id,after_json,before_json,diff_json,entity_id,entity_type,occurred_at,reason_code,reason_text,audit_log_id) values (?,?,?,?,?,?,?,?,?,?,?)
2026-03-04 09:34:55.050 TRACE org.hibernate.orm.jdbc.bind - binding parameter (1:VARCHAR) <- [CREATE]
2026-03-04 09:34:55.050 TRACE org.hibernate.orm.jdbc.bind - binding parameter (2:BIGINT) <- [null]
2026-03-04 09:34:55.050 TRACE org.hibernate.orm.jdbc.bind - binding parameter (3:VARCHAR) <- [{"receptionId":61,"receptionNo":"20260303-308","patientId":21,"patientName":"허민재","visitType":"OUTPATIENT","departmentId":1,"departmentName":"내과","doctorId":1,"doctorName":"송태민","reservationId":17,"scheduledAt":"2026-03-04T11:54:00","arrivedAt":null,"status":"WAITING","note":"예약 당일 자동 접수 생성","isActive":true,"inactiveAt":null,"inactiveReasonCode":null,"inactiveReasonText":null,"cancelReasonCode":null,"cancelReasonText":null,"holdReasonCode":null,"holdReasonText":null,"createdBy":null,"updatedBy":null,"createdAt":null,"updatedAt":null}]
2026-03-04 09:34:55.050 TRACE org.hibernate.orm.jdbc.bind - binding parameter (4:VARCHAR) <- [null]
2026-03-04 09:34:55.050 TRACE org.hibernate.orm.jdbc.bind - binding parameter (5:VARCHAR) <- [null]
2026-03-04 09:34:55.050 TRACE org.hibernate.orm.jdbc.bind - binding parameter (6:BIGINT) <- [61]
2026-03-04 09:34:55.050 TRACE org.hibernate.orm.jdbc.bind - binding parameter (7:VARCHAR) <- [RECEPTION]
2026-03-04 09:34:55.050 TRACE org.hibernate.orm.jdbc.bind - binding parameter (8:TIMESTAMP) <- [2026-03-04T09:34:55.049714]
2026-03-04 09:34:55.050 TRACE org.hibernate.orm.jdbc.bind - binding parameter (9:VARCHAR) <- [null]
2026-03-04 09:34:55.050 TRACE org.hibernate.orm.jdbc.bind - binding parameter (10:VARCHAR) <- [null]
2026-03-04 09:34:55.050 TRACE org.hibernate.orm.jdbc.bind - binding parameter (11:BIGINT) <- [151]
2026-03-04 09:34:55.068 INFO  k.co.seoulit.common.aop.LoggerAspect - Controller  : kr.co.seoulit.reception.controller.ReceptionController.createReception()종료
2026-03-04 09:34:55.076 INFO  k.co.seoulit.common.aop.LoggerAspect - Controller  : kr.co.seoulit.reception.controller.ReservationController.updateReservation()시작
2026-03-04 09:34:55.076 INFO  k.c.s.r.c.ReservationController - 예약 수정 요청: id=17
2026-03-04 09:34:55.076 INFO  k.co.seoulit.common.aop.LoggerAspect - ServiceImpl  : kr.co.seoulit.reception.service.ReservationServiceImpl.updateReservation()시작
2026-03-04 09:34:55.077 DEBUG org.hibernate.SQL - select re1_0.reservation_id,re1_0.cancel_reason_code,re1_0.cancel_reason_text,re1_0.canceled_at,re1_0.created_at,re1_0.created_by,re1_0.department_id,re1_0.department_name,re1_0.doctor_id,re1_0.doctor_name,re1_0.inactive_at,re1_0.inactive_reason_code,re1_0.inactive_reason_text,re1_0.is_active,re1_0.note,re1_0.patient_id,re1_0.patient_name,re1_0.reservation_no,re1_0.reserved_at,re1_0.status,re1_0.updated_at,re1_0.updated_by from reservation re1_0 where re1_0.reservation_id=?
2026-03-04 09:34:55.077 TRACE org.hibernate.orm.jdbc.bind - binding parameter (1:BIGINT) <- [17]
2026-03-04 09:34:55.096 INFO  k.co.seoulit.common.aop.LoggerAspect - kr.co.seoulit.reception.mapstruct.ReservationResMapStructImpl.toDto()시작
2026-03-04 09:34:55.097 INFO  k.co.seoulit.common.aop.LoggerAspect - kr.co.seoulit.reception.mapstruct.ReservationResMapStructImpl.toDto()종료
2026-03-04 09:34:55.097 INFO  k.co.seoulit.common.aop.LoggerAspect - kr.co.seoulit.reception.mapstruct.ReservationResMapStructImpl.toDto()시작
2026-03-04 09:34:55.097 INFO  k.co.seoulit.common.aop.LoggerAspect - kr.co.seoulit.reception.mapstruct.ReservationResMapStructImpl.toDto()종료
2026-03-04 09:34:55.097 DEBUG org.hibernate.SQL - select seq_audit_log.nextval from dual
2026-03-04 09:34:55.106 INFO  k.co.seoulit.common.aop.LoggerAspect - ServiceImpl  : kr.co.seoulit.reception.service.ReservationServiceImpl.updateReservation()종료
2026-03-04 09:34:55.107 DEBUG org.hibernate.SQL - insert into audit_log (action,actor_id,after_json,before_json,diff_json,entity_id,entity_type,occurred_at,reason_code,reason_text,audit_log_id) values (?,?,?,?,?,?,?,?,?,?,?)
2026-03-04 09:34:55.107 TRACE org.hibernate.orm.jdbc.bind - binding parameter (1:VARCHAR) <- [UPDATE]
2026-03-04 09:34:55.107 TRACE org.hibernate.orm.jdbc.bind - binding parameter (2:BIGINT) <- [null]
2026-03-04 09:34:55.107 TRACE org.hibernate.orm.jdbc.bind - binding parameter (3:VARCHAR) <- [{"reservationId":17,"reservationNo":"20260303-308","patientId":21,"patientName":"허민재","departmentId":1,"departmentName":"내과","doctorId":1,"doctorName":"송태민","reservedAt":"2026-03-04T11:54:00","status":"COMPLETED","note":"예약 당일 자동 접수 이관 완료","isActive":true,"inactiveAt":null,"inactiveReasonCode":null,"inactiveReasonText":null,"canceledAt":null,"cancelReasonCode":null,"cancelReasonText":null,"createdBy":null,"updatedBy":null,"createdAt":"2026-03-03T10:54:19.489977","updatedAt":"2026-03-03T10:54:19.489977"}]
2026-03-04 09:34:55.107 TRACE org.hibernate.orm.jdbc.bind - binding parameter (4:VARCHAR) <- [{"reservationId":17,"reservationNo":"20260303-308","patientId":21,"patientName":"허민재","departmentId":1,"departmentName":"내과","doctorId":1,"doctorName":"송태민","reservedAt":"2026-03-04T11:54:00","status":"RESERVED","note":null,"isActive":true,"inactiveAt":null,"inactiveReasonCode":null,"inactiveReasonText":null,"canceledAt":null,"cancelReasonCode":null,"cancelReasonText":null,"createdBy":null,"updatedBy":null,"createdAt":"2026-03-03T10:54:19.489977","updatedAt":"2026-03-03T10:54:19.489977"}]
2026-03-04 09:34:55.107 TRACE org.hibernate.orm.jdbc.bind - binding parameter (5:VARCHAR) <- [null]
2026-03-04 09:34:55.107 TRACE org.hibernate.orm.jdbc.bind - binding parameter (6:BIGINT) <- [17]
2026-03-04 09:34:55.107 TRACE org.hibernate.orm.jdbc.bind - binding parameter (7:VARCHAR) <- [RESERVATION]
2026-03-04 09:34:55.107 TRACE org.hibernate.orm.jdbc.bind - binding parameter (8:TIMESTAMP) <- [2026-03-04T09:34:55.107760]
2026-03-04 09:34:55.108 TRACE org.hibernate.orm.jdbc.bind - binding parameter (9:VARCHAR) <- [null]
2026-03-04 09:34:55.108 TRACE org.hibernate.orm.jdbc.bind - binding parameter (10:VARCHAR) <- [null]
2026-03-04 09:34:55.108 TRACE org.hibernate.orm.jdbc.bind - binding parameter (11:BIGINT) <- [152]
2026-03-04 09:34:55.126 DEBUG org.hibernate.SQL - update reservation set cancel_reason_code=?,cancel_reason_text=?,canceled_at=?,created_by=?,department_id=?,department_name=?,doctor_id=?,doctor_name=?,inactive_at=?,inactive_reason_code=?,inactive_reason_text=?,is_active=?,note=?,patient_id=?,patient_name=?,reservation_no=?,reserved_at=?,status=?,updated_at=?,updated_by=? where reservation_id=?
2026-03-04 09:34:55.126 TRACE org.hibernate.orm.jdbc.bind - binding parameter (1:VARCHAR) <- [null]
2026-03-04 09:34:55.126 TRACE org.hibernate.orm.jdbc.bind - binding parameter (2:VARCHAR) <- [null]
2026-03-04 09:34:55.127 TRACE org.hibernate.orm.jdbc.bind - binding parameter (3:TIMESTAMP) <- [null]
2026-03-04 09:34:55.127 TRACE org.hibernate.orm.jdbc.bind - binding parameter (4:BIGINT) <- [null]
2026-03-04 09:34:55.127 TRACE org.hibernate.orm.jdbc.bind - binding parameter (5:BIGINT) <- [1]
2026-03-04 09:34:55.127 TRACE org.hibernate.orm.jdbc.bind - binding parameter (6:VARCHAR) <- [내과]
2026-03-04 09:34:55.127 TRACE org.hibernate.orm.jdbc.bind - binding parameter (7:BIGINT) <- [1]
2026-03-04 09:34:55.127 TRACE org.hibernate.orm.jdbc.bind - binding parameter (8:VARCHAR) <- [송태민]
2026-03-04 09:34:55.127 TRACE org.hibernate.orm.jdbc.bind - binding parameter (9:TIMESTAMP) <- [null]
2026-03-04 09:34:55.127 TRACE org.hibernate.orm.jdbc.bind - binding parameter (10:VARCHAR) <- [null]
2026-03-04 09:34:55.127 TRACE org.hibernate.orm.jdbc.bind - binding parameter (11:VARCHAR) <- [null]
2026-03-04 09:34:55.127 TRACE org.hibernate.orm.jdbc.bind - binding parameter (12:BOOLEAN) <- [true]
2026-03-04 09:34:55.127 TRACE org.hibernate.orm.jdbc.bind - binding parameter (13:VARCHAR) <- [예약 당일 자동 접수 이관 완료]
2026-03-04 09:34:55.127 TRACE org.hibernate.orm.jdbc.bind - binding parameter (14:BIGINT) <- [21]
2026-03-04 09:34:55.127 TRACE org.hibernate.orm.jdbc.bind - binding parameter (15:VARCHAR) <- [허민재]
2026-03-04 09:34:55.127 TRACE org.hibernate.orm.jdbc.bind - binding parameter (16:VARCHAR) <- [20260303-308]
2026-03-04 09:34:55.127 TRACE org.hibernate.orm.jdbc.bind - binding parameter (17:TIMESTAMP) <- [2026-03-04T11:54]
2026-03-04 09:34:55.127 TRACE org.hibernate.orm.jdbc.bind - binding parameter (18:VARCHAR) <- [COMPLETED]
2026-03-04 09:34:55.127 TRACE org.hibernate.orm.jdbc.bind - binding parameter (19:TIMESTAMP) <- [2026-03-04T09:34:55.125279]
2026-03-04 09:34:55.127 TRACE org.hibernate.orm.jdbc.bind - binding parameter (20:BIGINT) <- [null]
2026-03-04 09:34:55.127 TRACE org.hibernate.orm.jdbc.bind - binding parameter (21:BIGINT) <- [17]
2026-03-04 09:34:55.141 INFO  k.co.seoulit.common.aop.LoggerAspect - Controller  : kr.co.seoulit.reception.controller.ReservationController.updateReservation()종료
2026-03-04 09:34:55.148 INFO  k.co.seoulit.common.aop.LoggerAspect - Controller  : kr.co.seoulit.reception.controller.ReceptionController.createReception()시작
2026-03-04 09:34:55.149 INFO  k.c.s.r.c.ReceptionController - Create reception request: receptionNo=20260303-309
2026-03-04 09:34:55.149 INFO  k.co.seoulit.common.aop.LoggerAspect - ServiceImpl  : kr.co.seoulit.reception.service.ReceptionServiceImpl.createReception()시작
2026-03-04 09:34:55.151 DEBUG org.hibernate.SQL - select * from (select re1_0.reception_id c0,rownum rn from reception re1_0 where re1_0.reception_no=?) r_0_ where r_0_.rn<=? order by r_0_.rn
2026-03-04 09:34:55.151 TRACE org.hibernate.orm.jdbc.bind - binding parameter (1:VARCHAR) <- [20260303-309]
2026-03-04 09:34:55.152 TRACE org.hibernate.orm.jdbc.bind - binding parameter (2:INTEGER) <- [1]
2026-03-04 09:34:55.160 INFO  k.co.seoulit.common.aop.LoggerAspect - kr.co.seoulit.reception.mapstruct.ReceptionReqMapStructImpl.toEntity()시작
2026-03-04 09:34:55.161 INFO  k.co.seoulit.common.aop.LoggerAspect - kr.co.seoulit.reception.mapstruct.ReceptionReqMapStructImpl.toEntity()종료
2026-03-04 09:34:55.161 DEBUG org.hibernate.SQL - select seq_reception.nextval from dual
2026-03-04 09:34:55.172 INFO  k.co.seoulit.common.aop.LoggerAspect - kr.co.seoulit.reception.mapstruct.ReceptionResMapStructImpl.toDto()시작
2026-03-04 09:34:55.173 INFO  k.co.seoulit.common.aop.LoggerAspect - kr.co.seoulit.reception.mapstruct.ReceptionResMapStructImpl.toDto()종료
2026-03-04 09:34:55.173 DEBUG org.hibernate.SQL - select seq_audit_log.nextval from dual
2026-03-04 09:34:55.189 INFO  k.co.seoulit.common.aop.LoggerAspect - ServiceImpl  : kr.co.seoulit.reception.service.ReceptionServiceImpl.createReception()종료
2026-03-04 09:34:55.190 DEBUG org.hibernate.SQL - insert into reception (arrived_at,cancel_reason_code,cancel_reason_text,created_at,created_by,department_id,department_name,doctor_id,doctor_name,hold_reason_code,hold_reason_text,inactive_at,inactive_reason_code,inactive_reason_text,is_active,note,patient_id,patient_name,reception_no,reservation_id,scheduled_at,status,updated_at,updated_by,visit_type,reception_id) values (?,?,?,?,?,?,?,?,?,?,?,?,?,?,?,?,?,?,?,?,?,?,?,?,?,?)
2026-03-04 09:34:55.190 TRACE org.hibernate.orm.jdbc.bind - binding parameter (1:TIMESTAMP) <- [null]
2026-03-04 09:34:55.190 TRACE org.hibernate.orm.jdbc.bind - binding parameter (2:VARCHAR) <- [null]
2026-03-04 09:34:55.191 TRACE org.hibernate.orm.jdbc.bind - binding parameter (3:VARCHAR) <- [null]
2026-03-04 09:34:55.191 TRACE org.hibernate.orm.jdbc.bind - binding parameter (4:TIMESTAMP) <- [2026-03-04T09:34:55.190280]
2026-03-04 09:34:55.191 TRACE org.hibernate.orm.jdbc.bind - binding parameter (5:BIGINT) <- [null]
2026-03-04 09:34:55.191 TRACE org.hibernate.orm.jdbc.bind - binding parameter (6:BIGINT) <- [1]
2026-03-04 09:34:55.191 TRACE org.hibernate.orm.jdbc.bind - binding parameter (7:VARCHAR) <- [내과]
2026-03-04 09:34:55.191 TRACE org.hibernate.orm.jdbc.bind - binding parameter (8:BIGINT) <- [1]
2026-03-04 09:34:55.191 TRACE org.hibernate.orm.jdbc.bind - binding parameter (9:VARCHAR) <- [송태민]
2026-03-04 09:34:55.191 TRACE org.hibernate.orm.jdbc.bind - binding parameter (10:VARCHAR) <- [null]
2026-03-04 09:34:55.191 TRACE org.hibernate.orm.jdbc.bind - binding parameter (11:VARCHAR) <- [null]
2026-03-04 09:34:55.191 TRACE org.hibernate.orm.jdbc.bind - binding parameter (12:TIMESTAMP) <- [null]
2026-03-04 09:34:55.191 TRACE org.hibernate.orm.jdbc.bind - binding parameter (13:VARCHAR) <- [null]
2026-03-04 09:34:55.191 TRACE org.hibernate.orm.jdbc.bind - binding parameter (14:VARCHAR) <- [null]
2026-03-04 09:34:55.191 TRACE org.hibernate.orm.jdbc.bind - binding parameter (15:BOOLEAN) <- [true]
2026-03-04 09:34:55.191 TRACE org.hibernate.orm.jdbc.bind - binding parameter (16:VARCHAR) <- [예약 당일 자동 접수 생성]
2026-03-04 09:34:55.191 TRACE org.hibernate.orm.jdbc.bind - binding parameter (17:BIGINT) <- [19]
2026-03-04 09:34:55.191 TRACE org.hibernate.orm.jdbc.bind - binding parameter (18:VARCHAR) <- [노지호]
2026-03-04 09:34:55.191 TRACE org.hibernate.orm.jdbc.bind - binding parameter (19:VARCHAR) <- [20260303-309]
2026-03-04 09:34:55.191 TRACE org.hibernate.orm.jdbc.bind - binding parameter (20:BIGINT) <- [18]
2026-03-04 09:34:55.191 TRACE org.hibernate.orm.jdbc.bind - binding parameter (21:TIMESTAMP) <- [2026-03-04T11:03]
2026-03-04 09:34:55.191 TRACE org.hibernate.orm.jdbc.bind - binding parameter (22:VARCHAR) <- [WAITING]
2026-03-04 09:34:55.192 TRACE org.hibernate.orm.jdbc.bind - binding parameter (23:TIMESTAMP) <- [2026-03-04T09:34:55.190280]
2026-03-04 09:34:55.192 TRACE org.hibernate.orm.jdbc.bind - binding parameter (24:BIGINT) <- [null]
2026-03-04 09:34:55.192 TRACE org.hibernate.orm.jdbc.bind - binding parameter (25:VARCHAR) <- [OUTPATIENT]
2026-03-04 09:34:55.192 TRACE org.hibernate.orm.jdbc.bind - binding parameter (26:BIGINT) <- [62]
2026-03-04 09:34:55.200 DEBUG org.hibernate.SQL - insert into audit_log (action,actor_id,after_json,before_json,diff_json,entity_id,entity_type,occurred_at,reason_code,reason_text,audit_log_id) values (?,?,?,?,?,?,?,?,?,?,?)
2026-03-04 09:34:55.200 TRACE org.hibernate.orm.jdbc.bind - binding parameter (1:VARCHAR) <- [CREATE]
2026-03-04 09:34:55.200 TRACE org.hibernate.orm.jdbc.bind - binding parameter (2:BIGINT) <- [null]
2026-03-04 09:34:55.200 TRACE org.hibernate.orm.jdbc.bind - binding parameter (3:VARCHAR) <- [{"receptionId":62,"receptionNo":"20260303-309","patientId":19,"patientName":"노지호","visitType":"OUTPATIENT","departmentId":1,"departmentName":"내과","doctorId":1,"doctorName":"송태민","reservationId":18,"scheduledAt":"2026-03-04T11:03:00","arrivedAt":null,"status":"WAITING","note":"예약 당일 자동 접수 생성","isActive":true,"inactiveAt":null,"inactiveReasonCode":null,"inactiveReasonText":null,"cancelReasonCode":null,"cancelReasonText":null,"holdReasonCode":null,"holdReasonText":null,"createdBy":null,"updatedBy":null,"createdAt":null,"updatedAt":null}]
2026-03-04 09:34:55.200 TRACE org.hibernate.orm.jdbc.bind - binding parameter (4:VARCHAR) <- [null]
2026-03-04 09:34:55.200 TRACE org.hibernate.orm.jdbc.bind - binding parameter (5:VARCHAR) <- [null]
2026-03-04 09:34:55.200 TRACE org.hibernate.orm.jdbc.bind - binding parameter (6:BIGINT) <- [62]
2026-03-04 09:34:55.200 TRACE org.hibernate.orm.jdbc.bind - binding parameter (7:VARCHAR) <- [RECEPTION]
2026-03-04 09:34:55.200 TRACE org.hibernate.orm.jdbc.bind - binding parameter (8:TIMESTAMP) <- [2026-03-04T09:34:55.199367]
2026-03-04 09:34:55.200 TRACE org.hibernate.orm.jdbc.bind - binding parameter (9:VARCHAR) <- [null]
2026-03-04 09:34:55.200 TRACE org.hibernate.orm.jdbc.bind - binding parameter (10:VARCHAR) <- [null]
2026-03-04 09:34:55.200 TRACE org.hibernate.orm.jdbc.bind - binding parameter (11:BIGINT) <- [153]
2026-03-04 09:34:55.214 INFO  k.co.seoulit.common.aop.LoggerAspect - Controller  : kr.co.seoulit.reception.controller.ReceptionController.createReception()종료
2026-03-04 09:34:55.224 INFO  k.co.seoulit.common.aop.LoggerAspect - Controller  : kr.co.seoulit.reception.controller.ReservationController.updateReservation()시작
2026-03-04 09:34:55.225 INFO  k.c.s.r.c.ReservationController - 예약 수정 요청: id=18
2026-03-04 09:34:55.226 INFO  k.co.seoulit.common.aop.LoggerAspect - ServiceImpl  : kr.co.seoulit.reception.service.ReservationServiceImpl.updateReservation()시작
2026-03-04 09:34:55.227 DEBUG org.hibernate.SQL - select re1_0.reservation_id,re1_0.cancel_reason_code,re1_0.cancel_reason_text,re1_0.canceled_at,re1_0.created_at,re1_0.created_by,re1_0.department_id,re1_0.department_name,re1_0.doctor_id,re1_0.doctor_name,re1_0.inactive_at,re1_0.inactive_reason_code,re1_0.inactive_reason_text,re1_0.is_active,re1_0.note,re1_0.patient_id,re1_0.patient_name,re1_0.reservation_no,re1_0.reserved_at,re1_0.status,re1_0.updated_at,re1_0.updated_by from reservation re1_0 where re1_0.reservation_id=?
2026-03-04 09:34:55.228 TRACE org.hibernate.orm.jdbc.bind - binding parameter (1:BIGINT) <- [18]
2026-03-04 09:34:55.239 INFO  k.co.seoulit.common.aop.LoggerAspect - kr.co.seoulit.reception.mapstruct.ReservationResMapStructImpl.toDto()시작
2026-03-04 09:34:55.239 INFO  k.co.seoulit.common.aop.LoggerAspect - kr.co.seoulit.reception.mapstruct.ReservationResMapStructImpl.toDto()종료
2026-03-04 09:34:55.240 INFO  k.co.seoulit.common.aop.LoggerAspect - kr.co.seoulit.reception.mapstruct.ReservationResMapStructImpl.toDto()시작
2026-03-04 09:34:55.241 INFO  k.co.seoulit.common.aop.LoggerAspect - kr.co.seoulit.reception.mapstruct.ReservationResMapStructImpl.toDto()종료
2026-03-04 09:34:55.244 DEBUG org.hibernate.SQL - select seq_audit_log.nextval from dual
2026-03-04 09:34:55.257 INFO  k.co.seoulit.common.aop.LoggerAspect - ServiceImpl  : kr.co.seoulit.reception.service.ReservationServiceImpl.updateReservation()종료
2026-03-04 09:34:55.258 DEBUG org.hibernate.SQL - insert into audit_log (action,actor_id,after_json,before_json,diff_json,entity_id,entity_type,occurred_at,reason_code,reason_text,audit_log_id) values (?,?,?,?,?,?,?,?,?,?,?)
2026-03-04 09:34:55.259 TRACE org.hibernate.orm.jdbc.bind - binding parameter (1:VARCHAR) <- [UPDATE]
2026-03-04 09:34:55.259 TRACE org.hibernate.orm.jdbc.bind - binding parameter (2:BIGINT) <- [null]
2026-03-04 09:34:55.259 TRACE org.hibernate.orm.jdbc.bind - binding parameter (3:VARCHAR) <- [{"reservationId":18,"reservationNo":"20260303-309","patientId":19,"patientName":"노지호","departmentId":1,"departmentName":"내과","doctorId":1,"doctorName":"송태민","reservedAt":"2026-03-04T11:03:00","status":"COMPLETED","note":"예약 당일 자동 접수 이관 완료","isActive":true,"inactiveAt":null,"inactiveReasonCode":null,"inactiveReasonText":null,"canceledAt":null,"cancelReasonCode":null,"cancelReasonText":null,"createdBy":null,"updatedBy":null,"createdAt":"2026-03-03T10:54:39.514947","updatedAt":"2026-03-03T10:54:39.514947"}]
2026-03-04 09:34:55.259 TRACE org.hibernate.orm.jdbc.bind - binding parameter (4:VARCHAR) <- [{"reservationId":18,"reservationNo":"20260303-309","patientId":19,"patientName":"노지호","departmentId":1,"departmentName":"내과","doctorId":1,"doctorName":"송태민","reservedAt":"2026-03-04T11:03:00","status":"RESERVED","note":null,"isActive":true,"inactiveAt":null,"inactiveReasonCode":null,"inactiveReasonText":null,"canceledAt":null,"cancelReasonCode":null,"cancelReasonText":null,"createdBy":null,"updatedBy":null,"createdAt":"2026-03-03T10:54:39.514947","updatedAt":"2026-03-03T10:54:39.514947"}]
2026-03-04 09:34:55.260 TRACE org.hibernate.orm.jdbc.bind - binding parameter (5:VARCHAR) <- [null]
2026-03-04 09:34:55.260 TRACE org.hibernate.orm.jdbc.bind - binding parameter (6:BIGINT) <- [18]
2026-03-04 09:34:55.260 TRACE org.hibernate.orm.jdbc.bind - binding parameter (7:VARCHAR) <- [RESERVATION]
2026-03-04 09:34:55.260 TRACE org.hibernate.orm.jdbc.bind - binding parameter (8:TIMESTAMP) <- [2026-03-04T09:34:55.258666]
2026-03-04 09:34:55.260 TRACE org.hibernate.orm.jdbc.bind - binding parameter (9:VARCHAR) <- [null]
2026-03-04 09:34:55.260 TRACE org.hibernate.orm.jdbc.bind - binding parameter (10:VARCHAR) <- [null]
2026-03-04 09:34:55.260 TRACE org.hibernate.orm.jdbc.bind - binding parameter (11:BIGINT) <- [154]
2026-03-04 09:34:55.281 DEBUG org.hibernate.SQL - update reservation set cancel_reason_code=?,cancel_reason_text=?,canceled_at=?,created_by=?,department_id=?,department_name=?,doctor_id=?,doctor_name=?,inactive_at=?,inactive_reason_code=?,inactive_reason_text=?,is_active=?,note=?,patient_id=?,patient_name=?,reservation_no=?,reserved_at=?,status=?,updated_at=?,updated_by=? where reservation_id=?
2026-03-04 09:34:55.281 TRACE org.hibernate.orm.jdbc.bind - binding parameter (1:VARCHAR) <- [null]
2026-03-04 09:34:55.282 TRACE org.hibernate.orm.jdbc.bind - binding parameter (2:VARCHAR) <- [null]
2026-03-04 09:34:55.282 TRACE org.hibernate.orm.jdbc.bind - binding parameter (3:TIMESTAMP) <- [null]
2026-03-04 09:34:55.282 TRACE org.hibernate.orm.jdbc.bind - binding parameter (4:BIGINT) <- [null]
2026-03-04 09:34:55.282 TRACE org.hibernate.orm.jdbc.bind - binding parameter (5:BIGINT) <- [1]
2026-03-04 09:34:55.282 TRACE org.hibernate.orm.jdbc.bind - binding parameter (6:VARCHAR) <- [내과]
2026-03-04 09:34:55.282 TRACE org.hibernate.orm.jdbc.bind - binding parameter (7:BIGINT) <- [1]
2026-03-04 09:34:55.282 TRACE org.hibernate.orm.jdbc.bind - binding parameter (8:VARCHAR) <- [송태민]
2026-03-04 09:34:55.282 TRACE org.hibernate.orm.jdbc.bind - binding parameter (9:TIMESTAMP) <- [null]
2026-03-04 09:34:55.282 TRACE org.hibernate.orm.jdbc.bind - binding parameter (10:VARCHAR) <- [null]
2026-03-04 09:34:55.282 TRACE org.hibernate.orm.jdbc.bind - binding parameter (11:VARCHAR) <- [null]
2026-03-04 09:34:55.283 TRACE org.hibernate.orm.jdbc.bind - binding parameter (12:BOOLEAN) <- [true]
2026-03-04 09:34:55.283 TRACE org.hibernate.orm.jdbc.bind - binding parameter (13:VARCHAR) <- [예약 당일 자동 접수 이관 완료]
2026-03-04 09:34:55.283 TRACE org.hibernate.orm.jdbc.bind - binding parameter (14:BIGINT) <- [19]
2026-03-04 09:34:55.283 TRACE org.hibernate.orm.jdbc.bind - binding parameter (15:VARCHAR) <- [노지호]
2026-03-04 09:34:55.283 TRACE org.hibernate.orm.jdbc.bind - binding parameter (16:VARCHAR) <- [20260303-309]
2026-03-04 09:34:55.283 TRACE org.hibernate.orm.jdbc.bind - binding parameter (17:TIMESTAMP) <- [2026-03-04T11:03]
2026-03-04 09:34:55.283 TRACE org.hibernate.orm.jdbc.bind - binding parameter (18:VARCHAR) <- [COMPLETED]
2026-03-04 09:34:55.283 TRACE org.hibernate.orm.jdbc.bind - binding parameter (19:TIMESTAMP) <- [2026-03-04T09:34:55.280657]
2026-03-04 09:34:55.283 TRACE org.hibernate.orm.jdbc.bind - binding parameter (20:BIGINT) <- [null]
2026-03-04 09:34:55.284 TRACE org.hibernate.orm.jdbc.bind - binding parameter (21:BIGINT) <- [18]
2026-03-04 09:34:55.300 INFO  k.co.seoulit.common.aop.LoggerAspect - Controller  : kr.co.seoulit.reception.controller.ReservationController.updateReservation()종료
2026-03-04 09:34:55.311 INFO  k.co.seoulit.common.aop.LoggerAspect - Controller  : kr.co.seoulit.reception.controller.ReceptionController.createReception()시작
2026-03-04 09:34:55.314 INFO  k.c.s.r.c.ReceptionController - Create reception request: receptionNo=20260303-310
2026-03-04 09:34:55.314 INFO  k.co.seoulit.common.aop.LoggerAspect - ServiceImpl  : kr.co.seoulit.reception.service.ReceptionServiceImpl.createReception()시작
2026-03-04 09:34:55.317 DEBUG org.hibernate.SQL - select * from (select re1_0.reception_id c0,rownum rn from reception re1_0 where re1_0.reception_no=?) r_0_ where r_0_.rn<=? order by r_0_.rn
2026-03-04 09:34:55.319 TRACE org.hibernate.orm.jdbc.bind - binding parameter (1:VARCHAR) <- [20260303-310]
2026-03-04 09:34:55.319 TRACE org.hibernate.orm.jdbc.bind - binding parameter (2:INTEGER) <- [1]
2026-03-04 09:34:55.327 INFO  k.co.seoulit.common.aop.LoggerAspect - kr.co.seoulit.reception.mapstruct.ReceptionReqMapStructImpl.toEntity()시작
2026-03-04 09:34:55.328 INFO  k.co.seoulit.common.aop.LoggerAspect - kr.co.seoulit.reception.mapstruct.ReceptionReqMapStructImpl.toEntity()종료
2026-03-04 09:34:55.328 DEBUG org.hibernate.SQL - select seq_reception.nextval from dual
2026-03-04 09:34:55.338 INFO  k.co.seoulit.common.aop.LoggerAspect - kr.co.seoulit.reception.mapstruct.ReceptionResMapStructImpl.toDto()시작
2026-03-04 09:34:55.338 INFO  k.co.seoulit.common.aop.LoggerAspect - kr.co.seoulit.reception.mapstruct.ReceptionResMapStructImpl.toDto()종료
2026-03-04 09:34:55.338 DEBUG org.hibernate.SQL - select seq_audit_log.nextval from dual
2026-03-04 09:34:55.347 INFO  k.co.seoulit.common.aop.LoggerAspect - ServiceImpl  : kr.co.seoulit.reception.service.ReceptionServiceImpl.createReception()종료
2026-03-04 09:34:55.348 DEBUG org.hibernate.SQL - insert into reception (arrived_at,cancel_reason_code,cancel_reason_text,created_at,created_by,department_id,department_name,doctor_id,doctor_name,hold_reason_code,hold_reason_text,inactive_at,inactive_reason_code,inactive_reason_text,is_active,note,patient_id,patient_name,reception_no,reservation_id,scheduled_at,status,updated_at,updated_by,visit_type,reception_id) values (?,?,?,?,?,?,?,?,?,?,?,?,?,?,?,?,?,?,?,?,?,?,?,?,?,?)
2026-03-04 09:34:55.348 TRACE org.hibernate.orm.jdbc.bind - binding parameter (1:TIMESTAMP) <- [null]
2026-03-04 09:34:55.348 TRACE org.hibernate.orm.jdbc.bind - binding parameter (2:VARCHAR) <- [null]
2026-03-04 09:34:55.348 TRACE org.hibernate.orm.jdbc.bind - binding parameter (3:VARCHAR) <- [null]
2026-03-04 09:34:55.348 TRACE org.hibernate.orm.jdbc.bind - binding parameter (4:TIMESTAMP) <- [2026-03-04T09:34:55.347237]
2026-03-04 09:34:55.349 TRACE org.hibernate.orm.jdbc.bind - binding parameter (5:BIGINT) <- [null]
2026-03-04 09:34:55.349 TRACE org.hibernate.orm.jdbc.bind - binding parameter (6:BIGINT) <- [1]
2026-03-04 09:34:55.349 TRACE org.hibernate.orm.jdbc.bind - binding parameter (7:VARCHAR) <- [내과]
2026-03-04 09:34:55.349 TRACE org.hibernate.orm.jdbc.bind - binding parameter (8:BIGINT) <- [1]
2026-03-04 09:34:55.349 TRACE org.hibernate.orm.jdbc.bind - binding parameter (9:VARCHAR) <- [송태민]
2026-03-04 09:34:55.349 TRACE org.hibernate.orm.jdbc.bind - binding parameter (10:VARCHAR) <- [null]
2026-03-04 09:34:55.349 TRACE org.hibernate.orm.jdbc.bind - binding parameter (11:VARCHAR) <- [null]
2026-03-04 09:34:55.349 TRACE org.hibernate.orm.jdbc.bind - binding parameter (12:TIMESTAMP) <- [null]
2026-03-04 09:34:55.349 TRACE org.hibernate.orm.jdbc.bind - binding parameter (13:VARCHAR) <- [null]
2026-03-04 09:34:55.349 TRACE org.hibernate.orm.jdbc.bind - binding parameter (14:VARCHAR) <- [null]
2026-03-04 09:34:55.349 TRACE org.hibernate.orm.jdbc.bind - binding parameter (15:BOOLEAN) <- [true]
2026-03-04 09:34:55.349 TRACE org.hibernate.orm.jdbc.bind - binding parameter (16:VARCHAR) <- [예약 당일 자동 접수 생성]
2026-03-04 09:34:55.350 TRACE org.hibernate.orm.jdbc.bind - binding parameter (17:BIGINT) <- [22]
2026-03-04 09:34:55.350 TRACE org.hibernate.orm.jdbc.bind - binding parameter (18:VARCHAR) <- [장서윤]
2026-03-04 09:34:55.350 TRACE org.hibernate.orm.jdbc.bind - binding parameter (19:VARCHAR) <- [20260303-310]
2026-03-04 09:34:55.350 TRACE org.hibernate.orm.jdbc.bind - binding parameter (20:BIGINT) <- [19]
2026-03-04 09:34:55.350 TRACE org.hibernate.orm.jdbc.bind - binding parameter (21:TIMESTAMP) <- [2026-03-04T11:54]
2026-03-04 09:34:55.350 TRACE org.hibernate.orm.jdbc.bind - binding parameter (22:VARCHAR) <- [WAITING]
2026-03-04 09:34:55.350 TRACE org.hibernate.orm.jdbc.bind - binding parameter (23:TIMESTAMP) <- [2026-03-04T09:34:55.347237]
2026-03-04 09:34:55.350 TRACE org.hibernate.orm.jdbc.bind - binding parameter (24:BIGINT) <- [null]
2026-03-04 09:34:55.350 TRACE org.hibernate.orm.jdbc.bind - binding parameter (25:VARCHAR) <- [OUTPATIENT]
2026-03-04 09:34:55.350 TRACE org.hibernate.orm.jdbc.bind - binding parameter (26:BIGINT) <- [63]
2026-03-04 09:34:55.362 DEBUG org.hibernate.SQL - insert into audit_log (action,actor_id,after_json,before_json,diff_json,entity_id,entity_type,occurred_at,reason_code,reason_text,audit_log_id) values (?,?,?,?,?,?,?,?,?,?,?)
2026-03-04 09:34:55.362 TRACE org.hibernate.orm.jdbc.bind - binding parameter (1:VARCHAR) <- [CREATE]
2026-03-04 09:34:55.362 TRACE org.hibernate.orm.jdbc.bind - binding parameter (2:BIGINT) <- [null]
2026-03-04 09:34:55.362 TRACE org.hibernate.orm.jdbc.bind - binding parameter (3:VARCHAR) <- [{"receptionId":63,"receptionNo":"20260303-310","patientId":22,"patientName":"장서윤","visitType":"OUTPATIENT","departmentId":1,"departmentName":"내과","doctorId":1,"doctorName":"송태민","reservationId":19,"scheduledAt":"2026-03-04T11:54:00","arrivedAt":null,"status":"WAITING","note":"예약 당일 자동 접수 생성","isActive":true,"inactiveAt":null,"inactiveReasonCode":null,"inactiveReasonText":null,"cancelReasonCode":null,"cancelReasonText":null,"holdReasonCode":null,"holdReasonText":null,"createdBy":null,"updatedBy":null,"createdAt":null,"updatedAt":null}]
2026-03-04 09:34:55.362 TRACE org.hibernate.orm.jdbc.bind - binding parameter (4:VARCHAR) <- [null]
2026-03-04 09:34:55.363 TRACE org.hibernate.orm.jdbc.bind - binding parameter (5:VARCHAR) <- [null]
2026-03-04 09:34:55.363 TRACE org.hibernate.orm.jdbc.bind - binding parameter (6:BIGINT) <- [63]
2026-03-04 09:34:55.363 TRACE org.hibernate.orm.jdbc.bind - binding parameter (7:VARCHAR) <- [RECEPTION]
2026-03-04 09:34:55.363 TRACE org.hibernate.orm.jdbc.bind - binding parameter (8:TIMESTAMP) <- [2026-03-04T09:34:55.361236]
2026-03-04 09:34:55.363 TRACE org.hibernate.orm.jdbc.bind - binding parameter (9:VARCHAR) <- [null]
2026-03-04 09:34:55.363 TRACE org.hibernate.orm.jdbc.bind - binding parameter (10:VARCHAR) <- [null]
2026-03-04 09:34:55.363 TRACE org.hibernate.orm.jdbc.bind - binding parameter (11:BIGINT) <- [155]
2026-03-04 09:34:55.390 INFO  k.co.seoulit.common.aop.LoggerAspect - Controller  : kr.co.seoulit.reception.controller.ReceptionController.createReception()종료
2026-03-04 09:34:55.406 INFO  k.co.seoulit.common.aop.LoggerAspect - Controller  : kr.co.seoulit.reception.controller.ReservationController.updateReservation()시작
2026-03-04 09:34:55.406 INFO  k.c.s.r.c.ReservationController - 예약 수정 요청: id=19
2026-03-04 09:34:55.427 INFO  k.co.seoulit.common.aop.LoggerAspect - ServiceImpl  : kr.co.seoulit.reception.service.ReservationServiceImpl.updateReservation()시작
2026-03-04 09:34:55.427 DEBUG org.hibernate.SQL - select re1_0.reservation_id,re1_0.cancel_reason_code,re1_0.cancel_reason_text,re1_0.canceled_at,re1_0.created_at,re1_0.created_by,re1_0.department_id,re1_0.department_name,re1_0.doctor_id,re1_0.doctor_name,re1_0.inactive_at,re1_0.inactive_reason_code,re1_0.inactive_reason_text,re1_0.is_active,re1_0.note,re1_0.patient_id,re1_0.patient_name,re1_0.reservation_no,re1_0.reserved_at,re1_0.status,re1_0.updated_at,re1_0.updated_by from reservation re1_0 where re1_0.reservation_id=?
2026-03-04 09:34:55.428 TRACE org.hibernate.orm.jdbc.bind - binding parameter (1:BIGINT) <- [19]
2026-03-04 09:34:55.438 INFO  k.co.seoulit.common.aop.LoggerAspect - kr.co.seoulit.reception.mapstruct.ReservationResMapStructImpl.toDto()시작
2026-03-04 09:34:55.438 INFO  k.co.seoulit.common.aop.LoggerAspect - kr.co.seoulit.reception.mapstruct.ReservationResMapStructImpl.toDto()종료
2026-03-04 09:34:55.439 INFO  k.co.seoulit.common.aop.LoggerAspect - kr.co.seoulit.reception.mapstruct.ReservationResMapStructImpl.toDto()시작
2026-03-04 09:34:55.439 INFO  k.co.seoulit.common.aop.LoggerAspect - kr.co.seoulit.reception.mapstruct.ReservationResMapStructImpl.toDto()종료
2026-03-04 09:34:55.440 DEBUG org.hibernate.SQL - select seq_audit_log.nextval from dual
2026-03-04 09:34:55.453 INFO  k.co.seoulit.common.aop.LoggerAspect - ServiceImpl  : kr.co.seoulit.reception.service.ReservationServiceImpl.updateReservation()종료
2026-03-04 09:34:55.455 DEBUG org.hibernate.SQL - insert into audit_log (action,actor_id,after_json,before_json,diff_json,entity_id,entity_type,occurred_at,reason_code,reason_text,audit_log_id) values (?,?,?,?,?,?,?,?,?,?,?)
2026-03-04 09:34:55.455 TRACE org.hibernate.orm.jdbc.bind - binding parameter (1:VARCHAR) <- [UPDATE]
2026-03-04 09:34:55.455 TRACE org.hibernate.orm.jdbc.bind - binding parameter (2:BIGINT) <- [null]
2026-03-04 09:34:55.455 TRACE org.hibernate.orm.jdbc.bind - binding parameter (3:VARCHAR) <- [{"reservationId":19,"reservationNo":"20260303-310","patientId":22,"patientName":"장서윤","departmentId":1,"departmentName":"내과","doctorId":1,"doctorName":"송태민","reservedAt":"2026-03-04T11:54:00","status":"COMPLETED","note":"예약 당일 자동 접수 이관 완료","isActive":true,"inactiveAt":null,"inactiveReasonCode":null,"inactiveReasonText":null,"canceledAt":null,"cancelReasonCode":null,"cancelReasonText":null,"createdBy":null,"updatedBy":null,"createdAt":"2026-03-03T10:54:54.569616","updatedAt":"2026-03-03T10:54:54.569616"}]
2026-03-04 09:34:55.455 TRACE org.hibernate.orm.jdbc.bind - binding parameter (4:VARCHAR) <- [{"reservationId":19,"reservationNo":"20260303-310","patientId":22,"patientName":"장서윤","departmentId":1,"departmentName":"내과","doctorId":1,"doctorName":"송태민","reservedAt":"2026-03-04T11:54:00","status":"RESERVED","note":null,"isActive":true,"inactiveAt":null,"inactiveReasonCode":null,"inactiveReasonText":null,"canceledAt":null,"cancelReasonCode":null,"cancelReasonText":null,"createdBy":null,"updatedBy":null,"createdAt":"2026-03-03T10:54:54.569616","updatedAt":"2026-03-03T10:54:54.569616"}]
2026-03-04 09:34:55.455 TRACE org.hibernate.orm.jdbc.bind - binding parameter (5:VARCHAR) <- [null]
2026-03-04 09:34:55.456 TRACE org.hibernate.orm.jdbc.bind - binding parameter (6:BIGINT) <- [19]
2026-03-04 09:34:55.456 TRACE org.hibernate.orm.jdbc.bind - binding parameter (7:VARCHAR) <- [RESERVATION]
2026-03-04 09:34:55.456 TRACE org.hibernate.orm.jdbc.bind - binding parameter (8:TIMESTAMP) <- [2026-03-04T09:34:55.455771]
2026-03-04 09:34:55.456 TRACE org.hibernate.orm.jdbc.bind - binding parameter (9:VARCHAR) <- [null]
2026-03-04 09:34:55.456 TRACE org.hibernate.orm.jdbc.bind - binding parameter (10:VARCHAR) <- [null]
2026-03-04 09:34:55.456 TRACE org.hibernate.orm.jdbc.bind - binding parameter (11:BIGINT) <- [156]
2026-03-04 09:34:55.466 DEBUG org.hibernate.SQL - update reservation set cancel_reason_code=?,cancel_reason_text=?,canceled_at=?,created_by=?,department_id=?,department_name=?,doctor_id=?,doctor_name=?,inactive_at=?,inactive_reason_code=?,inactive_reason_text=?,is_active=?,note=?,patient_id=?,patient_name=?,reservation_no=?,reserved_at=?,status=?,updated_at=?,updated_by=? where reservation_id=?
2026-03-04 09:34:55.468 TRACE org.hibernate.orm.jdbc.bind - binding parameter (1:VARCHAR) <- [null]
2026-03-04 09:34:55.468 TRACE org.hibernate.orm.jdbc.bind - binding parameter (2:VARCHAR) <- [null]
2026-03-04 09:34:55.468 TRACE org.hibernate.orm.jdbc.bind - binding parameter (3:TIMESTAMP) <- [null]
2026-03-04 09:34:55.468 TRACE org.hibernate.orm.jdbc.bind - binding parameter (4:BIGINT) <- [null]
2026-03-04 09:34:55.468 TRACE org.hibernate.orm.jdbc.bind - binding parameter (5:BIGINT) <- [1]
2026-03-04 09:34:55.468 TRACE org.hibernate.orm.jdbc.bind - binding parameter (6:VARCHAR) <- [내과]
2026-03-04 09:34:55.468 TRACE org.hibernate.orm.jdbc.bind - binding parameter (7:BIGINT) <- [1]
2026-03-04 09:34:55.468 TRACE org.hibernate.orm.jdbc.bind - binding parameter (8:VARCHAR) <- [송태민]
2026-03-04 09:34:55.468 TRACE org.hibernate.orm.jdbc.bind - binding parameter (9:TIMESTAMP) <- [null]
2026-03-04 09:34:55.468 TRACE org.hibernate.orm.jdbc.bind - binding parameter (10:VARCHAR) <- [null]
2026-03-04 09:34:55.469 TRACE org.hibernate.orm.jdbc.bind - binding parameter (11:VARCHAR) <- [null]
2026-03-04 09:34:55.469 TRACE org.hibernate.orm.jdbc.bind - binding parameter (12:BOOLEAN) <- [true]
2026-03-04 09:34:55.469 TRACE org.hibernate.orm.jdbc.bind - binding parameter (13:VARCHAR) <- [예약 당일 자동 접수 이관 완료]
2026-03-04 09:34:55.469 TRACE org.hibernate.orm.jdbc.bind - binding parameter (14:BIGINT) <- [22]
2026-03-04 09:34:55.469 TRACE org.hibernate.orm.jdbc.bind - binding parameter (15:VARCHAR) <- [장서윤]
2026-03-04 09:34:55.469 TRACE org.hibernate.orm.jdbc.bind - binding parameter (16:VARCHAR) <- [20260303-310]
2026-03-04 09:34:55.469 TRACE org.hibernate.orm.jdbc.bind - binding parameter (17:TIMESTAMP) <- [2026-03-04T11:54]
2026-03-04 09:34:55.470 TRACE org.hibernate.orm.jdbc.bind - binding parameter (18:VARCHAR) <- [COMPLETED]
2026-03-04 09:34:55.471 TRACE org.hibernate.orm.jdbc.bind - binding parameter (19:TIMESTAMP) <- [2026-03-04T09:34:55.466791]
2026-03-04 09:34:55.471 TRACE org.hibernate.orm.jdbc.bind - binding parameter (20:BIGINT) <- [null]
2026-03-04 09:34:55.471 TRACE org.hibernate.orm.jdbc.bind - binding parameter (21:BIGINT) <- [19]
2026-03-04 09:34:55.490 INFO  k.co.seoulit.common.aop.LoggerAspect - Controller  : kr.co.seoulit.reception.controller.ReservationController.updateReservation()종료
2026-03-04 09:34:55.517 INFO  k.co.seoulit.common.aop.LoggerAspect - Controller  : kr.co.seoulit.reception.controller.ReceptionController.createReception()시작
2026-03-04 09:34:55.517 INFO  k.c.s.r.c.ReceptionController - Create reception request: receptionNo=20260303-311
2026-03-04 09:34:55.522 INFO  k.co.seoulit.common.aop.LoggerAspect - ServiceImpl  : kr.co.seoulit.reception.service.ReceptionServiceImpl.createReception()시작
2026-03-04 09:34:55.524 DEBUG org.hibernate.SQL - select * from (select re1_0.reception_id c0,rownum rn from reception re1_0 where re1_0.reception_no=?) r_0_ where r_0_.rn<=? order by r_0_.rn
2026-03-04 09:34:55.524 TRACE org.hibernate.orm.jdbc.bind - binding parameter (1:VARCHAR) <- [20260303-311]
2026-03-04 09:34:55.524 TRACE org.hibernate.orm.jdbc.bind - binding parameter (2:INTEGER) <- [1]
2026-03-04 09:34:55.531 INFO  k.co.seoulit.common.aop.LoggerAspect - kr.co.seoulit.reception.mapstruct.ReceptionReqMapStructImpl.toEntity()시작
2026-03-04 09:34:55.531 INFO  k.co.seoulit.common.aop.LoggerAspect - kr.co.seoulit.reception.mapstruct.ReceptionReqMapStructImpl.toEntity()종료
2026-03-04 09:34:55.532 DEBUG org.hibernate.SQL - select seq_reception.nextval from dual
2026-03-04 09:34:55.539 INFO  k.co.seoulit.common.aop.LoggerAspect - kr.co.seoulit.reception.mapstruct.ReceptionResMapStructImpl.toDto()시작
2026-03-04 09:34:55.539 INFO  k.co.seoulit.common.aop.LoggerAspect - kr.co.seoulit.reception.mapstruct.ReceptionResMapStructImpl.toDto()종료
2026-03-04 09:34:55.540 DEBUG org.hibernate.SQL - select seq_audit_log.nextval from dual
2026-03-04 09:34:55.550 INFO  k.co.seoulit.common.aop.LoggerAspect - ServiceImpl  : kr.co.seoulit.reception.service.ReceptionServiceImpl.createReception()종료
2026-03-04 09:34:55.550 DEBUG org.hibernate.SQL - insert into reception (arrived_at,cancel_reason_code,cancel_reason_text,created_at,created_by,department_id,department_name,doctor_id,doctor_name,hold_reason_code,hold_reason_text,inactive_at,inactive_reason_code,inactive_reason_text,is_active,note,patient_id,patient_name,reception_no,reservation_id,scheduled_at,status,updated_at,updated_by,visit_type,reception_id) values (?,?,?,?,?,?,?,?,?,?,?,?,?,?,?,?,?,?,?,?,?,?,?,?,?,?)
2026-03-04 09:34:55.551 TRACE org.hibernate.orm.jdbc.bind - binding parameter (1:TIMESTAMP) <- [null]
2026-03-04 09:34:55.551 TRACE org.hibernate.orm.jdbc.bind - binding parameter (2:VARCHAR) <- [null]
2026-03-04 09:34:55.552 TRACE org.hibernate.orm.jdbc.bind - binding parameter (3:VARCHAR) <- [null]
2026-03-04 09:34:55.552 TRACE org.hibernate.orm.jdbc.bind - binding parameter (4:TIMESTAMP) <- [2026-03-04T09:34:55.550316]
2026-03-04 09:34:55.552 TRACE org.hibernate.orm.jdbc.bind - binding parameter (5:BIGINT) <- [null]
2026-03-04 09:34:55.552 TRACE org.hibernate.orm.jdbc.bind - binding parameter (6:BIGINT) <- [1]
2026-03-04 09:34:55.552 TRACE org.hibernate.orm.jdbc.bind - binding parameter (7:VARCHAR) <- [내과]
2026-03-04 09:34:55.552 TRACE org.hibernate.orm.jdbc.bind - binding parameter (8:BIGINT) <- [1]
2026-03-04 09:34:55.552 TRACE org.hibernate.orm.jdbc.bind - binding parameter (9:VARCHAR) <- [송태민]
2026-03-04 09:34:55.552 TRACE org.hibernate.orm.jdbc.bind - binding parameter (10:VARCHAR) <- [null]
2026-03-04 09:34:55.552 TRACE org.hibernate.orm.jdbc.bind - binding parameter (11:VARCHAR) <- [null]
2026-03-04 09:34:55.552 TRACE org.hibernate.orm.jdbc.bind - binding parameter (12:TIMESTAMP) <- [null]
2026-03-04 09:34:55.553 TRACE org.hibernate.orm.jdbc.bind - binding parameter (13:VARCHAR) <- [null]
2026-03-04 09:34:55.553 TRACE org.hibernate.orm.jdbc.bind - binding parameter (14:VARCHAR) <- [null]
2026-03-04 09:34:55.553 TRACE org.hibernate.orm.jdbc.bind - binding parameter (15:BOOLEAN) <- [true]
2026-03-04 09:34:55.553 TRACE org.hibernate.orm.jdbc.bind - binding parameter (16:VARCHAR) <- [예약 당일 자동 접수 생성]
2026-03-04 09:34:55.553 TRACE org.hibernate.orm.jdbc.bind - binding parameter (17:BIGINT) <- [9]
2026-03-04 09:34:55.553 TRACE org.hibernate.orm.jdbc.bind - binding parameter (18:VARCHAR) <- [조윤서]
2026-03-04 09:34:55.553 TRACE org.hibernate.orm.jdbc.bind - binding parameter (19:VARCHAR) <- [20260303-311]
2026-03-04 09:34:55.553 TRACE org.hibernate.orm.jdbc.bind - binding parameter (20:BIGINT) <- [20]
2026-03-04 09:34:55.553 TRACE org.hibernate.orm.jdbc.bind - binding parameter (21:TIMESTAMP) <- [2026-03-04T10:56]
2026-03-04 09:34:55.553 TRACE org.hibernate.orm.jdbc.bind - binding parameter (22:VARCHAR) <- [WAITING]
2026-03-04 09:34:55.553 TRACE org.hibernate.orm.jdbc.bind - binding parameter (23:TIMESTAMP) <- [2026-03-04T09:34:55.550316]
2026-03-04 09:34:55.553 TRACE org.hibernate.orm.jdbc.bind - binding parameter (24:BIGINT) <- [null]
2026-03-04 09:34:55.553 TRACE org.hibernate.orm.jdbc.bind - binding parameter (25:VARCHAR) <- [OUTPATIENT]
2026-03-04 09:34:55.553 TRACE org.hibernate.orm.jdbc.bind - binding parameter (26:BIGINT) <- [64]
2026-03-04 09:34:55.562 DEBUG org.hibernate.SQL - insert into audit_log (action,actor_id,after_json,before_json,diff_json,entity_id,entity_type,occurred_at,reason_code,reason_text,audit_log_id) values (?,?,?,?,?,?,?,?,?,?,?)
2026-03-04 09:34:55.563 TRACE org.hibernate.orm.jdbc.bind - binding parameter (1:VARCHAR) <- [CREATE]
2026-03-04 09:34:55.563 TRACE org.hibernate.orm.jdbc.bind - binding parameter (2:BIGINT) <- [null]
2026-03-04 09:34:55.563 TRACE org.hibernate.orm.jdbc.bind - binding parameter (3:VARCHAR) <- [{"receptionId":64,"receptionNo":"20260303-311","patientId":9,"patientName":"조윤서","visitType":"OUTPATIENT","departmentId":1,"departmentName":"내과","doctorId":1,"doctorName":"송태민","reservationId":20,"scheduledAt":"2026-03-04T10:56:00","arrivedAt":null,"status":"WAITING","note":"예약 당일 자동 접수 생성","isActive":true,"inactiveAt":null,"inactiveReasonCode":null,"inactiveReasonText":null,"cancelReasonCode":null,"cancelReasonText":null,"holdReasonCode":null,"holdReasonText":null,"createdBy":null,"updatedBy":null,"createdAt":null,"updatedAt":null}]
2026-03-04 09:34:55.563 TRACE org.hibernate.orm.jdbc.bind - binding parameter (4:VARCHAR) <- [null]
2026-03-04 09:34:55.563 TRACE org.hibernate.orm.jdbc.bind - binding parameter (5:VARCHAR) <- [null]
2026-03-04 09:34:55.563 TRACE org.hibernate.orm.jdbc.bind - binding parameter (6:BIGINT) <- [64]
2026-03-04 09:34:55.563 TRACE org.hibernate.orm.jdbc.bind - binding parameter (7:VARCHAR) <- [RECEPTION]
2026-03-04 09:34:55.563 TRACE org.hibernate.orm.jdbc.bind - binding parameter (8:TIMESTAMP) <- [2026-03-04T09:34:55.562317]
2026-03-04 09:34:55.563 TRACE org.hibernate.orm.jdbc.bind - binding parameter (9:VARCHAR) <- [null]
2026-03-04 09:34:55.563 TRACE org.hibernate.orm.jdbc.bind - binding parameter (10:VARCHAR) <- [null]
2026-03-04 09:34:55.564 TRACE org.hibernate.orm.jdbc.bind - binding parameter (11:BIGINT) <- [157]
2026-03-04 09:34:55.583 INFO  k.co.seoulit.common.aop.LoggerAspect - Controller  : kr.co.seoulit.reception.controller.ReceptionController.createReception()종료
2026-03-04 09:34:55.597 INFO  k.co.seoulit.common.aop.LoggerAspect - Controller  : kr.co.seoulit.reception.controller.ReservationController.updateReservation()시작
2026-03-04 09:34:55.597 INFO  k.c.s.r.c.ReservationController - 예약 수정 요청: id=20
2026-03-04 09:34:55.598 INFO  k.co.seoulit.common.aop.LoggerAspect - ServiceImpl  : kr.co.seoulit.reception.service.ReservationServiceImpl.updateReservation()시작
2026-03-04 09:34:55.598 DEBUG org.hibernate.SQL - select re1_0.reservation_id,re1_0.cancel_reason_code,re1_0.cancel_reason_text,re1_0.canceled_at,re1_0.created_at,re1_0.created_by,re1_0.department_id,re1_0.department_name,re1_0.doctor_id,re1_0.doctor_name,re1_0.inactive_at,re1_0.inactive_reason_code,re1_0.inactive_reason_text,re1_0.is_active,re1_0.note,re1_0.patient_id,re1_0.patient_name,re1_0.reservation_no,re1_0.reserved_at,re1_0.status,re1_0.updated_at,re1_0.updated_by from reservation re1_0 where re1_0.reservation_id=?
2026-03-04 09:34:55.599 TRACE org.hibernate.orm.jdbc.bind - binding parameter (1:BIGINT) <- [20]
2026-03-04 09:34:55.610 INFO  k.co.seoulit.common.aop.LoggerAspect - kr.co.seoulit.reception.mapstruct.ReservationResMapStructImpl.toDto()시작
2026-03-04 09:34:55.610 INFO  k.co.seoulit.common.aop.LoggerAspect - kr.co.seoulit.reception.mapstruct.ReservationResMapStructImpl.toDto()종료
2026-03-04 09:34:55.611 INFO  k.co.seoulit.common.aop.LoggerAspect - kr.co.seoulit.reception.mapstruct.ReservationResMapStructImpl.toDto()시작
2026-03-04 09:34:55.611 INFO  k.co.seoulit.common.aop.LoggerAspect - kr.co.seoulit.reception.mapstruct.ReservationResMapStructImpl.toDto()종료
2026-03-04 09:34:55.612 DEBUG org.hibernate.SQL - select seq_audit_log.nextval from dual
2026-03-04 09:34:55.619 INFO  k.co.seoulit.common.aop.LoggerAspect - ServiceImpl  : kr.co.seoulit.reception.service.ReservationServiceImpl.updateReservation()종료
2026-03-04 09:34:55.620 DEBUG org.hibernate.SQL - insert into audit_log (action,actor_id,after_json,before_json,diff_json,entity_id,entity_type,occurred_at,reason_code,reason_text,audit_log_id) values (?,?,?,?,?,?,?,?,?,?,?)
2026-03-04 09:34:55.620 TRACE org.hibernate.orm.jdbc.bind - binding parameter (1:VARCHAR) <- [UPDATE]
2026-03-04 09:34:55.620 TRACE org.hibernate.orm.jdbc.bind - binding parameter (2:BIGINT) <- [null]
2026-03-04 09:34:55.621 TRACE org.hibernate.orm.jdbc.bind - binding parameter (3:VARCHAR) <- [{"reservationId":20,"reservationNo":"20260303-311","patientId":9,"patientName":"조윤서","departmentId":1,"departmentName":"내과","doctorId":1,"doctorName":"송태민","reservedAt":"2026-03-04T10:56:00","status":"COMPLETED","note":"예약 당일 자동 접수 이관 완료","isActive":true,"inactiveAt":null,"inactiveReasonCode":null,"inactiveReasonText":null,"canceledAt":null,"cancelReasonCode":null,"cancelReasonText":null,"createdBy":null,"updatedBy":null,"createdAt":"2026-03-03T10:56:24.061449","updatedAt":"2026-03-03T10:56:24.061449"}]
2026-03-04 09:34:55.621 TRACE org.hibernate.orm.jdbc.bind - binding parameter (4:VARCHAR) <- [{"reservationId":20,"reservationNo":"20260303-311","patientId":9,"patientName":"조윤서","departmentId":1,"departmentName":"내과","doctorId":1,"doctorName":"송태민","reservedAt":"2026-03-04T10:56:00","status":"RESERVED","note":null,"isActive":true,"inactiveAt":null,"inactiveReasonCode":null,"inactiveReasonText":null,"canceledAt":null,"cancelReasonCode":null,"cancelReasonText":null,"createdBy":null,"updatedBy":null,"createdAt":"2026-03-03T10:56:24.061449","updatedAt":"2026-03-03T10:56:24.061449"}]
2026-03-04 09:34:55.621 TRACE org.hibernate.orm.jdbc.bind - binding parameter (5:VARCHAR) <- [null]
2026-03-04 09:34:55.621 TRACE org.hibernate.orm.jdbc.bind - binding parameter (6:BIGINT) <- [20]
2026-03-04 09:34:55.621 TRACE org.hibernate.orm.jdbc.bind - binding parameter (7:VARCHAR) <- [RESERVATION]
2026-03-04 09:34:55.621 TRACE org.hibernate.orm.jdbc.bind - binding parameter (8:TIMESTAMP) <- [2026-03-04T09:34:55.620853]
2026-03-04 09:34:55.621 TRACE org.hibernate.orm.jdbc.bind - binding parameter (9:VARCHAR) <- [null]
2026-03-04 09:34:55.621 TRACE org.hibernate.orm.jdbc.bind - binding parameter (10:VARCHAR) <- [null]
2026-03-04 09:34:55.621 TRACE org.hibernate.orm.jdbc.bind - binding parameter (11:BIGINT) <- [158]
2026-03-04 09:34:55.655 DEBUG org.hibernate.SQL - update reservation set cancel_reason_code=?,cancel_reason_text=?,canceled_at=?,created_by=?,department_id=?,department_name=?,doctor_id=?,doctor_name=?,inactive_at=?,inactive_reason_code=?,inactive_reason_text=?,is_active=?,note=?,patient_id=?,patient_name=?,reservation_no=?,reserved_at=?,status=?,updated_at=?,updated_by=? where reservation_id=?
2026-03-04 09:34:55.655 TRACE org.hibernate.orm.jdbc.bind - binding parameter (1:VARCHAR) <- [null]
2026-03-04 09:34:55.655 TRACE org.hibernate.orm.jdbc.bind - binding parameter (2:VARCHAR) <- [null]
2026-03-04 09:34:55.655 TRACE org.hibernate.orm.jdbc.bind - binding parameter (3:TIMESTAMP) <- [null]
2026-03-04 09:34:55.655 TRACE org.hibernate.orm.jdbc.bind - binding parameter (4:BIGINT) <- [null]
2026-03-04 09:34:55.655 TRACE org.hibernate.orm.jdbc.bind - binding parameter (5:BIGINT) <- [1]
2026-03-04 09:34:55.655 TRACE org.hibernate.orm.jdbc.bind - binding parameter (6:VARCHAR) <- [내과]
2026-03-04 09:34:55.655 TRACE org.hibernate.orm.jdbc.bind - binding parameter (7:BIGINT) <- [1]
2026-03-04 09:34:55.655 TRACE org.hibernate.orm.jdbc.bind - binding parameter (8:VARCHAR) <- [송태민]
2026-03-04 09:34:55.655 TRACE org.hibernate.orm.jdbc.bind - binding parameter (9:TIMESTAMP) <- [null]
2026-03-04 09:34:55.655 TRACE org.hibernate.orm.jdbc.bind - binding parameter (10:VARCHAR) <- [null]
2026-03-04 09:34:55.656 TRACE org.hibernate.orm.jdbc.bind - binding parameter (11:VARCHAR) <- [null]
2026-03-04 09:34:55.656 TRACE org.hibernate.orm.jdbc.bind - binding parameter (12:BOOLEAN) <- [true]
2026-03-04 09:34:55.656 TRACE org.hibernate.orm.jdbc.bind - binding parameter (13:VARCHAR) <- [예약 당일 자동 접수 이관 완료]
2026-03-04 09:34:55.656 TRACE org.hibernate.orm.jdbc.bind - binding parameter (14:BIGINT) <- [9]
2026-03-04 09:34:55.656 TRACE org.hibernate.orm.jdbc.bind - binding parameter (15:VARCHAR) <- [조윤서]
2026-03-04 09:34:55.656 TRACE org.hibernate.orm.jdbc.bind - binding parameter (16:VARCHAR) <- [20260303-311]
2026-03-04 09:34:55.656 TRACE org.hibernate.orm.jdbc.bind - binding parameter (17:TIMESTAMP) <- [2026-03-04T10:56]
2026-03-04 09:34:55.656 TRACE org.hibernate.orm.jdbc.bind - binding parameter (18:VARCHAR) <- [COMPLETED]
2026-03-04 09:34:55.656 TRACE org.hibernate.orm.jdbc.bind - binding parameter (19:TIMESTAMP) <- [2026-03-04T09:34:55.655852]
2026-03-04 09:34:55.656 TRACE org.hibernate.orm.jdbc.bind - binding parameter (20:BIGINT) <- [null]
2026-03-04 09:34:55.656 TRACE org.hibernate.orm.jdbc.bind - binding parameter (21:BIGINT) <- [20]
2026-03-04 09:34:55.671 INFO  k.co.seoulit.common.aop.LoggerAspect - Controller  : kr.co.seoulit.reception.controller.ReservationController.updateReservation()종료
2026-03-04 09:34:55.676 INFO  k.co.seoulit.common.aop.LoggerAspect - Controller  : kr.co.seoulit.reception.controller.ReceptionController.createReception()시작
2026-03-04 09:34:55.676 INFO  k.c.s.r.c.ReceptionController - Create reception request: receptionNo=20260303-312
2026-03-04 09:34:55.676 INFO  k.co.seoulit.common.aop.LoggerAspect - ServiceImpl  : kr.co.seoulit.reception.service.ReceptionServiceImpl.createReception()시작
2026-03-04 09:34:55.678 DEBUG org.hibernate.SQL - select * from (select re1_0.reception_id c0,rownum rn from reception re1_0 where re1_0.reception_no=?) r_0_ where r_0_.rn<=? order by r_0_.rn
2026-03-04 09:34:55.678 TRACE org.hibernate.orm.jdbc.bind - binding parameter (1:VARCHAR) <- [20260303-312]
2026-03-04 09:34:55.678 TRACE org.hibernate.orm.jdbc.bind - binding parameter (2:INTEGER) <- [1]
2026-03-04 09:34:55.688 INFO  k.co.seoulit.common.aop.LoggerAspect - kr.co.seoulit.reception.mapstruct.ReceptionReqMapStructImpl.toEntity()시작
2026-03-04 09:34:55.689 INFO  k.co.seoulit.common.aop.LoggerAspect - kr.co.seoulit.reception.mapstruct.ReceptionReqMapStructImpl.toEntity()종료
2026-03-04 09:34:55.689 DEBUG org.hibernate.SQL - select seq_reception.nextval from dual
2026-03-04 09:34:55.695 INFO  k.co.seoulit.common.aop.LoggerAspect - kr.co.seoulit.reception.mapstruct.ReceptionResMapStructImpl.toDto()시작
2026-03-04 09:34:55.695 INFO  k.co.seoulit.common.aop.LoggerAspect - kr.co.seoulit.reception.mapstruct.ReceptionResMapStructImpl.toDto()종료
2026-03-04 09:34:55.696 DEBUG org.hibernate.SQL - select seq_audit_log.nextval from dual
2026-03-04 09:34:55.705 INFO  k.co.seoulit.common.aop.LoggerAspect - ServiceImpl  : kr.co.seoulit.reception.service.ReceptionServiceImpl.createReception()종료
2026-03-04 09:34:55.706 DEBUG org.hibernate.SQL - insert into reception (arrived_at,cancel_reason_code,cancel_reason_text,created_at,created_by,department_id,department_name,doctor_id,doctor_name,hold_reason_code,hold_reason_text,inactive_at,inactive_reason_code,inactive_reason_text,is_active,note,patient_id,patient_name,reception_no,reservation_id,scheduled_at,status,updated_at,updated_by,visit_type,reception_id) values (?,?,?,?,?,?,?,?,?,?,?,?,?,?,?,?,?,?,?,?,?,?,?,?,?,?)
2026-03-04 09:34:55.706 TRACE org.hibernate.orm.jdbc.bind - binding parameter (1:TIMESTAMP) <- [null]
2026-03-04 09:34:55.706 TRACE org.hibernate.orm.jdbc.bind - binding parameter (2:VARCHAR) <- [null]
2026-03-04 09:34:55.706 TRACE org.hibernate.orm.jdbc.bind - binding parameter (3:VARCHAR) <- [null]
2026-03-04 09:34:55.706 TRACE org.hibernate.orm.jdbc.bind - binding parameter (4:TIMESTAMP) <- [2026-03-04T09:34:55.706865]
2026-03-04 09:34:55.706 TRACE org.hibernate.orm.jdbc.bind - binding parameter (5:BIGINT) <- [null]
2026-03-04 09:34:55.706 TRACE org.hibernate.orm.jdbc.bind - binding parameter (6:BIGINT) <- [1]
2026-03-04 09:34:55.707 TRACE org.hibernate.orm.jdbc.bind - binding parameter (7:VARCHAR) <- [내과]
2026-03-04 09:34:55.707 TRACE org.hibernate.orm.jdbc.bind - binding parameter (8:BIGINT) <- [1]
2026-03-04 09:34:55.707 TRACE org.hibernate.orm.jdbc.bind - binding parameter (9:VARCHAR) <- [송태민]
2026-03-04 09:34:55.707 TRACE org.hibernate.orm.jdbc.bind - binding parameter (10:VARCHAR) <- [null]
2026-03-04 09:34:55.707 TRACE org.hibernate.orm.jdbc.bind - binding parameter (11:VARCHAR) <- [null]
2026-03-04 09:34:55.707 TRACE org.hibernate.orm.jdbc.bind - binding parameter (12:TIMESTAMP) <- [null]
2026-03-04 09:34:55.707 TRACE org.hibernate.orm.jdbc.bind - binding parameter (13:VARCHAR) <- [null]
2026-03-04 09:34:55.707 TRACE org.hibernate.orm.jdbc.bind - binding parameter (14:VARCHAR) <- [null]
2026-03-04 09:34:55.707 TRACE org.hibernate.orm.jdbc.bind - binding parameter (15:BOOLEAN) <- [true]
2026-03-04 09:34:55.707 TRACE org.hibernate.orm.jdbc.bind - binding parameter (16:VARCHAR) <- [예약 당일 자동 접수 생성]
2026-03-04 09:34:55.707 TRACE org.hibernate.orm.jdbc.bind - binding parameter (17:BIGINT) <- [15]
2026-03-04 09:34:55.707 TRACE org.hibernate.orm.jdbc.bind - binding parameter (18:VARCHAR) <- [박영하]
2026-03-04 09:34:55.707 TRACE org.hibernate.orm.jdbc.bind - binding parameter (19:VARCHAR) <- [20260303-312]
2026-03-04 09:34:55.707 TRACE org.hibernate.orm.jdbc.bind - binding parameter (20:BIGINT) <- [21]
2026-03-04 09:34:55.708 TRACE org.hibernate.orm.jdbc.bind - binding parameter (21:TIMESTAMP) <- [2026-03-04T10:56]
2026-03-04 09:34:55.708 TRACE org.hibernate.orm.jdbc.bind - binding parameter (22:VARCHAR) <- [WAITING]
2026-03-04 09:34:55.708 TRACE org.hibernate.orm.jdbc.bind - binding parameter (23:TIMESTAMP) <- [2026-03-04T09:34:55.706865]
2026-03-04 09:34:55.708 TRACE org.hibernate.orm.jdbc.bind - binding parameter (24:BIGINT) <- [null]
2026-03-04 09:34:55.708 TRACE org.hibernate.orm.jdbc.bind - binding parameter (25:VARCHAR) <- [OUTPATIENT]
2026-03-04 09:34:55.708 TRACE org.hibernate.orm.jdbc.bind - binding parameter (26:BIGINT) <- [65]
2026-03-04 09:34:55.716 DEBUG org.hibernate.SQL - insert into audit_log (action,actor_id,after_json,before_json,diff_json,entity_id,entity_type,occurred_at,reason_code,reason_text,audit_log_id) values (?,?,?,?,?,?,?,?,?,?,?)
2026-03-04 09:34:55.716 TRACE org.hibernate.orm.jdbc.bind - binding parameter (1:VARCHAR) <- [CREATE]
2026-03-04 09:34:55.716 TRACE org.hibernate.orm.jdbc.bind - binding parameter (2:BIGINT) <- [null]
2026-03-04 09:34:55.716 TRACE org.hibernate.orm.jdbc.bind - binding parameter (3:VARCHAR) <- [{"receptionId":65,"receptionNo":"20260303-312","patientId":15,"patientName":"박영하","visitType":"OUTPATIENT","departmentId":1,"departmentName":"내과","doctorId":1,"doctorName":"송태민","reservationId":21,"scheduledAt":"2026-03-04T10:56:00","arrivedAt":null,"status":"WAITING","note":"예약 당일 자동 접수 생성","isActive":true,"inactiveAt":null,"inactiveReasonCode":null,"inactiveReasonText":null,"cancelReasonCode":null,"cancelReasonText":null,"holdReasonCode":null,"holdReasonText":null,"createdBy":null,"updatedBy":null,"createdAt":null,"updatedAt":null}]
2026-03-04 09:34:55.716 TRACE org.hibernate.orm.jdbc.bind - binding parameter (4:VARCHAR) <- [null]
2026-03-04 09:34:55.716 TRACE org.hibernate.orm.jdbc.bind - binding parameter (5:VARCHAR) <- [null]
2026-03-04 09:34:55.716 TRACE org.hibernate.orm.jdbc.bind - binding parameter (6:BIGINT) <- [65]
2026-03-04 09:34:55.716 TRACE org.hibernate.orm.jdbc.bind - binding parameter (7:VARCHAR) <- [RECEPTION]
2026-03-04 09:34:55.716 TRACE org.hibernate.orm.jdbc.bind - binding parameter (8:TIMESTAMP) <- [2026-03-04T09:34:55.716413]
2026-03-04 09:34:55.717 TRACE org.hibernate.orm.jdbc.bind - binding parameter (9:VARCHAR) <- [null]
2026-03-04 09:34:55.717 TRACE org.hibernate.orm.jdbc.bind - binding parameter (10:VARCHAR) <- [null]
2026-03-04 09:34:55.717 TRACE org.hibernate.orm.jdbc.bind - binding parameter (11:BIGINT) <- [159]
2026-03-04 09:34:55.736 INFO  k.co.seoulit.common.aop.LoggerAspect - Controller  : kr.co.seoulit.reception.controller.ReceptionController.createReception()종료
2026-03-04 09:34:55.747 INFO  k.co.seoulit.common.aop.LoggerAspect - Controller  : kr.co.seoulit.reception.controller.ReservationController.updateReservation()시작
2026-03-04 09:34:55.747 INFO  k.c.s.r.c.ReservationController - 예약 수정 요청: id=21
2026-03-04 09:34:55.747 INFO  k.co.seoulit.common.aop.LoggerAspect - ServiceImpl  : kr.co.seoulit.reception.service.ReservationServiceImpl.updateReservation()시작
2026-03-04 09:34:55.748 DEBUG org.hibernate.SQL - select re1_0.reservation_id,re1_0.cancel_reason_code,re1_0.cancel_reason_text,re1_0.canceled_at,re1_0.created_at,re1_0.created_by,re1_0.department_id,re1_0.department_name,re1_0.doctor_id,re1_0.doctor_name,re1_0.inactive_at,re1_0.inactive_reason_code,re1_0.inactive_reason_text,re1_0.is_active,re1_0.note,re1_0.patient_id,re1_0.patient_name,re1_0.reservation_no,re1_0.reserved_at,re1_0.status,re1_0.updated_at,re1_0.updated_by from reservation re1_0 where re1_0.reservation_id=?
2026-03-04 09:34:55.748 TRACE org.hibernate.orm.jdbc.bind - binding parameter (1:BIGINT) <- [21]
2026-03-04 09:34:55.757 INFO  k.co.seoulit.common.aop.LoggerAspect - kr.co.seoulit.reception.mapstruct.ReservationResMapStructImpl.toDto()시작
2026-03-04 09:34:55.757 INFO  k.co.seoulit.common.aop.LoggerAspect - kr.co.seoulit.reception.mapstruct.ReservationResMapStructImpl.toDto()종료
2026-03-04 09:34:55.757 INFO  k.co.seoulit.common.aop.LoggerAspect - kr.co.seoulit.reception.mapstruct.ReservationResMapStructImpl.toDto()시작
2026-03-04 09:34:55.757 INFO  k.co.seoulit.common.aop.LoggerAspect - kr.co.seoulit.reception.mapstruct.ReservationResMapStructImpl.toDto()종료
2026-03-04 09:34:55.758 DEBUG org.hibernate.SQL - select seq_audit_log.nextval from dual
2026-03-04 09:34:55.765 INFO  k.co.seoulit.common.aop.LoggerAspect - ServiceImpl  : kr.co.seoulit.reception.service.ReservationServiceImpl.updateReservation()종료
2026-03-04 09:34:55.766 DEBUG org.hibernate.SQL - insert into audit_log (action,actor_id,after_json,before_json,diff_json,entity_id,entity_type,occurred_at,reason_code,reason_text,audit_log_id) values (?,?,?,?,?,?,?,?,?,?,?)
2026-03-04 09:34:55.766 TRACE org.hibernate.orm.jdbc.bind - binding parameter (1:VARCHAR) <- [UPDATE]
2026-03-04 09:34:55.766 TRACE org.hibernate.orm.jdbc.bind - binding parameter (2:BIGINT) <- [null]
2026-03-04 09:34:55.767 TRACE org.hibernate.orm.jdbc.bind - binding parameter (3:VARCHAR) <- [{"reservationId":21,"reservationNo":"20260303-312","patientId":15,"patientName":"박영하","departmentId":1,"departmentName":"내과","doctorId":1,"doctorName":"송태민","reservedAt":"2026-03-04T10:56:00","status":"COMPLETED","note":"예약 당일 자동 접수 이관 완료","isActive":true,"inactiveAt":null,"inactiveReasonCode":null,"inactiveReasonText":null,"canceledAt":null,"cancelReasonCode":null,"cancelReasonText":null,"createdBy":null,"updatedBy":null,"createdAt":"2026-03-03T10:56:41.357172","updatedAt":"2026-03-03T10:56:41.357172"}]
2026-03-04 09:34:55.767 TRACE org.hibernate.orm.jdbc.bind - binding parameter (4:VARCHAR) <- [{"reservationId":21,"reservationNo":"20260303-312","patientId":15,"patientName":"박영하","departmentId":1,"departmentName":"내과","doctorId":1,"doctorName":"송태민","reservedAt":"2026-03-04T10:56:00","status":"RESERVED","note":null,"isActive":true,"inactiveAt":null,"inactiveReasonCode":null,"inactiveReasonText":null,"canceledAt":null,"cancelReasonCode":null,"cancelReasonText":null,"createdBy":null,"updatedBy":null,"createdAt":"2026-03-03T10:56:41.357172","updatedAt":"2026-03-03T10:56:41.357172"}]
2026-03-04 09:34:55.767 TRACE org.hibernate.orm.jdbc.bind - binding parameter (5:VARCHAR) <- [null]
2026-03-04 09:34:55.767 TRACE org.hibernate.orm.jdbc.bind - binding parameter (6:BIGINT) <- [21]
2026-03-04 09:34:55.767 TRACE org.hibernate.orm.jdbc.bind - binding parameter (7:VARCHAR) <- [RESERVATION]
2026-03-04 09:34:55.767 TRACE org.hibernate.orm.jdbc.bind - binding parameter (8:TIMESTAMP) <- [2026-03-04T09:34:55.766416]
2026-03-04 09:34:55.767 TRACE org.hibernate.orm.jdbc.bind - binding parameter (9:VARCHAR) <- [null]
2026-03-04 09:34:55.767 TRACE org.hibernate.orm.jdbc.bind - binding parameter (10:VARCHAR) <- [null]
2026-03-04 09:34:55.767 TRACE org.hibernate.orm.jdbc.bind - binding parameter (11:BIGINT) <- [160]
2026-03-04 09:34:55.775 DEBUG org.hibernate.SQL - update reservation set cancel_reason_code=?,cancel_reason_text=?,canceled_at=?,created_by=?,department_id=?,department_name=?,doctor_id=?,doctor_name=?,inactive_at=?,inactive_reason_code=?,inactive_reason_text=?,is_active=?,note=?,patient_id=?,patient_name=?,reservation_no=?,reserved_at=?,status=?,updated_at=?,updated_by=? where reservation_id=?
2026-03-04 09:34:55.775 TRACE org.hibernate.orm.jdbc.bind - binding parameter (1:VARCHAR) <- [null]
2026-03-04 09:34:55.775 TRACE org.hibernate.orm.jdbc.bind - binding parameter (2:VARCHAR) <- [null]
2026-03-04 09:34:55.775 TRACE org.hibernate.orm.jdbc.bind - binding parameter (3:TIMESTAMP) <- [null]
2026-03-04 09:34:55.775 TRACE org.hibernate.orm.jdbc.bind - binding parameter (4:BIGINT) <- [null]
2026-03-04 09:34:55.775 TRACE org.hibernate.orm.jdbc.bind - binding parameter (5:BIGINT) <- [1]
2026-03-04 09:34:55.775 TRACE org.hibernate.orm.jdbc.bind - binding parameter (6:VARCHAR) <- [내과]
2026-03-04 09:34:55.775 TRACE org.hibernate.orm.jdbc.bind - binding parameter (7:BIGINT) <- [1]
2026-03-04 09:34:55.776 TRACE org.hibernate.orm.jdbc.bind - binding parameter (8:VARCHAR) <- [송태민]
2026-03-04 09:34:55.776 TRACE org.hibernate.orm.jdbc.bind - binding parameter (9:TIMESTAMP) <- [null]
2026-03-04 09:34:55.776 TRACE org.hibernate.orm.jdbc.bind - binding parameter (10:VARCHAR) <- [null]
2026-03-04 09:34:55.776 TRACE org.hibernate.orm.jdbc.bind - binding parameter (11:VARCHAR) <- [null]
2026-03-04 09:34:55.776 TRACE org.hibernate.orm.jdbc.bind - binding parameter (12:BOOLEAN) <- [true]
2026-03-04 09:34:55.776 TRACE org.hibernate.orm.jdbc.bind - binding parameter (13:VARCHAR) <- [예약 당일 자동 접수 이관 완료]
2026-03-04 09:34:55.776 TRACE org.hibernate.orm.jdbc.bind - binding parameter (14:BIGINT) <- [15]
2026-03-04 09:34:55.776 TRACE org.hibernate.orm.jdbc.bind - binding parameter (15:VARCHAR) <- [박영하]
2026-03-04 09:34:55.776 TRACE org.hibernate.orm.jdbc.bind - binding parameter (16:VARCHAR) <- [20260303-312]
2026-03-04 09:34:55.776 TRACE org.hibernate.orm.jdbc.bind - binding parameter (17:TIMESTAMP) <- [2026-03-04T10:56]
2026-03-04 09:34:55.776 TRACE org.hibernate.orm.jdbc.bind - binding parameter (18:VARCHAR) <- [COMPLETED]
2026-03-04 09:34:55.776 TRACE org.hibernate.orm.jdbc.bind - binding parameter (19:TIMESTAMP) <- [2026-03-04T09:34:55.774454]
2026-03-04 09:34:55.776 TRACE org.hibernate.orm.jdbc.bind - binding parameter (20:BIGINT) <- [null]
2026-03-04 09:34:55.776 TRACE org.hibernate.orm.jdbc.bind - binding parameter (21:BIGINT) <- [21]
2026-03-04 09:34:55.799 INFO  k.co.seoulit.common.aop.LoggerAspect - Controller  : kr.co.seoulit.reception.controller.ReservationController.updateReservation()종료
2026-03-04 09:34:55.806 INFO  k.co.seoulit.common.aop.LoggerAspect - Controller  : kr.co.seoulit.reception.controller.ReceptionController.createReception()시작
2026-03-04 09:34:55.806 INFO  k.c.s.r.c.ReceptionController - Create reception request: receptionNo=20260303-313
2026-03-04 09:34:55.806 INFO  k.co.seoulit.common.aop.LoggerAspect - ServiceImpl  : kr.co.seoulit.reception.service.ReceptionServiceImpl.createReception()시작
2026-03-04 09:34:55.808 DEBUG org.hibernate.SQL - select * from (select re1_0.reception_id c0,rownum rn from reception re1_0 where re1_0.reception_no=?) r_0_ where r_0_.rn<=? order by r_0_.rn
2026-03-04 09:34:55.808 TRACE org.hibernate.orm.jdbc.bind - binding parameter (1:VARCHAR) <- [20260303-313]
2026-03-04 09:34:55.808 TRACE org.hibernate.orm.jdbc.bind - binding parameter (2:INTEGER) <- [1]
2026-03-04 09:34:55.816 INFO  k.co.seoulit.common.aop.LoggerAspect - kr.co.seoulit.reception.mapstruct.ReceptionReqMapStructImpl.toEntity()시작
2026-03-04 09:34:55.817 INFO  k.co.seoulit.common.aop.LoggerAspect - kr.co.seoulit.reception.mapstruct.ReceptionReqMapStructImpl.toEntity()종료
2026-03-04 09:34:55.817 DEBUG org.hibernate.SQL - select seq_reception.nextval from dual
2026-03-04 09:34:55.829 INFO  k.co.seoulit.common.aop.LoggerAspect - kr.co.seoulit.reception.mapstruct.ReceptionResMapStructImpl.toDto()시작
2026-03-04 09:34:55.829 INFO  k.co.seoulit.common.aop.LoggerAspect - kr.co.seoulit.reception.mapstruct.ReceptionResMapStructImpl.toDto()종료
2026-03-04 09:34:55.829 DEBUG org.hibernate.SQL - select seq_audit_log.nextval from dual
2026-03-04 09:34:55.837 INFO  k.co.seoulit.common.aop.LoggerAspect - ServiceImpl  : kr.co.seoulit.reception.service.ReceptionServiceImpl.createReception()종료
2026-03-04 09:34:55.837 DEBUG org.hibernate.SQL - insert into reception (arrived_at,cancel_reason_code,cancel_reason_text,created_at,created_by,department_id,department_name,doctor_id,doctor_name,hold_reason_code,hold_reason_text,inactive_at,inactive_reason_code,inactive_reason_text,is_active,note,patient_id,patient_name,reception_no,reservation_id,scheduled_at,status,updated_at,updated_by,visit_type,reception_id) values (?,?,?,?,?,?,?,?,?,?,?,?,?,?,?,?,?,?,?,?,?,?,?,?,?,?)
2026-03-04 09:34:55.837 TRACE org.hibernate.orm.jdbc.bind - binding parameter (1:TIMESTAMP) <- [null]
2026-03-04 09:34:55.838 TRACE org.hibernate.orm.jdbc.bind - binding parameter (2:VARCHAR) <- [null]
2026-03-04 09:34:55.838 TRACE org.hibernate.orm.jdbc.bind - binding parameter (3:VARCHAR) <- [null]
2026-03-04 09:34:55.838 TRACE org.hibernate.orm.jdbc.bind - binding parameter (4:TIMESTAMP) <- [2026-03-04T09:34:55.837571]
2026-03-04 09:34:55.838 TRACE org.hibernate.orm.jdbc.bind - binding parameter (5:BIGINT) <- [null]
2026-03-04 09:34:55.838 TRACE org.hibernate.orm.jdbc.bind - binding parameter (6:BIGINT) <- [2]
2026-03-04 09:34:55.838 TRACE org.hibernate.orm.jdbc.bind - binding parameter (7:VARCHAR) <- [외과]
2026-03-04 09:34:55.838 TRACE org.hibernate.orm.jdbc.bind - binding parameter (8:BIGINT) <- [2]
2026-03-04 09:34:55.838 TRACE org.hibernate.orm.jdbc.bind - binding parameter (9:VARCHAR) <- [이현석]
2026-03-04 09:34:55.838 TRACE org.hibernate.orm.jdbc.bind - binding parameter (10:VARCHAR) <- [null]
2026-03-04 09:34:55.838 TRACE org.hibernate.orm.jdbc.bind - binding parameter (11:VARCHAR) <- [null]
2026-03-04 09:34:55.838 TRACE org.hibernate.orm.jdbc.bind - binding parameter (12:TIMESTAMP) <- [null]
2026-03-04 09:34:55.838 TRACE org.hibernate.orm.jdbc.bind - binding parameter (13:VARCHAR) <- [null]
2026-03-04 09:34:55.838 TRACE org.hibernate.orm.jdbc.bind - binding parameter (14:VARCHAR) <- [null]
2026-03-04 09:34:55.838 TRACE org.hibernate.orm.jdbc.bind - binding parameter (15:BOOLEAN) <- [true]
2026-03-04 09:34:55.838 TRACE org.hibernate.orm.jdbc.bind - binding parameter (16:VARCHAR) <- [예약 당일 자동 접수 생성]
2026-03-04 09:34:55.838 TRACE org.hibernate.orm.jdbc.bind - binding parameter (17:BIGINT) <- [18]
2026-03-04 09:34:55.838 TRACE org.hibernate.orm.jdbc.bind - binding parameter (18:VARCHAR) <- [신가은]
2026-03-04 09:34:55.839 TRACE org.hibernate.orm.jdbc.bind - binding parameter (19:VARCHAR) <- [20260303-313]
2026-03-04 09:34:55.839 TRACE org.hibernate.orm.jdbc.bind - binding parameter (20:BIGINT) <- [22]
2026-03-04 09:34:55.839 TRACE org.hibernate.orm.jdbc.bind - binding parameter (21:TIMESTAMP) <- [2026-03-04T11:08]
2026-03-04 09:34:55.839 TRACE org.hibernate.orm.jdbc.bind - binding parameter (22:VARCHAR) <- [WAITING]
2026-03-04 09:34:55.839 TRACE org.hibernate.orm.jdbc.bind - binding parameter (23:TIMESTAMP) <- [2026-03-04T09:34:55.837571]
2026-03-04 09:34:55.839 TRACE org.hibernate.orm.jdbc.bind - binding parameter (24:BIGINT) <- [null]
2026-03-04 09:34:55.839 TRACE org.hibernate.orm.jdbc.bind - binding parameter (25:VARCHAR) <- [OUTPATIENT]
2026-03-04 09:34:55.839 TRACE org.hibernate.orm.jdbc.bind - binding parameter (26:BIGINT) <- [66]
2026-03-04 09:34:55.848 DEBUG org.hibernate.SQL - insert into audit_log (action,actor_id,after_json,before_json,diff_json,entity_id,entity_type,occurred_at,reason_code,reason_text,audit_log_id) values (?,?,?,?,?,?,?,?,?,?,?)
2026-03-04 09:34:55.849 TRACE org.hibernate.orm.jdbc.bind - binding parameter (1:VARCHAR) <- [CREATE]
2026-03-04 09:34:55.849 TRACE org.hibernate.orm.jdbc.bind - binding parameter (2:BIGINT) <- [null]
2026-03-04 09:34:55.849 TRACE org.hibernate.orm.jdbc.bind - binding parameter (3:VARCHAR) <- [{"receptionId":66,"receptionNo":"20260303-313","patientId":18,"patientName":"신가은","visitType":"OUTPATIENT","departmentId":2,"departmentName":"외과","doctorId":2,"doctorName":"이현석","reservationId":22,"scheduledAt":"2026-03-04T11:08:00","arrivedAt":null,"status":"WAITING","note":"예약 당일 자동 접수 생성","isActive":true,"inactiveAt":null,"inactiveReasonCode":null,"inactiveReasonText":null,"cancelReasonCode":null,"cancelReasonText":null,"holdReasonCode":null,"holdReasonText":null,"createdBy":null,"updatedBy":null,"createdAt":null,"updatedAt":null}]
2026-03-04 09:34:55.849 TRACE org.hibernate.orm.jdbc.bind - binding parameter (4:VARCHAR) <- [null]
2026-03-04 09:34:55.849 TRACE org.hibernate.orm.jdbc.bind - binding parameter (5:VARCHAR) <- [null]
2026-03-04 09:34:55.849 TRACE org.hibernate.orm.jdbc.bind - binding parameter (6:BIGINT) <- [66]
2026-03-04 09:34:55.849 TRACE org.hibernate.orm.jdbc.bind - binding parameter (7:VARCHAR) <- [RECEPTION]
2026-03-04 09:34:55.849 TRACE org.hibernate.orm.jdbc.bind - binding parameter (8:TIMESTAMP) <- [2026-03-04T09:34:55.848613]
2026-03-04 09:34:55.849 TRACE org.hibernate.orm.jdbc.bind - binding parameter (9:VARCHAR) <- [null]
2026-03-04 09:34:55.849 TRACE org.hibernate.orm.jdbc.bind - binding parameter (10:VARCHAR) <- [null]
2026-03-04 09:34:55.849 TRACE org.hibernate.orm.jdbc.bind - binding parameter (11:BIGINT) <- [161]
2026-03-04 09:34:55.860 INFO  k.co.seoulit.common.aop.LoggerAspect - Controller  : kr.co.seoulit.reception.controller.ReceptionController.createReception()종료
2026-03-04 09:34:55.868 INFO  k.co.seoulit.common.aop.LoggerAspect - Controller  : kr.co.seoulit.reception.controller.ReservationController.updateReservation()시작
2026-03-04 09:34:55.868 INFO  k.c.s.r.c.ReservationController - 예약 수정 요청: id=22
2026-03-04 09:34:55.869 INFO  k.co.seoulit.common.aop.LoggerAspect - ServiceImpl  : kr.co.seoulit.reception.service.ReservationServiceImpl.updateReservation()시작
2026-03-04 09:34:55.869 DEBUG org.hibernate.SQL - select re1_0.reservation_id,re1_0.cancel_reason_code,re1_0.cancel_reason_text,re1_0.canceled_at,re1_0.created_at,re1_0.created_by,re1_0.department_id,re1_0.department_name,re1_0.doctor_id,re1_0.doctor_name,re1_0.inactive_at,re1_0.inactive_reason_code,re1_0.inactive_reason_text,re1_0.is_active,re1_0.note,re1_0.patient_id,re1_0.patient_name,re1_0.reservation_no,re1_0.reserved_at,re1_0.status,re1_0.updated_at,re1_0.updated_by from reservation re1_0 where re1_0.reservation_id=?
2026-03-04 09:34:55.869 TRACE org.hibernate.orm.jdbc.bind - binding parameter (1:BIGINT) <- [22]
2026-03-04 09:34:55.878 INFO  k.co.seoulit.common.aop.LoggerAspect - kr.co.seoulit.reception.mapstruct.ReservationResMapStructImpl.toDto()시작
2026-03-04 09:34:55.878 INFO  k.co.seoulit.common.aop.LoggerAspect - kr.co.seoulit.reception.mapstruct.ReservationResMapStructImpl.toDto()종료
2026-03-04 09:34:55.879 INFO  k.co.seoulit.common.aop.LoggerAspect - kr.co.seoulit.reception.mapstruct.ReservationResMapStructImpl.toDto()시작
2026-03-04 09:34:55.879 INFO  k.co.seoulit.common.aop.LoggerAspect - kr.co.seoulit.reception.mapstruct.ReservationResMapStructImpl.toDto()종료
2026-03-04 09:34:55.879 DEBUG org.hibernate.SQL - select seq_audit_log.nextval from dual
2026-03-04 09:34:55.890 INFO  k.co.seoulit.common.aop.LoggerAspect - ServiceImpl  : kr.co.seoulit.reception.service.ReservationServiceImpl.updateReservation()종료
2026-03-04 09:34:55.890 DEBUG org.hibernate.SQL - insert into audit_log (action,actor_id,after_json,before_json,diff_json,entity_id,entity_type,occurred_at,reason_code,reason_text,audit_log_id) values (?,?,?,?,?,?,?,?,?,?,?)
2026-03-04 09:34:55.890 TRACE org.hibernate.orm.jdbc.bind - binding parameter (1:VARCHAR) <- [UPDATE]
2026-03-04 09:34:55.890 TRACE org.hibernate.orm.jdbc.bind - binding parameter (2:BIGINT) <- [null]
2026-03-04 09:34:55.890 TRACE org.hibernate.orm.jdbc.bind - binding parameter (3:VARCHAR) <- [{"reservationId":22,"reservationNo":"20260303-313","patientId":18,"patientName":"신가은","departmentId":2,"departmentName":"외과","doctorId":2,"doctorName":"이현석","reservedAt":"2026-03-04T11:08:00","status":"COMPLETED","note":"예약 당일 자동 접수 이관 완료","isActive":true,"inactiveAt":null,"inactiveReasonCode":null,"inactiveReasonText":null,"canceledAt":null,"cancelReasonCode":null,"cancelReasonText":null,"createdBy":null,"updatedBy":null,"createdAt":"2026-03-03T11:08:56.118817","updatedAt":"2026-03-03T11:08:56.118817"}]
2026-03-04 09:34:55.891 TRACE org.hibernate.orm.jdbc.bind - binding parameter (4:VARCHAR) <- [{"reservationId":22,"reservationNo":"20260303-313","patientId":18,"patientName":"신가은","departmentId":2,"departmentName":"외과","doctorId":2,"doctorName":"이현석","reservedAt":"2026-03-04T11:08:00","status":"RESERVED","note":null,"isActive":true,"inactiveAt":null,"inactiveReasonCode":null,"inactiveReasonText":null,"canceledAt":null,"cancelReasonCode":null,"cancelReasonText":null,"createdBy":null,"updatedBy":null,"createdAt":"2026-03-03T11:08:56.118817","updatedAt":"2026-03-03T11:08:56.118817"}]
2026-03-04 09:34:55.891 TRACE org.hibernate.orm.jdbc.bind - binding parameter (5:VARCHAR) <- [null]
2026-03-04 09:34:55.891 TRACE org.hibernate.orm.jdbc.bind - binding parameter (6:BIGINT) <- [22]
2026-03-04 09:34:55.891 TRACE org.hibernate.orm.jdbc.bind - binding parameter (7:VARCHAR) <- [RESERVATION]
2026-03-04 09:34:55.891 TRACE org.hibernate.orm.jdbc.bind - binding parameter (8:TIMESTAMP) <- [2026-03-04T09:34:55.890521]
2026-03-04 09:34:55.891 TRACE org.hibernate.orm.jdbc.bind - binding parameter (9:VARCHAR) <- [null]
2026-03-04 09:34:55.891 TRACE org.hibernate.orm.jdbc.bind - binding parameter (10:VARCHAR) <- [null]
2026-03-04 09:34:55.891 TRACE org.hibernate.orm.jdbc.bind - binding parameter (11:BIGINT) <- [162]
2026-03-04 09:34:55.900 DEBUG org.hibernate.SQL - update reservation set cancel_reason_code=?,cancel_reason_text=?,canceled_at=?,created_by=?,department_id=?,department_name=?,doctor_id=?,doctor_name=?,inactive_at=?,inactive_reason_code=?,inactive_reason_text=?,is_active=?,note=?,patient_id=?,patient_name=?,reservation_no=?,reserved_at=?,status=?,updated_at=?,updated_by=? where reservation_id=?
2026-03-04 09:34:55.900 TRACE org.hibernate.orm.jdbc.bind - binding parameter (1:VARCHAR) <- [null]
2026-03-04 09:34:55.900 TRACE org.hibernate.orm.jdbc.bind - binding parameter (2:VARCHAR) <- [null]
2026-03-04 09:34:55.900 TRACE org.hibernate.orm.jdbc.bind - binding parameter (3:TIMESTAMP) <- [null]
2026-03-04 09:34:55.900 TRACE org.hibernate.orm.jdbc.bind - binding parameter (4:BIGINT) <- [null]
2026-03-04 09:34:55.900 TRACE org.hibernate.orm.jdbc.bind - binding parameter (5:BIGINT) <- [2]
2026-03-04 09:34:55.900 TRACE org.hibernate.orm.jdbc.bind - binding parameter (6:VARCHAR) <- [외과]
2026-03-04 09:34:55.901 TRACE org.hibernate.orm.jdbc.bind - binding parameter (7:BIGINT) <- [2]
2026-03-04 09:34:55.901 TRACE org.hibernate.orm.jdbc.bind - binding parameter (8:VARCHAR) <- [이현석]
2026-03-04 09:34:55.901 TRACE org.hibernate.orm.jdbc.bind - binding parameter (9:TIMESTAMP) <- [null]
2026-03-04 09:34:55.901 TRACE org.hibernate.orm.jdbc.bind - binding parameter (10:VARCHAR) <- [null]
2026-03-04 09:34:55.901 TRACE org.hibernate.orm.jdbc.bind - binding parameter (11:VARCHAR) <- [null]
2026-03-04 09:34:55.901 TRACE org.hibernate.orm.jdbc.bind - binding parameter (12:BOOLEAN) <- [true]
2026-03-04 09:34:55.901 TRACE org.hibernate.orm.jdbc.bind - binding parameter (13:VARCHAR) <- [예약 당일 자동 접수 이관 완료]
2026-03-04 09:34:55.901 TRACE org.hibernate.orm.jdbc.bind - binding parameter (14:BIGINT) <- [18]
2026-03-04 09:34:55.901 TRACE org.hibernate.orm.jdbc.bind - binding parameter (15:VARCHAR) <- [신가은]
2026-03-04 09:34:55.901 TRACE org.hibernate.orm.jdbc.bind - binding parameter (16:VARCHAR) <- [20260303-313]
2026-03-04 09:34:55.901 TRACE org.hibernate.orm.jdbc.bind - binding parameter (17:TIMESTAMP) <- [2026-03-04T11:08]
2026-03-04 09:34:55.901 TRACE org.hibernate.orm.jdbc.bind - binding parameter (18:VARCHAR) <- [COMPLETED]
2026-03-04 09:34:55.901 TRACE org.hibernate.orm.jdbc.bind - binding parameter (19:TIMESTAMP) <- [2026-03-04T09:34:55.900565]
2026-03-04 09:34:55.901 TRACE org.hibernate.orm.jdbc.bind - binding parameter (20:BIGINT) <- [null]
2026-03-04 09:34:55.901 TRACE org.hibernate.orm.jdbc.bind - binding parameter (21:BIGINT) <- [22]
2026-03-04 09:34:55.918 INFO  k.co.seoulit.common.aop.LoggerAspect - Controller  : kr.co.seoulit.reception.controller.ReservationController.updateReservation()종료
2026-03-04 09:34:55.924 INFO  k.co.seoulit.common.aop.LoggerAspect - Controller  : kr.co.seoulit.reception.controller.ReceptionController.getReceptions()시작
2026-03-04 09:34:55.924 INFO  k.c.s.r.c.ReceptionController - Reception list request: searchType=null, searchValue=null
2026-03-04 09:34:55.924 INFO  k.co.seoulit.common.aop.LoggerAspect - ServiceImpl  : kr.co.seoulit.reception.service.ReceptionServiceImpl.getReceptionList()시작
2026-03-04 09:34:56.006 INFO  k.co.seoulit.common.aop.LoggerAspect - ServiceImpl  : kr.co.seoulit.reception.service.ReceptionServiceImpl.getReceptionList()종료
2026-03-04 09:34:56.012 INFO  k.co.seoulit.common.aop.LoggerAspect - Controller  : kr.co.seoulit.reception.controller.ReceptionController.getReceptions()종료
2026-03-04 09:35:08.217 INFO  k.co.seoulit.common.aop.LoggerAspect - Controller  : kr.co.seoulit.reception.controller.ReservationController.getReservations()시작
2026-03-04 09:35:08.217 INFO  k.c.s.r.c.ReservationController - 예약 목록 요청: searchType=null, searchValue=null
2026-03-04 09:35:08.245 INFO  k.co.seoulit.common.aop.LoggerAspect - ServiceImpl  : kr.co.seoulit.reception.service.ReservationServiceImpl.getReservationList()시작
2026-03-04 09:35:08.342 INFO  k.co.seoulit.common.aop.LoggerAspect - ServiceImpl  : kr.co.seoulit.reception.service.ReservationServiceImpl.getReservationList()종료
2026-03-04 09:35:08.349 INFO  k.co.seoulit.common.aop.LoggerAspect - Controller  : kr.co.seoulit.reception.controller.ReservationController.getReservations()종료
2026-03-04 09:35:08.356 INFO  k.co.seoulit.common.aop.LoggerAspect - Controller  : kr.co.seoulit.reception.controller.ReservationController.getReservations()시작
2026-03-04 09:35:08.357 INFO  k.c.s.r.c.ReservationController - 예약 목록 요청: searchType=null, searchValue=null
2026-03-04 09:35:08.357 INFO  k.co.seoulit.common.aop.LoggerAspect - ServiceImpl  : kr.co.seoulit.reception.service.ReservationServiceImpl.getReservationList()시작
2026-03-04 09:35:08.401 INFO  k.co.seoulit.common.aop.LoggerAspect - ServiceImpl  : kr.co.seoulit.reception.service.ReservationServiceImpl.getReservationList()종료
2026-03-04 09:35:08.415 INFO  k.co.seoulit.common.aop.LoggerAspect - Controller  : kr.co.seoulit.reception.controller.ReservationController.getReservations()종료
2026-03-04 09:35:14.918 INFO  k.co.seoulit.common.aop.LoggerAspect - Controller  : kr.co.seoulit.reception.controller.ReservationController.getReservations()시작
2026-03-04 09:35:14.918 INFO  k.c.s.r.c.ReservationController - 예약 목록 요청: searchType=null, searchValue=null
2026-03-04 09:35:14.919 INFO  k.co.seoulit.common.aop.LoggerAspect - Controller  : kr.co.seoulit.reception.controller.ReceptionController.getReceptions()시작
2026-03-04 09:35:14.919 INFO  k.c.s.r.c.ReceptionController - Reception list request: searchType=null, searchValue=null
2026-03-04 09:35:14.977 INFO  k.co.seoulit.common.aop.LoggerAspect - ServiceImpl  : kr.co.seoulit.reception.service.ReservationServiceImpl.getReservationList()시작
2026-03-04 09:35:14.978 INFO  k.co.seoulit.common.aop.LoggerAspect - ServiceImpl  : kr.co.seoulit.reception.service.ReceptionServiceImpl.getReceptionList()시작
2026-03-04 09:35:15.010 INFO  k.co.seoulit.common.aop.LoggerAspect - ServiceImpl  : kr.co.seoulit.reception.service.ReservationServiceImpl.getReservationList()종료
2026-03-04 09:35:15.023 INFO  k.co.seoulit.common.aop.LoggerAspect - Controller  : kr.co.seoulit.reception.controller.ReservationController.getReservations()종료
2026-03-04 09:35:15.065 INFO  k.co.seoulit.common.aop.LoggerAspect - ServiceImpl  : kr.co.seoulit.reception.service.ReceptionServiceImpl.getReceptionList()종료
2026-03-04 09:35:15.076 INFO  k.co.seoulit.common.aop.LoggerAspect - Controller  : kr.co.seoulit.reception.controller.ReceptionController.getReceptions()종료
2026-03-04 09:35:15.082 INFO  k.co.seoulit.common.aop.LoggerAspect - Controller  : kr.co.seoulit.reception.controller.ReceptionController.getReceptions()시작
2026-03-04 09:35:15.082 INFO  k.c.s.r.c.ReceptionController - Reception list request: searchType=null, searchValue=null
2026-03-04 09:35:15.082 INFO  k.co.seoulit.common.aop.LoggerAspect - ServiceImpl  : kr.co.seoulit.reception.service.ReceptionServiceImpl.getReceptionList()시작
2026-03-04 09:35:15.171 INFO  k.co.seoulit.common.aop.LoggerAspect - ServiceImpl  : kr.co.seoulit.reception.service.ReceptionServiceImpl.getReceptionList()종료
2026-03-04 09:35:15.201 INFO  k.co.seoulit.common.aop.LoggerAspect - Controller  : kr.co.seoulit.reception.controller.ReceptionController.getReceptions()종료
2026-03-04 09:35:15.210 INFO  k.co.seoulit.common.aop.LoggerAspect - Controller  : kr.co.seoulit.reception.controller.ReceptionController.getReceptions()시작
2026-03-04 09:35:15.210 INFO  k.c.s.r.c.ReceptionController - Reception list request: searchType=null, searchValue=null
2026-03-04 09:35:15.210 INFO  k.co.seoulit.common.aop.LoggerAspect - ServiceImpl  : kr.co.seoulit.reception.service.ReceptionServiceImpl.getReceptionList()시작
2026-03-04 09:35:15.294 INFO  k.co.seoulit.common.aop.LoggerAspect - ServiceImpl  : kr.co.seoulit.reception.service.ReceptionServiceImpl.getReceptionList()종료
2026-03-04 09:35:15.302 INFO  k.co.seoulit.common.aop.LoggerAspect - Controller  : kr.co.seoulit.reception.controller.ReceptionController.getReceptions()종료
2026-03-04 09:38:48.146 INFO  k.co.seoulit.common.aop.LoggerAspect - Controller  : kr.co.seoulit.reception.controller.EmergencyReceptionController.getEmergencyReceptions()시작
2026-03-04 09:38:48.147 INFO  k.c.s.r.c.EmergencyReceptionController - 응급 접수 목록 요청: searchType=null, searchValue=null
2026-03-04 09:38:48.160 INFO  k.co.seoulit.common.aop.LoggerAspect - ServiceImpl  : kr.co.seoulit.reception.service.EmergencyReceptionServiceImpl.getEmergencyReceptionList()시작
2026-03-04 09:38:48.193 INFO  k.co.seoulit.common.aop.LoggerAspect - ServiceImpl  : kr.co.seoulit.reception.service.EmergencyReceptionServiceImpl.getEmergencyReceptionList()종료
2026-03-04 09:38:48.200 INFO  k.co.seoulit.common.aop.LoggerAspect - Controller  : kr.co.seoulit.reception.controller.EmergencyReceptionController.getEmergencyReceptions()종료
2026-03-04 09:38:48.213 INFO  k.co.seoulit.common.aop.LoggerAspect - Controller  : kr.co.seoulit.reception.controller.EmergencyReceptionController.getEmergencyReceptions()시작
2026-03-04 09:38:48.213 INFO  k.c.s.r.c.EmergencyReceptionController - 응급 접수 목록 요청: searchType=null, searchValue=null
2026-03-04 09:38:48.221 INFO  k.co.seoulit.common.aop.LoggerAspect - ServiceImpl  : kr.co.seoulit.reception.service.EmergencyReceptionServiceImpl.getEmergencyReceptionList()시작
2026-03-04 09:38:48.256 INFO  k.co.seoulit.common.aop.LoggerAspect - ServiceImpl  : kr.co.seoulit.reception.service.EmergencyReceptionServiceImpl.getEmergencyReceptionList()종료
2026-03-04 09:38:48.263 INFO  k.co.seoulit.common.aop.LoggerAspect - Controller  : kr.co.seoulit.reception.controller.EmergencyReceptionController.getEmergencyReceptions()종료
2026-03-04 09:39:04.894 INFO  k.co.seoulit.common.aop.LoggerAspect - Controller  : kr.co.seoulit.reception.controller.ReceptionController.getReceptions()시작
2026-03-04 09:39:04.894 INFO  k.c.s.r.c.ReceptionController - Reception list request: searchType=null, searchValue=null
2026-03-04 09:39:04.900 INFO  k.co.seoulit.common.aop.LoggerAspect - ServiceImpl  : kr.co.seoulit.reception.service.ReceptionServiceImpl.getReceptionList()시작
2026-03-04 09:39:04.949 INFO  k.co.seoulit.common.aop.LoggerAspect - ServiceImpl  : kr.co.seoulit.reception.service.ReceptionServiceImpl.getReceptionList()종료
2026-03-04 09:39:04.955 INFO  k.co.seoulit.common.aop.LoggerAspect - Controller  : kr.co.seoulit.reception.controller.ReceptionController.getReceptions()종료
2026-03-04 09:39:04.969 INFO  k.co.seoulit.common.aop.LoggerAspect - Controller  : kr.co.seoulit.reception.controller.ReceptionController.getReceptions()시작
2026-03-04 09:39:04.970 INFO  k.c.s.r.c.ReceptionController - Reception list request: searchType=null, searchValue=null
2026-03-04 09:39:04.970 INFO  k.co.seoulit.common.aop.LoggerAspect - ServiceImpl  : kr.co.seoulit.reception.service.ReceptionServiceImpl.getReceptionList()시작
2026-03-04 09:39:05.018 INFO  k.co.seoulit.common.aop.LoggerAspect - ServiceImpl  : kr.co.seoulit.reception.service.ReceptionServiceImpl.getReceptionList()종료
2026-03-04 09:39:05.023 INFO  k.co.seoulit.common.aop.LoggerAspect - Controller  : kr.co.seoulit.reception.controller.ReceptionController.getReceptions()종료
2026-03-04 09:39:22.824 INFO  k.co.seoulit.common.aop.LoggerAspect - Controller  : kr.co.seoulit.reception.controller.ReceptionController.getReceptions()시작
2026-03-04 09:39:22.824 INFO  k.c.s.r.c.ReceptionController - Reception list request: searchType=null, searchValue=null
2026-03-04 09:39:22.835 INFO  k.co.seoulit.common.aop.LoggerAspect - ServiceImpl  : kr.co.seoulit.reception.service.ReceptionServiceImpl.getReceptionList()시작
2026-03-04 09:39:22.899 INFO  k.co.seoulit.common.aop.LoggerAspect - ServiceImpl  : kr.co.seoulit.reception.service.ReceptionServiceImpl.getReceptionList()종료
2026-03-04 09:39:22.904 INFO  k.co.seoulit.common.aop.LoggerAspect - Controller  : kr.co.seoulit.reception.controller.ReceptionController.getReceptions()종료
2026-03-04 09:39:22.924 INFO  k.co.seoulit.common.aop.LoggerAspect - Controller  : kr.co.seoulit.reception.controller.ReceptionController.getReceptions()시작
2026-03-04 09:39:22.925 INFO  k.c.s.r.c.ReceptionController - Reception list request: searchType=null, searchValue=null
2026-03-04 09:39:22.934 INFO  k.co.seoulit.common.aop.LoggerAspect - ServiceImpl  : kr.co.seoulit.reception.service.ReceptionServiceImpl.getReceptionList()시작
2026-03-04 09:39:22.990 INFO  k.co.seoulit.common.aop.LoggerAspect - ServiceImpl  : kr.co.seoulit.reception.service.ReceptionServiceImpl.getReceptionList()종료
2026-03-04 09:39:22.996 INFO  k.co.seoulit.common.aop.LoggerAspect - Controller  : kr.co.seoulit.reception.controller.ReceptionController.getReceptions()종료
2026-03-04 09:39:29.215 INFO  k.co.seoulit.common.aop.LoggerAspect - Controller  : kr.co.seoulit.reception.controller.EmergencyReceptionController.getEmergencyReceptions()시작
2026-03-04 09:39:29.215 INFO  k.c.s.r.c.EmergencyReceptionController - 응급 접수 목록 요청: searchType=null, searchValue=null
2026-03-04 09:39:29.226 INFO  k.co.seoulit.common.aop.LoggerAspect - ServiceImpl  : kr.co.seoulit.reception.service.EmergencyReceptionServiceImpl.getEmergencyReceptionList()시작
2026-03-04 09:39:29.247 INFO  k.co.seoulit.common.aop.LoggerAspect - ServiceImpl  : kr.co.seoulit.reception.service.EmergencyReceptionServiceImpl.getEmergencyReceptionList()종료
2026-03-04 09:39:29.256 INFO  k.co.seoulit.common.aop.LoggerAspect - Controller  : kr.co.seoulit.reception.controller.EmergencyReceptionController.getEmergencyReceptions()종료
2026-03-04 09:39:53.809 INFO  k.co.seoulit.common.aop.LoggerAspect - Controller  : kr.co.seoulit.reception.controller.ReceptionController.getReceptions()시작
2026-03-04 09:39:53.810 INFO  k.c.s.r.c.ReceptionController - Reception list request: searchType=null, searchValue=null
2026-03-04 09:39:53.828 INFO  k.co.seoulit.common.aop.LoggerAspect - ServiceImpl  : kr.co.seoulit.reception.service.ReceptionServiceImpl.getReceptionList()시작
2026-03-04 09:39:53.944 INFO  k.co.seoulit.common.aop.LoggerAspect - ServiceImpl  : kr.co.seoulit.reception.service.ReceptionServiceImpl.getReceptionList()종료
2026-03-04 09:39:53.959 INFO  k.co.seoulit.common.aop.LoggerAspect - Controller  : kr.co.seoulit.reception.controller.ReceptionController.getReceptions()종료
2026-03-04 09:39:53.974 INFO  k.co.seoulit.common.aop.LoggerAspect - Controller  : kr.co.seoulit.reception.controller.ReceptionController.getReceptions()시작
2026-03-04 09:39:53.975 INFO  k.c.s.r.c.ReceptionController - Reception list request: searchType=null, searchValue=null
2026-03-04 09:39:53.975 INFO  k.co.seoulit.common.aop.LoggerAspect - ServiceImpl  : kr.co.seoulit.reception.service.ReceptionServiceImpl.getReceptionList()시작
2026-03-04 09:39:54.056 INFO  k.co.seoulit.common.aop.LoggerAspect - ServiceImpl  : kr.co.seoulit.reception.service.ReceptionServiceImpl.getReceptionList()종료
2026-03-04 09:39:54.085 INFO  k.co.seoulit.common.aop.LoggerAspect - Controller  : kr.co.seoulit.reception.controller.ReceptionController.getReceptions()종료
2026-03-04 09:40:19.422 INFO  k.co.seoulit.common.aop.LoggerAspect - Controller  : kr.co.seoulit.reception.controller.ReceptionController.getReceptions()시작
2026-03-04 09:40:19.422 INFO  k.c.s.r.c.ReceptionController - Reception list request: searchType=null, searchValue=null
2026-03-04 09:40:19.432 INFO  k.co.seoulit.common.aop.LoggerAspect - ServiceImpl  : kr.co.seoulit.reception.service.ReceptionServiceImpl.getReceptionList()시작
2026-03-04 09:40:19.541 INFO  k.co.seoulit.common.aop.LoggerAspect - ServiceImpl  : kr.co.seoulit.reception.service.ReceptionServiceImpl.getReceptionList()종료
2026-03-04 09:40:19.552 INFO  k.co.seoulit.common.aop.LoggerAspect - Controller  : kr.co.seoulit.reception.controller.ReceptionController.getReceptions()종료
2026-03-04 09:40:19.575 INFO  k.co.seoulit.common.aop.LoggerAspect - Controller  : kr.co.seoulit.reception.controller.ReceptionController.getReceptions()시작
2026-03-04 09:40:19.575 INFO  k.c.s.r.c.ReceptionController - Reception list request: searchType=null, searchValue=null
2026-03-04 09:40:19.575 INFO  k.co.seoulit.common.aop.LoggerAspect - ServiceImpl  : kr.co.seoulit.reception.service.ReceptionServiceImpl.getReceptionList()시작
2026-03-04 09:40:19.648 INFO  k.co.seoulit.common.aop.LoggerAspect - ServiceImpl  : kr.co.seoulit.reception.service.ReceptionServiceImpl.getReceptionList()종료
2026-03-04 09:40:19.658 INFO  k.co.seoulit.common.aop.LoggerAspect - Controller  : kr.co.seoulit.reception.controller.ReceptionController.getReceptions()종료
2026-03-04 09:40:30.526 INFO  k.co.seoulit.common.aop.LoggerAspect - Controller  : kr.co.seoulit.reception.controller.EmergencyReceptionController.getEmergencyReceptions()시작
2026-03-04 09:40:30.527 INFO  k.c.s.r.c.EmergencyReceptionController - 응급 접수 목록 요청: searchType=null, searchValue=null
2026-03-04 09:40:30.534 INFO  k.co.seoulit.common.aop.LoggerAspect - ServiceImpl  : kr.co.seoulit.reception.service.EmergencyReceptionServiceImpl.getEmergencyReceptionList()시작
2026-03-04 09:40:30.549 INFO  k.co.seoulit.common.aop.LoggerAspect - ServiceImpl  : kr.co.seoulit.reception.service.EmergencyReceptionServiceImpl.getEmergencyReceptionList()종료
2026-03-04 09:40:30.555 INFO  k.co.seoulit.common.aop.LoggerAspect - Controller  : kr.co.seoulit.reception.controller.EmergencyReceptionController.getEmergencyReceptions()종료
2026-03-04 09:40:30.561 INFO  k.co.seoulit.common.aop.LoggerAspect - Controller  : kr.co.seoulit.reception.controller.EmergencyReceptionController.getEmergencyReceptions()시작
2026-03-04 09:40:30.561 INFO  k.c.s.r.c.EmergencyReceptionController - 응급 접수 목록 요청: searchType=null, searchValue=null
2026-03-04 09:40:30.561 INFO  k.co.seoulit.common.aop.LoggerAspect - ServiceImpl  : kr.co.seoulit.reception.service.EmergencyReceptionServiceImpl.getEmergencyReceptionList()시작
2026-03-04 09:40:30.575 INFO  k.co.seoulit.common.aop.LoggerAspect - ServiceImpl  : kr.co.seoulit.reception.service.EmergencyReceptionServiceImpl.getEmergencyReceptionList()종료
2026-03-04 09:40:30.579 INFO  k.co.seoulit.common.aop.LoggerAspect - Controller  : kr.co.seoulit.reception.controller.EmergencyReceptionController.getEmergencyReceptions()종료
2026-03-04 09:40:36.335 INFO  k.co.seoulit.common.aop.LoggerAspect - Controller  : kr.co.seoulit.reception.controller.ReceptionController.getReceptions()시작
2026-03-04 09:40:36.335 INFO  k.c.s.r.c.ReceptionController - Reception list request: searchType=null, searchValue=null
2026-03-04 09:40:36.343 INFO  k.co.seoulit.common.aop.LoggerAspect - ServiceImpl  : kr.co.seoulit.reception.service.ReceptionServiceImpl.getReceptionList()시작
2026-03-04 09:40:36.388 INFO  k.co.seoulit.common.aop.LoggerAspect - ServiceImpl  : kr.co.seoulit.reception.service.ReceptionServiceImpl.getReceptionList()종료
2026-03-04 09:40:36.394 INFO  k.co.seoulit.common.aop.LoggerAspect - Controller  : kr.co.seoulit.reception.controller.ReceptionController.getReceptions()종료
2026-03-04 09:40:36.404 INFO  k.co.seoulit.common.aop.LoggerAspect - Controller  : kr.co.seoulit.reception.controller.ReceptionController.getReceptions()시작
2026-03-04 09:40:36.404 INFO  k.c.s.r.c.ReceptionController - Reception list request: searchType=null, searchValue=null
2026-03-04 09:40:36.404 INFO  k.co.seoulit.common.aop.LoggerAspect - ServiceImpl  : kr.co.seoulit.reception.service.ReceptionServiceImpl.getReceptionList()시작
2026-03-04 09:40:36.448 INFO  k.co.seoulit.common.aop.LoggerAspect - ServiceImpl  : kr.co.seoulit.reception.service.ReceptionServiceImpl.getReceptionList()종료
2026-03-04 09:40:36.454 INFO  k.co.seoulit.common.aop.LoggerAspect - Controller  : kr.co.seoulit.reception.controller.ReceptionController.getReceptions()종료
2026-03-04 09:40:38.633 INFO  k.co.seoulit.common.aop.LoggerAspect - Controller  : kr.co.seoulit.reception.controller.ReservationController.getReservations()시작
2026-03-04 09:40:38.637 INFO  k.c.s.r.c.ReservationController - 예약 목록 요청: searchType=null, searchValue=null
2026-03-04 09:40:38.641 INFO  k.co.seoulit.common.aop.LoggerAspect - Controller  : kr.co.seoulit.reception.controller.ReceptionController.getReceptions()시작
2026-03-04 09:40:38.642 INFO  k.c.s.r.c.ReceptionController - Reception list request: searchType=null, searchValue=null
2026-03-04 09:40:38.652 INFO  k.co.seoulit.common.aop.LoggerAspect - ServiceImpl  : kr.co.seoulit.reception.service.ReceptionServiceImpl.getReceptionList()시작
2026-03-04 09:40:38.655 INFO  k.co.seoulit.common.aop.LoggerAspect - ServiceImpl  : kr.co.seoulit.reception.service.ReservationServiceImpl.getReservationList()시작
2026-03-04 09:40:38.678 INFO  k.co.seoulit.common.aop.LoggerAspect - ServiceImpl  : kr.co.seoulit.reception.service.ReservationServiceImpl.getReservationList()종료
2026-03-04 09:40:38.688 INFO  k.co.seoulit.common.aop.LoggerAspect - Controller  : kr.co.seoulit.reception.controller.ReservationController.getReservations()종료
2026-03-04 09:40:38.708 INFO  k.co.seoulit.common.aop.LoggerAspect - ServiceImpl  : kr.co.seoulit.reception.service.ReceptionServiceImpl.getReceptionList()종료
2026-03-04 09:40:38.713 INFO  k.co.seoulit.common.aop.LoggerAspect - Controller  : kr.co.seoulit.reception.controller.ReceptionController.getReceptions()종료
2026-03-04 09:40:38.719 INFO  k.co.seoulit.common.aop.LoggerAspect - Controller  : kr.co.seoulit.reception.controller.ReceptionController.getReceptions()시작
2026-03-04 09:40:38.720 INFO  k.c.s.r.c.ReceptionController - Reception list request: searchType=null, searchValue=null
2026-03-04 09:40:38.720 INFO  k.co.seoulit.common.aop.LoggerAspect - ServiceImpl  : kr.co.seoulit.reception.service.ReceptionServiceImpl.getReceptionList()시작
2026-03-04 09:40:38.771 INFO  k.co.seoulit.common.aop.LoggerAspect - ServiceImpl  : kr.co.seoulit.reception.service.ReceptionServiceImpl.getReceptionList()종료
2026-03-04 09:40:38.780 INFO  k.co.seoulit.common.aop.LoggerAspect - Controller  : kr.co.seoulit.reception.controller.ReceptionController.getReceptions()종료
2026-03-04 09:40:38.784 INFO  k.co.seoulit.common.aop.LoggerAspect - Controller  : kr.co.seoulit.reception.controller.ReceptionController.getReceptions()시작
2026-03-04 09:40:38.784 INFO  k.c.s.r.c.ReceptionController - Reception list request: searchType=null, searchValue=null
2026-03-04 09:40:38.785 INFO  k.co.seoulit.common.aop.LoggerAspect - ServiceImpl  : kr.co.seoulit.reception.service.ReceptionServiceImpl.getReceptionList()시작
2026-03-04 09:40:38.849 INFO  k.co.seoulit.common.aop.LoggerAspect - ServiceImpl  : kr.co.seoulit.reception.service.ReceptionServiceImpl.getReceptionList()종료
2026-03-04 09:40:38.856 INFO  k.co.seoulit.common.aop.LoggerAspect - Controller  : kr.co.seoulit.reception.controller.ReceptionController.getReceptions()종료
2026-03-04 09:40:38.998 INFO  k.co.seoulit.common.aop.LoggerAspect - Controller  : kr.co.seoulit.reception.controller.ReceptionController.getReception()시작
2026-03-04 09:40:38.998 INFO  k.c.s.r.c.ReceptionController - Get reception request: id=54
2026-03-04 09:40:38.999 INFO  k.co.seoulit.common.aop.LoggerAspect - ServiceImpl  : kr.co.seoulit.reception.service.ReceptionServiceImpl.getReception()시작
2026-03-04 09:40:38.999 DEBUG org.hibernate.SQL - select re1_0.reception_id,re1_0.arrived_at,re1_0.cancel_reason_code,re1_0.cancel_reason_text,re1_0.created_at,re1_0.created_by,re1_0.department_id,re1_0.department_name,re1_0.doctor_id,re1_0.doctor_name,re1_0.hold_reason_code,re1_0.hold_reason_text,re1_0.inactive_at,re1_0.inactive_reason_code,re1_0.inactive_reason_text,re1_0.is_active,re1_0.note,re1_0.patient_id,re1_0.patient_name,re1_0.reception_no,re1_0.reservation_id,re1_0.scheduled_at,re1_0.status,re1_0.updated_at,re1_0.updated_by,re1_0.visit_type from reception re1_0 where re1_0.reception_id=?
2026-03-04 09:40:39.000 TRACE org.hibernate.orm.jdbc.bind - binding parameter (1:BIGINT) <- [54]
2026-03-04 09:40:39.010 INFO  k.co.seoulit.common.aop.LoggerAspect - kr.co.seoulit.reception.mapstruct.ReceptionResMapStructImpl.toDto()시작
2026-03-04 09:40:39.010 INFO  k.co.seoulit.common.aop.LoggerAspect - kr.co.seoulit.reception.mapstruct.ReceptionResMapStructImpl.toDto()종료
2026-03-04 09:40:39.010 INFO  k.co.seoulit.common.aop.LoggerAspect - ServiceImpl  : kr.co.seoulit.reception.service.ReceptionServiceImpl.getReception()종료
2026-03-04 09:40:39.017 INFO  k.co.seoulit.common.aop.LoggerAspect - Controller  : kr.co.seoulit.reception.controller.ReceptionController.getReception()종료
2026-03-04 09:43:05.531 INFO  k.co.seoulit.common.aop.LoggerAspect - Controller  : kr.co.seoulit.reception.controller.ReceptionController.getReceptions()시작
2026-03-04 09:43:05.532 INFO  k.c.s.r.c.ReceptionController - Reception list request: searchType=null, searchValue=null
2026-03-04 09:43:05.541 INFO  k.co.seoulit.common.aop.LoggerAspect - ServiceImpl  : kr.co.seoulit.reception.service.ReceptionServiceImpl.getReceptionList()시작
2026-03-04 09:43:05.613 INFO  k.co.seoulit.common.aop.LoggerAspect - ServiceImpl  : kr.co.seoulit.reception.service.ReceptionServiceImpl.getReceptionList()종료
2026-03-04 09:43:05.623 INFO  k.co.seoulit.common.aop.LoggerAspect - Controller  : kr.co.seoulit.reception.controller.ReceptionController.getReceptions()종료
2026-03-04 09:43:05.649 INFO  k.co.seoulit.common.aop.LoggerAspect - Controller  : kr.co.seoulit.reception.controller.ReceptionController.getReceptions()시작
2026-03-04 09:43:05.650 INFO  k.c.s.r.c.ReceptionController - Reception list request: searchType=null, searchValue=null
2026-03-04 09:43:05.650 INFO  k.co.seoulit.common.aop.LoggerAspect - ServiceImpl  : kr.co.seoulit.reception.service.ReceptionServiceImpl.getReceptionList()시작
2026-03-04 09:43:05.710 INFO  k.co.seoulit.common.aop.LoggerAspect - ServiceImpl  : kr.co.seoulit.reception.service.ReceptionServiceImpl.getReceptionList()종료
2026-03-04 09:43:05.718 INFO  k.co.seoulit.common.aop.LoggerAspect - Controller  : kr.co.seoulit.reception.controller.ReceptionController.getReceptions()종료
2026-03-04 09:43:50.533 INFO  k.co.seoulit.common.aop.LoggerAspect - Controller  : kr.co.seoulit.reception.controller.ReceptionController.getStatusHistory()시작
2026-03-04 09:43:50.554 INFO  k.co.seoulit.common.aop.LoggerAspect - Controller  : kr.co.seoulit.reception.controller.ReceptionController.getReception()시작
2026-03-04 09:43:50.554 INFO  k.c.s.r.c.ReceptionController - Get reception request: id=60
2026-03-04 09:43:50.592 INFO  k.co.seoulit.common.aop.LoggerAspect - ServiceImpl  : kr.co.seoulit.reception.service.ReceptionServiceImpl.getReceptionStatusHistory()시작
2026-03-04 09:43:50.617 DEBUG org.hibernate.SQL - select rshe1_0.status_history_id,rshe1_0.changed_at,rshe1_0.changed_by,rshe1_0.from_status,rshe1_0.reason_code,rshe1_0.reason_text,rshe1_0.reception_id,rshe1_0.to_status from reception_status_history rshe1_0 where rshe1_0.reception_id=? order by rshe1_0.changed_at
2026-03-04 09:43:50.617 TRACE org.hibernate.orm.jdbc.bind - binding parameter (1:BIGINT) <- [60]
2026-03-04 09:43:50.625 INFO  k.co.seoulit.common.aop.LoggerAspect - ServiceImpl  : kr.co.seoulit.reception.service.ReceptionServiceImpl.getReception()시작
2026-03-04 09:43:50.626 DEBUG org.hibernate.SQL - select re1_0.reception_id,re1_0.arrived_at,re1_0.cancel_reason_code,re1_0.cancel_reason_text,re1_0.created_at,re1_0.created_by,re1_0.department_id,re1_0.department_name,re1_0.doctor_id,re1_0.doctor_name,re1_0.hold_reason_code,re1_0.hold_reason_text,re1_0.inactive_at,re1_0.inactive_reason_code,re1_0.inactive_reason_text,re1_0.is_active,re1_0.note,re1_0.patient_id,re1_0.patient_name,re1_0.reception_no,re1_0.reservation_id,re1_0.scheduled_at,re1_0.status,re1_0.updated_at,re1_0.updated_by,re1_0.visit_type from reception re1_0 where re1_0.reception_id=?
2026-03-04 09:43:50.628 TRACE org.hibernate.orm.jdbc.bind - binding parameter (1:BIGINT) <- [60]
2026-03-04 09:43:50.629 INFO  k.co.seoulit.common.aop.LoggerAspect - ServiceImpl  : kr.co.seoulit.reception.service.ReceptionServiceImpl.getReceptionStatusHistory()종료
2026-03-04 09:43:50.633 DEBUG org.hibernate.SQL - select ale1_0.audit_log_id,ale1_0.action,ale1_0.actor_id,ale1_0.after_json,ale1_0.before_json,ale1_0.diff_json,ale1_0.entity_id,ale1_0.entity_type,ale1_0.occurred_at,ale1_0.reason_code,ale1_0.reason_text from audit_log ale1_0 where ale1_0.entity_type=? and ale1_0.entity_id=? order by ale1_0.occurred_at desc
2026-03-04 09:43:50.633 TRACE org.hibernate.orm.jdbc.bind - binding parameter (1:VARCHAR) <- [RECEPTION]
2026-03-04 09:43:50.633 TRACE org.hibernate.orm.jdbc.bind - binding parameter (2:BIGINT) <- [60]
2026-03-04 09:43:50.635 INFO  k.co.seoulit.common.aop.LoggerAspect - Controller  : kr.co.seoulit.reception.controller.ReceptionController.getStatusHistory()종료
2026-03-04 09:43:50.643 INFO  k.co.seoulit.common.aop.LoggerAspect - kr.co.seoulit.reception.mapstruct.ReceptionResMapStructImpl.toDto()시작
2026-03-04 09:43:50.643 INFO  k.co.seoulit.common.aop.LoggerAspect - kr.co.seoulit.reception.mapstruct.ReceptionResMapStructImpl.toDto()종료
2026-03-04 09:43:50.643 INFO  k.co.seoulit.common.aop.LoggerAspect - ServiceImpl  : kr.co.seoulit.reception.service.ReceptionServiceImpl.getReception()종료
2026-03-04 09:43:50.645 INFO  k.co.seoulit.common.aop.LoggerAspect - Controller  : kr.co.seoulit.reception.controller.ReceptionController.getStatusHistory()시작
2026-03-04 09:43:50.645 INFO  k.co.seoulit.common.aop.LoggerAspect - ServiceImpl  : kr.co.seoulit.reception.service.ReceptionServiceImpl.getReceptionStatusHistory()시작
2026-03-04 09:43:50.649 DEBUG org.hibernate.SQL - select rshe1_0.status_history_id,rshe1_0.changed_at,rshe1_0.changed_by,rshe1_0.from_status,rshe1_0.reason_code,rshe1_0.reason_text,rshe1_0.reception_id,rshe1_0.to_status from reception_status_history rshe1_0 where rshe1_0.reception_id=? order by rshe1_0.changed_at
2026-03-04 09:43:50.649 TRACE org.hibernate.orm.jdbc.bind - binding parameter (1:BIGINT) <- [60]
2026-03-04 09:43:50.654 INFO  k.co.seoulit.common.aop.LoggerAspect - Controller  : kr.co.seoulit.reception.controller.ReceptionController.getReception()종료
2026-03-04 09:43:50.657 INFO  k.co.seoulit.common.aop.LoggerAspect - ServiceImpl  : kr.co.seoulit.reception.service.ReceptionServiceImpl.getReceptionStatusHistory()종료
2026-03-04 09:43:50.662 INFO  k.co.seoulit.common.aop.LoggerAspect - Controller  : kr.co.seoulit.reception.controller.ReceptionController.getReception()시작
2026-03-04 09:43:50.663 INFO  k.c.s.r.c.ReceptionController - Get reception request: id=60
2026-03-04 09:43:50.663 INFO  k.co.seoulit.common.aop.LoggerAspect - ServiceImpl  : kr.co.seoulit.reception.service.ReceptionServiceImpl.getReception()시작
2026-03-04 09:43:50.665 INFO  k.co.seoulit.common.aop.LoggerAspect - Controller  : kr.co.seoulit.reception.controller.ReceptionController.getStatusHistory()종료
2026-03-04 09:43:50.666 DEBUG org.hibernate.SQL - select re1_0.reception_id,re1_0.arrived_at,re1_0.cancel_reason_code,re1_0.cancel_reason_text,re1_0.created_at,re1_0.created_by,re1_0.department_id,re1_0.department_name,re1_0.doctor_id,re1_0.doctor_name,re1_0.hold_reason_code,re1_0.hold_reason_text,re1_0.inactive_at,re1_0.inactive_reason_code,re1_0.inactive_reason_text,re1_0.is_active,re1_0.note,re1_0.patient_id,re1_0.patient_name,re1_0.reception_no,re1_0.reservation_id,re1_0.scheduled_at,re1_0.status,re1_0.updated_at,re1_0.updated_by,re1_0.visit_type from reception re1_0 where re1_0.reception_id=?
2026-03-04 09:43:50.667 TRACE org.hibernate.orm.jdbc.bind - binding parameter (1:BIGINT) <- [60]
2026-03-04 09:43:50.678 INFO  k.co.seoulit.common.aop.LoggerAspect - kr.co.seoulit.reception.mapstruct.ReceptionResMapStructImpl.toDto()시작
2026-03-04 09:43:50.679 INFO  k.co.seoulit.common.aop.LoggerAspect - kr.co.seoulit.reception.mapstruct.ReceptionResMapStructImpl.toDto()종료
2026-03-04 09:43:50.679 INFO  k.co.seoulit.common.aop.LoggerAspect - ServiceImpl  : kr.co.seoulit.reception.service.ReceptionServiceImpl.getReception()종료
2026-03-04 09:43:50.691 DEBUG org.hibernate.SQL - select ale1_0.audit_log_id,ale1_0.action,ale1_0.actor_id,ale1_0.after_json,ale1_0.before_json,ale1_0.diff_json,ale1_0.entity_id,ale1_0.entity_type,ale1_0.occurred_at,ale1_0.reason_code,ale1_0.reason_text from audit_log ale1_0 where ale1_0.entity_type=? and ale1_0.entity_id=? order by ale1_0.occurred_at desc
2026-03-04 09:43:50.694 INFO  k.co.seoulit.common.aop.LoggerAspect - Controller  : kr.co.seoulit.reception.controller.ReceptionController.getReception()종료
2026-03-04 09:43:50.698 TRACE org.hibernate.orm.jdbc.bind - binding parameter (1:VARCHAR) <- [RECEPTION]
2026-03-04 09:43:50.700 TRACE org.hibernate.orm.jdbc.bind - binding parameter (2:BIGINT) <- [60]
2026-03-04 09:43:55.333 INFO  k.co.seoulit.common.aop.LoggerAspect - Controller  : kr.co.seoulit.reception.controller.ReservationController.getReservations()시작
2026-03-04 09:43:55.333 INFO  k.co.seoulit.common.aop.LoggerAspect - Controller  : kr.co.seoulit.reception.controller.ReceptionController.getReceptions()시작
2026-03-04 09:43:55.334 INFO  k.c.s.r.c.ReservationController - 예약 목록 요청: searchType=null, searchValue=null
2026-03-04 09:43:55.334 INFO  k.c.s.r.c.ReceptionController - Reception list request: searchType=null, searchValue=null
2026-03-04 09:43:55.356 INFO  k.co.seoulit.common.aop.LoggerAspect - ServiceImpl  : kr.co.seoulit.reception.service.ReceptionServiceImpl.getReceptionList()시작
2026-03-04 09:43:55.356 INFO  k.co.seoulit.common.aop.LoggerAspect - ServiceImpl  : kr.co.seoulit.reception.service.ReservationServiceImpl.getReservationList()시작
2026-03-04 09:43:55.399 INFO  k.co.seoulit.common.aop.LoggerAspect - ServiceImpl  : kr.co.seoulit.reception.service.ReservationServiceImpl.getReservationList()종료
2026-03-04 09:43:55.406 INFO  k.co.seoulit.common.aop.LoggerAspect - Controller  : kr.co.seoulit.reception.controller.ReservationController.getReservations()종료
2026-03-04 09:43:55.430 INFO  k.co.seoulit.common.aop.LoggerAspect - ServiceImpl  : kr.co.seoulit.reception.service.ReceptionServiceImpl.getReceptionList()종료
2026-03-04 09:43:55.438 INFO  k.co.seoulit.common.aop.LoggerAspect - Controller  : kr.co.seoulit.reception.controller.ReceptionController.getReceptions()종료
2026-03-04 09:43:55.457 INFO  k.co.seoulit.common.aop.LoggerAspect - Controller  : kr.co.seoulit.reception.controller.ReceptionController.getReceptions()시작
2026-03-04 09:43:55.457 INFO  k.c.s.r.c.ReceptionController - Reception list request: searchType=null, searchValue=null
2026-03-04 09:43:55.458 INFO  k.co.seoulit.common.aop.LoggerAspect - ServiceImpl  : kr.co.seoulit.reception.service.ReceptionServiceImpl.getReceptionList()시작
2026-03-04 09:43:55.541 INFO  k.co.seoulit.common.aop.LoggerAspect - ServiceImpl  : kr.co.seoulit.reception.service.ReceptionServiceImpl.getReceptionList()종료
2026-03-04 09:43:55.551 INFO  k.co.seoulit.common.aop.LoggerAspect - Controller  : kr.co.seoulit.reception.controller.ReceptionController.getReceptions()종료
2026-03-04 09:43:55.561 INFO  k.co.seoulit.common.aop.LoggerAspect - Controller  : kr.co.seoulit.reception.controller.ReceptionController.getReceptions()시작
2026-03-04 09:43:55.562 INFO  k.c.s.r.c.ReceptionController - Reception list request: searchType=null, searchValue=null
2026-03-04 09:43:55.562 INFO  k.co.seoulit.common.aop.LoggerAspect - ServiceImpl  : kr.co.seoulit.reception.service.ReceptionServiceImpl.getReceptionList()시작
2026-03-04 09:43:55.640 INFO  k.co.seoulit.common.aop.LoggerAspect - ServiceImpl  : kr.co.seoulit.reception.service.ReceptionServiceImpl.getReceptionList()종료
2026-03-04 09:43:55.653 INFO  k.co.seoulit.common.aop.LoggerAspect - Controller  : kr.co.seoulit.reception.controller.ReceptionController.getReceptions()종료
2026-03-04 09:43:58.817 INFO  k.co.seoulit.common.aop.LoggerAspect - Controller  : kr.co.seoulit.reception.controller.ReceptionController.getReception()시작
2026-03-04 09:43:58.817 INFO  k.c.s.r.c.ReceptionController - Get reception request: id=59
2026-03-04 09:43:58.826 INFO  k.co.seoulit.common.aop.LoggerAspect - ServiceImpl  : kr.co.seoulit.reception.service.ReceptionServiceImpl.getReception()시작
2026-03-04 09:43:58.827 DEBUG org.hibernate.SQL - select re1_0.reception_id,re1_0.arrived_at,re1_0.cancel_reason_code,re1_0.cancel_reason_text,re1_0.created_at,re1_0.created_by,re1_0.department_id,re1_0.department_name,re1_0.doctor_id,re1_0.doctor_name,re1_0.hold_reason_code,re1_0.hold_reason_text,re1_0.inactive_at,re1_0.inactive_reason_code,re1_0.inactive_reason_text,re1_0.is_active,re1_0.note,re1_0.patient_id,re1_0.patient_name,re1_0.reception_no,re1_0.reservation_id,re1_0.scheduled_at,re1_0.status,re1_0.updated_at,re1_0.updated_by,re1_0.visit_type from reception re1_0 where re1_0.reception_id=?
2026-03-04 09:43:58.828 TRACE org.hibernate.orm.jdbc.bind - binding parameter (1:BIGINT) <- [59]
2026-03-04 09:43:58.838 INFO  k.co.seoulit.common.aop.LoggerAspect - kr.co.seoulit.reception.mapstruct.ReceptionResMapStructImpl.toDto()시작
2026-03-04 09:43:58.838 INFO  k.co.seoulit.common.aop.LoggerAspect - kr.co.seoulit.reception.mapstruct.ReceptionResMapStructImpl.toDto()종료
2026-03-04 09:43:58.838 INFO  k.co.seoulit.common.aop.LoggerAspect - ServiceImpl  : kr.co.seoulit.reception.service.ReceptionServiceImpl.getReception()종료
2026-03-04 09:43:58.846 INFO  k.co.seoulit.common.aop.LoggerAspect - Controller  : kr.co.seoulit.reception.controller.ReceptionController.getReception()종료
2026-03-04 09:44:00.210 INFO  k.co.seoulit.common.aop.LoggerAspect - Controller  : kr.co.seoulit.reception.controller.ReceptionController.getReception()시작
2026-03-04 09:44:00.210 INFO  k.c.s.r.c.ReceptionController - Get reception request: id=58
2026-03-04 09:44:00.220 INFO  k.co.seoulit.common.aop.LoggerAspect - ServiceImpl  : kr.co.seoulit.reception.service.ReceptionServiceImpl.getReception()시작
2026-03-04 09:44:00.222 DEBUG org.hibernate.SQL - select re1_0.reception_id,re1_0.arrived_at,re1_0.cancel_reason_code,re1_0.cancel_reason_text,re1_0.created_at,re1_0.created_by,re1_0.department_id,re1_0.department_name,re1_0.doctor_id,re1_0.doctor_name,re1_0.hold_reason_code,re1_0.hold_reason_text,re1_0.inactive_at,re1_0.inactive_reason_code,re1_0.inactive_reason_text,re1_0.is_active,re1_0.note,re1_0.patient_id,re1_0.patient_name,re1_0.reception_no,re1_0.reservation_id,re1_0.scheduled_at,re1_0.status,re1_0.updated_at,re1_0.updated_by,re1_0.visit_type from reception re1_0 where re1_0.reception_id=?
2026-03-04 09:44:00.222 TRACE org.hibernate.orm.jdbc.bind - binding parameter (1:BIGINT) <- [58]
2026-03-04 09:44:00.236 INFO  k.co.seoulit.common.aop.LoggerAspect - kr.co.seoulit.reception.mapstruct.ReceptionResMapStructImpl.toDto()시작
2026-03-04 09:44:00.237 INFO  k.co.seoulit.common.aop.LoggerAspect - kr.co.seoulit.reception.mapstruct.ReceptionResMapStructImpl.toDto()종료
2026-03-04 09:44:00.237 INFO  k.co.seoulit.common.aop.LoggerAspect - ServiceImpl  : kr.co.seoulit.reception.service.ReceptionServiceImpl.getReception()종료
2026-03-04 09:44:00.244 INFO  k.co.seoulit.common.aop.LoggerAspect - Controller  : kr.co.seoulit.reception.controller.ReceptionController.getReception()종료
2026-03-04 09:52:05.503 INFO  k.co.seoulit.common.aop.LoggerAspect - Controller  : kr.co.seoulit.reception.controller.ReservationController.getReservations()시작
2026-03-04 09:52:05.504 INFO  k.c.s.r.c.ReservationController - 예약 목록 요청: searchType=null, searchValue=null
2026-03-04 09:52:05.511 INFO  k.co.seoulit.common.aop.LoggerAspect - ServiceImpl  : kr.co.seoulit.reception.service.ReservationServiceImpl.getReservationList()시작
2026-03-04 09:52:05.531 INFO  k.co.seoulit.common.aop.LoggerAspect - ServiceImpl  : kr.co.seoulit.reception.service.ReservationServiceImpl.getReservationList()종료
2026-03-04 09:52:05.538 INFO  k.co.seoulit.common.aop.LoggerAspect - Controller  : kr.co.seoulit.reception.controller.ReservationController.getReservations()종료
2026-03-04 09:52:20.862 INFO  k.co.seoulit.common.aop.LoggerAspect - Controller  : kr.co.seoulit.reception.controller.ReservationController.getReservations()시작
2026-03-04 09:52:20.863 INFO  k.c.s.r.c.ReservationController - 예약 목록 요청: searchType=null, searchValue=null
2026-03-04 09:52:20.871 INFO  k.co.seoulit.common.aop.LoggerAspect - ServiceImpl  : kr.co.seoulit.reception.service.ReservationServiceImpl.getReservationList()시작
2026-03-04 09:52:20.888 INFO  k.co.seoulit.common.aop.LoggerAspect - ServiceImpl  : kr.co.seoulit.reception.service.ReservationServiceImpl.getReservationList()종료
2026-03-04 09:52:20.893 INFO  k.co.seoulit.common.aop.LoggerAspect - Controller  : kr.co.seoulit.reception.controller.ReservationController.getReservations()종료
2026-03-04 09:52:20.901 INFO  k.co.seoulit.common.aop.LoggerAspect - Controller  : kr.co.seoulit.reception.controller.ReservationController.getReservations()시작
2026-03-04 09:52:20.901 INFO  k.c.s.r.c.ReservationController - 예약 목록 요청: searchType=null, searchValue=null
2026-03-04 09:52:20.901 INFO  k.co.seoulit.common.aop.LoggerAspect - ServiceImpl  : kr.co.seoulit.reception.service.ReservationServiceImpl.getReservationList()시작
2026-03-04 09:52:20.919 INFO  k.co.seoulit.common.aop.LoggerAspect - ServiceImpl  : kr.co.seoulit.reception.service.ReservationServiceImpl.getReservationList()종료
2026-03-04 09:52:20.936 INFO  k.co.seoulit.common.aop.LoggerAspect - Controller  : kr.co.seoulit.reception.controller.ReservationController.getReservations()종료
2026-03-04 09:52:30.671 INFO  k.co.seoulit.common.aop.LoggerAspect - Controller  : kr.co.seoulit.reception.controller.ReservationController.getReservations()시작
2026-03-04 09:52:30.671 INFO  k.c.s.r.c.ReservationController - 예약 목록 요청: searchType=null, searchValue=null
2026-03-04 09:52:30.679 INFO  k.co.seoulit.common.aop.LoggerAspect - ServiceImpl  : kr.co.seoulit.reception.service.ReservationServiceImpl.getReservationList()시작
2026-03-04 09:52:30.696 INFO  k.co.seoulit.common.aop.LoggerAspect - ServiceImpl  : kr.co.seoulit.reception.service.ReservationServiceImpl.getReservationList()종료
2026-03-04 09:52:30.701 INFO  k.co.seoulit.common.aop.LoggerAspect - Controller  : kr.co.seoulit.reception.controller.ReservationController.getReservations()종료
2026-03-04 09:52:30.709 INFO  k.co.seoulit.common.aop.LoggerAspect - Controller  : kr.co.seoulit.reception.controller.ReservationController.getReservations()시작
2026-03-04 09:52:30.709 INFO  k.c.s.r.c.ReservationController - 예약 목록 요청: searchType=null, searchValue=null
2026-03-04 09:52:30.718 INFO  k.co.seoulit.common.aop.LoggerAspect - ServiceImpl  : kr.co.seoulit.reception.service.ReservationServiceImpl.getReservationList()시작
2026-03-04 09:52:30.736 INFO  k.co.seoulit.common.aop.LoggerAspect - ServiceImpl  : kr.co.seoulit.reception.service.ReservationServiceImpl.getReservationList()종료
2026-03-04 09:52:30.742 INFO  k.co.seoulit.common.aop.LoggerAspect - Controller  : kr.co.seoulit.reception.controller.ReservationController.getReservations()종료
2026-03-04 09:56:09.061 INFO  k.co.seoulit.common.aop.LoggerAspect - Controller  : kr.co.seoulit.reception.controller.ReservationController.getReservations()시작
2026-03-04 09:56:09.061 INFO  k.c.s.r.c.ReservationController - 예약 목록 요청: searchType=null, searchValue=null
2026-03-04 09:56:09.069 INFO  k.co.seoulit.common.aop.LoggerAspect - Controller  : kr.co.seoulit.reception.controller.ReceptionController.getReceptions()시작
2026-03-04 09:56:09.071 INFO  k.c.s.r.c.ReceptionController - Reception list request: searchType=null, searchValue=null
2026-03-04 09:56:09.092 INFO  k.co.seoulit.common.aop.LoggerAspect - ServiceImpl  : kr.co.seoulit.reception.service.ReceptionServiceImpl.getReceptionList()시작
2026-03-04 09:56:09.092 INFO  k.co.seoulit.common.aop.LoggerAspect - ServiceImpl  : kr.co.seoulit.reception.service.ReservationServiceImpl.getReservationList()시작
2026-03-04 09:56:09.113 INFO  k.co.seoulit.common.aop.LoggerAspect - ServiceImpl  : kr.co.seoulit.reception.service.ReservationServiceImpl.getReservationList()종료
2026-03-04 09:56:09.122 INFO  k.co.seoulit.common.aop.LoggerAspect - Controller  : kr.co.seoulit.reception.controller.ReservationController.getReservations()종료
2026-03-04 09:56:09.147 INFO  k.co.seoulit.common.aop.LoggerAspect - ServiceImpl  : kr.co.seoulit.reception.service.ReceptionServiceImpl.getReceptionList()종료
2026-03-04 09:56:09.152 INFO  k.co.seoulit.common.aop.LoggerAspect - Controller  : kr.co.seoulit.reception.controller.ReceptionController.getReceptions()종료
2026-03-04 09:56:09.362 INFO  k.co.seoulit.common.aop.LoggerAspect - Controller  : kr.co.seoulit.reception.controller.ReceptionController.getReceptions()시작
2026-03-04 09:56:09.363 INFO  k.c.s.r.c.ReceptionController - Reception list request: searchType=null, searchValue=null
2026-03-04 09:56:09.363 INFO  k.co.seoulit.common.aop.LoggerAspect - ServiceImpl  : kr.co.seoulit.reception.service.ReceptionServiceImpl.getReceptionList()시작
2026-03-04 09:56:09.409 INFO  k.co.seoulit.common.aop.LoggerAspect - ServiceImpl  : kr.co.seoulit.reception.service.ReceptionServiceImpl.getReceptionList()종료
2026-03-04 09:56:09.416 INFO  k.co.seoulit.common.aop.LoggerAspect - Controller  : kr.co.seoulit.reception.controller.ReceptionController.getReceptions()종료
2026-03-04 09:56:30.967 INFO  k.co.seoulit.common.aop.LoggerAspect - Controller  : kr.co.seoulit.reception.controller.ReservationController.getReservations()시작
2026-03-04 09:56:30.967 INFO  k.co.seoulit.common.aop.LoggerAspect - Controller  : kr.co.seoulit.reception.controller.ReceptionController.getReceptions()시작
2026-03-04 09:56:30.967 INFO  k.c.s.r.c.ReceptionController - Reception list request: searchType=null, searchValue=null
2026-03-04 09:56:30.967 INFO  k.c.s.r.c.ReservationController - 예약 목록 요청: searchType=null, searchValue=null
2026-03-04 09:56:30.981 INFO  k.co.seoulit.common.aop.LoggerAspect - ServiceImpl  : kr.co.seoulit.reception.service.ReceptionServiceImpl.getReceptionList()시작
2026-03-04 09:56:30.994 INFO  k.co.seoulit.common.aop.LoggerAspect - ServiceImpl  : kr.co.seoulit.reception.service.ReservationServiceImpl.getReservationList()시작
2026-03-04 09:56:31.017 INFO  k.co.seoulit.common.aop.LoggerAspect - ServiceImpl  : kr.co.seoulit.reception.service.ReservationServiceImpl.getReservationList()종료
2026-03-04 09:56:31.026 INFO  k.co.seoulit.common.aop.LoggerAspect - Controller  : kr.co.seoulit.reception.controller.ReservationController.getReservations()종료
2026-03-04 09:56:31.045 INFO  k.co.seoulit.common.aop.LoggerAspect - ServiceImpl  : kr.co.seoulit.reception.service.ReceptionServiceImpl.getReceptionList()종료
2026-03-04 09:56:31.051 INFO  k.co.seoulit.common.aop.LoggerAspect - Controller  : kr.co.seoulit.reception.controller.ReceptionController.getReceptions()종료
2026-03-04 09:56:31.195 INFO  k.co.seoulit.common.aop.LoggerAspect - Controller  : kr.co.seoulit.reception.controller.ReceptionController.getReceptions()시작
2026-03-04 09:56:31.195 INFO  k.c.s.r.c.ReceptionController - Reception list request: searchType=null, searchValue=null
2026-03-04 09:56:31.197 INFO  k.co.seoulit.common.aop.LoggerAspect - ServiceImpl  : kr.co.seoulit.reception.service.ReceptionServiceImpl.getReceptionList()시작
2026-03-04 09:56:31.296 INFO  k.co.seoulit.common.aop.LoggerAspect - ServiceImpl  : kr.co.seoulit.reception.service.ReceptionServiceImpl.getReceptionList()종료
2026-03-04 09:56:31.302 INFO  k.co.seoulit.common.aop.LoggerAspect - Controller  : kr.co.seoulit.reception.controller.ReceptionController.getReceptions()종료
2026-03-04 09:56:54.802 INFO  k.co.seoulit.common.aop.LoggerAspect - Controller  : kr.co.seoulit.reception.controller.ReceptionController.getReceptions()시작
2026-03-04 09:56:54.802 INFO  k.c.s.r.c.ReceptionController - Reception list request: searchType=null, searchValue=null
2026-03-04 09:56:54.803 INFO  k.co.seoulit.common.aop.LoggerAspect - Controller  : kr.co.seoulit.reception.controller.ReservationController.getReservations()시작
2026-03-04 09:56:54.804 INFO  k.c.s.r.c.ReservationController - 예약 목록 요청: searchType=null, searchValue=null
2026-03-04 09:56:54.827 INFO  k.co.seoulit.common.aop.LoggerAspect - ServiceImpl  : kr.co.seoulit.reception.service.ReservationServiceImpl.getReservationList()시작
2026-03-04 09:56:54.827 INFO  k.co.seoulit.common.aop.LoggerAspect - ServiceImpl  : kr.co.seoulit.reception.service.ReceptionServiceImpl.getReceptionList()시작
2026-03-04 09:56:54.851 INFO  k.co.seoulit.common.aop.LoggerAspect - ServiceImpl  : kr.co.seoulit.reception.service.ReservationServiceImpl.getReservationList()종료
2026-03-04 09:56:54.860 INFO  k.co.seoulit.common.aop.LoggerAspect - Controller  : kr.co.seoulit.reception.controller.ReservationController.getReservations()종료
2026-03-04 09:56:54.884 INFO  k.co.seoulit.common.aop.LoggerAspect - ServiceImpl  : kr.co.seoulit.reception.service.ReceptionServiceImpl.getReceptionList()종료
2026-03-04 09:56:54.904 INFO  k.co.seoulit.common.aop.LoggerAspect - Controller  : kr.co.seoulit.reception.controller.ReceptionController.getReceptions()종료
2026-03-04 09:56:55.032 INFO  k.co.seoulit.common.aop.LoggerAspect - Controller  : kr.co.seoulit.reception.controller.ReceptionController.getReceptions()시작
2026-03-04 09:56:55.032 INFO  k.c.s.r.c.ReceptionController - Reception list request: searchType=null, searchValue=null
2026-03-04 09:56:55.047 INFO  k.co.seoulit.common.aop.LoggerAspect - ServiceImpl  : kr.co.seoulit.reception.service.ReceptionServiceImpl.getReceptionList()시작
2026-03-04 09:56:55.110 INFO  k.co.seoulit.common.aop.LoggerAspect - ServiceImpl  : kr.co.seoulit.reception.service.ReceptionServiceImpl.getReceptionList()종료
2026-03-04 09:56:55.119 INFO  k.co.seoulit.common.aop.LoggerAspect - Controller  : kr.co.seoulit.reception.controller.ReceptionController.getReceptions()종료
2026-03-04 09:57:11.682 INFO  k.co.seoulit.common.aop.LoggerAspect - Controller  : kr.co.seoulit.reception.controller.ReceptionController.getReceptions()시작
2026-03-04 09:57:11.683 INFO  k.co.seoulit.common.aop.LoggerAspect - Controller  : kr.co.seoulit.reception.controller.ReservationController.getReservations()시작
2026-03-04 09:57:11.683 INFO  k.c.s.r.c.ReceptionController - Reception list request: searchType=null, searchValue=null
2026-03-04 09:57:11.699 INFO  k.c.s.r.c.ReservationController - 예약 목록 요청: searchType=null, searchValue=null
2026-03-04 09:57:11.732 INFO  k.co.seoulit.common.aop.LoggerAspect - ServiceImpl  : kr.co.seoulit.reception.service.ReservationServiceImpl.getReservationList()시작
2026-03-04 09:57:11.763 INFO  k.co.seoulit.common.aop.LoggerAspect - ServiceImpl  : kr.co.seoulit.reception.service.ReceptionServiceImpl.getReceptionList()시작
2026-03-04 09:57:11.775 INFO  k.co.seoulit.common.aop.LoggerAspect - ServiceImpl  : kr.co.seoulit.reception.service.ReservationServiceImpl.getReservationList()종료
2026-03-04 09:57:11.783 INFO  k.co.seoulit.common.aop.LoggerAspect - Controller  : kr.co.seoulit.reception.controller.ReservationController.getReservations()종료
2026-03-04 09:57:11.819 INFO  k.co.seoulit.common.aop.LoggerAspect - ServiceImpl  : kr.co.seoulit.reception.service.ReceptionServiceImpl.getReceptionList()종료
2026-03-04 09:57:11.825 INFO  k.co.seoulit.common.aop.LoggerAspect - Controller  : kr.co.seoulit.reception.controller.ReceptionController.getReceptions()종료
2026-03-04 09:57:11.896 INFO  k.co.seoulit.common.aop.LoggerAspect - Controller  : kr.co.seoulit.reception.controller.ReceptionController.getReceptions()시작
2026-03-04 09:57:11.896 INFO  k.c.s.r.c.ReceptionController - Reception list request: searchType=null, searchValue=null
2026-03-04 09:57:11.898 INFO  k.co.seoulit.common.aop.LoggerAspect - ServiceImpl  : kr.co.seoulit.reception.service.ReceptionServiceImpl.getReceptionList()시작
2026-03-04 09:57:11.960 INFO  k.co.seoulit.common.aop.LoggerAspect - ServiceImpl  : kr.co.seoulit.reception.service.ReceptionServiceImpl.getReceptionList()종료
2026-03-04 09:57:11.965 INFO  k.co.seoulit.common.aop.LoggerAspect - Controller  : kr.co.seoulit.reception.controller.ReceptionController.getReceptions()종료
2026-03-04 09:57:18.300 INFO  k.co.seoulit.common.aop.LoggerAspect - Controller  : kr.co.seoulit.reception.controller.ReservationController.getReservations()시작
2026-03-04 09:57:18.301 INFO  k.c.s.r.c.ReservationController - 예약 목록 요청: searchType=null, searchValue=null
2026-03-04 09:57:18.301 INFO  k.co.seoulit.common.aop.LoggerAspect - Controller  : kr.co.seoulit.reception.controller.ReceptionController.getReceptions()시작
2026-03-04 09:57:18.301 INFO  k.c.s.r.c.ReceptionController - Reception list request: searchType=null, searchValue=null
2026-03-04 09:57:18.309 INFO  k.co.seoulit.common.aop.LoggerAspect - ServiceImpl  : kr.co.seoulit.reception.service.ReceptionServiceImpl.getReceptionList()시작
2026-03-04 09:57:18.316 INFO  k.co.seoulit.common.aop.LoggerAspect - ServiceImpl  : kr.co.seoulit.reception.service.ReservationServiceImpl.getReservationList()시작
2026-03-04 09:57:18.334 INFO  k.co.seoulit.common.aop.LoggerAspect - ServiceImpl  : kr.co.seoulit.reception.service.ReservationServiceImpl.getReservationList()종료
2026-03-04 09:57:18.359 INFO  k.co.seoulit.common.aop.LoggerAspect - Controller  : kr.co.seoulit.reception.controller.ReservationController.getReservations()종료
2026-03-04 09:57:18.382 INFO  k.co.seoulit.common.aop.LoggerAspect - ServiceImpl  : kr.co.seoulit.reception.service.ReceptionServiceImpl.getReceptionList()종료
2026-03-04 09:57:18.392 INFO  k.co.seoulit.common.aop.LoggerAspect - Controller  : kr.co.seoulit.reception.controller.ReceptionController.getReceptions()종료
2026-03-04 09:57:18.515 INFO  k.co.seoulit.common.aop.LoggerAspect - Controller  : kr.co.seoulit.reception.controller.ReceptionController.getReceptions()시작
2026-03-04 09:57:18.515 INFO  k.c.s.r.c.ReceptionController - Reception list request: searchType=null, searchValue=null
2026-03-04 09:57:18.515 INFO  k.co.seoulit.common.aop.LoggerAspect - ServiceImpl  : kr.co.seoulit.reception.service.ReceptionServiceImpl.getReceptionList()시작
2026-03-04 09:57:18.602 INFO  k.co.seoulit.common.aop.LoggerAspect - ServiceImpl  : kr.co.seoulit.reception.service.ReceptionServiceImpl.getReceptionList()종료
2026-03-04 09:57:18.609 INFO  k.co.seoulit.common.aop.LoggerAspect - Controller  : kr.co.seoulit.reception.controller.ReceptionController.getReceptions()종료
2026-03-04 09:57:26.994 INFO  k.co.seoulit.common.aop.LoggerAspect - Controller  : kr.co.seoulit.reception.controller.ReservationController.getReservations()시작
2026-03-04 09:57:26.994 INFO  k.co.seoulit.common.aop.LoggerAspect - Controller  : kr.co.seoulit.reception.controller.ReceptionController.getReceptions()시작
2026-03-04 09:57:26.994 INFO  k.c.s.r.c.ReceptionController - Reception list request: searchType=null, searchValue=null
2026-03-04 09:57:26.994 INFO  k.c.s.r.c.ReservationController - 예약 목록 요청: searchType=null, searchValue=null
2026-03-04 09:57:27.002 INFO  k.co.seoulit.common.aop.LoggerAspect - ServiceImpl  : kr.co.seoulit.reception.service.ReservationServiceImpl.getReservationList()시작
2026-03-04 09:57:27.002 INFO  k.co.seoulit.common.aop.LoggerAspect - ServiceImpl  : kr.co.seoulit.reception.service.ReceptionServiceImpl.getReceptionList()시작
2026-03-04 09:57:27.023 INFO  k.co.seoulit.common.aop.LoggerAspect - ServiceImpl  : kr.co.seoulit.reception.service.ReservationServiceImpl.getReservationList()종료
2026-03-04 09:57:27.030 INFO  k.co.seoulit.common.aop.LoggerAspect - Controller  : kr.co.seoulit.reception.controller.ReservationController.getReservations()종료
2026-03-04 09:57:27.082 INFO  k.co.seoulit.common.aop.LoggerAspect - ServiceImpl  : kr.co.seoulit.reception.service.ReceptionServiceImpl.getReceptionList()종료
2026-03-04 09:57:27.089 INFO  k.co.seoulit.common.aop.LoggerAspect - Controller  : kr.co.seoulit.reception.controller.ReceptionController.getReceptions()종료
2026-03-04 09:57:27.191 INFO  k.co.seoulit.common.aop.LoggerAspect - Controller  : kr.co.seoulit.reception.controller.ReceptionController.getReceptions()시작
2026-03-04 09:57:27.191 INFO  k.c.s.r.c.ReceptionController - Reception list request: searchType=null, searchValue=null
2026-03-04 09:57:27.193 INFO  k.co.seoulit.common.aop.LoggerAspect - ServiceImpl  : kr.co.seoulit.reception.service.ReceptionServiceImpl.getReceptionList()시작
2026-03-04 09:57:27.264 INFO  k.co.seoulit.common.aop.LoggerAspect - ServiceImpl  : kr.co.seoulit.reception.service.ReceptionServiceImpl.getReceptionList()종료
2026-03-04 09:57:27.270 INFO  k.co.seoulit.common.aop.LoggerAspect - Controller  : kr.co.seoulit.reception.controller.ReceptionController.getReceptions()종료
2026-03-04 10:01:04.929 INFO  k.co.seoulit.common.aop.LoggerAspect - Controller  : kr.co.seoulit.reception.controller.EmergencyReceptionController.getEmergencyReceptions()시작
2026-03-04 10:01:04.929 INFO  k.c.s.r.c.EmergencyReceptionController - 응급 접수 목록 요청: searchType=null, searchValue=null
2026-03-04 10:01:04.942 INFO  k.co.seoulit.common.aop.LoggerAspect - ServiceImpl  : kr.co.seoulit.reception.service.EmergencyReceptionServiceImpl.getEmergencyReceptionList()시작
2026-03-04 10:01:04.973 INFO  k.co.seoulit.common.aop.LoggerAspect - ServiceImpl  : kr.co.seoulit.reception.service.EmergencyReceptionServiceImpl.getEmergencyReceptionList()종료
2026-03-04 10:01:04.981 INFO  k.co.seoulit.common.aop.LoggerAspect - Controller  : kr.co.seoulit.reception.controller.EmergencyReceptionController.getEmergencyReceptions()종료
2026-03-04 10:01:04.985 INFO  k.co.seoulit.common.aop.LoggerAspect - Controller  : kr.co.seoulit.reception.controller.EmergencyReceptionController.getEmergencyReceptions()시작
2026-03-04 10:01:04.986 INFO  k.c.s.r.c.EmergencyReceptionController - 응급 접수 목록 요청: searchType=null, searchValue=null
2026-03-04 10:01:04.986 INFO  k.co.seoulit.common.aop.LoggerAspect - ServiceImpl  : kr.co.seoulit.reception.service.EmergencyReceptionServiceImpl.getEmergencyReceptionList()시작
2026-03-04 10:01:05.009 INFO  k.co.seoulit.common.aop.LoggerAspect - ServiceImpl  : kr.co.seoulit.reception.service.EmergencyReceptionServiceImpl.getEmergencyReceptionList()종료
2026-03-04 10:01:05.022 INFO  k.co.seoulit.common.aop.LoggerAspect - Controller  : kr.co.seoulit.reception.controller.EmergencyReceptionController.getEmergencyReceptions()종료
2026-03-04 10:01:05.300 INFO  k.co.seoulit.common.aop.LoggerAspect - Controller  : kr.co.seoulit.reception.controller.EmergencyReceptionController.getEmergencyReceptions()시작
2026-03-04 10:01:05.300 INFO  k.c.s.r.c.EmergencyReceptionController - 응급 접수 목록 요청: searchType=null, searchValue=null
2026-03-04 10:01:05.301 INFO  k.co.seoulit.common.aop.LoggerAspect - ServiceImpl  : kr.co.seoulit.reception.service.EmergencyReceptionServiceImpl.getEmergencyReceptionList()시작
2026-03-04 10:01:05.322 INFO  k.co.seoulit.common.aop.LoggerAspect - ServiceImpl  : kr.co.seoulit.reception.service.EmergencyReceptionServiceImpl.getEmergencyReceptionList()종료
2026-03-04 10:01:05.326 INFO  k.co.seoulit.common.aop.LoggerAspect - Controller  : kr.co.seoulit.reception.controller.EmergencyReceptionController.getEmergencyReceptions()종료
2026-03-04 10:02:18.979 INFO  k.co.seoulit.common.aop.LoggerAspect - Controller  : kr.co.seoulit.reception.controller.EmergencyReceptionController.getEmergencyReceptions()시작
2026-03-04 10:02:18.979 INFO  k.c.s.r.c.EmergencyReceptionController - 응급 접수 목록 요청: searchType=null, searchValue=null
2026-03-04 10:02:18.989 INFO  k.co.seoulit.common.aop.LoggerAspect - ServiceImpl  : kr.co.seoulit.reception.service.EmergencyReceptionServiceImpl.getEmergencyReceptionList()시작
2026-03-04 10:02:19.024 INFO  k.co.seoulit.common.aop.LoggerAspect - ServiceImpl  : kr.co.seoulit.reception.service.EmergencyReceptionServiceImpl.getEmergencyReceptionList()종료
2026-03-04 10:02:19.029 INFO  k.co.seoulit.common.aop.LoggerAspect - Controller  : kr.co.seoulit.reception.controller.EmergencyReceptionController.getEmergencyReceptions()종료
2026-03-04 10:02:19.449 INFO  k.co.seoulit.common.aop.LoggerAspect - Controller  : kr.co.seoulit.reception.controller.EmergencyReceptionController.getEmergencyReceptions()시작
2026-03-04 10:02:19.449 INFO  k.c.s.r.c.EmergencyReceptionController - 응급 접수 목록 요청: searchType=null, searchValue=null
2026-03-04 10:02:19.450 INFO  k.co.seoulit.common.aop.LoggerAspect - ServiceImpl  : kr.co.seoulit.reception.service.EmergencyReceptionServiceImpl.getEmergencyReceptionList()시작
2026-03-04 10:02:19.468 INFO  k.co.seoulit.common.aop.LoggerAspect - ServiceImpl  : kr.co.seoulit.reception.service.EmergencyReceptionServiceImpl.getEmergencyReceptionList()종료
2026-03-04 10:02:19.474 INFO  k.co.seoulit.common.aop.LoggerAspect - Controller  : kr.co.seoulit.reception.controller.EmergencyReceptionController.getEmergencyReceptions()종료
2026-03-04 10:10:06.192 INFO  k.co.seoulit.common.aop.LoggerAspect - Controller  : kr.co.seoulit.reception.controller.ReceptionController.getReceptions()시작
2026-03-04 10:10:06.192 INFO  k.c.s.r.c.ReceptionController - Reception list request: searchType=null, searchValue=null
2026-03-04 10:10:06.202 INFO  k.co.seoulit.common.aop.LoggerAspect - ServiceImpl  : kr.co.seoulit.reception.service.ReceptionServiceImpl.getReceptionList()시작
2026-03-04 10:10:06.244 INFO  k.co.seoulit.common.aop.LoggerAspect - ServiceImpl  : kr.co.seoulit.reception.service.ReceptionServiceImpl.getReceptionList()종료
2026-03-04 10:10:06.250 INFO  k.co.seoulit.common.aop.LoggerAspect - Controller  : kr.co.seoulit.reception.controller.ReceptionController.getReceptions()종료
2026-03-04 10:26:17.672 INFO  k.co.seoulit.common.aop.LoggerAspect - Controller  : kr.co.seoulit.reception.controller.ReceptionController.getReceptions()시작
2026-03-04 10:26:17.672 INFO  k.c.s.r.c.ReceptionController - Reception list request: searchType=null, searchValue=null
2026-03-04 10:26:17.680 INFO  k.co.seoulit.common.aop.LoggerAspect - ServiceImpl  : kr.co.seoulit.reception.service.ReceptionServiceImpl.getReceptionList()시작
2026-03-04 10:26:17.721 INFO  k.co.seoulit.common.aop.LoggerAspect - ServiceImpl  : kr.co.seoulit.reception.service.ReceptionServiceImpl.getReceptionList()종료
2026-03-04 10:26:17.727 INFO  k.co.seoulit.common.aop.LoggerAspect - Controller  : kr.co.seoulit.reception.controller.ReceptionController.getReceptions()종료
2026-03-04 10:28:03.024 INFO  k.co.seoulit.common.aop.LoggerAspect - Controller  : kr.co.seoulit.reception.controller.EmergencyReceptionController.getEmergencyReceptions()시작
2026-03-04 10:28:03.024 INFO  k.c.s.r.c.EmergencyReceptionController - 응급 접수 목록 요청: searchType=null, searchValue=null
2026-03-04 10:28:03.033 INFO  k.co.seoulit.common.aop.LoggerAspect - ServiceImpl  : kr.co.seoulit.reception.service.EmergencyReceptionServiceImpl.getEmergencyReceptionList()시작
2026-03-04 10:28:03.326 INFO  k.co.seoulit.common.aop.LoggerAspect - ServiceImpl  : kr.co.seoulit.reception.service.EmergencyReceptionServiceImpl.getEmergencyReceptionList()종료
2026-03-04 10:28:03.331 INFO  k.co.seoulit.common.aop.LoggerAspect - Controller  : kr.co.seoulit.reception.controller.EmergencyReceptionController.getEmergencyReceptions()종료
2026-03-04 10:28:03.337 INFO  k.co.seoulit.common.aop.LoggerAspect - Controller  : kr.co.seoulit.reception.controller.EmergencyReceptionController.getEmergencyReceptions()시작
2026-03-04 10:28:03.337 INFO  k.c.s.r.c.EmergencyReceptionController - 응급 접수 목록 요청: searchType=null, searchValue=null
2026-03-04 10:28:03.337 INFO  k.co.seoulit.common.aop.LoggerAspect - ServiceImpl  : kr.co.seoulit.reception.service.EmergencyReceptionServiceImpl.getEmergencyReceptionList()시작
2026-03-04 10:28:03.352 INFO  k.co.seoulit.common.aop.LoggerAspect - ServiceImpl  : kr.co.seoulit.reception.service.EmergencyReceptionServiceImpl.getEmergencyReceptionList()종료
2026-03-04 10:28:03.365 INFO  k.co.seoulit.common.aop.LoggerAspect - Controller  : kr.co.seoulit.reception.controller.EmergencyReceptionController.getEmergencyReceptions()종료
2026-03-04 10:36:07.122 INFO  k.co.seoulit.common.aop.LoggerAspect - Controller  : kr.co.seoulit.reception.controller.ReceptionController.getReceptions()시작
2026-03-04 10:36:07.123 INFO  k.c.s.r.c.ReceptionController - Reception list request: searchType=null, searchValue=null
2026-03-04 10:36:07.139 INFO  k.co.seoulit.common.aop.LoggerAspect - ServiceImpl  : kr.co.seoulit.reception.service.ReceptionServiceImpl.getReceptionList()시작
2026-03-04 10:36:07.200 INFO  k.co.seoulit.common.aop.LoggerAspect - ServiceImpl  : kr.co.seoulit.reception.service.ReceptionServiceImpl.getReceptionList()종료
2026-03-04 10:36:07.211 INFO  k.co.seoulit.common.aop.LoggerAspect - Controller  : kr.co.seoulit.reception.controller.ReceptionController.getReceptions()종료
2026-03-04 10:36:07.220 INFO  k.co.seoulit.common.aop.LoggerAspect - Controller  : kr.co.seoulit.reception.controller.ReceptionController.getReceptions()시작
2026-03-04 10:36:07.220 INFO  k.c.s.r.c.ReceptionController - Reception list request: searchType=null, searchValue=null
2026-03-04 10:36:07.221 INFO  k.co.seoulit.common.aop.LoggerAspect - ServiceImpl  : kr.co.seoulit.reception.service.ReceptionServiceImpl.getReceptionList()시작
2026-03-04 10:36:07.267 INFO  k.co.seoulit.common.aop.LoggerAspect - ServiceImpl  : kr.co.seoulit.reception.service.ReceptionServiceImpl.getReceptionList()종료
2026-03-04 10:36:07.274 INFO  k.co.seoulit.common.aop.LoggerAspect - Controller  : kr.co.seoulit.reception.controller.ReceptionController.getReceptions()종료
2026-03-04 11:06:52.378 INFO  k.co.seoulit.common.aop.LoggerAspect - Controller  : kr.co.seoulit.reception.controller.EmergencyReceptionController.getEmergencyReceptions()시작
2026-03-04 11:06:52.382 INFO  k.c.s.r.c.EmergencyReceptionController - 응급 접수 목록 요청: searchType=null, searchValue=null
2026-03-04 11:06:52.394 INFO  k.co.seoulit.common.aop.LoggerAspect - ServiceImpl  : kr.co.seoulit.reception.service.EmergencyReceptionServiceImpl.getEmergencyReceptionList()시작
2026-03-04 11:06:52.424 INFO  k.co.seoulit.common.aop.LoggerAspect - ServiceImpl  : kr.co.seoulit.reception.service.EmergencyReceptionServiceImpl.getEmergencyReceptionList()종료
2026-03-04 11:06:52.428 INFO  k.co.seoulit.common.aop.LoggerAspect - Controller  : kr.co.seoulit.reception.controller.EmergencyReceptionController.getEmergencyReceptions()종료
2026-03-04 11:06:52.436 INFO  k.co.seoulit.common.aop.LoggerAspect - Controller  : kr.co.seoulit.reception.controller.EmergencyReceptionController.getEmergencyReceptions()시작
2026-03-04 11:06:52.439 INFO  k.c.s.r.c.EmergencyReceptionController - 응급 접수 목록 요청: searchType=null, searchValue=null
2026-03-04 11:06:52.440 INFO  k.co.seoulit.common.aop.LoggerAspect - ServiceImpl  : kr.co.seoulit.reception.service.EmergencyReceptionServiceImpl.getEmergencyReceptionList()시작
2026-03-04 11:06:52.465 INFO  k.co.seoulit.common.aop.LoggerAspect - ServiceImpl  : kr.co.seoulit.reception.service.EmergencyReceptionServiceImpl.getEmergencyReceptionList()종료
2026-03-04 11:06:52.472 INFO  k.co.seoulit.common.aop.LoggerAspect - Controller  : kr.co.seoulit.reception.controller.EmergencyReceptionController.getEmergencyReceptions()종료
2026-03-04 11:06:52.654 INFO  k.co.seoulit.common.aop.LoggerAspect - Controller  : kr.co.seoulit.reception.controller.EmergencyReceptionController.getEmergencyReceptions()시작
2026-03-04 11:06:52.655 INFO  k.c.s.r.c.EmergencyReceptionController - 응급 접수 목록 요청: searchType=null, searchValue=null
2026-03-04 11:06:52.656 INFO  k.co.seoulit.common.aop.LoggerAspect - ServiceImpl  : kr.co.seoulit.reception.service.EmergencyReceptionServiceImpl.getEmergencyReceptionList()시작
2026-03-04 11:06:52.675 INFO  k.co.seoulit.common.aop.LoggerAspect - ServiceImpl  : kr.co.seoulit.reception.service.EmergencyReceptionServiceImpl.getEmergencyReceptionList()종료
2026-03-04 11:06:52.680 INFO  k.co.seoulit.common.aop.LoggerAspect - Controller  : kr.co.seoulit.reception.controller.EmergencyReceptionController.getEmergencyReceptions()종료
2026-03-04 11:07:39.140 INFO  k.co.seoulit.common.aop.LoggerAspect - Controller  : kr.co.seoulit.reception.controller.EmergencyReceptionController.updateEmergencyReception()시작
2026-03-04 11:07:39.140 INFO  k.c.s.r.c.EmergencyReceptionController - 응급 접수 수정 요청: id=52
2026-03-04 11:07:39.151 INFO  k.co.seoulit.common.aop.LoggerAspect - ServiceImpl  : kr.co.seoulit.reception.service.EmergencyReceptionServiceImpl.updateEmergencyReception()시작
2026-03-04 11:07:39.165 DEBUG org.hibernate.SQL - select re1_0.reception_id,re1_0.arrived_at,re1_0.cancel_reason_code,re1_0.cancel_reason_text,re1_0.created_at,re1_0.created_by,re1_0.department_id,re1_0.department_name,re1_0.doctor_id,re1_0.doctor_name,re1_0.hold_reason_code,re1_0.hold_reason_text,re1_0.inactive_at,re1_0.inactive_reason_code,re1_0.inactive_reason_text,re1_0.is_active,re1_0.note,re1_0.patient_id,re1_0.patient_name,re1_0.reception_no,re1_0.reservation_id,re1_0.scheduled_at,re1_0.status,re1_0.updated_at,re1_0.updated_by,re1_0.visit_type from reception re1_0 where re1_0.reception_id=?
2026-03-04 11:07:39.166 TRACE org.hibernate.orm.jdbc.bind - binding parameter (1:BIGINT) <- [52]
2026-03-04 11:07:39.195 DEBUG org.hibernate.SQL - select ree1_0.reception_id,ree1_0.arrival_mode,ree1_0.chief_complaint,ree1_0.triage_level,ree1_0.triage_note,ree1_0.vital_bp_diastolic,ree1_0.vital_bp_systolic,ree1_0.vital_hr,ree1_0.vital_rr,ree1_0.vital_spo2,ree1_0.vital_temp from reception_emergency ree1_0 where ree1_0.reception_id=?
2026-03-04 11:07:39.197 TRACE org.hibernate.orm.jdbc.bind - binding parameter (1:BIGINT) <- [52]
2026-03-04 11:07:39.217 DEBUG org.hibernate.SQL - select pe1_0.patient_id,pe1_0.patient_name from patient pe1_0 where pe1_0.patient_id=?
2026-03-04 11:07:39.217 TRACE org.hibernate.orm.jdbc.bind - binding parameter (1:BIGINT) <- [16]
2026-03-04 11:07:39.235 INFO  k.co.seoulit.common.aop.LoggerAspect - ServiceImpl  : kr.co.seoulit.reception.service.EmergencyReceptionServiceImpl.updateEmergencyReception()종료
2026-03-04 11:07:39.242 DEBUG org.hibernate.SQL - update reception set arrived_at=?,cancel_reason_code=?,cancel_reason_text=?,created_by=?,department_id=?,department_name=?,doctor_id=?,doctor_name=?,hold_reason_code=?,hold_reason_text=?,inactive_at=?,inactive_reason_code=?,inactive_reason_text=?,is_active=?,note=?,patient_id=?,patient_name=?,reception_no=?,reservation_id=?,scheduled_at=?,status=?,updated_at=?,updated_by=?,visit_type=? where reception_id=?
2026-03-04 11:07:39.243 TRACE org.hibernate.orm.jdbc.bind - binding parameter (1:TIMESTAMP) <- [2026-03-06T16:30]
2026-03-04 11:07:39.243 TRACE org.hibernate.orm.jdbc.bind - binding parameter (2:VARCHAR) <- [null]
2026-03-04 11:07:39.244 TRACE org.hibernate.orm.jdbc.bind - binding parameter (3:VARCHAR) <- [null]
2026-03-04 11:07:39.244 TRACE org.hibernate.orm.jdbc.bind - binding parameter (4:BIGINT) <- [null]
2026-03-04 11:07:39.244 TRACE org.hibernate.orm.jdbc.bind - binding parameter (5:BIGINT) <- [5]
2026-03-04 11:07:39.244 TRACE org.hibernate.orm.jdbc.bind - binding parameter (6:VARCHAR) <- [응급의학과]
2026-03-04 11:07:39.244 TRACE org.hibernate.orm.jdbc.bind - binding parameter (7:BIGINT) <- [null]
2026-03-04 11:07:39.244 TRACE org.hibernate.orm.jdbc.bind - binding parameter (8:VARCHAR) <- [null]
2026-03-04 11:07:39.244 TRACE org.hibernate.orm.jdbc.bind - binding parameter (9:VARCHAR) <- [null]
2026-03-04 11:07:39.244 TRACE org.hibernate.orm.jdbc.bind - binding parameter (10:VARCHAR) <- [null]
2026-03-04 11:07:39.244 TRACE org.hibernate.orm.jdbc.bind - binding parameter (11:TIMESTAMP) <- [null]
2026-03-04 11:07:39.244 TRACE org.hibernate.orm.jdbc.bind - binding parameter (12:VARCHAR) <- [null]
2026-03-04 11:07:39.244 TRACE org.hibernate.orm.jdbc.bind - binding parameter (13:VARCHAR) <- [null]
2026-03-04 11:07:39.245 TRACE org.hibernate.orm.jdbc.bind - binding parameter (14:BOOLEAN) <- [true]
2026-03-04 11:07:39.245 TRACE org.hibernate.orm.jdbc.bind - binding parameter (15:VARCHAR) <- [부목 고정 상태로 이송, 영상검사 우선
의식저하/호흡곤란 환자(고위험)]
2026-03-04 11:07:39.245 TRACE org.hibernate.orm.jdbc.bind - binding parameter (16:BIGINT) <- [16]
2026-03-04 11:07:39.245 TRACE org.hibernate.orm.jdbc.bind - binding parameter (17:VARCHAR) <- [김자바]
2026-03-04 11:07:39.245 TRACE org.hibernate.orm.jdbc.bind - binding parameter (18:VARCHAR) <- [20260303-102]
2026-03-04 11:07:39.245 TRACE org.hibernate.orm.jdbc.bind - binding parameter (19:BIGINT) <- [null]
2026-03-04 11:07:39.245 TRACE org.hibernate.orm.jdbc.bind - binding parameter (20:TIMESTAMP) <- [null]
2026-03-04 11:07:39.245 TRACE org.hibernate.orm.jdbc.bind - binding parameter (21:VARCHAR) <- [CANCELED]
2026-03-04 11:07:39.246 TRACE org.hibernate.orm.jdbc.bind - binding parameter (22:TIMESTAMP) <- [2026-03-04T11:07:39.239836]
2026-03-04 11:07:39.246 TRACE org.hibernate.orm.jdbc.bind - binding parameter (23:BIGINT) <- [null]
2026-03-04 11:07:39.246 TRACE org.hibernate.orm.jdbc.bind - binding parameter (24:VARCHAR) <- [EMERGENCY]
2026-03-04 11:07:39.246 TRACE org.hibernate.orm.jdbc.bind - binding parameter (25:BIGINT) <- [52]
2026-03-04 11:07:39.269 INFO  k.co.seoulit.common.aop.LoggerAspect - Controller  : kr.co.seoulit.reception.controller.EmergencyReceptionController.updateEmergencyReception()종료
2026-03-04 11:07:39.289 INFO  k.co.seoulit.common.aop.LoggerAspect - Controller  : kr.co.seoulit.reception.controller.EmergencyReceptionController.getEmergencyReceptions()시작
2026-03-04 11:07:39.290 INFO  k.c.s.r.c.EmergencyReceptionController - 응급 접수 목록 요청: searchType=null, searchValue=null
2026-03-04 11:07:39.291 INFO  k.co.seoulit.common.aop.LoggerAspect - ServiceImpl  : kr.co.seoulit.reception.service.EmergencyReceptionServiceImpl.getEmergencyReceptionList()시작
2026-03-04 11:07:39.309 INFO  k.co.seoulit.common.aop.LoggerAspect - ServiceImpl  : kr.co.seoulit.reception.service.EmergencyReceptionServiceImpl.getEmergencyReceptionList()종료
2026-03-04 11:07:39.317 INFO  k.co.seoulit.common.aop.LoggerAspect - Controller  : kr.co.seoulit.reception.controller.EmergencyReceptionController.getEmergencyReceptions()종료
2026-03-04 11:07:42.877 INFO  k.co.seoulit.common.aop.LoggerAspect - Controller  : kr.co.seoulit.reception.controller.ReservationController.getReservations()시작
2026-03-04 11:07:42.878 INFO  k.c.s.r.c.ReservationController - 예약 목록 요청: searchType=null, searchValue=null
2026-03-04 11:07:42.889 INFO  k.co.seoulit.common.aop.LoggerAspect - Controller  : kr.co.seoulit.reception.controller.ReceptionController.getReceptions()시작
2026-03-04 11:07:42.890 INFO  k.c.s.r.c.ReceptionController - Reception list request: searchType=null, searchValue=null
2026-03-04 11:07:42.910 INFO  k.co.seoulit.common.aop.LoggerAspect - ServiceImpl  : kr.co.seoulit.reception.service.ReservationServiceImpl.getReservationList()시작
2026-03-04 11:07:42.910 INFO  k.co.seoulit.common.aop.LoggerAspect - ServiceImpl  : kr.co.seoulit.reception.service.ReceptionServiceImpl.getReceptionList()시작
2026-03-04 11:07:42.944 INFO  k.co.seoulit.common.aop.LoggerAspect - ServiceImpl  : kr.co.seoulit.reception.service.ReservationServiceImpl.getReservationList()종료
2026-03-04 11:07:42.950 INFO  k.co.seoulit.common.aop.LoggerAspect - Controller  : kr.co.seoulit.reception.controller.ReservationController.getReservations()종료
2026-03-04 11:07:42.974 INFO  k.co.seoulit.common.aop.LoggerAspect - ServiceImpl  : kr.co.seoulit.reception.service.ReceptionServiceImpl.getReceptionList()종료
2026-03-04 11:07:42.990 INFO  k.co.seoulit.common.aop.LoggerAspect - Controller  : kr.co.seoulit.reception.controller.ReceptionController.getReceptions()종료
2026-03-04 11:07:42.997 INFO  k.co.seoulit.common.aop.LoggerAspect - Controller  : kr.co.seoulit.reception.controller.ReceptionController.getReceptions()시작
2026-03-04 11:07:42.997 INFO  k.c.s.r.c.ReceptionController - Reception list request: searchType=null, searchValue=null
2026-03-04 11:07:42.997 INFO  k.co.seoulit.common.aop.LoggerAspect - ServiceImpl  : kr.co.seoulit.reception.service.ReceptionServiceImpl.getReceptionList()시작
2026-03-04 11:07:43.072 INFO  k.co.seoulit.common.aop.LoggerAspect - ServiceImpl  : kr.co.seoulit.reception.service.ReceptionServiceImpl.getReceptionList()종료
2026-03-04 11:07:43.083 INFO  k.co.seoulit.common.aop.LoggerAspect - Controller  : kr.co.seoulit.reception.controller.ReceptionController.getReceptions()종료
2026-03-04 11:07:43.095 INFO  k.co.seoulit.common.aop.LoggerAspect - Controller  : kr.co.seoulit.reception.controller.ReceptionController.getReceptions()시작
2026-03-04 11:07:43.095 INFO  k.c.s.r.c.ReceptionController - Reception list request: searchType=null, searchValue=null
2026-03-04 11:07:43.095 INFO  k.co.seoulit.common.aop.LoggerAspect - ServiceImpl  : kr.co.seoulit.reception.service.ReceptionServiceImpl.getReceptionList()시작
2026-03-04 11:07:43.153 INFO  k.co.seoulit.common.aop.LoggerAspect - ServiceImpl  : kr.co.seoulit.reception.service.ReceptionServiceImpl.getReceptionList()종료
2026-03-04 11:07:43.160 INFO  k.co.seoulit.common.aop.LoggerAspect - Controller  : kr.co.seoulit.reception.controller.ReceptionController.getReceptions()종료
2026-03-04 11:07:43.408 INFO  k.co.seoulit.common.aop.LoggerAspect - Controller  : kr.co.seoulit.reception.controller.ReceptionController.getReception()시작
2026-03-04 11:07:43.408 INFO  k.c.s.r.c.ReceptionController - Get reception request: id=54
2026-03-04 11:07:43.410 INFO  k.co.seoulit.common.aop.LoggerAspect - ServiceImpl  : kr.co.seoulit.reception.service.ReceptionServiceImpl.getReception()시작
2026-03-04 11:07:43.410 DEBUG org.hibernate.SQL - select re1_0.reception_id,re1_0.arrived_at,re1_0.cancel_reason_code,re1_0.cancel_reason_text,re1_0.created_at,re1_0.created_by,re1_0.department_id,re1_0.department_name,re1_0.doctor_id,re1_0.doctor_name,re1_0.hold_reason_code,re1_0.hold_reason_text,re1_0.inactive_at,re1_0.inactive_reason_code,re1_0.inactive_reason_text,re1_0.is_active,re1_0.note,re1_0.patient_id,re1_0.patient_name,re1_0.reception_no,re1_0.reservation_id,re1_0.scheduled_at,re1_0.status,re1_0.updated_at,re1_0.updated_by,re1_0.visit_type from reception re1_0 where re1_0.reception_id=?
2026-03-04 11:07:43.411 TRACE org.hibernate.orm.jdbc.bind - binding parameter (1:BIGINT) <- [54]
2026-03-04 11:07:43.419 INFO  k.co.seoulit.common.aop.LoggerAspect - kr.co.seoulit.reception.mapstruct.ReceptionResMapStructImpl.toDto()시작
2026-03-04 11:07:43.420 INFO  k.co.seoulit.common.aop.LoggerAspect - kr.co.seoulit.reception.mapstruct.ReceptionResMapStructImpl.toDto()종료
2026-03-04 11:07:43.420 INFO  k.co.seoulit.common.aop.LoggerAspect - ServiceImpl  : kr.co.seoulit.reception.service.ReceptionServiceImpl.getReception()종료
2026-03-04 11:07:43.427 INFO  k.co.seoulit.common.aop.LoggerAspect - Controller  : kr.co.seoulit.reception.controller.ReceptionController.getReception()종료
2026-03-04 11:07:53.651 INFO  k.co.seoulit.common.aop.LoggerAspect - Controller  : kr.co.seoulit.reception.controller.EmergencyReceptionController.getEmergencyReceptions()시작
2026-03-04 11:07:53.651 INFO  k.c.s.r.c.EmergencyReceptionController - 응급 접수 목록 요청: searchType=null, searchValue=null
2026-03-04 11:07:53.659 INFO  k.co.seoulit.common.aop.LoggerAspect - ServiceImpl  : kr.co.seoulit.reception.service.EmergencyReceptionServiceImpl.getEmergencyReceptionList()시작
2026-03-04 11:07:53.686 INFO  k.co.seoulit.common.aop.LoggerAspect - ServiceImpl  : kr.co.seoulit.reception.service.EmergencyReceptionServiceImpl.getEmergencyReceptionList()종료
2026-03-04 11:07:53.702 INFO  k.co.seoulit.common.aop.LoggerAspect - Controller  : kr.co.seoulit.reception.controller.EmergencyReceptionController.getEmergencyReceptions()종료
2026-03-04 11:07:53.707 INFO  k.co.seoulit.common.aop.LoggerAspect - Controller  : kr.co.seoulit.reception.controller.EmergencyReceptionController.getEmergencyReceptions()시작
2026-03-04 11:07:53.707 INFO  k.c.s.r.c.EmergencyReceptionController - 응급 접수 목록 요청: searchType=null, searchValue=null
2026-03-04 11:07:53.708 INFO  k.co.seoulit.common.aop.LoggerAspect - ServiceImpl  : kr.co.seoulit.reception.service.EmergencyReceptionServiceImpl.getEmergencyReceptionList()시작
2026-03-04 11:07:53.739 INFO  k.co.seoulit.common.aop.LoggerAspect - ServiceImpl  : kr.co.seoulit.reception.service.EmergencyReceptionServiceImpl.getEmergencyReceptionList()종료
2026-03-04 11:07:53.754 INFO  k.co.seoulit.common.aop.LoggerAspect - Controller  : kr.co.seoulit.reception.controller.EmergencyReceptionController.getEmergencyReceptions()종료
2026-03-04 11:07:53.989 INFO  k.co.seoulit.common.aop.LoggerAspect - Controller  : kr.co.seoulit.reception.controller.EmergencyReceptionController.getEmergencyReceptions()시작
2026-03-04 11:07:53.989 INFO  k.c.s.r.c.EmergencyReceptionController - 응급 접수 목록 요청: searchType=null, searchValue=null
2026-03-04 11:07:53.990 INFO  k.co.seoulit.common.aop.LoggerAspect - ServiceImpl  : kr.co.seoulit.reception.service.EmergencyReceptionServiceImpl.getEmergencyReceptionList()시작
2026-03-04 11:07:54.011 INFO  k.co.seoulit.common.aop.LoggerAspect - ServiceImpl  : kr.co.seoulit.reception.service.EmergencyReceptionServiceImpl.getEmergencyReceptionList()종료
2026-03-04 11:07:54.017 INFO  k.co.seoulit.common.aop.LoggerAspect - Controller  : kr.co.seoulit.reception.controller.EmergencyReceptionController.getEmergencyReceptions()종료
2026-03-04 11:13:25.162 INFO  k.co.seoulit.common.aop.LoggerAspect - Controller  : kr.co.seoulit.reception.controller.ReservationController.getReservations()시작
2026-03-04 11:13:25.162 INFO  k.co.seoulit.common.aop.LoggerAspect - Controller  : kr.co.seoulit.reception.controller.ReceptionController.getReceptions()시작
2026-03-04 11:13:25.162 INFO  k.c.s.r.c.ReservationController - 예약 목록 요청: searchType=null, searchValue=null
2026-03-04 11:13:25.162 INFO  k.c.s.r.c.ReceptionController - Reception list request: searchType=null, searchValue=null
2026-03-04 11:13:25.169 INFO  k.co.seoulit.common.aop.LoggerAspect - ServiceImpl  : kr.co.seoulit.reception.service.ReservationServiceImpl.getReservationList()시작
2026-03-04 11:13:25.169 INFO  k.co.seoulit.common.aop.LoggerAspect - ServiceImpl  : kr.co.seoulit.reception.service.ReceptionServiceImpl.getReceptionList()시작
2026-03-04 11:13:25.187 INFO  k.co.seoulit.common.aop.LoggerAspect - ServiceImpl  : kr.co.seoulit.reception.service.ReservationServiceImpl.getReservationList()종료
2026-03-04 11:13:25.204 INFO  k.co.seoulit.common.aop.LoggerAspect - Controller  : kr.co.seoulit.reception.controller.ReservationController.getReservations()종료
2026-03-04 11:13:25.222 INFO  k.co.seoulit.common.aop.LoggerAspect - ServiceImpl  : kr.co.seoulit.reception.service.ReceptionServiceImpl.getReceptionList()종료
2026-03-04 11:13:25.226 INFO  k.co.seoulit.common.aop.LoggerAspect - Controller  : kr.co.seoulit.reception.controller.ReceptionController.getReceptions()종료
2026-03-04 11:13:25.268 INFO  k.co.seoulit.common.aop.LoggerAspect - Controller  : kr.co.seoulit.reception.controller.ReceptionController.getReceptions()시작
2026-03-04 11:13:25.268 INFO  k.c.s.r.c.ReceptionController - Reception list request: searchType=null, searchValue=null
2026-03-04 11:13:25.268 INFO  k.co.seoulit.common.aop.LoggerAspect - ServiceImpl  : kr.co.seoulit.reception.service.ReceptionServiceImpl.getReceptionList()시작
2026-03-04 11:13:25.316 INFO  k.co.seoulit.common.aop.LoggerAspect - ServiceImpl  : kr.co.seoulit.reception.service.ReceptionServiceImpl.getReceptionList()종료
2026-03-04 11:13:25.321 INFO  k.co.seoulit.common.aop.LoggerAspect - Controller  : kr.co.seoulit.reception.controller.ReceptionController.getReceptions()종료
2026-03-04 11:13:25.366 INFO  k.co.seoulit.common.aop.LoggerAspect - Controller  : kr.co.seoulit.reception.controller.ReceptionController.getReceptions()시작
2026-03-04 11:13:25.366 INFO  k.c.s.r.c.ReceptionController - Reception list request: searchType=null, searchValue=null
2026-03-04 11:13:25.367 INFO  k.co.seoulit.common.aop.LoggerAspect - ServiceImpl  : kr.co.seoulit.reception.service.ReceptionServiceImpl.getReceptionList()시작
2026-03-04 11:13:25.427 INFO  k.co.seoulit.common.aop.LoggerAspect - ServiceImpl  : kr.co.seoulit.reception.service.ReceptionServiceImpl.getReceptionList()종료
2026-03-04 11:13:25.431 INFO  k.co.seoulit.common.aop.LoggerAspect - Controller  : kr.co.seoulit.reception.controller.ReceptionController.getReceptions()종료
2026-03-04 11:13:40.908 INFO  k.co.seoulit.common.aop.LoggerAspect - Controller  : kr.co.seoulit.reception.controller.ReceptionController.getReceptions()시작
2026-03-04 11:13:40.910 INFO  k.co.seoulit.common.aop.LoggerAspect - Controller  : kr.co.seoulit.reception.controller.ReservationController.getReservations()시작
2026-03-04 11:13:40.911 INFO  k.c.s.r.c.ReservationController - 예약 목록 요청: searchType=null, searchValue=null
2026-03-04 11:13:40.909 INFO  k.c.s.r.c.ReceptionController - Reception list request: searchType=null, searchValue=null
2026-03-04 11:13:40.923 INFO  k.co.seoulit.common.aop.LoggerAspect - ServiceImpl  : kr.co.seoulit.reception.service.ReservationServiceImpl.getReservationList()시작
2026-03-04 11:13:40.923 INFO  k.co.seoulit.common.aop.LoggerAspect - ServiceImpl  : kr.co.seoulit.reception.service.ReceptionServiceImpl.getReceptionList()시작
2026-03-04 11:13:40.947 INFO  k.co.seoulit.common.aop.LoggerAspect - ServiceImpl  : kr.co.seoulit.reception.service.ReservationServiceImpl.getReservationList()종료
2026-03-04 11:13:40.954 INFO  k.co.seoulit.common.aop.LoggerAspect - Controller  : kr.co.seoulit.reception.controller.ReservationController.getReservations()종료
2026-03-04 11:13:41.001 INFO  k.co.seoulit.common.aop.LoggerAspect - ServiceImpl  : kr.co.seoulit.reception.service.ReceptionServiceImpl.getReceptionList()종료
2026-03-04 11:13:41.007 INFO  k.co.seoulit.common.aop.LoggerAspect - Controller  : kr.co.seoulit.reception.controller.ReceptionController.getReceptions()종료
2026-03-04 11:13:42.040 INFO  k.co.seoulit.common.aop.LoggerAspect - Controller  : kr.co.seoulit.reception.controller.ReceptionController.getReceptions()시작
2026-03-04 11:13:42.040 INFO  k.c.s.r.c.ReceptionController - Reception list request: searchType=null, searchValue=null
2026-03-04 11:13:42.054 INFO  k.co.seoulit.common.aop.LoggerAspect - ServiceImpl  : kr.co.seoulit.reception.service.ReceptionServiceImpl.getReceptionList()시작
2026-03-04 11:13:42.105 INFO  k.co.seoulit.common.aop.LoggerAspect - ServiceImpl  : kr.co.seoulit.reception.service.ReceptionServiceImpl.getReceptionList()종료
2026-03-04 11:13:42.110 INFO  k.co.seoulit.common.aop.LoggerAspect - Controller  : kr.co.seoulit.reception.controller.ReceptionController.getReceptions()종료
2026-03-04 11:13:43.285 INFO  k.co.seoulit.common.aop.LoggerAspect - Controller  : kr.co.seoulit.reception.controller.ReceptionController.getReception()시작
2026-03-04 11:13:43.290 INFO  k.c.s.r.c.ReceptionController - Get reception request: id=54
2026-03-04 11:13:43.297 INFO  k.co.seoulit.common.aop.LoggerAspect - ServiceImpl  : kr.co.seoulit.reception.service.ReceptionServiceImpl.getReception()시작
2026-03-04 11:13:43.300 DEBUG org.hibernate.SQL - select re1_0.reception_id,re1_0.arrived_at,re1_0.cancel_reason_code,re1_0.cancel_reason_text,re1_0.created_at,re1_0.created_by,re1_0.department_id,re1_0.department_name,re1_0.doctor_id,re1_0.doctor_name,re1_0.hold_reason_code,re1_0.hold_reason_text,re1_0.inactive_at,re1_0.inactive_reason_code,re1_0.inactive_reason_text,re1_0.is_active,re1_0.note,re1_0.patient_id,re1_0.patient_name,re1_0.reception_no,re1_0.reservation_id,re1_0.scheduled_at,re1_0.status,re1_0.updated_at,re1_0.updated_by,re1_0.visit_type from reception re1_0 where re1_0.reception_id=?
2026-03-04 11:13:43.301 TRACE org.hibernate.orm.jdbc.bind - binding parameter (1:BIGINT) <- [54]
2026-03-04 11:13:43.320 INFO  k.co.seoulit.common.aop.LoggerAspect - kr.co.seoulit.reception.mapstruct.ReceptionResMapStructImpl.toDto()시작
2026-03-04 11:13:43.320 INFO  k.co.seoulit.common.aop.LoggerAspect - kr.co.seoulit.reception.mapstruct.ReceptionResMapStructImpl.toDto()종료
2026-03-04 11:13:43.320 INFO  k.co.seoulit.common.aop.LoggerAspect - ServiceImpl  : kr.co.seoulit.reception.service.ReceptionServiceImpl.getReception()종료
2026-03-04 11:13:43.331 INFO  k.co.seoulit.common.aop.LoggerAspect - Controller  : kr.co.seoulit.reception.controller.ReceptionController.getReception()종료
2026-03-04 11:14:23.020 INFO  k.co.seoulit.common.aop.LoggerAspect - Controller  : kr.co.seoulit.reception.controller.ReceptionController.getReceptions()시작
2026-03-04 11:14:23.020 INFO  k.c.s.r.c.ReceptionController - Reception list request: searchType=null, searchValue=null
2026-03-04 11:14:23.027 INFO  k.co.seoulit.common.aop.LoggerAspect - ServiceImpl  : kr.co.seoulit.reception.service.ReceptionServiceImpl.getReceptionList()시작
2026-03-04 11:14:23.086 INFO  k.co.seoulit.common.aop.LoggerAspect - ServiceImpl  : kr.co.seoulit.reception.service.ReceptionServiceImpl.getReceptionList()종료
2026-03-04 11:14:23.092 INFO  k.co.seoulit.common.aop.LoggerAspect - Controller  : kr.co.seoulit.reception.controller.ReceptionController.getReceptions()종료
2026-03-04 11:15:05.100 INFO  k.co.seoulit.common.aop.LoggerAspect - Controller  : kr.co.seoulit.reception.controller.InpatientReceptionController.getInpatientReceptions()시작
2026-03-04 11:15:05.101 INFO  k.c.s.r.c.InpatientReceptionController - 입원 접수 목록 요청: searchType=null, searchValue=null
2026-03-04 11:15:05.107 INFO  k.co.seoulit.common.aop.LoggerAspect - ServiceImpl  : kr.co.seoulit.reception.service.InpatientReceptionServiceImpl.getInpatientReceptionList()시작
2026-03-04 11:15:05.132 INFO  k.co.seoulit.common.aop.LoggerAspect - ServiceImpl  : kr.co.seoulit.reception.service.InpatientReceptionServiceImpl.getInpatientReceptionList()종료
2026-03-04 11:15:05.138 INFO  k.co.seoulit.common.aop.LoggerAspect - Controller  : kr.co.seoulit.reception.controller.InpatientReceptionController.getInpatientReceptions()종료
2026-03-04 11:17:02.880 INFO  k.co.seoulit.common.aop.LoggerAspect - Controller  : kr.co.seoulit.reception.controller.ReservationController.getReservations()시작
2026-03-04 11:17:02.881 INFO  k.c.s.r.c.ReservationController - 예약 목록 요청: searchType=null, searchValue=null
2026-03-04 11:17:02.924 INFO  k.co.seoulit.common.aop.LoggerAspect - ServiceImpl  : kr.co.seoulit.reception.service.ReservationServiceImpl.getReservationList()시작
2026-03-04 11:17:02.950 INFO  k.co.seoulit.common.aop.LoggerAspect - ServiceImpl  : kr.co.seoulit.reception.service.ReservationServiceImpl.getReservationList()종료
2026-03-04 11:17:02.955 INFO  k.co.seoulit.common.aop.LoggerAspect - Controller  : kr.co.seoulit.reception.controller.ReservationController.getReservations()종료
2026-03-04 11:17:02.963 INFO  k.co.seoulit.common.aop.LoggerAspect - Controller  : kr.co.seoulit.reception.controller.ReservationController.getReservations()시작
2026-03-04 11:17:02.963 INFO  k.c.s.r.c.ReservationController - 예약 목록 요청: searchType=null, searchValue=null
2026-03-04 11:17:02.978 INFO  k.co.seoulit.common.aop.LoggerAspect - ServiceImpl  : kr.co.seoulit.reception.service.ReservationServiceImpl.getReservationList()시작
2026-03-04 11:17:03.003 INFO  k.co.seoulit.common.aop.LoggerAspect - ServiceImpl  : kr.co.seoulit.reception.service.ReservationServiceImpl.getReservationList()종료
2026-03-04 11:17:03.008 INFO  k.co.seoulit.common.aop.LoggerAspect - Controller  : kr.co.seoulit.reception.controller.ReservationController.getReservations()종료
2026-03-04 11:17:06.089 INFO  k.co.seoulit.common.aop.LoggerAspect - Controller  : kr.co.seoulit.reception.controller.ReservationController.getReservations()시작
2026-03-04 11:17:06.089 INFO  k.co.seoulit.common.aop.LoggerAspect - Controller  : kr.co.seoulit.reception.controller.ReceptionController.getReceptions()시작
2026-03-04 11:17:06.089 INFO  k.c.s.r.c.ReservationController - 예약 목록 요청: searchType=null, searchValue=null
2026-03-04 11:17:06.089 INFO  k.c.s.r.c.ReceptionController - Reception list request: searchType=null, searchValue=null
2026-03-04 11:17:06.099 INFO  k.co.seoulit.common.aop.LoggerAspect - ServiceImpl  : kr.co.seoulit.reception.service.ReceptionServiceImpl.getReceptionList()시작
2026-03-04 11:17:06.102 INFO  k.co.seoulit.common.aop.LoggerAspect - ServiceImpl  : kr.co.seoulit.reception.service.ReservationServiceImpl.getReservationList()시작
2026-03-04 11:17:06.117 INFO  k.co.seoulit.common.aop.LoggerAspect - ServiceImpl  : kr.co.seoulit.reception.service.ReservationServiceImpl.getReservationList()종료
2026-03-04 11:17:06.122 INFO  k.co.seoulit.common.aop.LoggerAspect - Controller  : kr.co.seoulit.reception.controller.ReservationController.getReservations()종료
2026-03-04 11:17:06.145 INFO  k.co.seoulit.common.aop.LoggerAspect - ServiceImpl  : kr.co.seoulit.reception.service.ReceptionServiceImpl.getReceptionList()종료
2026-03-04 11:17:06.153 INFO  k.co.seoulit.common.aop.LoggerAspect - Controller  : kr.co.seoulit.reception.controller.ReceptionController.getReceptions()종료
2026-03-04 11:17:06.180 INFO  k.co.seoulit.common.aop.LoggerAspect - Controller  : kr.co.seoulit.reception.controller.ReceptionController.getReceptions()시작
2026-03-04 11:17:06.180 INFO  k.c.s.r.c.ReceptionController - Reception list request: searchType=null, searchValue=null
2026-03-04 11:17:06.180 INFO  k.co.seoulit.common.aop.LoggerAspect - ServiceImpl  : kr.co.seoulit.reception.service.ReceptionServiceImpl.getReceptionList()시작
2026-03-04 11:17:06.222 INFO  k.co.seoulit.common.aop.LoggerAspect - ServiceImpl  : kr.co.seoulit.reception.service.ReceptionServiceImpl.getReceptionList()종료
2026-03-04 11:17:06.229 INFO  k.co.seoulit.common.aop.LoggerAspect - Controller  : kr.co.seoulit.reception.controller.ReceptionController.getReceptions()종료
2026-03-04 11:17:06.272 INFO  k.co.seoulit.common.aop.LoggerAspect - Controller  : kr.co.seoulit.reception.controller.ReceptionController.getReceptions()시작
2026-03-04 11:17:06.273 INFO  k.c.s.r.c.ReceptionController - Reception list request: searchType=null, searchValue=null
2026-03-04 11:17:06.273 INFO  k.co.seoulit.common.aop.LoggerAspect - ServiceImpl  : kr.co.seoulit.reception.service.ReceptionServiceImpl.getReceptionList()시작
2026-03-04 11:17:06.331 INFO  k.co.seoulit.common.aop.LoggerAspect - ServiceImpl  : kr.co.seoulit.reception.service.ReceptionServiceImpl.getReceptionList()종료
2026-03-04 11:17:06.349 INFO  k.co.seoulit.common.aop.LoggerAspect - Controller  : kr.co.seoulit.reception.controller.ReceptionController.getReceptions()종료
2026-03-04 11:20:29.681 INFO  k.co.seoulit.common.aop.LoggerAspect - Controller  : kr.co.seoulit.reception.controller.ReceptionController.updateReceptionStatus()시작
2026-03-04 11:20:29.682 INFO  k.c.s.r.c.ReceptionController - Update reception status request: id=54, status=CANCELED
2026-03-04 11:20:29.689 INFO  k.co.seoulit.common.aop.LoggerAspect - ServiceImpl  : kr.co.seoulit.reception.service.ReceptionServiceImpl.updateReceptionStatus()시작
2026-03-04 11:20:29.690 DEBUG org.hibernate.SQL - select re1_0.reception_id,re1_0.arrived_at,re1_0.cancel_reason_code,re1_0.cancel_reason_text,re1_0.created_at,re1_0.created_by,re1_0.department_id,re1_0.department_name,re1_0.doctor_id,re1_0.doctor_name,re1_0.hold_reason_code,re1_0.hold_reason_text,re1_0.inactive_at,re1_0.inactive_reason_code,re1_0.inactive_reason_text,re1_0.is_active,re1_0.note,re1_0.patient_id,re1_0.patient_name,re1_0.reception_no,re1_0.reservation_id,re1_0.scheduled_at,re1_0.status,re1_0.updated_at,re1_0.updated_by,re1_0.visit_type from reception re1_0 where re1_0.reception_id=?
2026-03-04 11:20:29.690 TRACE org.hibernate.orm.jdbc.bind - binding parameter (1:BIGINT) <- [54]
2026-03-04 11:20:29.710 INFO  k.co.seoulit.common.aop.LoggerAspect - kr.co.seoulit.reception.mapstruct.ReceptionResMapStructImpl.toDto()시작
2026-03-04 11:20:29.711 INFO  k.co.seoulit.common.aop.LoggerAspect - kr.co.seoulit.reception.mapstruct.ReceptionResMapStructImpl.toDto()종료
2026-03-04 11:20:29.715 DEBUG org.hibernate.SQL - select seq_reception_status_history.nextval from dual
2026-03-04 11:20:29.725 INFO  k.co.seoulit.common.aop.LoggerAspect - kr.co.seoulit.reception.mapstruct.ReceptionResMapStructImpl.toDto()시작
2026-03-04 11:20:29.726 INFO  k.co.seoulit.common.aop.LoggerAspect - kr.co.seoulit.reception.mapstruct.ReceptionResMapStructImpl.toDto()종료
2026-03-04 11:20:29.729 DEBUG org.hibernate.SQL - select seq_audit_log.nextval from dual
2026-03-04 11:20:29.735 INFO  k.co.seoulit.common.aop.LoggerAspect - kr.co.seoulit.reception.mapstruct.ReceptionResMapStructImpl.toDto()시작
2026-03-04 11:20:29.735 INFO  k.co.seoulit.common.aop.LoggerAspect - kr.co.seoulit.reception.mapstruct.ReceptionResMapStructImpl.toDto()종료
2026-03-04 11:20:29.735 INFO  k.co.seoulit.common.aop.LoggerAspect - ServiceImpl  : kr.co.seoulit.reception.service.ReceptionServiceImpl.updateReceptionStatus()종료
2026-03-04 11:20:29.736 DEBUG org.hibernate.SQL - insert into reception_status_history (changed_at,changed_by,from_status,reason_code,reason_text,reception_id,to_status,status_history_id) values (?,?,?,?,?,?,?,?)
2026-03-04 11:20:29.737 TRACE org.hibernate.orm.jdbc.bind - binding parameter (1:TIMESTAMP) <- [2026-03-04T11:20:29.736924]
2026-03-04 11:20:29.737 TRACE org.hibernate.orm.jdbc.bind - binding parameter (2:BIGINT) <- [null]
2026-03-04 11:20:29.737 TRACE org.hibernate.orm.jdbc.bind - binding parameter (3:VARCHAR) <- [REGISTERED]
2026-03-04 11:20:29.737 TRACE org.hibernate.orm.jdbc.bind - binding parameter (4:VARCHAR) <- [null]
2026-03-04 11:20:29.737 TRACE org.hibernate.orm.jdbc.bind - binding parameter (5:VARCHAR) <- [null]
2026-03-04 11:20:29.737 TRACE org.hibernate.orm.jdbc.bind - binding parameter (6:BIGINT) <- [54]
2026-03-04 11:20:29.738 TRACE org.hibernate.orm.jdbc.bind - binding parameter (7:VARCHAR) <- [CANCELED]
2026-03-04 11:20:29.738 TRACE org.hibernate.orm.jdbc.bind - binding parameter (8:BIGINT) <- [38]
2026-03-04 11:20:29.810 WARN  o.h.e.jdbc.spi.SqlExceptionHelper - SQL Error: 2290, SQLState: 23000
2026-03-04 11:20:29.811 ERROR o.h.e.jdbc.spi.SqlExceptionHelper - ORA-02290: check constraint (STM.CHK_RECEPTION_STATUS_HI_349CDE) violated

2026-03-04 11:20:29.857 ERROR k.c.s.c.h.GlobalExceptionHandler - Unhandled server error
org.springframework.dao.DataIntegrityViolationException: could not execute statement [ORA-02290: check constraint (STM.CHK_RECEPTION_STATUS_HI_349CDE) violated
] [insert into reception_status_history (changed_at,changed_by,from_status,reason_code,reason_text,reception_id,to_status,status_history_id) values (?,?,?,?,?,?,?,?)]; SQL [insert into reception_status_history (changed_at,changed_by,from_status,reason_code,reason_text,reception_id,to_status,status_history_id) values (?,?,?,?,?,?,?,?)]; constraint [null]
	at org.springframework.orm.jpa.vendor.HibernateJpaDialect.convertHibernateAccessException(HibernateJpaDialect.java:290)
	at org.springframework.orm.jpa.vendor.HibernateJpaDialect.translateExceptionIfPossible(HibernateJpaDialect.java:241)
	at org.springframework.orm.jpa.JpaTransactionManager.doCommit(JpaTransactionManager.java:566)
	at org.springframework.transaction.support.AbstractPlatformTransactionManager.processCommit(AbstractPlatformTransactionManager.java:795)
	at org.springframework.transaction.support.AbstractPlatformTransactionManager.commit(AbstractPlatformTransactionManager.java:758)
	at org.springframework.transaction.interceptor.TransactionAspectSupport.commitTransactionAfterReturning(TransactionAspectSupport.java:663)
	at org.springframework.transaction.interceptor.TransactionAspectSupport.invokeWithinTransaction(TransactionAspectSupport.java:413)
	at org.springframework.transaction.interceptor.TransactionInterceptor.invoke(TransactionInterceptor.java:119)
	at org.springframework.aop.framework.ReflectiveMethodInvocation.proceed(ReflectiveMethodInvocation.java:184)
	at org.springframework.aop.framework.CglibAopProxy$CglibMethodInvocation.proceed(CglibAopProxy.java:768)
	at org.springframework.cache.interceptor.CacheInterceptor.lambda$invoke$0(CacheInterceptor.java:64)
	at org.springframework.cache.interceptor.CacheAspectSupport.invokeOperation(CacheAspectSupport.java:416)
	at org.springframework.cache.interceptor.CacheAspectSupport.evaluate(CacheAspectSupport.java:548)
	at org.springframework.cache.interceptor.CacheAspectSupport.execute(CacheAspectSupport.java:433)
	at org.springframework.cache.interceptor.CacheAspectSupport.execute(CacheAspectSupport.java:395)
	at org.springframework.cache.interceptor.CacheInterceptor.invoke(CacheInterceptor.java:74)
	at org.springframework.aop.framework.ReflectiveMethodInvocation.proceed(ReflectiveMethodInvocation.java:184)
	at org.springframework.aop.framework.CglibAopProxy$CglibMethodInvocation.proceed(CglibAopProxy.java:768)
	at org.springframework.aop.interceptor.ExposeInvocationInterceptor.invoke(ExposeInvocationInterceptor.java:97)
	at org.springframework.aop.framework.ReflectiveMethodInvocation.proceed(ReflectiveMethodInvocation.java:184)
	at org.springframework.aop.framework.CglibAopProxy$CglibMethodInvocation.proceed(CglibAopProxy.java:768)
	at org.springframework.aop.framework.CglibAopProxy$DynamicAdvisedInterceptor.intercept(CglibAopProxy.java:720)
	at kr.co.seoulit.reception.service.ReceptionServiceImpl$$SpringCGLIB$$0.updateReceptionStatus(<generated>)
	at kr.co.seoulit.reception.controller.ReceptionController.updateReceptionStatus(ReceptionController.java:106)
	at java.base/jdk.internal.reflect.NativeMethodAccessorImpl.invoke0(Native Method)
	at java.base/jdk.internal.reflect.NativeMethodAccessorImpl.invoke(NativeMethodAccessorImpl.java:77)
	at java.base/jdk.internal.reflect.DelegatingMethodAccessorImpl.invoke(DelegatingMethodAccessorImpl.java:43)
	at java.base/java.lang.reflect.Method.invoke(Method.java:568)
	at org.springframework.aop.support.AopUtils.invokeJoinpointUsingReflection(AopUtils.java:354)
	at org.springframework.aop.framework.ReflectiveMethodInvocation.invokeJoinpoint(ReflectiveMethodInvocation.java:196)
	at org.springframework.aop.framework.ReflectiveMethodInvocation.proceed(ReflectiveMethodInvocation.java:163)
	at org.springframework.aop.framework.CglibAopProxy$CglibMethodInvocation.proceed(CglibAopProxy.java:768)
	at org.springframework.aop.aspectj.MethodInvocationProceedingJoinPoint.proceed(MethodInvocationProceedingJoinPoint.java:89)
	at kr.co.seoulit.common.aop.LoggerAspect.logPrint(LoggerAspect.java:31)
	at jdk.internal.reflect.GeneratedMethodAccessor102.invoke(Unknown Source)
	at java.base/jdk.internal.reflect.DelegatingMethodAccessorImpl.invoke(DelegatingMethodAccessorImpl.java:43)
	at java.base/java.lang.reflect.Method.invoke(Method.java:568)
	at org.springframework.aop.aspectj.AbstractAspectJAdvice.invokeAdviceMethodWithGivenArgs(AbstractAspectJAdvice.java:637)
	at org.springframework.aop.aspectj.AbstractAspectJAdvice.invokeAdviceMethod(AbstractAspectJAdvice.java:627)
	at org.springframework.aop.aspectj.AspectJAroundAdvice.invoke(AspectJAroundAdvice.java:71)
	at org.springframework.aop.framework.ReflectiveMethodInvocation.proceed(ReflectiveMethodInvocation.java:184)
	at org.springframework.aop.framework.CglibAopProxy$CglibMethodInvocation.proceed(CglibAopProxy.java:768)
	at org.springframework.aop.interceptor.ExposeInvocationInterceptor.invoke(ExposeInvocationInterceptor.java:97)
	at org.springframework.aop.framework.ReflectiveMethodInvocation.proceed(ReflectiveMethodInvocation.java:184)
	at org.springframework.aop.framework.CglibAopProxy$CglibMethodInvocation.proceed(CglibAopProxy.java:768)
	at org.springframework.aop.framework.CglibAopProxy$DynamicAdvisedInterceptor.intercept(CglibAopProxy.java:720)
	at kr.co.seoulit.reception.controller.ReceptionController$$SpringCGLIB$$0.updateReceptionStatus(<generated>)
	at java.base/jdk.internal.reflect.NativeMethodAccessorImpl.invoke0(Native Method)
	at java.base/jdk.internal.reflect.NativeMethodAccessorImpl.invoke(NativeMethodAccessorImpl.java:77)
	at java.base/jdk.internal.reflect.DelegatingMethodAccessorImpl.invoke(DelegatingMethodAccessorImpl.java:43)
	at java.base/java.lang.reflect.Method.invoke(Method.java:568)
	at org.springframework.web.method.support.InvocableHandlerMethod.doInvoke(InvocableHandlerMethod.java:255)
	at org.springframework.web.method.support.InvocableHandlerMethod.invokeForRequest(InvocableHandlerMethod.java:188)
	at org.springframework.web.servlet.mvc.method.annotation.ServletInvocableHandlerMethod.invokeAndHandle(ServletInvocableHandlerMethod.java:118)
	at org.springframework.web.servlet.mvc.method.annotation.RequestMappingHandlerAdapter.invokeHandlerMethod(RequestMappingHandlerAdapter.java:926)
	at org.springframework.web.servlet.mvc.method.annotation.RequestMappingHandlerAdapter.handleInternal(RequestMappingHandlerAdapter.java:831)
	at org.springframework.web.servlet.mvc.method.AbstractHandlerMethodAdapter.handle(AbstractHandlerMethodAdapter.java:87)
	at org.springframework.web.servlet.DispatcherServlet.doDispatch(DispatcherServlet.java:1089)
	at org.springframework.web.servlet.DispatcherServlet.doService(DispatcherServlet.java:979)
	at org.springframework.web.servlet.FrameworkServlet.processRequest(FrameworkServlet.java:1014)
	at org.springframework.web.servlet.FrameworkServlet.service(FrameworkServlet.java:888)
	at jakarta.servlet.http.HttpServlet.service(HttpServlet.java:658)
	at org.apache.catalina.core.ApplicationFilterChain.internalDoFilter(ApplicationFilterChain.java:195)
	at org.apache.catalina.core.ApplicationFilterChain.doFilter(ApplicationFilterChain.java:140)
	at org.apache.tomcat.websocket.server.WsFilter.doFilter(WsFilter.java:51)
	at org.apache.catalina.core.ApplicationFilterChain.internalDoFilter(ApplicationFilterChain.java:164)
	at org.apache.catalina.core.ApplicationFilterChain.doFilter(ApplicationFilterChain.java:140)
	at org.springframework.web.filter.CorsFilter.doFilterInternal(CorsFilter.java:91)
	at org.springframework.web.filter.OncePerRequestFilter.doFilter(OncePerRequestFilter.java:116)
	at org.apache.catalina.core.ApplicationFilterChain.internalDoFilter(ApplicationFilterChain.java:164)
	at org.apache.catalina.core.ApplicationFilterChain.doFilter(ApplicationFilterChain.java:140)
	at org.springframework.web.filter.RequestContextFilter.doFilterInternal(RequestContextFilter.java:100)
	at org.springframework.web.filter.OncePerRequestFilter.doFilter(OncePerRequestFilter.java:116)
	at org.apache.catalina.core.ApplicationFilterChain.internalDoFilter(ApplicationFilterChain.java:164)
	at org.apache.catalina.core.ApplicationFilterChain.doFilter(ApplicationFilterChain.java:140)
	at org.springframework.web.filter.FormContentFilter.doFilterInternal(FormContentFilter.java:93)
	at org.springframework.web.filter.OncePerRequestFilter.doFilter(OncePerRequestFilter.java:116)
	at org.apache.catalina.core.ApplicationFilterChain.internalDoFilter(ApplicationFilterChain.java:164)
	at org.apache.catalina.core.ApplicationFilterChain.doFilter(ApplicationFilterChain.java:140)
	at org.springframework.web.filter.CharacterEncodingFilter.doFilterInternal(CharacterEncodingFilter.java:201)
	at org.springframework.web.filter.OncePerRequestFilter.doFilter(OncePerRequestFilter.java:116)
	at org.apache.catalina.core.ApplicationFilterChain.internalDoFilter(ApplicationFilterChain.java:164)
	at org.apache.catalina.core.ApplicationFilterChain.doFilter(ApplicationFilterChain.java:140)
	at org.apache.catalina.core.StandardWrapperValve.invoke(StandardWrapperValve.java:167)
	at org.apache.catalina.core.StandardContextValve.invoke(StandardContextValve.java:90)
	at org.apache.catalina.authenticator.AuthenticatorBase.invoke(AuthenticatorBase.java:483)
	at org.apache.catalina.core.StandardHostValve.invoke(StandardHostValve.java:115)
	at org.apache.catalina.valves.ErrorReportValve.invoke(ErrorReportValve.java:93)
	at org.apache.catalina.core.StandardEngineValve.invoke(StandardEngineValve.java:74)
	at org.apache.catalina.connector.CoyoteAdapter.service(CoyoteAdapter.java:344)
	at org.apache.coyote.http11.Http11Processor.service(Http11Processor.java:389)
	at org.apache.coyote.AbstractProcessorLight.process(AbstractProcessorLight.java:63)
	at org.apache.coyote.AbstractProtocol$ConnectionHandler.process(AbstractProtocol.java:904)
	at org.apache.tomcat.util.net.NioEndpoint$SocketProcessor.doRun(NioEndpoint.java:1741)
	at org.apache.tomcat.util.net.SocketProcessorBase.run(SocketProcessorBase.java:52)
	at org.apache.tomcat.util.threads.ThreadPoolExecutor.runWorker(ThreadPoolExecutor.java:1190)
	at org.apache.tomcat.util.threads.ThreadPoolExecutor$Worker.run(ThreadPoolExecutor.java:659)
	at org.apache.tomcat.util.threads.TaskThread$WrappingRunnable.run(TaskThread.java:63)
	at java.base/java.lang.Thread.run(Thread.java:842)
Caused by: org.hibernate.exception.ConstraintViolationException: could not execute statement [ORA-02290: check constraint (STM.CHK_RECEPTION_STATUS_HI_349CDE) violated
] [insert into reception_status_history (changed_at,changed_by,from_status,reason_code,reason_text,reception_id,to_status,status_history_id) values (?,?,?,?,?,?,?,?)]
	at org.hibernate.exception.internal.SQLExceptionTypeDelegate.convert(SQLExceptionTypeDelegate.java:62)
	at org.hibernate.exception.internal.StandardSQLExceptionConverter.convert(StandardSQLExceptionConverter.java:58)
	at org.hibernate.engine.jdbc.spi.SqlExceptionHelper.convert(SqlExceptionHelper.java:108)
	at org.hibernate.engine.jdbc.internal.ResultSetReturnImpl.executeUpdate(ResultSetReturnImpl.java:197)
	at org.hibernate.engine.jdbc.mutation.internal.AbstractMutationExecutor.performNonBatchedMutation(AbstractMutationExecutor.java:134)
	at org.hibernate.engine.jdbc.mutation.internal.MutationExecutorSingleNonBatched.performNonBatchedOperations(MutationExecutorSingleNonBatched.java:55)
	at org.hibernate.engine.jdbc.mutation.internal.AbstractMutationExecutor.execute(AbstractMutationExecutor.java:55)
	at org.hibernate.persister.entity.mutation.InsertCoordinatorStandard.doStaticInserts(InsertCoordinatorStandard.java:194)
	at org.hibernate.persister.entity.mutation.InsertCoordinatorStandard.coordinateInsert(InsertCoordinatorStandard.java:132)
	at org.hibernate.persister.entity.mutation.InsertCoordinatorStandard.insert(InsertCoordinatorStandard.java:104)
	at org.hibernate.action.internal.EntityInsertAction.execute(EntityInsertAction.java:110)
	at org.hibernate.engine.spi.ActionQueue.executeActions(ActionQueue.java:632)
	at org.hibernate.engine.spi.ActionQueue.executeActions(ActionQueue.java:499)
	at org.hibernate.event.internal.AbstractFlushingEventListener.performExecutions(AbstractFlushingEventListener.java:371)
	at org.hibernate.event.internal.DefaultFlushEventListener.onFlush(DefaultFlushEventListener.java:41)
	at org.hibernate.event.service.internal.EventListenerGroupImpl.fireEventOnEachListener(EventListenerGroupImpl.java:127)
	at org.hibernate.internal.SessionImpl.doFlush(SessionImpl.java:1425)
	at org.hibernate.internal.SessionImpl.managedFlush(SessionImpl.java:487)
	at org.hibernate.internal.SessionImpl.flushBeforeTransactionCompletion(SessionImpl.java:2324)
	at org.hibernate.internal.SessionImpl.beforeTransactionCompletion(SessionImpl.java:1981)
	at org.hibernate.engine.jdbc.internal.JdbcCoordinatorImpl.beforeTransactionCompletion(JdbcCoordinatorImpl.java:439)
	at org.hibernate.resource.transaction.backend.jdbc.internal.JdbcResourceLocalTransactionCoordinatorImpl.beforeCompletionCallback(JdbcResourceLocalTransactionCoordinatorImpl.java:169)
	at org.hibernate.resource.transaction.backend.jdbc.internal.JdbcResourceLocalTransactionCoordinatorImpl$TransactionDriverControlImpl.commit(JdbcResourceLocalTransactionCoordinatorImpl.java:267)
	at org.hibernate.engine.transaction.internal.TransactionImpl.commit(TransactionImpl.java:101)
	at org.springframework.orm.jpa.JpaTransactionManager.doCommit(JpaTransactionManager.java:562)
	... 96 common frames omitted
Caused by: java.sql.SQLIntegrityConstraintViolationException: ORA-02290: check constraint (STM.CHK_RECEPTION_STATUS_HI_349CDE) violated

	at oracle.jdbc.driver.T4CTTIoer11.processError(T4CTTIoer11.java:630)
	at oracle.jdbc.driver.T4CTTIoer11.processError(T4CTTIoer11.java:564)
	at oracle.jdbc.driver.T4C8Oall.processError(T4C8Oall.java:1231)
	at oracle.jdbc.driver.T4CTTIfun.receive(T4CTTIfun.java:772)
	at oracle.jdbc.driver.T4CTTIfun.doRPC(T4CTTIfun.java:299)
	at oracle.jdbc.driver.T4C8Oall.doOALL(T4C8Oall.java:512)
	at oracle.jdbc.driver.T4CPreparedStatement.doOall8(T4CPreparedStatement.java:163)
	at oracle.jdbc.driver.T4CPreparedStatement.executeForRows(T4CPreparedStatement.java:1241)
	at oracle.jdbc.driver.OracleStatement.executeSQLStatement(OracleStatement.java:1820)
	at oracle.jdbc.driver.OracleStatement.doExecuteWithTimeout(OracleStatement.java:1472)
	at oracle.jdbc.driver.OraclePreparedStatement.executeInternal(OraclePreparedStatement.java:3761)
	at oracle.jdbc.driver.OraclePreparedStatement.executeLargeUpdate(OraclePreparedStatement.java:4062)
	at oracle.jdbc.driver.OraclePreparedStatement.executeUpdate(OraclePreparedStatement.java:4037)
	at oracle.jdbc.driver.OraclePreparedStatementWrapper.executeUpdate(OraclePreparedStatementWrapper.java:996)
	at com.zaxxer.hikari.pool.ProxyPreparedStatement.executeUpdate(ProxyPreparedStatement.java:61)
	at com.zaxxer.hikari.pool.HikariProxyPreparedStatement.executeUpdate(HikariProxyPreparedStatement.java)
	at org.hibernate.engine.jdbc.internal.ResultSetReturnImpl.executeUpdate(ResultSetReturnImpl.java:194)
	... 117 common frames omitted
Caused by: oracle.jdbc.OracleDatabaseException: ORA-02290: check constraint (STM.CHK_RECEPTION_STATUS_HI_349CDE) violated

	at oracle.jdbc.driver.T4CTTIoer11.processError(T4CTTIoer11.java:637)
	... 133 common frames omitted
2026-03-04 11:20:38.108 INFO  k.co.seoulit.common.aop.LoggerAspect - Controller  : kr.co.seoulit.reception.controller.ReceptionController.getReception()시작
2026-03-04 11:20:38.108 INFO  k.c.s.r.c.ReceptionController - Get reception request: id=54
2026-03-04 11:20:38.114 INFO  k.co.seoulit.common.aop.LoggerAspect - ServiceImpl  : kr.co.seoulit.reception.service.ReceptionServiceImpl.getReception()시작
2026-03-04 11:20:38.114 DEBUG org.hibernate.SQL - select re1_0.reception_id,re1_0.arrived_at,re1_0.cancel_reason_code,re1_0.cancel_reason_text,re1_0.created_at,re1_0.created_by,re1_0.department_id,re1_0.department_name,re1_0.doctor_id,re1_0.doctor_name,re1_0.hold_reason_code,re1_0.hold_reason_text,re1_0.inactive_at,re1_0.inactive_reason_code,re1_0.inactive_reason_text,re1_0.is_active,re1_0.note,re1_0.patient_id,re1_0.patient_name,re1_0.reception_no,re1_0.reservation_id,re1_0.scheduled_at,re1_0.status,re1_0.updated_at,re1_0.updated_by,re1_0.visit_type from reception re1_0 where re1_0.reception_id=?
2026-03-04 11:20:38.114 TRACE org.hibernate.orm.jdbc.bind - binding parameter (1:BIGINT) <- [54]
2026-03-04 11:20:38.121 INFO  k.co.seoulit.common.aop.LoggerAspect - kr.co.seoulit.reception.mapstruct.ReceptionResMapStructImpl.toDto()시작
2026-03-04 11:20:38.121 INFO  k.co.seoulit.common.aop.LoggerAspect - kr.co.seoulit.reception.mapstruct.ReceptionResMapStructImpl.toDto()종료
2026-03-04 11:20:38.121 INFO  k.co.seoulit.common.aop.LoggerAspect - ServiceImpl  : kr.co.seoulit.reception.service.ReceptionServiceImpl.getReception()종료
2026-03-04 11:20:38.126 INFO  k.co.seoulit.common.aop.LoggerAspect - Controller  : kr.co.seoulit.reception.controller.ReceptionController.getReception()종료
2026-03-04 11:20:40.548 INFO  k.co.seoulit.common.aop.LoggerAspect - Controller  : kr.co.seoulit.reception.controller.ReceptionController.getReception()시작
2026-03-04 11:20:40.548 INFO  k.c.s.r.c.ReceptionController - Get reception request: id=54
2026-03-04 11:20:40.556 INFO  k.co.seoulit.common.aop.LoggerAspect - ServiceImpl  : kr.co.seoulit.reception.service.ReceptionServiceImpl.getReception()시작
2026-03-04 11:20:40.556 DEBUG org.hibernate.SQL - select re1_0.reception_id,re1_0.arrived_at,re1_0.cancel_reason_code,re1_0.cancel_reason_text,re1_0.created_at,re1_0.created_by,re1_0.department_id,re1_0.department_name,re1_0.doctor_id,re1_0.doctor_name,re1_0.hold_reason_code,re1_0.hold_reason_text,re1_0.inactive_at,re1_0.inactive_reason_code,re1_0.inactive_reason_text,re1_0.is_active,re1_0.note,re1_0.patient_id,re1_0.patient_name,re1_0.reception_no,re1_0.reservation_id,re1_0.scheduled_at,re1_0.status,re1_0.updated_at,re1_0.updated_by,re1_0.visit_type from reception re1_0 where re1_0.reception_id=?
2026-03-04 11:20:40.557 TRACE org.hibernate.orm.jdbc.bind - binding parameter (1:BIGINT) <- [54]
2026-03-04 11:20:40.564 INFO  k.co.seoulit.common.aop.LoggerAspect - kr.co.seoulit.reception.mapstruct.ReceptionResMapStructImpl.toDto()시작
2026-03-04 11:20:40.565 INFO  k.co.seoulit.common.aop.LoggerAspect - kr.co.seoulit.reception.mapstruct.ReceptionResMapStructImpl.toDto()종료
2026-03-04 11:20:40.565 INFO  k.co.seoulit.common.aop.LoggerAspect - ServiceImpl  : kr.co.seoulit.reception.service.ReceptionServiceImpl.getReception()종료
2026-03-04 11:20:40.570 INFO  k.co.seoulit.common.aop.LoggerAspect - Controller  : kr.co.seoulit.reception.controller.ReceptionController.getReception()종료
2026-03-04 11:20:43.552 INFO  k.co.seoulit.common.aop.LoggerAspect - Controller  : kr.co.seoulit.reception.controller.ReceptionController.updateReceptionStatus()시작
2026-03-04 11:20:43.552 INFO  k.c.s.r.c.ReceptionController - Update reception status request: id=54, status=CANCELED
2026-03-04 11:20:43.558 INFO  k.co.seoulit.common.aop.LoggerAspect - ServiceImpl  : kr.co.seoulit.reception.service.ReceptionServiceImpl.updateReceptionStatus()시작
2026-03-04 11:20:43.559 DEBUG org.hibernate.SQL - select re1_0.reception_id,re1_0.arrived_at,re1_0.cancel_reason_code,re1_0.cancel_reason_text,re1_0.created_at,re1_0.created_by,re1_0.department_id,re1_0.department_name,re1_0.doctor_id,re1_0.doctor_name,re1_0.hold_reason_code,re1_0.hold_reason_text,re1_0.inactive_at,re1_0.inactive_reason_code,re1_0.inactive_reason_text,re1_0.is_active,re1_0.note,re1_0.patient_id,re1_0.patient_name,re1_0.reception_no,re1_0.reservation_id,re1_0.scheduled_at,re1_0.status,re1_0.updated_at,re1_0.updated_by,re1_0.visit_type from reception re1_0 where re1_0.reception_id=?
2026-03-04 11:20:43.560 TRACE org.hibernate.orm.jdbc.bind - binding parameter (1:BIGINT) <- [54]
2026-03-04 11:20:43.567 INFO  k.co.seoulit.common.aop.LoggerAspect - kr.co.seoulit.reception.mapstruct.ReceptionResMapStructImpl.toDto()시작
2026-03-04 11:20:43.568 INFO  k.co.seoulit.common.aop.LoggerAspect - kr.co.seoulit.reception.mapstruct.ReceptionResMapStructImpl.toDto()종료
2026-03-04 11:20:43.568 DEBUG org.hibernate.SQL - select seq_reception_status_history.nextval from dual
2026-03-04 11:20:43.574 INFO  k.co.seoulit.common.aop.LoggerAspect - kr.co.seoulit.reception.mapstruct.ReceptionResMapStructImpl.toDto()시작
2026-03-04 11:20:43.574 INFO  k.co.seoulit.common.aop.LoggerAspect - kr.co.seoulit.reception.mapstruct.ReceptionResMapStructImpl.toDto()종료
2026-03-04 11:20:43.575 DEBUG org.hibernate.SQL - select seq_audit_log.nextval from dual
2026-03-04 11:20:43.582 INFO  k.co.seoulit.common.aop.LoggerAspect - kr.co.seoulit.reception.mapstruct.ReceptionResMapStructImpl.toDto()시작
2026-03-04 11:20:43.582 INFO  k.co.seoulit.common.aop.LoggerAspect - kr.co.seoulit.reception.mapstruct.ReceptionResMapStructImpl.toDto()종료
2026-03-04 11:20:43.582 INFO  k.co.seoulit.common.aop.LoggerAspect - ServiceImpl  : kr.co.seoulit.reception.service.ReceptionServiceImpl.updateReceptionStatus()종료
2026-03-04 11:20:43.583 DEBUG org.hibernate.SQL - insert into reception_status_history (changed_at,changed_by,from_status,reason_code,reason_text,reception_id,to_status,status_history_id) values (?,?,?,?,?,?,?,?)
2026-03-04 11:20:43.583 TRACE org.hibernate.orm.jdbc.bind - binding parameter (1:TIMESTAMP) <- [2026-03-04T11:20:43.583871]
2026-03-04 11:20:43.583 TRACE org.hibernate.orm.jdbc.bind - binding parameter (2:BIGINT) <- [null]
2026-03-04 11:20:43.583 TRACE org.hibernate.orm.jdbc.bind - binding parameter (3:VARCHAR) <- [REGISTERED]
2026-03-04 11:20:43.583 TRACE org.hibernate.orm.jdbc.bind - binding parameter (4:VARCHAR) <- [null]
2026-03-04 11:20:43.583 TRACE org.hibernate.orm.jdbc.bind - binding parameter (5:VARCHAR) <- [null]
2026-03-04 11:20:43.583 TRACE org.hibernate.orm.jdbc.bind - binding parameter (6:BIGINT) <- [54]
2026-03-04 11:20:43.583 TRACE org.hibernate.orm.jdbc.bind - binding parameter (7:VARCHAR) <- [CANCELED]
2026-03-04 11:20:43.584 TRACE org.hibernate.orm.jdbc.bind - binding parameter (8:BIGINT) <- [39]
2026-03-04 11:20:43.594 WARN  o.h.e.jdbc.spi.SqlExceptionHelper - SQL Error: 2290, SQLState: 23000
2026-03-04 11:20:43.595 ERROR o.h.e.jdbc.spi.SqlExceptionHelper - ORA-02290: check constraint (STM.CHK_RECEPTION_STATUS_HI_349CDE) violated

2026-03-04 11:20:43.601 ERROR k.c.s.c.h.GlobalExceptionHandler - Unhandled server error
org.springframework.dao.DataIntegrityViolationException: could not execute statement [ORA-02290: check constraint (STM.CHK_RECEPTION_STATUS_HI_349CDE) violated
] [insert into reception_status_history (changed_at,changed_by,from_status,reason_code,reason_text,reception_id,to_status,status_history_id) values (?,?,?,?,?,?,?,?)]; SQL [insert into reception_status_history (changed_at,changed_by,from_status,reason_code,reason_text,reception_id,to_status,status_history_id) values (?,?,?,?,?,?,?,?)]; constraint [null]
	at org.springframework.orm.jpa.vendor.HibernateJpaDialect.convertHibernateAccessException(HibernateJpaDialect.java:290)
	at org.springframework.orm.jpa.vendor.HibernateJpaDialect.translateExceptionIfPossible(HibernateJpaDialect.java:241)
	at org.springframework.orm.jpa.JpaTransactionManager.doCommit(JpaTransactionManager.java:566)
	at org.springframework.transaction.support.AbstractPlatformTransactionManager.processCommit(AbstractPlatformTransactionManager.java:795)
	at org.springframework.transaction.support.AbstractPlatformTransactionManager.commit(AbstractPlatformTransactionManager.java:758)
	at org.springframework.transaction.interceptor.TransactionAspectSupport.commitTransactionAfterReturning(TransactionAspectSupport.java:663)
	at org.springframework.transaction.interceptor.TransactionAspectSupport.invokeWithinTransaction(TransactionAspectSupport.java:413)
	at org.springframework.transaction.interceptor.TransactionInterceptor.invoke(TransactionInterceptor.java:119)
	at org.springframework.aop.framework.ReflectiveMethodInvocation.proceed(ReflectiveMethodInvocation.java:184)
	at org.springframework.aop.framework.CglibAopProxy$CglibMethodInvocation.proceed(CglibAopProxy.java:768)
	at org.springframework.cache.interceptor.CacheInterceptor.lambda$invoke$0(CacheInterceptor.java:64)
	at org.springframework.cache.interceptor.CacheAspectSupport.invokeOperation(CacheAspectSupport.java:416)
	at org.springframework.cache.interceptor.CacheAspectSupport.evaluate(CacheAspectSupport.java:548)
	at org.springframework.cache.interceptor.CacheAspectSupport.execute(CacheAspectSupport.java:433)
	at org.springframework.cache.interceptor.CacheAspectSupport.execute(CacheAspectSupport.java:395)
	at org.springframework.cache.interceptor.CacheInterceptor.invoke(CacheInterceptor.java:74)
	at org.springframework.aop.framework.ReflectiveMethodInvocation.proceed(ReflectiveMethodInvocation.java:184)
	at org.springframework.aop.framework.CglibAopProxy$CglibMethodInvocation.proceed(CglibAopProxy.java:768)
	at org.springframework.aop.interceptor.ExposeInvocationInterceptor.invoke(ExposeInvocationInterceptor.java:97)
	at org.springframework.aop.framework.ReflectiveMethodInvocation.proceed(ReflectiveMethodInvocation.java:184)
	at org.springframework.aop.framework.CglibAopProxy$CglibMethodInvocation.proceed(CglibAopProxy.java:768)
	at org.springframework.aop.framework.CglibAopProxy$DynamicAdvisedInterceptor.intercept(CglibAopProxy.java:720)
	at kr.co.seoulit.reception.service.ReceptionServiceImpl$$SpringCGLIB$$0.updateReceptionStatus(<generated>)
	at kr.co.seoulit.reception.controller.ReceptionController.updateReceptionStatus(ReceptionController.java:106)
	at java.base/jdk.internal.reflect.NativeMethodAccessorImpl.invoke0(Native Method)
	at java.base/jdk.internal.reflect.NativeMethodAccessorImpl.invoke(NativeMethodAccessorImpl.java:77)
	at java.base/jdk.internal.reflect.DelegatingMethodAccessorImpl.invoke(DelegatingMethodAccessorImpl.java:43)
	at java.base/java.lang.reflect.Method.invoke(Method.java:568)
	at org.springframework.aop.support.AopUtils.invokeJoinpointUsingReflection(AopUtils.java:354)
	at org.springframework.aop.framework.ReflectiveMethodInvocation.invokeJoinpoint(ReflectiveMethodInvocation.java:196)
	at org.springframework.aop.framework.ReflectiveMethodInvocation.proceed(ReflectiveMethodInvocation.java:163)
	at org.springframework.aop.framework.CglibAopProxy$CglibMethodInvocation.proceed(CglibAopProxy.java:768)
	at org.springframework.aop.aspectj.MethodInvocationProceedingJoinPoint.proceed(MethodInvocationProceedingJoinPoint.java:89)
	at kr.co.seoulit.common.aop.LoggerAspect.logPrint(LoggerAspect.java:31)
	at jdk.internal.reflect.GeneratedMethodAccessor102.invoke(Unknown Source)
	at java.base/jdk.internal.reflect.DelegatingMethodAccessorImpl.invoke(DelegatingMethodAccessorImpl.java:43)
	at java.base/java.lang.reflect.Method.invoke(Method.java:568)
	at org.springframework.aop.aspectj.AbstractAspectJAdvice.invokeAdviceMethodWithGivenArgs(AbstractAspectJAdvice.java:637)
	at org.springframework.aop.aspectj.AbstractAspectJAdvice.invokeAdviceMethod(AbstractAspectJAdvice.java:627)
	at org.springframework.aop.aspectj.AspectJAroundAdvice.invoke(AspectJAroundAdvice.java:71)
	at org.springframework.aop.framework.ReflectiveMethodInvocation.proceed(ReflectiveMethodInvocation.java:184)
	at org.springframework.aop.framework.CglibAopProxy$CglibMethodInvocation.proceed(CglibAopProxy.java:768)
	at org.springframework.aop.interceptor.ExposeInvocationInterceptor.invoke(ExposeInvocationInterceptor.java:97)
	at org.springframework.aop.framework.ReflectiveMethodInvocation.proceed(ReflectiveMethodInvocation.java:184)
	at org.springframework.aop.framework.CglibAopProxy$CglibMethodInvocation.proceed(CglibAopProxy.java:768)
	at org.springframework.aop.framework.CglibAopProxy$DynamicAdvisedInterceptor.intercept(CglibAopProxy.java:720)
	at kr.co.seoulit.reception.controller.ReceptionController$$SpringCGLIB$$0.updateReceptionStatus(<generated>)
	at java.base/jdk.internal.reflect.NativeMethodAccessorImpl.invoke0(Native Method)
	at java.base/jdk.internal.reflect.NativeMethodAccessorImpl.invoke(NativeMethodAccessorImpl.java:77)
	at java.base/jdk.internal.reflect.DelegatingMethodAccessorImpl.invoke(DelegatingMethodAccessorImpl.java:43)
	at java.base/java.lang.reflect.Method.invoke(Method.java:568)
	at org.springframework.web.method.support.InvocableHandlerMethod.doInvoke(InvocableHandlerMethod.java:255)
	at org.springframework.web.method.support.InvocableHandlerMethod.invokeForRequest(InvocableHandlerMethod.java:188)
	at org.springframework.web.servlet.mvc.method.annotation.ServletInvocableHandlerMethod.invokeAndHandle(ServletInvocableHandlerMethod.java:118)
	at org.springframework.web.servlet.mvc.method.annotation.RequestMappingHandlerAdapter.invokeHandlerMethod(RequestMappingHandlerAdapter.java:926)
	at org.springframework.web.servlet.mvc.method.annotation.RequestMappingHandlerAdapter.handleInternal(RequestMappingHandlerAdapter.java:831)
	at org.springframework.web.servlet.mvc.method.AbstractHandlerMethodAdapter.handle(AbstractHandlerMethodAdapter.java:87)
	at org.springframework.web.servlet.DispatcherServlet.doDispatch(DispatcherServlet.java:1089)
	at org.springframework.web.servlet.DispatcherServlet.doService(DispatcherServlet.java:979)
	at org.springframework.web.servlet.FrameworkServlet.processRequest(FrameworkServlet.java:1014)
	at org.springframework.web.servlet.FrameworkServlet.service(FrameworkServlet.java:888)
	at jakarta.servlet.http.HttpServlet.service(HttpServlet.java:658)
	at org.apache.catalina.core.ApplicationFilterChain.internalDoFilter(ApplicationFilterChain.java:195)
	at org.apache.catalina.core.ApplicationFilterChain.doFilter(ApplicationFilterChain.java:140)
	at org.apache.tomcat.websocket.server.WsFilter.doFilter(WsFilter.java:51)
	at org.apache.catalina.core.ApplicationFilterChain.internalDoFilter(ApplicationFilterChain.java:164)
	at org.apache.catalina.core.ApplicationFilterChain.doFilter(ApplicationFilterChain.java:140)
	at org.springframework.web.filter.CorsFilter.doFilterInternal(CorsFilter.java:91)
	at org.springframework.web.filter.OncePerRequestFilter.doFilter(OncePerRequestFilter.java:116)
	at org.apache.catalina.core.ApplicationFilterChain.internalDoFilter(ApplicationFilterChain.java:164)
	at org.apache.catalina.core.ApplicationFilterChain.doFilter(ApplicationFilterChain.java:140)
	at org.springframework.web.filter.RequestContextFilter.doFilterInternal(RequestContextFilter.java:100)
	at org.springframework.web.filter.OncePerRequestFilter.doFilter(OncePerRequestFilter.java:116)
	at org.apache.catalina.core.ApplicationFilterChain.internalDoFilter(ApplicationFilterChain.java:164)
	at org.apache.catalina.core.ApplicationFilterChain.doFilter(ApplicationFilterChain.java:140)
	at org.springframework.web.filter.FormContentFilter.doFilterInternal(FormContentFilter.java:93)
	at org.springframework.web.filter.OncePerRequestFilter.doFilter(OncePerRequestFilter.java:116)
	at org.apache.catalina.core.ApplicationFilterChain.internalDoFilter(ApplicationFilterChain.java:164)
	at org.apache.catalina.core.ApplicationFilterChain.doFilter(ApplicationFilterChain.java:140)
	at org.springframework.web.filter.CharacterEncodingFilter.doFilterInternal(CharacterEncodingFilter.java:201)
	at org.springframework.web.filter.OncePerRequestFilter.doFilter(OncePerRequestFilter.java:116)
	at org.apache.catalina.core.ApplicationFilterChain.internalDoFilter(ApplicationFilterChain.java:164)
	at org.apache.catalina.core.ApplicationFilterChain.doFilter(ApplicationFilterChain.java:140)
	at org.apache.catalina.core.StandardWrapperValve.invoke(StandardWrapperValve.java:167)
	at org.apache.catalina.core.StandardContextValve.invoke(StandardContextValve.java:90)
	at org.apache.catalina.authenticator.AuthenticatorBase.invoke(AuthenticatorBase.java:483)
	at org.apache.catalina.core.StandardHostValve.invoke(StandardHostValve.java:115)
	at org.apache.catalina.valves.ErrorReportValve.invoke(ErrorReportValve.java:93)
	at org.apache.catalina.core.StandardEngineValve.invoke(StandardEngineValve.java:74)
	at org.apache.catalina.connector.CoyoteAdapter.service(CoyoteAdapter.java:344)
	at org.apache.coyote.http11.Http11Processor.service(Http11Processor.java:389)
	at org.apache.coyote.AbstractProcessorLight.process(AbstractProcessorLight.java:63)
	at org.apache.coyote.AbstractProtocol$ConnectionHandler.process(AbstractProtocol.java:904)
	at org.apache.tomcat.util.net.NioEndpoint$SocketProcessor.doRun(NioEndpoint.java:1741)
	at org.apache.tomcat.util.net.SocketProcessorBase.run(SocketProcessorBase.java:52)
	at org.apache.tomcat.util.threads.ThreadPoolExecutor.runWorker(ThreadPoolExecutor.java:1190)
	at org.apache.tomcat.util.threads.ThreadPoolExecutor$Worker.run(ThreadPoolExecutor.java:659)
	at org.apache.tomcat.util.threads.TaskThread$WrappingRunnable.run(TaskThread.java:63)
	at java.base/java.lang.Thread.run(Thread.java:842)
Caused by: org.hibernate.exception.ConstraintViolationException: could not execute statement [ORA-02290: check constraint (STM.CHK_RECEPTION_STATUS_HI_349CDE) violated
] [insert into reception_status_history (changed_at,changed_by,from_status,reason_code,reason_text,reception_id,to_status,status_history_id) values (?,?,?,?,?,?,?,?)]
	at org.hibernate.exception.internal.SQLExceptionTypeDelegate.convert(SQLExceptionTypeDelegate.java:62)
	at org.hibernate.exception.internal.StandardSQLExceptionConverter.convert(StandardSQLExceptionConverter.java:58)
	at org.hibernate.engine.jdbc.spi.SqlExceptionHelper.convert(SqlExceptionHelper.java:108)
	at org.hibernate.engine.jdbc.internal.ResultSetReturnImpl.executeUpdate(ResultSetReturnImpl.java:197)
	at org.hibernate.engine.jdbc.mutation.internal.AbstractMutationExecutor.performNonBatchedMutation(AbstractMutationExecutor.java:134)
	at org.hibernate.engine.jdbc.mutation.internal.MutationExecutorSingleNonBatched.performNonBatchedOperations(MutationExecutorSingleNonBatched.java:55)
	at org.hibernate.engine.jdbc.mutation.internal.AbstractMutationExecutor.execute(AbstractMutationExecutor.java:55)
	at org.hibernate.persister.entity.mutation.InsertCoordinatorStandard.doStaticInserts(InsertCoordinatorStandard.java:194)
	at org.hibernate.persister.entity.mutation.InsertCoordinatorStandard.coordinateInsert(InsertCoordinatorStandard.java:132)
	at org.hibernate.persister.entity.mutation.InsertCoordinatorStandard.insert(InsertCoordinatorStandard.java:104)
	at org.hibernate.action.internal.EntityInsertAction.execute(EntityInsertAction.java:110)
	at org.hibernate.engine.spi.ActionQueue.executeActions(ActionQueue.java:632)
	at org.hibernate.engine.spi.ActionQueue.executeActions(ActionQueue.java:499)
	at org.hibernate.event.internal.AbstractFlushingEventListener.performExecutions(AbstractFlushingEventListener.java:371)
	at org.hibernate.event.internal.DefaultFlushEventListener.onFlush(DefaultFlushEventListener.java:41)
	at org.hibernate.event.service.internal.EventListenerGroupImpl.fireEventOnEachListener(EventListenerGroupImpl.java:127)
	at org.hibernate.internal.SessionImpl.doFlush(SessionImpl.java:1425)
	at org.hibernate.internal.SessionImpl.managedFlush(SessionImpl.java:487)
	at org.hibernate.internal.SessionImpl.flushBeforeTransactionCompletion(SessionImpl.java:2324)
	at org.hibernate.internal.SessionImpl.beforeTransactionCompletion(SessionImpl.java:1981)
	at org.hibernate.engine.jdbc.internal.JdbcCoordinatorImpl.beforeTransactionCompletion(JdbcCoordinatorImpl.java:439)
	at org.hibernate.resource.transaction.backend.jdbc.internal.JdbcResourceLocalTransactionCoordinatorImpl.beforeCompletionCallback(JdbcResourceLocalTransactionCoordinatorImpl.java:169)
	at org.hibernate.resource.transaction.backend.jdbc.internal.JdbcResourceLocalTransactionCoordinatorImpl$TransactionDriverControlImpl.commit(JdbcResourceLocalTransactionCoordinatorImpl.java:267)
	at org.hibernate.engine.transaction.internal.TransactionImpl.commit(TransactionImpl.java:101)
	at org.springframework.orm.jpa.JpaTransactionManager.doCommit(JpaTransactionManager.java:562)
	... 96 common frames omitted
Caused by: java.sql.SQLIntegrityConstraintViolationException: ORA-02290: check constraint (STM.CHK_RECEPTION_STATUS_HI_349CDE) violated

	at oracle.jdbc.driver.T4CTTIoer11.processError(T4CTTIoer11.java:630)
	at oracle.jdbc.driver.T4CTTIoer11.processError(T4CTTIoer11.java:564)
	at oracle.jdbc.driver.T4C8Oall.processError(T4C8Oall.java:1231)
	at oracle.jdbc.driver.T4CTTIfun.receive(T4CTTIfun.java:772)
	at oracle.jdbc.driver.T4CTTIfun.doRPC(T4CTTIfun.java:299)
	at oracle.jdbc.driver.T4C8Oall.doOALL(T4C8Oall.java:512)
	at oracle.jdbc.driver.T4CPreparedStatement.doOall8(T4CPreparedStatement.java:163)
	at oracle.jdbc.driver.T4CPreparedStatement.executeForRows(T4CPreparedStatement.java:1241)
	at oracle.jdbc.driver.OracleStatement.executeSQLStatement(OracleStatement.java:1820)
	at oracle.jdbc.driver.OracleStatement.doExecuteWithTimeout(OracleStatement.java:1472)
	at oracle.jdbc.driver.OraclePreparedStatement.executeInternal(OraclePreparedStatement.java:3761)
	at oracle.jdbc.driver.OraclePreparedStatement.executeLargeUpdate(OraclePreparedStatement.java:4062)
	at oracle.jdbc.driver.OraclePreparedStatement.executeUpdate(OraclePreparedStatement.java:4037)
	at oracle.jdbc.driver.OraclePreparedStatementWrapper.executeUpdate(OraclePreparedStatementWrapper.java:996)
	at com.zaxxer.hikari.pool.ProxyPreparedStatement.executeUpdate(ProxyPreparedStatement.java:61)
	at com.zaxxer.hikari.pool.HikariProxyPreparedStatement.executeUpdate(HikariProxyPreparedStatement.java)
	at org.hibernate.engine.jdbc.internal.ResultSetReturnImpl.executeUpdate(ResultSetReturnImpl.java:194)
	... 117 common frames omitted
Caused by: oracle.jdbc.OracleDatabaseException: ORA-02290: check constraint (STM.CHK_RECEPTION_STATUS_HI_349CDE) violated

	at oracle.jdbc.driver.T4CTTIoer11.processError(T4CTTIoer11.java:637)
	... 133 common frames omitted
2026-03-04 11:20:51.146 INFO  k.co.seoulit.common.aop.LoggerAspect - Controller  : kr.co.seoulit.reception.controller.ReceptionController.updateReceptionStatus()시작
2026-03-04 11:20:51.146 INFO  k.c.s.r.c.ReceptionController - Update reception status request: id=56, status=CANCELED
2026-03-04 11:20:51.152 INFO  k.co.seoulit.common.aop.LoggerAspect - ServiceImpl  : kr.co.seoulit.reception.service.ReceptionServiceImpl.updateReceptionStatus()시작
2026-03-04 11:20:51.153 DEBUG org.hibernate.SQL - select re1_0.reception_id,re1_0.arrived_at,re1_0.cancel_reason_code,re1_0.cancel_reason_text,re1_0.created_at,re1_0.created_by,re1_0.department_id,re1_0.department_name,re1_0.doctor_id,re1_0.doctor_name,re1_0.hold_reason_code,re1_0.hold_reason_text,re1_0.inactive_at,re1_0.inactive_reason_code,re1_0.inactive_reason_text,re1_0.is_active,re1_0.note,re1_0.patient_id,re1_0.patient_name,re1_0.reception_no,re1_0.reservation_id,re1_0.scheduled_at,re1_0.status,re1_0.updated_at,re1_0.updated_by,re1_0.visit_type from reception re1_0 where re1_0.reception_id=?
2026-03-04 11:20:51.153 TRACE org.hibernate.orm.jdbc.bind - binding parameter (1:BIGINT) <- [56]
2026-03-04 11:20:51.160 INFO  k.co.seoulit.common.aop.LoggerAspect - kr.co.seoulit.reception.mapstruct.ReceptionResMapStructImpl.toDto()시작
2026-03-04 11:20:51.160 INFO  k.co.seoulit.common.aop.LoggerAspect - kr.co.seoulit.reception.mapstruct.ReceptionResMapStructImpl.toDto()종료
2026-03-04 11:20:51.161 DEBUG org.hibernate.SQL - select seq_reception_status_history.nextval from dual
2026-03-04 11:20:51.168 INFO  k.co.seoulit.common.aop.LoggerAspect - kr.co.seoulit.reception.mapstruct.ReceptionResMapStructImpl.toDto()시작
2026-03-04 11:20:51.168 INFO  k.co.seoulit.common.aop.LoggerAspect - kr.co.seoulit.reception.mapstruct.ReceptionResMapStructImpl.toDto()종료
2026-03-04 11:20:51.169 DEBUG org.hibernate.SQL - select seq_audit_log.nextval from dual
2026-03-04 11:20:51.175 INFO  k.co.seoulit.common.aop.LoggerAspect - kr.co.seoulit.reception.mapstruct.ReceptionResMapStructImpl.toDto()시작
2026-03-04 11:20:51.175 INFO  k.co.seoulit.common.aop.LoggerAspect - kr.co.seoulit.reception.mapstruct.ReceptionResMapStructImpl.toDto()종료
2026-03-04 11:20:51.175 INFO  k.co.seoulit.common.aop.LoggerAspect - ServiceImpl  : kr.co.seoulit.reception.service.ReceptionServiceImpl.updateReceptionStatus()종료
2026-03-04 11:20:51.176 DEBUG org.hibernate.SQL - insert into reception_status_history (changed_at,changed_by,from_status,reason_code,reason_text,reception_id,to_status,status_history_id) values (?,?,?,?,?,?,?,?)
2026-03-04 11:20:51.176 TRACE org.hibernate.orm.jdbc.bind - binding parameter (1:TIMESTAMP) <- [2026-03-04T11:20:51.176046]
2026-03-04 11:20:51.176 TRACE org.hibernate.orm.jdbc.bind - binding parameter (2:BIGINT) <- [null]
2026-03-04 11:20:51.176 TRACE org.hibernate.orm.jdbc.bind - binding parameter (3:VARCHAR) <- [WAITING]
2026-03-04 11:20:51.176 TRACE org.hibernate.orm.jdbc.bind - binding parameter (4:VARCHAR) <- [null]
2026-03-04 11:20:51.177 TRACE org.hibernate.orm.jdbc.bind - binding parameter (5:VARCHAR) <- [null]
2026-03-04 11:20:51.177 TRACE org.hibernate.orm.jdbc.bind - binding parameter (6:BIGINT) <- [56]
2026-03-04 11:20:51.177 TRACE org.hibernate.orm.jdbc.bind - binding parameter (7:VARCHAR) <- [CANCELED]
2026-03-04 11:20:51.177 TRACE org.hibernate.orm.jdbc.bind - binding parameter (8:BIGINT) <- [40]
2026-03-04 11:20:51.184 DEBUG org.hibernate.SQL - insert into audit_log (action,actor_id,after_json,before_json,diff_json,entity_id,entity_type,occurred_at,reason_code,reason_text,audit_log_id) values (?,?,?,?,?,?,?,?,?,?,?)
2026-03-04 11:20:51.185 TRACE org.hibernate.orm.jdbc.bind - binding parameter (1:VARCHAR) <- [STATUS_CHANGE]
2026-03-04 11:20:51.185 TRACE org.hibernate.orm.jdbc.bind - binding parameter (2:BIGINT) <- [null]
2026-03-04 11:20:51.185 TRACE org.hibernate.orm.jdbc.bind - binding parameter (3:VARCHAR) <- [{"receptionId":56,"receptionNo":"20260303-302","patientId":16,"patientName":"김자바","visitType":"OUTPATIENT","departmentId":3,"departmentName":"정형외과","doctorId":3,"doctorName":"성숙희","reservationId":11,"scheduledAt":"2026-03-04T10:14:00","arrivedAt":null,"status":"CANCELED","note":"예약 당일 자동 접수 생성","isActive":true,"inactiveAt":null,"inactiveReasonCode":null,"inactiveReasonText":null,"cancelReasonCode":null,"cancelReasonText":null,"holdReasonCode":null,"holdReasonText":null,"createdBy":null,"updatedBy":null,"createdAt":"2026-03-04T09:34:54.397755","updatedAt":"2026-03-04T09:34:54.397755"}]
2026-03-04 11:20:51.185 TRACE org.hibernate.orm.jdbc.bind - binding parameter (4:VARCHAR) <- [{"receptionId":56,"receptionNo":"20260303-302","patientId":16,"patientName":"김자바","visitType":"OUTPATIENT","departmentId":3,"departmentName":"정형외과","doctorId":3,"doctorName":"성숙희","reservationId":11,"scheduledAt":"2026-03-04T10:14:00","arrivedAt":null,"status":"WAITING","note":"예약 당일 자동 접수 생성","isActive":true,"inactiveAt":null,"inactiveReasonCode":null,"inactiveReasonText":null,"cancelReasonCode":null,"cancelReasonText":null,"holdReasonCode":null,"holdReasonText":null,"createdBy":null,"updatedBy":null,"createdAt":"2026-03-04T09:34:54.397755","updatedAt":"2026-03-04T09:34:54.397755"}]
2026-03-04 11:20:51.185 TRACE org.hibernate.orm.jdbc.bind - binding parameter (5:VARCHAR) <- [null]
2026-03-04 11:20:51.185 TRACE org.hibernate.orm.jdbc.bind - binding parameter (6:BIGINT) <- [56]
2026-03-04 11:20:51.185 TRACE org.hibernate.orm.jdbc.bind - binding parameter (7:VARCHAR) <- [RECEPTION]
2026-03-04 11:20:51.185 TRACE org.hibernate.orm.jdbc.bind - binding parameter (8:TIMESTAMP) <- [2026-03-04T11:20:51.184079]
2026-03-04 11:20:51.185 TRACE org.hibernate.orm.jdbc.bind - binding parameter (9:VARCHAR) <- [null]
2026-03-04 11:20:51.186 TRACE org.hibernate.orm.jdbc.bind - binding parameter (10:VARCHAR) <- [null]
2026-03-04 11:20:51.186 TRACE org.hibernate.orm.jdbc.bind - binding parameter (11:BIGINT) <- [165]
2026-03-04 11:20:51.198 DEBUG org.hibernate.SQL - update reception set arrived_at=?,cancel_reason_code=?,cancel_reason_text=?,created_by=?,department_id=?,department_name=?,doctor_id=?,doctor_name=?,hold_reason_code=?,hold_reason_text=?,inactive_at=?,inactive_reason_code=?,inactive_reason_text=?,is_active=?,note=?,patient_id=?,patient_name=?,reception_no=?,reservation_id=?,scheduled_at=?,status=?,updated_at=?,updated_by=?,visit_type=? where reception_id=?
2026-03-04 11:20:51.198 TRACE org.hibernate.orm.jdbc.bind - binding parameter (1:TIMESTAMP) <- [null]
2026-03-04 11:20:51.198 TRACE org.hibernate.orm.jdbc.bind - binding parameter (2:VARCHAR) <- [null]
2026-03-04 11:20:51.198 TRACE org.hibernate.orm.jdbc.bind - binding parameter (3:VARCHAR) <- [null]
2026-03-04 11:20:51.198 TRACE org.hibernate.orm.jdbc.bind - binding parameter (4:BIGINT) <- [null]
2026-03-04 11:20:51.199 TRACE org.hibernate.orm.jdbc.bind - binding parameter (5:BIGINT) <- [3]
2026-03-04 11:20:51.199 TRACE org.hibernate.orm.jdbc.bind - binding parameter (6:VARCHAR) <- [정형외과]
2026-03-04 11:20:51.200 TRACE org.hibernate.orm.jdbc.bind - binding parameter (7:BIGINT) <- [3]
2026-03-04 11:20:51.200 TRACE org.hibernate.orm.jdbc.bind - binding parameter (8:VARCHAR) <- [성숙희]
2026-03-04 11:20:51.200 TRACE org.hibernate.orm.jdbc.bind - binding parameter (9:VARCHAR) <- [null]
2026-03-04 11:20:51.200 TRACE org.hibernate.orm.jdbc.bind - binding parameter (10:VARCHAR) <- [null]
2026-03-04 11:20:51.200 TRACE org.hibernate.orm.jdbc.bind - binding parameter (11:TIMESTAMP) <- [null]
2026-03-04 11:20:51.200 TRACE org.hibernate.orm.jdbc.bind - binding parameter (12:VARCHAR) <- [null]
2026-03-04 11:20:51.200 TRACE org.hibernate.orm.jdbc.bind - binding parameter (13:VARCHAR) <- [null]
2026-03-04 11:20:51.200 TRACE org.hibernate.orm.jdbc.bind - binding parameter (14:BOOLEAN) <- [true]
2026-03-04 11:20:51.200 TRACE org.hibernate.orm.jdbc.bind - binding parameter (15:VARCHAR) <- [예약 당일 자동 접수 생성]
2026-03-04 11:20:51.200 TRACE org.hibernate.orm.jdbc.bind - binding parameter (16:BIGINT) <- [16]
2026-03-04 11:20:51.200 TRACE org.hibernate.orm.jdbc.bind - binding parameter (17:VARCHAR) <- [김자바]
2026-03-04 11:20:51.200 TRACE org.hibernate.orm.jdbc.bind - binding parameter (18:VARCHAR) <- [20260303-302]
2026-03-04 11:20:51.201 TRACE org.hibernate.orm.jdbc.bind - binding parameter (19:BIGINT) <- [11]
2026-03-04 11:20:51.201 TRACE org.hibernate.orm.jdbc.bind - binding parameter (20:TIMESTAMP) <- [2026-03-04T10:14]
2026-03-04 11:20:51.201 TRACE org.hibernate.orm.jdbc.bind - binding parameter (21:VARCHAR) <- [CANCELED]
2026-03-04 11:20:51.201 TRACE org.hibernate.orm.jdbc.bind - binding parameter (22:TIMESTAMP) <- [2026-03-04T11:20:51.197047]
2026-03-04 11:20:51.201 TRACE org.hibernate.orm.jdbc.bind - binding parameter (23:BIGINT) <- [null]
2026-03-04 11:20:51.201 TRACE org.hibernate.orm.jdbc.bind - binding parameter (24:VARCHAR) <- [OUTPATIENT]
2026-03-04 11:20:51.201 TRACE org.hibernate.orm.jdbc.bind - binding parameter (25:BIGINT) <- [56]
2026-03-04 11:20:51.215 INFO  k.co.seoulit.common.aop.LoggerAspect - Controller  : kr.co.seoulit.reception.controller.ReceptionController.updateReceptionStatus()종료
2026-03-04 11:20:55.716 INFO  k.co.seoulit.common.aop.LoggerAspect - Controller  : kr.co.seoulit.reception.controller.ReceptionController.updateReceptionStatus()시작
2026-03-04 11:20:55.716 INFO  k.c.s.r.c.ReceptionController - Update reception status request: id=54, status=CANCELED
2026-03-04 11:20:55.723 INFO  k.co.seoulit.common.aop.LoggerAspect - ServiceImpl  : kr.co.seoulit.reception.service.ReceptionServiceImpl.updateReceptionStatus()시작
2026-03-04 11:20:55.724 DEBUG org.hibernate.SQL - select re1_0.reception_id,re1_0.arrived_at,re1_0.cancel_reason_code,re1_0.cancel_reason_text,re1_0.created_at,re1_0.created_by,re1_0.department_id,re1_0.department_name,re1_0.doctor_id,re1_0.doctor_name,re1_0.hold_reason_code,re1_0.hold_reason_text,re1_0.inactive_at,re1_0.inactive_reason_code,re1_0.inactive_reason_text,re1_0.is_active,re1_0.note,re1_0.patient_id,re1_0.patient_name,re1_0.reception_no,re1_0.reservation_id,re1_0.scheduled_at,re1_0.status,re1_0.updated_at,re1_0.updated_by,re1_0.visit_type from reception re1_0 where re1_0.reception_id=?
2026-03-04 11:20:55.724 TRACE org.hibernate.orm.jdbc.bind - binding parameter (1:BIGINT) <- [54]
2026-03-04 11:20:55.732 INFO  k.co.seoulit.common.aop.LoggerAspect - kr.co.seoulit.reception.mapstruct.ReceptionResMapStructImpl.toDto()시작
2026-03-04 11:20:55.732 INFO  k.co.seoulit.common.aop.LoggerAspect - kr.co.seoulit.reception.mapstruct.ReceptionResMapStructImpl.toDto()종료
2026-03-04 11:20:55.732 DEBUG org.hibernate.SQL - select seq_reception_status_history.nextval from dual
2026-03-04 11:20:55.741 INFO  k.co.seoulit.common.aop.LoggerAspect - kr.co.seoulit.reception.mapstruct.ReceptionResMapStructImpl.toDto()시작
2026-03-04 11:20:55.741 INFO  k.co.seoulit.common.aop.LoggerAspect - kr.co.seoulit.reception.mapstruct.ReceptionResMapStructImpl.toDto()종료
2026-03-04 11:20:55.742 DEBUG org.hibernate.SQL - select seq_audit_log.nextval from dual
2026-03-04 11:20:55.749 INFO  k.co.seoulit.common.aop.LoggerAspect - kr.co.seoulit.reception.mapstruct.ReceptionResMapStructImpl.toDto()시작
2026-03-04 11:20:55.749 INFO  k.co.seoulit.common.aop.LoggerAspect - kr.co.seoulit.reception.mapstruct.ReceptionResMapStructImpl.toDto()종료
2026-03-04 11:20:55.751 INFO  k.co.seoulit.common.aop.LoggerAspect - ServiceImpl  : kr.co.seoulit.reception.service.ReceptionServiceImpl.updateReceptionStatus()종료
2026-03-04 11:20:55.751 DEBUG org.hibernate.SQL - insert into reception_status_history (changed_at,changed_by,from_status,reason_code,reason_text,reception_id,to_status,status_history_id) values (?,?,?,?,?,?,?,?)
2026-03-04 11:20:55.751 TRACE org.hibernate.orm.jdbc.bind - binding parameter (1:TIMESTAMP) <- [2026-03-04T11:20:55.751002]
2026-03-04 11:20:55.751 TRACE org.hibernate.orm.jdbc.bind - binding parameter (2:BIGINT) <- [null]
2026-03-04 11:20:55.751 TRACE org.hibernate.orm.jdbc.bind - binding parameter (3:VARCHAR) <- [REGISTERED]
2026-03-04 11:20:55.751 TRACE org.hibernate.orm.jdbc.bind - binding parameter (4:VARCHAR) <- [null]
2026-03-04 11:20:55.751 TRACE org.hibernate.orm.jdbc.bind - binding parameter (5:VARCHAR) <- [null]
2026-03-04 11:20:55.751 TRACE org.hibernate.orm.jdbc.bind - binding parameter (6:BIGINT) <- [54]
2026-03-04 11:20:55.751 TRACE org.hibernate.orm.jdbc.bind - binding parameter (7:VARCHAR) <- [CANCELED]
2026-03-04 11:20:55.751 TRACE org.hibernate.orm.jdbc.bind - binding parameter (8:BIGINT) <- [41]
2026-03-04 11:20:55.767 WARN  o.h.e.jdbc.spi.SqlExceptionHelper - SQL Error: 2290, SQLState: 23000
2026-03-04 11:20:55.767 ERROR o.h.e.jdbc.spi.SqlExceptionHelper - ORA-02290: check constraint (STM.CHK_RECEPTION_STATUS_HI_349CDE) violated

2026-03-04 11:20:55.772 ERROR k.c.s.c.h.GlobalExceptionHandler - Unhandled server error
org.springframework.dao.DataIntegrityViolationException: could not execute statement [ORA-02290: check constraint (STM.CHK_RECEPTION_STATUS_HI_349CDE) violated
] [insert into reception_status_history (changed_at,changed_by,from_status,reason_code,reason_text,reception_id,to_status,status_history_id) values (?,?,?,?,?,?,?,?)]; SQL [insert into reception_status_history (changed_at,changed_by,from_status,reason_code,reason_text,reception_id,to_status,status_history_id) values (?,?,?,?,?,?,?,?)]; constraint [null]
	at org.springframework.orm.jpa.vendor.HibernateJpaDialect.convertHibernateAccessException(HibernateJpaDialect.java:290)
	at org.springframework.orm.jpa.vendor.HibernateJpaDialect.translateExceptionIfPossible(HibernateJpaDialect.java:241)
	at org.springframework.orm.jpa.JpaTransactionManager.doCommit(JpaTransactionManager.java:566)
	at org.springframework.transaction.support.AbstractPlatformTransactionManager.processCommit(AbstractPlatformTransactionManager.java:795)
	at org.springframework.transaction.support.AbstractPlatformTransactionManager.commit(AbstractPlatformTransactionManager.java:758)
	at org.springframework.transaction.interceptor.TransactionAspectSupport.commitTransactionAfterReturning(TransactionAspectSupport.java:663)
	at org.springframework.transaction.interceptor.TransactionAspectSupport.invokeWithinTransaction(TransactionAspectSupport.java:413)
	at org.springframework.transaction.interceptor.TransactionInterceptor.invoke(TransactionInterceptor.java:119)
	at org.springframework.aop.framework.ReflectiveMethodInvocation.proceed(ReflectiveMethodInvocation.java:184)
	at org.springframework.aop.framework.CglibAopProxy$CglibMethodInvocation.proceed(CglibAopProxy.java:768)
	at org.springframework.cache.interceptor.CacheInterceptor.lambda$invoke$0(CacheInterceptor.java:64)
	at org.springframework.cache.interceptor.CacheAspectSupport.invokeOperation(CacheAspectSupport.java:416)
	at org.springframework.cache.interceptor.CacheAspectSupport.evaluate(CacheAspectSupport.java:548)
	at org.springframework.cache.interceptor.CacheAspectSupport.execute(CacheAspectSupport.java:433)
	at org.springframework.cache.interceptor.CacheAspectSupport.execute(CacheAspectSupport.java:395)
	at org.springframework.cache.interceptor.CacheInterceptor.invoke(CacheInterceptor.java:74)
	at org.springframework.aop.framework.ReflectiveMethodInvocation.proceed(ReflectiveMethodInvocation.java:184)
	at org.springframework.aop.framework.CglibAopProxy$CglibMethodInvocation.proceed(CglibAopProxy.java:768)
	at org.springframework.aop.interceptor.ExposeInvocationInterceptor.invoke(ExposeInvocationInterceptor.java:97)
	at org.springframework.aop.framework.ReflectiveMethodInvocation.proceed(ReflectiveMethodInvocation.java:184)
	at org.springframework.aop.framework.CglibAopProxy$CglibMethodInvocation.proceed(CglibAopProxy.java:768)
	at org.springframework.aop.framework.CglibAopProxy$DynamicAdvisedInterceptor.intercept(CglibAopProxy.java:720)
	at kr.co.seoulit.reception.service.ReceptionServiceImpl$$SpringCGLIB$$0.updateReceptionStatus(<generated>)
	at kr.co.seoulit.reception.controller.ReceptionController.updateReceptionStatus(ReceptionController.java:106)
	at java.base/jdk.internal.reflect.NativeMethodAccessorImpl.invoke0(Native Method)
	at java.base/jdk.internal.reflect.NativeMethodAccessorImpl.invoke(NativeMethodAccessorImpl.java:77)
	at java.base/jdk.internal.reflect.DelegatingMethodAccessorImpl.invoke(DelegatingMethodAccessorImpl.java:43)
	at java.base/java.lang.reflect.Method.invoke(Method.java:568)
	at org.springframework.aop.support.AopUtils.invokeJoinpointUsingReflection(AopUtils.java:354)
	at org.springframework.aop.framework.ReflectiveMethodInvocation.invokeJoinpoint(ReflectiveMethodInvocation.java:196)
	at org.springframework.aop.framework.ReflectiveMethodInvocation.proceed(ReflectiveMethodInvocation.java:163)
	at org.springframework.aop.framework.CglibAopProxy$CglibMethodInvocation.proceed(CglibAopProxy.java:768)
	at org.springframework.aop.aspectj.MethodInvocationProceedingJoinPoint.proceed(MethodInvocationProceedingJoinPoint.java:89)
	at kr.co.seoulit.common.aop.LoggerAspect.logPrint(LoggerAspect.java:31)
	at jdk.internal.reflect.GeneratedMethodAccessor102.invoke(Unknown Source)
	at java.base/jdk.internal.reflect.DelegatingMethodAccessorImpl.invoke(DelegatingMethodAccessorImpl.java:43)
	at java.base/java.lang.reflect.Method.invoke(Method.java:568)
	at org.springframework.aop.aspectj.AbstractAspectJAdvice.invokeAdviceMethodWithGivenArgs(AbstractAspectJAdvice.java:637)
	at org.springframework.aop.aspectj.AbstractAspectJAdvice.invokeAdviceMethod(AbstractAspectJAdvice.java:627)
	at org.springframework.aop.aspectj.AspectJAroundAdvice.invoke(AspectJAroundAdvice.java:71)
	at org.springframework.aop.framework.ReflectiveMethodInvocation.proceed(ReflectiveMethodInvocation.java:184)
	at org.springframework.aop.framework.CglibAopProxy$CglibMethodInvocation.proceed(CglibAopProxy.java:768)
	at org.springframework.aop.interceptor.ExposeInvocationInterceptor.invoke(ExposeInvocationInterceptor.java:97)
	at org.springframework.aop.framework.ReflectiveMethodInvocation.proceed(ReflectiveMethodInvocation.java:184)
	at org.springframework.aop.framework.CglibAopProxy$CglibMethodInvocation.proceed(CglibAopProxy.java:768)
	at org.springframework.aop.framework.CglibAopProxy$DynamicAdvisedInterceptor.intercept(CglibAopProxy.java:720)
	at kr.co.seoulit.reception.controller.ReceptionController$$SpringCGLIB$$0.updateReceptionStatus(<generated>)
	at java.base/jdk.internal.reflect.NativeMethodAccessorImpl.invoke0(Native Method)
	at java.base/jdk.internal.reflect.NativeMethodAccessorImpl.invoke(NativeMethodAccessorImpl.java:77)
	at java.base/jdk.internal.reflect.DelegatingMethodAccessorImpl.invoke(DelegatingMethodAccessorImpl.java:43)
	at java.base/java.lang.reflect.Method.invoke(Method.java:568)
	at org.springframework.web.method.support.InvocableHandlerMethod.doInvoke(InvocableHandlerMethod.java:255)
	at org.springframework.web.method.support.InvocableHandlerMethod.invokeForRequest(InvocableHandlerMethod.java:188)
	at org.springframework.web.servlet.mvc.method.annotation.ServletInvocableHandlerMethod.invokeAndHandle(ServletInvocableHandlerMethod.java:118)
	at org.springframework.web.servlet.mvc.method.annotation.RequestMappingHandlerAdapter.invokeHandlerMethod(RequestMappingHandlerAdapter.java:926)
	at org.springframework.web.servlet.mvc.method.annotation.RequestMappingHandlerAdapter.handleInternal(RequestMappingHandlerAdapter.java:831)
	at org.springframework.web.servlet.mvc.method.AbstractHandlerMethodAdapter.handle(AbstractHandlerMethodAdapter.java:87)
	at org.springframework.web.servlet.DispatcherServlet.doDispatch(DispatcherServlet.java:1089)
	at org.springframework.web.servlet.DispatcherServlet.doService(DispatcherServlet.java:979)
	at org.springframework.web.servlet.FrameworkServlet.processRequest(FrameworkServlet.java:1014)
	at org.springframework.web.servlet.FrameworkServlet.service(FrameworkServlet.java:888)
	at jakarta.servlet.http.HttpServlet.service(HttpServlet.java:658)
	at org.apache.catalina.core.ApplicationFilterChain.internalDoFilter(ApplicationFilterChain.java:195)
	at org.apache.catalina.core.ApplicationFilterChain.doFilter(ApplicationFilterChain.java:140)
	at org.apache.tomcat.websocket.server.WsFilter.doFilter(WsFilter.java:51)
	at org.apache.catalina.core.ApplicationFilterChain.internalDoFilter(ApplicationFilterChain.java:164)
	at org.apache.catalina.core.ApplicationFilterChain.doFilter(ApplicationFilterChain.java:140)
	at org.springframework.web.filter.CorsFilter.doFilterInternal(CorsFilter.java:91)
	at org.springframework.web.filter.OncePerRequestFilter.doFilter(OncePerRequestFilter.java:116)
	at org.apache.catalina.core.ApplicationFilterChain.internalDoFilter(ApplicationFilterChain.java:164)
	at org.apache.catalina.core.ApplicationFilterChain.doFilter(ApplicationFilterChain.java:140)
	at org.springframework.web.filter.RequestContextFilter.doFilterInternal(RequestContextFilter.java:100)
	at org.springframework.web.filter.OncePerRequestFilter.doFilter(OncePerRequestFilter.java:116)
	at org.apache.catalina.core.ApplicationFilterChain.internalDoFilter(ApplicationFilterChain.java:164)
	at org.apache.catalina.core.ApplicationFilterChain.doFilter(ApplicationFilterChain.java:140)
	at org.springframework.web.filter.FormContentFilter.doFilterInternal(FormContentFilter.java:93)
	at org.springframework.web.filter.OncePerRequestFilter.doFilter(OncePerRequestFilter.java:116)
	at org.apache.catalina.core.ApplicationFilterChain.internalDoFilter(ApplicationFilterChain.java:164)
	at org.apache.catalina.core.ApplicationFilterChain.doFilter(ApplicationFilterChain.java:140)
	at org.springframework.web.filter.CharacterEncodingFilter.doFilterInternal(CharacterEncodingFilter.java:201)
	at org.springframework.web.filter.OncePerRequestFilter.doFilter(OncePerRequestFilter.java:116)
	at org.apache.catalina.core.ApplicationFilterChain.internalDoFilter(ApplicationFilterChain.java:164)
	at org.apache.catalina.core.ApplicationFilterChain.doFilter(ApplicationFilterChain.java:140)
	at org.apache.catalina.core.StandardWrapperValve.invoke(StandardWrapperValve.java:167)
	at org.apache.catalina.core.StandardContextValve.invoke(StandardContextValve.java:90)
	at org.apache.catalina.authenticator.AuthenticatorBase.invoke(AuthenticatorBase.java:483)
	at org.apache.catalina.core.StandardHostValve.invoke(StandardHostValve.java:115)
	at org.apache.catalina.valves.ErrorReportValve.invoke(ErrorReportValve.java:93)
	at org.apache.catalina.core.StandardEngineValve.invoke(StandardEngineValve.java:74)
	at org.apache.catalina.connector.CoyoteAdapter.service(CoyoteAdapter.java:344)
	at org.apache.coyote.http11.Http11Processor.service(Http11Processor.java:389)
	at org.apache.coyote.AbstractProcessorLight.process(AbstractProcessorLight.java:63)
	at org.apache.coyote.AbstractProtocol$ConnectionHandler.process(AbstractProtocol.java:904)
	at org.apache.tomcat.util.net.NioEndpoint$SocketProcessor.doRun(NioEndpoint.java:1741)
	at org.apache.tomcat.util.net.SocketProcessorBase.run(SocketProcessorBase.java:52)
	at org.apache.tomcat.util.threads.ThreadPoolExecutor.runWorker(ThreadPoolExecutor.java:1190)
	at org.apache.tomcat.util.threads.ThreadPoolExecutor$Worker.run(ThreadPoolExecutor.java:659)
	at org.apache.tomcat.util.threads.TaskThread$WrappingRunnable.run(TaskThread.java:63)
	at java.base/java.lang.Thread.run(Thread.java:842)
Caused by: org.hibernate.exception.ConstraintViolationException: could not execute statement [ORA-02290: check constraint (STM.CHK_RECEPTION_STATUS_HI_349CDE) violated
] [insert into reception_status_history (changed_at,changed_by,from_status,reason_code,reason_text,reception_id,to_status,status_history_id) values (?,?,?,?,?,?,?,?)]
	at org.hibernate.exception.internal.SQLExceptionTypeDelegate.convert(SQLExceptionTypeDelegate.java:62)
	at org.hibernate.exception.internal.StandardSQLExceptionConverter.convert(StandardSQLExceptionConverter.java:58)
	at org.hibernate.engine.jdbc.spi.SqlExceptionHelper.convert(SqlExceptionHelper.java:108)
	at org.hibernate.engine.jdbc.internal.ResultSetReturnImpl.executeUpdate(ResultSetReturnImpl.java:197)
	at org.hibernate.engine.jdbc.mutation.internal.AbstractMutationExecutor.performNonBatchedMutation(AbstractMutationExecutor.java:134)
	at org.hibernate.engine.jdbc.mutation.internal.MutationExecutorSingleNonBatched.performNonBatchedOperations(MutationExecutorSingleNonBatched.java:55)
	at org.hibernate.engine.jdbc.mutation.internal.AbstractMutationExecutor.execute(AbstractMutationExecutor.java:55)
	at org.hibernate.persister.entity.mutation.InsertCoordinatorStandard.doStaticInserts(InsertCoordinatorStandard.java:194)
	at org.hibernate.persister.entity.mutation.InsertCoordinatorStandard.coordinateInsert(InsertCoordinatorStandard.java:132)
	at org.hibernate.persister.entity.mutation.InsertCoordinatorStandard.insert(InsertCoordinatorStandard.java:104)
	at org.hibernate.action.internal.EntityInsertAction.execute(EntityInsertAction.java:110)
	at org.hibernate.engine.spi.ActionQueue.executeActions(ActionQueue.java:632)
	at org.hibernate.engine.spi.ActionQueue.executeActions(ActionQueue.java:499)
	at org.hibernate.event.internal.AbstractFlushingEventListener.performExecutions(AbstractFlushingEventListener.java:371)
	at org.hibernate.event.internal.DefaultFlushEventListener.onFlush(DefaultFlushEventListener.java:41)
	at org.hibernate.event.service.internal.EventListenerGroupImpl.fireEventOnEachListener(EventListenerGroupImpl.java:127)
	at org.hibernate.internal.SessionImpl.doFlush(SessionImpl.java:1425)
	at org.hibernate.internal.SessionImpl.managedFlush(SessionImpl.java:487)
	at org.hibernate.internal.SessionImpl.flushBeforeTransactionCompletion(SessionImpl.java:2324)
	at org.hibernate.internal.SessionImpl.beforeTransactionCompletion(SessionImpl.java:1981)
	at org.hibernate.engine.jdbc.internal.JdbcCoordinatorImpl.beforeTransactionCompletion(JdbcCoordinatorImpl.java:439)
	at org.hibernate.resource.transaction.backend.jdbc.internal.JdbcResourceLocalTransactionCoordinatorImpl.beforeCompletionCallback(JdbcResourceLocalTransactionCoordinatorImpl.java:169)
	at org.hibernate.resource.transaction.backend.jdbc.internal.JdbcResourceLocalTransactionCoordinatorImpl$TransactionDriverControlImpl.commit(JdbcResourceLocalTransactionCoordinatorImpl.java:267)
	at org.hibernate.engine.transaction.internal.TransactionImpl.commit(TransactionImpl.java:101)
	at org.springframework.orm.jpa.JpaTransactionManager.doCommit(JpaTransactionManager.java:562)
	... 96 common frames omitted
Caused by: java.sql.SQLIntegrityConstraintViolationException: ORA-02290: check constraint (STM.CHK_RECEPTION_STATUS_HI_349CDE) violated

	at oracle.jdbc.driver.T4CTTIoer11.processError(T4CTTIoer11.java:630)
	at oracle.jdbc.driver.T4CTTIoer11.processError(T4CTTIoer11.java:564)
	at oracle.jdbc.driver.T4C8Oall.processError(T4C8Oall.java:1231)
	at oracle.jdbc.driver.T4CTTIfun.receive(T4CTTIfun.java:772)
	at oracle.jdbc.driver.T4CTTIfun.doRPC(T4CTTIfun.java:299)
	at oracle.jdbc.driver.T4C8Oall.doOALL(T4C8Oall.java:512)
	at oracle.jdbc.driver.T4CPreparedStatement.doOall8(T4CPreparedStatement.java:163)
	at oracle.jdbc.driver.T4CPreparedStatement.executeForRows(T4CPreparedStatement.java:1241)
	at oracle.jdbc.driver.OracleStatement.executeSQLStatement(OracleStatement.java:1820)
	at oracle.jdbc.driver.OracleStatement.doExecuteWithTimeout(OracleStatement.java:1472)
	at oracle.jdbc.driver.OraclePreparedStatement.executeInternal(OraclePreparedStatement.java:3761)
	at oracle.jdbc.driver.OraclePreparedStatement.executeLargeUpdate(OraclePreparedStatement.java:4062)
	at oracle.jdbc.driver.OraclePreparedStatement.executeUpdate(OraclePreparedStatement.java:4037)
	at oracle.jdbc.driver.OraclePreparedStatementWrapper.executeUpdate(OraclePreparedStatementWrapper.java:996)
	at com.zaxxer.hikari.pool.ProxyPreparedStatement.executeUpdate(ProxyPreparedStatement.java:61)
	at com.zaxxer.hikari.pool.HikariProxyPreparedStatement.executeUpdate(HikariProxyPreparedStatement.java)
	at org.hibernate.engine.jdbc.internal.ResultSetReturnImpl.executeUpdate(ResultSetReturnImpl.java:194)
	... 117 common frames omitted
Caused by: oracle.jdbc.OracleDatabaseException: ORA-02290: check constraint (STM.CHK_RECEPTION_STATUS_HI_349CDE) violated

	at oracle.jdbc.driver.T4CTTIoer11.processError(T4CTTIoer11.java:637)
	... 133 common frames omitted
2026-03-04 11:24:44.522 INFO  k.co.seoulit.common.aop.LoggerAspect - Controller  : kr.co.seoulit.reception.controller.ReceptionController.updateReceptionStatus()시작
2026-03-04 11:24:44.522 INFO  k.c.s.r.c.ReceptionController - Update reception status request: id=54, status=CANCELED
2026-03-04 11:24:44.532 INFO  k.co.seoulit.common.aop.LoggerAspect - ServiceImpl  : kr.co.seoulit.reception.service.ReceptionServiceImpl.updateReceptionStatus()시작
2026-03-04 11:24:44.533 DEBUG org.hibernate.SQL - select re1_0.reception_id,re1_0.arrived_at,re1_0.cancel_reason_code,re1_0.cancel_reason_text,re1_0.created_at,re1_0.created_by,re1_0.department_id,re1_0.department_name,re1_0.doctor_id,re1_0.doctor_name,re1_0.hold_reason_code,re1_0.hold_reason_text,re1_0.inactive_at,re1_0.inactive_reason_code,re1_0.inactive_reason_text,re1_0.is_active,re1_0.note,re1_0.patient_id,re1_0.patient_name,re1_0.reception_no,re1_0.reservation_id,re1_0.scheduled_at,re1_0.status,re1_0.updated_at,re1_0.updated_by,re1_0.visit_type from reception re1_0 where re1_0.reception_id=?
2026-03-04 11:24:44.533 TRACE org.hibernate.orm.jdbc.bind - binding parameter (1:BIGINT) <- [54]
2026-03-04 11:24:44.544 INFO  k.co.seoulit.common.aop.LoggerAspect - kr.co.seoulit.reception.mapstruct.ReceptionResMapStructImpl.toDto()시작
2026-03-04 11:24:44.544 INFO  k.co.seoulit.common.aop.LoggerAspect - kr.co.seoulit.reception.mapstruct.ReceptionResMapStructImpl.toDto()종료
2026-03-04 11:24:44.545 DEBUG org.hibernate.SQL - select seq_reception_status_history.nextval from dual
2026-03-04 11:24:44.601 INFO  k.co.seoulit.common.aop.LoggerAspect - kr.co.seoulit.reception.mapstruct.ReceptionResMapStructImpl.toDto()시작
2026-03-04 11:24:44.601 INFO  k.co.seoulit.common.aop.LoggerAspect - kr.co.seoulit.reception.mapstruct.ReceptionResMapStructImpl.toDto()종료
2026-03-04 11:24:44.601 DEBUG org.hibernate.SQL - select seq_audit_log.nextval from dual
2026-03-04 11:24:44.613 INFO  k.co.seoulit.common.aop.LoggerAspect - kr.co.seoulit.reception.mapstruct.ReceptionResMapStructImpl.toDto()시작
2026-03-04 11:24:44.613 INFO  k.co.seoulit.common.aop.LoggerAspect - kr.co.seoulit.reception.mapstruct.ReceptionResMapStructImpl.toDto()종료
2026-03-04 11:24:44.613 INFO  k.co.seoulit.common.aop.LoggerAspect - ServiceImpl  : kr.co.seoulit.reception.service.ReceptionServiceImpl.updateReceptionStatus()종료
2026-03-04 11:24:44.615 DEBUG org.hibernate.SQL - insert into reception_status_history (changed_at,changed_by,from_status,reason_code,reason_text,reception_id,to_status,status_history_id) values (?,?,?,?,?,?,?,?)
2026-03-04 11:24:44.617 TRACE org.hibernate.orm.jdbc.bind - binding parameter (1:TIMESTAMP) <- [2026-03-04T11:24:44.615532]
2026-03-04 11:24:44.617 TRACE org.hibernate.orm.jdbc.bind - binding parameter (2:BIGINT) <- [null]
2026-03-04 11:24:44.617 TRACE org.hibernate.orm.jdbc.bind - binding parameter (3:VARCHAR) <- [REGISTERED]
2026-03-04 11:24:44.617 TRACE org.hibernate.orm.jdbc.bind - binding parameter (4:VARCHAR) <- [null]
2026-03-04 11:24:44.618 TRACE org.hibernate.orm.jdbc.bind - binding parameter (5:VARCHAR) <- [null]
2026-03-04 11:24:44.618 TRACE org.hibernate.orm.jdbc.bind - binding parameter (6:BIGINT) <- [54]
2026-03-04 11:24:44.618 TRACE org.hibernate.orm.jdbc.bind - binding parameter (7:VARCHAR) <- [CANCELED]
2026-03-04 11:24:44.618 TRACE org.hibernate.orm.jdbc.bind - binding parameter (8:BIGINT) <- [42]
2026-03-04 11:24:44.663 WARN  o.h.e.jdbc.spi.SqlExceptionHelper - SQL Error: 2290, SQLState: 23000
2026-03-04 11:24:44.663 ERROR o.h.e.jdbc.spi.SqlExceptionHelper - ORA-02290: check constraint (STM.CHK_RECEPTION_STATUS_HI_349CDE) violated

2026-03-04 11:24:44.669 ERROR k.c.s.c.h.GlobalExceptionHandler - Unhandled server error
org.springframework.dao.DataIntegrityViolationException: could not execute statement [ORA-02290: check constraint (STM.CHK_RECEPTION_STATUS_HI_349CDE) violated
] [insert into reception_status_history (changed_at,changed_by,from_status,reason_code,reason_text,reception_id,to_status,status_history_id) values (?,?,?,?,?,?,?,?)]; SQL [insert into reception_status_history (changed_at,changed_by,from_status,reason_code,reason_text,reception_id,to_status,status_history_id) values (?,?,?,?,?,?,?,?)]; constraint [null]
	at org.springframework.orm.jpa.vendor.HibernateJpaDialect.convertHibernateAccessException(HibernateJpaDialect.java:290)
	at org.springframework.orm.jpa.vendor.HibernateJpaDialect.translateExceptionIfPossible(HibernateJpaDialect.java:241)
	at org.springframework.orm.jpa.JpaTransactionManager.doCommit(JpaTransactionManager.java:566)
	at org.springframework.transaction.support.AbstractPlatformTransactionManager.processCommit(AbstractPlatformTransactionManager.java:795)
	at org.springframework.transaction.support.AbstractPlatformTransactionManager.commit(AbstractPlatformTransactionManager.java:758)
	at org.springframework.transaction.interceptor.TransactionAspectSupport.commitTransactionAfterReturning(TransactionAspectSupport.java:663)
	at org.springframework.transaction.interceptor.TransactionAspectSupport.invokeWithinTransaction(TransactionAspectSupport.java:413)
	at org.springframework.transaction.interceptor.TransactionInterceptor.invoke(TransactionInterceptor.java:119)
	at org.springframework.aop.framework.ReflectiveMethodInvocation.proceed(ReflectiveMethodInvocation.java:184)
	at org.springframework.aop.framework.CglibAopProxy$CglibMethodInvocation.proceed(CglibAopProxy.java:768)
	at org.springframework.cache.interceptor.CacheInterceptor.lambda$invoke$0(CacheInterceptor.java:64)
	at org.springframework.cache.interceptor.CacheAspectSupport.invokeOperation(CacheAspectSupport.java:416)
	at org.springframework.cache.interceptor.CacheAspectSupport.evaluate(CacheAspectSupport.java:548)
	at org.springframework.cache.interceptor.CacheAspectSupport.execute(CacheAspectSupport.java:433)
	at org.springframework.cache.interceptor.CacheAspectSupport.execute(CacheAspectSupport.java:395)
	at org.springframework.cache.interceptor.CacheInterceptor.invoke(CacheInterceptor.java:74)
	at org.springframework.aop.framework.ReflectiveMethodInvocation.proceed(ReflectiveMethodInvocation.java:184)
	at org.springframework.aop.framework.CglibAopProxy$CglibMethodInvocation.proceed(CglibAopProxy.java:768)
	at org.springframework.aop.interceptor.ExposeInvocationInterceptor.invoke(ExposeInvocationInterceptor.java:97)
	at org.springframework.aop.framework.ReflectiveMethodInvocation.proceed(ReflectiveMethodInvocation.java:184)
	at org.springframework.aop.framework.CglibAopProxy$CglibMethodInvocation.proceed(CglibAopProxy.java:768)
	at org.springframework.aop.framework.CglibAopProxy$DynamicAdvisedInterceptor.intercept(CglibAopProxy.java:720)
	at kr.co.seoulit.reception.service.ReceptionServiceImpl$$SpringCGLIB$$0.updateReceptionStatus(<generated>)
	at kr.co.seoulit.reception.controller.ReceptionController.updateReceptionStatus(ReceptionController.java:106)
	at java.base/jdk.internal.reflect.NativeMethodAccessorImpl.invoke0(Native Method)
	at java.base/jdk.internal.reflect.NativeMethodAccessorImpl.invoke(NativeMethodAccessorImpl.java:77)
	at java.base/jdk.internal.reflect.DelegatingMethodAccessorImpl.invoke(DelegatingMethodAccessorImpl.java:43)
	at java.base/java.lang.reflect.Method.invoke(Method.java:568)
	at org.springframework.aop.support.AopUtils.invokeJoinpointUsingReflection(AopUtils.java:354)
	at org.springframework.aop.framework.ReflectiveMethodInvocation.invokeJoinpoint(ReflectiveMethodInvocation.java:196)
	at org.springframework.aop.framework.ReflectiveMethodInvocation.proceed(ReflectiveMethodInvocation.java:163)
	at org.springframework.aop.framework.CglibAopProxy$CglibMethodInvocation.proceed(CglibAopProxy.java:768)
	at org.springframework.aop.aspectj.MethodInvocationProceedingJoinPoint.proceed(MethodInvocationProceedingJoinPoint.java:89)
	at kr.co.seoulit.common.aop.LoggerAspect.logPrint(LoggerAspect.java:31)
	at jdk.internal.reflect.GeneratedMethodAccessor102.invoke(Unknown Source)
	at java.base/jdk.internal.reflect.DelegatingMethodAccessorImpl.invoke(DelegatingMethodAccessorImpl.java:43)
	at java.base/java.lang.reflect.Method.invoke(Method.java:568)
	at org.springframework.aop.aspectj.AbstractAspectJAdvice.invokeAdviceMethodWithGivenArgs(AbstractAspectJAdvice.java:637)
	at org.springframework.aop.aspectj.AbstractAspectJAdvice.invokeAdviceMethod(AbstractAspectJAdvice.java:627)
	at org.springframework.aop.aspectj.AspectJAroundAdvice.invoke(AspectJAroundAdvice.java:71)
	at org.springframework.aop.framework.ReflectiveMethodInvocation.proceed(ReflectiveMethodInvocation.java:184)
	at org.springframework.aop.framework.CglibAopProxy$CglibMethodInvocation.proceed(CglibAopProxy.java:768)
	at org.springframework.aop.interceptor.ExposeInvocationInterceptor.invoke(ExposeInvocationInterceptor.java:97)
	at org.springframework.aop.framework.ReflectiveMethodInvocation.proceed(ReflectiveMethodInvocation.java:184)
	at org.springframework.aop.framework.CglibAopProxy$CglibMethodInvocation.proceed(CglibAopProxy.java:768)
	at org.springframework.aop.framework.CglibAopProxy$DynamicAdvisedInterceptor.intercept(CglibAopProxy.java:720)
	at kr.co.seoulit.reception.controller.ReceptionController$$SpringCGLIB$$0.updateReceptionStatus(<generated>)
	at java.base/jdk.internal.reflect.NativeMethodAccessorImpl.invoke0(Native Method)
	at java.base/jdk.internal.reflect.NativeMethodAccessorImpl.invoke(NativeMethodAccessorImpl.java:77)
	at java.base/jdk.internal.reflect.DelegatingMethodAccessorImpl.invoke(DelegatingMethodAccessorImpl.java:43)
	at java.base/java.lang.reflect.Method.invoke(Method.java:568)
	at org.springframework.web.method.support.InvocableHandlerMethod.doInvoke(InvocableHandlerMethod.java:255)
	at org.springframework.web.method.support.InvocableHandlerMethod.invokeForRequest(InvocableHandlerMethod.java:188)
	at org.springframework.web.servlet.mvc.method.annotation.ServletInvocableHandlerMethod.invokeAndHandle(ServletInvocableHandlerMethod.java:118)
	at org.springframework.web.servlet.mvc.method.annotation.RequestMappingHandlerAdapter.invokeHandlerMethod(RequestMappingHandlerAdapter.java:926)
	at org.springframework.web.servlet.mvc.method.annotation.RequestMappingHandlerAdapter.handleInternal(RequestMappingHandlerAdapter.java:831)
	at org.springframework.web.servlet.mvc.method.AbstractHandlerMethodAdapter.handle(AbstractHandlerMethodAdapter.java:87)
	at org.springframework.web.servlet.DispatcherServlet.doDispatch(DispatcherServlet.java:1089)
	at org.springframework.web.servlet.DispatcherServlet.doService(DispatcherServlet.java:979)
	at org.springframework.web.servlet.FrameworkServlet.processRequest(FrameworkServlet.java:1014)
	at org.springframework.web.servlet.FrameworkServlet.service(FrameworkServlet.java:888)
	at jakarta.servlet.http.HttpServlet.service(HttpServlet.java:658)
	at org.apache.catalina.core.ApplicationFilterChain.internalDoFilter(ApplicationFilterChain.java:195)
	at org.apache.catalina.core.ApplicationFilterChain.doFilter(ApplicationFilterChain.java:140)
	at org.apache.tomcat.websocket.server.WsFilter.doFilter(WsFilter.java:51)
	at org.apache.catalina.core.ApplicationFilterChain.internalDoFilter(ApplicationFilterChain.java:164)
	at org.apache.catalina.core.ApplicationFilterChain.doFilter(ApplicationFilterChain.java:140)
	at org.springframework.web.filter.CorsFilter.doFilterInternal(CorsFilter.java:91)
	at org.springframework.web.filter.OncePerRequestFilter.doFilter(OncePerRequestFilter.java:116)
	at org.apache.catalina.core.ApplicationFilterChain.internalDoFilter(ApplicationFilterChain.java:164)
	at org.apache.catalina.core.ApplicationFilterChain.doFilter(ApplicationFilterChain.java:140)
	at org.springframework.web.filter.RequestContextFilter.doFilterInternal(RequestContextFilter.java:100)
	at org.springframework.web.filter.OncePerRequestFilter.doFilter(OncePerRequestFilter.java:116)
	at org.apache.catalina.core.ApplicationFilterChain.internalDoFilter(ApplicationFilterChain.java:164)
	at org.apache.catalina.core.ApplicationFilterChain.doFilter(ApplicationFilterChain.java:140)
	at org.springframework.web.filter.FormContentFilter.doFilterInternal(FormContentFilter.java:93)
	at org.springframework.web.filter.OncePerRequestFilter.doFilter(OncePerRequestFilter.java:116)
	at org.apache.catalina.core.ApplicationFilterChain.internalDoFilter(ApplicationFilterChain.java:164)
	at org.apache.catalina.core.ApplicationFilterChain.doFilter(ApplicationFilterChain.java:140)
	at org.springframework.web.filter.CharacterEncodingFilter.doFilterInternal(CharacterEncodingFilter.java:201)
	at org.springframework.web.filter.OncePerRequestFilter.doFilter(OncePerRequestFilter.java:116)
	at org.apache.catalina.core.ApplicationFilterChain.internalDoFilter(ApplicationFilterChain.java:164)
	at org.apache.catalina.core.ApplicationFilterChain.doFilter(ApplicationFilterChain.java:140)
	at org.apache.catalina.core.StandardWrapperValve.invoke(StandardWrapperValve.java:167)
	at org.apache.catalina.core.StandardContextValve.invoke(StandardContextValve.java:90)
	at org.apache.catalina.authenticator.AuthenticatorBase.invoke(AuthenticatorBase.java:483)
	at org.apache.catalina.core.StandardHostValve.invoke(StandardHostValve.java:115)
	at org.apache.catalina.valves.ErrorReportValve.invoke(ErrorReportValve.java:93)
	at org.apache.catalina.core.StandardEngineValve.invoke(StandardEngineValve.java:74)
	at org.apache.catalina.connector.CoyoteAdapter.service(CoyoteAdapter.java:344)
	at org.apache.coyote.http11.Http11Processor.service(Http11Processor.java:389)
	at org.apache.coyote.AbstractProcessorLight.process(AbstractProcessorLight.java:63)
	at org.apache.coyote.AbstractProtocol$ConnectionHandler.process(AbstractProtocol.java:904)
	at org.apache.tomcat.util.net.NioEndpoint$SocketProcessor.doRun(NioEndpoint.java:1741)
	at org.apache.tomcat.util.net.SocketProcessorBase.run(SocketProcessorBase.java:52)
	at org.apache.tomcat.util.threads.ThreadPoolExecutor.runWorker(ThreadPoolExecutor.java:1190)
	at org.apache.tomcat.util.threads.ThreadPoolExecutor$Worker.run(ThreadPoolExecutor.java:659)
	at org.apache.tomcat.util.threads.TaskThread$WrappingRunnable.run(TaskThread.java:63)
	at java.base/java.lang.Thread.run(Thread.java:842)
Caused by: org.hibernate.exception.ConstraintViolationException: could not execute statement [ORA-02290: check constraint (STM.CHK_RECEPTION_STATUS_HI_349CDE) violated
] [insert into reception_status_history (changed_at,changed_by,from_status,reason_code,reason_text,reception_id,to_status,status_history_id) values (?,?,?,?,?,?,?,?)]
	at org.hibernate.exception.internal.SQLExceptionTypeDelegate.convert(SQLExceptionTypeDelegate.java:62)
	at org.hibernate.exception.internal.StandardSQLExceptionConverter.convert(StandardSQLExceptionConverter.java:58)
	at org.hibernate.engine.jdbc.spi.SqlExceptionHelper.convert(SqlExceptionHelper.java:108)
	at org.hibernate.engine.jdbc.internal.ResultSetReturnImpl.executeUpdate(ResultSetReturnImpl.java:197)
	at org.hibernate.engine.jdbc.mutation.internal.AbstractMutationExecutor.performNonBatchedMutation(AbstractMutationExecutor.java:134)
	at org.hibernate.engine.jdbc.mutation.internal.MutationExecutorSingleNonBatched.performNonBatchedOperations(MutationExecutorSingleNonBatched.java:55)
	at org.hibernate.engine.jdbc.mutation.internal.AbstractMutationExecutor.execute(AbstractMutationExecutor.java:55)
	at org.hibernate.persister.entity.mutation.InsertCoordinatorStandard.doStaticInserts(InsertCoordinatorStandard.java:194)
	at org.hibernate.persister.entity.mutation.InsertCoordinatorStandard.coordinateInsert(InsertCoordinatorStandard.java:132)
	at org.hibernate.persister.entity.mutation.InsertCoordinatorStandard.insert(InsertCoordinatorStandard.java:104)
	at org.hibernate.action.internal.EntityInsertAction.execute(EntityInsertAction.java:110)
	at org.hibernate.engine.spi.ActionQueue.executeActions(ActionQueue.java:632)
	at org.hibernate.engine.spi.ActionQueue.executeActions(ActionQueue.java:499)
	at org.hibernate.event.internal.AbstractFlushingEventListener.performExecutions(AbstractFlushingEventListener.java:371)
	at org.hibernate.event.internal.DefaultFlushEventListener.onFlush(DefaultFlushEventListener.java:41)
	at org.hibernate.event.service.internal.EventListenerGroupImpl.fireEventOnEachListener(EventListenerGroupImpl.java:127)
	at org.hibernate.internal.SessionImpl.doFlush(SessionImpl.java:1425)
	at org.hibernate.internal.SessionImpl.managedFlush(SessionImpl.java:487)
	at org.hibernate.internal.SessionImpl.flushBeforeTransactionCompletion(SessionImpl.java:2324)
	at org.hibernate.internal.SessionImpl.beforeTransactionCompletion(SessionImpl.java:1981)
	at org.hibernate.engine.jdbc.internal.JdbcCoordinatorImpl.beforeTransactionCompletion(JdbcCoordinatorImpl.java:439)
	at org.hibernate.resource.transaction.backend.jdbc.internal.JdbcResourceLocalTransactionCoordinatorImpl.beforeCompletionCallback(JdbcResourceLocalTransactionCoordinatorImpl.java:169)
	at org.hibernate.resource.transaction.backend.jdbc.internal.JdbcResourceLocalTransactionCoordinatorImpl$TransactionDriverControlImpl.commit(JdbcResourceLocalTransactionCoordinatorImpl.java:267)
	at org.hibernate.engine.transaction.internal.TransactionImpl.commit(TransactionImpl.java:101)
	at org.springframework.orm.jpa.JpaTransactionManager.doCommit(JpaTransactionManager.java:562)
	... 96 common frames omitted
Caused by: java.sql.SQLIntegrityConstraintViolationException: ORA-02290: check constraint (STM.CHK_RECEPTION_STATUS_HI_349CDE) violated

	at oracle.jdbc.driver.T4CTTIoer11.processError(T4CTTIoer11.java:630)
	at oracle.jdbc.driver.T4CTTIoer11.processError(T4CTTIoer11.java:564)
	at oracle.jdbc.driver.T4C8Oall.processError(T4C8Oall.java:1231)
	at oracle.jdbc.driver.T4CTTIfun.receive(T4CTTIfun.java:772)
	at oracle.jdbc.driver.T4CTTIfun.doRPC(T4CTTIfun.java:299)
	at oracle.jdbc.driver.T4C8Oall.doOALL(T4C8Oall.java:512)
	at oracle.jdbc.driver.T4CPreparedStatement.doOall8(T4CPreparedStatement.java:163)
	at oracle.jdbc.driver.T4CPreparedStatement.executeForRows(T4CPreparedStatement.java:1241)
	at oracle.jdbc.driver.OracleStatement.executeSQLStatement(OracleStatement.java:1820)
	at oracle.jdbc.driver.OracleStatement.doExecuteWithTimeout(OracleStatement.java:1472)
	at oracle.jdbc.driver.OraclePreparedStatement.executeInternal(OraclePreparedStatement.java:3761)
	at oracle.jdbc.driver.OraclePreparedStatement.executeLargeUpdate(OraclePreparedStatement.java:4062)
	at oracle.jdbc.driver.OraclePreparedStatement.executeUpdate(OraclePreparedStatement.java:4037)
	at oracle.jdbc.driver.OraclePreparedStatementWrapper.executeUpdate(OraclePreparedStatementWrapper.java:996)
	at com.zaxxer.hikari.pool.ProxyPreparedStatement.executeUpdate(ProxyPreparedStatement.java:61)
	at com.zaxxer.hikari.pool.HikariProxyPreparedStatement.executeUpdate(HikariProxyPreparedStatement.java)
	at org.hibernate.engine.jdbc.internal.ResultSetReturnImpl.executeUpdate(ResultSetReturnImpl.java:194)
	... 117 common frames omitted
Caused by: oracle.jdbc.OracleDatabaseException: ORA-02290: check constraint (STM.CHK_RECEPTION_STATUS_HI_349CDE) violated

	at oracle.jdbc.driver.T4CTTIoer11.processError(T4CTTIoer11.java:637)
	... 133 common frames omitted
2026-03-04 11:27:28.599 INFO  k.co.seoulit.common.aop.LoggerAspect - Controller  : kr.co.seoulit.reception.controller.ReceptionController.getReception()시작
2026-03-04 11:27:28.599 INFO  k.c.s.r.c.ReceptionController - Get reception request: id=54
2026-03-04 11:27:28.608 INFO  k.co.seoulit.common.aop.LoggerAspect - ServiceImpl  : kr.co.seoulit.reception.service.ReceptionServiceImpl.getReception()시작
2026-03-04 11:27:28.609 DEBUG org.hibernate.SQL - select re1_0.reception_id,re1_0.arrived_at,re1_0.cancel_reason_code,re1_0.cancel_reason_text,re1_0.created_at,re1_0.created_by,re1_0.department_id,re1_0.department_name,re1_0.doctor_id,re1_0.doctor_name,re1_0.hold_reason_code,re1_0.hold_reason_text,re1_0.inactive_at,re1_0.inactive_reason_code,re1_0.inactive_reason_text,re1_0.is_active,re1_0.note,re1_0.patient_id,re1_0.patient_name,re1_0.reception_no,re1_0.reservation_id,re1_0.scheduled_at,re1_0.status,re1_0.updated_at,re1_0.updated_by,re1_0.visit_type from reception re1_0 where re1_0.reception_id=?
2026-03-04 11:27:28.609 TRACE org.hibernate.orm.jdbc.bind - binding parameter (1:BIGINT) <- [54]
2026-03-04 11:27:28.618 INFO  k.co.seoulit.common.aop.LoggerAspect - kr.co.seoulit.reception.mapstruct.ReceptionResMapStructImpl.toDto()시작
2026-03-04 11:27:28.618 INFO  k.co.seoulit.common.aop.LoggerAspect - kr.co.seoulit.reception.mapstruct.ReceptionResMapStructImpl.toDto()종료
2026-03-04 11:27:28.618 INFO  k.co.seoulit.common.aop.LoggerAspect - ServiceImpl  : kr.co.seoulit.reception.service.ReceptionServiceImpl.getReception()종료
2026-03-04 11:27:28.623 INFO  k.co.seoulit.common.aop.LoggerAspect - Controller  : kr.co.seoulit.reception.controller.ReceptionController.getReception()종료
2026-03-04 11:27:32.308 INFO  k.co.seoulit.common.aop.LoggerAspect - Controller  : kr.co.seoulit.reception.controller.ReceptionController.updateReceptionStatus()시작
2026-03-04 11:27:32.308 INFO  k.c.s.r.c.ReceptionController - Update reception status request: id=54, status=CANCELED
2026-03-04 11:27:32.331 INFO  k.co.seoulit.common.aop.LoggerAspect - ServiceImpl  : kr.co.seoulit.reception.service.ReceptionServiceImpl.updateReceptionStatus()시작
2026-03-04 11:27:32.332 DEBUG org.hibernate.SQL - select re1_0.reception_id,re1_0.arrived_at,re1_0.cancel_reason_code,re1_0.cancel_reason_text,re1_0.created_at,re1_0.created_by,re1_0.department_id,re1_0.department_name,re1_0.doctor_id,re1_0.doctor_name,re1_0.hold_reason_code,re1_0.hold_reason_text,re1_0.inactive_at,re1_0.inactive_reason_code,re1_0.inactive_reason_text,re1_0.is_active,re1_0.note,re1_0.patient_id,re1_0.patient_name,re1_0.reception_no,re1_0.reservation_id,re1_0.scheduled_at,re1_0.status,re1_0.updated_at,re1_0.updated_by,re1_0.visit_type from reception re1_0 where re1_0.reception_id=?
2026-03-04 11:27:32.333 TRACE org.hibernate.orm.jdbc.bind - binding parameter (1:BIGINT) <- [54]
2026-03-04 11:27:32.340 INFO  k.co.seoulit.common.aop.LoggerAspect - kr.co.seoulit.reception.mapstruct.ReceptionResMapStructImpl.toDto()시작
2026-03-04 11:27:32.341 INFO  k.co.seoulit.common.aop.LoggerAspect - kr.co.seoulit.reception.mapstruct.ReceptionResMapStructImpl.toDto()종료
2026-03-04 11:27:32.341 DEBUG org.hibernate.SQL - select seq_reception_status_history.nextval from dual
2026-03-04 11:27:32.350 INFO  k.co.seoulit.common.aop.LoggerAspect - kr.co.seoulit.reception.mapstruct.ReceptionResMapStructImpl.toDto()시작
2026-03-04 11:27:32.350 INFO  k.co.seoulit.common.aop.LoggerAspect - kr.co.seoulit.reception.mapstruct.ReceptionResMapStructImpl.toDto()종료
2026-03-04 11:27:32.352 DEBUG org.hibernate.SQL - select seq_audit_log.nextval from dual
2026-03-04 11:27:32.359 INFO  k.co.seoulit.common.aop.LoggerAspect - kr.co.seoulit.reception.mapstruct.ReceptionResMapStructImpl.toDto()시작
2026-03-04 11:27:32.359 INFO  k.co.seoulit.common.aop.LoggerAspect - kr.co.seoulit.reception.mapstruct.ReceptionResMapStructImpl.toDto()종료
2026-03-04 11:27:32.360 INFO  k.co.seoulit.common.aop.LoggerAspect - ServiceImpl  : kr.co.seoulit.reception.service.ReceptionServiceImpl.updateReceptionStatus()종료
2026-03-04 11:27:32.360 DEBUG org.hibernate.SQL - insert into reception_status_history (changed_at,changed_by,from_status,reason_code,reason_text,reception_id,to_status,status_history_id) values (?,?,?,?,?,?,?,?)
2026-03-04 11:27:32.361 TRACE org.hibernate.orm.jdbc.bind - binding parameter (1:TIMESTAMP) <- [2026-03-04T11:27:32.360697]
2026-03-04 11:27:32.361 TRACE org.hibernate.orm.jdbc.bind - binding parameter (2:BIGINT) <- [null]
2026-03-04 11:27:32.361 TRACE org.hibernate.orm.jdbc.bind - binding parameter (3:VARCHAR) <- [REGISTERED]
2026-03-04 11:27:32.361 TRACE org.hibernate.orm.jdbc.bind - binding parameter (4:VARCHAR) <- [null]
2026-03-04 11:27:32.361 TRACE org.hibernate.orm.jdbc.bind - binding parameter (5:VARCHAR) <- [null]
2026-03-04 11:27:32.361 TRACE org.hibernate.orm.jdbc.bind - binding parameter (6:BIGINT) <- [54]
2026-03-04 11:27:32.362 TRACE org.hibernate.orm.jdbc.bind - binding parameter (7:VARCHAR) <- [CANCELED]
2026-03-04 11:27:32.362 TRACE org.hibernate.orm.jdbc.bind - binding parameter (8:BIGINT) <- [43]
2026-03-04 11:27:32.378 WARN  o.h.e.jdbc.spi.SqlExceptionHelper - SQL Error: 2290, SQLState: 23000
2026-03-04 11:27:32.378 ERROR o.h.e.jdbc.spi.SqlExceptionHelper - ORA-02290: check constraint (STM.CHK_RECEPTION_STATUS_HI_349CDE) violated

2026-03-04 11:27:32.386 ERROR k.c.s.c.h.GlobalExceptionHandler - Unhandled server error
org.springframework.dao.DataIntegrityViolationException: could not execute statement [ORA-02290: check constraint (STM.CHK_RECEPTION_STATUS_HI_349CDE) violated
] [insert into reception_status_history (changed_at,changed_by,from_status,reason_code,reason_text,reception_id,to_status,status_history_id) values (?,?,?,?,?,?,?,?)]; SQL [insert into reception_status_history (changed_at,changed_by,from_status,reason_code,reason_text,reception_id,to_status,status_history_id) values (?,?,?,?,?,?,?,?)]; constraint [null]
	at org.springframework.orm.jpa.vendor.HibernateJpaDialect.convertHibernateAccessException(HibernateJpaDialect.java:290)
	at org.springframework.orm.jpa.vendor.HibernateJpaDialect.translateExceptionIfPossible(HibernateJpaDialect.java:241)
	at org.springframework.orm.jpa.JpaTransactionManager.doCommit(JpaTransactionManager.java:566)
	at org.springframework.transaction.support.AbstractPlatformTransactionManager.processCommit(AbstractPlatformTransactionManager.java:795)
	at org.springframework.transaction.support.AbstractPlatformTransactionManager.commit(AbstractPlatformTransactionManager.java:758)
	at org.springframework.transaction.interceptor.TransactionAspectSupport.commitTransactionAfterReturning(TransactionAspectSupport.java:663)
	at org.springframework.transaction.interceptor.TransactionAspectSupport.invokeWithinTransaction(TransactionAspectSupport.java:413)
	at org.springframework.transaction.interceptor.TransactionInterceptor.invoke(TransactionInterceptor.java:119)
	at org.springframework.aop.framework.ReflectiveMethodInvocation.proceed(ReflectiveMethodInvocation.java:184)
	at org.springframework.aop.framework.CglibAopProxy$CglibMethodInvocation.proceed(CglibAopProxy.java:768)
	at org.springframework.cache.interceptor.CacheInterceptor.lambda$invoke$0(CacheInterceptor.java:64)
	at org.springframework.cache.interceptor.CacheAspectSupport.invokeOperation(CacheAspectSupport.java:416)
	at org.springframework.cache.interceptor.CacheAspectSupport.evaluate(CacheAspectSupport.java:548)
	at org.springframework.cache.interceptor.CacheAspectSupport.execute(CacheAspectSupport.java:433)
	at org.springframework.cache.interceptor.CacheAspectSupport.execute(CacheAspectSupport.java:395)
	at org.springframework.cache.interceptor.CacheInterceptor.invoke(CacheInterceptor.java:74)
	at org.springframework.aop.framework.ReflectiveMethodInvocation.proceed(ReflectiveMethodInvocation.java:184)
	at org.springframework.aop.framework.CglibAopProxy$CglibMethodInvocation.proceed(CglibAopProxy.java:768)
	at org.springframework.aop.interceptor.ExposeInvocationInterceptor.invoke(ExposeInvocationInterceptor.java:97)
	at org.springframework.aop.framework.ReflectiveMethodInvocation.proceed(ReflectiveMethodInvocation.java:184)
	at org.springframework.aop.framework.CglibAopProxy$CglibMethodInvocation.proceed(CglibAopProxy.java:768)
	at org.springframework.aop.framework.CglibAopProxy$DynamicAdvisedInterceptor.intercept(CglibAopProxy.java:720)
	at kr.co.seoulit.reception.service.ReceptionServiceImpl$$SpringCGLIB$$0.updateReceptionStatus(<generated>)
	at kr.co.seoulit.reception.controller.ReceptionController.updateReceptionStatus(ReceptionController.java:106)
	at java.base/jdk.internal.reflect.NativeMethodAccessorImpl.invoke0(Native Method)
	at java.base/jdk.internal.reflect.NativeMethodAccessorImpl.invoke(NativeMethodAccessorImpl.java:77)
	at java.base/jdk.internal.reflect.DelegatingMethodAccessorImpl.invoke(DelegatingMethodAccessorImpl.java:43)
	at java.base/java.lang.reflect.Method.invoke(Method.java:568)
	at org.springframework.aop.support.AopUtils.invokeJoinpointUsingReflection(AopUtils.java:354)
	at org.springframework.aop.framework.ReflectiveMethodInvocation.invokeJoinpoint(ReflectiveMethodInvocation.java:196)
	at org.springframework.aop.framework.ReflectiveMethodInvocation.proceed(ReflectiveMethodInvocation.java:163)
	at org.springframework.aop.framework.CglibAopProxy$CglibMethodInvocation.proceed(CglibAopProxy.java:768)
	at org.springframework.aop.aspectj.MethodInvocationProceedingJoinPoint.proceed(MethodInvocationProceedingJoinPoint.java:89)
	at kr.co.seoulit.common.aop.LoggerAspect.logPrint(LoggerAspect.java:31)
	at jdk.internal.reflect.GeneratedMethodAccessor102.invoke(Unknown Source)
	at java.base/jdk.internal.reflect.DelegatingMethodAccessorImpl.invoke(DelegatingMethodAccessorImpl.java:43)
	at java.base/java.lang.reflect.Method.invoke(Method.java:568)
	at org.springframework.aop.aspectj.AbstractAspectJAdvice.invokeAdviceMethodWithGivenArgs(AbstractAspectJAdvice.java:637)
	at org.springframework.aop.aspectj.AbstractAspectJAdvice.invokeAdviceMethod(AbstractAspectJAdvice.java:627)
	at org.springframework.aop.aspectj.AspectJAroundAdvice.invoke(AspectJAroundAdvice.java:71)
	at org.springframework.aop.framework.ReflectiveMethodInvocation.proceed(ReflectiveMethodInvocation.java:184)
	at org.springframework.aop.framework.CglibAopProxy$CglibMethodInvocation.proceed(CglibAopProxy.java:768)
	at org.springframework.aop.interceptor.ExposeInvocationInterceptor.invoke(ExposeInvocationInterceptor.java:97)
	at org.springframework.aop.framework.ReflectiveMethodInvocation.proceed(ReflectiveMethodInvocation.java:184)
	at org.springframework.aop.framework.CglibAopProxy$CglibMethodInvocation.proceed(CglibAopProxy.java:768)
	at org.springframework.aop.framework.CglibAopProxy$DynamicAdvisedInterceptor.intercept(CglibAopProxy.java:720)
	at kr.co.seoulit.reception.controller.ReceptionController$$SpringCGLIB$$0.updateReceptionStatus(<generated>)
	at java.base/jdk.internal.reflect.NativeMethodAccessorImpl.invoke0(Native Method)
	at java.base/jdk.internal.reflect.NativeMethodAccessorImpl.invoke(NativeMethodAccessorImpl.java:77)
	at java.base/jdk.internal.reflect.DelegatingMethodAccessorImpl.invoke(DelegatingMethodAccessorImpl.java:43)
	at java.base/java.lang.reflect.Method.invoke(Method.java:568)
	at org.springframework.web.method.support.InvocableHandlerMethod.doInvoke(InvocableHandlerMethod.java:255)
	at org.springframework.web.method.support.InvocableHandlerMethod.invokeForRequest(InvocableHandlerMethod.java:188)
	at org.springframework.web.servlet.mvc.method.annotation.ServletInvocableHandlerMethod.invokeAndHandle(ServletInvocableHandlerMethod.java:118)
	at org.springframework.web.servlet.mvc.method.annotation.RequestMappingHandlerAdapter.invokeHandlerMethod(RequestMappingHandlerAdapter.java:926)
	at org.springframework.web.servlet.mvc.method.annotation.RequestMappingHandlerAdapter.handleInternal(RequestMappingHandlerAdapter.java:831)
	at org.springframework.web.servlet.mvc.method.AbstractHandlerMethodAdapter.handle(AbstractHandlerMethodAdapter.java:87)
	at org.springframework.web.servlet.DispatcherServlet.doDispatch(DispatcherServlet.java:1089)
	at org.springframework.web.servlet.DispatcherServlet.doService(DispatcherServlet.java:979)
	at org.springframework.web.servlet.FrameworkServlet.processRequest(FrameworkServlet.java:1014)
	at org.springframework.web.servlet.FrameworkServlet.service(FrameworkServlet.java:888)
	at jakarta.servlet.http.HttpServlet.service(HttpServlet.java:658)
	at org.apache.catalina.core.ApplicationFilterChain.internalDoFilter(ApplicationFilterChain.java:195)
	at org.apache.catalina.core.ApplicationFilterChain.doFilter(ApplicationFilterChain.java:140)
	at org.apache.tomcat.websocket.server.WsFilter.doFilter(WsFilter.java:51)
	at org.apache.catalina.core.ApplicationFilterChain.internalDoFilter(ApplicationFilterChain.java:164)
	at org.apache.catalina.core.ApplicationFilterChain.doFilter(ApplicationFilterChain.java:140)
	at org.springframework.web.filter.CorsFilter.doFilterInternal(CorsFilter.java:91)
	at org.springframework.web.filter.OncePerRequestFilter.doFilter(OncePerRequestFilter.java:116)
	at org.apache.catalina.core.ApplicationFilterChain.internalDoFilter(ApplicationFilterChain.java:164)
	at org.apache.catalina.core.ApplicationFilterChain.doFilter(ApplicationFilterChain.java:140)
	at org.springframework.web.filter.RequestContextFilter.doFilterInternal(RequestContextFilter.java:100)
	at org.springframework.web.filter.OncePerRequestFilter.doFilter(OncePerRequestFilter.java:116)
	at org.apache.catalina.core.ApplicationFilterChain.internalDoFilter(ApplicationFilterChain.java:164)
	at org.apache.catalina.core.ApplicationFilterChain.doFilter(ApplicationFilterChain.java:140)
	at org.springframework.web.filter.FormContentFilter.doFilterInternal(FormContentFilter.java:93)
	at org.springframework.web.filter.OncePerRequestFilter.doFilter(OncePerRequestFilter.java:116)
	at org.apache.catalina.core.ApplicationFilterChain.internalDoFilter(ApplicationFilterChain.java:164)
	at org.apache.catalina.core.ApplicationFilterChain.doFilter(ApplicationFilterChain.java:140)
	at org.springframework.web.filter.CharacterEncodingFilter.doFilterInternal(CharacterEncodingFilter.java:201)
	at org.springframework.web.filter.OncePerRequestFilter.doFilter(OncePerRequestFilter.java:116)
	at org.apache.catalina.core.ApplicationFilterChain.internalDoFilter(ApplicationFilterChain.java:164)
	at org.apache.catalina.core.ApplicationFilterChain.doFilter(ApplicationFilterChain.java:140)
	at org.apache.catalina.core.StandardWrapperValve.invoke(StandardWrapperValve.java:167)
	at org.apache.catalina.core.StandardContextValve.invoke(StandardContextValve.java:90)
	at org.apache.catalina.authenticator.AuthenticatorBase.invoke(AuthenticatorBase.java:483)
	at org.apache.catalina.core.StandardHostValve.invoke(StandardHostValve.java:115)
	at org.apache.catalina.valves.ErrorReportValve.invoke(ErrorReportValve.java:93)
	at org.apache.catalina.core.StandardEngineValve.invoke(StandardEngineValve.java:74)
	at org.apache.catalina.connector.CoyoteAdapter.service(CoyoteAdapter.java:344)
	at org.apache.coyote.http11.Http11Processor.service(Http11Processor.java:389)
	at org.apache.coyote.AbstractProcessorLight.process(AbstractProcessorLight.java:63)
	at org.apache.coyote.AbstractProtocol$ConnectionHandler.process(AbstractProtocol.java:904)
	at org.apache.tomcat.util.net.NioEndpoint$SocketProcessor.doRun(NioEndpoint.java:1741)
	at org.apache.tomcat.util.net.SocketProcessorBase.run(SocketProcessorBase.java:52)
	at org.apache.tomcat.util.threads.ThreadPoolExecutor.runWorker(ThreadPoolExecutor.java:1190)
	at org.apache.tomcat.util.threads.ThreadPoolExecutor$Worker.run(ThreadPoolExecutor.java:659)
	at org.apache.tomcat.util.threads.TaskThread$WrappingRunnable.run(TaskThread.java:63)
	at java.base/java.lang.Thread.run(Thread.java:842)
Caused by: org.hibernate.exception.ConstraintViolationException: could not execute statement [ORA-02290: check constraint (STM.CHK_RECEPTION_STATUS_HI_349CDE) violated
] [insert into reception_status_history (changed_at,changed_by,from_status,reason_code,reason_text,reception_id,to_status,status_history_id) values (?,?,?,?,?,?,?,?)]
	at org.hibernate.exception.internal.SQLExceptionTypeDelegate.convert(SQLExceptionTypeDelegate.java:62)
	at org.hibernate.exception.internal.StandardSQLExceptionConverter.convert(StandardSQLExceptionConverter.java:58)
	at org.hibernate.engine.jdbc.spi.SqlExceptionHelper.convert(SqlExceptionHelper.java:108)
	at org.hibernate.engine.jdbc.internal.ResultSetReturnImpl.executeUpdate(ResultSetReturnImpl.java:197)
	at org.hibernate.engine.jdbc.mutation.internal.AbstractMutationExecutor.performNonBatchedMutation(AbstractMutationExecutor.java:134)
	at org.hibernate.engine.jdbc.mutation.internal.MutationExecutorSingleNonBatched.performNonBatchedOperations(MutationExecutorSingleNonBatched.java:55)
	at org.hibernate.engine.jdbc.mutation.internal.AbstractMutationExecutor.execute(AbstractMutationExecutor.java:55)
	at org.hibernate.persister.entity.mutation.InsertCoordinatorStandard.doStaticInserts(InsertCoordinatorStandard.java:194)
	at org.hibernate.persister.entity.mutation.InsertCoordinatorStandard.coordinateInsert(InsertCoordinatorStandard.java:132)
	at org.hibernate.persister.entity.mutation.InsertCoordinatorStandard.insert(InsertCoordinatorStandard.java:104)
	at org.hibernate.action.internal.EntityInsertAction.execute(EntityInsertAction.java:110)
	at org.hibernate.engine.spi.ActionQueue.executeActions(ActionQueue.java:632)
	at org.hibernate.engine.spi.ActionQueue.executeActions(ActionQueue.java:499)
	at org.hibernate.event.internal.AbstractFlushingEventListener.performExecutions(AbstractFlushingEventListener.java:371)
	at org.hibernate.event.internal.DefaultFlushEventListener.onFlush(DefaultFlushEventListener.java:41)
	at org.hibernate.event.service.internal.EventListenerGroupImpl.fireEventOnEachListener(EventListenerGroupImpl.java:127)
	at org.hibernate.internal.SessionImpl.doFlush(SessionImpl.java:1425)
	at org.hibernate.internal.SessionImpl.managedFlush(SessionImpl.java:487)
	at org.hibernate.internal.SessionImpl.flushBeforeTransactionCompletion(SessionImpl.java:2324)
	at org.hibernate.internal.SessionImpl.beforeTransactionCompletion(SessionImpl.java:1981)
	at org.hibernate.engine.jdbc.internal.JdbcCoordinatorImpl.beforeTransactionCompletion(JdbcCoordinatorImpl.java:439)
	at org.hibernate.resource.transaction.backend.jdbc.internal.JdbcResourceLocalTransactionCoordinatorImpl.beforeCompletionCallback(JdbcResourceLocalTransactionCoordinatorImpl.java:169)
	at org.hibernate.resource.transaction.backend.jdbc.internal.JdbcResourceLocalTransactionCoordinatorImpl$TransactionDriverControlImpl.commit(JdbcResourceLocalTransactionCoordinatorImpl.java:267)
	at org.hibernate.engine.transaction.internal.TransactionImpl.commit(TransactionImpl.java:101)
	at org.springframework.orm.jpa.JpaTransactionManager.doCommit(JpaTransactionManager.java:562)
	... 96 common frames omitted
Caused by: java.sql.SQLIntegrityConstraintViolationException: ORA-02290: check constraint (STM.CHK_RECEPTION_STATUS_HI_349CDE) violated

	at oracle.jdbc.driver.T4CTTIoer11.processError(T4CTTIoer11.java:630)
	at oracle.jdbc.driver.T4CTTIoer11.processError(T4CTTIoer11.java:564)
	at oracle.jdbc.driver.T4C8Oall.processError(T4C8Oall.java:1231)
	at oracle.jdbc.driver.T4CTTIfun.receive(T4CTTIfun.java:772)
	at oracle.jdbc.driver.T4CTTIfun.doRPC(T4CTTIfun.java:299)
	at oracle.jdbc.driver.T4C8Oall.doOALL(T4C8Oall.java:512)
	at oracle.jdbc.driver.T4CPreparedStatement.doOall8(T4CPreparedStatement.java:163)
	at oracle.jdbc.driver.T4CPreparedStatement.executeForRows(T4CPreparedStatement.java:1241)
	at oracle.jdbc.driver.OracleStatement.executeSQLStatement(OracleStatement.java:1820)
	at oracle.jdbc.driver.OracleStatement.doExecuteWithTimeout(OracleStatement.java:1472)
	at oracle.jdbc.driver.OraclePreparedStatement.executeInternal(OraclePreparedStatement.java:3761)
	at oracle.jdbc.driver.OraclePreparedStatement.executeLargeUpdate(OraclePreparedStatement.java:4062)
	at oracle.jdbc.driver.OraclePreparedStatement.executeUpdate(OraclePreparedStatement.java:4037)
	at oracle.jdbc.driver.OraclePreparedStatementWrapper.executeUpdate(OraclePreparedStatementWrapper.java:996)
	at com.zaxxer.hikari.pool.ProxyPreparedStatement.executeUpdate(ProxyPreparedStatement.java:61)
	at com.zaxxer.hikari.pool.HikariProxyPreparedStatement.executeUpdate(HikariProxyPreparedStatement.java)
	at org.hibernate.engine.jdbc.internal.ResultSetReturnImpl.executeUpdate(ResultSetReturnImpl.java:194)
	... 117 common frames omitted
Caused by: oracle.jdbc.OracleDatabaseException: ORA-02290: check constraint (STM.CHK_RECEPTION_STATUS_HI_349CDE) violated

	at oracle.jdbc.driver.T4CTTIoer11.processError(T4CTTIoer11.java:637)
	... 133 common frames omitted
2026-03-04 11:29:30.363 INFO  k.co.seoulit.common.aop.LoggerAspect - Controller  : kr.co.seoulit.reception.controller.ReceptionController.updateReceptionStatus()시작
2026-03-04 11:29:30.363 INFO  k.c.s.r.c.ReceptionController - Update reception status request: id=57, status=CANCELED
2026-03-04 11:29:30.371 INFO  k.co.seoulit.common.aop.LoggerAspect - ServiceImpl  : kr.co.seoulit.reception.service.ReceptionServiceImpl.updateReceptionStatus()시작
2026-03-04 11:29:30.372 DEBUG org.hibernate.SQL - select re1_0.reception_id,re1_0.arrived_at,re1_0.cancel_reason_code,re1_0.cancel_reason_text,re1_0.created_at,re1_0.created_by,re1_0.department_id,re1_0.department_name,re1_0.doctor_id,re1_0.doctor_name,re1_0.hold_reason_code,re1_0.hold_reason_text,re1_0.inactive_at,re1_0.inactive_reason_code,re1_0.inactive_reason_text,re1_0.is_active,re1_0.note,re1_0.patient_id,re1_0.patient_name,re1_0.reception_no,re1_0.reservation_id,re1_0.scheduled_at,re1_0.status,re1_0.updated_at,re1_0.updated_by,re1_0.visit_type from reception re1_0 where re1_0.reception_id=?
2026-03-04 11:29:30.373 TRACE org.hibernate.orm.jdbc.bind - binding parameter (1:BIGINT) <- [57]
2026-03-04 11:29:30.383 INFO  k.co.seoulit.common.aop.LoggerAspect - kr.co.seoulit.reception.mapstruct.ReceptionResMapStructImpl.toDto()시작
2026-03-04 11:29:30.384 INFO  k.co.seoulit.common.aop.LoggerAspect - kr.co.seoulit.reception.mapstruct.ReceptionResMapStructImpl.toDto()종료
2026-03-04 11:29:30.384 DEBUG org.hibernate.SQL - select seq_reception_status_history.nextval from dual
2026-03-04 11:29:30.394 INFO  k.co.seoulit.common.aop.LoggerAspect - kr.co.seoulit.reception.mapstruct.ReceptionResMapStructImpl.toDto()시작
2026-03-04 11:29:30.394 INFO  k.co.seoulit.common.aop.LoggerAspect - kr.co.seoulit.reception.mapstruct.ReceptionResMapStructImpl.toDto()종료
2026-03-04 11:29:30.395 DEBUG org.hibernate.SQL - select seq_audit_log.nextval from dual
2026-03-04 11:29:30.404 INFO  k.co.seoulit.common.aop.LoggerAspect - kr.co.seoulit.reception.mapstruct.ReceptionResMapStructImpl.toDto()시작
2026-03-04 11:29:30.404 INFO  k.co.seoulit.common.aop.LoggerAspect - kr.co.seoulit.reception.mapstruct.ReceptionResMapStructImpl.toDto()종료
2026-03-04 11:29:30.404 INFO  k.co.seoulit.common.aop.LoggerAspect - ServiceImpl  : kr.co.seoulit.reception.service.ReceptionServiceImpl.updateReceptionStatus()종료
2026-03-04 11:29:30.405 DEBUG org.hibernate.SQL - insert into reception_status_history (changed_at,changed_by,from_status,reason_code,reason_text,reception_id,to_status,status_history_id) values (?,?,?,?,?,?,?,?)
2026-03-04 11:29:30.405 TRACE org.hibernate.orm.jdbc.bind - binding parameter (1:TIMESTAMP) <- [2026-03-04T11:29:30.405192]
2026-03-04 11:29:30.406 TRACE org.hibernate.orm.jdbc.bind - binding parameter (2:BIGINT) <- [null]
2026-03-04 11:29:30.406 TRACE org.hibernate.orm.jdbc.bind - binding parameter (3:VARCHAR) <- [WAITING]
2026-03-04 11:29:30.406 TRACE org.hibernate.orm.jdbc.bind - binding parameter (4:VARCHAR) <- [null]
2026-03-04 11:29:30.406 TRACE org.hibernate.orm.jdbc.bind - binding parameter (5:VARCHAR) <- [null]
2026-03-04 11:29:30.406 TRACE org.hibernate.orm.jdbc.bind - binding parameter (6:BIGINT) <- [57]
2026-03-04 11:29:30.406 TRACE org.hibernate.orm.jdbc.bind - binding parameter (7:VARCHAR) <- [CANCELED]
2026-03-04 11:29:30.406 TRACE org.hibernate.orm.jdbc.bind - binding parameter (8:BIGINT) <- [44]
2026-03-04 11:29:30.420 DEBUG org.hibernate.SQL - insert into audit_log (action,actor_id,after_json,before_json,diff_json,entity_id,entity_type,occurred_at,reason_code,reason_text,audit_log_id) values (?,?,?,?,?,?,?,?,?,?,?)
2026-03-04 11:29:30.420 TRACE org.hibernate.orm.jdbc.bind - binding parameter (1:VARCHAR) <- [STATUS_CHANGE]
2026-03-04 11:29:30.420 TRACE org.hibernate.orm.jdbc.bind - binding parameter (2:BIGINT) <- [null]
2026-03-04 11:29:30.420 TRACE org.hibernate.orm.jdbc.bind - binding parameter (3:VARCHAR) <- [{"receptionId":57,"receptionNo":"20260303-303","patientId":18,"patientName":"신가은","visitType":"OUTPATIENT","departmentId":2,"departmentName":"외과","doctorId":2,"doctorName":"이현석","reservationId":12,"scheduledAt":"2026-03-04T10:11:00","arrivedAt":null,"status":"CANCELED","note":"예약 당일 자동 접수 생성","isActive":true,"inactiveAt":null,"inactiveReasonCode":null,"inactiveReasonText":null,"cancelReasonCode":null,"cancelReasonText":null,"holdReasonCode":null,"holdReasonText":null,"createdBy":null,"updatedBy":null,"createdAt":"2026-03-04T09:34:54.540694","updatedAt":"2026-03-04T09:34:54.540694"}]
2026-03-04 11:29:30.420 TRACE org.hibernate.orm.jdbc.bind - binding parameter (4:VARCHAR) <- [{"receptionId":57,"receptionNo":"20260303-303","patientId":18,"patientName":"신가은","visitType":"OUTPATIENT","departmentId":2,"departmentName":"외과","doctorId":2,"doctorName":"이현석","reservationId":12,"scheduledAt":"2026-03-04T10:11:00","arrivedAt":null,"status":"WAITING","note":"예약 당일 자동 접수 생성","isActive":true,"inactiveAt":null,"inactiveReasonCode":null,"inactiveReasonText":null,"cancelReasonCode":null,"cancelReasonText":null,"holdReasonCode":null,"holdReasonText":null,"createdBy":null,"updatedBy":null,"createdAt":"2026-03-04T09:34:54.540694","updatedAt":"2026-03-04T09:34:54.540694"}]
2026-03-04 11:29:30.421 TRACE org.hibernate.orm.jdbc.bind - binding parameter (5:VARCHAR) <- [null]
2026-03-04 11:29:30.421 TRACE org.hibernate.orm.jdbc.bind - binding parameter (6:BIGINT) <- [57]
2026-03-04 11:29:30.421 TRACE org.hibernate.orm.jdbc.bind - binding parameter (7:VARCHAR) <- [RECEPTION]
2026-03-04 11:29:30.421 TRACE org.hibernate.orm.jdbc.bind - binding parameter (8:TIMESTAMP) <- [2026-03-04T11:29:30.420200]
2026-03-04 11:29:30.421 TRACE org.hibernate.orm.jdbc.bind - binding parameter (9:VARCHAR) <- [null]
2026-03-04 11:29:30.421 TRACE org.hibernate.orm.jdbc.bind - binding parameter (10:VARCHAR) <- [null]
2026-03-04 11:29:30.421 TRACE org.hibernate.orm.jdbc.bind - binding parameter (11:BIGINT) <- [169]
2026-03-04 11:29:30.436 DEBUG org.hibernate.SQL - update reception set arrived_at=?,cancel_reason_code=?,cancel_reason_text=?,created_by=?,department_id=?,department_name=?,doctor_id=?,doctor_name=?,hold_reason_code=?,hold_reason_text=?,inactive_at=?,inactive_reason_code=?,inactive_reason_text=?,is_active=?,note=?,patient_id=?,patient_name=?,reception_no=?,reservation_id=?,scheduled_at=?,status=?,updated_at=?,updated_by=?,visit_type=? where reception_id=?
2026-03-04 11:29:30.436 TRACE org.hibernate.orm.jdbc.bind - binding parameter (1:TIMESTAMP) <- [null]
2026-03-04 11:29:30.436 TRACE org.hibernate.orm.jdbc.bind - binding parameter (2:VARCHAR) <- [null]
2026-03-04 11:29:30.436 TRACE org.hibernate.orm.jdbc.bind - binding parameter (3:VARCHAR) <- [null]
2026-03-04 11:29:30.436 TRACE org.hibernate.orm.jdbc.bind - binding parameter (4:BIGINT) <- [null]
2026-03-04 11:29:30.436 TRACE org.hibernate.orm.jdbc.bind - binding parameter (5:BIGINT) <- [2]
2026-03-04 11:29:30.436 TRACE org.hibernate.orm.jdbc.bind - binding parameter (6:VARCHAR) <- [외과]
2026-03-04 11:29:30.436 TRACE org.hibernate.orm.jdbc.bind - binding parameter (7:BIGINT) <- [2]
2026-03-04 11:29:30.436 TRACE org.hibernate.orm.jdbc.bind - binding parameter (8:VARCHAR) <- [이현석]
2026-03-04 11:29:30.436 TRACE org.hibernate.orm.jdbc.bind - binding parameter (9:VARCHAR) <- [null]
2026-03-04 11:29:30.436 TRACE org.hibernate.orm.jdbc.bind - binding parameter (10:VARCHAR) <- [null]
2026-03-04 11:29:30.436 TRACE org.hibernate.orm.jdbc.bind - binding parameter (11:TIMESTAMP) <- [null]
2026-03-04 11:29:30.436 TRACE org.hibernate.orm.jdbc.bind - binding parameter (12:VARCHAR) <- [null]
2026-03-04 11:29:30.436 TRACE org.hibernate.orm.jdbc.bind - binding parameter (13:VARCHAR) <- [null]
2026-03-04 11:29:30.436 TRACE org.hibernate.orm.jdbc.bind - binding parameter (14:BOOLEAN) <- [true]
2026-03-04 11:29:30.437 TRACE org.hibernate.orm.jdbc.bind - binding parameter (15:VARCHAR) <- [예약 당일 자동 접수 생성]
2026-03-04 11:29:30.437 TRACE org.hibernate.orm.jdbc.bind - binding parameter (16:BIGINT) <- [18]
2026-03-04 11:29:30.437 TRACE org.hibernate.orm.jdbc.bind - binding parameter (17:VARCHAR) <- [신가은]
2026-03-04 11:29:30.437 TRACE org.hibernate.orm.jdbc.bind - binding parameter (18:VARCHAR) <- [20260303-303]
2026-03-04 11:29:30.437 TRACE org.hibernate.orm.jdbc.bind - binding parameter (19:BIGINT) <- [12]
2026-03-04 11:29:30.437 TRACE org.hibernate.orm.jdbc.bind - binding parameter (20:TIMESTAMP) <- [2026-03-04T10:11]
2026-03-04 11:29:30.437 TRACE org.hibernate.orm.jdbc.bind - binding parameter (21:VARCHAR) <- [CANCELED]
2026-03-04 11:29:30.437 TRACE org.hibernate.orm.jdbc.bind - binding parameter (22:TIMESTAMP) <- [2026-03-04T11:29:30.435228]
2026-03-04 11:29:30.437 TRACE org.hibernate.orm.jdbc.bind - binding parameter (23:BIGINT) <- [null]
2026-03-04 11:29:30.437 TRACE org.hibernate.orm.jdbc.bind - binding parameter (24:VARCHAR) <- [OUTPATIENT]
2026-03-04 11:29:30.437 TRACE org.hibernate.orm.jdbc.bind - binding parameter (25:BIGINT) <- [57]
2026-03-04 11:29:30.456 INFO  k.co.seoulit.common.aop.LoggerAspect - Controller  : kr.co.seoulit.reception.controller.ReceptionController.updateReceptionStatus()종료
2026-03-04 11:30:47.123 INFO  k.co.seoulit.common.aop.LoggerAspect - Controller  : kr.co.seoulit.reception.controller.ReceptionController.getReception()시작
2026-03-04 11:30:47.124 INFO  k.c.s.r.c.ReceptionController - Get reception request: id=54
2026-03-04 11:30:47.126 INFO  k.co.seoulit.common.aop.LoggerAspect - Controller  : kr.co.seoulit.reception.controller.ReceptionController.getStatusHistory()시작
2026-03-04 11:30:47.144 INFO  k.co.seoulit.common.aop.LoggerAspect - ServiceImpl  : kr.co.seoulit.reception.service.ReceptionServiceImpl.getReception()시작
2026-03-04 11:30:47.144 INFO  k.co.seoulit.common.aop.LoggerAspect - ServiceImpl  : kr.co.seoulit.reception.service.ReceptionServiceImpl.getReceptionStatusHistory()시작
2026-03-04 11:30:47.145 DEBUG org.hibernate.SQL - select re1_0.reception_id,re1_0.arrived_at,re1_0.cancel_reason_code,re1_0.cancel_reason_text,re1_0.created_at,re1_0.created_by,re1_0.department_id,re1_0.department_name,re1_0.doctor_id,re1_0.doctor_name,re1_0.hold_reason_code,re1_0.hold_reason_text,re1_0.inactive_at,re1_0.inactive_reason_code,re1_0.inactive_reason_text,re1_0.is_active,re1_0.note,re1_0.patient_id,re1_0.patient_name,re1_0.reception_no,re1_0.reservation_id,re1_0.scheduled_at,re1_0.status,re1_0.updated_at,re1_0.updated_by,re1_0.visit_type from reception re1_0 where re1_0.reception_id=?
2026-03-04 11:30:47.146 TRACE org.hibernate.orm.jdbc.bind - binding parameter (1:BIGINT) <- [54]
2026-03-04 11:30:47.154 INFO  k.co.seoulit.common.aop.LoggerAspect - kr.co.seoulit.reception.mapstruct.ReceptionResMapStructImpl.toDto()시작
2026-03-04 11:30:47.154 INFO  k.co.seoulit.common.aop.LoggerAspect - kr.co.seoulit.reception.mapstruct.ReceptionResMapStructImpl.toDto()종료
2026-03-04 11:30:47.154 INFO  k.co.seoulit.common.aop.LoggerAspect - ServiceImpl  : kr.co.seoulit.reception.service.ReceptionServiceImpl.getReception()종료
2026-03-04 11:30:47.159 INFO  k.co.seoulit.common.aop.LoggerAspect - Controller  : kr.co.seoulit.reception.controller.ReceptionController.getReception()종료
2026-03-04 11:30:47.159 DEBUG org.hibernate.SQL - select ale1_0.audit_log_id,ale1_0.action,ale1_0.actor_id,ale1_0.after_json,ale1_0.before_json,ale1_0.diff_json,ale1_0.entity_id,ale1_0.entity_type,ale1_0.occurred_at,ale1_0.reason_code,ale1_0.reason_text from audit_log ale1_0 where ale1_0.entity_type=? and ale1_0.entity_id=? order by ale1_0.occurred_at desc
2026-03-04 11:30:47.159 DEBUG org.hibernate.SQL - select rshe1_0.status_history_id,rshe1_0.changed_at,rshe1_0.changed_by,rshe1_0.from_status,rshe1_0.reason_code,rshe1_0.reason_text,rshe1_0.reception_id,rshe1_0.to_status from reception_status_history rshe1_0 where rshe1_0.reception_id=? order by rshe1_0.changed_at
2026-03-04 11:30:47.160 TRACE org.hibernate.orm.jdbc.bind - binding parameter (1:VARCHAR) <- [RECEPTION]
2026-03-04 11:30:47.160 TRACE org.hibernate.orm.jdbc.bind - binding parameter (2:BIGINT) <- [54]
2026-03-04 11:30:47.160 TRACE org.hibernate.orm.jdbc.bind - binding parameter (1:BIGINT) <- [54]
2026-03-04 11:30:47.170 INFO  k.co.seoulit.common.aop.LoggerAspect - ServiceImpl  : kr.co.seoulit.reception.service.ReceptionServiceImpl.getReceptionStatusHistory()종료
2026-03-04 11:30:47.172 INFO  k.co.seoulit.common.aop.LoggerAspect - Controller  : kr.co.seoulit.reception.controller.ReceptionController.getReception()시작
2026-03-04 11:30:47.172 INFO  k.c.s.r.c.ReceptionController - Get reception request: id=54
2026-03-04 11:30:47.173 INFO  k.co.seoulit.common.aop.LoggerAspect - ServiceImpl  : kr.co.seoulit.reception.service.ReceptionServiceImpl.getReception()시작
2026-03-04 11:30:47.174 DEBUG org.hibernate.SQL - select re1_0.reception_id,re1_0.arrived_at,re1_0.cancel_reason_code,re1_0.cancel_reason_text,re1_0.created_at,re1_0.created_by,re1_0.department_id,re1_0.department_name,re1_0.doctor_id,re1_0.doctor_name,re1_0.hold_reason_code,re1_0.hold_reason_text,re1_0.inactive_at,re1_0.inactive_reason_code,re1_0.inactive_reason_text,re1_0.is_active,re1_0.note,re1_0.patient_id,re1_0.patient_name,re1_0.reception_no,re1_0.reservation_id,re1_0.scheduled_at,re1_0.status,re1_0.updated_at,re1_0.updated_by,re1_0.visit_type from reception re1_0 where re1_0.reception_id=?
2026-03-04 11:30:47.174 TRACE org.hibernate.orm.jdbc.bind - binding parameter (1:BIGINT) <- [54]
2026-03-04 11:30:47.177 INFO  k.co.seoulit.common.aop.LoggerAspect - Controller  : kr.co.seoulit.reception.controller.ReceptionController.getStatusHistory()종료
2026-03-04 11:30:47.184 INFO  k.co.seoulit.common.aop.LoggerAspect - Controller  : kr.co.seoulit.reception.controller.ReceptionController.getStatusHistory()시작
2026-03-04 11:30:47.185 INFO  k.co.seoulit.common.aop.LoggerAspect - kr.co.seoulit.reception.mapstruct.ReceptionResMapStructImpl.toDto()시작
2026-03-04 11:30:47.186 INFO  k.co.seoulit.common.aop.LoggerAspect - ServiceImpl  : kr.co.seoulit.reception.service.ReceptionServiceImpl.getReceptionStatusHistory()시작
2026-03-04 11:30:47.186 INFO  k.co.seoulit.common.aop.LoggerAspect - kr.co.seoulit.reception.mapstruct.ReceptionResMapStructImpl.toDto()종료
2026-03-04 11:30:47.187 INFO  k.co.seoulit.common.aop.LoggerAspect - ServiceImpl  : kr.co.seoulit.reception.service.ReceptionServiceImpl.getReception()종료
2026-03-04 11:30:47.192 DEBUG org.hibernate.SQL - select rshe1_0.status_history_id,rshe1_0.changed_at,rshe1_0.changed_by,rshe1_0.from_status,rshe1_0.reason_code,rshe1_0.reason_text,rshe1_0.reception_id,rshe1_0.to_status from reception_status_history rshe1_0 where rshe1_0.reception_id=? order by rshe1_0.changed_at
2026-03-04 11:30:47.193 TRACE org.hibernate.orm.jdbc.bind - binding parameter (1:BIGINT) <- [54]
2026-03-04 11:30:47.193 INFO  k.co.seoulit.common.aop.LoggerAspect - Controller  : kr.co.seoulit.reception.controller.ReceptionController.getReception()종료
2026-03-04 11:30:47.198 DEBUG org.hibernate.SQL - select ale1_0.audit_log_id,ale1_0.action,ale1_0.actor_id,ale1_0.after_json,ale1_0.before_json,ale1_0.diff_json,ale1_0.entity_id,ale1_0.entity_type,ale1_0.occurred_at,ale1_0.reason_code,ale1_0.reason_text from audit_log ale1_0 where ale1_0.entity_type=? and ale1_0.entity_id=? order by ale1_0.occurred_at desc
2026-03-04 11:30:47.199 TRACE org.hibernate.orm.jdbc.bind - binding parameter (1:VARCHAR) <- [RECEPTION]
2026-03-04 11:30:47.199 TRACE org.hibernate.orm.jdbc.bind - binding parameter (2:BIGINT) <- [54]
2026-03-04 11:30:47.201 INFO  k.co.seoulit.common.aop.LoggerAspect - ServiceImpl  : kr.co.seoulit.reception.service.ReceptionServiceImpl.getReceptionStatusHistory()종료
2026-03-04 11:30:47.211 INFO  k.co.seoulit.common.aop.LoggerAspect - Controller  : kr.co.seoulit.reception.controller.ReceptionController.getStatusHistory()종료
2026-03-04 11:30:53.748 INFO  k.co.seoulit.common.aop.LoggerAspect - Controller  : kr.co.seoulit.reception.controller.ReceptionController.updateReception()시작
2026-03-04 11:30:53.748 INFO  k.c.s.r.c.ReceptionController - Update reception request: id=54
2026-03-04 11:30:53.760 INFO  k.co.seoulit.common.aop.LoggerAspect - ServiceImpl  : kr.co.seoulit.reception.service.ReceptionServiceImpl.updateReception()시작
2026-03-04 11:30:53.762 DEBUG org.hibernate.SQL - select re1_0.reception_id,re1_0.arrived_at,re1_0.cancel_reason_code,re1_0.cancel_reason_text,re1_0.created_at,re1_0.created_by,re1_0.department_id,re1_0.department_name,re1_0.doctor_id,re1_0.doctor_name,re1_0.hold_reason_code,re1_0.hold_reason_text,re1_0.inactive_at,re1_0.inactive_reason_code,re1_0.inactive_reason_text,re1_0.is_active,re1_0.note,re1_0.patient_id,re1_0.patient_name,re1_0.reception_no,re1_0.reservation_id,re1_0.scheduled_at,re1_0.status,re1_0.updated_at,re1_0.updated_by,re1_0.visit_type from reception re1_0 where re1_0.reception_id=?
2026-03-04 11:30:53.763 TRACE org.hibernate.orm.jdbc.bind - binding parameter (1:BIGINT) <- [54]
2026-03-04 11:30:53.771 INFO  k.co.seoulit.common.aop.LoggerAspect - kr.co.seoulit.reception.mapstruct.ReceptionResMapStructImpl.toDto()시작
2026-03-04 11:30:53.771 INFO  k.co.seoulit.common.aop.LoggerAspect - kr.co.seoulit.reception.mapstruct.ReceptionResMapStructImpl.toDto()종료
2026-03-04 11:30:53.772 INFO  k.co.seoulit.common.aop.LoggerAspect - kr.co.seoulit.reception.mapstruct.ReceptionResMapStructImpl.toDto()시작
2026-03-04 11:30:53.772 INFO  k.co.seoulit.common.aop.LoggerAspect - kr.co.seoulit.reception.mapstruct.ReceptionResMapStructImpl.toDto()종료
2026-03-04 11:30:53.772 DEBUG org.hibernate.SQL - select seq_audit_log.nextval from dual
2026-03-04 11:30:53.781 INFO  k.co.seoulit.common.aop.LoggerAspect - ServiceImpl  : kr.co.seoulit.reception.service.ReceptionServiceImpl.updateReception()종료
2026-03-04 11:30:53.782 DEBUG org.hibernate.SQL - insert into audit_log (action,actor_id,after_json,before_json,diff_json,entity_id,entity_type,occurred_at,reason_code,reason_text,audit_log_id) values (?,?,?,?,?,?,?,?,?,?,?)
2026-03-04 11:30:53.782 TRACE org.hibernate.orm.jdbc.bind - binding parameter (1:VARCHAR) <- [UPDATE]
2026-03-04 11:30:53.782 TRACE org.hibernate.orm.jdbc.bind - binding parameter (2:BIGINT) <- [null]
2026-03-04 11:30:53.782 TRACE org.hibernate.orm.jdbc.bind - binding parameter (3:VARCHAR) <- [{"receptionId":54,"receptionNo":"20260303-104","patientId":14,"patientName":"송예린","visitType":"응급","departmentId":5,"departmentName":"응급의학과","doctorId":null,"doctorName":null,"reservationId":null,"scheduledAt":null,"arrivedAt":"2026-03-04T08:04:00","status":"INACTIVE","note":"환자 10분 전부터 갑작스러운 흉통 호소.\n구급대원 보고상 의식은 명료하나 식은땀 동반.\n심전도 검사 필요.","isActive":true,"inactiveAt":null,"inactiveReasonCode":null,"inactiveReasonText":null,"cancelReasonCode":null,"cancelReasonText":null,"holdReasonCode":null,"holdReasonText":null,"createdBy":null,"updatedBy":null,"createdAt":"2026-03-03T19:05:26.933337","updatedAt":"2026-03-03T19:22:33.002759"}]
2026-03-04 11:30:53.783 TRACE org.hibernate.orm.jdbc.bind - binding parameter (4:VARCHAR) <- [{"receptionId":54,"receptionNo":"20260303-104","patientId":14,"patientName":"송예린","visitType":"EMERGENCY","departmentId":5,"departmentName":"응급의학과","doctorId":null,"doctorName":null,"reservationId":null,"scheduledAt":null,"arrivedAt":"2026-03-04T08:04:00","status":"REGISTERED","note":"환자 10분 전부터 갑작스러운 흉통 호소.\n구급대원 보고상 의식은 명료하나 식은땀 동반.\n심전도 검사 필요.","isActive":true,"inactiveAt":null,"inactiveReasonCode":null,"inactiveReasonText":null,"cancelReasonCode":null,"cancelReasonText":null,"holdReasonCode":null,"holdReasonText":null,"createdBy":null,"updatedBy":null,"createdAt":"2026-03-03T19:05:26.933337","updatedAt":"2026-03-03T19:22:33.002759"}]
2026-03-04 11:30:53.784 TRACE org.hibernate.orm.jdbc.bind - binding parameter (5:VARCHAR) <- [null]
2026-03-04 11:30:53.784 TRACE org.hibernate.orm.jdbc.bind - binding parameter (6:BIGINT) <- [54]
2026-03-04 11:30:53.784 TRACE org.hibernate.orm.jdbc.bind - binding parameter (7:VARCHAR) <- [RECEPTION]
2026-03-04 11:30:53.784 TRACE org.hibernate.orm.jdbc.bind - binding parameter (8:TIMESTAMP) <- [2026-03-04T11:30:53.781583]
2026-03-04 11:30:53.784 TRACE org.hibernate.orm.jdbc.bind - binding parameter (9:VARCHAR) <- [null]
2026-03-04 11:30:53.784 TRACE org.hibernate.orm.jdbc.bind - binding parameter (10:VARCHAR) <- [null]
2026-03-04 11:30:53.784 TRACE org.hibernate.orm.jdbc.bind - binding parameter (11:BIGINT) <- [170]
2026-03-04 11:30:53.798 DEBUG org.hibernate.SQL - update reception set arrived_at=?,cancel_reason_code=?,cancel_reason_text=?,created_by=?,department_id=?,department_name=?,doctor_id=?,doctor_name=?,hold_reason_code=?,hold_reason_text=?,inactive_at=?,inactive_reason_code=?,inactive_reason_text=?,is_active=?,note=?,patient_id=?,patient_name=?,reception_no=?,reservation_id=?,scheduled_at=?,status=?,updated_at=?,updated_by=?,visit_type=? where reception_id=?
2026-03-04 11:30:53.799 TRACE org.hibernate.orm.jdbc.bind - binding parameter (1:TIMESTAMP) <- [2026-03-04T08:04]
2026-03-04 11:30:53.800 TRACE org.hibernate.orm.jdbc.bind - binding parameter (2:VARCHAR) <- [null]
2026-03-04 11:30:53.800 TRACE org.hibernate.orm.jdbc.bind - binding parameter (3:VARCHAR) <- [null]
2026-03-04 11:30:53.800 TRACE org.hibernate.orm.jdbc.bind - binding parameter (4:BIGINT) <- [null]
2026-03-04 11:30:53.800 TRACE org.hibernate.orm.jdbc.bind - binding parameter (5:BIGINT) <- [5]
2026-03-04 11:30:53.800 TRACE org.hibernate.orm.jdbc.bind - binding parameter (6:VARCHAR) <- [응급의학과]
2026-03-04 11:30:53.800 TRACE org.hibernate.orm.jdbc.bind - binding parameter (7:BIGINT) <- [null]
2026-03-04 11:30:53.800 TRACE org.hibernate.orm.jdbc.bind - binding parameter (8:VARCHAR) <- [null]
2026-03-04 11:30:53.800 TRACE org.hibernate.orm.jdbc.bind - binding parameter (9:VARCHAR) <- [null]
2026-03-04 11:30:53.800 TRACE org.hibernate.orm.jdbc.bind - binding parameter (10:VARCHAR) <- [null]
2026-03-04 11:30:53.800 TRACE org.hibernate.orm.jdbc.bind - binding parameter (11:TIMESTAMP) <- [null]
2026-03-04 11:30:53.800 TRACE org.hibernate.orm.jdbc.bind - binding parameter (12:VARCHAR) <- [null]
2026-03-04 11:30:53.800 TRACE org.hibernate.orm.jdbc.bind - binding parameter (13:VARCHAR) <- [null]
2026-03-04 11:30:53.800 TRACE org.hibernate.orm.jdbc.bind - binding parameter (14:BOOLEAN) <- [true]
2026-03-04 11:30:53.800 TRACE org.hibernate.orm.jdbc.bind - binding parameter (15:VARCHAR) <- [환자 10분 전부터 갑작스러운 흉통 호소.
구급대원 보고상 의식은 명료하나 식은땀 동반.
심전도 검사 필요.]
2026-03-04 11:30:53.801 TRACE org.hibernate.orm.jdbc.bind - binding parameter (16:BIGINT) <- [14]
2026-03-04 11:30:53.801 TRACE org.hibernate.orm.jdbc.bind - binding parameter (17:VARCHAR) <- [송예린]
2026-03-04 11:30:53.801 TRACE org.hibernate.orm.jdbc.bind - binding parameter (18:VARCHAR) <- [20260303-104]
2026-03-04 11:30:53.801 TRACE org.hibernate.orm.jdbc.bind - binding parameter (19:BIGINT) <- [null]
2026-03-04 11:30:53.801 TRACE org.hibernate.orm.jdbc.bind - binding parameter (20:TIMESTAMP) <- [null]
2026-03-04 11:30:53.801 TRACE org.hibernate.orm.jdbc.bind - binding parameter (21:VARCHAR) <- [INACTIVE]
2026-03-04 11:30:53.801 TRACE org.hibernate.orm.jdbc.bind - binding parameter (22:TIMESTAMP) <- [2026-03-04T11:30:53.798593]
2026-03-04 11:30:53.801 TRACE org.hibernate.orm.jdbc.bind - binding parameter (23:BIGINT) <- [null]
2026-03-04 11:30:53.801 TRACE org.hibernate.orm.jdbc.bind - binding parameter (24:VARCHAR) <- [응급]
2026-03-04 11:30:53.801 TRACE org.hibernate.orm.jdbc.bind - binding parameter (25:BIGINT) <- [54]
2026-03-04 11:30:53.928 INFO  k.co.seoulit.common.aop.LoggerAspect - Controller  : kr.co.seoulit.reception.controller.ReceptionController.updateReception()종료
2026-03-04 11:30:53.942 INFO  k.co.seoulit.common.aop.LoggerAspect - Controller  : kr.co.seoulit.reception.controller.ReceptionController.getReceptions()시작
2026-03-04 11:30:53.942 INFO  k.c.s.r.c.ReceptionController - Reception list request: searchType=null, searchValue=null
2026-03-04 11:30:53.942 INFO  k.co.seoulit.common.aop.LoggerAspect - ServiceImpl  : kr.co.seoulit.reception.service.ReceptionServiceImpl.getReceptionList()시작
2026-03-04 11:30:53.977 INFO  k.co.seoulit.common.aop.LoggerAspect - ServiceImpl  : kr.co.seoulit.reception.service.ReceptionServiceImpl.getReceptionList()종료
2026-03-04 11:30:53.989 INFO  k.co.seoulit.common.aop.LoggerAspect - Controller  : kr.co.seoulit.reception.controller.ReceptionController.getReceptions()종료
2026-03-04 11:30:54.172 INFO  k.co.seoulit.common.aop.LoggerAspect - Controller  : kr.co.seoulit.reception.controller.ReservationController.getReservations()시작
2026-03-04 11:30:54.172 INFO  k.co.seoulit.common.aop.LoggerAspect - Controller  : kr.co.seoulit.reception.controller.ReceptionController.getReceptions()시작
2026-03-04 11:30:54.172 INFO  k.c.s.r.c.ReservationController - 예약 목록 요청: searchType=null, searchValue=null
2026-03-04 11:30:54.172 INFO  k.c.s.r.c.ReceptionController - Reception list request: searchType=null, searchValue=null
2026-03-04 11:30:54.173 INFO  k.co.seoulit.common.aop.LoggerAspect - ServiceImpl  : kr.co.seoulit.reception.service.ReservationServiceImpl.getReservationList()시작
2026-03-04 11:30:54.182 INFO  k.co.seoulit.common.aop.LoggerAspect - ServiceImpl  : kr.co.seoulit.reception.service.ReceptionServiceImpl.getReceptionList()시작
2026-03-04 11:30:54.199 INFO  k.co.seoulit.common.aop.LoggerAspect - ServiceImpl  : kr.co.seoulit.reception.service.ReservationServiceImpl.getReservationList()종료
2026-03-04 11:30:54.205 INFO  k.co.seoulit.common.aop.LoggerAspect - Controller  : kr.co.seoulit.reception.controller.ReservationController.getReservations()종료
2026-03-04 11:30:54.243 INFO  k.co.seoulit.common.aop.LoggerAspect - ServiceImpl  : kr.co.seoulit.reception.service.ReceptionServiceImpl.getReceptionList()종료
2026-03-04 11:30:54.249 INFO  k.co.seoulit.common.aop.LoggerAspect - Controller  : kr.co.seoulit.reception.controller.ReceptionController.getReceptions()종료
2026-03-04 11:30:54.254 INFO  k.co.seoulit.common.aop.LoggerAspect - Controller  : kr.co.seoulit.reception.controller.ReceptionController.getReceptions()시작
2026-03-04 11:30:54.254 INFO  k.c.s.r.c.ReceptionController - Reception list request: searchType=null, searchValue=null
2026-03-04 11:30:54.261 INFO  k.co.seoulit.common.aop.LoggerAspect - ServiceImpl  : kr.co.seoulit.reception.service.ReceptionServiceImpl.getReceptionList()시작
2026-03-04 11:30:54.311 INFO  k.co.seoulit.common.aop.LoggerAspect - ServiceImpl  : kr.co.seoulit.reception.service.ReceptionServiceImpl.getReceptionList()종료
2026-03-04 11:30:54.317 INFO  k.co.seoulit.common.aop.LoggerAspect - Controller  : kr.co.seoulit.reception.controller.ReceptionController.getReceptions()종료
2026-03-04 11:30:54.322 INFO  k.co.seoulit.common.aop.LoggerAspect - Controller  : kr.co.seoulit.reception.controller.ReceptionController.getReceptions()시작
2026-03-04 11:30:54.323 INFO  k.c.s.r.c.ReceptionController - Reception list request: searchType=null, searchValue=null
2026-03-04 11:30:54.323 INFO  k.co.seoulit.common.aop.LoggerAspect - ServiceImpl  : kr.co.seoulit.reception.service.ReceptionServiceImpl.getReceptionList()시작
2026-03-04 11:30:54.364 INFO  k.co.seoulit.common.aop.LoggerAspect - ServiceImpl  : kr.co.seoulit.reception.service.ReceptionServiceImpl.getReceptionList()종료
2026-03-04 11:30:54.385 INFO  k.co.seoulit.common.aop.LoggerAspect - Controller  : kr.co.seoulit.reception.controller.ReceptionController.getReceptions()종료
2026-03-04 11:31:00.162 INFO  k.co.seoulit.common.aop.LoggerAspect - Controller  : kr.co.seoulit.reception.controller.ReceptionController.getReception()시작
2026-03-04 11:31:00.162 INFO  k.c.s.r.c.ReceptionController - Get reception request: id=54
2026-03-04 11:31:00.178 INFO  k.co.seoulit.common.aop.LoggerAspect - ServiceImpl  : kr.co.seoulit.reception.service.ReceptionServiceImpl.getReception()시작
2026-03-04 11:31:00.179 DEBUG org.hibernate.SQL - select re1_0.reception_id,re1_0.arrived_at,re1_0.cancel_reason_code,re1_0.cancel_reason_text,re1_0.created_at,re1_0.created_by,re1_0.department_id,re1_0.department_name,re1_0.doctor_id,re1_0.doctor_name,re1_0.hold_reason_code,re1_0.hold_reason_text,re1_0.inactive_at,re1_0.inactive_reason_code,re1_0.inactive_reason_text,re1_0.is_active,re1_0.note,re1_0.patient_id,re1_0.patient_name,re1_0.reception_no,re1_0.reservation_id,re1_0.scheduled_at,re1_0.status,re1_0.updated_at,re1_0.updated_by,re1_0.visit_type from reception re1_0 where re1_0.reception_id=?
2026-03-04 11:31:00.182 TRACE org.hibernate.orm.jdbc.bind - binding parameter (1:BIGINT) <- [54]
2026-03-04 11:31:00.199 INFO  k.co.seoulit.common.aop.LoggerAspect - kr.co.seoulit.reception.mapstruct.ReceptionResMapStructImpl.toDto()시작
2026-03-04 11:31:00.199 INFO  k.co.seoulit.common.aop.LoggerAspect - kr.co.seoulit.reception.mapstruct.ReceptionResMapStructImpl.toDto()종료
2026-03-04 11:31:00.199 INFO  k.co.seoulit.common.aop.LoggerAspect - ServiceImpl  : kr.co.seoulit.reception.service.ReceptionServiceImpl.getReception()종료
2026-03-04 11:31:00.206 INFO  k.co.seoulit.common.aop.LoggerAspect - Controller  : kr.co.seoulit.reception.controller.ReceptionController.getReception()종료
2026-03-04 11:31:00.210 INFO  k.co.seoulit.common.aop.LoggerAspect - Controller  : kr.co.seoulit.reception.controller.ReceptionController.getReception()시작
2026-03-04 11:31:00.210 INFO  k.c.s.r.c.ReceptionController - Get reception request: id=54
2026-03-04 11:31:00.220 INFO  k.co.seoulit.common.aop.LoggerAspect - ServiceImpl  : kr.co.seoulit.reception.service.ReceptionServiceImpl.getReception()시작
2026-03-04 11:31:00.221 DEBUG org.hibernate.SQL - select re1_0.reception_id,re1_0.arrived_at,re1_0.cancel_reason_code,re1_0.cancel_reason_text,re1_0.created_at,re1_0.created_by,re1_0.department_id,re1_0.department_name,re1_0.doctor_id,re1_0.doctor_name,re1_0.hold_reason_code,re1_0.hold_reason_text,re1_0.inactive_at,re1_0.inactive_reason_code,re1_0.inactive_reason_text,re1_0.is_active,re1_0.note,re1_0.patient_id,re1_0.patient_name,re1_0.reception_no,re1_0.reservation_id,re1_0.scheduled_at,re1_0.status,re1_0.updated_at,re1_0.updated_by,re1_0.visit_type from reception re1_0 where re1_0.reception_id=?
2026-03-04 11:31:00.221 TRACE org.hibernate.orm.jdbc.bind - binding parameter (1:BIGINT) <- [54]
2026-03-04 11:31:00.228 INFO  k.co.seoulit.common.aop.LoggerAspect - kr.co.seoulit.reception.mapstruct.ReceptionResMapStructImpl.toDto()시작
2026-03-04 11:31:00.228 INFO  k.co.seoulit.common.aop.LoggerAspect - kr.co.seoulit.reception.mapstruct.ReceptionResMapStructImpl.toDto()종료
2026-03-04 11:31:00.229 INFO  k.co.seoulit.common.aop.LoggerAspect - ServiceImpl  : kr.co.seoulit.reception.service.ReceptionServiceImpl.getReception()종료
2026-03-04 11:31:00.237 INFO  k.co.seoulit.common.aop.LoggerAspect - Controller  : kr.co.seoulit.reception.controller.ReceptionController.getReception()종료
2026-03-04 11:31:14.571 INFO  k.co.seoulit.common.aop.LoggerAspect - Controller  : kr.co.seoulit.reception.controller.ReceptionController.getReceptions()시작
2026-03-04 11:31:14.571 INFO  k.co.seoulit.common.aop.LoggerAspect - Controller  : kr.co.seoulit.reception.controller.ReservationController.getReservations()시작
2026-03-04 11:31:14.571 INFO  k.c.s.r.c.ReceptionController - Reception list request: searchType=null, searchValue=null
2026-03-04 11:31:14.571 INFO  k.c.s.r.c.ReservationController - 예약 목록 요청: searchType=null, searchValue=null
2026-03-04 11:31:14.582 INFO  k.co.seoulit.common.aop.LoggerAspect - ServiceImpl  : kr.co.seoulit.reception.service.ReservationServiceImpl.getReservationList()시작
2026-03-04 11:31:14.584 INFO  k.co.seoulit.common.aop.LoggerAspect - ServiceImpl  : kr.co.seoulit.reception.service.ReceptionServiceImpl.getReceptionList()시작
2026-03-04 11:31:14.613 INFO  k.co.seoulit.common.aop.LoggerAspect - ServiceImpl  : kr.co.seoulit.reception.service.ReservationServiceImpl.getReservationList()종료
2026-03-04 11:31:14.618 INFO  k.co.seoulit.common.aop.LoggerAspect - Controller  : kr.co.seoulit.reception.controller.ReservationController.getReservations()종료
2026-03-04 11:31:14.644 INFO  k.co.seoulit.common.aop.LoggerAspect - ServiceImpl  : kr.co.seoulit.reception.service.ReceptionServiceImpl.getReceptionList()종료
2026-03-04 11:31:14.650 INFO  k.co.seoulit.common.aop.LoggerAspect - Controller  : kr.co.seoulit.reception.controller.ReceptionController.getReceptions()종료
2026-03-04 11:31:14.676 INFO  k.co.seoulit.common.aop.LoggerAspect - Controller  : kr.co.seoulit.reception.controller.ReceptionController.getReceptions()시작
2026-03-04 11:31:14.676 INFO  k.c.s.r.c.ReceptionController - Reception list request: searchType=null, searchValue=null
2026-03-04 11:31:14.676 INFO  k.co.seoulit.common.aop.LoggerAspect - ServiceImpl  : kr.co.seoulit.reception.service.ReceptionServiceImpl.getReceptionList()시작
2026-03-04 11:31:14.722 INFO  k.co.seoulit.common.aop.LoggerAspect - ServiceImpl  : kr.co.seoulit.reception.service.ReceptionServiceImpl.getReceptionList()종료
2026-03-04 11:31:14.727 INFO  k.co.seoulit.common.aop.LoggerAspect - Controller  : kr.co.seoulit.reception.controller.ReceptionController.getReceptions()종료
2026-03-04 11:31:14.762 INFO  k.co.seoulit.common.aop.LoggerAspect - Controller  : kr.co.seoulit.reception.controller.ReceptionController.getReceptions()시작
2026-03-04 11:31:14.763 INFO  k.c.s.r.c.ReceptionController - Reception list request: searchType=null, searchValue=null
2026-03-04 11:31:14.763 INFO  k.co.seoulit.common.aop.LoggerAspect - ServiceImpl  : kr.co.seoulit.reception.service.ReceptionServiceImpl.getReceptionList()시작
2026-03-04 11:31:14.806 INFO  k.co.seoulit.common.aop.LoggerAspect - ServiceImpl  : kr.co.seoulit.reception.service.ReceptionServiceImpl.getReceptionList()종료
2026-03-04 11:31:14.809 INFO  k.co.seoulit.common.aop.LoggerAspect - Controller  : kr.co.seoulit.reception.controller.ReceptionController.getReceptions()종료
2026-03-04 11:33:35.952 INFO  k.co.seoulit.common.aop.LoggerAspect - Controller  : kr.co.seoulit.reception.controller.ReceptionController.getReceptions()시작
2026-03-04 11:33:35.952 INFO  k.c.s.r.c.ReceptionController - Reception list request: searchType=null, searchValue=null
2026-03-04 11:33:35.952 INFO  k.co.seoulit.common.aop.LoggerAspect - Controller  : kr.co.seoulit.reception.controller.ReservationController.getReservations()시작
2026-03-04 11:33:35.953 INFO  k.c.s.r.c.ReservationController - 예약 목록 요청: searchType=null, searchValue=null
2026-03-04 11:33:35.959 INFO  k.co.seoulit.common.aop.LoggerAspect - ServiceImpl  : kr.co.seoulit.reception.service.ReceptionServiceImpl.getReceptionList()시작
2026-03-04 11:33:35.961 INFO  k.co.seoulit.common.aop.LoggerAspect - ServiceImpl  : kr.co.seoulit.reception.service.ReservationServiceImpl.getReservationList()시작
2026-03-04 11:33:35.986 INFO  k.co.seoulit.common.aop.LoggerAspect - ServiceImpl  : kr.co.seoulit.reception.service.ReservationServiceImpl.getReservationList()종료
2026-03-04 11:33:35.992 INFO  k.co.seoulit.common.aop.LoggerAspect - Controller  : kr.co.seoulit.reception.controller.ReservationController.getReservations()종료
2026-03-04 11:33:36.031 INFO  k.co.seoulit.common.aop.LoggerAspect - ServiceImpl  : kr.co.seoulit.reception.service.ReceptionServiceImpl.getReceptionList()종료
2026-03-04 11:33:36.038 INFO  k.co.seoulit.common.aop.LoggerAspect - Controller  : kr.co.seoulit.reception.controller.ReceptionController.getReceptions()종료
2026-03-04 11:33:36.105 INFO  k.co.seoulit.common.aop.LoggerAspect - Controller  : kr.co.seoulit.reception.controller.ReceptionController.getReceptions()시작
2026-03-04 11:33:36.105 INFO  k.c.s.r.c.ReceptionController - Reception list request: searchType=null, searchValue=null
2026-03-04 11:33:36.114 INFO  k.co.seoulit.common.aop.LoggerAspect - ServiceImpl  : kr.co.seoulit.reception.service.ReceptionServiceImpl.getReceptionList()시작
2026-03-04 11:33:36.192 INFO  k.co.seoulit.common.aop.LoggerAspect - ServiceImpl  : kr.co.seoulit.reception.service.ReceptionServiceImpl.getReceptionList()종료
2026-03-04 11:33:36.198 INFO  k.co.seoulit.common.aop.LoggerAspect - Controller  : kr.co.seoulit.reception.controller.ReceptionController.getReceptions()종료
2026-03-04 11:34:07.212 INFO  k.co.seoulit.common.aop.LoggerAspect - Controller  : kr.co.seoulit.reception.controller.ReceptionController.getReceptions()시작
2026-03-04 11:34:07.212 INFO  k.c.s.r.c.ReceptionController - Reception list request: searchType=null, searchValue=null
2026-03-04 11:34:07.209 INFO  k.co.seoulit.common.aop.LoggerAspect - Controller  : kr.co.seoulit.reception.controller.ReservationController.getReservations()시작
2026-03-04 11:34:07.213 INFO  k.c.s.r.c.ReservationController - 예약 목록 요청: searchType=null, searchValue=null
2026-03-04 11:34:07.243 INFO  k.co.seoulit.common.aop.LoggerAspect - ServiceImpl  : kr.co.seoulit.reception.service.ReservationServiceImpl.getReservationList()시작
2026-03-04 11:34:07.249 INFO  k.co.seoulit.common.aop.LoggerAspect - ServiceImpl  : kr.co.seoulit.reception.service.ReceptionServiceImpl.getReceptionList()시작
2026-03-04 11:34:07.285 INFO  k.co.seoulit.common.aop.LoggerAspect - ServiceImpl  : kr.co.seoulit.reception.service.ReservationServiceImpl.getReservationList()종료
2026-03-04 11:34:07.304 INFO  k.co.seoulit.common.aop.LoggerAspect - Controller  : kr.co.seoulit.reception.controller.ReservationController.getReservations()종료
2026-03-04 11:34:07.337 INFO  k.co.seoulit.common.aop.LoggerAspect - ServiceImpl  : kr.co.seoulit.reception.service.ReceptionServiceImpl.getReceptionList()종료
2026-03-04 11:34:07.347 INFO  k.co.seoulit.common.aop.LoggerAspect - Controller  : kr.co.seoulit.reception.controller.ReceptionController.getReceptions()종료
2026-03-04 11:34:07.467 INFO  k.co.seoulit.common.aop.LoggerAspect - Controller  : kr.co.seoulit.reception.controller.ReceptionController.getReceptions()시작
2026-03-04 11:34:07.468 INFO  k.c.s.r.c.ReceptionController - Reception list request: searchType=null, searchValue=null
2026-03-04 11:34:07.468 INFO  k.co.seoulit.common.aop.LoggerAspect - ServiceImpl  : kr.co.seoulit.reception.service.ReceptionServiceImpl.getReceptionList()시작
2026-03-04 11:34:07.551 INFO  k.co.seoulit.common.aop.LoggerAspect - ServiceImpl  : kr.co.seoulit.reception.service.ReceptionServiceImpl.getReceptionList()종료
2026-03-04 11:34:07.558 INFO  k.co.seoulit.common.aop.LoggerAspect - Controller  : kr.co.seoulit.reception.controller.ReceptionController.getReceptions()종료
2026-03-04 11:34:07.861 INFO  k.co.seoulit.common.aop.LoggerAspect - Controller  : kr.co.seoulit.reception.controller.ReceptionController.getReception()시작
2026-03-04 11:34:07.861 INFO  k.c.s.r.c.ReceptionController - Get reception request: id=54
2026-03-04 11:34:07.867 INFO  k.co.seoulit.common.aop.LoggerAspect - ServiceImpl  : kr.co.seoulit.reception.service.ReceptionServiceImpl.getReception()시작
2026-03-04 11:34:07.870 DEBUG org.hibernate.SQL - select re1_0.reception_id,re1_0.arrived_at,re1_0.cancel_reason_code,re1_0.cancel_reason_text,re1_0.created_at,re1_0.created_by,re1_0.department_id,re1_0.department_name,re1_0.doctor_id,re1_0.doctor_name,re1_0.hold_reason_code,re1_0.hold_reason_text,re1_0.inactive_at,re1_0.inactive_reason_code,re1_0.inactive_reason_text,re1_0.is_active,re1_0.note,re1_0.patient_id,re1_0.patient_name,re1_0.reception_no,re1_0.reservation_id,re1_0.scheduled_at,re1_0.status,re1_0.updated_at,re1_0.updated_by,re1_0.visit_type from reception re1_0 where re1_0.reception_id=?
2026-03-04 11:34:07.870 TRACE org.hibernate.orm.jdbc.bind - binding parameter (1:BIGINT) <- [54]
2026-03-04 11:34:07.878 INFO  k.co.seoulit.common.aop.LoggerAspect - kr.co.seoulit.reception.mapstruct.ReceptionResMapStructImpl.toDto()시작
2026-03-04 11:34:07.879 INFO  k.co.seoulit.common.aop.LoggerAspect - kr.co.seoulit.reception.mapstruct.ReceptionResMapStructImpl.toDto()종료
2026-03-04 11:34:07.879 INFO  k.co.seoulit.common.aop.LoggerAspect - ServiceImpl  : kr.co.seoulit.reception.service.ReceptionServiceImpl.getReception()종료
2026-03-04 11:34:07.885 INFO  k.co.seoulit.common.aop.LoggerAspect - Controller  : kr.co.seoulit.reception.controller.ReceptionController.getReception()종료
2026-03-04 11:34:11.506 INFO  k.co.seoulit.common.aop.LoggerAspect - Controller  : kr.co.seoulit.reception.controller.ReservationController.getReservations()시작
2026-03-04 11:34:11.507 INFO  k.co.seoulit.common.aop.LoggerAspect - Controller  : kr.co.seoulit.reception.controller.ReceptionController.getReceptions()시작
2026-03-04 11:34:11.507 INFO  k.c.s.r.c.ReservationController - 예약 목록 요청: searchType=null, searchValue=null
2026-03-04 11:34:11.507 INFO  k.c.s.r.c.ReceptionController - Reception list request: searchType=null, searchValue=null
2026-03-04 11:34:11.513 INFO  k.co.seoulit.common.aop.LoggerAspect - ServiceImpl  : kr.co.seoulit.reception.service.ReservationServiceImpl.getReservationList()시작
2026-03-04 11:34:11.513 INFO  k.co.seoulit.common.aop.LoggerAspect - ServiceImpl  : kr.co.seoulit.reception.service.ReceptionServiceImpl.getReceptionList()시작
2026-03-04 11:34:11.536 INFO  k.co.seoulit.common.aop.LoggerAspect - ServiceImpl  : kr.co.seoulit.reception.service.ReservationServiceImpl.getReservationList()종료
2026-03-04 11:34:11.544 INFO  k.co.seoulit.common.aop.LoggerAspect - Controller  : kr.co.seoulit.reception.controller.ReservationController.getReservations()종료
2026-03-04 11:34:11.565 INFO  k.co.seoulit.common.aop.LoggerAspect - ServiceImpl  : kr.co.seoulit.reception.service.ReceptionServiceImpl.getReceptionList()종료
2026-03-04 11:34:11.571 INFO  k.co.seoulit.common.aop.LoggerAspect - Controller  : kr.co.seoulit.reception.controller.ReceptionController.getReceptions()종료
2026-03-04 11:34:11.701 INFO  k.co.seoulit.common.aop.LoggerAspect - Controller  : kr.co.seoulit.reception.controller.ReceptionController.getReceptions()시작
2026-03-04 11:34:11.701 INFO  k.c.s.r.c.ReceptionController - Reception list request: searchType=null, searchValue=null
2026-03-04 11:34:11.717 INFO  k.co.seoulit.common.aop.LoggerAspect - ServiceImpl  : kr.co.seoulit.reception.service.ReceptionServiceImpl.getReceptionList()시작
2026-03-04 11:34:11.766 INFO  k.co.seoulit.common.aop.LoggerAspect - ServiceImpl  : kr.co.seoulit.reception.service.ReceptionServiceImpl.getReceptionList()종료
2026-03-04 11:34:11.771 INFO  k.co.seoulit.common.aop.LoggerAspect - Controller  : kr.co.seoulit.reception.controller.ReceptionController.getReceptions()종료
2026-03-04 11:34:12.120 INFO  k.co.seoulit.common.aop.LoggerAspect - Controller  : kr.co.seoulit.reception.controller.ReceptionController.getReception()시작
2026-03-04 11:34:12.121 INFO  k.c.s.r.c.ReceptionController - Get reception request: id=54
2026-03-04 11:34:12.129 INFO  k.co.seoulit.common.aop.LoggerAspect - ServiceImpl  : kr.co.seoulit.reception.service.ReceptionServiceImpl.getReception()시작
2026-03-04 11:34:12.131 DEBUG org.hibernate.SQL - select re1_0.reception_id,re1_0.arrived_at,re1_0.cancel_reason_code,re1_0.cancel_reason_text,re1_0.created_at,re1_0.created_by,re1_0.department_id,re1_0.department_name,re1_0.doctor_id,re1_0.doctor_name,re1_0.hold_reason_code,re1_0.hold_reason_text,re1_0.inactive_at,re1_0.inactive_reason_code,re1_0.inactive_reason_text,re1_0.is_active,re1_0.note,re1_0.patient_id,re1_0.patient_name,re1_0.reception_no,re1_0.reservation_id,re1_0.scheduled_at,re1_0.status,re1_0.updated_at,re1_0.updated_by,re1_0.visit_type from reception re1_0 where re1_0.reception_id=?
2026-03-04 11:34:12.133 TRACE org.hibernate.orm.jdbc.bind - binding parameter (1:BIGINT) <- [54]
2026-03-04 11:34:12.142 INFO  k.co.seoulit.common.aop.LoggerAspect - kr.co.seoulit.reception.mapstruct.ReceptionResMapStructImpl.toDto()시작
2026-03-04 11:34:12.144 INFO  k.co.seoulit.common.aop.LoggerAspect - kr.co.seoulit.reception.mapstruct.ReceptionResMapStructImpl.toDto()종료
2026-03-04 11:34:12.144 INFO  k.co.seoulit.common.aop.LoggerAspect - ServiceImpl  : kr.co.seoulit.reception.service.ReceptionServiceImpl.getReception()종료
2026-03-04 11:34:12.149 INFO  k.co.seoulit.common.aop.LoggerAspect - Controller  : kr.co.seoulit.reception.controller.ReceptionController.getReception()종료
2026-03-04 11:34:19.467 INFO  k.co.seoulit.common.aop.LoggerAspect - Controller  : kr.co.seoulit.reception.controller.ReceptionController.updateReceptionStatus()시작
2026-03-04 11:34:19.467 INFO  k.c.s.r.c.ReceptionController - Update reception status request: id=54, status=CANCELED
2026-03-04 11:34:19.474 INFO  k.co.seoulit.common.aop.LoggerAspect - ServiceImpl  : kr.co.seoulit.reception.service.ReceptionServiceImpl.updateReceptionStatus()시작
2026-03-04 11:34:19.475 DEBUG org.hibernate.SQL - select re1_0.reception_id,re1_0.arrived_at,re1_0.cancel_reason_code,re1_0.cancel_reason_text,re1_0.created_at,re1_0.created_by,re1_0.department_id,re1_0.department_name,re1_0.doctor_id,re1_0.doctor_name,re1_0.hold_reason_code,re1_0.hold_reason_text,re1_0.inactive_at,re1_0.inactive_reason_code,re1_0.inactive_reason_text,re1_0.is_active,re1_0.note,re1_0.patient_id,re1_0.patient_name,re1_0.reception_no,re1_0.reservation_id,re1_0.scheduled_at,re1_0.status,re1_0.updated_at,re1_0.updated_by,re1_0.visit_type from reception re1_0 where re1_0.reception_id=?
2026-03-04 11:34:19.475 TRACE org.hibernate.orm.jdbc.bind - binding parameter (1:BIGINT) <- [54]
2026-03-04 11:34:19.484 INFO  k.co.seoulit.common.aop.LoggerAspect - kr.co.seoulit.reception.mapstruct.ReceptionResMapStructImpl.toDto()시작
2026-03-04 11:34:19.484 INFO  k.co.seoulit.common.aop.LoggerAspect - kr.co.seoulit.reception.mapstruct.ReceptionResMapStructImpl.toDto()종료
2026-03-04 11:34:19.485 DEBUG org.hibernate.SQL - select seq_reception_status_history.nextval from dual
2026-03-04 11:34:19.495 INFO  k.co.seoulit.common.aop.LoggerAspect - kr.co.seoulit.reception.mapstruct.ReceptionResMapStructImpl.toDto()시작
2026-03-04 11:34:19.495 INFO  k.co.seoulit.common.aop.LoggerAspect - kr.co.seoulit.reception.mapstruct.ReceptionResMapStructImpl.toDto()종료
2026-03-04 11:34:19.496 DEBUG org.hibernate.SQL - select seq_audit_log.nextval from dual
2026-03-04 11:34:19.503 INFO  k.co.seoulit.common.aop.LoggerAspect - kr.co.seoulit.reception.mapstruct.ReceptionResMapStructImpl.toDto()시작
2026-03-04 11:34:19.503 INFO  k.co.seoulit.common.aop.LoggerAspect - kr.co.seoulit.reception.mapstruct.ReceptionResMapStructImpl.toDto()종료
2026-03-04 11:34:19.503 INFO  k.co.seoulit.common.aop.LoggerAspect - ServiceImpl  : kr.co.seoulit.reception.service.ReceptionServiceImpl.updateReceptionStatus()종료
2026-03-04 11:34:19.504 DEBUG org.hibernate.SQL - insert into reception_status_history (changed_at,changed_by,from_status,reason_code,reason_text,reception_id,to_status,status_history_id) values (?,?,?,?,?,?,?,?)
2026-03-04 11:34:19.504 TRACE org.hibernate.orm.jdbc.bind - binding parameter (1:TIMESTAMP) <- [2026-03-04T11:34:19.504877]
2026-03-04 11:34:19.504 TRACE org.hibernate.orm.jdbc.bind - binding parameter (2:BIGINT) <- [null]
2026-03-04 11:34:19.505 TRACE org.hibernate.orm.jdbc.bind - binding parameter (3:VARCHAR) <- [INACTIVE]
2026-03-04 11:34:19.505 TRACE org.hibernate.orm.jdbc.bind - binding parameter (4:VARCHAR) <- [null]
2026-03-04 11:34:19.505 TRACE org.hibernate.orm.jdbc.bind - binding parameter (5:VARCHAR) <- [null]
2026-03-04 11:34:19.505 TRACE org.hibernate.orm.jdbc.bind - binding parameter (6:BIGINT) <- [54]
2026-03-04 11:34:19.505 TRACE org.hibernate.orm.jdbc.bind - binding parameter (7:VARCHAR) <- [CANCELED]
2026-03-04 11:34:19.505 TRACE org.hibernate.orm.jdbc.bind - binding parameter (8:BIGINT) <- [45]
2026-03-04 11:34:19.514 DEBUG org.hibernate.SQL - insert into audit_log (action,actor_id,after_json,before_json,diff_json,entity_id,entity_type,occurred_at,reason_code,reason_text,audit_log_id) values (?,?,?,?,?,?,?,?,?,?,?)
2026-03-04 11:34:19.514 TRACE org.hibernate.orm.jdbc.bind - binding parameter (1:VARCHAR) <- [STATUS_CHANGE]
2026-03-04 11:34:19.514 TRACE org.hibernate.orm.jdbc.bind - binding parameter (2:BIGINT) <- [null]
2026-03-04 11:34:19.514 TRACE org.hibernate.orm.jdbc.bind - binding parameter (3:VARCHAR) <- [{"receptionId":54,"receptionNo":"20260303-104","patientId":14,"patientName":"송예린","visitType":"응급","departmentId":5,"departmentName":"응급의학과","doctorId":null,"doctorName":null,"reservationId":null,"scheduledAt":null,"arrivedAt":"2026-03-04T08:04:00","status":"CANCELED","note":"환자 10분 전부터 갑작스러운 흉통 호소.\n구급대원 보고상 의식은 명료하나 식은땀 동반.\n심전도 검사 필요.","isActive":true,"inactiveAt":null,"inactiveReasonCode":null,"inactiveReasonText":null,"cancelReasonCode":null,"cancelReasonText":null,"holdReasonCode":null,"holdReasonText":null,"createdBy":null,"updatedBy":null,"createdAt":"2026-03-03T19:05:26.933337","updatedAt":"2026-03-04T11:30:53.798593"}]
2026-03-04 11:34:19.515 TRACE org.hibernate.orm.jdbc.bind - binding parameter (4:VARCHAR) <- [{"receptionId":54,"receptionNo":"20260303-104","patientId":14,"patientName":"송예린","visitType":"응급","departmentId":5,"departmentName":"응급의학과","doctorId":null,"doctorName":null,"reservationId":null,"scheduledAt":null,"arrivedAt":"2026-03-04T08:04:00","status":"INACTIVE","note":"환자 10분 전부터 갑작스러운 흉통 호소.\n구급대원 보고상 의식은 명료하나 식은땀 동반.\n심전도 검사 필요.","isActive":true,"inactiveAt":null,"inactiveReasonCode":null,"inactiveReasonText":null,"cancelReasonCode":null,"cancelReasonText":null,"holdReasonCode":null,"holdReasonText":null,"createdBy":null,"updatedBy":null,"createdAt":"2026-03-03T19:05:26.933337","updatedAt":"2026-03-04T11:30:53.798593"}]
2026-03-04 11:34:19.515 TRACE org.hibernate.orm.jdbc.bind - binding parameter (5:VARCHAR) <- [null]
2026-03-04 11:34:19.515 TRACE org.hibernate.orm.jdbc.bind - binding parameter (6:BIGINT) <- [54]
2026-03-04 11:34:19.515 TRACE org.hibernate.orm.jdbc.bind - binding parameter (7:VARCHAR) <- [RECEPTION]
2026-03-04 11:34:19.515 TRACE org.hibernate.orm.jdbc.bind - binding parameter (8:TIMESTAMP) <- [2026-03-04T11:34:19.514362]
2026-03-04 11:34:19.515 TRACE org.hibernate.orm.jdbc.bind - binding parameter (9:VARCHAR) <- [null]
2026-03-04 11:34:19.515 TRACE org.hibernate.orm.jdbc.bind - binding parameter (10:VARCHAR) <- [null]
2026-03-04 11:34:19.515 TRACE org.hibernate.orm.jdbc.bind - binding parameter (11:BIGINT) <- [171]
2026-03-04 11:34:19.524 DEBUG org.hibernate.SQL - update reception set arrived_at=?,cancel_reason_code=?,cancel_reason_text=?,created_by=?,department_id=?,department_name=?,doctor_id=?,doctor_name=?,hold_reason_code=?,hold_reason_text=?,inactive_at=?,inactive_reason_code=?,inactive_reason_text=?,is_active=?,note=?,patient_id=?,patient_name=?,reception_no=?,reservation_id=?,scheduled_at=?,status=?,updated_at=?,updated_by=?,visit_type=? where reception_id=?
2026-03-04 11:34:19.524 TRACE org.hibernate.orm.jdbc.bind - binding parameter (1:TIMESTAMP) <- [2026-03-04T08:04]
2026-03-04 11:34:19.524 TRACE org.hibernate.orm.jdbc.bind - binding parameter (2:VARCHAR) <- [null]
2026-03-04 11:34:19.524 TRACE org.hibernate.orm.jdbc.bind - binding parameter (3:VARCHAR) <- [null]
2026-03-04 11:34:19.524 TRACE org.hibernate.orm.jdbc.bind - binding parameter (4:BIGINT) <- [null]
2026-03-04 11:34:19.524 TRACE org.hibernate.orm.jdbc.bind - binding parameter (5:BIGINT) <- [5]
2026-03-04 11:34:19.524 TRACE org.hibernate.orm.jdbc.bind - binding parameter (6:VARCHAR) <- [응급의학과]
2026-03-04 11:34:19.524 TRACE org.hibernate.orm.jdbc.bind - binding parameter (7:BIGINT) <- [null]
2026-03-04 11:34:19.524 TRACE org.hibernate.orm.jdbc.bind - binding parameter (8:VARCHAR) <- [null]
2026-03-04 11:34:19.524 TRACE org.hibernate.orm.jdbc.bind - binding parameter (9:VARCHAR) <- [null]
2026-03-04 11:34:19.524 TRACE org.hibernate.orm.jdbc.bind - binding parameter (10:VARCHAR) <- [null]
2026-03-04 11:34:19.524 TRACE org.hibernate.orm.jdbc.bind - binding parameter (11:TIMESTAMP) <- [null]
2026-03-04 11:34:19.525 TRACE org.hibernate.orm.jdbc.bind - binding parameter (12:VARCHAR) <- [null]
2026-03-04 11:34:19.525 TRACE org.hibernate.orm.jdbc.bind - binding parameter (13:VARCHAR) <- [null]
2026-03-04 11:34:19.525 TRACE org.hibernate.orm.jdbc.bind - binding parameter (14:BOOLEAN) <- [true]
2026-03-04 11:34:19.525 TRACE org.hibernate.orm.jdbc.bind - binding parameter (15:VARCHAR) <- [환자 10분 전부터 갑작스러운 흉통 호소.
구급대원 보고상 의식은 명료하나 식은땀 동반.
심전도 검사 필요.]
2026-03-04 11:34:19.525 TRACE org.hibernate.orm.jdbc.bind - binding parameter (16:BIGINT) <- [14]
2026-03-04 11:34:19.525 TRACE org.hibernate.orm.jdbc.bind - binding parameter (17:VARCHAR) <- [송예린]
2026-03-04 11:34:19.525 TRACE org.hibernate.orm.jdbc.bind - binding parameter (18:VARCHAR) <- [20260303-104]
2026-03-04 11:34:19.525 TRACE org.hibernate.orm.jdbc.bind - binding parameter (19:BIGINT) <- [null]
2026-03-04 11:34:19.525 TRACE org.hibernate.orm.jdbc.bind - binding parameter (20:TIMESTAMP) <- [null]
2026-03-04 11:34:19.525 TRACE org.hibernate.orm.jdbc.bind - binding parameter (21:VARCHAR) <- [CANCELED]
2026-03-04 11:34:19.525 TRACE org.hibernate.orm.jdbc.bind - binding parameter (22:TIMESTAMP) <- [2026-03-04T11:34:19.523400]
2026-03-04 11:34:19.525 TRACE org.hibernate.orm.jdbc.bind - binding parameter (23:BIGINT) <- [null]
2026-03-04 11:34:19.525 TRACE org.hibernate.orm.jdbc.bind - binding parameter (24:VARCHAR) <- [응급]
2026-03-04 11:34:19.525 TRACE org.hibernate.orm.jdbc.bind - binding parameter (25:BIGINT) <- [54]
2026-03-04 11:34:19.541 INFO  k.co.seoulit.common.aop.LoggerAspect - Controller  : kr.co.seoulit.reception.controller.ReceptionController.updateReceptionStatus()종료
2026-03-04 11:34:19.707 INFO  k.co.seoulit.common.aop.LoggerAspect - Controller  : kr.co.seoulit.reception.controller.ReceptionController.getReception()시작
2026-03-04 11:34:19.707 INFO  k.c.s.r.c.ReceptionController - Get reception request: id=55
2026-03-04 11:34:19.722 INFO  k.co.seoulit.common.aop.LoggerAspect - ServiceImpl  : kr.co.seoulit.reception.service.ReceptionServiceImpl.getReception()시작
2026-03-04 11:34:19.723 DEBUG org.hibernate.SQL - select re1_0.reception_id,re1_0.arrived_at,re1_0.cancel_reason_code,re1_0.cancel_reason_text,re1_0.created_at,re1_0.created_by,re1_0.department_id,re1_0.department_name,re1_0.doctor_id,re1_0.doctor_name,re1_0.hold_reason_code,re1_0.hold_reason_text,re1_0.inactive_at,re1_0.inactive_reason_code,re1_0.inactive_reason_text,re1_0.is_active,re1_0.note,re1_0.patient_id,re1_0.patient_name,re1_0.reception_no,re1_0.reservation_id,re1_0.scheduled_at,re1_0.status,re1_0.updated_at,re1_0.updated_by,re1_0.visit_type from reception re1_0 where re1_0.reception_id=?
2026-03-04 11:34:19.724 TRACE org.hibernate.orm.jdbc.bind - binding parameter (1:BIGINT) <- [55]
2026-03-04 11:34:19.734 INFO  k.co.seoulit.common.aop.LoggerAspect - kr.co.seoulit.reception.mapstruct.ReceptionResMapStructImpl.toDto()시작
2026-03-04 11:34:19.735 INFO  k.co.seoulit.common.aop.LoggerAspect - kr.co.seoulit.reception.mapstruct.ReceptionResMapStructImpl.toDto()종료
2026-03-04 11:34:19.735 INFO  k.co.seoulit.common.aop.LoggerAspect - ServiceImpl  : kr.co.seoulit.reception.service.ReceptionServiceImpl.getReception()종료
2026-03-04 11:34:19.748 INFO  k.co.seoulit.common.aop.LoggerAspect - Controller  : kr.co.seoulit.reception.controller.ReceptionController.getReception()종료
2026-03-04 11:34:23.291 INFO  k.co.seoulit.common.aop.LoggerAspect - Controller  : kr.co.seoulit.reception.controller.ReservationController.getReservations()시작
2026-03-04 11:34:23.292 INFO  k.c.s.r.c.ReservationController - 예약 목록 요청: searchType=null, searchValue=null
2026-03-04 11:34:23.322 INFO  k.co.seoulit.common.aop.LoggerAspect - ServiceImpl  : kr.co.seoulit.reception.service.ReservationServiceImpl.getReservationList()시작
2026-03-04 11:34:23.345 INFO  k.co.seoulit.common.aop.LoggerAspect - ServiceImpl  : kr.co.seoulit.reception.service.ReservationServiceImpl.getReservationList()종료
2026-03-04 11:34:23.357 INFO  k.co.seoulit.common.aop.LoggerAspect - Controller  : kr.co.seoulit.reception.controller.ReservationController.getReservations()종료
2026-03-04 11:34:23.363 INFO  k.co.seoulit.common.aop.LoggerAspect - Controller  : kr.co.seoulit.reception.controller.ReservationController.getReservations()시작
2026-03-04 11:34:23.363 INFO  k.c.s.r.c.ReservationController - 예약 목록 요청: searchType=null, searchValue=null
2026-03-04 11:34:23.364 INFO  k.co.seoulit.common.aop.LoggerAspect - ServiceImpl  : kr.co.seoulit.reception.service.ReservationServiceImpl.getReservationList()시작
2026-03-04 11:34:23.385 INFO  k.co.seoulit.common.aop.LoggerAspect - ServiceImpl  : kr.co.seoulit.reception.service.ReservationServiceImpl.getReservationList()종료
2026-03-04 11:34:23.393 INFO  k.co.seoulit.common.aop.LoggerAspect - Controller  : kr.co.seoulit.reception.controller.ReservationController.getReservations()종료
2026-03-04 11:34:50.934 INFO  k.co.seoulit.common.aop.LoggerAspect - Controller  : kr.co.seoulit.reception.controller.EmergencyReceptionController.getEmergencyReceptions()시작
2026-03-04 11:34:50.934 INFO  k.c.s.r.c.EmergencyReceptionController - 응급 접수 목록 요청: searchType=null, searchValue=null
2026-03-04 11:34:50.955 INFO  k.co.seoulit.common.aop.LoggerAspect - ServiceImpl  : kr.co.seoulit.reception.service.EmergencyReceptionServiceImpl.getEmergencyReceptionList()시작
2026-03-04 11:34:50.989 INFO  k.co.seoulit.common.aop.LoggerAspect - ServiceImpl  : kr.co.seoulit.reception.service.EmergencyReceptionServiceImpl.getEmergencyReceptionList()종료
2026-03-04 11:34:50.995 INFO  k.co.seoulit.common.aop.LoggerAspect - Controller  : kr.co.seoulit.reception.controller.EmergencyReceptionController.getEmergencyReceptions()종료
2026-03-04 11:34:51.006 INFO  k.co.seoulit.common.aop.LoggerAspect - Controller  : kr.co.seoulit.reception.controller.EmergencyReceptionController.getEmergencyReceptions()시작
2026-03-04 11:34:51.006 INFO  k.c.s.r.c.EmergencyReceptionController - 응급 접수 목록 요청: searchType=null, searchValue=null
2026-03-04 11:34:51.014 INFO  k.co.seoulit.common.aop.LoggerAspect - ServiceImpl  : kr.co.seoulit.reception.service.EmergencyReceptionServiceImpl.getEmergencyReceptionList()시작
2026-03-04 11:34:51.042 INFO  k.co.seoulit.common.aop.LoggerAspect - ServiceImpl  : kr.co.seoulit.reception.service.EmergencyReceptionServiceImpl.getEmergencyReceptionList()종료
2026-03-04 11:34:51.049 INFO  k.co.seoulit.common.aop.LoggerAspect - Controller  : kr.co.seoulit.reception.controller.EmergencyReceptionController.getEmergencyReceptions()종료
2026-03-04 11:34:51.289 INFO  k.co.seoulit.common.aop.LoggerAspect - Controller  : kr.co.seoulit.reception.controller.EmergencyReceptionController.getEmergencyReceptions()시작
2026-03-04 11:34:51.290 INFO  k.c.s.r.c.EmergencyReceptionController - 응급 접수 목록 요청: searchType=null, searchValue=null
2026-03-04 11:34:51.290 INFO  k.co.seoulit.common.aop.LoggerAspect - ServiceImpl  : kr.co.seoulit.reception.service.EmergencyReceptionServiceImpl.getEmergencyReceptionList()시작
2026-03-04 11:34:51.306 INFO  k.co.seoulit.common.aop.LoggerAspect - ServiceImpl  : kr.co.seoulit.reception.service.EmergencyReceptionServiceImpl.getEmergencyReceptionList()종료
2026-03-04 11:34:51.311 INFO  k.co.seoulit.common.aop.LoggerAspect - Controller  : kr.co.seoulit.reception.controller.EmergencyReceptionController.getEmergencyReceptions()종료
2026-03-04 11:34:57.792 INFO  k.co.seoulit.common.aop.LoggerAspect - Controller  : kr.co.seoulit.reception.controller.InpatientReceptionController.getInpatientReceptions()시작
2026-03-04 11:34:57.792 INFO  k.c.s.r.c.InpatientReceptionController - 입원 접수 목록 요청: searchType=null, searchValue=null
2026-03-04 11:34:57.803 INFO  k.co.seoulit.common.aop.LoggerAspect - ServiceImpl  : kr.co.seoulit.reception.service.InpatientReceptionServiceImpl.getInpatientReceptionList()시작
2026-03-04 11:34:57.837 INFO  k.co.seoulit.common.aop.LoggerAspect - ServiceImpl  : kr.co.seoulit.reception.service.InpatientReceptionServiceImpl.getInpatientReceptionList()종료
2026-03-04 11:34:57.844 INFO  k.co.seoulit.common.aop.LoggerAspect - Controller  : kr.co.seoulit.reception.controller.InpatientReceptionController.getInpatientReceptions()종료
2026-03-04 11:34:57.850 INFO  k.co.seoulit.common.aop.LoggerAspect - Controller  : kr.co.seoulit.reception.controller.InpatientReceptionController.getInpatientReceptions()시작
2026-03-04 11:34:57.850 INFO  k.c.s.r.c.InpatientReceptionController - 입원 접수 목록 요청: searchType=null, searchValue=null
2026-03-04 11:34:57.861 INFO  k.co.seoulit.common.aop.LoggerAspect - ServiceImpl  : kr.co.seoulit.reception.service.InpatientReceptionServiceImpl.getInpatientReceptionList()시작
2026-03-04 11:34:57.886 INFO  k.co.seoulit.common.aop.LoggerAspect - ServiceImpl  : kr.co.seoulit.reception.service.InpatientReceptionServiceImpl.getInpatientReceptionList()종료
2026-03-04 11:34:57.893 INFO  k.co.seoulit.common.aop.LoggerAspect - Controller  : kr.co.seoulit.reception.controller.InpatientReceptionController.getInpatientReceptions()종료
2026-03-04 11:34:59.779 INFO  k.co.seoulit.common.aop.LoggerAspect - Controller  : kr.co.seoulit.reception.controller.ReceptionController.getReceptions()시작
2026-03-04 11:34:59.779 INFO  k.co.seoulit.common.aop.LoggerAspect - Controller  : kr.co.seoulit.reception.controller.ReservationController.getReservations()시작
2026-03-04 11:34:59.779 INFO  k.c.s.r.c.ReceptionController - Reception list request: searchType=null, searchValue=null
2026-03-04 11:34:59.779 INFO  k.c.s.r.c.ReservationController - 예약 목록 요청: searchType=null, searchValue=null
2026-03-04 11:34:59.787 INFO  k.co.seoulit.common.aop.LoggerAspect - ServiceImpl  : kr.co.seoulit.reception.service.ReservationServiceImpl.getReservationList()시작
2026-03-04 11:34:59.787 INFO  k.co.seoulit.common.aop.LoggerAspect - ServiceImpl  : kr.co.seoulit.reception.service.ReceptionServiceImpl.getReceptionList()시작
2026-03-04 11:34:59.803 INFO  k.co.seoulit.common.aop.LoggerAspect - ServiceImpl  : kr.co.seoulit.reception.service.ReservationServiceImpl.getReservationList()종료
2026-03-04 11:34:59.815 INFO  k.co.seoulit.common.aop.LoggerAspect - Controller  : kr.co.seoulit.reception.controller.ReservationController.getReservations()종료
2026-03-04 11:34:59.834 INFO  k.co.seoulit.common.aop.LoggerAspect - ServiceImpl  : kr.co.seoulit.reception.service.ReceptionServiceImpl.getReceptionList()종료
2026-03-04 11:34:59.840 INFO  k.co.seoulit.common.aop.LoggerAspect - Controller  : kr.co.seoulit.reception.controller.ReceptionController.getReceptions()종료
2026-03-04 11:34:59.887 INFO  k.co.seoulit.common.aop.LoggerAspect - Controller  : kr.co.seoulit.reception.controller.ReceptionController.getReceptions()시작
2026-03-04 11:34:59.887 INFO  k.c.s.r.c.ReceptionController - Reception list request: searchType=null, searchValue=null
2026-03-04 11:34:59.894 INFO  k.co.seoulit.common.aop.LoggerAspect - ServiceImpl  : kr.co.seoulit.reception.service.ReceptionServiceImpl.getReceptionList()시작
2026-03-04 11:34:59.946 INFO  k.co.seoulit.common.aop.LoggerAspect - ServiceImpl  : kr.co.seoulit.reception.service.ReceptionServiceImpl.getReceptionList()종료
2026-03-04 11:34:59.955 INFO  k.co.seoulit.common.aop.LoggerAspect - Controller  : kr.co.seoulit.reception.controller.ReceptionController.getReceptions()종료
2026-03-04 11:34:59.989 INFO  k.co.seoulit.common.aop.LoggerAspect - Controller  : kr.co.seoulit.reception.controller.ReceptionController.getReceptions()시작
2026-03-04 11:34:59.989 INFO  k.c.s.r.c.ReceptionController - Reception list request: searchType=null, searchValue=null
2026-03-04 11:34:59.990 INFO  k.co.seoulit.common.aop.LoggerAspect - ServiceImpl  : kr.co.seoulit.reception.service.ReceptionServiceImpl.getReceptionList()시작
2026-03-04 11:35:00.031 INFO  k.co.seoulit.common.aop.LoggerAspect - ServiceImpl  : kr.co.seoulit.reception.service.ReceptionServiceImpl.getReceptionList()종료
2026-03-04 11:35:00.036 INFO  k.co.seoulit.common.aop.LoggerAspect - Controller  : kr.co.seoulit.reception.controller.ReceptionController.getReceptions()종료
2026-03-04 11:36:30.571 INFO  k.co.seoulit.common.aop.LoggerAspect - Controller  : kr.co.seoulit.reception.controller.ReservationController.getReservations()시작
2026-03-04 11:36:30.571 INFO  k.c.s.r.c.ReservationController - 예약 목록 요청: searchType=null, searchValue=null
2026-03-04 11:36:30.573 INFO  k.co.seoulit.common.aop.LoggerAspect - Controller  : kr.co.seoulit.reception.controller.ReceptionController.getReceptions()시작
2026-03-04 11:36:30.573 INFO  k.c.s.r.c.ReceptionController - Reception list request: searchType=null, searchValue=null
2026-03-04 11:36:30.602 INFO  k.co.seoulit.common.aop.LoggerAspect - ServiceImpl  : kr.co.seoulit.reception.service.ReservationServiceImpl.getReservationList()시작
2026-03-04 11:36:30.676 INFO  k.co.seoulit.common.aop.LoggerAspect - ServiceImpl  : kr.co.seoulit.reception.service.ReceptionServiceImpl.getReceptionList()시작
2026-03-04 11:36:30.694 INFO  k.co.seoulit.common.aop.LoggerAspect - ServiceImpl  : kr.co.seoulit.reception.service.ReservationServiceImpl.getReservationList()종료
2026-03-04 11:36:30.699 INFO  k.co.seoulit.common.aop.LoggerAspect - Controller  : kr.co.seoulit.reception.controller.ReservationController.getReservations()종료
2026-03-04 11:36:30.736 INFO  k.co.seoulit.common.aop.LoggerAspect - ServiceImpl  : kr.co.seoulit.reception.service.ReceptionServiceImpl.getReceptionList()종료
2026-03-04 11:36:30.742 INFO  k.co.seoulit.common.aop.LoggerAspect - Controller  : kr.co.seoulit.reception.controller.ReceptionController.getReceptions()종료
2026-03-04 11:36:30.753 INFO  k.co.seoulit.common.aop.LoggerAspect - Controller  : kr.co.seoulit.reception.controller.ReceptionController.getReceptions()시작
2026-03-04 11:36:30.753 INFO  k.c.s.r.c.ReceptionController - Reception list request: searchType=null, searchValue=null
2026-03-04 11:36:30.760 INFO  k.co.seoulit.common.aop.LoggerAspect - ServiceImpl  : kr.co.seoulit.reception.service.ReceptionServiceImpl.getReceptionList()시작
2026-03-04 11:36:30.808 INFO  k.co.seoulit.common.aop.LoggerAspect - ServiceImpl  : kr.co.seoulit.reception.service.ReceptionServiceImpl.getReceptionList()종료
2026-03-04 11:36:30.814 INFO  k.co.seoulit.common.aop.LoggerAspect - Controller  : kr.co.seoulit.reception.controller.ReceptionController.getReceptions()종료
2026-03-04 11:36:47.976 INFO  k.co.seoulit.common.aop.LoggerAspect - Controller  : kr.co.seoulit.reception.controller.ReservationController.getReservations()시작
2026-03-04 11:36:47.976 INFO  k.c.s.r.c.ReservationController - 예약 목록 요청: searchType=null, searchValue=null
2026-03-04 11:36:48.002 INFO  k.co.seoulit.common.aop.LoggerAspect - ServiceImpl  : kr.co.seoulit.reception.service.ReservationServiceImpl.getReservationList()시작
2026-03-04 11:36:48.026 INFO  k.co.seoulit.common.aop.LoggerAspect - ServiceImpl  : kr.co.seoulit.reception.service.ReservationServiceImpl.getReservationList()종료
2026-03-04 11:36:48.038 INFO  k.co.seoulit.common.aop.LoggerAspect - Controller  : kr.co.seoulit.reception.controller.ReservationController.getReservations()종료
2026-03-04 11:36:48.045 INFO  k.co.seoulit.common.aop.LoggerAspect - Controller  : kr.co.seoulit.reception.controller.ReservationController.getReservations()시작
2026-03-04 11:36:48.045 INFO  k.c.s.r.c.ReservationController - 예약 목록 요청: searchType=null, searchValue=null
2026-03-04 11:36:48.065 INFO  k.co.seoulit.common.aop.LoggerAspect - ServiceImpl  : kr.co.seoulit.reception.service.ReservationServiceImpl.getReservationList()시작
2026-03-04 11:36:48.092 INFO  k.co.seoulit.common.aop.LoggerAspect - ServiceImpl  : kr.co.seoulit.reception.service.ReservationServiceImpl.getReservationList()종료
2026-03-04 11:36:48.101 INFO  k.co.seoulit.common.aop.LoggerAspect - Controller  : kr.co.seoulit.reception.controller.ReservationController.getReservations()종료
2026-03-04 11:36:52.427 INFO  k.co.seoulit.common.aop.LoggerAspect - Controller  : kr.co.seoulit.reception.controller.EmergencyReceptionController.getEmergencyReceptions()시작
2026-03-04 11:36:52.427 INFO  k.c.s.r.c.EmergencyReceptionController - 응급 접수 목록 요청: searchType=null, searchValue=null
2026-03-04 11:36:52.440 INFO  k.co.seoulit.common.aop.LoggerAspect - ServiceImpl  : kr.co.seoulit.reception.service.EmergencyReceptionServiceImpl.getEmergencyReceptionList()시작
2026-03-04 11:36:52.476 INFO  k.co.seoulit.common.aop.LoggerAspect - ServiceImpl  : kr.co.seoulit.reception.service.EmergencyReceptionServiceImpl.getEmergencyReceptionList()종료
2026-03-04 11:36:52.496 INFO  k.co.seoulit.common.aop.LoggerAspect - Controller  : kr.co.seoulit.reception.controller.EmergencyReceptionController.getEmergencyReceptions()종료
2026-03-04 11:36:52.505 INFO  k.co.seoulit.common.aop.LoggerAspect - Controller  : kr.co.seoulit.reception.controller.EmergencyReceptionController.getEmergencyReceptions()시작
2026-03-04 11:36:52.506 INFO  k.c.s.r.c.EmergencyReceptionController - 응급 접수 목록 요청: searchType=null, searchValue=null
2026-03-04 11:36:52.522 INFO  k.co.seoulit.common.aop.LoggerAspect - ServiceImpl  : kr.co.seoulit.reception.service.EmergencyReceptionServiceImpl.getEmergencyReceptionList()시작
2026-03-04 11:36:52.547 INFO  k.co.seoulit.common.aop.LoggerAspect - ServiceImpl  : kr.co.seoulit.reception.service.EmergencyReceptionServiceImpl.getEmergencyReceptionList()종료
2026-03-04 11:36:52.569 INFO  k.co.seoulit.common.aop.LoggerAspect - Controller  : kr.co.seoulit.reception.controller.EmergencyReceptionController.getEmergencyReceptions()종료
2026-03-04 11:36:52.719 INFO  k.co.seoulit.common.aop.LoggerAspect - Controller  : kr.co.seoulit.reception.controller.EmergencyReceptionController.getEmergencyReceptions()시작
2026-03-04 11:36:52.719 INFO  k.c.s.r.c.EmergencyReceptionController - 응급 접수 목록 요청: searchType=null, searchValue=null
2026-03-04 11:36:52.719 INFO  k.co.seoulit.common.aop.LoggerAspect - ServiceImpl  : kr.co.seoulit.reception.service.EmergencyReceptionServiceImpl.getEmergencyReceptionList()시작
2026-03-04 11:36:52.735 INFO  k.co.seoulit.common.aop.LoggerAspect - ServiceImpl  : kr.co.seoulit.reception.service.EmergencyReceptionServiceImpl.getEmergencyReceptionList()종료
2026-03-04 11:36:52.741 INFO  k.co.seoulit.common.aop.LoggerAspect - Controller  : kr.co.seoulit.reception.controller.EmergencyReceptionController.getEmergencyReceptions()종료
2026-03-04 11:37:04.360 INFO  k.co.seoulit.common.aop.LoggerAspect - Controller  : kr.co.seoulit.reception.controller.EmergencyReceptionController.getEmergencyReception()시작
2026-03-04 11:37:04.361 INFO  k.c.s.r.c.EmergencyReceptionController - 응급 접수 조회 요청: id=53
2026-03-04 11:37:04.385 INFO  k.co.seoulit.common.aop.LoggerAspect - ServiceImpl  : kr.co.seoulit.reception.service.EmergencyReceptionServiceImpl.getEmergencyReception()시작
2026-03-04 11:37:04.389 DEBUG org.hibernate.SQL - select re1_0.reception_id,re1_0.arrived_at,re1_0.cancel_reason_code,re1_0.cancel_reason_text,re1_0.created_at,re1_0.created_by,re1_0.department_id,re1_0.department_name,re1_0.doctor_id,re1_0.doctor_name,re1_0.hold_reason_code,re1_0.hold_reason_text,re1_0.inactive_at,re1_0.inactive_reason_code,re1_0.inactive_reason_text,re1_0.is_active,re1_0.note,re1_0.patient_id,re1_0.patient_name,re1_0.reception_no,re1_0.reservation_id,re1_0.scheduled_at,re1_0.status,re1_0.updated_at,re1_0.updated_by,re1_0.visit_type from reception re1_0 where re1_0.reception_id=?
2026-03-04 11:37:04.390 TRACE org.hibernate.orm.jdbc.bind - binding parameter (1:BIGINT) <- [53]
2026-03-04 11:37:04.404 DEBUG org.hibernate.SQL - select ree1_0.reception_id,ree1_0.arrival_mode,ree1_0.chief_complaint,ree1_0.triage_level,ree1_0.triage_note,ree1_0.vital_bp_diastolic,ree1_0.vital_bp_systolic,ree1_0.vital_hr,ree1_0.vital_rr,ree1_0.vital_spo2,ree1_0.vital_temp from reception_emergency ree1_0 where ree1_0.reception_id=?
2026-03-04 11:37:04.404 TRACE org.hibernate.orm.jdbc.bind - binding parameter (1:BIGINT) <- [53]
2026-03-04 11:37:04.418 INFO  k.co.seoulit.common.aop.LoggerAspect - ServiceImpl  : kr.co.seoulit.reception.service.EmergencyReceptionServiceImpl.getEmergencyReception()종료
2026-03-04 11:37:04.428 INFO  k.co.seoulit.common.aop.LoggerAspect - Controller  : kr.co.seoulit.reception.controller.EmergencyReceptionController.getEmergencyReception()종료
2026-03-04 11:37:04.435 INFO  k.co.seoulit.common.aop.LoggerAspect - Controller  : kr.co.seoulit.reception.controller.EmergencyReceptionController.getEmergencyReception()시작
2026-03-04 11:37:04.435 INFO  k.c.s.r.c.EmergencyReceptionController - 응급 접수 조회 요청: id=53
2026-03-04 11:37:04.452 INFO  k.co.seoulit.common.aop.LoggerAspect - ServiceImpl  : kr.co.seoulit.reception.service.EmergencyReceptionServiceImpl.getEmergencyReception()시작
2026-03-04 11:37:04.453 DEBUG org.hibernate.SQL - select re1_0.reception_id,re1_0.arrived_at,re1_0.cancel_reason_code,re1_0.cancel_reason_text,re1_0.created_at,re1_0.created_by,re1_0.department_id,re1_0.department_name,re1_0.doctor_id,re1_0.doctor_name,re1_0.hold_reason_code,re1_0.hold_reason_text,re1_0.inactive_at,re1_0.inactive_reason_code,re1_0.inactive_reason_text,re1_0.is_active,re1_0.note,re1_0.patient_id,re1_0.patient_name,re1_0.reception_no,re1_0.reservation_id,re1_0.scheduled_at,re1_0.status,re1_0.updated_at,re1_0.updated_by,re1_0.visit_type from reception re1_0 where re1_0.reception_id=?
2026-03-04 11:37:04.454 TRACE org.hibernate.orm.jdbc.bind - binding parameter (1:BIGINT) <- [53]
2026-03-04 11:37:04.473 DEBUG org.hibernate.SQL - select ree1_0.reception_id,ree1_0.arrival_mode,ree1_0.chief_complaint,ree1_0.triage_level,ree1_0.triage_note,ree1_0.vital_bp_diastolic,ree1_0.vital_bp_systolic,ree1_0.vital_hr,ree1_0.vital_rr,ree1_0.vital_spo2,ree1_0.vital_temp from reception_emergency ree1_0 where ree1_0.reception_id=?
2026-03-04 11:37:04.474 TRACE org.hibernate.orm.jdbc.bind - binding parameter (1:BIGINT) <- [53]
2026-03-04 11:37:04.487 INFO  k.co.seoulit.common.aop.LoggerAspect - ServiceImpl  : kr.co.seoulit.reception.service.EmergencyReceptionServiceImpl.getEmergencyReception()종료
2026-03-04 11:37:04.505 INFO  k.co.seoulit.common.aop.LoggerAspect - Controller  : kr.co.seoulit.reception.controller.EmergencyReceptionController.getEmergencyReception()종료
2026-03-04 11:43:36.646 INFO  k.co.seoulit.common.aop.LoggerAspect - Controller  : kr.co.seoulit.reception.controller.InpatientReceptionController.getInpatientReceptions()시작
2026-03-04 11:43:36.647 INFO  k.c.s.r.c.InpatientReceptionController - 입원 접수 목록 요청: searchType=null, searchValue=null
2026-03-04 11:43:36.663 INFO  k.co.seoulit.common.aop.LoggerAspect - ServiceImpl  : kr.co.seoulit.reception.service.InpatientReceptionServiceImpl.getInpatientReceptionList()시작
2026-03-04 11:43:36.699 INFO  k.co.seoulit.common.aop.LoggerAspect - ServiceImpl  : kr.co.seoulit.reception.service.InpatientReceptionServiceImpl.getInpatientReceptionList()종료
2026-03-04 11:43:36.705 INFO  k.co.seoulit.common.aop.LoggerAspect - Controller  : kr.co.seoulit.reception.controller.InpatientReceptionController.getInpatientReceptions()종료
2026-03-04 11:43:36.710 INFO  k.co.seoulit.common.aop.LoggerAspect - Controller  : kr.co.seoulit.reception.controller.InpatientReceptionController.getInpatientReceptions()시작
2026-03-04 11:43:36.710 INFO  k.c.s.r.c.InpatientReceptionController - 입원 접수 목록 요청: searchType=null, searchValue=null
2026-03-04 11:43:36.719 INFO  k.co.seoulit.common.aop.LoggerAspect - ServiceImpl  : kr.co.seoulit.reception.service.InpatientReceptionServiceImpl.getInpatientReceptionList()시작
2026-03-04 11:43:36.739 INFO  k.co.seoulit.common.aop.LoggerAspect - ServiceImpl  : kr.co.seoulit.reception.service.InpatientReceptionServiceImpl.getInpatientReceptionList()종료
2026-03-04 11:43:36.744 INFO  k.co.seoulit.common.aop.LoggerAspect - Controller  : kr.co.seoulit.reception.controller.InpatientReceptionController.getInpatientReceptions()종료
2026-03-04 12:02:37.891 INFO  k.co.seoulit.common.aop.LoggerAspect - Controller  : kr.co.seoulit.reception.controller.ReceptionController.getReceptions()시작
2026-03-04 12:02:37.891 INFO  k.c.s.r.c.ReceptionController - Reception list request: searchType=null, searchValue=null
2026-03-04 12:02:37.905 INFO  k.co.seoulit.common.aop.LoggerAspect - ServiceImpl  : kr.co.seoulit.reception.service.ReceptionServiceImpl.getReceptionList()시작
2026-03-04 12:02:37.944 INFO  k.co.seoulit.common.aop.LoggerAspect - ServiceImpl  : kr.co.seoulit.reception.service.ReceptionServiceImpl.getReceptionList()종료
2026-03-04 12:02:37.949 INFO  k.co.seoulit.common.aop.LoggerAspect - Controller  : kr.co.seoulit.reception.controller.ReceptionController.getReceptions()종료
2026-03-04 12:02:37.962 INFO  k.co.seoulit.common.aop.LoggerAspect - Controller  : kr.co.seoulit.reception.controller.ReceptionController.getReceptions()시작
2026-03-04 12:02:37.962 INFO  k.c.s.r.c.ReceptionController - Reception list request: searchType=null, searchValue=null
2026-03-04 12:02:37.962 INFO  k.co.seoulit.common.aop.LoggerAspect - ServiceImpl  : kr.co.seoulit.reception.service.ReceptionServiceImpl.getReceptionList()시작
2026-03-04 12:02:38.015 INFO  k.co.seoulit.common.aop.LoggerAspect - ServiceImpl  : kr.co.seoulit.reception.service.ReceptionServiceImpl.getReceptionList()종료
2026-03-04 12:02:38.020 INFO  k.co.seoulit.common.aop.LoggerAspect - Controller  : kr.co.seoulit.reception.controller.ReceptionController.getReceptions()종료
2026-03-04 12:02:53.426 INFO  k.co.seoulit.common.aop.LoggerAspect - Controller  : kr.co.seoulit.reception.controller.ReceptionController.getReceptions()시작
2026-03-04 12:02:53.427 INFO  k.c.s.r.c.ReceptionController - Reception list request: searchType=null, searchValue=null
2026-03-04 12:02:53.436 INFO  k.co.seoulit.common.aop.LoggerAspect - ServiceImpl  : kr.co.seoulit.reception.service.ReceptionServiceImpl.getReceptionList()시작
2026-03-04 12:02:53.489 INFO  k.co.seoulit.common.aop.LoggerAspect - ServiceImpl  : kr.co.seoulit.reception.service.ReceptionServiceImpl.getReceptionList()종료
2026-03-04 12:02:53.498 INFO  k.co.seoulit.common.aop.LoggerAspect - Controller  : kr.co.seoulit.reception.controller.ReceptionController.getReceptions()종료
2026-03-04 12:02:53.512 INFO  k.co.seoulit.common.aop.LoggerAspect - Controller  : kr.co.seoulit.reception.controller.ReceptionController.getReceptions()시작
2026-03-04 12:02:53.512 INFO  k.c.s.r.c.ReceptionController - Reception list request: searchType=null, searchValue=null
2026-03-04 12:02:53.513 INFO  k.co.seoulit.common.aop.LoggerAspect - ServiceImpl  : kr.co.seoulit.reception.service.ReceptionServiceImpl.getReceptionList()시작
2026-03-04 12:02:53.553 INFO  k.co.seoulit.common.aop.LoggerAspect - ServiceImpl  : kr.co.seoulit.reception.service.ReceptionServiceImpl.getReceptionList()종료
2026-03-04 12:02:53.558 INFO  k.co.seoulit.common.aop.LoggerAspect - Controller  : kr.co.seoulit.reception.controller.ReceptionController.getReceptions()종료
2026-03-04 12:24:39.698 INFO  k.co.seoulit.common.aop.LoggerAspect - Controller  : kr.co.seoulit.reception.controller.InpatientReceptionController.getInpatientReceptions()시작
2026-03-04 12:24:39.700 INFO  k.c.s.r.c.InpatientReceptionController - 입원 접수 목록 요청: searchType=null, searchValue=null
2026-03-04 12:24:39.730 INFO  k.co.seoulit.common.aop.LoggerAspect - ServiceImpl  : kr.co.seoulit.reception.service.InpatientReceptionServiceImpl.getInpatientReceptionList()시작
2026-03-04 12:24:39.766 INFO  k.co.seoulit.common.aop.LoggerAspect - ServiceImpl  : kr.co.seoulit.reception.service.InpatientReceptionServiceImpl.getInpatientReceptionList()종료
2026-03-04 12:24:39.778 INFO  k.co.seoulit.common.aop.LoggerAspect - Controller  : kr.co.seoulit.reception.controller.InpatientReceptionController.getInpatientReceptions()종료
2026-03-04 12:24:39.783 INFO  k.co.seoulit.common.aop.LoggerAspect - Controller  : kr.co.seoulit.reception.controller.InpatientReceptionController.getInpatientReceptions()시작
2026-03-04 12:24:39.784 INFO  k.c.s.r.c.InpatientReceptionController - 입원 접수 목록 요청: searchType=null, searchValue=null
2026-03-04 12:24:39.784 INFO  k.co.seoulit.common.aop.LoggerAspect - ServiceImpl  : kr.co.seoulit.reception.service.InpatientReceptionServiceImpl.getInpatientReceptionList()시작
2026-03-04 12:24:39.802 INFO  k.co.seoulit.common.aop.LoggerAspect - ServiceImpl  : kr.co.seoulit.reception.service.InpatientReceptionServiceImpl.getInpatientReceptionList()종료
2026-03-04 12:24:39.810 INFO  k.co.seoulit.common.aop.LoggerAspect - Controller  : kr.co.seoulit.reception.controller.InpatientReceptionController.getInpatientReceptions()종료
2026-03-04 12:31:34.915 INFO  k.co.seoulit.common.aop.LoggerAspect - Controller  : kr.co.seoulit.reception.controller.ReservationController.getReservations()시작
2026-03-04 12:31:34.915 INFO  k.co.seoulit.common.aop.LoggerAspect - Controller  : kr.co.seoulit.reception.controller.ReceptionController.getReceptions()시작
2026-03-04 12:31:34.916 INFO  k.c.s.r.c.ReceptionController - Reception list request: searchType=null, searchValue=null
2026-03-04 12:31:34.916 INFO  k.c.s.r.c.ReservationController - 예약 목록 요청: searchType=null, searchValue=null
2026-03-04 12:31:34.923 INFO  k.co.seoulit.common.aop.LoggerAspect - ServiceImpl  : kr.co.seoulit.reception.service.ReceptionServiceImpl.getReceptionList()시작
2026-03-04 12:31:34.923 INFO  k.co.seoulit.common.aop.LoggerAspect - ServiceImpl  : kr.co.seoulit.reception.service.ReservationServiceImpl.getReservationList()시작
2026-03-04 12:31:34.956 INFO  k.co.seoulit.common.aop.LoggerAspect - ServiceImpl  : kr.co.seoulit.reception.service.ReservationServiceImpl.getReservationList()종료
2026-03-04 12:31:34.960 INFO  k.co.seoulit.common.aop.LoggerAspect - Controller  : kr.co.seoulit.reception.controller.ReservationController.getReservations()종료
2026-03-04 12:31:34.984 INFO  k.co.seoulit.common.aop.LoggerAspect - ServiceImpl  : kr.co.seoulit.reception.service.ReceptionServiceImpl.getReceptionList()종료
2026-03-04 12:31:34.990 INFO  k.co.seoulit.common.aop.LoggerAspect - Controller  : kr.co.seoulit.reception.controller.ReceptionController.getReceptions()종료
2026-03-04 12:31:35.025 INFO  k.co.seoulit.common.aop.LoggerAspect - Controller  : kr.co.seoulit.reception.controller.ReceptionController.getReceptions()시작
2026-03-04 12:31:35.026 INFO  k.c.s.r.c.ReceptionController - Reception list request: searchType=null, searchValue=null
2026-03-04 12:31:35.026 INFO  k.co.seoulit.common.aop.LoggerAspect - ServiceImpl  : kr.co.seoulit.reception.service.ReceptionServiceImpl.getReceptionList()시작
2026-03-04 12:31:35.072 INFO  k.co.seoulit.common.aop.LoggerAspect - ServiceImpl  : kr.co.seoulit.reception.service.ReceptionServiceImpl.getReceptionList()종료
2026-03-04 12:31:35.079 INFO  k.co.seoulit.common.aop.LoggerAspect - Controller  : kr.co.seoulit.reception.controller.ReceptionController.getReceptions()종료
2026-03-04 12:31:35.182 INFO  k.co.seoulit.common.aop.LoggerAspect - Controller  : kr.co.seoulit.reception.controller.ReceptionController.getReceptions()시작
2026-03-04 12:31:35.182 INFO  k.c.s.r.c.ReceptionController - Reception list request: searchType=null, searchValue=null
2026-03-04 12:31:35.182 INFO  k.co.seoulit.common.aop.LoggerAspect - ServiceImpl  : kr.co.seoulit.reception.service.ReceptionServiceImpl.getReceptionList()시작
2026-03-04 12:31:35.228 INFO  k.co.seoulit.common.aop.LoggerAspect - ServiceImpl  : kr.co.seoulit.reception.service.ReceptionServiceImpl.getReceptionList()종료
2026-03-04 12:31:35.234 INFO  k.co.seoulit.common.aop.LoggerAspect - Controller  : kr.co.seoulit.reception.controller.ReceptionController.getReceptions()종료
2026-03-04 12:31:35.553 INFO  k.co.seoulit.common.aop.LoggerAspect - Controller  : kr.co.seoulit.reception.controller.ReceptionController.getReception()시작
2026-03-04 12:31:35.553 INFO  k.c.s.r.c.ReceptionController - Get reception request: id=55
2026-03-04 12:31:35.556 INFO  k.co.seoulit.common.aop.LoggerAspect - ServiceImpl  : kr.co.seoulit.reception.service.ReceptionServiceImpl.getReception()시작
2026-03-04 12:31:35.562 DEBUG org.hibernate.SQL - select re1_0.reception_id,re1_0.arrived_at,re1_0.cancel_reason_code,re1_0.cancel_reason_text,re1_0.created_at,re1_0.created_by,re1_0.department_id,re1_0.department_name,re1_0.doctor_id,re1_0.doctor_name,re1_0.hold_reason_code,re1_0.hold_reason_text,re1_0.inactive_at,re1_0.inactive_reason_code,re1_0.inactive_reason_text,re1_0.is_active,re1_0.note,re1_0.patient_id,re1_0.patient_name,re1_0.reception_no,re1_0.reservation_id,re1_0.scheduled_at,re1_0.status,re1_0.updated_at,re1_0.updated_by,re1_0.visit_type from reception re1_0 where re1_0.reception_id=?
2026-03-04 12:31:35.563 TRACE org.hibernate.orm.jdbc.bind - binding parameter (1:BIGINT) <- [55]
2026-03-04 12:31:35.577 INFO  k.co.seoulit.common.aop.LoggerAspect - kr.co.seoulit.reception.mapstruct.ReceptionResMapStructImpl.toDto()시작
2026-03-04 12:31:35.577 INFO  k.co.seoulit.common.aop.LoggerAspect - kr.co.seoulit.reception.mapstruct.ReceptionResMapStructImpl.toDto()종료
2026-03-04 12:31:35.577 INFO  k.co.seoulit.common.aop.LoggerAspect - ServiceImpl  : kr.co.seoulit.reception.service.ReceptionServiceImpl.getReception()종료
2026-03-04 12:31:35.582 INFO  k.co.seoulit.common.aop.LoggerAspect - Controller  : kr.co.seoulit.reception.controller.ReceptionController.getReception()종료
2026-03-04 12:33:25.880 INFO  k.co.seoulit.common.aop.LoggerAspect - Controller  : kr.co.seoulit.reception.controller.EmergencyReceptionController.getEmergencyReceptions()시작
2026-03-04 12:33:25.881 INFO  k.c.s.r.c.EmergencyReceptionController - 응급 접수 목록 요청: searchType=null, searchValue=null
2026-03-04 12:33:25.904 INFO  k.co.seoulit.common.aop.LoggerAspect - ServiceImpl  : kr.co.seoulit.reception.service.EmergencyReceptionServiceImpl.getEmergencyReceptionList()시작
2026-03-04 12:33:25.942 INFO  k.co.seoulit.common.aop.LoggerAspect - ServiceImpl  : kr.co.seoulit.reception.service.EmergencyReceptionServiceImpl.getEmergencyReceptionList()종료
2026-03-04 12:33:25.949 INFO  k.co.seoulit.common.aop.LoggerAspect - Controller  : kr.co.seoulit.reception.controller.EmergencyReceptionController.getEmergencyReceptions()종료
2026-03-04 12:33:25.969 INFO  k.co.seoulit.common.aop.LoggerAspect - Controller  : kr.co.seoulit.reception.controller.EmergencyReceptionController.getEmergencyReceptions()시작
2026-03-04 12:33:25.969 INFO  k.c.s.r.c.EmergencyReceptionController - 응급 접수 목록 요청: searchType=null, searchValue=null
2026-03-04 12:33:25.970 INFO  k.co.seoulit.common.aop.LoggerAspect - ServiceImpl  : kr.co.seoulit.reception.service.EmergencyReceptionServiceImpl.getEmergencyReceptionList()시작
2026-03-04 12:33:25.984 INFO  k.co.seoulit.common.aop.LoggerAspect - ServiceImpl  : kr.co.seoulit.reception.service.EmergencyReceptionServiceImpl.getEmergencyReceptionList()종료
2026-03-04 12:33:25.990 INFO  k.co.seoulit.common.aop.LoggerAspect - Controller  : kr.co.seoulit.reception.controller.EmergencyReceptionController.getEmergencyReceptions()종료
2026-03-04 12:34:12.273 INFO  k.co.seoulit.common.aop.LoggerAspect - Controller  : kr.co.seoulit.reception.controller.InpatientReceptionController.getInpatientReceptions()시작
2026-03-04 12:34:12.275 INFO  k.c.s.r.c.InpatientReceptionController - 입원 접수 목록 요청: searchType=null, searchValue=null
2026-03-04 12:34:12.288 INFO  k.co.seoulit.common.aop.LoggerAspect - ServiceImpl  : kr.co.seoulit.reception.service.InpatientReceptionServiceImpl.getInpatientReceptionList()시작
2026-03-04 12:34:12.308 INFO  k.co.seoulit.common.aop.LoggerAspect - ServiceImpl  : kr.co.seoulit.reception.service.InpatientReceptionServiceImpl.getInpatientReceptionList()종료
2026-03-04 12:34:12.316 INFO  k.co.seoulit.common.aop.LoggerAspect - Controller  : kr.co.seoulit.reception.controller.InpatientReceptionController.getInpatientReceptions()종료
2026-03-04 12:34:12.332 INFO  k.co.seoulit.common.aop.LoggerAspect - Controller  : kr.co.seoulit.reception.controller.InpatientReceptionController.getInpatientReceptions()시작
2026-03-04 12:34:12.332 INFO  k.c.s.r.c.InpatientReceptionController - 입원 접수 목록 요청: searchType=null, searchValue=null
2026-03-04 12:34:12.338 INFO  k.co.seoulit.common.aop.LoggerAspect - ServiceImpl  : kr.co.seoulit.reception.service.InpatientReceptionServiceImpl.getInpatientReceptionList()시작
2026-03-04 12:34:12.355 INFO  k.co.seoulit.common.aop.LoggerAspect - ServiceImpl  : kr.co.seoulit.reception.service.InpatientReceptionServiceImpl.getInpatientReceptionList()종료
2026-03-04 12:34:12.360 INFO  k.co.seoulit.common.aop.LoggerAspect - Controller  : kr.co.seoulit.reception.controller.InpatientReceptionController.getInpatientReceptions()종료
2026-03-04 12:35:01.497 INFO  k.co.seoulit.common.aop.LoggerAspect - Controller  : kr.co.seoulit.reception.controller.ReservationController.getReservations()시작
2026-03-04 12:35:01.497 INFO  k.c.s.r.c.ReservationController - 예약 목록 요청: searchType=null, searchValue=null
2026-03-04 12:35:01.505 INFO  k.co.seoulit.common.aop.LoggerAspect - ServiceImpl  : kr.co.seoulit.reception.service.ReservationServiceImpl.getReservationList()시작
2026-03-04 12:35:01.524 INFO  k.co.seoulit.common.aop.LoggerAspect - ServiceImpl  : kr.co.seoulit.reception.service.ReservationServiceImpl.getReservationList()종료
2026-03-04 12:35:01.531 INFO  k.co.seoulit.common.aop.LoggerAspect - Controller  : kr.co.seoulit.reception.controller.ReservationController.getReservations()종료
2026-03-04 12:36:59.173 INFO  k.co.seoulit.common.aop.LoggerAspect - Controller  : kr.co.seoulit.reception.controller.ReceptionController.getReceptions()시작
2026-03-04 12:36:59.173 INFO  k.c.s.r.c.ReceptionController - Reception list request: searchType=null, searchValue=null
2026-03-04 12:36:59.183 INFO  k.co.seoulit.common.aop.LoggerAspect - ServiceImpl  : kr.co.seoulit.reception.service.ReceptionServiceImpl.getReceptionList()시작
2026-03-04 12:36:59.265 INFO  k.co.seoulit.common.aop.LoggerAspect - ServiceImpl  : kr.co.seoulit.reception.service.ReceptionServiceImpl.getReceptionList()종료
2026-03-04 12:36:59.315 INFO  k.co.seoulit.common.aop.LoggerAspect - Controller  : kr.co.seoulit.reception.controller.ReceptionController.getReceptions()종료
2026-03-04 12:37:00.046 INFO  k.co.seoulit.common.aop.LoggerAspect - Controller  : kr.co.seoulit.reception.controller.ReceptionController.getReceptions()시작
2026-03-04 12:37:00.046 INFO  k.c.s.r.c.ReceptionController - Reception list request: searchType=null, searchValue=null
2026-03-04 12:37:00.053 INFO  k.co.seoulit.common.aop.LoggerAspect - ServiceImpl  : kr.co.seoulit.reception.service.ReceptionServiceImpl.getReceptionList()시작
2026-03-04 12:37:00.125 INFO  k.co.seoulit.common.aop.LoggerAspect - ServiceImpl  : kr.co.seoulit.reception.service.ReceptionServiceImpl.getReceptionList()종료
2026-03-04 12:37:00.138 INFO  k.co.seoulit.common.aop.LoggerAspect - Controller  : kr.co.seoulit.reception.controller.ReceptionController.getReceptions()종료
2026-03-04 12:50:08.194 INFO  o.s.o.j.LocalContainerEntityManagerFactoryBean - Closing JPA EntityManagerFactory for persistence unit 'default'
2026-03-04 12:50:08.206 INFO  com.zaxxer.hikari.HikariDataSource - HikariPool-1 - Shutdown initiated...
2026-03-04 12:50:08.344 INFO  com.zaxxer.hikari.HikariDataSource - HikariPool-1 - Shutdown completed.
2026-03-04 15:25:15.575 INFO  o.h.validator.internal.util.Version - HV000001: Hibernate Validator 8.0.1.Final
2026-03-04 15:25:15.650 INFO  kr.co.seoulit.ReceptionApplication - Starting ReceptionApplication using Java 17.0.12 with PID 139416 (D:\서울IT교육센터\dev\teamwork\project\backend\hospital_reception_backend\reception_back\build\classes\java\main started by USER in D:\서울IT교육센터\dev\teamwork\project\backend\hospital_reception_backend\reception_back)
2026-03-04 15:25:15.653 INFO  kr.co.seoulit.ReceptionApplication - No active profile set, falling back to 1 default profile: "default"
2026-03-04 15:25:17.707 INFO  o.s.d.r.c.RepositoryConfigurationDelegate - Multiple Spring Data modules found, entering strict repository configuration mode
2026-03-04 15:25:17.709 INFO  o.s.d.r.c.RepositoryConfigurationDelegate - Bootstrapping Spring Data JPA repositories in DEFAULT mode.
2026-03-04 15:25:17.956 INFO  o.s.d.r.c.RepositoryConfigurationDelegate - Finished Spring Data repository scanning in 237 ms. Found 9 JPA repository interfaces.
2026-03-04 15:25:17.978 INFO  o.s.d.r.c.RepositoryConfigurationDelegate - Multiple Spring Data modules found, entering strict repository configuration mode
2026-03-04 15:25:17.980 INFO  o.s.d.r.c.RepositoryConfigurationDelegate - Bootstrapping Spring Data Redis repositories in DEFAULT mode.
2026-03-04 15:25:17.998 INFO  o.s.d.r.c.RepositoryConfigurationExtensionSupport - Spring Data Redis - Could not safely identify store assignment for repository candidate interface kr.co.seoulit.common.audit.AuditLogRepository; If you want this repository to be a Redis repository, consider annotating your entities with one of these annotations: org.springframework.data.redis.core.RedisHash (preferred), or consider extending one of the following types with your repository: org.springframework.data.keyvalue.repository.KeyValueRepository
2026-03-04 15:25:17.998 INFO  o.s.d.r.c.RepositoryConfigurationExtensionSupport - Spring Data Redis - Could not safely identify store assignment for repository candidate interface kr.co.seoulit.reception.repository.DepartmentRepository; If you want this repository to be a Redis repository, consider annotating your entities with one of these annotations: org.springframework.data.redis.core.RedisHash (preferred), or consider extending one of the following types with your repository: org.springframework.data.keyvalue.repository.KeyValueRepository
2026-03-04 15:25:17.999 INFO  o.s.d.r.c.RepositoryConfigurationExtensionSupport - Spring Data Redis - Could not safely identify store assignment for repository candidate interface kr.co.seoulit.reception.repository.DoctorRepository; If you want this repository to be a Redis repository, consider annotating your entities with one of these annotations: org.springframework.data.redis.core.RedisHash (preferred), or consider extending one of the following types with your repository: org.springframework.data.keyvalue.repository.KeyValueRepository
2026-03-04 15:25:17.999 INFO  o.s.d.r.c.RepositoryConfigurationExtensionSupport - Spring Data Redis - Could not safely identify store assignment for repository candidate interface kr.co.seoulit.reception.repository.PatientRepository; If you want this repository to be a Redis repository, consider annotating your entities with one of these annotations: org.springframework.data.redis.core.RedisHash (preferred), or consider extending one of the following types with your repository: org.springframework.data.keyvalue.repository.KeyValueRepository
2026-03-04 15:25:18.000 INFO  o.s.d.r.c.RepositoryConfigurationExtensionSupport - Spring Data Redis - Could not safely identify store assignment for repository candidate interface kr.co.seoulit.reception.repository.ReceptionEmergencyRepository; If you want this repository to be a Redis repository, consider annotating your entities with one of these annotations: org.springframework.data.redis.core.RedisHash (preferred), or consider extending one of the following types with your repository: org.springframework.data.keyvalue.repository.KeyValueRepository
2026-03-04 15:25:18.000 INFO  o.s.d.r.c.RepositoryConfigurationExtensionSupport - Spring Data Redis - Could not safely identify store assignment for repository candidate interface kr.co.seoulit.reception.repository.ReceptionInpatientRepository; If you want this repository to be a Redis repository, consider annotating your entities with one of these annotations: org.springframework.data.redis.core.RedisHash (preferred), or consider extending one of the following types with your repository: org.springframework.data.keyvalue.repository.KeyValueRepository
2026-03-04 15:25:18.000 INFO  o.s.d.r.c.RepositoryConfigurationExtensionSupport - Spring Data Redis - Could not safely identify store assignment for repository candidate interface kr.co.seoulit.reception.repository.ReceptionRepository; If you want this repository to be a Redis repository, consider annotating your entities with one of these annotations: org.springframework.data.redis.core.RedisHash (preferred), or consider extending one of the following types with your repository: org.springframework.data.keyvalue.repository.KeyValueRepository
2026-03-04 15:25:18.001 INFO  o.s.d.r.c.RepositoryConfigurationExtensionSupport - Spring Data Redis - Could not safely identify store assignment for repository candidate interface kr.co.seoulit.reception.repository.ReceptionStatusHistoryRepository; If you want this repository to be a Redis repository, consider annotating your entities with one of these annotations: org.springframework.data.redis.core.RedisHash (preferred), or consider extending one of the following types with your repository: org.springframework.data.keyvalue.repository.KeyValueRepository
2026-03-04 15:25:18.001 INFO  o.s.d.r.c.RepositoryConfigurationExtensionSupport - Spring Data Redis - Could not safely identify store assignment for repository candidate interface kr.co.seoulit.reception.repository.ReservationRepository; If you want this repository to be a Redis repository, consider annotating your entities with one of these annotations: org.springframework.data.redis.core.RedisHash (preferred), or consider extending one of the following types with your repository: org.springframework.data.keyvalue.repository.KeyValueRepository
2026-03-04 15:25:18.001 INFO  o.s.d.r.c.RepositoryConfigurationDelegate - Finished Spring Data repository scanning in 12 ms. Found 0 Redis repository interfaces.
2026-03-04 15:25:19.087 INFO  o.s.b.w.e.tomcat.TomcatWebServer - Tomcat initialized with port 8283 (http)
2026-03-04 15:25:19.100 INFO  o.a.coyote.http11.Http11NioProtocol - Initializing ProtocolHandler ["http-nio-8283"]
2026-03-04 15:25:19.102 INFO  o.a.catalina.core.StandardService - Starting service [Tomcat]
2026-03-04 15:25:19.103 INFO  o.a.catalina.core.StandardEngine - Starting Servlet engine: [Apache Tomcat/10.1.26]
2026-03-04 15:25:19.203 INFO  o.a.c.c.C.[Tomcat].[localhost].[/] - Initializing Spring embedded WebApplicationContext
2026-03-04 15:25:19.206 INFO  o.s.b.w.s.c.ServletWebServerApplicationContext - Root WebApplicationContext: initialization completed in 3480 ms
2026-03-04 15:25:19.682 INFO  o.h.jpa.internal.util.LogHelper - HHH000204: Processing PersistenceUnitInfo [name: default]
2026-03-04 15:25:19.907 INFO  org.hibernate.Version - HHH000412: Hibernate ORM core version 6.5.2.Final
2026-03-04 15:25:20.030 INFO  o.h.c.i.RegionFactoryInitiator - HHH000026: Second-level cache disabled
2026-03-04 15:25:20.719 INFO  o.s.o.j.p.SpringPersistenceUnitInfo - No LoadTimeWeaver setup: ignoring JPA class transformer
2026-03-04 15:25:20.844 INFO  com.zaxxer.hikari.HikariDataSource - HikariPool-1 - Starting...
2026-03-04 15:25:21.333 INFO  com.zaxxer.hikari.pool.HikariPool - HikariPool-1 - Added connection oracle.jdbc.driver.T4CConnection@404dc999
2026-03-04 15:25:21.337 INFO  com.zaxxer.hikari.HikariDataSource - HikariPool-1 - Start completed.
2026-03-04 15:25:21.455 WARN  org.hibernate.orm.deprecation - HHH90000026: Oracle10gDialect has been deprecated; use org.hibernate.community.dialect.OracleLegacyDialect instead
2026-03-04 15:25:23.673 INFO  o.h.e.t.j.p.i.JtaPlatformInitiator - HHH000489: No JTA platform available (set 'hibernate.transaction.jta.platform' to enable JTA platform integration)
2026-03-04 15:25:23.687 INFO  o.s.o.j.LocalContainerEntityManagerFactoryBean - Initialized JPA EntityManagerFactory for persistence unit 'default'
2026-03-04 15:25:25.440 WARN  o.s.b.a.o.j.JpaBaseConfiguration$JpaWebConfiguration - spring.jpa.open-in-view is enabled by default. Therefore, database queries may be performed during view rendering. Explicitly configure spring.jpa.open-in-view to disable this warning
2026-03-04 15:25:25.479 INFO  o.s.b.a.w.s.WelcomePageHandlerMapping - Adding welcome page: class path resource [static/index.html]
2026-03-04 15:25:26.426 INFO  o.a.coyote.http11.Http11NioProtocol - Starting ProtocolHandler ["http-nio-8283"]
2026-03-04 15:25:26.451 INFO  o.s.b.w.e.tomcat.TomcatWebServer - Tomcat started on port 8283 (http) with context path '/'
2026-03-04 15:25:26.462 INFO  kr.co.seoulit.ReceptionApplication - Started ReceptionApplication in 11.529 seconds (process running for 15.774)
2026-03-04 15:26:28.514 INFO  o.a.c.c.C.[Tomcat].[localhost].[/] - Initializing Spring DispatcherServlet 'dispatcherServlet'
2026-03-04 15:26:28.515 INFO  o.s.web.servlet.DispatcherServlet - Initializing Servlet 'dispatcherServlet'
2026-03-04 15:26:28.519 INFO  o.s.web.servlet.DispatcherServlet - Completed initialization in 4 ms
2026-03-04 15:26:28.860 INFO  k.co.seoulit.common.aop.LoggerAspect - Controller  : kr.co.seoulit.reception.controller.InpatientReceptionController.getInpatientReceptions()시작
2026-03-04 15:26:28.860 INFO  k.c.s.r.c.InpatientReceptionController - 입원 접수 목록 요청: searchType=null, searchValue=null
2026-03-04 15:26:28.871 INFO  k.co.seoulit.common.aop.LoggerAspect - ServiceImpl  : kr.co.seoulit.reception.service.InpatientReceptionServiceImpl.getInpatientReceptionList()시작
2026-03-04 15:26:29.202 INFO  k.co.seoulit.common.aop.LoggerAspect - ServiceImpl  : kr.co.seoulit.reception.service.InpatientReceptionServiceImpl.getInpatientReceptionList()종료
2026-03-04 15:26:29.216 INFO  k.co.seoulit.common.aop.LoggerAspect - Controller  : kr.co.seoulit.reception.controller.InpatientReceptionController.getInpatientReceptions()종료
2026-03-04 15:26:29.355 INFO  k.co.seoulit.common.aop.LoggerAspect - Controller  : kr.co.seoulit.reception.controller.InpatientReceptionController.getInpatientReceptions()시작
2026-03-04 15:26:29.355 INFO  k.c.s.r.c.InpatientReceptionController - 입원 접수 목록 요청: searchType=null, searchValue=null
2026-03-04 15:26:29.356 INFO  k.co.seoulit.common.aop.LoggerAspect - ServiceImpl  : kr.co.seoulit.reception.service.InpatientReceptionServiceImpl.getInpatientReceptionList()시작
2026-03-04 15:26:29.382 INFO  k.co.seoulit.common.aop.LoggerAspect - ServiceImpl  : kr.co.seoulit.reception.service.InpatientReceptionServiceImpl.getInpatientReceptionList()종료
2026-03-04 15:26:29.388 INFO  k.co.seoulit.common.aop.LoggerAspect - Controller  : kr.co.seoulit.reception.controller.InpatientReceptionController.getInpatientReceptions()종료
2026-03-04 15:26:30.204 INFO  k.co.seoulit.common.aop.LoggerAspect - Controller  : kr.co.seoulit.reception.controller.EmergencyReceptionController.getEmergencyReceptions()시작
2026-03-04 15:26:30.205 INFO  k.c.s.r.c.EmergencyReceptionController - 응급 접수 목록 요청: searchType=null, searchValue=null
2026-03-04 15:26:30.213 INFO  k.co.seoulit.common.aop.LoggerAspect - ServiceImpl  : kr.co.seoulit.reception.service.EmergencyReceptionServiceImpl.getEmergencyReceptionList()시작
2026-03-04 15:26:30.283 INFO  k.co.seoulit.common.aop.LoggerAspect - ServiceImpl  : kr.co.seoulit.reception.service.EmergencyReceptionServiceImpl.getEmergencyReceptionList()종료
2026-03-04 15:26:30.292 INFO  k.co.seoulit.common.aop.LoggerAspect - Controller  : kr.co.seoulit.reception.controller.EmergencyReceptionController.getEmergencyReceptions()종료
2026-03-04 15:26:30.319 INFO  k.co.seoulit.common.aop.LoggerAspect - Controller  : kr.co.seoulit.reception.controller.EmergencyReceptionController.getEmergencyReceptions()시작
2026-03-04 15:26:30.319 INFO  k.c.s.r.c.EmergencyReceptionController - 응급 접수 목록 요청: searchType=null, searchValue=null
2026-03-04 15:26:30.319 INFO  k.co.seoulit.common.aop.LoggerAspect - ServiceImpl  : kr.co.seoulit.reception.service.EmergencyReceptionServiceImpl.getEmergencyReceptionList()시작
2026-03-04 15:26:30.346 INFO  k.co.seoulit.common.aop.LoggerAspect - ServiceImpl  : kr.co.seoulit.reception.service.EmergencyReceptionServiceImpl.getEmergencyReceptionList()종료
2026-03-04 15:26:30.352 INFO  k.co.seoulit.common.aop.LoggerAspect - Controller  : kr.co.seoulit.reception.controller.EmergencyReceptionController.getEmergencyReceptions()종료
2026-03-04 15:26:34.000 INFO  k.co.seoulit.common.aop.LoggerAspect - Controller  : kr.co.seoulit.reception.controller.EmergencyReceptionController.getEmergencyReceptions()시작
2026-03-04 15:26:34.001 INFO  k.c.s.r.c.EmergencyReceptionController - 응급 접수 목록 요청: searchType=null, searchValue=null
2026-03-04 15:26:34.017 INFO  k.co.seoulit.common.aop.LoggerAspect - ServiceImpl  : kr.co.seoulit.reception.service.EmergencyReceptionServiceImpl.getEmergencyReceptionList()시작
2026-03-04 15:26:34.037 INFO  k.co.seoulit.common.aop.LoggerAspect - ServiceImpl  : kr.co.seoulit.reception.service.EmergencyReceptionServiceImpl.getEmergencyReceptionList()종료
2026-03-04 15:26:34.042 INFO  k.co.seoulit.common.aop.LoggerAspect - Controller  : kr.co.seoulit.reception.controller.EmergencyReceptionController.getEmergencyReceptions()종료
2026-03-04 15:26:34.051 INFO  k.co.seoulit.common.aop.LoggerAspect - Controller  : kr.co.seoulit.reception.controller.EmergencyReceptionController.getEmergencyReceptions()시작
2026-03-04 15:26:34.051 INFO  k.c.s.r.c.EmergencyReceptionController - 응급 접수 목록 요청: searchType=null, searchValue=null
2026-03-04 15:26:34.052 INFO  k.co.seoulit.common.aop.LoggerAspect - ServiceImpl  : kr.co.seoulit.reception.service.EmergencyReceptionServiceImpl.getEmergencyReceptionList()시작
2026-03-04 15:26:34.069 INFO  k.co.seoulit.common.aop.LoggerAspect - ServiceImpl  : kr.co.seoulit.reception.service.EmergencyReceptionServiceImpl.getEmergencyReceptionList()종료
2026-03-04 15:26:34.083 INFO  k.co.seoulit.common.aop.LoggerAspect - Controller  : kr.co.seoulit.reception.controller.EmergencyReceptionController.getEmergencyReceptions()종료
2026-03-04 15:27:15.694 INFO  k.co.seoulit.common.aop.LoggerAspect - Controller  : kr.co.seoulit.reception.controller.InpatientReceptionController.createInpatientReception()시작
2026-03-04 15:27:15.695 INFO  k.c.s.r.c.InpatientReceptionController - 입원 접수 등록 요청: receptionNo=20260304-201
2026-03-04 15:27:15.701 INFO  k.co.seoulit.common.aop.LoggerAspect - ServiceImpl  : kr.co.seoulit.reception.service.InpatientReceptionServiceImpl.createInpatientReception()시작
2026-03-04 15:27:15.787 DEBUG org.hibernate.SQL - select pe1_0.patient_id,pe1_0.patient_name from patient pe1_0 where pe1_0.patient_id=?
2026-03-04 15:27:15.789 TRACE org.hibernate.orm.jdbc.bind - binding parameter (1:BIGINT) <- [11]
2026-03-04 15:27:15.820 DEBUG org.hibernate.SQL - select de1_0.department_id,de1_0.department_name from department de1_0 where de1_0.department_id=?
2026-03-04 15:27:15.821 TRACE org.hibernate.orm.jdbc.bind - binding parameter (1:BIGINT) <- [1]
2026-03-04 15:27:15.842 DEBUG org.hibernate.SQL - select de1_0.doctor_id,de1_0.department_id,de1_0.doctor_name from doctor de1_0 where de1_0.doctor_id=?
2026-03-04 15:27:15.843 TRACE org.hibernate.orm.jdbc.bind - binding parameter (1:BIGINT) <- [1]
2026-03-04 15:27:15.929 DEBUG org.hibernate.SQL - select seq_reception.nextval from dual
2026-03-04 15:27:16.027 DEBUG org.hibernate.SQL - select rie1_0.reception_id,rie1_0.admission_plan_at,rie1_0.room_id,rie1_0.ward_id from reception_inpatient rie1_0 where rie1_0.reception_id=?
2026-03-04 15:27:16.028 TRACE org.hibernate.orm.jdbc.bind - binding parameter (1:BIGINT) <- [67]
2026-03-04 15:27:16.059 INFO  k.co.seoulit.common.aop.LoggerAspect - ServiceImpl  : kr.co.seoulit.reception.service.InpatientReceptionServiceImpl.createInpatientReception()종료
2026-03-04 15:27:16.102 DEBUG org.hibernate.SQL - insert into reception (arrived_at,cancel_reason_code,cancel_reason_text,created_at,created_by,department_id,department_name,doctor_id,doctor_name,hold_reason_code,hold_reason_text,inactive_at,inactive_reason_code,inactive_reason_text,is_active,note,patient_id,patient_name,reception_no,reservation_id,scheduled_at,status,updated_at,updated_by,visit_type,reception_id) values (?,?,?,?,?,?,?,?,?,?,?,?,?,?,?,?,?,?,?,?,?,?,?,?,?,?)
2026-03-04 15:27:16.106 TRACE org.hibernate.orm.jdbc.bind - binding parameter (1:TIMESTAMP) <- [null]
2026-03-04 15:27:16.107 TRACE org.hibernate.orm.jdbc.bind - binding parameter (2:VARCHAR) <- [null]
2026-03-04 15:27:16.108 TRACE org.hibernate.orm.jdbc.bind - binding parameter (3:VARCHAR) <- [null]
2026-03-04 15:27:16.108 TRACE org.hibernate.orm.jdbc.bind - binding parameter (4:TIMESTAMP) <- [2026-03-04T15:27:16.084828]
2026-03-04 15:27:16.108 TRACE org.hibernate.orm.jdbc.bind - binding parameter (5:BIGINT) <- [null]
2026-03-04 15:27:16.108 TRACE org.hibernate.orm.jdbc.bind - binding parameter (6:BIGINT) <- [1]
2026-03-04 15:27:16.109 TRACE org.hibernate.orm.jdbc.bind - binding parameter (7:VARCHAR) <- [내과]
2026-03-04 15:27:16.109 TRACE org.hibernate.orm.jdbc.bind - binding parameter (8:BIGINT) <- [1]
2026-03-04 15:27:16.109 TRACE org.hibernate.orm.jdbc.bind - binding parameter (9:VARCHAR) <- [송태민]
2026-03-04 15:27:16.109 TRACE org.hibernate.orm.jdbc.bind - binding parameter (10:VARCHAR) <- [null]
2026-03-04 15:27:16.109 TRACE org.hibernate.orm.jdbc.bind - binding parameter (11:VARCHAR) <- [null]
2026-03-04 15:27:16.109 TRACE org.hibernate.orm.jdbc.bind - binding parameter (12:TIMESTAMP) <- [null]
2026-03-04 15:27:16.109 TRACE org.hibernate.orm.jdbc.bind - binding parameter (13:VARCHAR) <- [null]
2026-03-04 15:27:16.110 TRACE org.hibernate.orm.jdbc.bind - binding parameter (14:VARCHAR) <- [null]
2026-03-04 15:27:16.110 TRACE org.hibernate.orm.jdbc.bind - binding parameter (15:BOOLEAN) <- [true]
2026-03-04 15:27:16.111 TRACE org.hibernate.orm.jdbc.bind - binding parameter (16:VARCHAR) <- [복통 및 탈수로 입원 예정]
2026-03-04 15:27:16.111 TRACE org.hibernate.orm.jdbc.bind - binding parameter (17:BIGINT) <- [11]
2026-03-04 15:27:16.111 TRACE org.hibernate.orm.jdbc.bind - binding parameter (18:VARCHAR) <- [윤채원]
2026-03-04 15:27:16.111 TRACE org.hibernate.orm.jdbc.bind - binding parameter (19:VARCHAR) <- [20260304-201]
2026-03-04 15:27:16.112 TRACE org.hibernate.orm.jdbc.bind - binding parameter (20:BIGINT) <- [null]
2026-03-04 15:27:16.112 TRACE org.hibernate.orm.jdbc.bind - binding parameter (21:TIMESTAMP) <- [null]
2026-03-04 15:27:16.112 TRACE org.hibernate.orm.jdbc.bind - binding parameter (22:VARCHAR) <- [WAITING]
2026-03-04 15:27:16.112 TRACE org.hibernate.orm.jdbc.bind - binding parameter (23:TIMESTAMP) <- [2026-03-04T15:27:16.085826]
2026-03-04 15:27:16.112 TRACE org.hibernate.orm.jdbc.bind - binding parameter (24:BIGINT) <- [null]
2026-03-04 15:27:16.112 TRACE org.hibernate.orm.jdbc.bind - binding parameter (25:VARCHAR) <- [INPATIENT]
2026-03-04 15:27:16.112 TRACE org.hibernate.orm.jdbc.bind - binding parameter (26:BIGINT) <- [67]
2026-03-04 15:27:16.128 DEBUG org.hibernate.SQL - insert into reception_inpatient (admission_plan_at,room_id,ward_id,reception_id) values (?,?,?,?)
2026-03-04 15:27:16.129 TRACE org.hibernate.orm.jdbc.bind - binding parameter (1:TIMESTAMP) <- [2026-03-04T14:30]
2026-03-04 15:27:16.129 TRACE org.hibernate.orm.jdbc.bind - binding parameter (2:BIGINT) <- [512]
2026-03-04 15:27:16.129 TRACE org.hibernate.orm.jdbc.bind - binding parameter (3:BIGINT) <- [5]
2026-03-04 15:27:16.129 TRACE org.hibernate.orm.jdbc.bind - binding parameter (4:BIGINT) <- [67]
2026-03-04 15:27:16.170 INFO  k.co.seoulit.common.aop.LoggerAspect - Controller  : kr.co.seoulit.reception.controller.InpatientReceptionController.createInpatientReception()종료
2026-03-04 15:27:16.504 INFO  k.co.seoulit.common.aop.LoggerAspect - Controller  : kr.co.seoulit.reception.controller.InpatientReceptionController.getInpatientReceptions()시작
2026-03-04 15:27:16.504 INFO  k.c.s.r.c.InpatientReceptionController - 입원 접수 목록 요청: searchType=null, searchValue=null
2026-03-04 15:27:16.508 INFO  k.co.seoulit.common.aop.LoggerAspect - ServiceImpl  : kr.co.seoulit.reception.service.InpatientReceptionServiceImpl.getInpatientReceptionList()시작
2026-03-04 15:27:16.540 INFO  k.co.seoulit.common.aop.LoggerAspect - ServiceImpl  : kr.co.seoulit.reception.service.InpatientReceptionServiceImpl.getInpatientReceptionList()종료
2026-03-04 15:27:16.547 INFO  k.co.seoulit.common.aop.LoggerAspect - Controller  : kr.co.seoulit.reception.controller.InpatientReceptionController.getInpatientReceptions()종료
2026-03-04 15:27:16.565 INFO  k.co.seoulit.common.aop.LoggerAspect - Controller  : kr.co.seoulit.reception.controller.InpatientReceptionController.getInpatientReceptions()시작
2026-03-04 15:27:16.566 INFO  k.c.s.r.c.InpatientReceptionController - 입원 접수 목록 요청: searchType=null, searchValue=null
2026-03-04 15:27:16.567 INFO  k.co.seoulit.common.aop.LoggerAspect - ServiceImpl  : kr.co.seoulit.reception.service.InpatientReceptionServiceImpl.getInpatientReceptionList()시작
2026-03-04 15:27:16.600 INFO  k.co.seoulit.common.aop.LoggerAspect - ServiceImpl  : kr.co.seoulit.reception.service.InpatientReceptionServiceImpl.getInpatientReceptionList()종료
2026-03-04 15:27:16.611 INFO  k.co.seoulit.common.aop.LoggerAspect - Controller  : kr.co.seoulit.reception.controller.InpatientReceptionController.getInpatientReceptions()종료
2026-03-04 15:27:38.006 INFO  k.co.seoulit.common.aop.LoggerAspect - Controller  : kr.co.seoulit.reception.controller.InpatientReceptionController.getInpatientReceptions()시작
2026-03-04 15:27:38.007 INFO  k.c.s.r.c.InpatientReceptionController - 입원 접수 목록 요청: searchType=null, searchValue=null
2026-03-04 15:27:38.018 INFO  k.co.seoulit.common.aop.LoggerAspect - ServiceImpl  : kr.co.seoulit.reception.service.InpatientReceptionServiceImpl.getInpatientReceptionList()시작
2026-03-04 15:27:38.044 INFO  k.co.seoulit.common.aop.LoggerAspect - ServiceImpl  : kr.co.seoulit.reception.service.InpatientReceptionServiceImpl.getInpatientReceptionList()종료
2026-03-04 15:27:38.052 INFO  k.co.seoulit.common.aop.LoggerAspect - Controller  : kr.co.seoulit.reception.controller.InpatientReceptionController.getInpatientReceptions()종료
2026-03-04 15:27:38.059 INFO  k.co.seoulit.common.aop.LoggerAspect - Controller  : kr.co.seoulit.reception.controller.InpatientReceptionController.getInpatientReceptions()시작
2026-03-04 15:27:38.059 INFO  k.c.s.r.c.InpatientReceptionController - 입원 접수 목록 요청: searchType=null, searchValue=null
2026-03-04 15:27:38.060 INFO  k.co.seoulit.common.aop.LoggerAspect - ServiceImpl  : kr.co.seoulit.reception.service.InpatientReceptionServiceImpl.getInpatientReceptionList()시작
2026-03-04 15:27:38.082 INFO  k.co.seoulit.common.aop.LoggerAspect - ServiceImpl  : kr.co.seoulit.reception.service.InpatientReceptionServiceImpl.getInpatientReceptionList()종료
2026-03-04 15:27:38.088 INFO  k.co.seoulit.common.aop.LoggerAspect - Controller  : kr.co.seoulit.reception.controller.InpatientReceptionController.getInpatientReceptions()종료
2026-03-04 15:27:44.043 INFO  k.co.seoulit.common.aop.LoggerAspect - Controller  : kr.co.seoulit.reception.controller.InpatientReceptionController.getInpatientReceptions()시작
2026-03-04 15:27:44.044 INFO  k.c.s.r.c.InpatientReceptionController - 입원 접수 목록 요청: searchType=null, searchValue=null
2026-03-04 15:27:44.055 INFO  k.co.seoulit.common.aop.LoggerAspect - ServiceImpl  : kr.co.seoulit.reception.service.InpatientReceptionServiceImpl.getInpatientReceptionList()시작
2026-03-04 15:27:44.079 INFO  k.co.seoulit.common.aop.LoggerAspect - ServiceImpl  : kr.co.seoulit.reception.service.InpatientReceptionServiceImpl.getInpatientReceptionList()종료
2026-03-04 15:27:44.084 INFO  k.co.seoulit.common.aop.LoggerAspect - Controller  : kr.co.seoulit.reception.controller.InpatientReceptionController.getInpatientReceptions()종료
2026-03-04 15:27:44.093 INFO  k.co.seoulit.common.aop.LoggerAspect - Controller  : kr.co.seoulit.reception.controller.InpatientReceptionController.getInpatientReceptions()시작
2026-03-04 15:27:44.093 INFO  k.c.s.r.c.InpatientReceptionController - 입원 접수 목록 요청: searchType=null, searchValue=null
2026-03-04 15:27:44.094 INFO  k.co.seoulit.common.aop.LoggerAspect - ServiceImpl  : kr.co.seoulit.reception.service.InpatientReceptionServiceImpl.getInpatientReceptionList()시작
2026-03-04 15:27:44.110 INFO  k.co.seoulit.common.aop.LoggerAspect - ServiceImpl  : kr.co.seoulit.reception.service.InpatientReceptionServiceImpl.getInpatientReceptionList()종료
2026-03-04 15:27:44.119 INFO  k.co.seoulit.common.aop.LoggerAspect - Controller  : kr.co.seoulit.reception.controller.InpatientReceptionController.getInpatientReceptions()종료
2026-03-04 15:28:16.494 INFO  k.co.seoulit.common.aop.LoggerAspect - Controller  : kr.co.seoulit.reception.controller.InpatientReceptionController.createInpatientReception()시작
2026-03-04 15:28:16.495 INFO  k.c.s.r.c.InpatientReceptionController - 입원 접수 등록 요청: receptionNo=20260304-202
2026-03-04 15:28:16.501 INFO  k.co.seoulit.common.aop.LoggerAspect - ServiceImpl  : kr.co.seoulit.reception.service.InpatientReceptionServiceImpl.createInpatientReception()시작
2026-03-04 15:28:16.503 DEBUG org.hibernate.SQL - select pe1_0.patient_id,pe1_0.patient_name from patient pe1_0 where pe1_0.patient_id=?
2026-03-04 15:28:16.503 TRACE org.hibernate.orm.jdbc.bind - binding parameter (1:BIGINT) <- [18]
2026-03-04 15:28:16.511 DEBUG org.hibernate.SQL - select de1_0.department_id,de1_0.department_name from department de1_0 where de1_0.department_id=?
2026-03-04 15:28:16.511 TRACE org.hibernate.orm.jdbc.bind - binding parameter (1:BIGINT) <- [3]
2026-03-04 15:28:16.522 DEBUG org.hibernate.SQL - select de1_0.doctor_id,de1_0.department_id,de1_0.doctor_name from doctor de1_0 where de1_0.doctor_id=?
2026-03-04 15:28:16.522 TRACE org.hibernate.orm.jdbc.bind - binding parameter (1:BIGINT) <- [3]
2026-03-04 15:28:16.535 DEBUG org.hibernate.SQL - select seq_reception.nextval from dual
2026-03-04 15:28:16.541 DEBUG org.hibernate.SQL - select rie1_0.reception_id,rie1_0.admission_plan_at,rie1_0.room_id,rie1_0.ward_id from reception_inpatient rie1_0 where rie1_0.reception_id=?
2026-03-04 15:28:16.542 TRACE org.hibernate.orm.jdbc.bind - binding parameter (1:BIGINT) <- [68]
2026-03-04 15:28:16.548 INFO  k.co.seoulit.common.aop.LoggerAspect - ServiceImpl  : kr.co.seoulit.reception.service.InpatientReceptionServiceImpl.createInpatientReception()종료
2026-03-04 15:28:16.549 DEBUG org.hibernate.SQL - insert into reception (arrived_at,cancel_reason_code,cancel_reason_text,created_at,created_by,department_id,department_name,doctor_id,doctor_name,hold_reason_code,hold_reason_text,inactive_at,inactive_reason_code,inactive_reason_text,is_active,note,patient_id,patient_name,reception_no,reservation_id,scheduled_at,status,updated_at,updated_by,visit_type,reception_id) values (?,?,?,?,?,?,?,?,?,?,?,?,?,?,?,?,?,?,?,?,?,?,?,?,?,?)
2026-03-04 15:28:16.550 TRACE org.hibernate.orm.jdbc.bind - binding parameter (1:TIMESTAMP) <- [null]
2026-03-04 15:28:16.550 TRACE org.hibernate.orm.jdbc.bind - binding parameter (2:VARCHAR) <- [null]
2026-03-04 15:28:16.550 TRACE org.hibernate.orm.jdbc.bind - binding parameter (3:VARCHAR) <- [null]
2026-03-04 15:28:16.550 TRACE org.hibernate.orm.jdbc.bind - binding parameter (4:TIMESTAMP) <- [2026-03-04T15:28:16.549514]
2026-03-04 15:28:16.550 TRACE org.hibernate.orm.jdbc.bind - binding parameter (5:BIGINT) <- [null]
2026-03-04 15:28:16.550 TRACE org.hibernate.orm.jdbc.bind - binding parameter (6:BIGINT) <- [3]
2026-03-04 15:28:16.550 TRACE org.hibernate.orm.jdbc.bind - binding parameter (7:VARCHAR) <- [정형외과]
2026-03-04 15:28:16.550 TRACE org.hibernate.orm.jdbc.bind - binding parameter (8:BIGINT) <- [3]
2026-03-04 15:28:16.550 TRACE org.hibernate.orm.jdbc.bind - binding parameter (9:VARCHAR) <- [성숙희]
2026-03-04 15:28:16.550 TRACE org.hibernate.orm.jdbc.bind - binding parameter (10:VARCHAR) <- [null]
2026-03-04 15:28:16.551 TRACE org.hibernate.orm.jdbc.bind - binding parameter (11:VARCHAR) <- [null]
2026-03-04 15:28:16.551 TRACE org.hibernate.orm.jdbc.bind - binding parameter (12:TIMESTAMP) <- [null]
2026-03-04 15:28:16.551 TRACE org.hibernate.orm.jdbc.bind - binding parameter (13:VARCHAR) <- [null]
2026-03-04 15:28:16.551 TRACE org.hibernate.orm.jdbc.bind - binding parameter (14:VARCHAR) <- [null]
2026-03-04 15:28:16.551 TRACE org.hibernate.orm.jdbc.bind - binding parameter (15:BOOLEAN) <- [true]
2026-03-04 15:28:16.551 TRACE org.hibernate.orm.jdbc.bind - binding parameter (16:VARCHAR) <- [우측 발목 골절 수술 후 경과관찰]
2026-03-04 15:28:16.551 TRACE org.hibernate.orm.jdbc.bind - binding parameter (17:BIGINT) <- [18]
2026-03-04 15:28:16.551 TRACE org.hibernate.orm.jdbc.bind - binding parameter (18:VARCHAR) <- [신가은]
2026-03-04 15:28:16.551 TRACE org.hibernate.orm.jdbc.bind - binding parameter (19:VARCHAR) <- [20260304-202]
2026-03-04 15:28:16.551 TRACE org.hibernate.orm.jdbc.bind - binding parameter (20:BIGINT) <- [null]
2026-03-04 15:28:16.551 TRACE org.hibernate.orm.jdbc.bind - binding parameter (21:TIMESTAMP) <- [null]
2026-03-04 15:28:16.552 TRACE org.hibernate.orm.jdbc.bind - binding parameter (22:VARCHAR) <- [CALLED]
2026-03-04 15:28:16.552 TRACE org.hibernate.orm.jdbc.bind - binding parameter (23:TIMESTAMP) <- [2026-03-04T15:28:16.549514]
2026-03-04 15:28:16.552 TRACE org.hibernate.orm.jdbc.bind - binding parameter (24:BIGINT) <- [null]
2026-03-04 15:28:16.552 TRACE org.hibernate.orm.jdbc.bind - binding parameter (25:VARCHAR) <- [INPATIENT]
2026-03-04 15:28:16.552 TRACE org.hibernate.orm.jdbc.bind - binding parameter (26:BIGINT) <- [68]
2026-03-04 15:28:16.560 DEBUG org.hibernate.SQL - insert into reception_inpatient (admission_plan_at,room_id,ward_id,reception_id) values (?,?,?,?)
2026-03-04 15:28:16.561 TRACE org.hibernate.orm.jdbc.bind - binding parameter (1:TIMESTAMP) <- [2026-03-04T16:00]
2026-03-04 15:28:16.561 TRACE org.hibernate.orm.jdbc.bind - binding parameter (2:BIGINT) <- [307]
2026-03-04 15:28:16.561 TRACE org.hibernate.orm.jdbc.bind - binding parameter (3:BIGINT) <- [3]
2026-03-04 15:28:16.561 TRACE org.hibernate.orm.jdbc.bind - binding parameter (4:BIGINT) <- [68]
2026-03-04 15:28:16.627 INFO  k.co.seoulit.common.aop.LoggerAspect - Controller  : kr.co.seoulit.reception.controller.InpatientReceptionController.createInpatientReception()종료
2026-03-04 15:28:16.999 INFO  k.co.seoulit.common.aop.LoggerAspect - Controller  : kr.co.seoulit.reception.controller.InpatientReceptionController.getInpatientReceptions()시작
2026-03-04 15:28:16.999 INFO  k.c.s.r.c.InpatientReceptionController - 입원 접수 목록 요청: searchType=null, searchValue=null
2026-03-04 15:28:17.000 INFO  k.co.seoulit.common.aop.LoggerAspect - ServiceImpl  : kr.co.seoulit.reception.service.InpatientReceptionServiceImpl.getInpatientReceptionList()시작
2026-03-04 15:28:17.025 INFO  k.co.seoulit.common.aop.LoggerAspect - ServiceImpl  : kr.co.seoulit.reception.service.InpatientReceptionServiceImpl.getInpatientReceptionList()종료
2026-03-04 15:28:17.032 INFO  k.co.seoulit.common.aop.LoggerAspect - Controller  : kr.co.seoulit.reception.controller.InpatientReceptionController.getInpatientReceptions()종료
2026-03-04 15:28:17.039 INFO  k.co.seoulit.common.aop.LoggerAspect - Controller  : kr.co.seoulit.reception.controller.InpatientReceptionController.getInpatientReceptions()시작
2026-03-04 15:28:17.040 INFO  k.c.s.r.c.InpatientReceptionController - 입원 접수 목록 요청: searchType=null, searchValue=null
2026-03-04 15:28:17.040 INFO  k.co.seoulit.common.aop.LoggerAspect - ServiceImpl  : kr.co.seoulit.reception.service.InpatientReceptionServiceImpl.getInpatientReceptionList()시작
2026-03-04 15:28:17.075 INFO  k.co.seoulit.common.aop.LoggerAspect - ServiceImpl  : kr.co.seoulit.reception.service.InpatientReceptionServiceImpl.getInpatientReceptionList()종료
2026-03-04 15:28:17.083 INFO  k.co.seoulit.common.aop.LoggerAspect - Controller  : kr.co.seoulit.reception.controller.InpatientReceptionController.getInpatientReceptions()종료
2026-03-04 15:32:04.116 INFO  k.co.seoulit.common.aop.LoggerAspect - Controller  : kr.co.seoulit.reception.controller.InpatientReceptionController.getInpatientReceptions()시작
2026-03-04 15:32:04.116 INFO  k.c.s.r.c.InpatientReceptionController - 입원 접수 목록 요청: searchType=null, searchValue=null
2026-03-04 15:32:04.127 INFO  k.co.seoulit.common.aop.LoggerAspect - ServiceImpl  : kr.co.seoulit.reception.service.InpatientReceptionServiceImpl.getInpatientReceptionList()시작
2026-03-04 15:32:04.155 INFO  k.co.seoulit.common.aop.LoggerAspect - ServiceImpl  : kr.co.seoulit.reception.service.InpatientReceptionServiceImpl.getInpatientReceptionList()종료
2026-03-04 15:32:04.187 INFO  k.co.seoulit.common.aop.LoggerAspect - Controller  : kr.co.seoulit.reception.controller.InpatientReceptionController.getInpatientReceptions()종료
2026-03-04 15:32:04.196 INFO  k.co.seoulit.common.aop.LoggerAspect - Controller  : kr.co.seoulit.reception.controller.InpatientReceptionController.getInpatientReceptions()시작
2026-03-04 15:32:04.197 INFO  k.c.s.r.c.InpatientReceptionController - 입원 접수 목록 요청: searchType=null, searchValue=null
2026-03-04 15:32:04.198 INFO  k.co.seoulit.common.aop.LoggerAspect - ServiceImpl  : kr.co.seoulit.reception.service.InpatientReceptionServiceImpl.getInpatientReceptionList()시작
2026-03-04 15:32:04.241 INFO  k.co.seoulit.common.aop.LoggerAspect - ServiceImpl  : kr.co.seoulit.reception.service.InpatientReceptionServiceImpl.getInpatientReceptionList()종료
2026-03-04 15:32:04.253 INFO  k.co.seoulit.common.aop.LoggerAspect - Controller  : kr.co.seoulit.reception.controller.InpatientReceptionController.getInpatientReceptions()종료
2026-03-04 15:32:32.623 INFO  k.co.seoulit.common.aop.LoggerAspect - Controller  : kr.co.seoulit.reception.controller.InpatientReceptionController.createInpatientReception()시작
2026-03-04 15:32:32.623 INFO  k.c.s.r.c.InpatientReceptionController - 입원 접수 등록 요청: receptionNo=20260304-203
2026-03-04 15:32:32.629 INFO  k.co.seoulit.common.aop.LoggerAspect - ServiceImpl  : kr.co.seoulit.reception.service.InpatientReceptionServiceImpl.createInpatientReception()시작
2026-03-04 15:32:32.630 DEBUG org.hibernate.SQL - select pe1_0.patient_id,pe1_0.patient_name from patient pe1_0 where pe1_0.patient_id=?
2026-03-04 15:32:32.630 TRACE org.hibernate.orm.jdbc.bind - binding parameter (1:BIGINT) <- [24]
2026-03-04 15:32:32.638 DEBUG org.hibernate.SQL - select de1_0.department_id,de1_0.department_name from department de1_0 where de1_0.department_id=?
2026-03-04 15:32:32.638 TRACE org.hibernate.orm.jdbc.bind - binding parameter (1:BIGINT) <- [4]
2026-03-04 15:32:32.646 DEBUG org.hibernate.SQL - select de1_0.doctor_id,de1_0.department_id,de1_0.doctor_name from doctor de1_0 where de1_0.doctor_id=?
2026-03-04 15:32:32.646 TRACE org.hibernate.orm.jdbc.bind - binding parameter (1:BIGINT) <- [4]
2026-03-04 15:32:32.653 DEBUG org.hibernate.SQL - select seq_reception.nextval from dual
2026-03-04 15:32:32.659 DEBUG org.hibernate.SQL - select rie1_0.reception_id,rie1_0.admission_plan_at,rie1_0.room_id,rie1_0.ward_id from reception_inpatient rie1_0 where rie1_0.reception_id=?
2026-03-04 15:32:32.659 TRACE org.hibernate.orm.jdbc.bind - binding parameter (1:BIGINT) <- [69]
2026-03-04 15:32:32.665 INFO  k.co.seoulit.common.aop.LoggerAspect - ServiceImpl  : kr.co.seoulit.reception.service.InpatientReceptionServiceImpl.createInpatientReception()종료
2026-03-04 15:32:32.666 DEBUG org.hibernate.SQL - insert into reception (arrived_at,cancel_reason_code,cancel_reason_text,created_at,created_by,department_id,department_name,doctor_id,doctor_name,hold_reason_code,hold_reason_text,inactive_at,inactive_reason_code,inactive_reason_text,is_active,note,patient_id,patient_name,reception_no,reservation_id,scheduled_at,status,updated_at,updated_by,visit_type,reception_id) values (?,?,?,?,?,?,?,?,?,?,?,?,?,?,?,?,?,?,?,?,?,?,?,?,?,?)
2026-03-04 15:32:32.666 TRACE org.hibernate.orm.jdbc.bind - binding parameter (1:TIMESTAMP) <- [null]
2026-03-04 15:32:32.666 TRACE org.hibernate.orm.jdbc.bind - binding parameter (2:VARCHAR) <- [null]
2026-03-04 15:32:32.666 TRACE org.hibernate.orm.jdbc.bind - binding parameter (3:VARCHAR) <- [null]
2026-03-04 15:32:32.666 TRACE org.hibernate.orm.jdbc.bind - binding parameter (4:TIMESTAMP) <- [2026-03-04T15:32:32.665898]
2026-03-04 15:32:32.667 TRACE org.hibernate.orm.jdbc.bind - binding parameter (5:BIGINT) <- [null]
2026-03-04 15:32:32.667 TRACE org.hibernate.orm.jdbc.bind - binding parameter (6:BIGINT) <- [4]
2026-03-04 15:32:32.667 TRACE org.hibernate.orm.jdbc.bind - binding parameter (7:VARCHAR) <- [신경외과]
2026-03-04 15:32:32.667 TRACE org.hibernate.orm.jdbc.bind - binding parameter (8:BIGINT) <- [4]
2026-03-04 15:32:32.667 TRACE org.hibernate.orm.jdbc.bind - binding parameter (9:VARCHAR) <- [최효정]
2026-03-04 15:32:32.667 TRACE org.hibernate.orm.jdbc.bind - binding parameter (10:VARCHAR) <- [null]
2026-03-04 15:32:32.667 TRACE org.hibernate.orm.jdbc.bind - binding parameter (11:VARCHAR) <- [null]
2026-03-04 15:32:32.667 TRACE org.hibernate.orm.jdbc.bind - binding parameter (12:TIMESTAMP) <- [null]
2026-03-04 15:32:32.667 TRACE org.hibernate.orm.jdbc.bind - binding parameter (13:VARCHAR) <- [null]
2026-03-04 15:32:32.667 TRACE org.hibernate.orm.jdbc.bind - binding parameter (14:VARCHAR) <- [null]
2026-03-04 15:32:32.667 TRACE org.hibernate.orm.jdbc.bind - binding parameter (15:BOOLEAN) <- [true]
2026-03-04 15:32:32.668 TRACE org.hibernate.orm.jdbc.bind - binding parameter (16:VARCHAR) <- [보호자 동의서 확인 후 입원 진행]
2026-03-04 15:32:32.668 TRACE org.hibernate.orm.jdbc.bind - binding parameter (17:BIGINT) <- [24]
2026-03-04 15:32:32.668 TRACE org.hibernate.orm.jdbc.bind - binding parameter (18:VARCHAR) <- [남지민]
2026-03-04 15:32:32.668 TRACE org.hibernate.orm.jdbc.bind - binding parameter (19:VARCHAR) <- [20260304-203]
2026-03-04 15:32:32.668 TRACE org.hibernate.orm.jdbc.bind - binding parameter (20:BIGINT) <- [null]
2026-03-04 15:32:32.668 TRACE org.hibernate.orm.jdbc.bind - binding parameter (21:TIMESTAMP) <- [null]
2026-03-04 15:32:32.668 TRACE org.hibernate.orm.jdbc.bind - binding parameter (22:VARCHAR) <- [ON_HOLD]
2026-03-04 15:32:32.668 TRACE org.hibernate.orm.jdbc.bind - binding parameter (23:TIMESTAMP) <- [2026-03-04T15:32:32.665898]
2026-03-04 15:32:32.668 TRACE org.hibernate.orm.jdbc.bind - binding parameter (24:BIGINT) <- [null]
2026-03-04 15:32:32.668 TRACE org.hibernate.orm.jdbc.bind - binding parameter (25:VARCHAR) <- [INPATIENT]
2026-03-04 15:32:32.669 TRACE org.hibernate.orm.jdbc.bind - binding parameter (26:BIGINT) <- [69]
2026-03-04 15:32:32.676 DEBUG org.hibernate.SQL - insert into reception_inpatient (admission_plan_at,room_id,ward_id,reception_id) values (?,?,?,?)
2026-03-04 15:32:32.676 TRACE org.hibernate.orm.jdbc.bind - binding parameter (1:TIMESTAMP) <- [2026-03-04T18:20]
2026-03-04 15:32:32.677 TRACE org.hibernate.orm.jdbc.bind - binding parameter (2:BIGINT) <- [701]
2026-03-04 15:32:32.677 TRACE org.hibernate.orm.jdbc.bind - binding parameter (3:BIGINT) <- [7]
2026-03-04 15:32:32.677 TRACE org.hibernate.orm.jdbc.bind - binding parameter (4:BIGINT) <- [69]
2026-03-04 15:32:32.695 INFO  k.co.seoulit.common.aop.LoggerAspect - Controller  : kr.co.seoulit.reception.controller.InpatientReceptionController.createInpatientReception()종료
2026-03-04 15:32:33.060 INFO  k.co.seoulit.common.aop.LoggerAspect - Controller  : kr.co.seoulit.reception.controller.InpatientReceptionController.getInpatientReceptions()시작
2026-03-04 15:32:33.061 INFO  k.c.s.r.c.InpatientReceptionController - 입원 접수 목록 요청: searchType=null, searchValue=null
2026-03-04 15:32:33.061 INFO  k.co.seoulit.common.aop.LoggerAspect - ServiceImpl  : kr.co.seoulit.reception.service.InpatientReceptionServiceImpl.getInpatientReceptionList()시작
2026-03-04 15:32:33.092 INFO  k.co.seoulit.common.aop.LoggerAspect - ServiceImpl  : kr.co.seoulit.reception.service.InpatientReceptionServiceImpl.getInpatientReceptionList()종료
2026-03-04 15:32:33.099 INFO  k.co.seoulit.common.aop.LoggerAspect - Controller  : kr.co.seoulit.reception.controller.InpatientReceptionController.getInpatientReceptions()종료
2026-03-04 15:32:33.114 INFO  k.co.seoulit.common.aop.LoggerAspect - Controller  : kr.co.seoulit.reception.controller.InpatientReceptionController.getInpatientReceptions()시작
2026-03-04 15:32:33.115 INFO  k.c.s.r.c.InpatientReceptionController - 입원 접수 목록 요청: searchType=null, searchValue=null
2026-03-04 15:32:33.116 INFO  k.co.seoulit.common.aop.LoggerAspect - ServiceImpl  : kr.co.seoulit.reception.service.InpatientReceptionServiceImpl.getInpatientReceptionList()시작
2026-03-04 15:32:33.147 INFO  k.co.seoulit.common.aop.LoggerAspect - ServiceImpl  : kr.co.seoulit.reception.service.InpatientReceptionServiceImpl.getInpatientReceptionList()종료
2026-03-04 15:32:33.156 INFO  k.co.seoulit.common.aop.LoggerAspect - Controller  : kr.co.seoulit.reception.controller.InpatientReceptionController.getInpatientReceptions()종료
2026-03-04 15:32:39.257 INFO  k.co.seoulit.common.aop.LoggerAspect - Controller  : kr.co.seoulit.reception.controller.EmergencyReceptionController.getEmergencyReceptions()시작
2026-03-04 15:32:39.257 INFO  k.c.s.r.c.EmergencyReceptionController - 응급 접수 목록 요청: searchType=null, searchValue=null
2026-03-04 15:32:39.279 INFO  k.co.seoulit.common.aop.LoggerAspect - ServiceImpl  : kr.co.seoulit.reception.service.EmergencyReceptionServiceImpl.getEmergencyReceptionList()시작
2026-03-04 15:32:39.310 INFO  k.co.seoulit.common.aop.LoggerAspect - ServiceImpl  : kr.co.seoulit.reception.service.EmergencyReceptionServiceImpl.getEmergencyReceptionList()종료
2026-03-04 15:32:39.317 INFO  k.co.seoulit.common.aop.LoggerAspect - Controller  : kr.co.seoulit.reception.controller.EmergencyReceptionController.getEmergencyReceptions()종료
2026-03-04 15:32:39.328 INFO  k.co.seoulit.common.aop.LoggerAspect - Controller  : kr.co.seoulit.reception.controller.EmergencyReceptionController.getEmergencyReceptions()시작
2026-03-04 15:32:39.329 INFO  k.c.s.r.c.EmergencyReceptionController - 응급 접수 목록 요청: searchType=null, searchValue=null
2026-03-04 15:32:39.330 INFO  k.co.seoulit.common.aop.LoggerAspect - ServiceImpl  : kr.co.seoulit.reception.service.EmergencyReceptionServiceImpl.getEmergencyReceptionList()시작
2026-03-04 15:32:39.389 INFO  k.co.seoulit.common.aop.LoggerAspect - ServiceImpl  : kr.co.seoulit.reception.service.EmergencyReceptionServiceImpl.getEmergencyReceptionList()종료
2026-03-04 15:32:39.408 INFO  k.co.seoulit.common.aop.LoggerAspect - Controller  : kr.co.seoulit.reception.controller.EmergencyReceptionController.getEmergencyReceptions()종료
2026-03-04 15:32:39.773 INFO  k.co.seoulit.common.aop.LoggerAspect - Controller  : kr.co.seoulit.reception.controller.EmergencyReceptionController.getEmergencyReceptions()시작
2026-03-04 15:32:39.773 INFO  k.c.s.r.c.EmergencyReceptionController - 응급 접수 목록 요청: searchType=null, searchValue=null
2026-03-04 15:32:39.773 INFO  k.co.seoulit.common.aop.LoggerAspect - ServiceImpl  : kr.co.seoulit.reception.service.EmergencyReceptionServiceImpl.getEmergencyReceptionList()시작
2026-03-04 15:32:39.799 INFO  k.co.seoulit.common.aop.LoggerAspect - ServiceImpl  : kr.co.seoulit.reception.service.EmergencyReceptionServiceImpl.getEmergencyReceptionList()종료
2026-03-04 15:32:39.805 INFO  k.co.seoulit.common.aop.LoggerAspect - Controller  : kr.co.seoulit.reception.controller.EmergencyReceptionController.getEmergencyReceptions()종료
2026-03-04 15:32:42.899 INFO  k.co.seoulit.common.aop.LoggerAspect - Controller  : kr.co.seoulit.reception.controller.ReservationController.getReservations()시작
2026-03-04 15:32:42.906 INFO  k.co.seoulit.common.aop.LoggerAspect - Controller  : kr.co.seoulit.reception.controller.ReceptionController.getReceptions()시작
2026-03-04 15:32:42.906 INFO  k.c.s.r.c.ReceptionController - Reception list request: searchType=null, searchValue=null
2026-03-04 15:32:42.907 INFO  k.c.s.r.c.ReservationController - 예약 목록 요청: searchType=null, searchValue=null
2026-03-04 15:32:42.918 INFO  k.co.seoulit.common.aop.LoggerAspect - ServiceImpl  : kr.co.seoulit.reception.service.ReceptionServiceImpl.getReceptionList()시작
2026-03-04 15:32:42.918 INFO  k.co.seoulit.common.aop.LoggerAspect - ServiceImpl  : kr.co.seoulit.reception.service.ReservationServiceImpl.getReservationList()시작
2026-03-04 15:32:42.975 INFO  k.co.seoulit.common.aop.LoggerAspect - ServiceImpl  : kr.co.seoulit.reception.service.ReservationServiceImpl.getReservationList()종료
2026-03-04 15:32:42.986 INFO  k.co.seoulit.common.aop.LoggerAspect - Controller  : kr.co.seoulit.reception.controller.ReservationController.getReservations()종료
2026-03-04 15:32:43.043 INFO  k.co.seoulit.common.aop.LoggerAspect - ServiceImpl  : kr.co.seoulit.reception.service.ReceptionServiceImpl.getReceptionList()종료
2026-03-04 15:32:43.050 INFO  k.co.seoulit.common.aop.LoggerAspect - Controller  : kr.co.seoulit.reception.controller.ReceptionController.getReceptions()종료
2026-03-04 15:32:43.068 INFO  k.co.seoulit.common.aop.LoggerAspect - Controller  : kr.co.seoulit.reception.controller.ReceptionController.getReceptions()시작
2026-03-04 15:32:43.068 INFO  k.c.s.r.c.ReceptionController - Reception list request: searchType=null, searchValue=null
2026-03-04 15:32:43.068 INFO  k.co.seoulit.common.aop.LoggerAspect - ServiceImpl  : kr.co.seoulit.reception.service.ReceptionServiceImpl.getReceptionList()시작
2026-03-04 15:32:43.125 INFO  k.co.seoulit.common.aop.LoggerAspect - ServiceImpl  : kr.co.seoulit.reception.service.ReceptionServiceImpl.getReceptionList()종료
2026-03-04 15:32:43.130 INFO  k.co.seoulit.common.aop.LoggerAspect - Controller  : kr.co.seoulit.reception.controller.ReceptionController.getReceptions()종료
2026-03-04 15:32:43.149 INFO  k.co.seoulit.common.aop.LoggerAspect - Controller  : kr.co.seoulit.reception.controller.ReceptionController.getReceptions()시작
2026-03-04 15:32:43.149 INFO  k.c.s.r.c.ReceptionController - Reception list request: searchType=null, searchValue=null
2026-03-04 15:32:43.149 INFO  k.co.seoulit.common.aop.LoggerAspect - ServiceImpl  : kr.co.seoulit.reception.service.ReceptionServiceImpl.getReceptionList()시작
2026-03-04 15:32:43.200 INFO  k.co.seoulit.common.aop.LoggerAspect - ServiceImpl  : kr.co.seoulit.reception.service.ReceptionServiceImpl.getReceptionList()종료
2026-03-04 15:32:43.205 INFO  k.co.seoulit.common.aop.LoggerAspect - Controller  : kr.co.seoulit.reception.controller.ReceptionController.getReceptions()종료
2026-03-04 15:32:43.320 INFO  k.co.seoulit.common.aop.LoggerAspect - Controller  : kr.co.seoulit.reception.controller.ReceptionController.getReception()시작
2026-03-04 15:32:43.320 INFO  k.c.s.r.c.ReceptionController - Get reception request: id=55
2026-03-04 15:32:43.327 INFO  k.co.seoulit.common.aop.LoggerAspect - ServiceImpl  : kr.co.seoulit.reception.service.ReceptionServiceImpl.getReception()시작
2026-03-04 15:32:43.328 DEBUG org.hibernate.SQL - select re1_0.reception_id,re1_0.arrived_at,re1_0.cancel_reason_code,re1_0.cancel_reason_text,re1_0.created_at,re1_0.created_by,re1_0.department_id,re1_0.department_name,re1_0.doctor_id,re1_0.doctor_name,re1_0.hold_reason_code,re1_0.hold_reason_text,re1_0.inactive_at,re1_0.inactive_reason_code,re1_0.inactive_reason_text,re1_0.is_active,re1_0.note,re1_0.patient_id,re1_0.patient_name,re1_0.reception_no,re1_0.reservation_id,re1_0.scheduled_at,re1_0.status,re1_0.updated_at,re1_0.updated_by,re1_0.visit_type from reception re1_0 where re1_0.reception_id=?
2026-03-04 15:32:43.328 TRACE org.hibernate.orm.jdbc.bind - binding parameter (1:BIGINT) <- [55]
2026-03-04 15:32:43.345 INFO  k.co.seoulit.common.aop.LoggerAspect - kr.co.seoulit.reception.mapstruct.ReceptionResMapStructImpl.toDto()시작
2026-03-04 15:32:43.345 INFO  k.co.seoulit.common.aop.LoggerAspect - kr.co.seoulit.reception.mapstruct.ReceptionResMapStructImpl.toDto()종료
2026-03-04 15:32:43.345 INFO  k.co.seoulit.common.aop.LoggerAspect - ServiceImpl  : kr.co.seoulit.reception.service.ReceptionServiceImpl.getReception()종료
2026-03-04 15:32:43.352 INFO  k.co.seoulit.common.aop.LoggerAspect - Controller  : kr.co.seoulit.reception.controller.ReceptionController.getReception()종료
2026-03-04 15:33:00.621 INFO  k.co.seoulit.common.aop.LoggerAspect - Controller  : kr.co.seoulit.reception.controller.ReservationController.getReservations()시작
2026-03-04 15:33:00.622 INFO  k.c.s.r.c.ReservationController - 예약 목록 요청: searchType=null, searchValue=null
2026-03-04 15:33:00.640 INFO  k.co.seoulit.common.aop.LoggerAspect - ServiceImpl  : kr.co.seoulit.reception.service.ReservationServiceImpl.getReservationList()시작
2026-03-04 15:33:00.665 INFO  k.co.seoulit.common.aop.LoggerAspect - ServiceImpl  : kr.co.seoulit.reception.service.ReservationServiceImpl.getReservationList()종료
2026-03-04 15:33:00.686 INFO  k.co.seoulit.common.aop.LoggerAspect - Controller  : kr.co.seoulit.reception.controller.ReservationController.getReservations()종료
2026-03-04 15:33:00.696 INFO  k.co.seoulit.common.aop.LoggerAspect - Controller  : kr.co.seoulit.reception.controller.ReservationController.getReservations()시작
2026-03-04 15:33:00.696 INFO  k.c.s.r.c.ReservationController - 예약 목록 요청: searchType=null, searchValue=null
2026-03-04 15:33:00.697 INFO  k.co.seoulit.common.aop.LoggerAspect - ServiceImpl  : kr.co.seoulit.reception.service.ReservationServiceImpl.getReservationList()시작
2026-03-04 15:33:00.722 INFO  k.co.seoulit.common.aop.LoggerAspect - ServiceImpl  : kr.co.seoulit.reception.service.ReservationServiceImpl.getReservationList()종료
2026-03-04 15:33:00.730 INFO  k.co.seoulit.common.aop.LoggerAspect - Controller  : kr.co.seoulit.reception.controller.ReservationController.getReservations()종료
2026-03-04 15:33:05.610 INFO  k.co.seoulit.common.aop.LoggerAspect - Controller  : kr.co.seoulit.reception.controller.EmergencyReceptionController.getEmergencyReceptions()시작
2026-03-04 15:33:05.610 INFO  k.c.s.r.c.EmergencyReceptionController - 응급 접수 목록 요청: searchType=null, searchValue=null
2026-03-04 15:33:05.620 INFO  k.co.seoulit.common.aop.LoggerAspect - ServiceImpl  : kr.co.seoulit.reception.service.EmergencyReceptionServiceImpl.getEmergencyReceptionList()시작
2026-03-04 15:33:05.649 INFO  k.co.seoulit.common.aop.LoggerAspect - ServiceImpl  : kr.co.seoulit.reception.service.EmergencyReceptionServiceImpl.getEmergencyReceptionList()종료
2026-03-04 15:33:05.676 INFO  k.co.seoulit.common.aop.LoggerAspect - Controller  : kr.co.seoulit.reception.controller.EmergencyReceptionController.getEmergencyReceptions()종료
2026-03-04 15:33:05.683 INFO  k.co.seoulit.common.aop.LoggerAspect - Controller  : kr.co.seoulit.reception.controller.EmergencyReceptionController.getEmergencyReceptions()시작
2026-03-04 15:33:05.683 INFO  k.c.s.r.c.EmergencyReceptionController - 응급 접수 목록 요청: searchType=null, searchValue=null
2026-03-04 15:33:05.684 INFO  k.co.seoulit.common.aop.LoggerAspect - ServiceImpl  : kr.co.seoulit.reception.service.EmergencyReceptionServiceImpl.getEmergencyReceptionList()시작
2026-03-04 15:33:05.730 INFO  k.co.seoulit.common.aop.LoggerAspect - ServiceImpl  : kr.co.seoulit.reception.service.EmergencyReceptionServiceImpl.getEmergencyReceptionList()종료
2026-03-04 15:33:05.742 INFO  k.co.seoulit.common.aop.LoggerAspect - Controller  : kr.co.seoulit.reception.controller.EmergencyReceptionController.getEmergencyReceptions()종료
2026-03-04 15:33:05.961 INFO  k.co.seoulit.common.aop.LoggerAspect - Controller  : kr.co.seoulit.reception.controller.EmergencyReceptionController.getEmergencyReceptions()시작
2026-03-04 15:33:05.961 INFO  k.c.s.r.c.EmergencyReceptionController - 응급 접수 목록 요청: searchType=null, searchValue=null
2026-03-04 15:33:05.961 INFO  k.co.seoulit.common.aop.LoggerAspect - ServiceImpl  : kr.co.seoulit.reception.service.EmergencyReceptionServiceImpl.getEmergencyReceptionList()시작
2026-03-04 15:33:05.987 INFO  k.co.seoulit.common.aop.LoggerAspect - ServiceImpl  : kr.co.seoulit.reception.service.EmergencyReceptionServiceImpl.getEmergencyReceptionList()종료
2026-03-04 15:33:05.994 INFO  k.co.seoulit.common.aop.LoggerAspect - Controller  : kr.co.seoulit.reception.controller.EmergencyReceptionController.getEmergencyReceptions()종료
2026-03-04 15:33:30.450 INFO  k.co.seoulit.common.aop.LoggerAspect - Controller  : kr.co.seoulit.reception.controller.InpatientReceptionController.getInpatientReceptions()시작
2026-03-04 15:33:30.450 INFO  k.c.s.r.c.InpatientReceptionController - 입원 접수 목록 요청: searchType=null, searchValue=null
2026-03-04 15:33:30.464 INFO  k.co.seoulit.common.aop.LoggerAspect - ServiceImpl  : kr.co.seoulit.reception.service.InpatientReceptionServiceImpl.getInpatientReceptionList()시작
2026-03-04 15:33:30.483 INFO  k.co.seoulit.common.aop.LoggerAspect - ServiceImpl  : kr.co.seoulit.reception.service.InpatientReceptionServiceImpl.getInpatientReceptionList()종료
2026-03-04 15:33:30.492 INFO  k.co.seoulit.common.aop.LoggerAspect - Controller  : kr.co.seoulit.reception.controller.InpatientReceptionController.getInpatientReceptions()종료
2026-03-04 15:33:30.499 INFO  k.co.seoulit.common.aop.LoggerAspect - Controller  : kr.co.seoulit.reception.controller.InpatientReceptionController.getInpatientReceptions()시작
2026-03-04 15:33:30.500 INFO  k.c.s.r.c.InpatientReceptionController - 입원 접수 목록 요청: searchType=null, searchValue=null
2026-03-04 15:33:30.507 INFO  k.co.seoulit.common.aop.LoggerAspect - ServiceImpl  : kr.co.seoulit.reception.service.InpatientReceptionServiceImpl.getInpatientReceptionList()시작
2026-03-04 15:33:30.536 INFO  k.co.seoulit.common.aop.LoggerAspect - ServiceImpl  : kr.co.seoulit.reception.service.InpatientReceptionServiceImpl.getInpatientReceptionList()종료
2026-03-04 15:33:30.543 INFO  k.co.seoulit.common.aop.LoggerAspect - Controller  : kr.co.seoulit.reception.controller.InpatientReceptionController.getInpatientReceptions()종료
2026-03-04 15:38:24.990 INFO  k.co.seoulit.common.aop.LoggerAspect - Controller  : kr.co.seoulit.reception.controller.ReceptionController.getReceptions()시작
2026-03-04 15:38:24.990 INFO  k.c.s.r.c.ReceptionController - Reception list request: searchType=null, searchValue=null
2026-03-04 15:38:24.997 INFO  k.co.seoulit.common.aop.LoggerAspect - ServiceImpl  : kr.co.seoulit.reception.service.ReceptionServiceImpl.getReceptionList()시작
2026-03-04 15:38:25.034 INFO  k.co.seoulit.common.aop.LoggerAspect - ServiceImpl  : kr.co.seoulit.reception.service.ReceptionServiceImpl.getReceptionList()종료
2026-03-04 15:38:25.041 INFO  k.co.seoulit.common.aop.LoggerAspect - Controller  : kr.co.seoulit.reception.controller.ReceptionController.getReceptions()종료
2026-03-04 15:38:25.053 INFO  k.co.seoulit.common.aop.LoggerAspect - Controller  : kr.co.seoulit.reception.controller.ReceptionController.getReceptions()시작
2026-03-04 15:38:25.053 INFO  k.c.s.r.c.ReceptionController - Reception list request: searchType=null, searchValue=null
2026-03-04 15:38:25.053 INFO  k.co.seoulit.common.aop.LoggerAspect - ServiceImpl  : kr.co.seoulit.reception.service.ReceptionServiceImpl.getReceptionList()시작
2026-03-04 15:38:25.093 INFO  k.co.seoulit.common.aop.LoggerAspect - ServiceImpl  : kr.co.seoulit.reception.service.ReceptionServiceImpl.getReceptionList()종료
2026-03-04 15:38:25.098 INFO  k.co.seoulit.common.aop.LoggerAspect - Controller  : kr.co.seoulit.reception.controller.ReceptionController.getReceptions()종료
2026-03-04 15:39:59.049 INFO  k.co.seoulit.common.aop.LoggerAspect - Controller  : kr.co.seoulit.reception.controller.InpatientReceptionController.getInpatientReceptions()시작
2026-03-04 15:39:59.050 INFO  k.c.s.r.c.InpatientReceptionController - 입원 접수 목록 요청: searchType=null, searchValue=null
2026-03-04 15:39:59.098 INFO  k.co.seoulit.common.aop.LoggerAspect - ServiceImpl  : kr.co.seoulit.reception.service.InpatientReceptionServiceImpl.getInpatientReceptionList()시작
2026-03-04 15:39:59.123 INFO  k.co.seoulit.common.aop.LoggerAspect - ServiceImpl  : kr.co.seoulit.reception.service.InpatientReceptionServiceImpl.getInpatientReceptionList()종료
2026-03-04 15:39:59.131 INFO  k.co.seoulit.common.aop.LoggerAspect - Controller  : kr.co.seoulit.reception.controller.InpatientReceptionController.getInpatientReceptions()종료
2026-03-04 15:43:14.898 INFO  k.co.seoulit.common.aop.LoggerAspect - Controller  : kr.co.seoulit.reception.controller.InpatientReceptionController.getInpatientReceptions()시작
2026-03-04 15:43:14.898 INFO  k.c.s.r.c.InpatientReceptionController - 입원 접수 목록 요청: searchType=patientId, searchValue=윤채원
2026-03-04 15:43:14.904 INFO  k.co.seoulit.common.aop.LoggerAspect - ServiceImpl  : kr.co.seoulit.reception.service.InpatientReceptionServiceImpl.getInpatientReceptionList()시작
2026-03-04 15:43:15.174 ERROR k.c.s.c.h.GlobalExceptionHandler - Unhandled server error
org.springframework.dao.DataIntegrityViolationException: 
### Error querying database.  Cause: java.sql.SQLSyntaxErrorException: ORA-01722: invalid number

### The error may exist in file [D:\서울IT교육센터\dev\teamwork\project\backend\hospital_reception_backend\reception_back\build\resources\main\mapper\InpatientReceptionMyBatisMapper.xml]
### The error may involve defaultParameterMap
### The error occurred while setting parameters
### SQL: SELECT         r.reception_id,         r.reception_no,         r.patient_id,         r.visit_type,         r.department_id,         r.doctor_id,         r.reservation_id,         r.scheduled_at,         r.arrived_at,         r.status,         r.note,         r.is_active,         r.created_at,         r.updated_at,         i.admission_plan_at,         i.ward_id,         i.room_id         FROM reception r         JOIN reception_inpatient i ON r.reception_id = i.reception_id          WHERE r.visit_type = 'INPATIENT'                                                       AND r.patient_id = ?          ORDER BY i.admission_plan_at ASC
### Cause: java.sql.SQLSyntaxErrorException: ORA-01722: invalid number

; ORA-01722: invalid number

	at org.springframework.jdbc.support.SQLErrorCodeSQLExceptionTranslator.doTranslate(SQLErrorCodeSQLExceptionTranslator.java:258)
	at org.springframework.jdbc.support.AbstractFallbackSQLExceptionTranslator.translate(AbstractFallbackSQLExceptionTranslator.java:107)
	at org.mybatis.spring.MyBatisExceptionTranslator.translateExceptionIfPossible(MyBatisExceptionTranslator.java:93)
	at org.mybatis.spring.SqlSessionTemplate$SqlSessionInterceptor.invoke(SqlSessionTemplate.java:347)
	at jdk.proxy2/jdk.proxy2.$Proxy155.selectList(Unknown Source)
	at org.mybatis.spring.SqlSessionTemplate.selectList(SqlSessionTemplate.java:194)
	at org.apache.ibatis.binding.MapperMethod.executeForMany(MapperMethod.java:147)
	at org.apache.ibatis.binding.MapperMethod.execute(MapperMethod.java:80)
	at org.apache.ibatis.binding.MapperProxy$PlainMethodInvoker.invoke(MapperProxy.java:141)
	at org.apache.ibatis.binding.MapperProxy.invoke(MapperProxy.java:86)
	at jdk.proxy2/jdk.proxy2.$Proxy159.selectInpatientReceptions(Unknown Source)
	at kr.co.seoulit.reception.service.InpatientReceptionServiceImpl.getInpatientReceptionList(InpatientReceptionServiceImpl.java:45)
	at jdk.internal.reflect.GeneratedMethodAccessor212.invoke(Unknown Source)
	at java.base/jdk.internal.reflect.DelegatingMethodAccessorImpl.invoke(DelegatingMethodAccessorImpl.java:43)
	at java.base/java.lang.reflect.Method.invoke(Method.java:568)
	at org.springframework.aop.support.AopUtils.invokeJoinpointUsingReflection(AopUtils.java:354)
	at org.springframework.aop.framework.ReflectiveMethodInvocation.invokeJoinpoint(ReflectiveMethodInvocation.java:196)
	at org.springframework.aop.framework.ReflectiveMethodInvocation.proceed(ReflectiveMethodInvocation.java:163)
	at org.springframework.aop.framework.CglibAopProxy$CglibMethodInvocation.proceed(CglibAopProxy.java:768)
	at org.springframework.aop.aspectj.MethodInvocationProceedingJoinPoint.proceed(MethodInvocationProceedingJoinPoint.java:89)
	at kr.co.seoulit.common.aop.LoggerAspect.logPrint(LoggerAspect.java:31)
	at jdk.internal.reflect.GeneratedMethodAccessor42.invoke(Unknown Source)
	at java.base/jdk.internal.reflect.DelegatingMethodAccessorImpl.invoke(DelegatingMethodAccessorImpl.java:43)
	at java.base/java.lang.reflect.Method.invoke(Method.java:568)
	at org.springframework.aop.aspectj.AbstractAspectJAdvice.invokeAdviceMethodWithGivenArgs(AbstractAspectJAdvice.java:637)
	at org.springframework.aop.aspectj.AbstractAspectJAdvice.invokeAdviceMethod(AbstractAspectJAdvice.java:627)
	at org.springframework.aop.aspectj.AspectJAroundAdvice.invoke(AspectJAroundAdvice.java:71)
	at org.springframework.aop.framework.ReflectiveMethodInvocation.proceed(ReflectiveMethodInvocation.java:184)
	at org.springframework.aop.framework.CglibAopProxy$CglibMethodInvocation.proceed(CglibAopProxy.java:768)
	at org.springframework.transaction.interceptor.TransactionAspectSupport.invokeWithinTransaction(TransactionAspectSupport.java:379)
	at org.springframework.transaction.interceptor.TransactionInterceptor.invoke(TransactionInterceptor.java:119)
	at org.springframework.aop.framework.ReflectiveMethodInvocation.proceed(ReflectiveMethodInvocation.java:184)
	at org.springframework.aop.framework.CglibAopProxy$CglibMethodInvocation.proceed(CglibAopProxy.java:768)
	at org.springframework.aop.interceptor.ExposeInvocationInterceptor.invoke(ExposeInvocationInterceptor.java:97)
	at org.springframework.aop.framework.ReflectiveMethodInvocation.proceed(ReflectiveMethodInvocation.java:184)
	at org.springframework.aop.framework.CglibAopProxy$CglibMethodInvocation.proceed(CglibAopProxy.java:768)
	at org.springframework.aop.framework.CglibAopProxy$DynamicAdvisedInterceptor.intercept(CglibAopProxy.java:720)
	at kr.co.seoulit.reception.service.InpatientReceptionServiceImpl$$SpringCGLIB$$0.getInpatientReceptionList(<generated>)
	at kr.co.seoulit.reception.controller.InpatientReceptionController.getInpatientReceptions(InpatientReceptionController.java:44)
	at jdk.internal.reflect.GeneratedMethodAccessor44.invoke(Unknown Source)
	at java.base/jdk.internal.reflect.DelegatingMethodAccessorImpl.invoke(DelegatingMethodAccessorImpl.java:43)
	at java.base/java.lang.reflect.Method.invoke(Method.java:568)
	at org.springframework.aop.support.AopUtils.invokeJoinpointUsingReflection(AopUtils.java:354)
	at org.springframework.aop.framework.ReflectiveMethodInvocation.invokeJoinpoint(ReflectiveMethodInvocation.java:196)
	at org.springframework.aop.framework.ReflectiveMethodInvocation.proceed(ReflectiveMethodInvocation.java:163)
	at org.springframework.aop.framework.CglibAopProxy$CglibMethodInvocation.proceed(CglibAopProxy.java:768)
	at org.springframework.aop.aspectj.MethodInvocationProceedingJoinPoint.proceed(MethodInvocationProceedingJoinPoint.java:89)
	at kr.co.seoulit.common.aop.LoggerAspect.logPrint(LoggerAspect.java:31)
	at jdk.internal.reflect.GeneratedMethodAccessor42.invoke(Unknown Source)
	at java.base/jdk.internal.reflect.DelegatingMethodAccessorImpl.invoke(DelegatingMethodAccessorImpl.java:43)
	at java.base/java.lang.reflect.Method.invoke(Method.java:568)
	at org.springframework.aop.aspectj.AbstractAspectJAdvice.invokeAdviceMethodWithGivenArgs(AbstractAspectJAdvice.java:637)
	at org.springframework.aop.aspectj.AbstractAspectJAdvice.invokeAdviceMethod(AbstractAspectJAdvice.java:627)
	at org.springframework.aop.aspectj.AspectJAroundAdvice.invoke(AspectJAroundAdvice.java:71)
	at org.springframework.aop.framework.ReflectiveMethodInvocation.proceed(ReflectiveMethodInvocation.java:184)
	at org.springframework.aop.framework.CglibAopProxy$CglibMethodInvocation.proceed(CglibAopProxy.java:768)
	at org.springframework.aop.interceptor.ExposeInvocationInterceptor.invoke(ExposeInvocationInterceptor.java:97)
	at org.springframework.aop.framework.ReflectiveMethodInvocation.proceed(ReflectiveMethodInvocation.java:184)
	at org.springframework.aop.framework.CglibAopProxy$CglibMethodInvocation.proceed(CglibAopProxy.java:768)
	at org.springframework.aop.framework.CglibAopProxy$DynamicAdvisedInterceptor.intercept(CglibAopProxy.java:720)
	at kr.co.seoulit.reception.controller.InpatientReceptionController$$SpringCGLIB$$0.getInpatientReceptions(<generated>)
	at jdk.internal.reflect.GeneratedMethodAccessor44.invoke(Unknown Source)
	at java.base/jdk.internal.reflect.DelegatingMethodAccessorImpl.invoke(DelegatingMethodAccessorImpl.java:43)
	at java.base/java.lang.reflect.Method.invoke(Method.java:568)
	at org.springframework.web.method.support.InvocableHandlerMethod.doInvoke(InvocableHandlerMethod.java:255)
	at org.springframework.web.method.support.InvocableHandlerMethod.invokeForRequest(InvocableHandlerMethod.java:188)
	at org.springframework.web.servlet.mvc.method.annotation.ServletInvocableHandlerMethod.invokeAndHandle(ServletInvocableHandlerMethod.java:118)
	at org.springframework.web.servlet.mvc.method.annotation.RequestMappingHandlerAdapter.invokeHandlerMethod(RequestMappingHandlerAdapter.java:926)
	at org.springframework.web.servlet.mvc.method.annotation.RequestMappingHandlerAdapter.handleInternal(RequestMappingHandlerAdapter.java:831)
	at org.springframework.web.servlet.mvc.method.AbstractHandlerMethodAdapter.handle(AbstractHandlerMethodAdapter.java:87)
	at org.springframework.web.servlet.DispatcherServlet.doDispatch(DispatcherServlet.java:1089)
	at org.springframework.web.servlet.DispatcherServlet.doService(DispatcherServlet.java:979)
	at org.springframework.web.servlet.FrameworkServlet.processRequest(FrameworkServlet.java:1014)
	at org.springframework.web.servlet.FrameworkServlet.doGet(FrameworkServlet.java:903)
	at jakarta.servlet.http.HttpServlet.service(HttpServlet.java:564)
	at org.springframework.web.servlet.FrameworkServlet.service(FrameworkServlet.java:885)
	at jakarta.servlet.http.HttpServlet.service(HttpServlet.java:658)
	at org.apache.catalina.core.ApplicationFilterChain.internalDoFilter(ApplicationFilterChain.java:195)
	at org.apache.catalina.core.ApplicationFilterChain.doFilter(ApplicationFilterChain.java:140)
	at org.apache.tomcat.websocket.server.WsFilter.doFilter(WsFilter.java:51)
	at org.apache.catalina.core.ApplicationFilterChain.internalDoFilter(ApplicationFilterChain.java:164)
	at org.apache.catalina.core.ApplicationFilterChain.doFilter(ApplicationFilterChain.java:140)
	at org.springframework.web.filter.CorsFilter.doFilterInternal(CorsFilter.java:91)
	at org.springframework.web.filter.OncePerRequestFilter.doFilter(OncePerRequestFilter.java:116)
	at org.apache.catalina.core.ApplicationFilterChain.internalDoFilter(ApplicationFilterChain.java:164)
	at org.apache.catalina.core.ApplicationFilterChain.doFilter(ApplicationFilterChain.java:140)
	at org.springframework.web.filter.RequestContextFilter.doFilterInternal(RequestContextFilter.java:100)
	at org.springframework.web.filter.OncePerRequestFilter.doFilter(OncePerRequestFilter.java:116)
	at org.apache.catalina.core.ApplicationFilterChain.internalDoFilter(ApplicationFilterChain.java:164)
	at org.apache.catalina.core.ApplicationFilterChain.doFilter(ApplicationFilterChain.java:140)
	at org.springframework.web.filter.FormContentFilter.doFilterInternal(FormContentFilter.java:93)
	at org.springframework.web.filter.OncePerRequestFilter.doFilter(OncePerRequestFilter.java:116)
	at org.apache.catalina.core.ApplicationFilterChain.internalDoFilter(ApplicationFilterChain.java:164)
	at org.apache.catalina.core.ApplicationFilterChain.doFilter(ApplicationFilterChain.java:140)
	at org.springframework.web.filter.CharacterEncodingFilter.doFilterInternal(CharacterEncodingFilter.java:201)
	at org.springframework.web.filter.OncePerRequestFilter.doFilter(OncePerRequestFilter.java:116)
	at org.apache.catalina.core.ApplicationFilterChain.internalDoFilter(ApplicationFilterChain.java:164)
	at org.apache.catalina.core.ApplicationFilterChain.doFilter(ApplicationFilterChain.java:140)
	at org.apache.catalina.core.StandardWrapperValve.invoke(StandardWrapperValve.java:167)
	at org.apache.catalina.core.StandardContextValve.invoke(StandardContextValve.java:90)
	at org.apache.catalina.authenticator.AuthenticatorBase.invoke(AuthenticatorBase.java:483)
	at org.apache.catalina.core.StandardHostValve.invoke(StandardHostValve.java:115)
	at org.apache.catalina.valves.ErrorReportValve.invoke(ErrorReportValve.java:93)
	at org.apache.catalina.core.StandardEngineValve.invoke(StandardEngineValve.java:74)
	at org.apache.catalina.connector.CoyoteAdapter.service(CoyoteAdapter.java:344)
	at org.apache.coyote.http11.Http11Processor.service(Http11Processor.java:389)
	at org.apache.coyote.AbstractProcessorLight.process(AbstractProcessorLight.java:63)
	at org.apache.coyote.AbstractProtocol$ConnectionHandler.process(AbstractProtocol.java:904)
	at org.apache.tomcat.util.net.NioEndpoint$SocketProcessor.doRun(NioEndpoint.java:1741)
	at org.apache.tomcat.util.net.SocketProcessorBase.run(SocketProcessorBase.java:52)
	at org.apache.tomcat.util.threads.ThreadPoolExecutor.runWorker(ThreadPoolExecutor.java:1190)
	at org.apache.tomcat.util.threads.ThreadPoolExecutor$Worker.run(ThreadPoolExecutor.java:659)
	at org.apache.tomcat.util.threads.TaskThread$WrappingRunnable.run(TaskThread.java:63)
	at java.base/java.lang.Thread.run(Thread.java:842)
Caused by: java.sql.SQLSyntaxErrorException: ORA-01722: invalid number

	at oracle.jdbc.driver.T4CTTIoer11.processError(T4CTTIoer11.java:630)
	at oracle.jdbc.driver.T4CTTIoer11.processError(T4CTTIoer11.java:564)
	at oracle.jdbc.driver.T4C8Oall.processError(T4C8Oall.java:1231)
	at oracle.jdbc.driver.T4CTTIfun.receive(T4CTTIfun.java:772)
	at oracle.jdbc.driver.T4CTTIfun.doRPC(T4CTTIfun.java:299)
	at oracle.jdbc.driver.T4C8Oall.doOALL(T4C8Oall.java:512)
	at oracle.jdbc.driver.T4CPreparedStatement.doOall8(T4CPreparedStatement.java:163)
	at oracle.jdbc.driver.T4CPreparedStatement.executeForDescribe(T4CPreparedStatement.java:1010)
	at oracle.jdbc.driver.OracleStatement.prepareDefineBufferAndExecute(OracleStatement.java:1271)
	at oracle.jdbc.driver.OracleStatement.executeMaybeDescribe(OracleStatement.java:1149)
	at oracle.jdbc.driver.OracleStatement.executeSQLSelect(OracleStatement.java:1661)
	at oracle.jdbc.driver.OracleStatement.doExecuteWithTimeout(OracleStatement.java:1470)
	at oracle.jdbc.driver.OraclePreparedStatement.executeInternal(OraclePreparedStatement.java:3761)
	at oracle.jdbc.driver.OraclePreparedStatement.execute(OraclePreparedStatement.java:4136)
	at oracle.jdbc.driver.OraclePreparedStatementWrapper.execute(OraclePreparedStatementWrapper.java:1014)
	at com.zaxxer.hikari.pool.ProxyPreparedStatement.execute(ProxyPreparedStatement.java:44)
	at com.zaxxer.hikari.pool.HikariProxyPreparedStatement.execute(HikariProxyPreparedStatement.java)
	at org.apache.ibatis.executor.statement.PreparedStatementHandler.query(PreparedStatementHandler.java:65)
	at org.apache.ibatis.executor.statement.RoutingStatementHandler.query(RoutingStatementHandler.java:80)
	at org.apache.ibatis.executor.SimpleExecutor.doQuery(SimpleExecutor.java:65)
	at org.apache.ibatis.executor.BaseExecutor.queryFromDatabase(BaseExecutor.java:336)
	at org.apache.ibatis.executor.BaseExecutor.query(BaseExecutor.java:158)
	at org.apache.ibatis.executor.CachingExecutor.query(CachingExecutor.java:110)
	at org.apache.ibatis.executor.CachingExecutor.query(CachingExecutor.java:90)
	at org.apache.ibatis.session.defaults.DefaultSqlSession.selectList(DefaultSqlSession.java:154)
	at org.apache.ibatis.session.defaults.DefaultSqlSession.selectList(DefaultSqlSession.java:147)
	at org.apache.ibatis.session.defaults.DefaultSqlSession.selectList(DefaultSqlSession.java:142)
	at jdk.internal.reflect.GeneratedMethodAccessor48.invoke(Unknown Source)
	at java.base/jdk.internal.reflect.DelegatingMethodAccessorImpl.invoke(DelegatingMethodAccessorImpl.java:43)
	at java.base/java.lang.reflect.Method.invoke(Method.java:568)
	at org.mybatis.spring.SqlSessionTemplate$SqlSessionInterceptor.invoke(SqlSessionTemplate.java:333)
	... 110 common frames omitted
Caused by: oracle.jdbc.OracleDatabaseException: ORA-01722: invalid number

	at oracle.jdbc.driver.T4CTTIoer11.processError(T4CTTIoer11.java:637)
	... 140 common frames omitted
2026-03-04 15:46:52.797 INFO  k.co.seoulit.common.aop.LoggerAspect - Controller  : kr.co.seoulit.reception.controller.ReceptionController.getReceptions()시작
2026-03-04 15:46:52.797 INFO  k.c.s.r.c.ReceptionController - Reception list request: searchType=null, searchValue=null
2026-03-04 15:46:52.809 INFO  k.co.seoulit.common.aop.LoggerAspect - ServiceImpl  : kr.co.seoulit.reception.service.ReceptionServiceImpl.getReceptionList()시작
2026-03-04 15:46:52.869 INFO  k.co.seoulit.common.aop.LoggerAspect - ServiceImpl  : kr.co.seoulit.reception.service.ReceptionServiceImpl.getReceptionList()종료
2026-03-04 15:46:52.888 INFO  k.co.seoulit.common.aop.LoggerAspect - Controller  : kr.co.seoulit.reception.controller.ReceptionController.getReceptions()종료
2026-03-04 15:46:52.922 INFO  k.co.seoulit.common.aop.LoggerAspect - Controller  : kr.co.seoulit.reception.controller.ReceptionController.getReceptions()시작
2026-03-04 15:46:52.922 INFO  k.c.s.r.c.ReceptionController - Reception list request: searchType=null, searchValue=null
2026-03-04 15:46:52.923 INFO  k.co.seoulit.common.aop.LoggerAspect - ServiceImpl  : kr.co.seoulit.reception.service.ReceptionServiceImpl.getReceptionList()시작
2026-03-04 15:46:52.954 INFO  k.co.seoulit.common.aop.LoggerAspect - ServiceImpl  : kr.co.seoulit.reception.service.ReceptionServiceImpl.getReceptionList()종료
2026-03-04 15:46:52.958 INFO  k.co.seoulit.common.aop.LoggerAspect - Controller  : kr.co.seoulit.reception.controller.ReceptionController.getReceptions()종료
2026-03-04 15:59:04.079 WARN  k.c.s.c.h.GlobalExceptionHandler - No resource found
org.springframework.web.servlet.resource.NoResourceFoundException: No static resource api/jpa/medical-staff.
	at org.springframework.web.servlet.resource.ResourceHttpRequestHandler.handleRequest(ResourceHttpRequestHandler.java:585)
	at org.springframework.web.servlet.mvc.HttpRequestHandlerAdapter.handle(HttpRequestHandlerAdapter.java:52)
	at org.springframework.web.servlet.DispatcherServlet.doDispatch(DispatcherServlet.java:1089)
	at org.springframework.web.servlet.DispatcherServlet.doService(DispatcherServlet.java:979)
	at org.springframework.web.servlet.FrameworkServlet.processRequest(FrameworkServlet.java:1014)
	at org.springframework.web.servlet.FrameworkServlet.doGet(FrameworkServlet.java:903)
	at jakarta.servlet.http.HttpServlet.service(HttpServlet.java:564)
	at org.springframework.web.servlet.FrameworkServlet.service(FrameworkServlet.java:885)
	at jakarta.servlet.http.HttpServlet.service(HttpServlet.java:658)
	at org.apache.catalina.core.ApplicationFilterChain.internalDoFilter(ApplicationFilterChain.java:195)
	at org.apache.catalina.core.ApplicationFilterChain.doFilter(ApplicationFilterChain.java:140)
	at org.apache.tomcat.websocket.server.WsFilter.doFilter(WsFilter.java:51)
	at org.apache.catalina.core.ApplicationFilterChain.internalDoFilter(ApplicationFilterChain.java:164)
	at org.apache.catalina.core.ApplicationFilterChain.doFilter(ApplicationFilterChain.java:140)
	at org.springframework.web.filter.CorsFilter.doFilterInternal(CorsFilter.java:91)
	at org.springframework.web.filter.OncePerRequestFilter.doFilter(OncePerRequestFilter.java:116)
	at org.apache.catalina.core.ApplicationFilterChain.internalDoFilter(ApplicationFilterChain.java:164)
	at org.apache.catalina.core.ApplicationFilterChain.doFilter(ApplicationFilterChain.java:140)
	at org.springframework.web.filter.RequestContextFilter.doFilterInternal(RequestContextFilter.java:100)
	at org.springframework.web.filter.OncePerRequestFilter.doFilter(OncePerRequestFilter.java:116)
	at org.apache.catalina.core.ApplicationFilterChain.internalDoFilter(ApplicationFilterChain.java:164)
	at org.apache.catalina.core.ApplicationFilterChain.doFilter(ApplicationFilterChain.java:140)
	at org.springframework.web.filter.FormContentFilter.doFilterInternal(FormContentFilter.java:93)
	at org.springframework.web.filter.OncePerRequestFilter.doFilter(OncePerRequestFilter.java:116)
	at org.apache.catalina.core.ApplicationFilterChain.internalDoFilter(ApplicationFilterChain.java:164)
	at org.apache.catalina.core.ApplicationFilterChain.doFilter(ApplicationFilterChain.java:140)
	at org.springframework.web.filter.CharacterEncodingFilter.doFilterInternal(CharacterEncodingFilter.java:201)
	at org.springframework.web.filter.OncePerRequestFilter.doFilter(OncePerRequestFilter.java:116)
	at org.apache.catalina.core.ApplicationFilterChain.internalDoFilter(ApplicationFilterChain.java:164)
	at org.apache.catalina.core.ApplicationFilterChain.doFilter(ApplicationFilterChain.java:140)
	at org.apache.catalina.core.StandardWrapperValve.invoke(StandardWrapperValve.java:167)
	at org.apache.catalina.core.StandardContextValve.invoke(StandardContextValve.java:90)
	at org.apache.catalina.authenticator.AuthenticatorBase.invoke(AuthenticatorBase.java:483)
	at org.apache.catalina.core.StandardHostValve.invoke(StandardHostValve.java:115)
	at org.apache.catalina.valves.ErrorReportValve.invoke(ErrorReportValve.java:93)
	at org.apache.catalina.core.StandardEngineValve.invoke(StandardEngineValve.java:74)
	at org.apache.catalina.connector.CoyoteAdapter.service(CoyoteAdapter.java:344)
	at org.apache.coyote.http11.Http11Processor.service(Http11Processor.java:389)
	at org.apache.coyote.AbstractProcessorLight.process(AbstractProcessorLight.java:63)
	at org.apache.coyote.AbstractProtocol$ConnectionHandler.process(AbstractProtocol.java:904)
	at org.apache.tomcat.util.net.NioEndpoint$SocketProcessor.doRun(NioEndpoint.java:1741)
	at org.apache.tomcat.util.net.SocketProcessorBase.run(SocketProcessorBase.java:52)
	at org.apache.tomcat.util.threads.ThreadPoolExecutor.runWorker(ThreadPoolExecutor.java:1190)
	at org.apache.tomcat.util.threads.ThreadPoolExecutor$Worker.run(ThreadPoolExecutor.java:659)
	at org.apache.tomcat.util.threads.TaskThread$WrappingRunnable.run(TaskThread.java:63)
	at java.base/java.lang.Thread.run(Thread.java:842)
2026-03-04 16:02:00.849 WARN  k.c.s.c.h.GlobalExceptionHandler - No resource found
org.springframework.web.servlet.resource.NoResourceFoundException: No static resource api/imaging-exam.
	at org.springframework.web.servlet.resource.ResourceHttpRequestHandler.handleRequest(ResourceHttpRequestHandler.java:585)
	at org.springframework.web.servlet.mvc.HttpRequestHandlerAdapter.handle(HttpRequestHandlerAdapter.java:52)
	at org.springframework.web.servlet.DispatcherServlet.doDispatch(DispatcherServlet.java:1089)
	at org.springframework.web.servlet.DispatcherServlet.doService(DispatcherServlet.java:979)
	at org.springframework.web.servlet.FrameworkServlet.processRequest(FrameworkServlet.java:1014)
	at org.springframework.web.servlet.FrameworkServlet.doGet(FrameworkServlet.java:903)
	at jakarta.servlet.http.HttpServlet.service(HttpServlet.java:564)
	at org.springframework.web.servlet.FrameworkServlet.service(FrameworkServlet.java:885)
	at jakarta.servlet.http.HttpServlet.service(HttpServlet.java:658)
	at org.apache.catalina.core.ApplicationFilterChain.internalDoFilter(ApplicationFilterChain.java:195)
	at org.apache.catalina.core.ApplicationFilterChain.doFilter(ApplicationFilterChain.java:140)
	at org.apache.tomcat.websocket.server.WsFilter.doFilter(WsFilter.java:51)
	at org.apache.catalina.core.ApplicationFilterChain.internalDoFilter(ApplicationFilterChain.java:164)
	at org.apache.catalina.core.ApplicationFilterChain.doFilter(ApplicationFilterChain.java:140)
	at org.springframework.web.filter.CorsFilter.doFilterInternal(CorsFilter.java:91)
	at org.springframework.web.filter.OncePerRequestFilter.doFilter(OncePerRequestFilter.java:116)
	at org.apache.catalina.core.ApplicationFilterChain.internalDoFilter(ApplicationFilterChain.java:164)
	at org.apache.catalina.core.ApplicationFilterChain.doFilter(ApplicationFilterChain.java:140)
	at org.springframework.web.filter.RequestContextFilter.doFilterInternal(RequestContextFilter.java:100)
	at org.springframework.web.filter.OncePerRequestFilter.doFilter(OncePerRequestFilter.java:116)
	at org.apache.catalina.core.ApplicationFilterChain.internalDoFilter(ApplicationFilterChain.java:164)
	at org.apache.catalina.core.ApplicationFilterChain.doFilter(ApplicationFilterChain.java:140)
	at org.springframework.web.filter.FormContentFilter.doFilterInternal(FormContentFilter.java:93)
	at org.springframework.web.filter.OncePerRequestFilter.doFilter(OncePerRequestFilter.java:116)
	at org.apache.catalina.core.ApplicationFilterChain.internalDoFilter(ApplicationFilterChain.java:164)
	at org.apache.catalina.core.ApplicationFilterChain.doFilter(ApplicationFilterChain.java:140)
	at org.springframework.web.filter.CharacterEncodingFilter.doFilterInternal(CharacterEncodingFilter.java:201)
	at org.springframework.web.filter.OncePerRequestFilter.doFilter(OncePerRequestFilter.java:116)
	at org.apache.catalina.core.ApplicationFilterChain.internalDoFilter(ApplicationFilterChain.java:164)
	at org.apache.catalina.core.ApplicationFilterChain.doFilter(ApplicationFilterChain.java:140)
	at org.apache.catalina.core.StandardWrapperValve.invoke(StandardWrapperValve.java:167)
	at org.apache.catalina.core.StandardContextValve.invoke(StandardContextValve.java:90)
	at org.apache.catalina.authenticator.AuthenticatorBase.invoke(AuthenticatorBase.java:483)
	at org.apache.catalina.core.StandardHostValve.invoke(StandardHostValve.java:115)
	at org.apache.catalina.valves.ErrorReportValve.invoke(ErrorReportValve.java:93)
	at org.apache.catalina.core.StandardEngineValve.invoke(StandardEngineValve.java:74)
	at org.apache.catalina.connector.CoyoteAdapter.service(CoyoteAdapter.java:344)
	at org.apache.coyote.http11.Http11Processor.service(Http11Processor.java:389)
	at org.apache.coyote.AbstractProcessorLight.process(AbstractProcessorLight.java:63)
	at org.apache.coyote.AbstractProtocol$ConnectionHandler.process(AbstractProtocol.java:904)
	at org.apache.tomcat.util.net.NioEndpoint$SocketProcessor.doRun(NioEndpoint.java:1741)
	at org.apache.tomcat.util.net.SocketProcessorBase.run(SocketProcessorBase.java:52)
	at org.apache.tomcat.util.threads.ThreadPoolExecutor.runWorker(ThreadPoolExecutor.java:1190)
	at org.apache.tomcat.util.threads.ThreadPoolExecutor$Worker.run(ThreadPoolExecutor.java:659)
	at org.apache.tomcat.util.threads.TaskThread$WrappingRunnable.run(TaskThread.java:63)
	at java.base/java.lang.Thread.run(Thread.java:842)
2026-03-04 16:02:00.882 WARN  k.c.s.c.h.GlobalExceptionHandler - No resource found
org.springframework.web.servlet.resource.NoResourceFoundException: No static resource api/imaging-exam.
	at org.springframework.web.servlet.resource.ResourceHttpRequestHandler.handleRequest(ResourceHttpRequestHandler.java:585)
	at org.springframework.web.servlet.mvc.HttpRequestHandlerAdapter.handle(HttpRequestHandlerAdapter.java:52)
	at org.springframework.web.servlet.DispatcherServlet.doDispatch(DispatcherServlet.java:1089)
	at org.springframework.web.servlet.DispatcherServlet.doService(DispatcherServlet.java:979)
	at org.springframework.web.servlet.FrameworkServlet.processRequest(FrameworkServlet.java:1014)
	at org.springframework.web.servlet.FrameworkServlet.doGet(FrameworkServlet.java:903)
	at jakarta.servlet.http.HttpServlet.service(HttpServlet.java:564)
	at org.springframework.web.servlet.FrameworkServlet.service(FrameworkServlet.java:885)
	at jakarta.servlet.http.HttpServlet.service(HttpServlet.java:658)
	at org.apache.catalina.core.ApplicationFilterChain.internalDoFilter(ApplicationFilterChain.java:195)
	at org.apache.catalina.core.ApplicationFilterChain.doFilter(ApplicationFilterChain.java:140)
	at org.apache.tomcat.websocket.server.WsFilter.doFilter(WsFilter.java:51)
	at org.apache.catalina.core.ApplicationFilterChain.internalDoFilter(ApplicationFilterChain.java:164)
	at org.apache.catalina.core.ApplicationFilterChain.doFilter(ApplicationFilterChain.java:140)
	at org.springframework.web.filter.CorsFilter.doFilterInternal(CorsFilter.java:91)
	at org.springframework.web.filter.OncePerRequestFilter.doFilter(OncePerRequestFilter.java:116)
	at org.apache.catalina.core.ApplicationFilterChain.internalDoFilter(ApplicationFilterChain.java:164)
	at org.apache.catalina.core.ApplicationFilterChain.doFilter(ApplicationFilterChain.java:140)
	at org.springframework.web.filter.RequestContextFilter.doFilterInternal(RequestContextFilter.java:100)
	at org.springframework.web.filter.OncePerRequestFilter.doFilter(OncePerRequestFilter.java:116)
	at org.apache.catalina.core.ApplicationFilterChain.internalDoFilter(ApplicationFilterChain.java:164)
	at org.apache.catalina.core.ApplicationFilterChain.doFilter(ApplicationFilterChain.java:140)
	at org.springframework.web.filter.FormContentFilter.doFilterInternal(FormContentFilter.java:93)
	at org.springframework.web.filter.OncePerRequestFilter.doFilter(OncePerRequestFilter.java:116)
	at org.apache.catalina.core.ApplicationFilterChain.internalDoFilter(ApplicationFilterChain.java:164)
	at org.apache.catalina.core.ApplicationFilterChain.doFilter(ApplicationFilterChain.java:140)
	at org.springframework.web.filter.CharacterEncodingFilter.doFilterInternal(CharacterEncodingFilter.java:201)
	at org.springframework.web.filter.OncePerRequestFilter.doFilter(OncePerRequestFilter.java:116)
	at org.apache.catalina.core.ApplicationFilterChain.internalDoFilter(ApplicationFilterChain.java:164)
	at org.apache.catalina.core.ApplicationFilterChain.doFilter(ApplicationFilterChain.java:140)
	at org.apache.catalina.core.StandardWrapperValve.invoke(StandardWrapperValve.java:167)
	at org.apache.catalina.core.StandardContextValve.invoke(StandardContextValve.java:90)
	at org.apache.catalina.authenticator.AuthenticatorBase.invoke(AuthenticatorBase.java:483)
	at org.apache.catalina.core.StandardHostValve.invoke(StandardHostValve.java:115)
	at org.apache.catalina.valves.ErrorReportValve.invoke(ErrorReportValve.java:93)
	at org.apache.catalina.core.StandardEngineValve.invoke(StandardEngineValve.java:74)
	at org.apache.catalina.connector.CoyoteAdapter.service(CoyoteAdapter.java:344)
	at org.apache.coyote.http11.Http11Processor.service(Http11Processor.java:389)
	at org.apache.coyote.AbstractProcessorLight.process(AbstractProcessorLight.java:63)
	at org.apache.coyote.AbstractProtocol$ConnectionHandler.process(AbstractProtocol.java:904)
	at org.apache.tomcat.util.net.NioEndpoint$SocketProcessor.doRun(NioEndpoint.java:1741)
	at org.apache.tomcat.util.net.SocketProcessorBase.run(SocketProcessorBase.java:52)
	at org.apache.tomcat.util.threads.ThreadPoolExecutor.runWorker(ThreadPoolExecutor.java:1190)
	at org.apache.tomcat.util.threads.ThreadPoolExecutor$Worker.run(ThreadPoolExecutor.java:659)
	at org.apache.tomcat.util.threads.TaskThread$WrappingRunnable.run(TaskThread.java:63)
	at java.base/java.lang.Thread.run(Thread.java:842)
2026-03-04 16:16:54.027 INFO  k.co.seoulit.common.aop.LoggerAspect - Controller  : kr.co.seoulit.reception.controller.InpatientReceptionController.getInpatientReceptions()시작
2026-03-04 16:16:54.027 INFO  k.c.s.r.c.InpatientReceptionController - 입원 접수 목록 요청: searchType=null, searchValue=null
2026-03-04 16:16:54.037 INFO  k.co.seoulit.common.aop.LoggerAspect - ServiceImpl  : kr.co.seoulit.reception.service.InpatientReceptionServiceImpl.getInpatientReceptionList()시작
2026-03-04 16:16:54.064 INFO  k.co.seoulit.common.aop.LoggerAspect - ServiceImpl  : kr.co.seoulit.reception.service.InpatientReceptionServiceImpl.getInpatientReceptionList()종료
2026-03-04 16:16:54.069 INFO  k.co.seoulit.common.aop.LoggerAspect - Controller  : kr.co.seoulit.reception.controller.InpatientReceptionController.getInpatientReceptions()종료
2026-03-04 16:17:01.570 INFO  k.co.seoulit.common.aop.LoggerAspect - Controller  : kr.co.seoulit.reception.controller.InpatientReceptionController.getInpatientReception()시작
2026-03-04 16:17:01.570 INFO  k.c.s.r.c.InpatientReceptionController - 입원 접수 조회 요청: id=68
2026-03-04 16:17:01.584 INFO  k.co.seoulit.common.aop.LoggerAspect - ServiceImpl  : kr.co.seoulit.reception.service.InpatientReceptionServiceImpl.getInpatientReception()시작
2026-03-04 16:17:01.602 DEBUG org.hibernate.SQL - select re1_0.reception_id,re1_0.arrived_at,re1_0.cancel_reason_code,re1_0.cancel_reason_text,re1_0.created_at,re1_0.created_by,re1_0.department_id,re1_0.department_name,re1_0.doctor_id,re1_0.doctor_name,re1_0.hold_reason_code,re1_0.hold_reason_text,re1_0.inactive_at,re1_0.inactive_reason_code,re1_0.inactive_reason_text,re1_0.is_active,re1_0.note,re1_0.patient_id,re1_0.patient_name,re1_0.reception_no,re1_0.reservation_id,re1_0.scheduled_at,re1_0.status,re1_0.updated_at,re1_0.updated_by,re1_0.visit_type from reception re1_0 where re1_0.reception_id=?
2026-03-04 16:17:01.604 TRACE org.hibernate.orm.jdbc.bind - binding parameter (1:BIGINT) <- [68]
2026-03-04 16:17:01.631 DEBUG org.hibernate.SQL - select rie1_0.reception_id,rie1_0.admission_plan_at,rie1_0.room_id,rie1_0.ward_id from reception_inpatient rie1_0 where rie1_0.reception_id=?
2026-03-04 16:17:01.632 TRACE org.hibernate.orm.jdbc.bind - binding parameter (1:BIGINT) <- [68]
2026-03-04 16:17:01.643 INFO  k.co.seoulit.common.aop.LoggerAspect - ServiceImpl  : kr.co.seoulit.reception.service.InpatientReceptionServiceImpl.getInpatientReception()종료
2026-03-04 16:17:01.652 INFO  k.co.seoulit.common.aop.LoggerAspect - Controller  : kr.co.seoulit.reception.controller.InpatientReceptionController.getInpatientReception()종료
2026-03-04 16:17:01.671 INFO  k.co.seoulit.common.aop.LoggerAspect - Controller  : kr.co.seoulit.reception.controller.InpatientReceptionController.getInpatientReception()시작
2026-03-04 16:17:01.671 INFO  k.c.s.r.c.InpatientReceptionController - 입원 접수 조회 요청: id=68
2026-03-04 16:17:01.672 INFO  k.co.seoulit.common.aop.LoggerAspect - ServiceImpl  : kr.co.seoulit.reception.service.InpatientReceptionServiceImpl.getInpatientReception()시작
2026-03-04 16:17:01.674 DEBUG org.hibernate.SQL - select re1_0.reception_id,re1_0.arrived_at,re1_0.cancel_reason_code,re1_0.cancel_reason_text,re1_0.created_at,re1_0.created_by,re1_0.department_id,re1_0.department_name,re1_0.doctor_id,re1_0.doctor_name,re1_0.hold_reason_code,re1_0.hold_reason_text,re1_0.inactive_at,re1_0.inactive_reason_code,re1_0.inactive_reason_text,re1_0.is_active,re1_0.note,re1_0.patient_id,re1_0.patient_name,re1_0.reception_no,re1_0.reservation_id,re1_0.scheduled_at,re1_0.status,re1_0.updated_at,re1_0.updated_by,re1_0.visit_type from reception re1_0 where re1_0.reception_id=?
2026-03-04 16:17:01.675 TRACE org.hibernate.orm.jdbc.bind - binding parameter (1:BIGINT) <- [68]
2026-03-04 16:17:01.685 DEBUG org.hibernate.SQL - select rie1_0.reception_id,rie1_0.admission_plan_at,rie1_0.room_id,rie1_0.ward_id from reception_inpatient rie1_0 where rie1_0.reception_id=?
2026-03-04 16:17:01.686 TRACE org.hibernate.orm.jdbc.bind - binding parameter (1:BIGINT) <- [68]
2026-03-04 16:17:01.696 INFO  k.co.seoulit.common.aop.LoggerAspect - ServiceImpl  : kr.co.seoulit.reception.service.InpatientReceptionServiceImpl.getInpatientReception()종료
2026-03-04 16:17:01.706 INFO  k.co.seoulit.common.aop.LoggerAspect - Controller  : kr.co.seoulit.reception.controller.InpatientReceptionController.getInpatientReception()종료
2026-03-04 16:17:04.593 INFO  k.co.seoulit.common.aop.LoggerAspect - Controller  : kr.co.seoulit.reception.controller.InpatientReceptionController.getInpatientReceptions()시작
2026-03-04 16:17:04.594 INFO  k.c.s.r.c.InpatientReceptionController - 입원 접수 목록 요청: searchType=null, searchValue=null
2026-03-04 16:17:04.609 INFO  k.co.seoulit.common.aop.LoggerAspect - ServiceImpl  : kr.co.seoulit.reception.service.InpatientReceptionServiceImpl.getInpatientReceptionList()시작
2026-03-04 16:17:04.628 INFO  k.co.seoulit.common.aop.LoggerAspect - ServiceImpl  : kr.co.seoulit.reception.service.InpatientReceptionServiceImpl.getInpatientReceptionList()종료
2026-03-04 16:17:04.634 INFO  k.co.seoulit.common.aop.LoggerAspect - Controller  : kr.co.seoulit.reception.controller.InpatientReceptionController.getInpatientReceptions()종료
2026-03-04 16:17:04.639 INFO  k.co.seoulit.common.aop.LoggerAspect - Controller  : kr.co.seoulit.reception.controller.InpatientReceptionController.getInpatientReceptions()시작
2026-03-04 16:17:04.640 INFO  k.c.s.r.c.InpatientReceptionController - 입원 접수 목록 요청: searchType=null, searchValue=null
2026-03-04 16:17:04.642 INFO  k.co.seoulit.common.aop.LoggerAspect - ServiceImpl  : kr.co.seoulit.reception.service.InpatientReceptionServiceImpl.getInpatientReceptionList()시작
2026-03-04 16:17:04.667 INFO  k.co.seoulit.common.aop.LoggerAspect - ServiceImpl  : kr.co.seoulit.reception.service.InpatientReceptionServiceImpl.getInpatientReceptionList()종료
2026-03-04 16:17:04.675 INFO  k.co.seoulit.common.aop.LoggerAspect - Controller  : kr.co.seoulit.reception.controller.InpatientReceptionController.getInpatientReceptions()종료
2026-03-04 16:17:15.739 INFO  k.co.seoulit.common.aop.LoggerAspect - Controller  : kr.co.seoulit.reception.controller.InpatientReceptionController.getInpatientReceptions()시작
2026-03-04 16:17:15.739 INFO  k.c.s.r.c.InpatientReceptionController - 입원 접수 목록 요청: searchType=wardId, searchValue=3
2026-03-04 16:17:15.746 INFO  k.co.seoulit.common.aop.LoggerAspect - ServiceImpl  : kr.co.seoulit.reception.service.InpatientReceptionServiceImpl.getInpatientReceptionList()시작
2026-03-04 16:17:15.786 INFO  k.co.seoulit.common.aop.LoggerAspect - ServiceImpl  : kr.co.seoulit.reception.service.InpatientReceptionServiceImpl.getInpatientReceptionList()종료
2026-03-04 16:17:15.791 INFO  k.co.seoulit.common.aop.LoggerAspect - Controller  : kr.co.seoulit.reception.controller.InpatientReceptionController.getInpatientReceptions()종료
2026-03-04 16:17:17.577 INFO  k.co.seoulit.common.aop.LoggerAspect - Controller  : kr.co.seoulit.reception.controller.InpatientReceptionController.getInpatientReceptions()시작
2026-03-04 16:17:17.577 INFO  k.c.s.r.c.InpatientReceptionController - 입원 접수 목록 요청: searchType=wardId, searchValue=2
2026-03-04 16:17:17.587 INFO  k.co.seoulit.common.aop.LoggerAspect - ServiceImpl  : kr.co.seoulit.reception.service.InpatientReceptionServiceImpl.getInpatientReceptionList()시작
2026-03-04 16:17:17.606 INFO  k.co.seoulit.common.aop.LoggerAspect - ServiceImpl  : kr.co.seoulit.reception.service.InpatientReceptionServiceImpl.getInpatientReceptionList()종료
2026-03-04 16:17:17.612 INFO  k.co.seoulit.common.aop.LoggerAspect - Controller  : kr.co.seoulit.reception.controller.InpatientReceptionController.getInpatientReceptions()종료
2026-03-04 16:17:19.242 INFO  k.co.seoulit.common.aop.LoggerAspect - Controller  : kr.co.seoulit.reception.controller.InpatientReceptionController.getInpatientReceptions()시작
2026-03-04 16:17:19.243 INFO  k.c.s.r.c.InpatientReceptionController - 입원 접수 목록 요청: searchType=wardId, searchValue=1
2026-03-04 16:17:19.249 INFO  k.co.seoulit.common.aop.LoggerAspect - ServiceImpl  : kr.co.seoulit.reception.service.InpatientReceptionServiceImpl.getInpatientReceptionList()시작
2026-03-04 16:17:19.261 INFO  k.co.seoulit.common.aop.LoggerAspect - ServiceImpl  : kr.co.seoulit.reception.service.InpatientReceptionServiceImpl.getInpatientReceptionList()종료
2026-03-04 16:17:19.266 INFO  k.co.seoulit.common.aop.LoggerAspect - Controller  : kr.co.seoulit.reception.controller.InpatientReceptionController.getInpatientReceptions()종료
2026-03-04 16:17:21.321 INFO  k.co.seoulit.common.aop.LoggerAspect - Controller  : kr.co.seoulit.reception.controller.InpatientReceptionController.getInpatientReceptions()시작
2026-03-04 16:17:21.322 INFO  k.c.s.r.c.InpatientReceptionController - 입원 접수 목록 요청: searchType=wardId, searchValue=5
2026-03-04 16:17:21.333 INFO  k.co.seoulit.common.aop.LoggerAspect - ServiceImpl  : kr.co.seoulit.reception.service.InpatientReceptionServiceImpl.getInpatientReceptionList()시작
2026-03-04 16:17:21.351 INFO  k.co.seoulit.common.aop.LoggerAspect - ServiceImpl  : kr.co.seoulit.reception.service.InpatientReceptionServiceImpl.getInpatientReceptionList()종료
2026-03-04 16:17:21.356 INFO  k.co.seoulit.common.aop.LoggerAspect - Controller  : kr.co.seoulit.reception.controller.InpatientReceptionController.getInpatientReceptions()종료
2026-03-04 16:17:22.897 INFO  k.co.seoulit.common.aop.LoggerAspect - Controller  : kr.co.seoulit.reception.controller.InpatientReceptionController.getInpatientReceptions()시작
2026-03-04 16:17:22.897 INFO  k.c.s.r.c.InpatientReceptionController - 입원 접수 목록 요청: searchType=null, searchValue=null
2026-03-04 16:17:22.905 INFO  k.co.seoulit.common.aop.LoggerAspect - ServiceImpl  : kr.co.seoulit.reception.service.InpatientReceptionServiceImpl.getInpatientReceptionList()시작
2026-03-04 16:17:22.934 INFO  k.co.seoulit.common.aop.LoggerAspect - ServiceImpl  : kr.co.seoulit.reception.service.InpatientReceptionServiceImpl.getInpatientReceptionList()종료
2026-03-04 16:17:22.938 INFO  k.co.seoulit.common.aop.LoggerAspect - Controller  : kr.co.seoulit.reception.controller.InpatientReceptionController.getInpatientReceptions()종료
2026-03-04 16:25:39.554 INFO  k.co.seoulit.common.aop.LoggerAspect - Controller  : kr.co.seoulit.reception.controller.InpatientReceptionController.getInpatientReceptions()시작
2026-03-04 16:25:39.554 INFO  k.c.s.r.c.InpatientReceptionController - 입원 접수 목록 요청: searchType=null, searchValue=null
2026-03-04 16:25:39.564 INFO  k.co.seoulit.common.aop.LoggerAspect - ServiceImpl  : kr.co.seoulit.reception.service.InpatientReceptionServiceImpl.getInpatientReceptionList()시작
2026-03-04 16:25:39.594 INFO  k.co.seoulit.common.aop.LoggerAspect - ServiceImpl  : kr.co.seoulit.reception.service.InpatientReceptionServiceImpl.getInpatientReceptionList()종료
2026-03-04 16:25:39.599 INFO  k.co.seoulit.common.aop.LoggerAspect - Controller  : kr.co.seoulit.reception.controller.InpatientReceptionController.getInpatientReceptions()종료
2026-03-04 16:33:18.646 WARN  k.c.s.c.h.GlobalExceptionHandler - No resource found
org.springframework.web.servlet.resource.NoResourceFoundException: No static resource api/auth/login.
	at org.springframework.web.servlet.resource.ResourceHttpRequestHandler.handleRequest(ResourceHttpRequestHandler.java:585)
	at org.springframework.web.servlet.mvc.HttpRequestHandlerAdapter.handle(HttpRequestHandlerAdapter.java:52)
	at org.springframework.web.servlet.DispatcherServlet.doDispatch(DispatcherServlet.java:1089)
	at org.springframework.web.servlet.DispatcherServlet.doService(DispatcherServlet.java:979)
	at org.springframework.web.servlet.FrameworkServlet.processRequest(FrameworkServlet.java:1014)
	at org.springframework.web.servlet.FrameworkServlet.doPost(FrameworkServlet.java:914)
	at jakarta.servlet.http.HttpServlet.service(HttpServlet.java:590)
	at org.springframework.web.servlet.FrameworkServlet.service(FrameworkServlet.java:885)
	at jakarta.servlet.http.HttpServlet.service(HttpServlet.java:658)
	at org.apache.catalina.core.ApplicationFilterChain.internalDoFilter(ApplicationFilterChain.java:195)
	at org.apache.catalina.core.ApplicationFilterChain.doFilter(ApplicationFilterChain.java:140)
	at org.apache.tomcat.websocket.server.WsFilter.doFilter(WsFilter.java:51)
	at org.apache.catalina.core.ApplicationFilterChain.internalDoFilter(ApplicationFilterChain.java:164)
	at org.apache.catalina.core.ApplicationFilterChain.doFilter(ApplicationFilterChain.java:140)
	at org.springframework.web.filter.CorsFilter.doFilterInternal(CorsFilter.java:91)
	at org.springframework.web.filter.OncePerRequestFilter.doFilter(OncePerRequestFilter.java:116)
	at org.apache.catalina.core.ApplicationFilterChain.internalDoFilter(ApplicationFilterChain.java:164)
	at org.apache.catalina.core.ApplicationFilterChain.doFilter(ApplicationFilterChain.java:140)
	at org.springframework.web.filter.RequestContextFilter.doFilterInternal(RequestContextFilter.java:100)
	at org.springframework.web.filter.OncePerRequestFilter.doFilter(OncePerRequestFilter.java:116)
	at org.apache.catalina.core.ApplicationFilterChain.internalDoFilter(ApplicationFilterChain.java:164)
	at org.apache.catalina.core.ApplicationFilterChain.doFilter(ApplicationFilterChain.java:140)
	at org.springframework.web.filter.FormContentFilter.doFilterInternal(FormContentFilter.java:93)
	at org.springframework.web.filter.OncePerRequestFilter.doFilter(OncePerRequestFilter.java:116)
	at org.apache.catalina.core.ApplicationFilterChain.internalDoFilter(ApplicationFilterChain.java:164)
	at org.apache.catalina.core.ApplicationFilterChain.doFilter(ApplicationFilterChain.java:140)
	at org.springframework.web.filter.CharacterEncodingFilter.doFilterInternal(CharacterEncodingFilter.java:201)
	at org.springframework.web.filter.OncePerRequestFilter.doFilter(OncePerRequestFilter.java:116)
	at org.apache.catalina.core.ApplicationFilterChain.internalDoFilter(ApplicationFilterChain.java:164)
	at org.apache.catalina.core.ApplicationFilterChain.doFilter(ApplicationFilterChain.java:140)
	at org.apache.catalina.core.StandardWrapperValve.invoke(StandardWrapperValve.java:167)
	at org.apache.catalina.core.StandardContextValve.invoke(StandardContextValve.java:90)
	at org.apache.catalina.authenticator.AuthenticatorBase.invoke(AuthenticatorBase.java:483)
	at org.apache.catalina.core.StandardHostValve.invoke(StandardHostValve.java:115)
	at org.apache.catalina.valves.ErrorReportValve.invoke(ErrorReportValve.java:93)
	at org.apache.catalina.core.StandardEngineValve.invoke(StandardEngineValve.java:74)
	at org.apache.catalina.connector.CoyoteAdapter.service(CoyoteAdapter.java:344)
	at org.apache.coyote.http11.Http11Processor.service(Http11Processor.java:389)
	at org.apache.coyote.AbstractProcessorLight.process(AbstractProcessorLight.java:63)
	at org.apache.coyote.AbstractProtocol$ConnectionHandler.process(AbstractProtocol.java:904)
	at org.apache.tomcat.util.net.NioEndpoint$SocketProcessor.doRun(NioEndpoint.java:1741)
	at org.apache.tomcat.util.net.SocketProcessorBase.run(SocketProcessorBase.java:52)
	at org.apache.tomcat.util.threads.ThreadPoolExecutor.runWorker(ThreadPoolExecutor.java:1190)
	at org.apache.tomcat.util.threads.ThreadPoolExecutor$Worker.run(ThreadPoolExecutor.java:659)
	at org.apache.tomcat.util.threads.TaskThread$WrappingRunnable.run(TaskThread.java:63)
	at java.base/java.lang.Thread.run(Thread.java:842)
2026-03-04 16:37:30.533 INFO  k.co.seoulit.common.aop.LoggerAspect - Controller  : kr.co.seoulit.reception.controller.InpatientReceptionController.getInpatientReceptions()시작
2026-03-04 16:37:30.535 INFO  k.c.s.r.c.InpatientReceptionController - 입원 접수 목록 요청: searchType=null, searchValue=null
2026-03-04 16:37:30.548 INFO  k.co.seoulit.common.aop.LoggerAspect - ServiceImpl  : kr.co.seoulit.reception.service.InpatientReceptionServiceImpl.getInpatientReceptionList()시작
2026-03-04 16:37:30.580 INFO  k.co.seoulit.common.aop.LoggerAspect - ServiceImpl  : kr.co.seoulit.reception.service.InpatientReceptionServiceImpl.getInpatientReceptionList()종료
2026-03-04 16:37:30.589 INFO  k.co.seoulit.common.aop.LoggerAspect - Controller  : kr.co.seoulit.reception.controller.InpatientReceptionController.getInpatientReceptions()종료
2026-03-04 16:37:33.570 INFO  k.co.seoulit.common.aop.LoggerAspect - Controller  : kr.co.seoulit.reception.controller.InpatientReceptionController.getInpatientReceptions()시작
2026-03-04 16:37:33.570 INFO  k.c.s.r.c.InpatientReceptionController - 입원 접수 목록 요청: searchType=patientName, searchValue=윤채원
2026-03-04 16:37:33.594 INFO  k.co.seoulit.common.aop.LoggerAspect - ServiceImpl  : kr.co.seoulit.reception.service.InpatientReceptionServiceImpl.getInpatientReceptionList()시작
2026-03-04 16:37:33.610 INFO  k.co.seoulit.common.aop.LoggerAspect - ServiceImpl  : kr.co.seoulit.reception.service.InpatientReceptionServiceImpl.getInpatientReceptionList()종료
2026-03-04 16:37:33.614 INFO  k.co.seoulit.common.aop.LoggerAspect - Controller  : kr.co.seoulit.reception.controller.InpatientReceptionController.getInpatientReceptions()종료
2026-03-04 16:37:37.643 INFO  k.co.seoulit.common.aop.LoggerAspect - Controller  : kr.co.seoulit.reception.controller.InpatientReceptionController.getInpatientReceptions()시작
2026-03-04 16:37:37.643 INFO  k.c.s.r.c.InpatientReceptionController - 입원 접수 목록 요청: searchType=patientName, searchValue=윤채원
2026-03-04 16:37:37.650 INFO  k.co.seoulit.common.aop.LoggerAspect - ServiceImpl  : kr.co.seoulit.reception.service.InpatientReceptionServiceImpl.getInpatientReceptionList()시작
2026-03-04 16:37:37.663 INFO  k.co.seoulit.common.aop.LoggerAspect - ServiceImpl  : kr.co.seoulit.reception.service.InpatientReceptionServiceImpl.getInpatientReceptionList()종료
2026-03-04 16:37:37.668 INFO  k.co.seoulit.common.aop.LoggerAspect - Controller  : kr.co.seoulit.reception.controller.InpatientReceptionController.getInpatientReceptions()종료
2026-03-04 16:37:38.129 INFO  k.co.seoulit.common.aop.LoggerAspect - Controller  : kr.co.seoulit.reception.controller.InpatientReceptionController.getInpatientReceptions()시작
2026-03-04 16:37:38.129 INFO  k.c.s.r.c.InpatientReceptionController - 입원 접수 목록 요청: searchType=patientName, searchValue=윤채원
2026-03-04 16:37:38.129 INFO  k.co.seoulit.common.aop.LoggerAspect - ServiceImpl  : kr.co.seoulit.reception.service.InpatientReceptionServiceImpl.getInpatientReceptionList()시작
2026-03-04 16:37:38.179 INFO  k.co.seoulit.common.aop.LoggerAspect - ServiceImpl  : kr.co.seoulit.reception.service.InpatientReceptionServiceImpl.getInpatientReceptionList()종료
2026-03-04 16:37:38.185 INFO  k.co.seoulit.common.aop.LoggerAspect - Controller  : kr.co.seoulit.reception.controller.InpatientReceptionController.getInpatientReceptions()종료
2026-03-04 16:37:38.337 INFO  k.co.seoulit.common.aop.LoggerAspect - Controller  : kr.co.seoulit.reception.controller.InpatientReceptionController.getInpatientReceptions()시작
2026-03-04 16:37:38.338 INFO  k.c.s.r.c.InpatientReceptionController - 입원 접수 목록 요청: searchType=patientName, searchValue=윤채원
2026-03-04 16:37:38.338 INFO  k.co.seoulit.common.aop.LoggerAspect - ServiceImpl  : kr.co.seoulit.reception.service.InpatientReceptionServiceImpl.getInpatientReceptionList()시작
2026-03-04 16:37:38.355 INFO  k.co.seoulit.common.aop.LoggerAspect - ServiceImpl  : kr.co.seoulit.reception.service.InpatientReceptionServiceImpl.getInpatientReceptionList()종료
2026-03-04 16:37:38.360 INFO  k.co.seoulit.common.aop.LoggerAspect - Controller  : kr.co.seoulit.reception.controller.InpatientReceptionController.getInpatientReceptions()종료
2026-03-04 16:40:50.270 INFO  k.co.seoulit.common.aop.LoggerAspect - Controller  : kr.co.seoulit.reception.controller.InpatientReceptionController.getInpatientReceptions()시작
2026-03-04 16:40:50.270 INFO  k.c.s.r.c.InpatientReceptionController - 입원 접수 목록 요청: searchType=patientName, searchValue=윤채원
2026-03-04 16:40:50.289 INFO  k.co.seoulit.common.aop.LoggerAspect - ServiceImpl  : kr.co.seoulit.reception.service.InpatientReceptionServiceImpl.getInpatientReceptionList()시작
2026-03-04 16:40:50.309 INFO  k.co.seoulit.common.aop.LoggerAspect - ServiceImpl  : kr.co.seoulit.reception.service.InpatientReceptionServiceImpl.getInpatientReceptionList()종료
2026-03-04 16:40:50.317 INFO  k.co.seoulit.common.aop.LoggerAspect - Controller  : kr.co.seoulit.reception.controller.InpatientReceptionController.getInpatientReceptions()종료
2026-03-04 16:40:51.284 INFO  k.co.seoulit.common.aop.LoggerAspect - Controller  : kr.co.seoulit.reception.controller.InpatientReceptionController.getInpatientReceptions()시작
2026-03-04 16:40:51.284 INFO  k.c.s.r.c.InpatientReceptionController - 입원 접수 목록 요청: searchType=patientName, searchValue=윤채원
2026-03-04 16:40:51.290 INFO  k.co.seoulit.common.aop.LoggerAspect - ServiceImpl  : kr.co.seoulit.reception.service.InpatientReceptionServiceImpl.getInpatientReceptionList()시작
2026-03-04 16:40:51.316 INFO  k.co.seoulit.common.aop.LoggerAspect - ServiceImpl  : kr.co.seoulit.reception.service.InpatientReceptionServiceImpl.getInpatientReceptionList()종료
2026-03-04 16:40:51.322 INFO  k.co.seoulit.common.aop.LoggerAspect - Controller  : kr.co.seoulit.reception.controller.InpatientReceptionController.getInpatientReceptions()종료
2026-03-04 16:40:52.656 INFO  k.co.seoulit.common.aop.LoggerAspect - Controller  : kr.co.seoulit.reception.controller.InpatientReceptionController.getInpatientReceptions()시작
2026-03-04 16:40:52.657 INFO  k.c.s.r.c.InpatientReceptionController - 입원 접수 목록 요청: searchType=null, searchValue=null
2026-03-04 16:40:52.667 INFO  k.co.seoulit.common.aop.LoggerAspect - ServiceImpl  : kr.co.seoulit.reception.service.InpatientReceptionServiceImpl.getInpatientReceptionList()시작
2026-03-04 16:40:52.695 INFO  k.co.seoulit.common.aop.LoggerAspect - ServiceImpl  : kr.co.seoulit.reception.service.InpatientReceptionServiceImpl.getInpatientReceptionList()종료
2026-03-04 16:40:52.710 INFO  k.co.seoulit.common.aop.LoggerAspect - Controller  : kr.co.seoulit.reception.controller.InpatientReceptionController.getInpatientReceptions()종료
2026-03-04 16:40:56.041 INFO  k.co.seoulit.common.aop.LoggerAspect - Controller  : kr.co.seoulit.reception.controller.InpatientReceptionController.getInpatientReceptions()시작
2026-03-04 16:40:56.041 INFO  k.c.s.r.c.InpatientReceptionController - 입원 접수 목록 요청: searchType=patientName, searchValue=윤채원
2026-03-04 16:40:56.047 INFO  k.co.seoulit.common.aop.LoggerAspect - ServiceImpl  : kr.co.seoulit.reception.service.InpatientReceptionServiceImpl.getInpatientReceptionList()시작
2026-03-04 16:40:56.064 INFO  k.co.seoulit.common.aop.LoggerAspect - ServiceImpl  : kr.co.seoulit.reception.service.InpatientReceptionServiceImpl.getInpatientReceptionList()종료
2026-03-04 16:40:56.068 INFO  k.co.seoulit.common.aop.LoggerAspect - Controller  : kr.co.seoulit.reception.controller.InpatientReceptionController.getInpatientReceptions()종료
2026-03-04 16:40:56.668 INFO  k.co.seoulit.common.aop.LoggerAspect - Controller  : kr.co.seoulit.reception.controller.InpatientReceptionController.getInpatientReceptions()시작
2026-03-04 16:40:56.668 INFO  k.c.s.r.c.InpatientReceptionController - 입원 접수 목록 요청: searchType=patientName, searchValue=윤채원
2026-03-04 16:40:56.674 INFO  k.co.seoulit.common.aop.LoggerAspect - ServiceImpl  : kr.co.seoulit.reception.service.InpatientReceptionServiceImpl.getInpatientReceptionList()시작
2026-03-04 16:40:56.689 INFO  k.co.seoulit.common.aop.LoggerAspect - ServiceImpl  : kr.co.seoulit.reception.service.InpatientReceptionServiceImpl.getInpatientReceptionList()종료
2026-03-04 16:40:56.697 INFO  k.co.seoulit.common.aop.LoggerAspect - Controller  : kr.co.seoulit.reception.controller.InpatientReceptionController.getInpatientReceptions()종료
2026-03-04 16:40:56.880 INFO  k.co.seoulit.common.aop.LoggerAspect - Controller  : kr.co.seoulit.reception.controller.InpatientReceptionController.getInpatientReceptions()시작
2026-03-04 16:40:56.881 INFO  k.c.s.r.c.InpatientReceptionController - 입원 접수 목록 요청: searchType=patientName, searchValue=윤채원
2026-03-04 16:40:56.881 INFO  k.co.seoulit.common.aop.LoggerAspect - ServiceImpl  : kr.co.seoulit.reception.service.InpatientReceptionServiceImpl.getInpatientReceptionList()시작
2026-03-04 16:40:56.898 INFO  k.co.seoulit.common.aop.LoggerAspect - ServiceImpl  : kr.co.seoulit.reception.service.InpatientReceptionServiceImpl.getInpatientReceptionList()종료
2026-03-04 16:40:56.904 INFO  k.co.seoulit.common.aop.LoggerAspect - Controller  : kr.co.seoulit.reception.controller.InpatientReceptionController.getInpatientReceptions()종료
2026-03-04 16:40:57.034 INFO  k.co.seoulit.common.aop.LoggerAspect - Controller  : kr.co.seoulit.reception.controller.InpatientReceptionController.getInpatientReceptions()시작
2026-03-04 16:40:57.034 INFO  k.c.s.r.c.InpatientReceptionController - 입원 접수 목록 요청: searchType=patientName, searchValue=윤채원
2026-03-04 16:40:57.034 INFO  k.co.seoulit.common.aop.LoggerAspect - ServiceImpl  : kr.co.seoulit.reception.service.InpatientReceptionServiceImpl.getInpatientReceptionList()시작
2026-03-04 16:40:57.047 INFO  k.co.seoulit.common.aop.LoggerAspect - ServiceImpl  : kr.co.seoulit.reception.service.InpatientReceptionServiceImpl.getInpatientReceptionList()종료
2026-03-04 16:40:57.061 INFO  k.co.seoulit.common.aop.LoggerAspect - Controller  : kr.co.seoulit.reception.controller.InpatientReceptionController.getInpatientReceptions()종료
2026-03-04 16:41:12.725 INFO  k.co.seoulit.common.aop.LoggerAspect - Controller  : kr.co.seoulit.reception.controller.InpatientReceptionController.getInpatientReceptions()시작
2026-03-04 16:41:12.725 INFO  k.c.s.r.c.InpatientReceptionController - 입원 접수 목록 요청: searchType=wardId, searchValue=5
2026-03-04 16:41:12.734 INFO  k.co.seoulit.common.aop.LoggerAspect - ServiceImpl  : kr.co.seoulit.reception.service.InpatientReceptionServiceImpl.getInpatientReceptionList()시작
2026-03-04 16:41:12.753 INFO  k.co.seoulit.common.aop.LoggerAspect - ServiceImpl  : kr.co.seoulit.reception.service.InpatientReceptionServiceImpl.getInpatientReceptionList()종료
2026-03-04 16:41:12.759 INFO  k.co.seoulit.common.aop.LoggerAspect - Controller  : kr.co.seoulit.reception.controller.InpatientReceptionController.getInpatientReceptions()종료
2026-03-04 16:41:13.746 INFO  k.co.seoulit.common.aop.LoggerAspect - Controller  : kr.co.seoulit.reception.controller.InpatientReceptionController.getInpatientReceptions()시작
2026-03-04 16:41:13.746 INFO  k.c.s.r.c.InpatientReceptionController - 입원 접수 목록 요청: searchType=null, searchValue=null
2026-03-04 16:41:13.756 INFO  k.co.seoulit.common.aop.LoggerAspect - ServiceImpl  : kr.co.seoulit.reception.service.InpatientReceptionServiceImpl.getInpatientReceptionList()시작
2026-03-04 16:41:13.796 INFO  k.co.seoulit.common.aop.LoggerAspect - ServiceImpl  : kr.co.seoulit.reception.service.InpatientReceptionServiceImpl.getInpatientReceptionList()종료
2026-03-04 16:41:13.803 INFO  k.co.seoulit.common.aop.LoggerAspect - Controller  : kr.co.seoulit.reception.controller.InpatientReceptionController.getInpatientReceptions()종료
2026-03-04 16:41:16.638 INFO  k.co.seoulit.common.aop.LoggerAspect - Controller  : kr.co.seoulit.reception.controller.InpatientReceptionController.getInpatientReceptions()시작
2026-03-04 16:41:16.638 INFO  k.c.s.r.c.InpatientReceptionController - 입원 접수 목록 요청: searchType=patientName, searchValue=윤채원
2026-03-04 16:41:16.644 INFO  k.co.seoulit.common.aop.LoggerAspect - ServiceImpl  : kr.co.seoulit.reception.service.InpatientReceptionServiceImpl.getInpatientReceptionList()시작
2026-03-04 16:41:16.655 INFO  k.co.seoulit.common.aop.LoggerAspect - ServiceImpl  : kr.co.seoulit.reception.service.InpatientReceptionServiceImpl.getInpatientReceptionList()종료
2026-03-04 16:41:16.660 INFO  k.co.seoulit.common.aop.LoggerAspect - Controller  : kr.co.seoulit.reception.controller.InpatientReceptionController.getInpatientReceptions()종료
2026-03-04 16:41:18.461 INFO  k.co.seoulit.common.aop.LoggerAspect - Controller  : kr.co.seoulit.reception.controller.InpatientReceptionController.getInpatientReceptions()시작
2026-03-04 16:41:18.461 INFO  k.c.s.r.c.InpatientReceptionController - 입원 접수 목록 요청: searchType=patientName, searchValue=신가은
2026-03-04 16:41:18.468 INFO  k.co.seoulit.common.aop.LoggerAspect - ServiceImpl  : kr.co.seoulit.reception.service.InpatientReceptionServiceImpl.getInpatientReceptionList()시작
2026-03-04 16:41:18.488 INFO  k.co.seoulit.common.aop.LoggerAspect - ServiceImpl  : kr.co.seoulit.reception.service.InpatientReceptionServiceImpl.getInpatientReceptionList()종료
2026-03-04 16:41:18.493 INFO  k.co.seoulit.common.aop.LoggerAspect - Controller  : kr.co.seoulit.reception.controller.InpatientReceptionController.getInpatientReceptions()종료
2026-03-04 16:41:18.971 INFO  k.co.seoulit.common.aop.LoggerAspect - Controller  : kr.co.seoulit.reception.controller.InpatientReceptionController.getInpatientReceptions()시작
2026-03-04 16:41:18.971 INFO  k.c.s.r.c.InpatientReceptionController - 입원 접수 목록 요청: searchType=patientName, searchValue=신가은
2026-03-04 16:41:18.971 INFO  k.co.seoulit.common.aop.LoggerAspect - ServiceImpl  : kr.co.seoulit.reception.service.InpatientReceptionServiceImpl.getInpatientReceptionList()시작
2026-03-04 16:41:18.999 INFO  k.co.seoulit.common.aop.LoggerAspect - ServiceImpl  : kr.co.seoulit.reception.service.InpatientReceptionServiceImpl.getInpatientReceptionList()종료
2026-03-04 16:41:19.005 INFO  k.co.seoulit.common.aop.LoggerAspect - Controller  : kr.co.seoulit.reception.controller.InpatientReceptionController.getInpatientReceptions()종료
2026-03-04 17:02:04.575 INFO  o.h.validator.internal.util.Version - HV000001: Hibernate Validator 8.0.1.Final
2026-03-04 17:02:04.628 INFO  kr.co.seoulit.ReceptionApplication - Starting ReceptionApplication using Java 17.0.12 with PID 6224 (D:\서울IT교육센터\dev\teamwork\project\backend\hospital_reception_backend\reception_back\build\classes\java\main started by USER in D:\서울IT교육센터\dev\teamwork\project\backend\hospital_reception_backend\reception_back)
2026-03-04 17:02:04.629 INFO  kr.co.seoulit.ReceptionApplication - No active profile set, falling back to 1 default profile: "default"
2026-03-04 17:02:06.910 INFO  o.s.d.r.c.RepositoryConfigurationDelegate - Multiple Spring Data modules found, entering strict repository configuration mode
2026-03-04 17:02:06.912 INFO  o.s.d.r.c.RepositoryConfigurationDelegate - Bootstrapping Spring Data JPA repositories in DEFAULT mode.
2026-03-04 17:02:07.171 INFO  o.s.d.r.c.RepositoryConfigurationDelegate - Finished Spring Data repository scanning in 249 ms. Found 9 JPA repository interfaces.
2026-03-04 17:02:07.245 INFO  o.s.d.r.c.RepositoryConfigurationDelegate - Multiple Spring Data modules found, entering strict repository configuration mode
2026-03-04 17:02:07.247 INFO  o.s.d.r.c.RepositoryConfigurationDelegate - Bootstrapping Spring Data Redis repositories in DEFAULT mode.
2026-03-04 17:02:07.266 INFO  o.s.d.r.c.RepositoryConfigurationExtensionSupport - Spring Data Redis - Could not safely identify store assignment for repository candidate interface kr.co.seoulit.common.audit.AuditLogRepository; If you want this repository to be a Redis repository, consider annotating your entities with one of these annotations: org.springframework.data.redis.core.RedisHash (preferred), or consider extending one of the following types with your repository: org.springframework.data.keyvalue.repository.KeyValueRepository
2026-03-04 17:02:07.266 INFO  o.s.d.r.c.RepositoryConfigurationExtensionSupport - Spring Data Redis - Could not safely identify store assignment for repository candidate interface kr.co.seoulit.reception.repository.DepartmentRepository; If you want this repository to be a Redis repository, consider annotating your entities with one of these annotations: org.springframework.data.redis.core.RedisHash (preferred), or consider extending one of the following types with your repository: org.springframework.data.keyvalue.repository.KeyValueRepository
2026-03-04 17:02:07.267 INFO  o.s.d.r.c.RepositoryConfigurationExtensionSupport - Spring Data Redis - Could not safely identify store assignment for repository candidate interface kr.co.seoulit.reception.repository.DoctorRepository; If you want this repository to be a Redis repository, consider annotating your entities with one of these annotations: org.springframework.data.redis.core.RedisHash (preferred), or consider extending one of the following types with your repository: org.springframework.data.keyvalue.repository.KeyValueRepository
2026-03-04 17:02:07.267 INFO  o.s.d.r.c.RepositoryConfigurationExtensionSupport - Spring Data Redis - Could not safely identify store assignment for repository candidate interface kr.co.seoulit.reception.repository.PatientRepository; If you want this repository to be a Redis repository, consider annotating your entities with one of these annotations: org.springframework.data.redis.core.RedisHash (preferred), or consider extending one of the following types with your repository: org.springframework.data.keyvalue.repository.KeyValueRepository
2026-03-04 17:02:07.267 INFO  o.s.d.r.c.RepositoryConfigurationExtensionSupport - Spring Data Redis - Could not safely identify store assignment for repository candidate interface kr.co.seoulit.reception.repository.ReceptionEmergencyRepository; If you want this repository to be a Redis repository, consider annotating your entities with one of these annotations: org.springframework.data.redis.core.RedisHash (preferred), or consider extending one of the following types with your repository: org.springframework.data.keyvalue.repository.KeyValueRepository
2026-03-04 17:02:07.268 INFO  o.s.d.r.c.RepositoryConfigurationExtensionSupport - Spring Data Redis - Could not safely identify store assignment for repository candidate interface kr.co.seoulit.reception.repository.ReceptionInpatientRepository; If you want this repository to be a Redis repository, consider annotating your entities with one of these annotations: org.springframework.data.redis.core.RedisHash (preferred), or consider extending one of the following types with your repository: org.springframework.data.keyvalue.repository.KeyValueRepository
2026-03-04 17:02:07.268 INFO  o.s.d.r.c.RepositoryConfigurationExtensionSupport - Spring Data Redis - Could not safely identify store assignment for repository candidate interface kr.co.seoulit.reception.repository.ReceptionRepository; If you want this repository to be a Redis repository, consider annotating your entities with one of these annotations: org.springframework.data.redis.core.RedisHash (preferred), or consider extending one of the following types with your repository: org.springframework.data.keyvalue.repository.KeyValueRepository
2026-03-04 17:02:07.268 INFO  o.s.d.r.c.RepositoryConfigurationExtensionSupport - Spring Data Redis - Could not safely identify store assignment for repository candidate interface kr.co.seoulit.reception.repository.ReceptionStatusHistoryRepository; If you want this repository to be a Redis repository, consider annotating your entities with one of these annotations: org.springframework.data.redis.core.RedisHash (preferred), or consider extending one of the following types with your repository: org.springframework.data.keyvalue.repository.KeyValueRepository
2026-03-04 17:02:07.268 INFO  o.s.d.r.c.RepositoryConfigurationExtensionSupport - Spring Data Redis - Could not safely identify store assignment for repository candidate interface kr.co.seoulit.reception.repository.ReservationRepository; If you want this repository to be a Redis repository, consider annotating your entities with one of these annotations: org.springframework.data.redis.core.RedisHash (preferred), or consider extending one of the following types with your repository: org.springframework.data.keyvalue.repository.KeyValueRepository
2026-03-04 17:02:07.269 INFO  o.s.d.r.c.RepositoryConfigurationDelegate - Finished Spring Data repository scanning in 11 ms. Found 0 Redis repository interfaces.
2026-03-04 17:02:08.406 INFO  o.s.b.w.e.tomcat.TomcatWebServer - Tomcat initialized with port 8283 (http)
2026-03-04 17:02:08.423 INFO  o.a.coyote.http11.Http11NioProtocol - Initializing ProtocolHandler ["http-nio-8283"]
2026-03-04 17:02:08.426 INFO  o.a.catalina.core.StandardService - Starting service [Tomcat]
2026-03-04 17:02:08.426 INFO  o.a.catalina.core.StandardEngine - Starting Servlet engine: [Apache Tomcat/10.1.26]
2026-03-04 17:02:08.539 INFO  o.a.c.c.C.[Tomcat].[localhost].[/] - Initializing Spring embedded WebApplicationContext
2026-03-04 17:02:08.540 INFO  o.s.b.w.s.c.ServletWebServerApplicationContext - Root WebApplicationContext: initialization completed in 3828 ms
2026-03-04 17:02:08.983 INFO  o.h.jpa.internal.util.LogHelper - HHH000204: Processing PersistenceUnitInfo [name: default]
2026-03-04 17:02:09.288 INFO  org.hibernate.Version - HHH000412: Hibernate ORM core version 6.5.2.Final
2026-03-04 17:02:09.462 INFO  o.h.c.i.RegionFactoryInitiator - HHH000026: Second-level cache disabled
2026-03-04 17:02:10.293 INFO  o.s.o.j.p.SpringPersistenceUnitInfo - No LoadTimeWeaver setup: ignoring JPA class transformer
2026-03-04 17:02:10.396 INFO  com.zaxxer.hikari.HikariDataSource - HikariPool-1 - Starting...
2026-03-04 17:02:11.140 INFO  com.zaxxer.hikari.pool.HikariPool - HikariPool-1 - Added connection oracle.jdbc.driver.T4CConnection@774304ca
2026-03-04 17:02:11.143 INFO  com.zaxxer.hikari.HikariDataSource - HikariPool-1 - Start completed.
2026-03-04 17:02:11.261 WARN  org.hibernate.orm.deprecation - HHH90000026: Oracle10gDialect has been deprecated; use org.hibernate.community.dialect.OracleLegacyDialect instead
2026-03-04 17:02:13.536 INFO  o.h.e.t.j.p.i.JtaPlatformInitiator - HHH000489: No JTA platform available (set 'hibernate.transaction.jta.platform' to enable JTA platform integration)
2026-03-04 17:02:13.540 INFO  o.s.o.j.LocalContainerEntityManagerFactoryBean - Initialized JPA EntityManagerFactory for persistence unit 'default'
2026-03-04 17:02:15.699 WARN  o.s.b.a.o.j.JpaBaseConfiguration$JpaWebConfiguration - spring.jpa.open-in-view is enabled by default. Therefore, database queries may be performed during view rendering. Explicitly configure spring.jpa.open-in-view to disable this warning
2026-03-04 17:02:15.738 INFO  o.s.b.a.w.s.WelcomePageHandlerMapping - Adding welcome page: class path resource [static/index.html]
2026-03-04 17:02:17.036 INFO  o.a.coyote.http11.Http11NioProtocol - Starting ProtocolHandler ["http-nio-8283"]
2026-03-04 17:02:17.069 INFO  o.s.b.w.e.tomcat.TomcatWebServer - Tomcat started on port 8283 (http) with context path '/'
2026-03-04 17:02:17.083 INFO  kr.co.seoulit.ReceptionApplication - Started ReceptionApplication in 13.198 seconds (process running for 18.292)
2026-03-04 17:06:48.779 INFO  o.a.c.c.C.[Tomcat].[localhost].[/] - Initializing Spring DispatcherServlet 'dispatcherServlet'
2026-03-04 17:06:48.780 INFO  o.s.web.servlet.DispatcherServlet - Initializing Servlet 'dispatcherServlet'
2026-03-04 17:06:48.785 INFO  o.s.web.servlet.DispatcherServlet - Completed initialization in 4 ms
2026-03-04 17:06:49.091 INFO  k.co.seoulit.common.aop.LoggerAspect - Controller  : kr.co.seoulit.reception.controller.EmergencyReceptionController.getEmergencyReceptions()시작
2026-03-04 17:06:49.094 INFO  k.c.s.r.c.EmergencyReceptionController - 응급 접수 목록 요청: searchType=null, searchValue=null
2026-03-04 17:06:49.106 INFO  k.co.seoulit.common.aop.LoggerAspect - ServiceImpl  : kr.co.seoulit.reception.service.EmergencyReceptionServiceImpl.getEmergencyReceptionList()시작
2026-03-04 17:06:49.361 INFO  k.co.seoulit.common.aop.LoggerAspect - ServiceImpl  : kr.co.seoulit.reception.service.EmergencyReceptionServiceImpl.getEmergencyReceptionList()종료
2026-03-04 17:06:49.370 INFO  k.co.seoulit.common.aop.LoggerAspect - Controller  : kr.co.seoulit.reception.controller.EmergencyReceptionController.getEmergencyReceptions()종료
2026-03-04 17:06:49.512 INFO  k.co.seoulit.common.aop.LoggerAspect - Controller  : kr.co.seoulit.reception.controller.EmergencyReceptionController.getEmergencyReceptions()시작
2026-03-04 17:06:49.512 INFO  k.c.s.r.c.EmergencyReceptionController - 응급 접수 목록 요청: searchType=null, searchValue=null
2026-03-04 17:06:49.513 INFO  k.co.seoulit.common.aop.LoggerAspect - ServiceImpl  : kr.co.seoulit.reception.service.EmergencyReceptionServiceImpl.getEmergencyReceptionList()시작
2026-03-04 17:06:49.542 INFO  k.co.seoulit.common.aop.LoggerAspect - ServiceImpl  : kr.co.seoulit.reception.service.EmergencyReceptionServiceImpl.getEmergencyReceptionList()종료
2026-03-04 17:06:49.547 INFO  k.co.seoulit.common.aop.LoggerAspect - Controller  : kr.co.seoulit.reception.controller.EmergencyReceptionController.getEmergencyReceptions()종료
2026-03-04 17:06:49.553 INFO  k.co.seoulit.common.aop.LoggerAspect - Controller  : kr.co.seoulit.reception.controller.EmergencyReceptionController.getEmergencyReceptions()시작
2026-03-04 17:06:49.553 INFO  k.c.s.r.c.EmergencyReceptionController - 응급 접수 목록 요청: searchType=null, searchValue=null
2026-03-04 17:06:49.554 INFO  k.co.seoulit.common.aop.LoggerAspect - ServiceImpl  : kr.co.seoulit.reception.service.EmergencyReceptionServiceImpl.getEmergencyReceptionList()시작
2026-03-04 17:06:49.593 INFO  k.co.seoulit.common.aop.LoggerAspect - ServiceImpl  : kr.co.seoulit.reception.service.EmergencyReceptionServiceImpl.getEmergencyReceptionList()종료
2026-03-04 17:06:49.599 INFO  k.co.seoulit.common.aop.LoggerAspect - Controller  : kr.co.seoulit.reception.controller.EmergencyReceptionController.getEmergencyReceptions()종료
2026-03-04 17:06:53.077 INFO  k.co.seoulit.common.aop.LoggerAspect - Controller  : kr.co.seoulit.reception.controller.InpatientReceptionController.getInpatientReceptions()시작
2026-03-04 17:06:53.091 INFO  k.c.s.r.c.InpatientReceptionController - 입원 접수 목록 요청: searchType=null, searchValue=null
2026-03-04 17:06:53.155 INFO  k.co.seoulit.common.aop.LoggerAspect - ServiceImpl  : kr.co.seoulit.reception.service.InpatientReceptionServiceImpl.getInpatientReceptionList()시작
2026-03-04 17:06:53.199 INFO  k.co.seoulit.common.aop.LoggerAspect - ServiceImpl  : kr.co.seoulit.reception.service.InpatientReceptionServiceImpl.getInpatientReceptionList()종료
2026-03-04 17:06:53.209 INFO  k.co.seoulit.common.aop.LoggerAspect - Controller  : kr.co.seoulit.reception.controller.InpatientReceptionController.getInpatientReceptions()종료
2026-03-04 17:06:53.229 INFO  k.co.seoulit.common.aop.LoggerAspect - Controller  : kr.co.seoulit.reception.controller.InpatientReceptionController.getInpatientReceptions()시작
2026-03-04 17:06:53.229 INFO  k.c.s.r.c.InpatientReceptionController - 입원 접수 목록 요청: searchType=null, searchValue=null
2026-03-04 17:06:53.235 INFO  k.co.seoulit.common.aop.LoggerAspect - ServiceImpl  : kr.co.seoulit.reception.service.InpatientReceptionServiceImpl.getInpatientReceptionList()시작
2026-03-04 17:06:53.274 INFO  k.co.seoulit.common.aop.LoggerAspect - ServiceImpl  : kr.co.seoulit.reception.service.InpatientReceptionServiceImpl.getInpatientReceptionList()종료
2026-03-04 17:06:53.282 INFO  k.co.seoulit.common.aop.LoggerAspect - Controller  : kr.co.seoulit.reception.controller.InpatientReceptionController.getInpatientReceptions()종료
2026-03-04 17:06:58.674 INFO  k.co.seoulit.common.aop.LoggerAspect - Controller  : kr.co.seoulit.reception.controller.InpatientReceptionController.getInpatientReceptions()시작
2026-03-04 17:06:58.674 INFO  k.c.s.r.c.InpatientReceptionController - 입원 접수 목록 요청: searchType=patientName, searchValue=윤채원
2026-03-04 17:06:58.686 INFO  k.co.seoulit.common.aop.LoggerAspect - ServiceImpl  : kr.co.seoulit.reception.service.InpatientReceptionServiceImpl.getInpatientReceptionList()시작
2026-03-04 17:06:59.004 ERROR k.c.s.c.h.GlobalExceptionHandler - Unhandled server error
org.springframework.dao.DataIntegrityViolationException: 
### Error querying database.  Cause: java.sql.SQLSyntaxErrorException: ORA-01722: invalid number

### The error may exist in file [D:\서울IT교육센터\dev\teamwork\project\backend\hospital_reception_backend\reception_back\build\resources\main\mapper\InpatientReceptionMyBatisMapper.xml]
### The error may involve defaultParameterMap
### The error occurred while setting parameters
### SQL: SELECT         r.reception_id,         r.reception_no,         r.patient_id,         r.visit_type,         r.department_id,         r.doctor_id,         r.reservation_id,         r.scheduled_at,         r.arrived_at,         r.status,         r.note,         r.is_active,         r.created_at,         r.updated_at,         i.admission_plan_at,         i.ward_id,         i.room_id         FROM reception r         JOIN reception_inpatient i ON r.reception_id = i.reception_id          WHERE r.visit_type = 'INPATIENT'                                                       AND r.patient_id = ?          ORDER BY i.admission_plan_at ASC
### Cause: java.sql.SQLSyntaxErrorException: ORA-01722: invalid number

; ORA-01722: invalid number

	at org.springframework.jdbc.support.SQLErrorCodeSQLExceptionTranslator.doTranslate(SQLErrorCodeSQLExceptionTranslator.java:258)
	at org.springframework.jdbc.support.AbstractFallbackSQLExceptionTranslator.translate(AbstractFallbackSQLExceptionTranslator.java:107)
	at org.mybatis.spring.MyBatisExceptionTranslator.translateExceptionIfPossible(MyBatisExceptionTranslator.java:93)
	at org.mybatis.spring.SqlSessionTemplate$SqlSessionInterceptor.invoke(SqlSessionTemplate.java:347)
	at jdk.proxy2/jdk.proxy2.$Proxy155.selectList(Unknown Source)
	at org.mybatis.spring.SqlSessionTemplate.selectList(SqlSessionTemplate.java:194)
	at org.apache.ibatis.binding.MapperMethod.executeForMany(MapperMethod.java:147)
	at org.apache.ibatis.binding.MapperMethod.execute(MapperMethod.java:80)
	at org.apache.ibatis.binding.MapperProxy$PlainMethodInvoker.invoke(MapperProxy.java:141)
	at org.apache.ibatis.binding.MapperProxy.invoke(MapperProxy.java:86)
	at jdk.proxy2/jdk.proxy2.$Proxy159.selectInpatientReceptions(Unknown Source)
	at kr.co.seoulit.reception.service.InpatientReceptionServiceImpl.getInpatientReceptionList(InpatientReceptionServiceImpl.java:45)
	at java.base/jdk.internal.reflect.NativeMethodAccessorImpl.invoke0(Native Method)
	at java.base/jdk.internal.reflect.NativeMethodAccessorImpl.invoke(NativeMethodAccessorImpl.java:77)
	at java.base/jdk.internal.reflect.DelegatingMethodAccessorImpl.invoke(DelegatingMethodAccessorImpl.java:43)
	at java.base/java.lang.reflect.Method.invoke(Method.java:568)
	at org.springframework.aop.support.AopUtils.invokeJoinpointUsingReflection(AopUtils.java:354)
	at org.springframework.aop.framework.ReflectiveMethodInvocation.invokeJoinpoint(ReflectiveMethodInvocation.java:196)
	at org.springframework.aop.framework.ReflectiveMethodInvocation.proceed(ReflectiveMethodInvocation.java:163)
	at org.springframework.aop.framework.CglibAopProxy$CglibMethodInvocation.proceed(CglibAopProxy.java:768)
	at org.springframework.aop.aspectj.MethodInvocationProceedingJoinPoint.proceed(MethodInvocationProceedingJoinPoint.java:89)
	at kr.co.seoulit.common.aop.LoggerAspect.logPrint(LoggerAspect.java:31)
	at java.base/jdk.internal.reflect.NativeMethodAccessorImpl.invoke0(Native Method)
	at java.base/jdk.internal.reflect.NativeMethodAccessorImpl.invoke(NativeMethodAccessorImpl.java:77)
	at java.base/jdk.internal.reflect.DelegatingMethodAccessorImpl.invoke(DelegatingMethodAccessorImpl.java:43)
	at java.base/java.lang.reflect.Method.invoke(Method.java:568)
	at org.springframework.aop.aspectj.AbstractAspectJAdvice.invokeAdviceMethodWithGivenArgs(AbstractAspectJAdvice.java:637)
	at org.springframework.aop.aspectj.AbstractAspectJAdvice.invokeAdviceMethod(AbstractAspectJAdvice.java:627)
	at org.springframework.aop.aspectj.AspectJAroundAdvice.invoke(AspectJAroundAdvice.java:71)
	at org.springframework.aop.framework.ReflectiveMethodInvocation.proceed(ReflectiveMethodInvocation.java:184)
	at org.springframework.aop.framework.CglibAopProxy$CglibMethodInvocation.proceed(CglibAopProxy.java:768)
	at org.springframework.transaction.interceptor.TransactionAspectSupport.invokeWithinTransaction(TransactionAspectSupport.java:379)
	at org.springframework.transaction.interceptor.TransactionInterceptor.invoke(TransactionInterceptor.java:119)
	at org.springframework.aop.framework.ReflectiveMethodInvocation.proceed(ReflectiveMethodInvocation.java:184)
	at org.springframework.aop.framework.CglibAopProxy$CglibMethodInvocation.proceed(CglibAopProxy.java:768)
	at org.springframework.aop.interceptor.ExposeInvocationInterceptor.invoke(ExposeInvocationInterceptor.java:97)
	at org.springframework.aop.framework.ReflectiveMethodInvocation.proceed(ReflectiveMethodInvocation.java:184)
	at org.springframework.aop.framework.CglibAopProxy$CglibMethodInvocation.proceed(CglibAopProxy.java:768)
	at org.springframework.aop.framework.CglibAopProxy$DynamicAdvisedInterceptor.intercept(CglibAopProxy.java:720)
	at kr.co.seoulit.reception.service.InpatientReceptionServiceImpl$$SpringCGLIB$$0.getInpatientReceptionList(<generated>)
	at kr.co.seoulit.reception.controller.InpatientReceptionController.getInpatientReceptions(InpatientReceptionController.java:44)
	at java.base/jdk.internal.reflect.NativeMethodAccessorImpl.invoke0(Native Method)
	at java.base/jdk.internal.reflect.NativeMethodAccessorImpl.invoke(NativeMethodAccessorImpl.java:77)
	at java.base/jdk.internal.reflect.DelegatingMethodAccessorImpl.invoke(DelegatingMethodAccessorImpl.java:43)
	at java.base/java.lang.reflect.Method.invoke(Method.java:568)
	at org.springframework.aop.support.AopUtils.invokeJoinpointUsingReflection(AopUtils.java:354)
	at org.springframework.aop.framework.ReflectiveMethodInvocation.invokeJoinpoint(ReflectiveMethodInvocation.java:196)
	at org.springframework.aop.framework.ReflectiveMethodInvocation.proceed(ReflectiveMethodInvocation.java:163)
	at org.springframework.aop.framework.CglibAopProxy$CglibMethodInvocation.proceed(CglibAopProxy.java:768)
	at org.springframework.aop.aspectj.MethodInvocationProceedingJoinPoint.proceed(MethodInvocationProceedingJoinPoint.java:89)
	at kr.co.seoulit.common.aop.LoggerAspect.logPrint(LoggerAspect.java:31)
	at java.base/jdk.internal.reflect.NativeMethodAccessorImpl.invoke0(Native Method)
	at java.base/jdk.internal.reflect.NativeMethodAccessorImpl.invoke(NativeMethodAccessorImpl.java:77)
	at java.base/jdk.internal.reflect.DelegatingMethodAccessorImpl.invoke(DelegatingMethodAccessorImpl.java:43)
	at java.base/java.lang.reflect.Method.invoke(Method.java:568)
	at org.springframework.aop.aspectj.AbstractAspectJAdvice.invokeAdviceMethodWithGivenArgs(AbstractAspectJAdvice.java:637)
	at org.springframework.aop.aspectj.AbstractAspectJAdvice.invokeAdviceMethod(AbstractAspectJAdvice.java:627)
	at org.springframework.aop.aspectj.AspectJAroundAdvice.invoke(AspectJAroundAdvice.java:71)
	at org.springframework.aop.framework.ReflectiveMethodInvocation.proceed(ReflectiveMethodInvocation.java:184)
	at org.springframework.aop.framework.CglibAopProxy$CglibMethodInvocation.proceed(CglibAopProxy.java:768)
	at org.springframework.aop.interceptor.ExposeInvocationInterceptor.invoke(ExposeInvocationInterceptor.java:97)
	at org.springframework.aop.framework.ReflectiveMethodInvocation.proceed(ReflectiveMethodInvocation.java:184)
	at org.springframework.aop.framework.CglibAopProxy$CglibMethodInvocation.proceed(CglibAopProxy.java:768)
	at org.springframework.aop.framework.CglibAopProxy$DynamicAdvisedInterceptor.intercept(CglibAopProxy.java:720)
	at kr.co.seoulit.reception.controller.InpatientReceptionController$$SpringCGLIB$$0.getInpatientReceptions(<generated>)
	at java.base/jdk.internal.reflect.NativeMethodAccessorImpl.invoke0(Native Method)
	at java.base/jdk.internal.reflect.NativeMethodAccessorImpl.invoke(NativeMethodAccessorImpl.java:77)
	at java.base/jdk.internal.reflect.DelegatingMethodAccessorImpl.invoke(DelegatingMethodAccessorImpl.java:43)
	at java.base/java.lang.reflect.Method.invoke(Method.java:568)
	at org.springframework.web.method.support.InvocableHandlerMethod.doInvoke(InvocableHandlerMethod.java:255)
	at org.springframework.web.method.support.InvocableHandlerMethod.invokeForRequest(InvocableHandlerMethod.java:188)
	at org.springframework.web.servlet.mvc.method.annotation.ServletInvocableHandlerMethod.invokeAndHandle(ServletInvocableHandlerMethod.java:118)
	at org.springframework.web.servlet.mvc.method.annotation.RequestMappingHandlerAdapter.invokeHandlerMethod(RequestMappingHandlerAdapter.java:926)
	at org.springframework.web.servlet.mvc.method.annotation.RequestMappingHandlerAdapter.handleInternal(RequestMappingHandlerAdapter.java:831)
	at org.springframework.web.servlet.mvc.method.AbstractHandlerMethodAdapter.handle(AbstractHandlerMethodAdapter.java:87)
	at org.springframework.web.servlet.DispatcherServlet.doDispatch(DispatcherServlet.java:1089)
	at org.springframework.web.servlet.DispatcherServlet.doService(DispatcherServlet.java:979)
	at org.springframework.web.servlet.FrameworkServlet.processRequest(FrameworkServlet.java:1014)
	at org.springframework.web.servlet.FrameworkServlet.doGet(FrameworkServlet.java:903)
	at jakarta.servlet.http.HttpServlet.service(HttpServlet.java:564)
	at org.springframework.web.servlet.FrameworkServlet.service(FrameworkServlet.java:885)
	at jakarta.servlet.http.HttpServlet.service(HttpServlet.java:658)
	at org.apache.catalina.core.ApplicationFilterChain.internalDoFilter(ApplicationFilterChain.java:195)
	at org.apache.catalina.core.ApplicationFilterChain.doFilter(ApplicationFilterChain.java:140)
	at org.apache.tomcat.websocket.server.WsFilter.doFilter(WsFilter.java:51)
	at org.apache.catalina.core.ApplicationFilterChain.internalDoFilter(ApplicationFilterChain.java:164)
	at org.apache.catalina.core.ApplicationFilterChain.doFilter(ApplicationFilterChain.java:140)
	at org.springframework.web.filter.CorsFilter.doFilterInternal(CorsFilter.java:91)
	at org.springframework.web.filter.OncePerRequestFilter.doFilter(OncePerRequestFilter.java:116)
	at org.apache.catalina.core.ApplicationFilterChain.internalDoFilter(ApplicationFilterChain.java:164)
	at org.apache.catalina.core.ApplicationFilterChain.doFilter(ApplicationFilterChain.java:140)
	at org.springframework.web.filter.RequestContextFilter.doFilterInternal(RequestContextFilter.java:100)
	at org.springframework.web.filter.OncePerRequestFilter.doFilter(OncePerRequestFilter.java:116)
	at org.apache.catalina.core.ApplicationFilterChain.internalDoFilter(ApplicationFilterChain.java:164)
	at org.apache.catalina.core.ApplicationFilterChain.doFilter(ApplicationFilterChain.java:140)
	at org.springframework.web.filter.FormContentFilter.doFilterInternal(FormContentFilter.java:93)
	at org.springframework.web.filter.OncePerRequestFilter.doFilter(OncePerRequestFilter.java:116)
	at org.apache.catalina.core.ApplicationFilterChain.internalDoFilter(ApplicationFilterChain.java:164)
	at org.apache.catalina.core.ApplicationFilterChain.doFilter(ApplicationFilterChain.java:140)
	at org.springframework.web.filter.CharacterEncodingFilter.doFilterInternal(CharacterEncodingFilter.java:201)
	at org.springframework.web.filter.OncePerRequestFilter.doFilter(OncePerRequestFilter.java:116)
	at org.apache.catalina.core.ApplicationFilterChain.internalDoFilter(ApplicationFilterChain.java:164)
	at org.apache.catalina.core.ApplicationFilterChain.doFilter(ApplicationFilterChain.java:140)
	at org.apache.catalina.core.StandardWrapperValve.invoke(StandardWrapperValve.java:167)
	at org.apache.catalina.core.StandardContextValve.invoke(StandardContextValve.java:90)
	at org.apache.catalina.authenticator.AuthenticatorBase.invoke(AuthenticatorBase.java:483)
	at org.apache.catalina.core.StandardHostValve.invoke(StandardHostValve.java:115)
	at org.apache.catalina.valves.ErrorReportValve.invoke(ErrorReportValve.java:93)
	at org.apache.catalina.core.StandardEngineValve.invoke(StandardEngineValve.java:74)
	at org.apache.catalina.connector.CoyoteAdapter.service(CoyoteAdapter.java:344)
	at org.apache.coyote.http11.Http11Processor.service(Http11Processor.java:389)
	at org.apache.coyote.AbstractProcessorLight.process(AbstractProcessorLight.java:63)
	at org.apache.coyote.AbstractProtocol$ConnectionHandler.process(AbstractProtocol.java:904)
	at org.apache.tomcat.util.net.NioEndpoint$SocketProcessor.doRun(NioEndpoint.java:1741)
	at org.apache.tomcat.util.net.SocketProcessorBase.run(SocketProcessorBase.java:52)
	at org.apache.tomcat.util.threads.ThreadPoolExecutor.runWorker(ThreadPoolExecutor.java:1190)
	at org.apache.tomcat.util.threads.ThreadPoolExecutor$Worker.run(ThreadPoolExecutor.java:659)
	at org.apache.tomcat.util.threads.TaskThread$WrappingRunnable.run(TaskThread.java:63)
	at java.base/java.lang.Thread.run(Thread.java:842)
Caused by: java.sql.SQLSyntaxErrorException: ORA-01722: invalid number

	at oracle.jdbc.driver.T4CTTIoer11.processError(T4CTTIoer11.java:630)
	at oracle.jdbc.driver.T4CTTIoer11.processError(T4CTTIoer11.java:564)
	at oracle.jdbc.driver.T4C8Oall.processError(T4C8Oall.java:1231)
	at oracle.jdbc.driver.T4CTTIfun.receive(T4CTTIfun.java:772)
	at oracle.jdbc.driver.T4CTTIfun.doRPC(T4CTTIfun.java:299)
	at oracle.jdbc.driver.T4C8Oall.doOALL(T4C8Oall.java:512)
	at oracle.jdbc.driver.T4CPreparedStatement.doOall8(T4CPreparedStatement.java:163)
	at oracle.jdbc.driver.T4CPreparedStatement.executeForDescribe(T4CPreparedStatement.java:1010)
	at oracle.jdbc.driver.OracleStatement.prepareDefineBufferAndExecute(OracleStatement.java:1271)
	at oracle.jdbc.driver.OracleStatement.executeMaybeDescribe(OracleStatement.java:1149)
	at oracle.jdbc.driver.OracleStatement.executeSQLSelect(OracleStatement.java:1661)
	at oracle.jdbc.driver.OracleStatement.doExecuteWithTimeout(OracleStatement.java:1470)
	at oracle.jdbc.driver.OraclePreparedStatement.executeInternal(OraclePreparedStatement.java:3761)
	at oracle.jdbc.driver.OraclePreparedStatement.execute(OraclePreparedStatement.java:4136)
	at oracle.jdbc.driver.OraclePreparedStatementWrapper.execute(OraclePreparedStatementWrapper.java:1014)
	at com.zaxxer.hikari.pool.ProxyPreparedStatement.execute(ProxyPreparedStatement.java:44)
	at com.zaxxer.hikari.pool.HikariProxyPreparedStatement.execute(HikariProxyPreparedStatement.java)
	at org.apache.ibatis.executor.statement.PreparedStatementHandler.query(PreparedStatementHandler.java:65)
	at org.apache.ibatis.executor.statement.RoutingStatementHandler.query(RoutingStatementHandler.java:80)
	at org.apache.ibatis.executor.SimpleExecutor.doQuery(SimpleExecutor.java:65)
	at org.apache.ibatis.executor.BaseExecutor.queryFromDatabase(BaseExecutor.java:336)
	at org.apache.ibatis.executor.BaseExecutor.query(BaseExecutor.java:158)
	at org.apache.ibatis.executor.CachingExecutor.query(CachingExecutor.java:110)
	at org.apache.ibatis.executor.CachingExecutor.query(CachingExecutor.java:90)
	at org.apache.ibatis.session.defaults.DefaultSqlSession.selectList(DefaultSqlSession.java:154)
	at org.apache.ibatis.session.defaults.DefaultSqlSession.selectList(DefaultSqlSession.java:147)
	at org.apache.ibatis.session.defaults.DefaultSqlSession.selectList(DefaultSqlSession.java:142)
	at java.base/jdk.internal.reflect.NativeMethodAccessorImpl.invoke0(Native Method)
	at java.base/jdk.internal.reflect.NativeMethodAccessorImpl.invoke(NativeMethodAccessorImpl.java:77)
	at java.base/jdk.internal.reflect.DelegatingMethodAccessorImpl.invoke(DelegatingMethodAccessorImpl.java:43)
	at java.base/java.lang.reflect.Method.invoke(Method.java:568)
	at org.mybatis.spring.SqlSessionTemplate$SqlSessionInterceptor.invoke(SqlSessionTemplate.java:333)
	... 115 common frames omitted
Caused by: oracle.jdbc.OracleDatabaseException: ORA-01722: invalid number

	at oracle.jdbc.driver.T4CTTIoer11.processError(T4CTTIoer11.java:637)
	... 146 common frames omitted
2026-03-04 17:07:05.495 INFO  k.co.seoulit.common.aop.LoggerAspect - Controller  : kr.co.seoulit.reception.controller.InpatientReceptionController.getInpatientReceptions()시작
2026-03-04 17:07:05.496 INFO  k.c.s.r.c.InpatientReceptionController - 입원 접수 목록 요청: searchType=patientName, searchValue=신가은
2026-03-04 17:07:05.505 INFO  k.co.seoulit.common.aop.LoggerAspect - ServiceImpl  : kr.co.seoulit.reception.service.InpatientReceptionServiceImpl.getInpatientReceptionList()시작
2026-03-04 17:07:05.539 ERROR k.c.s.c.h.GlobalExceptionHandler - Unhandled server error
org.springframework.dao.DataIntegrityViolationException: 
### Error querying database.  Cause: java.sql.SQLSyntaxErrorException: ORA-01722: invalid number

### The error may exist in file [D:\서울IT교육센터\dev\teamwork\project\backend\hospital_reception_backend\reception_back\build\resources\main\mapper\InpatientReceptionMyBatisMapper.xml]
### The error may involve defaultParameterMap
### The error occurred while setting parameters
### SQL: SELECT         r.reception_id,         r.reception_no,         r.patient_id,         r.visit_type,         r.department_id,         r.doctor_id,         r.reservation_id,         r.scheduled_at,         r.arrived_at,         r.status,         r.note,         r.is_active,         r.created_at,         r.updated_at,         i.admission_plan_at,         i.ward_id,         i.room_id         FROM reception r         JOIN reception_inpatient i ON r.reception_id = i.reception_id          WHERE r.visit_type = 'INPATIENT'                                                       AND r.patient_id = ?          ORDER BY i.admission_plan_at ASC
### Cause: java.sql.SQLSyntaxErrorException: ORA-01722: invalid number

; ORA-01722: invalid number

	at org.springframework.jdbc.support.SQLErrorCodeSQLExceptionTranslator.doTranslate(SQLErrorCodeSQLExceptionTranslator.java:258)
	at org.springframework.jdbc.support.AbstractFallbackSQLExceptionTranslator.translate(AbstractFallbackSQLExceptionTranslator.java:107)
	at org.mybatis.spring.MyBatisExceptionTranslator.translateExceptionIfPossible(MyBatisExceptionTranslator.java:93)
	at org.mybatis.spring.SqlSessionTemplate$SqlSessionInterceptor.invoke(SqlSessionTemplate.java:347)
	at jdk.proxy2/jdk.proxy2.$Proxy155.selectList(Unknown Source)
	at org.mybatis.spring.SqlSessionTemplate.selectList(SqlSessionTemplate.java:194)
	at org.apache.ibatis.binding.MapperMethod.executeForMany(MapperMethod.java:147)
	at org.apache.ibatis.binding.MapperMethod.execute(MapperMethod.java:80)
	at org.apache.ibatis.binding.MapperProxy$PlainMethodInvoker.invoke(MapperProxy.java:141)
	at org.apache.ibatis.binding.MapperProxy.invoke(MapperProxy.java:86)
	at jdk.proxy2/jdk.proxy2.$Proxy159.selectInpatientReceptions(Unknown Source)
	at kr.co.seoulit.reception.service.InpatientReceptionServiceImpl.getInpatientReceptionList(InpatientReceptionServiceImpl.java:45)
	at java.base/jdk.internal.reflect.NativeMethodAccessorImpl.invoke0(Native Method)
	at java.base/jdk.internal.reflect.NativeMethodAccessorImpl.invoke(NativeMethodAccessorImpl.java:77)
	at java.base/jdk.internal.reflect.DelegatingMethodAccessorImpl.invoke(DelegatingMethodAccessorImpl.java:43)
	at java.base/java.lang.reflect.Method.invoke(Method.java:568)
	at org.springframework.aop.support.AopUtils.invokeJoinpointUsingReflection(AopUtils.java:354)
	at org.springframework.aop.framework.ReflectiveMethodInvocation.invokeJoinpoint(ReflectiveMethodInvocation.java:196)
	at org.springframework.aop.framework.ReflectiveMethodInvocation.proceed(ReflectiveMethodInvocation.java:163)
	at org.springframework.aop.framework.CglibAopProxy$CglibMethodInvocation.proceed(CglibAopProxy.java:768)
	at org.springframework.aop.aspectj.MethodInvocationProceedingJoinPoint.proceed(MethodInvocationProceedingJoinPoint.java:89)
	at kr.co.seoulit.common.aop.LoggerAspect.logPrint(LoggerAspect.java:31)
	at java.base/jdk.internal.reflect.NativeMethodAccessorImpl.invoke0(Native Method)
	at java.base/jdk.internal.reflect.NativeMethodAccessorImpl.invoke(NativeMethodAccessorImpl.java:77)
	at java.base/jdk.internal.reflect.DelegatingMethodAccessorImpl.invoke(DelegatingMethodAccessorImpl.java:43)
	at java.base/java.lang.reflect.Method.invoke(Method.java:568)
	at org.springframework.aop.aspectj.AbstractAspectJAdvice.invokeAdviceMethodWithGivenArgs(AbstractAspectJAdvice.java:637)
	at org.springframework.aop.aspectj.AbstractAspectJAdvice.invokeAdviceMethod(AbstractAspectJAdvice.java:627)
	at org.springframework.aop.aspectj.AspectJAroundAdvice.invoke(AspectJAroundAdvice.java:71)
	at org.springframework.aop.framework.ReflectiveMethodInvocation.proceed(ReflectiveMethodInvocation.java:184)
	at org.springframework.aop.framework.CglibAopProxy$CglibMethodInvocation.proceed(CglibAopProxy.java:768)
	at org.springframework.transaction.interceptor.TransactionAspectSupport.invokeWithinTransaction(TransactionAspectSupport.java:379)
	at org.springframework.transaction.interceptor.TransactionInterceptor.invoke(TransactionInterceptor.java:119)
	at org.springframework.aop.framework.ReflectiveMethodInvocation.proceed(ReflectiveMethodInvocation.java:184)
	at org.springframework.aop.framework.CglibAopProxy$CglibMethodInvocation.proceed(CglibAopProxy.java:768)
	at org.springframework.aop.interceptor.ExposeInvocationInterceptor.invoke(ExposeInvocationInterceptor.java:97)
	at org.springframework.aop.framework.ReflectiveMethodInvocation.proceed(ReflectiveMethodInvocation.java:184)
	at org.springframework.aop.framework.CglibAopProxy$CglibMethodInvocation.proceed(CglibAopProxy.java:768)
	at org.springframework.aop.framework.CglibAopProxy$DynamicAdvisedInterceptor.intercept(CglibAopProxy.java:720)
	at kr.co.seoulit.reception.service.InpatientReceptionServiceImpl$$SpringCGLIB$$0.getInpatientReceptionList(<generated>)
	at kr.co.seoulit.reception.controller.InpatientReceptionController.getInpatientReceptions(InpatientReceptionController.java:44)
	at java.base/jdk.internal.reflect.NativeMethodAccessorImpl.invoke0(Native Method)
	at java.base/jdk.internal.reflect.NativeMethodAccessorImpl.invoke(NativeMethodAccessorImpl.java:77)
	at java.base/jdk.internal.reflect.DelegatingMethodAccessorImpl.invoke(DelegatingMethodAccessorImpl.java:43)
	at java.base/java.lang.reflect.Method.invoke(Method.java:568)
	at org.springframework.aop.support.AopUtils.invokeJoinpointUsingReflection(AopUtils.java:354)
	at org.springframework.aop.framework.ReflectiveMethodInvocation.invokeJoinpoint(ReflectiveMethodInvocation.java:196)
	at org.springframework.aop.framework.ReflectiveMethodInvocation.proceed(ReflectiveMethodInvocation.java:163)
	at org.springframework.aop.framework.CglibAopProxy$CglibMethodInvocation.proceed(CglibAopProxy.java:768)
	at org.springframework.aop.aspectj.MethodInvocationProceedingJoinPoint.proceed(MethodInvocationProceedingJoinPoint.java:89)
	at kr.co.seoulit.common.aop.LoggerAspect.logPrint(LoggerAspect.java:31)
	at java.base/jdk.internal.reflect.NativeMethodAccessorImpl.invoke0(Native Method)
	at java.base/jdk.internal.reflect.NativeMethodAccessorImpl.invoke(NativeMethodAccessorImpl.java:77)
	at java.base/jdk.internal.reflect.DelegatingMethodAccessorImpl.invoke(DelegatingMethodAccessorImpl.java:43)
	at java.base/java.lang.reflect.Method.invoke(Method.java:568)
	at org.springframework.aop.aspectj.AbstractAspectJAdvice.invokeAdviceMethodWithGivenArgs(AbstractAspectJAdvice.java:637)
	at org.springframework.aop.aspectj.AbstractAspectJAdvice.invokeAdviceMethod(AbstractAspectJAdvice.java:627)
	at org.springframework.aop.aspectj.AspectJAroundAdvice.invoke(AspectJAroundAdvice.java:71)
	at org.springframework.aop.framework.ReflectiveMethodInvocation.proceed(ReflectiveMethodInvocation.java:184)
	at org.springframework.aop.framework.CglibAopProxy$CglibMethodInvocation.proceed(CglibAopProxy.java:768)
	at org.springframework.aop.interceptor.ExposeInvocationInterceptor.invoke(ExposeInvocationInterceptor.java:97)
	at org.springframework.aop.framework.ReflectiveMethodInvocation.proceed(ReflectiveMethodInvocation.java:184)
	at org.springframework.aop.framework.CglibAopProxy$CglibMethodInvocation.proceed(CglibAopProxy.java:768)
	at org.springframework.aop.framework.CglibAopProxy$DynamicAdvisedInterceptor.intercept(CglibAopProxy.java:720)
	at kr.co.seoulit.reception.controller.InpatientReceptionController$$SpringCGLIB$$0.getInpatientReceptions(<generated>)
	at java.base/jdk.internal.reflect.NativeMethodAccessorImpl.invoke0(Native Method)
	at java.base/jdk.internal.reflect.NativeMethodAccessorImpl.invoke(NativeMethodAccessorImpl.java:77)
	at java.base/jdk.internal.reflect.DelegatingMethodAccessorImpl.invoke(DelegatingMethodAccessorImpl.java:43)
	at java.base/java.lang.reflect.Method.invoke(Method.java:568)
	at org.springframework.web.method.support.InvocableHandlerMethod.doInvoke(InvocableHandlerMethod.java:255)
	at org.springframework.web.method.support.InvocableHandlerMethod.invokeForRequest(InvocableHandlerMethod.java:188)
	at org.springframework.web.servlet.mvc.method.annotation.ServletInvocableHandlerMethod.invokeAndHandle(ServletInvocableHandlerMethod.java:118)
	at org.springframework.web.servlet.mvc.method.annotation.RequestMappingHandlerAdapter.invokeHandlerMethod(RequestMappingHandlerAdapter.java:926)
	at org.springframework.web.servlet.mvc.method.annotation.RequestMappingHandlerAdapter.handleInternal(RequestMappingHandlerAdapter.java:831)
	at org.springframework.web.servlet.mvc.method.AbstractHandlerMethodAdapter.handle(AbstractHandlerMethodAdapter.java:87)
	at org.springframework.web.servlet.DispatcherServlet.doDispatch(DispatcherServlet.java:1089)
	at org.springframework.web.servlet.DispatcherServlet.doService(DispatcherServlet.java:979)
	at org.springframework.web.servlet.FrameworkServlet.processRequest(FrameworkServlet.java:1014)
	at org.springframework.web.servlet.FrameworkServlet.doGet(FrameworkServlet.java:903)
	at jakarta.servlet.http.HttpServlet.service(HttpServlet.java:564)
	at org.springframework.web.servlet.FrameworkServlet.service(FrameworkServlet.java:885)
	at jakarta.servlet.http.HttpServlet.service(HttpServlet.java:658)
	at org.apache.catalina.core.ApplicationFilterChain.internalDoFilter(ApplicationFilterChain.java:195)
	at org.apache.catalina.core.ApplicationFilterChain.doFilter(ApplicationFilterChain.java:140)
	at org.apache.tomcat.websocket.server.WsFilter.doFilter(WsFilter.java:51)
	at org.apache.catalina.core.ApplicationFilterChain.internalDoFilter(ApplicationFilterChain.java:164)
	at org.apache.catalina.core.ApplicationFilterChain.doFilter(ApplicationFilterChain.java:140)
	at org.springframework.web.filter.CorsFilter.doFilterInternal(CorsFilter.java:91)
	at org.springframework.web.filter.OncePerRequestFilter.doFilter(OncePerRequestFilter.java:116)
	at org.apache.catalina.core.ApplicationFilterChain.internalDoFilter(ApplicationFilterChain.java:164)
	at org.apache.catalina.core.ApplicationFilterChain.doFilter(ApplicationFilterChain.java:140)
	at org.springframework.web.filter.RequestContextFilter.doFilterInternal(RequestContextFilter.java:100)
	at org.springframework.web.filter.OncePerRequestFilter.doFilter(OncePerRequestFilter.java:116)
	at org.apache.catalina.core.ApplicationFilterChain.internalDoFilter(ApplicationFilterChain.java:164)
	at org.apache.catalina.core.ApplicationFilterChain.doFilter(ApplicationFilterChain.java:140)
	at org.springframework.web.filter.FormContentFilter.doFilterInternal(FormContentFilter.java:93)
	at org.springframework.web.filter.OncePerRequestFilter.doFilter(OncePerRequestFilter.java:116)
	at org.apache.catalina.core.ApplicationFilterChain.internalDoFilter(ApplicationFilterChain.java:164)
	at org.apache.catalina.core.ApplicationFilterChain.doFilter(ApplicationFilterChain.java:140)
	at org.springframework.web.filter.CharacterEncodingFilter.doFilterInternal(CharacterEncodingFilter.java:201)
	at org.springframework.web.filter.OncePerRequestFilter.doFilter(OncePerRequestFilter.java:116)
	at org.apache.catalina.core.ApplicationFilterChain.internalDoFilter(ApplicationFilterChain.java:164)
	at org.apache.catalina.core.ApplicationFilterChain.doFilter(ApplicationFilterChain.java:140)
	at org.apache.catalina.core.StandardWrapperValve.invoke(StandardWrapperValve.java:167)
	at org.apache.catalina.core.StandardContextValve.invoke(StandardContextValve.java:90)
	at org.apache.catalina.authenticator.AuthenticatorBase.invoke(AuthenticatorBase.java:483)
	at org.apache.catalina.core.StandardHostValve.invoke(StandardHostValve.java:115)
	at org.apache.catalina.valves.ErrorReportValve.invoke(ErrorReportValve.java:93)
	at org.apache.catalina.core.StandardEngineValve.invoke(StandardEngineValve.java:74)
	at org.apache.catalina.connector.CoyoteAdapter.service(CoyoteAdapter.java:344)
	at org.apache.coyote.http11.Http11Processor.service(Http11Processor.java:389)
	at org.apache.coyote.AbstractProcessorLight.process(AbstractProcessorLight.java:63)
	at org.apache.coyote.AbstractProtocol$ConnectionHandler.process(AbstractProtocol.java:904)
	at org.apache.tomcat.util.net.NioEndpoint$SocketProcessor.doRun(NioEndpoint.java:1741)
	at org.apache.tomcat.util.net.SocketProcessorBase.run(SocketProcessorBase.java:52)
	at org.apache.tomcat.util.threads.ThreadPoolExecutor.runWorker(ThreadPoolExecutor.java:1190)
	at org.apache.tomcat.util.threads.ThreadPoolExecutor$Worker.run(ThreadPoolExecutor.java:659)
	at org.apache.tomcat.util.threads.TaskThread$WrappingRunnable.run(TaskThread.java:63)
	at java.base/java.lang.Thread.run(Thread.java:842)
Caused by: java.sql.SQLSyntaxErrorException: ORA-01722: invalid number

	at oracle.jdbc.driver.T4CTTIoer11.processError(T4CTTIoer11.java:630)
	at oracle.jdbc.driver.T4CTTIoer11.processError(T4CTTIoer11.java:564)
	at oracle.jdbc.driver.T4C8Oall.processError(T4C8Oall.java:1231)
	at oracle.jdbc.driver.T4CTTIfun.receive(T4CTTIfun.java:772)
	at oracle.jdbc.driver.T4CTTIfun.doRPC(T4CTTIfun.java:299)
	at oracle.jdbc.driver.T4C8Oall.doOALL(T4C8Oall.java:512)
	at oracle.jdbc.driver.T4CPreparedStatement.doOall8(T4CPreparedStatement.java:163)
	at oracle.jdbc.driver.T4CPreparedStatement.executeForDescribe(T4CPreparedStatement.java:1010)
	at oracle.jdbc.driver.OracleStatement.prepareDefineBufferAndExecute(OracleStatement.java:1271)
	at oracle.jdbc.driver.OracleStatement.executeMaybeDescribe(OracleStatement.java:1149)
	at oracle.jdbc.driver.OracleStatement.executeSQLSelect(OracleStatement.java:1661)
	at oracle.jdbc.driver.OracleStatement.doExecuteWithTimeout(OracleStatement.java:1470)
	at oracle.jdbc.driver.OraclePreparedStatement.executeInternal(OraclePreparedStatement.java:3761)
	at oracle.jdbc.driver.OraclePreparedStatement.execute(OraclePreparedStatement.java:4136)
	at oracle.jdbc.driver.OraclePreparedStatementWrapper.execute(OraclePreparedStatementWrapper.java:1014)
	at com.zaxxer.hikari.pool.ProxyPreparedStatement.execute(ProxyPreparedStatement.java:44)
	at com.zaxxer.hikari.pool.HikariProxyPreparedStatement.execute(HikariProxyPreparedStatement.java)
	at org.apache.ibatis.executor.statement.PreparedStatementHandler.query(PreparedStatementHandler.java:65)
	at org.apache.ibatis.executor.statement.RoutingStatementHandler.query(RoutingStatementHandler.java:80)
	at org.apache.ibatis.executor.SimpleExecutor.doQuery(SimpleExecutor.java:65)
	at org.apache.ibatis.executor.BaseExecutor.queryFromDatabase(BaseExecutor.java:336)
	at org.apache.ibatis.executor.BaseExecutor.query(BaseExecutor.java:158)
	at org.apache.ibatis.executor.CachingExecutor.query(CachingExecutor.java:110)
	at org.apache.ibatis.executor.CachingExecutor.query(CachingExecutor.java:90)
	at org.apache.ibatis.session.defaults.DefaultSqlSession.selectList(DefaultSqlSession.java:154)
	at org.apache.ibatis.session.defaults.DefaultSqlSession.selectList(DefaultSqlSession.java:147)
	at org.apache.ibatis.session.defaults.DefaultSqlSession.selectList(DefaultSqlSession.java:142)
	at java.base/jdk.internal.reflect.NativeMethodAccessorImpl.invoke0(Native Method)
	at java.base/jdk.internal.reflect.NativeMethodAccessorImpl.invoke(NativeMethodAccessorImpl.java:77)
	at java.base/jdk.internal.reflect.DelegatingMethodAccessorImpl.invoke(DelegatingMethodAccessorImpl.java:43)
	at java.base/java.lang.reflect.Method.invoke(Method.java:568)
	at org.mybatis.spring.SqlSessionTemplate$SqlSessionInterceptor.invoke(SqlSessionTemplate.java:333)
	... 115 common frames omitted
Caused by: oracle.jdbc.OracleDatabaseException: ORA-01722: invalid number

	at oracle.jdbc.driver.T4CTTIoer11.processError(T4CTTIoer11.java:637)
	... 146 common frames omitted
2026-03-04 17:13:27.703 WARN  k.c.s.c.h.GlobalExceptionHandler - No resource found
org.springframework.web.servlet.resource.NoResourceFoundException: No static resource api/auth/login.
	at org.springframework.web.servlet.resource.ResourceHttpRequestHandler.handleRequest(ResourceHttpRequestHandler.java:585)
	at org.springframework.web.servlet.mvc.HttpRequestHandlerAdapter.handle(HttpRequestHandlerAdapter.java:52)
	at org.springframework.web.servlet.DispatcherServlet.doDispatch(DispatcherServlet.java:1089)
	at org.springframework.web.servlet.DispatcherServlet.doService(DispatcherServlet.java:979)
	at org.springframework.web.servlet.FrameworkServlet.processRequest(FrameworkServlet.java:1014)
	at org.springframework.web.servlet.FrameworkServlet.doPost(FrameworkServlet.java:914)
	at jakarta.servlet.http.HttpServlet.service(HttpServlet.java:590)
	at org.springframework.web.servlet.FrameworkServlet.service(FrameworkServlet.java:885)
	at jakarta.servlet.http.HttpServlet.service(HttpServlet.java:658)
	at org.apache.catalina.core.ApplicationFilterChain.internalDoFilter(ApplicationFilterChain.java:195)
	at org.apache.catalina.core.ApplicationFilterChain.doFilter(ApplicationFilterChain.java:140)
	at org.apache.tomcat.websocket.server.WsFilter.doFilter(WsFilter.java:51)
	at org.apache.catalina.core.ApplicationFilterChain.internalDoFilter(ApplicationFilterChain.java:164)
	at org.apache.catalina.core.ApplicationFilterChain.doFilter(ApplicationFilterChain.java:140)
	at org.springframework.web.filter.CorsFilter.doFilterInternal(CorsFilter.java:91)
	at org.springframework.web.filter.OncePerRequestFilter.doFilter(OncePerRequestFilter.java:116)
	at org.apache.catalina.core.ApplicationFilterChain.internalDoFilter(ApplicationFilterChain.java:164)
	at org.apache.catalina.core.ApplicationFilterChain.doFilter(ApplicationFilterChain.java:140)
	at org.springframework.web.filter.RequestContextFilter.doFilterInternal(RequestContextFilter.java:100)
	at org.springframework.web.filter.OncePerRequestFilter.doFilter(OncePerRequestFilter.java:116)
	at org.apache.catalina.core.ApplicationFilterChain.internalDoFilter(ApplicationFilterChain.java:164)
	at org.apache.catalina.core.ApplicationFilterChain.doFilter(ApplicationFilterChain.java:140)
	at org.springframework.web.filter.FormContentFilter.doFilterInternal(FormContentFilter.java:93)
	at org.springframework.web.filter.OncePerRequestFilter.doFilter(OncePerRequestFilter.java:116)
	at org.apache.catalina.core.ApplicationFilterChain.internalDoFilter(ApplicationFilterChain.java:164)
	at org.apache.catalina.core.ApplicationFilterChain.doFilter(ApplicationFilterChain.java:140)
	at org.springframework.web.filter.CharacterEncodingFilter.doFilterInternal(CharacterEncodingFilter.java:201)
	at org.springframework.web.filter.OncePerRequestFilter.doFilter(OncePerRequestFilter.java:116)
	at org.apache.catalina.core.ApplicationFilterChain.internalDoFilter(ApplicationFilterChain.java:164)
	at org.apache.catalina.core.ApplicationFilterChain.doFilter(ApplicationFilterChain.java:140)
	at org.apache.catalina.core.StandardWrapperValve.invoke(StandardWrapperValve.java:167)
	at org.apache.catalina.core.StandardContextValve.invoke(StandardContextValve.java:90)
	at org.apache.catalina.authenticator.AuthenticatorBase.invoke(AuthenticatorBase.java:483)
	at org.apache.catalina.core.StandardHostValve.invoke(StandardHostValve.java:115)
	at org.apache.catalina.valves.ErrorReportValve.invoke(ErrorReportValve.java:93)
	at org.apache.catalina.core.StandardEngineValve.invoke(StandardEngineValve.java:74)
	at org.apache.catalina.connector.CoyoteAdapter.service(CoyoteAdapter.java:344)
	at org.apache.coyote.http11.Http11Processor.service(Http11Processor.java:389)
	at org.apache.coyote.AbstractProcessorLight.process(AbstractProcessorLight.java:63)
	at org.apache.coyote.AbstractProtocol$ConnectionHandler.process(AbstractProtocol.java:904)
	at org.apache.tomcat.util.net.NioEndpoint$SocketProcessor.doRun(NioEndpoint.java:1741)
	at org.apache.tomcat.util.net.SocketProcessorBase.run(SocketProcessorBase.java:52)
	at org.apache.tomcat.util.threads.ThreadPoolExecutor.runWorker(ThreadPoolExecutor.java:1190)
	at org.apache.tomcat.util.threads.ThreadPoolExecutor$Worker.run(ThreadPoolExecutor.java:659)
	at org.apache.tomcat.util.threads.TaskThread$WrappingRunnable.run(TaskThread.java:63)
	at java.base/java.lang.Thread.run(Thread.java:842)
2026-03-04 17:13:44.812 INFO  k.co.seoulit.common.aop.LoggerAspect - Controller  : kr.co.seoulit.reception.controller.InpatientReceptionController.getInpatientReceptions()시작
2026-03-04 17:13:44.813 INFO  k.c.s.r.c.InpatientReceptionController - 입원 접수 목록 요청: searchType=patientName, searchValue=신가은
2026-03-04 17:13:44.828 INFO  k.co.seoulit.common.aop.LoggerAspect - ServiceImpl  : kr.co.seoulit.reception.service.InpatientReceptionServiceImpl.getInpatientReceptionList()시작
2026-03-04 17:13:44.866 ERROR k.c.s.c.h.GlobalExceptionHandler - Unhandled server error
org.springframework.dao.DataIntegrityViolationException: 
### Error querying database.  Cause: java.sql.SQLSyntaxErrorException: ORA-01722: invalid number

### The error may exist in file [D:\서울IT교육센터\dev\teamwork\project\backend\hospital_reception_backend\reception_back\build\resources\main\mapper\InpatientReceptionMyBatisMapper.xml]
### The error may involve defaultParameterMap
### The error occurred while setting parameters
### SQL: SELECT         r.reception_id,         r.reception_no,         r.patient_id,         r.visit_type,         r.department_id,         r.doctor_id,         r.reservation_id,         r.scheduled_at,         r.arrived_at,         r.status,         r.note,         r.is_active,         r.created_at,         r.updated_at,         i.admission_plan_at,         i.ward_id,         i.room_id         FROM reception r         JOIN reception_inpatient i ON r.reception_id = i.reception_id          WHERE r.visit_type = 'INPATIENT'                                                       AND r.patient_id = ?          ORDER BY i.admission_plan_at ASC
### Cause: java.sql.SQLSyntaxErrorException: ORA-01722: invalid number

; ORA-01722: invalid number

	at org.springframework.jdbc.support.SQLErrorCodeSQLExceptionTranslator.doTranslate(SQLErrorCodeSQLExceptionTranslator.java:258)
	at org.springframework.jdbc.support.AbstractFallbackSQLExceptionTranslator.translate(AbstractFallbackSQLExceptionTranslator.java:107)
	at org.mybatis.spring.MyBatisExceptionTranslator.translateExceptionIfPossible(MyBatisExceptionTranslator.java:93)
	at org.mybatis.spring.SqlSessionTemplate$SqlSessionInterceptor.invoke(SqlSessionTemplate.java:347)
	at jdk.proxy2/jdk.proxy2.$Proxy155.selectList(Unknown Source)
	at org.mybatis.spring.SqlSessionTemplate.selectList(SqlSessionTemplate.java:194)
	at org.apache.ibatis.binding.MapperMethod.executeForMany(MapperMethod.java:147)
	at org.apache.ibatis.binding.MapperMethod.execute(MapperMethod.java:80)
	at org.apache.ibatis.binding.MapperProxy$PlainMethodInvoker.invoke(MapperProxy.java:141)
	at org.apache.ibatis.binding.MapperProxy.invoke(MapperProxy.java:86)
	at jdk.proxy2/jdk.proxy2.$Proxy159.selectInpatientReceptions(Unknown Source)
	at kr.co.seoulit.reception.service.InpatientReceptionServiceImpl.getInpatientReceptionList(InpatientReceptionServiceImpl.java:45)
	at java.base/jdk.internal.reflect.NativeMethodAccessorImpl.invoke0(Native Method)
	at java.base/jdk.internal.reflect.NativeMethodAccessorImpl.invoke(NativeMethodAccessorImpl.java:77)
	at java.base/jdk.internal.reflect.DelegatingMethodAccessorImpl.invoke(DelegatingMethodAccessorImpl.java:43)
	at java.base/java.lang.reflect.Method.invoke(Method.java:568)
	at org.springframework.aop.support.AopUtils.invokeJoinpointUsingReflection(AopUtils.java:354)
	at org.springframework.aop.framework.ReflectiveMethodInvocation.invokeJoinpoint(ReflectiveMethodInvocation.java:196)
	at org.springframework.aop.framework.ReflectiveMethodInvocation.proceed(ReflectiveMethodInvocation.java:163)
	at org.springframework.aop.framework.CglibAopProxy$CglibMethodInvocation.proceed(CglibAopProxy.java:768)
	at org.springframework.aop.aspectj.MethodInvocationProceedingJoinPoint.proceed(MethodInvocationProceedingJoinPoint.java:89)
	at kr.co.seoulit.common.aop.LoggerAspect.logPrint(LoggerAspect.java:31)
	at java.base/jdk.internal.reflect.NativeMethodAccessorImpl.invoke0(Native Method)
	at java.base/jdk.internal.reflect.NativeMethodAccessorImpl.invoke(NativeMethodAccessorImpl.java:77)
	at java.base/jdk.internal.reflect.DelegatingMethodAccessorImpl.invoke(DelegatingMethodAccessorImpl.java:43)
	at java.base/java.lang.reflect.Method.invoke(Method.java:568)
	at org.springframework.aop.aspectj.AbstractAspectJAdvice.invokeAdviceMethodWithGivenArgs(AbstractAspectJAdvice.java:637)
	at org.springframework.aop.aspectj.AbstractAspectJAdvice.invokeAdviceMethod(AbstractAspectJAdvice.java:627)
	at org.springframework.aop.aspectj.AspectJAroundAdvice.invoke(AspectJAroundAdvice.java:71)
	at org.springframework.aop.framework.ReflectiveMethodInvocation.proceed(ReflectiveMethodInvocation.java:184)
	at org.springframework.aop.framework.CglibAopProxy$CglibMethodInvocation.proceed(CglibAopProxy.java:768)
	at org.springframework.transaction.interceptor.TransactionAspectSupport.invokeWithinTransaction(TransactionAspectSupport.java:379)
	at org.springframework.transaction.interceptor.TransactionInterceptor.invoke(TransactionInterceptor.java:119)
	at org.springframework.aop.framework.ReflectiveMethodInvocation.proceed(ReflectiveMethodInvocation.java:184)
	at org.springframework.aop.framework.CglibAopProxy$CglibMethodInvocation.proceed(CglibAopProxy.java:768)
	at org.springframework.aop.interceptor.ExposeInvocationInterceptor.invoke(ExposeInvocationInterceptor.java:97)
	at org.springframework.aop.framework.ReflectiveMethodInvocation.proceed(ReflectiveMethodInvocation.java:184)
	at org.springframework.aop.framework.CglibAopProxy$CglibMethodInvocation.proceed(CglibAopProxy.java:768)
	at org.springframework.aop.framework.CglibAopProxy$DynamicAdvisedInterceptor.intercept(CglibAopProxy.java:720)
	at kr.co.seoulit.reception.service.InpatientReceptionServiceImpl$$SpringCGLIB$$0.getInpatientReceptionList(<generated>)
	at kr.co.seoulit.reception.controller.InpatientReceptionController.getInpatientReceptions(InpatientReceptionController.java:44)
	at java.base/jdk.internal.reflect.NativeMethodAccessorImpl.invoke0(Native Method)
	at java.base/jdk.internal.reflect.NativeMethodAccessorImpl.invoke(NativeMethodAccessorImpl.java:77)
	at java.base/jdk.internal.reflect.DelegatingMethodAccessorImpl.invoke(DelegatingMethodAccessorImpl.java:43)
	at java.base/java.lang.reflect.Method.invoke(Method.java:568)
	at org.springframework.aop.support.AopUtils.invokeJoinpointUsingReflection(AopUtils.java:354)
	at org.springframework.aop.framework.ReflectiveMethodInvocation.invokeJoinpoint(ReflectiveMethodInvocation.java:196)
	at org.springframework.aop.framework.ReflectiveMethodInvocation.proceed(ReflectiveMethodInvocation.java:163)
	at org.springframework.aop.framework.CglibAopProxy$CglibMethodInvocation.proceed(CglibAopProxy.java:768)
	at org.springframework.aop.aspectj.MethodInvocationProceedingJoinPoint.proceed(MethodInvocationProceedingJoinPoint.java:89)
	at kr.co.seoulit.common.aop.LoggerAspect.logPrint(LoggerAspect.java:31)
	at java.base/jdk.internal.reflect.NativeMethodAccessorImpl.invoke0(Native Method)
	at java.base/jdk.internal.reflect.NativeMethodAccessorImpl.invoke(NativeMethodAccessorImpl.java:77)
	at java.base/jdk.internal.reflect.DelegatingMethodAccessorImpl.invoke(DelegatingMethodAccessorImpl.java:43)
	at java.base/java.lang.reflect.Method.invoke(Method.java:568)
	at org.springframework.aop.aspectj.AbstractAspectJAdvice.invokeAdviceMethodWithGivenArgs(AbstractAspectJAdvice.java:637)
	at org.springframework.aop.aspectj.AbstractAspectJAdvice.invokeAdviceMethod(AbstractAspectJAdvice.java:627)
	at org.springframework.aop.aspectj.AspectJAroundAdvice.invoke(AspectJAroundAdvice.java:71)
	at org.springframework.aop.framework.ReflectiveMethodInvocation.proceed(ReflectiveMethodInvocation.java:184)
	at org.springframework.aop.framework.CglibAopProxy$CglibMethodInvocation.proceed(CglibAopProxy.java:768)
	at org.springframework.aop.interceptor.ExposeInvocationInterceptor.invoke(ExposeInvocationInterceptor.java:97)
	at org.springframework.aop.framework.ReflectiveMethodInvocation.proceed(ReflectiveMethodInvocation.java:184)
	at org.springframework.aop.framework.CglibAopProxy$CglibMethodInvocation.proceed(CglibAopProxy.java:768)
	at org.springframework.aop.framework.CglibAopProxy$DynamicAdvisedInterceptor.intercept(CglibAopProxy.java:720)
	at kr.co.seoulit.reception.controller.InpatientReceptionController$$SpringCGLIB$$0.getInpatientReceptions(<generated>)
	at java.base/jdk.internal.reflect.NativeMethodAccessorImpl.invoke0(Native Method)
	at java.base/jdk.internal.reflect.NativeMethodAccessorImpl.invoke(NativeMethodAccessorImpl.java:77)
	at java.base/jdk.internal.reflect.DelegatingMethodAccessorImpl.invoke(DelegatingMethodAccessorImpl.java:43)
	at java.base/java.lang.reflect.Method.invoke(Method.java:568)
	at org.springframework.web.method.support.InvocableHandlerMethod.doInvoke(InvocableHandlerMethod.java:255)
	at org.springframework.web.method.support.InvocableHandlerMethod.invokeForRequest(InvocableHandlerMethod.java:188)
	at org.springframework.web.servlet.mvc.method.annotation.ServletInvocableHandlerMethod.invokeAndHandle(ServletInvocableHandlerMethod.java:118)
	at org.springframework.web.servlet.mvc.method.annotation.RequestMappingHandlerAdapter.invokeHandlerMethod(RequestMappingHandlerAdapter.java:926)
	at org.springframework.web.servlet.mvc.method.annotation.RequestMappingHandlerAdapter.handleInternal(RequestMappingHandlerAdapter.java:831)
	at org.springframework.web.servlet.mvc.method.AbstractHandlerMethodAdapter.handle(AbstractHandlerMethodAdapter.java:87)
	at org.springframework.web.servlet.DispatcherServlet.doDispatch(DispatcherServlet.java:1089)
	at org.springframework.web.servlet.DispatcherServlet.doService(DispatcherServlet.java:979)
	at org.springframework.web.servlet.FrameworkServlet.processRequest(FrameworkServlet.java:1014)
	at org.springframework.web.servlet.FrameworkServlet.doGet(FrameworkServlet.java:903)
	at jakarta.servlet.http.HttpServlet.service(HttpServlet.java:564)
	at org.springframework.web.servlet.FrameworkServlet.service(FrameworkServlet.java:885)
	at jakarta.servlet.http.HttpServlet.service(HttpServlet.java:658)
	at org.apache.catalina.core.ApplicationFilterChain.internalDoFilter(ApplicationFilterChain.java:195)
	at org.apache.catalina.core.ApplicationFilterChain.doFilter(ApplicationFilterChain.java:140)
	at org.apache.tomcat.websocket.server.WsFilter.doFilter(WsFilter.java:51)
	at org.apache.catalina.core.ApplicationFilterChain.internalDoFilter(ApplicationFilterChain.java:164)
	at org.apache.catalina.core.ApplicationFilterChain.doFilter(ApplicationFilterChain.java:140)
	at org.springframework.web.filter.CorsFilter.doFilterInternal(CorsFilter.java:91)
	at org.springframework.web.filter.OncePerRequestFilter.doFilter(OncePerRequestFilter.java:116)
	at org.apache.catalina.core.ApplicationFilterChain.internalDoFilter(ApplicationFilterChain.java:164)
	at org.apache.catalina.core.ApplicationFilterChain.doFilter(ApplicationFilterChain.java:140)
	at org.springframework.web.filter.RequestContextFilter.doFilterInternal(RequestContextFilter.java:100)
	at org.springframework.web.filter.OncePerRequestFilter.doFilter(OncePerRequestFilter.java:116)
	at org.apache.catalina.core.ApplicationFilterChain.internalDoFilter(ApplicationFilterChain.java:164)
	at org.apache.catalina.core.ApplicationFilterChain.doFilter(ApplicationFilterChain.java:140)
	at org.springframework.web.filter.FormContentFilter.doFilterInternal(FormContentFilter.java:93)
	at org.springframework.web.filter.OncePerRequestFilter.doFilter(OncePerRequestFilter.java:116)
	at org.apache.catalina.core.ApplicationFilterChain.internalDoFilter(ApplicationFilterChain.java:164)
	at org.apache.catalina.core.ApplicationFilterChain.doFilter(ApplicationFilterChain.java:140)
	at org.springframework.web.filter.CharacterEncodingFilter.doFilterInternal(CharacterEncodingFilter.java:201)
	at org.springframework.web.filter.OncePerRequestFilter.doFilter(OncePerRequestFilter.java:116)
	at org.apache.catalina.core.ApplicationFilterChain.internalDoFilter(ApplicationFilterChain.java:164)
	at org.apache.catalina.core.ApplicationFilterChain.doFilter(ApplicationFilterChain.java:140)
	at org.apache.catalina.core.StandardWrapperValve.invoke(StandardWrapperValve.java:167)
	at org.apache.catalina.core.StandardContextValve.invoke(StandardContextValve.java:90)
	at org.apache.catalina.authenticator.AuthenticatorBase.invoke(AuthenticatorBase.java:483)
	at org.apache.catalina.core.StandardHostValve.invoke(StandardHostValve.java:115)
	at org.apache.catalina.valves.ErrorReportValve.invoke(ErrorReportValve.java:93)
	at org.apache.catalina.core.StandardEngineValve.invoke(StandardEngineValve.java:74)
	at org.apache.catalina.connector.CoyoteAdapter.service(CoyoteAdapter.java:344)
	at org.apache.coyote.http11.Http11Processor.service(Http11Processor.java:389)
	at org.apache.coyote.AbstractProcessorLight.process(AbstractProcessorLight.java:63)
	at org.apache.coyote.AbstractProtocol$ConnectionHandler.process(AbstractProtocol.java:904)
	at org.apache.tomcat.util.net.NioEndpoint$SocketProcessor.doRun(NioEndpoint.java:1741)
	at org.apache.tomcat.util.net.SocketProcessorBase.run(SocketProcessorBase.java:52)
	at org.apache.tomcat.util.threads.ThreadPoolExecutor.runWorker(ThreadPoolExecutor.java:1190)
	at org.apache.tomcat.util.threads.ThreadPoolExecutor$Worker.run(ThreadPoolExecutor.java:659)
	at org.apache.tomcat.util.threads.TaskThread$WrappingRunnable.run(TaskThread.java:63)
	at java.base/java.lang.Thread.run(Thread.java:842)
Caused by: java.sql.SQLSyntaxErrorException: ORA-01722: invalid number

	at oracle.jdbc.driver.T4CTTIoer11.processError(T4CTTIoer11.java:630)
	at oracle.jdbc.driver.T4CTTIoer11.processError(T4CTTIoer11.java:564)
	at oracle.jdbc.driver.T4C8Oall.processError(T4C8Oall.java:1231)
	at oracle.jdbc.driver.T4CTTIfun.receive(T4CTTIfun.java:772)
	at oracle.jdbc.driver.T4CTTIfun.doRPC(T4CTTIfun.java:299)
	at oracle.jdbc.driver.T4C8Oall.doOALL(T4C8Oall.java:512)
	at oracle.jdbc.driver.T4CPreparedStatement.doOall8(T4CPreparedStatement.java:163)
	at oracle.jdbc.driver.T4CPreparedStatement.executeForDescribe(T4CPreparedStatement.java:1010)
	at oracle.jdbc.driver.OracleStatement.prepareDefineBufferAndExecute(OracleStatement.java:1271)
	at oracle.jdbc.driver.OracleStatement.executeMaybeDescribe(OracleStatement.java:1149)
	at oracle.jdbc.driver.OracleStatement.executeSQLSelect(OracleStatement.java:1661)
	at oracle.jdbc.driver.OracleStatement.doExecuteWithTimeout(OracleStatement.java:1470)
	at oracle.jdbc.driver.OraclePreparedStatement.executeInternal(OraclePreparedStatement.java:3761)
	at oracle.jdbc.driver.OraclePreparedStatement.execute(OraclePreparedStatement.java:4136)
	at oracle.jdbc.driver.OraclePreparedStatementWrapper.execute(OraclePreparedStatementWrapper.java:1014)
	at com.zaxxer.hikari.pool.ProxyPreparedStatement.execute(ProxyPreparedStatement.java:44)
	at com.zaxxer.hikari.pool.HikariProxyPreparedStatement.execute(HikariProxyPreparedStatement.java)
	at org.apache.ibatis.executor.statement.PreparedStatementHandler.query(PreparedStatementHandler.java:65)
	at org.apache.ibatis.executor.statement.RoutingStatementHandler.query(RoutingStatementHandler.java:80)
	at org.apache.ibatis.executor.SimpleExecutor.doQuery(SimpleExecutor.java:65)
	at org.apache.ibatis.executor.BaseExecutor.queryFromDatabase(BaseExecutor.java:336)
	at org.apache.ibatis.executor.BaseExecutor.query(BaseExecutor.java:158)
	at org.apache.ibatis.executor.CachingExecutor.query(CachingExecutor.java:110)
	at org.apache.ibatis.executor.CachingExecutor.query(CachingExecutor.java:90)
	at org.apache.ibatis.session.defaults.DefaultSqlSession.selectList(DefaultSqlSession.java:154)
	at org.apache.ibatis.session.defaults.DefaultSqlSession.selectList(DefaultSqlSession.java:147)
	at org.apache.ibatis.session.defaults.DefaultSqlSession.selectList(DefaultSqlSession.java:142)
	at java.base/jdk.internal.reflect.NativeMethodAccessorImpl.invoke0(Native Method)
	at java.base/jdk.internal.reflect.NativeMethodAccessorImpl.invoke(NativeMethodAccessorImpl.java:77)
	at java.base/jdk.internal.reflect.DelegatingMethodAccessorImpl.invoke(DelegatingMethodAccessorImpl.java:43)
	at java.base/java.lang.reflect.Method.invoke(Method.java:568)
	at org.mybatis.spring.SqlSessionTemplate$SqlSessionInterceptor.invoke(SqlSessionTemplate.java:333)
	... 115 common frames omitted
Caused by: oracle.jdbc.OracleDatabaseException: ORA-01722: invalid number

	at oracle.jdbc.driver.T4CTTIoer11.processError(T4CTTIoer11.java:637)
	... 146 common frames omitted
2026-03-04 17:14:28.463 INFO  k.co.seoulit.common.aop.LoggerAspect - Controller  : kr.co.seoulit.reception.controller.InpatientReceptionController.getInpatientReceptions()시작
2026-03-04 17:14:28.463 INFO  k.c.s.r.c.InpatientReceptionController - 입원 접수 목록 요청: searchType=patientName, searchValue=남지민
2026-03-04 17:14:28.469 INFO  k.co.seoulit.common.aop.LoggerAspect - ServiceImpl  : kr.co.seoulit.reception.service.InpatientReceptionServiceImpl.getInpatientReceptionList()시작
2026-03-04 17:14:28.494 ERROR k.c.s.c.h.GlobalExceptionHandler - Unhandled server error
org.springframework.dao.DataIntegrityViolationException: 
### Error querying database.  Cause: java.sql.SQLSyntaxErrorException: ORA-01722: invalid number

### The error may exist in file [D:\서울IT교육센터\dev\teamwork\project\backend\hospital_reception_backend\reception_back\build\resources\main\mapper\InpatientReceptionMyBatisMapper.xml]
### The error may involve defaultParameterMap
### The error occurred while setting parameters
### SQL: SELECT         r.reception_id,         r.reception_no,         r.patient_id,         r.visit_type,         r.department_id,         r.doctor_id,         r.reservation_id,         r.scheduled_at,         r.arrived_at,         r.status,         r.note,         r.is_active,         r.created_at,         r.updated_at,         i.admission_plan_at,         i.ward_id,         i.room_id         FROM reception r         JOIN reception_inpatient i ON r.reception_id = i.reception_id          WHERE r.visit_type = 'INPATIENT'                                                       AND r.patient_id = ?          ORDER BY i.admission_plan_at ASC
### Cause: java.sql.SQLSyntaxErrorException: ORA-01722: invalid number

; ORA-01722: invalid number

	at org.springframework.jdbc.support.SQLErrorCodeSQLExceptionTranslator.doTranslate(SQLErrorCodeSQLExceptionTranslator.java:258)
	at org.springframework.jdbc.support.AbstractFallbackSQLExceptionTranslator.translate(AbstractFallbackSQLExceptionTranslator.java:107)
	at org.mybatis.spring.MyBatisExceptionTranslator.translateExceptionIfPossible(MyBatisExceptionTranslator.java:93)
	at org.mybatis.spring.SqlSessionTemplate$SqlSessionInterceptor.invoke(SqlSessionTemplate.java:347)
	at jdk.proxy2/jdk.proxy2.$Proxy155.selectList(Unknown Source)
	at org.mybatis.spring.SqlSessionTemplate.selectList(SqlSessionTemplate.java:194)
	at org.apache.ibatis.binding.MapperMethod.executeForMany(MapperMethod.java:147)
	at org.apache.ibatis.binding.MapperMethod.execute(MapperMethod.java:80)
	at org.apache.ibatis.binding.MapperProxy$PlainMethodInvoker.invoke(MapperProxy.java:141)
	at org.apache.ibatis.binding.MapperProxy.invoke(MapperProxy.java:86)
	at jdk.proxy2/jdk.proxy2.$Proxy159.selectInpatientReceptions(Unknown Source)
	at kr.co.seoulit.reception.service.InpatientReceptionServiceImpl.getInpatientReceptionList(InpatientReceptionServiceImpl.java:45)
	at java.base/jdk.internal.reflect.NativeMethodAccessorImpl.invoke0(Native Method)
	at java.base/jdk.internal.reflect.NativeMethodAccessorImpl.invoke(NativeMethodAccessorImpl.java:77)
	at java.base/jdk.internal.reflect.DelegatingMethodAccessorImpl.invoke(DelegatingMethodAccessorImpl.java:43)
	at java.base/java.lang.reflect.Method.invoke(Method.java:568)
	at org.springframework.aop.support.AopUtils.invokeJoinpointUsingReflection(AopUtils.java:354)
	at org.springframework.aop.framework.ReflectiveMethodInvocation.invokeJoinpoint(ReflectiveMethodInvocation.java:196)
	at org.springframework.aop.framework.ReflectiveMethodInvocation.proceed(ReflectiveMethodInvocation.java:163)
	at org.springframework.aop.framework.CglibAopProxy$CglibMethodInvocation.proceed(CglibAopProxy.java:768)
	at org.springframework.aop.aspectj.MethodInvocationProceedingJoinPoint.proceed(MethodInvocationProceedingJoinPoint.java:89)
	at kr.co.seoulit.common.aop.LoggerAspect.logPrint(LoggerAspect.java:31)
	at jdk.internal.reflect.GeneratedMethodAccessor52.invoke(Unknown Source)
	at java.base/jdk.internal.reflect.DelegatingMethodAccessorImpl.invoke(DelegatingMethodAccessorImpl.java:43)
	at java.base/java.lang.reflect.Method.invoke(Method.java:568)
	at org.springframework.aop.aspectj.AbstractAspectJAdvice.invokeAdviceMethodWithGivenArgs(AbstractAspectJAdvice.java:637)
	at org.springframework.aop.aspectj.AbstractAspectJAdvice.invokeAdviceMethod(AbstractAspectJAdvice.java:627)
	at org.springframework.aop.aspectj.AspectJAroundAdvice.invoke(AspectJAroundAdvice.java:71)
	at org.springframework.aop.framework.ReflectiveMethodInvocation.proceed(ReflectiveMethodInvocation.java:184)
	at org.springframework.aop.framework.CglibAopProxy$CglibMethodInvocation.proceed(CglibAopProxy.java:768)
	at org.springframework.transaction.interceptor.TransactionAspectSupport.invokeWithinTransaction(TransactionAspectSupport.java:379)
	at org.springframework.transaction.interceptor.TransactionInterceptor.invoke(TransactionInterceptor.java:119)
	at org.springframework.aop.framework.ReflectiveMethodInvocation.proceed(ReflectiveMethodInvocation.java:184)
	at org.springframework.aop.framework.CglibAopProxy$CglibMethodInvocation.proceed(CglibAopProxy.java:768)
	at org.springframework.aop.interceptor.ExposeInvocationInterceptor.invoke(ExposeInvocationInterceptor.java:97)
	at org.springframework.aop.framework.ReflectiveMethodInvocation.proceed(ReflectiveMethodInvocation.java:184)
	at org.springframework.aop.framework.CglibAopProxy$CglibMethodInvocation.proceed(CglibAopProxy.java:768)
	at org.springframework.aop.framework.CglibAopProxy$DynamicAdvisedInterceptor.intercept(CglibAopProxy.java:720)
	at kr.co.seoulit.reception.service.InpatientReceptionServiceImpl$$SpringCGLIB$$0.getInpatientReceptionList(<generated>)
	at kr.co.seoulit.reception.controller.InpatientReceptionController.getInpatientReceptions(InpatientReceptionController.java:44)
	at java.base/jdk.internal.reflect.NativeMethodAccessorImpl.invoke0(Native Method)
	at java.base/jdk.internal.reflect.NativeMethodAccessorImpl.invoke(NativeMethodAccessorImpl.java:77)
	at java.base/jdk.internal.reflect.DelegatingMethodAccessorImpl.invoke(DelegatingMethodAccessorImpl.java:43)
	at java.base/java.lang.reflect.Method.invoke(Method.java:568)
	at org.springframework.aop.support.AopUtils.invokeJoinpointUsingReflection(AopUtils.java:354)
	at org.springframework.aop.framework.ReflectiveMethodInvocation.invokeJoinpoint(ReflectiveMethodInvocation.java:196)
	at org.springframework.aop.framework.ReflectiveMethodInvocation.proceed(ReflectiveMethodInvocation.java:163)
	at org.springframework.aop.framework.CglibAopProxy$CglibMethodInvocation.proceed(CglibAopProxy.java:768)
	at org.springframework.aop.aspectj.MethodInvocationProceedingJoinPoint.proceed(MethodInvocationProceedingJoinPoint.java:89)
	at kr.co.seoulit.common.aop.LoggerAspect.logPrint(LoggerAspect.java:31)
	at jdk.internal.reflect.GeneratedMethodAccessor52.invoke(Unknown Source)
	at java.base/jdk.internal.reflect.DelegatingMethodAccessorImpl.invoke(DelegatingMethodAccessorImpl.java:43)
	at java.base/java.lang.reflect.Method.invoke(Method.java:568)
	at org.springframework.aop.aspectj.AbstractAspectJAdvice.invokeAdviceMethodWithGivenArgs(AbstractAspectJAdvice.java:637)
	at org.springframework.aop.aspectj.AbstractAspectJAdvice.invokeAdviceMethod(AbstractAspectJAdvice.java:627)
	at org.springframework.aop.aspectj.AspectJAroundAdvice.invoke(AspectJAroundAdvice.java:71)
	at org.springframework.aop.framework.ReflectiveMethodInvocation.proceed(ReflectiveMethodInvocation.java:184)
	at org.springframework.aop.framework.CglibAopProxy$CglibMethodInvocation.proceed(CglibAopProxy.java:768)
	at org.springframework.aop.interceptor.ExposeInvocationInterceptor.invoke(ExposeInvocationInterceptor.java:97)
	at org.springframework.aop.framework.ReflectiveMethodInvocation.proceed(ReflectiveMethodInvocation.java:184)
	at org.springframework.aop.framework.CglibAopProxy$CglibMethodInvocation.proceed(CglibAopProxy.java:768)
	at org.springframework.aop.framework.CglibAopProxy$DynamicAdvisedInterceptor.intercept(CglibAopProxy.java:720)
	at kr.co.seoulit.reception.controller.InpatientReceptionController$$SpringCGLIB$$0.getInpatientReceptions(<generated>)
	at java.base/jdk.internal.reflect.NativeMethodAccessorImpl.invoke0(Native Method)
	at java.base/jdk.internal.reflect.NativeMethodAccessorImpl.invoke(NativeMethodAccessorImpl.java:77)
	at java.base/jdk.internal.reflect.DelegatingMethodAccessorImpl.invoke(DelegatingMethodAccessorImpl.java:43)
	at java.base/java.lang.reflect.Method.invoke(Method.java:568)
	at org.springframework.web.method.support.InvocableHandlerMethod.doInvoke(InvocableHandlerMethod.java:255)
	at org.springframework.web.method.support.InvocableHandlerMethod.invokeForRequest(InvocableHandlerMethod.java:188)
	at org.springframework.web.servlet.mvc.method.annotation.ServletInvocableHandlerMethod.invokeAndHandle(ServletInvocableHandlerMethod.java:118)
	at org.springframework.web.servlet.mvc.method.annotation.RequestMappingHandlerAdapter.invokeHandlerMethod(RequestMappingHandlerAdapter.java:926)
	at org.springframework.web.servlet.mvc.method.annotation.RequestMappingHandlerAdapter.handleInternal(RequestMappingHandlerAdapter.java:831)
	at org.springframework.web.servlet.mvc.method.AbstractHandlerMethodAdapter.handle(AbstractHandlerMethodAdapter.java:87)
	at org.springframework.web.servlet.DispatcherServlet.doDispatch(DispatcherServlet.java:1089)
	at org.springframework.web.servlet.DispatcherServlet.doService(DispatcherServlet.java:979)
	at org.springframework.web.servlet.FrameworkServlet.processRequest(FrameworkServlet.java:1014)
	at org.springframework.web.servlet.FrameworkServlet.doGet(FrameworkServlet.java:903)
	at jakarta.servlet.http.HttpServlet.service(HttpServlet.java:564)
	at org.springframework.web.servlet.FrameworkServlet.service(FrameworkServlet.java:885)
	at jakarta.servlet.http.HttpServlet.service(HttpServlet.java:658)
	at org.apache.catalina.core.ApplicationFilterChain.internalDoFilter(ApplicationFilterChain.java:195)
	at org.apache.catalina.core.ApplicationFilterChain.doFilter(ApplicationFilterChain.java:140)
	at org.apache.tomcat.websocket.server.WsFilter.doFilter(WsFilter.java:51)
	at org.apache.catalina.core.ApplicationFilterChain.internalDoFilter(ApplicationFilterChain.java:164)
	at org.apache.catalina.core.ApplicationFilterChain.doFilter(ApplicationFilterChain.java:140)
	at org.springframework.web.filter.CorsFilter.doFilterInternal(CorsFilter.java:91)
	at org.springframework.web.filter.OncePerRequestFilter.doFilter(OncePerRequestFilter.java:116)
	at org.apache.catalina.core.ApplicationFilterChain.internalDoFilter(ApplicationFilterChain.java:164)
	at org.apache.catalina.core.ApplicationFilterChain.doFilter(ApplicationFilterChain.java:140)
	at org.springframework.web.filter.RequestContextFilter.doFilterInternal(RequestContextFilter.java:100)
	at org.springframework.web.filter.OncePerRequestFilter.doFilter(OncePerRequestFilter.java:116)
	at org.apache.catalina.core.ApplicationFilterChain.internalDoFilter(ApplicationFilterChain.java:164)
	at org.apache.catalina.core.ApplicationFilterChain.doFilter(ApplicationFilterChain.java:140)
	at org.springframework.web.filter.FormContentFilter.doFilterInternal(FormContentFilter.java:93)
	at org.springframework.web.filter.OncePerRequestFilter.doFilter(OncePerRequestFilter.java:116)
	at org.apache.catalina.core.ApplicationFilterChain.internalDoFilter(ApplicationFilterChain.java:164)
	at org.apache.catalina.core.ApplicationFilterChain.doFilter(ApplicationFilterChain.java:140)
	at org.springframework.web.filter.CharacterEncodingFilter.doFilterInternal(CharacterEncodingFilter.java:201)
	at org.springframework.web.filter.OncePerRequestFilter.doFilter(OncePerRequestFilter.java:116)
	at org.apache.catalina.core.ApplicationFilterChain.internalDoFilter(ApplicationFilterChain.java:164)
	at org.apache.catalina.core.ApplicationFilterChain.doFilter(ApplicationFilterChain.java:140)
	at org.apache.catalina.core.StandardWrapperValve.invoke(StandardWrapperValve.java:167)
	at org.apache.catalina.core.StandardContextValve.invoke(StandardContextValve.java:90)
	at org.apache.catalina.authenticator.AuthenticatorBase.invoke(AuthenticatorBase.java:483)
	at org.apache.catalina.core.StandardHostValve.invoke(StandardHostValve.java:115)
	at org.apache.catalina.valves.ErrorReportValve.invoke(ErrorReportValve.java:93)
	at org.apache.catalina.core.StandardEngineValve.invoke(StandardEngineValve.java:74)
	at org.apache.catalina.connector.CoyoteAdapter.service(CoyoteAdapter.java:344)
	at org.apache.coyote.http11.Http11Processor.service(Http11Processor.java:389)
	at org.apache.coyote.AbstractProcessorLight.process(AbstractProcessorLight.java:63)
	at org.apache.coyote.AbstractProtocol$ConnectionHandler.process(AbstractProtocol.java:904)
	at org.apache.tomcat.util.net.NioEndpoint$SocketProcessor.doRun(NioEndpoint.java:1741)
	at org.apache.tomcat.util.net.SocketProcessorBase.run(SocketProcessorBase.java:52)
	at org.apache.tomcat.util.threads.ThreadPoolExecutor.runWorker(ThreadPoolExecutor.java:1190)
	at org.apache.tomcat.util.threads.ThreadPoolExecutor$Worker.run(ThreadPoolExecutor.java:659)
	at org.apache.tomcat.util.threads.TaskThread$WrappingRunnable.run(TaskThread.java:63)
	at java.base/java.lang.Thread.run(Thread.java:842)
Caused by: java.sql.SQLSyntaxErrorException: ORA-01722: invalid number

	at oracle.jdbc.driver.T4CTTIoer11.processError(T4CTTIoer11.java:630)
	at oracle.jdbc.driver.T4CTTIoer11.processError(T4CTTIoer11.java:564)
	at oracle.jdbc.driver.T4C8Oall.processError(T4C8Oall.java:1231)
	at oracle.jdbc.driver.T4CTTIfun.receive(T4CTTIfun.java:772)
	at oracle.jdbc.driver.T4CTTIfun.doRPC(T4CTTIfun.java:299)
	at oracle.jdbc.driver.T4C8Oall.doOALL(T4C8Oall.java:512)
	at oracle.jdbc.driver.T4CPreparedStatement.doOall8(T4CPreparedStatement.java:163)
	at oracle.jdbc.driver.T4CPreparedStatement.executeForDescribe(T4CPreparedStatement.java:1010)
	at oracle.jdbc.driver.OracleStatement.prepareDefineBufferAndExecute(OracleStatement.java:1271)
	at oracle.jdbc.driver.OracleStatement.executeMaybeDescribe(OracleStatement.java:1149)
	at oracle.jdbc.driver.OracleStatement.executeSQLSelect(OracleStatement.java:1661)
	at oracle.jdbc.driver.OracleStatement.doExecuteWithTimeout(OracleStatement.java:1470)
	at oracle.jdbc.driver.OraclePreparedStatement.executeInternal(OraclePreparedStatement.java:3761)
	at oracle.jdbc.driver.OraclePreparedStatement.execute(OraclePreparedStatement.java:4136)
	at oracle.jdbc.driver.OraclePreparedStatementWrapper.execute(OraclePreparedStatementWrapper.java:1014)
	at com.zaxxer.hikari.pool.ProxyPreparedStatement.execute(ProxyPreparedStatement.java:44)
	at com.zaxxer.hikari.pool.HikariProxyPreparedStatement.execute(HikariProxyPreparedStatement.java)
	at org.apache.ibatis.executor.statement.PreparedStatementHandler.query(PreparedStatementHandler.java:65)
	at org.apache.ibatis.executor.statement.RoutingStatementHandler.query(RoutingStatementHandler.java:80)
	at org.apache.ibatis.executor.SimpleExecutor.doQuery(SimpleExecutor.java:65)
	at org.apache.ibatis.executor.BaseExecutor.queryFromDatabase(BaseExecutor.java:336)
	at org.apache.ibatis.executor.BaseExecutor.query(BaseExecutor.java:158)
	at org.apache.ibatis.executor.CachingExecutor.query(CachingExecutor.java:110)
	at org.apache.ibatis.executor.CachingExecutor.query(CachingExecutor.java:90)
	at org.apache.ibatis.session.defaults.DefaultSqlSession.selectList(DefaultSqlSession.java:154)
	at org.apache.ibatis.session.defaults.DefaultSqlSession.selectList(DefaultSqlSession.java:147)
	at org.apache.ibatis.session.defaults.DefaultSqlSession.selectList(DefaultSqlSession.java:142)
	at java.base/jdk.internal.reflect.NativeMethodAccessorImpl.invoke0(Native Method)
	at java.base/jdk.internal.reflect.NativeMethodAccessorImpl.invoke(NativeMethodAccessorImpl.java:77)
	at java.base/jdk.internal.reflect.DelegatingMethodAccessorImpl.invoke(DelegatingMethodAccessorImpl.java:43)
	at java.base/java.lang.reflect.Method.invoke(Method.java:568)
	at org.mybatis.spring.SqlSessionTemplate$SqlSessionInterceptor.invoke(SqlSessionTemplate.java:333)
	... 113 common frames omitted
Caused by: oracle.jdbc.OracleDatabaseException: ORA-01722: invalid number

	at oracle.jdbc.driver.T4CTTIoer11.processError(T4CTTIoer11.java:637)
	... 144 common frames omitted
2026-03-04 17:20:36.899 INFO  o.s.o.j.LocalContainerEntityManagerFactoryBean - Closing JPA EntityManagerFactory for persistence unit 'default'
2026-03-04 17:20:36.916 INFO  com.zaxxer.hikari.HikariDataSource - HikariPool-1 - Shutdown initiated...
2026-03-04 17:20:36.966 INFO  com.zaxxer.hikari.HikariDataSource - HikariPool-1 - Shutdown completed.
2026-03-04 17:20:42.886 INFO  o.h.validator.internal.util.Version - HV000001: Hibernate Validator 8.0.1.Final
2026-03-04 17:20:42.951 INFO  kr.co.seoulit.ReceptionApplication - Starting ReceptionApplication using Java 17.0.12 with PID 40440 (D:\서울IT교육센터\dev\teamwork\project\backend\hospital_reception_backend\reception_back\build\classes\java\main started by USER in D:\서울IT교육센터\dev\teamwork\project\backend\hospital_reception_backend\reception_back)
2026-03-04 17:20:42.953 INFO  kr.co.seoulit.ReceptionApplication - No active profile set, falling back to 1 default profile: "default"
2026-03-04 17:20:44.170 INFO  o.s.d.r.c.RepositoryConfigurationDelegate - Multiple Spring Data modules found, entering strict repository configuration mode
2026-03-04 17:20:44.172 INFO  o.s.d.r.c.RepositoryConfigurationDelegate - Bootstrapping Spring Data JPA repositories in DEFAULT mode.
2026-03-04 17:20:44.399 INFO  o.s.d.r.c.RepositoryConfigurationDelegate - Finished Spring Data repository scanning in 218 ms. Found 9 JPA repository interfaces.
2026-03-04 17:20:44.420 INFO  o.s.d.r.c.RepositoryConfigurationDelegate - Multiple Spring Data modules found, entering strict repository configuration mode
2026-03-04 17:20:44.422 INFO  o.s.d.r.c.RepositoryConfigurationDelegate - Bootstrapping Spring Data Redis repositories in DEFAULT mode.
2026-03-04 17:20:44.441 INFO  o.s.d.r.c.RepositoryConfigurationExtensionSupport - Spring Data Redis - Could not safely identify store assignment for repository candidate interface kr.co.seoulit.common.audit.AuditLogRepository; If you want this repository to be a Redis repository, consider annotating your entities with one of these annotations: org.springframework.data.redis.core.RedisHash (preferred), or consider extending one of the following types with your repository: org.springframework.data.keyvalue.repository.KeyValueRepository
2026-03-04 17:20:44.442 INFO  o.s.d.r.c.RepositoryConfigurationExtensionSupport - Spring Data Redis - Could not safely identify store assignment for repository candidate interface kr.co.seoulit.reception.repository.DepartmentRepository; If you want this repository to be a Redis repository, consider annotating your entities with one of these annotations: org.springframework.data.redis.core.RedisHash (preferred), or consider extending one of the following types with your repository: org.springframework.data.keyvalue.repository.KeyValueRepository
2026-03-04 17:20:44.442 INFO  o.s.d.r.c.RepositoryConfigurationExtensionSupport - Spring Data Redis - Could not safely identify store assignment for repository candidate interface kr.co.seoulit.reception.repository.DoctorRepository; If you want this repository to be a Redis repository, consider annotating your entities with one of these annotations: org.springframework.data.redis.core.RedisHash (preferred), or consider extending one of the following types with your repository: org.springframework.data.keyvalue.repository.KeyValueRepository
2026-03-04 17:20:44.442 INFO  o.s.d.r.c.RepositoryConfigurationExtensionSupport - Spring Data Redis - Could not safely identify store assignment for repository candidate interface kr.co.seoulit.reception.repository.PatientRepository; If you want this repository to be a Redis repository, consider annotating your entities with one of these annotations: org.springframework.data.redis.core.RedisHash (preferred), or consider extending one of the following types with your repository: org.springframework.data.keyvalue.repository.KeyValueRepository
2026-03-04 17:20:44.442 INFO  o.s.d.r.c.RepositoryConfigurationExtensionSupport - Spring Data Redis - Could not safely identify store assignment for repository candidate interface kr.co.seoulit.reception.repository.ReceptionEmergencyRepository; If you want this repository to be a Redis repository, consider annotating your entities with one of these annotations: org.springframework.data.redis.core.RedisHash (preferred), or consider extending one of the following types with your repository: org.springframework.data.keyvalue.repository.KeyValueRepository
2026-03-04 17:20:44.443 INFO  o.s.d.r.c.RepositoryConfigurationExtensionSupport - Spring Data Redis - Could not safely identify store assignment for repository candidate interface kr.co.seoulit.reception.repository.ReceptionInpatientRepository; If you want this repository to be a Redis repository, consider annotating your entities with one of these annotations: org.springframework.data.redis.core.RedisHash (preferred), or consider extending one of the following types with your repository: org.springframework.data.keyvalue.repository.KeyValueRepository
2026-03-04 17:20:44.443 INFO  o.s.d.r.c.RepositoryConfigurationExtensionSupport - Spring Data Redis - Could not safely identify store assignment for repository candidate interface kr.co.seoulit.reception.repository.ReceptionRepository; If you want this repository to be a Redis repository, consider annotating your entities with one of these annotations: org.springframework.data.redis.core.RedisHash (preferred), or consider extending one of the following types with your repository: org.springframework.data.keyvalue.repository.KeyValueRepository
2026-03-04 17:20:44.443 INFO  o.s.d.r.c.RepositoryConfigurationExtensionSupport - Spring Data Redis - Could not safely identify store assignment for repository candidate interface kr.co.seoulit.reception.repository.ReceptionStatusHistoryRepository; If you want this repository to be a Redis repository, consider annotating your entities with one of these annotations: org.springframework.data.redis.core.RedisHash (preferred), or consider extending one of the following types with your repository: org.springframework.data.keyvalue.repository.KeyValueRepository
2026-03-04 17:20:44.443 INFO  o.s.d.r.c.RepositoryConfigurationExtensionSupport - Spring Data Redis - Could not safely identify store assignment for repository candidate interface kr.co.seoulit.reception.repository.ReservationRepository; If you want this repository to be a Redis repository, consider annotating your entities with one of these annotations: org.springframework.data.redis.core.RedisHash (preferred), or consider extending one of the following types with your repository: org.springframework.data.keyvalue.repository.KeyValueRepository
2026-03-04 17:20:44.443 INFO  o.s.d.r.c.RepositoryConfigurationDelegate - Finished Spring Data repository scanning in 12 ms. Found 0 Redis repository interfaces.
2026-03-04 17:20:45.336 INFO  o.s.b.w.e.tomcat.TomcatWebServer - Tomcat initialized with port 8283 (http)
2026-03-04 17:20:45.347 INFO  o.a.coyote.http11.Http11NioProtocol - Initializing ProtocolHandler ["http-nio-8283"]
2026-03-04 17:20:45.349 INFO  o.a.catalina.core.StandardService - Starting service [Tomcat]
2026-03-04 17:20:45.349 INFO  o.a.catalina.core.StandardEngine - Starting Servlet engine: [Apache Tomcat/10.1.26]
2026-03-04 17:20:45.435 INFO  o.a.c.c.C.[Tomcat].[localhost].[/] - Initializing Spring embedded WebApplicationContext
2026-03-04 17:20:45.436 INFO  o.s.b.w.s.c.ServletWebServerApplicationContext - Root WebApplicationContext: initialization completed in 2425 ms
2026-03-04 17:20:45.727 INFO  o.h.jpa.internal.util.LogHelper - HHH000204: Processing PersistenceUnitInfo [name: default]
2026-03-04 17:20:45.794 INFO  org.hibernate.Version - HHH000412: Hibernate ORM core version 6.5.2.Final
2026-03-04 17:20:45.833 INFO  o.h.c.i.RegionFactoryInitiator - HHH000026: Second-level cache disabled
2026-03-04 17:20:46.200 INFO  o.s.o.j.p.SpringPersistenceUnitInfo - No LoadTimeWeaver setup: ignoring JPA class transformer
2026-03-04 17:20:46.230 INFO  com.zaxxer.hikari.HikariDataSource - HikariPool-1 - Starting...
2026-03-04 17:20:46.581 INFO  com.zaxxer.hikari.pool.HikariPool - HikariPool-1 - Added connection oracle.jdbc.driver.T4CConnection@3ef089ce
2026-03-04 17:20:46.583 INFO  com.zaxxer.hikari.HikariDataSource - HikariPool-1 - Start completed.
2026-03-04 17:20:46.609 WARN  org.hibernate.orm.deprecation - HHH90000026: Oracle10gDialect has been deprecated; use org.hibernate.community.dialect.OracleLegacyDialect instead
2026-03-04 17:20:48.058 INFO  o.h.e.t.j.p.i.JtaPlatformInitiator - HHH000489: No JTA platform available (set 'hibernate.transaction.jta.platform' to enable JTA platform integration)
2026-03-04 17:20:48.061 INFO  o.s.o.j.LocalContainerEntityManagerFactoryBean - Initialized JPA EntityManagerFactory for persistence unit 'default'
2026-03-04 17:20:49.999 WARN  o.s.b.a.o.j.JpaBaseConfiguration$JpaWebConfiguration - spring.jpa.open-in-view is enabled by default. Therefore, database queries may be performed during view rendering. Explicitly configure spring.jpa.open-in-view to disable this warning
2026-03-04 17:20:50.040 INFO  o.s.b.a.w.s.WelcomePageHandlerMapping - Adding welcome page: class path resource [static/index.html]
2026-03-04 17:20:52.035 INFO  o.a.coyote.http11.Http11NioProtocol - Starting ProtocolHandler ["http-nio-8283"]
2026-03-04 17:20:52.062 INFO  o.s.b.w.e.tomcat.TomcatWebServer - Tomcat started on port 8283 (http) with context path '/'
2026-03-04 17:20:52.074 INFO  kr.co.seoulit.ReceptionApplication - Started ReceptionApplication in 9.759 seconds (process running for 11.231)
2026-03-04 17:20:52.271 INFO  o.a.c.c.C.[Tomcat].[localhost].[/] - Initializing Spring DispatcherServlet 'dispatcherServlet'
2026-03-04 17:20:52.272 INFO  o.s.web.servlet.DispatcherServlet - Initializing Servlet 'dispatcherServlet'
2026-03-04 17:20:52.273 INFO  o.s.web.servlet.DispatcherServlet - Completed initialization in 1 ms
2026-03-04 17:20:52.337 INFO  k.co.seoulit.common.aop.LoggerAspect - Controller  : kr.co.seoulit.reception.controller.InpatientReceptionController.getInpatientReceptions()시작
2026-03-04 17:20:52.338 INFO  k.c.s.r.c.InpatientReceptionController - 입원 접수 목록 요청: searchType=null, searchValue=null
2026-03-04 17:20:52.338 INFO  k.co.seoulit.common.aop.LoggerAspect - ServiceImpl  : kr.co.seoulit.reception.service.InpatientReceptionServiceImpl.getInpatientReceptionList()시작
2026-03-04 17:20:52.441 INFO  k.co.seoulit.common.aop.LoggerAspect - ServiceImpl  : kr.co.seoulit.reception.service.InpatientReceptionServiceImpl.getInpatientReceptionList()종료
2026-03-04 17:20:52.448 INFO  k.co.seoulit.common.aop.LoggerAspect - Controller  : kr.co.seoulit.reception.controller.InpatientReceptionController.getInpatientReceptions()종료
2026-03-04 17:20:54.672 INFO  k.co.seoulit.common.aop.LoggerAspect - Controller  : kr.co.seoulit.reception.controller.InpatientReceptionController.getInpatientReceptions()시작
2026-03-04 17:20:54.673 INFO  k.c.s.r.c.InpatientReceptionController - 입원 접수 목록 요청: searchType=patientName, searchValue=윤채원
2026-03-04 17:20:54.679 INFO  k.co.seoulit.common.aop.LoggerAspect - ServiceImpl  : kr.co.seoulit.reception.service.InpatientReceptionServiceImpl.getInpatientReceptionList()시작
2026-03-04 17:20:54.731 INFO  k.co.seoulit.common.aop.LoggerAspect - ServiceImpl  : kr.co.seoulit.reception.service.InpatientReceptionServiceImpl.getInpatientReceptionList()종료
2026-03-04 17:20:54.738 INFO  k.co.seoulit.common.aop.LoggerAspect - Controller  : kr.co.seoulit.reception.controller.InpatientReceptionController.getInpatientReceptions()종료
2026-03-04 17:20:58.628 INFO  k.co.seoulit.common.aop.LoggerAspect - Controller  : kr.co.seoulit.reception.controller.InpatientReceptionController.getInpatientReceptions()시작
2026-03-04 17:20:58.629 INFO  k.c.s.r.c.InpatientReceptionController - 입원 접수 목록 요청: searchType=null, searchValue=null
2026-03-04 17:20:58.635 INFO  k.co.seoulit.common.aop.LoggerAspect - ServiceImpl  : kr.co.seoulit.reception.service.InpatientReceptionServiceImpl.getInpatientReceptionList()시작
2026-03-04 17:20:58.656 INFO  k.co.seoulit.common.aop.LoggerAspect - ServiceImpl  : kr.co.seoulit.reception.service.InpatientReceptionServiceImpl.getInpatientReceptionList()종료
2026-03-04 17:20:58.661 INFO  k.co.seoulit.common.aop.LoggerAspect - Controller  : kr.co.seoulit.reception.controller.InpatientReceptionController.getInpatientReceptions()종료
2026-03-04 17:21:02.547 INFO  k.co.seoulit.common.aop.LoggerAspect - Controller  : kr.co.seoulit.reception.controller.InpatientReceptionController.getInpatientReceptions()시작
2026-03-04 17:21:02.547 INFO  k.c.s.r.c.InpatientReceptionController - 입원 접수 목록 요청: searchType=patientName, searchValue=신가은
2026-03-04 17:21:02.553 INFO  k.co.seoulit.common.aop.LoggerAspect - ServiceImpl  : kr.co.seoulit.reception.service.InpatientReceptionServiceImpl.getInpatientReceptionList()시작
2026-03-04 17:21:02.573 INFO  k.co.seoulit.common.aop.LoggerAspect - ServiceImpl  : kr.co.seoulit.reception.service.InpatientReceptionServiceImpl.getInpatientReceptionList()종료
2026-03-04 17:21:02.577 INFO  k.co.seoulit.common.aop.LoggerAspect - Controller  : kr.co.seoulit.reception.controller.InpatientReceptionController.getInpatientReceptions()종료
2026-03-04 17:21:03.594 INFO  k.co.seoulit.common.aop.LoggerAspect - Controller  : kr.co.seoulit.reception.controller.InpatientReceptionController.getInpatientReceptions()시작
2026-03-04 17:21:03.595 INFO  k.c.s.r.c.InpatientReceptionController - 입원 접수 목록 요청: searchType=null, searchValue=null
2026-03-04 17:21:03.601 INFO  k.co.seoulit.common.aop.LoggerAspect - ServiceImpl  : kr.co.seoulit.reception.service.InpatientReceptionServiceImpl.getInpatientReceptionList()시작
2026-03-04 17:21:03.624 INFO  k.co.seoulit.common.aop.LoggerAspect - ServiceImpl  : kr.co.seoulit.reception.service.InpatientReceptionServiceImpl.getInpatientReceptionList()종료
2026-03-04 17:21:03.630 INFO  k.co.seoulit.common.aop.LoggerAspect - Controller  : kr.co.seoulit.reception.controller.InpatientReceptionController.getInpatientReceptions()종료
2026-03-04 17:40:56.792 INFO  k.co.seoulit.common.aop.LoggerAspect - Controller  : kr.co.seoulit.reception.controller.InpatientReceptionController.getInpatientReceptions()시작
2026-03-04 17:40:56.793 INFO  k.c.s.r.c.InpatientReceptionController - 입원 접수 목록 요청: searchType=null, searchValue=null
2026-03-04 17:40:56.802 INFO  k.co.seoulit.common.aop.LoggerAspect - ServiceImpl  : kr.co.seoulit.reception.service.InpatientReceptionServiceImpl.getInpatientReceptionList()시작
2026-03-04 17:40:56.824 INFO  k.co.seoulit.common.aop.LoggerAspect - ServiceImpl  : kr.co.seoulit.reception.service.InpatientReceptionServiceImpl.getInpatientReceptionList()종료
2026-03-04 17:40:56.835 INFO  k.co.seoulit.common.aop.LoggerAspect - Controller  : kr.co.seoulit.reception.controller.InpatientReceptionController.getInpatientReceptions()종료
2026-03-04 17:40:58.353 INFO  k.co.seoulit.common.aop.LoggerAspect - Controller  : kr.co.seoulit.reception.controller.InpatientReceptionController.getInpatientReceptions()시작
2026-03-04 17:40:58.354 INFO  k.c.s.r.c.InpatientReceptionController - 입원 접수 목록 요청: searchType=null, searchValue=null
2026-03-04 17:40:58.360 INFO  k.co.seoulit.common.aop.LoggerAspect - ServiceImpl  : kr.co.seoulit.reception.service.InpatientReceptionServiceImpl.getInpatientReceptionList()시작
2026-03-04 17:40:58.402 INFO  k.co.seoulit.common.aop.LoggerAspect - ServiceImpl  : kr.co.seoulit.reception.service.InpatientReceptionServiceImpl.getInpatientReceptionList()종료
2026-03-04 17:40:58.409 INFO  k.co.seoulit.common.aop.LoggerAspect - Controller  : kr.co.seoulit.reception.controller.InpatientReceptionController.getInpatientReceptions()종료
2026-03-04 17:50:09.398 INFO  k.co.seoulit.common.aop.LoggerAspect - Controller  : kr.co.seoulit.reception.controller.InpatientReceptionController.getInpatientReceptions()시작
2026-03-04 17:50:09.401 INFO  k.c.s.r.c.InpatientReceptionController - 입원 접수 목록 요청: searchType=null, searchValue=null
2026-03-04 17:50:09.427 INFO  k.co.seoulit.common.aop.LoggerAspect - ServiceImpl  : kr.co.seoulit.reception.service.InpatientReceptionServiceImpl.getInpatientReceptionList()시작
2026-03-04 17:50:09.451 INFO  k.co.seoulit.common.aop.LoggerAspect - ServiceImpl  : kr.co.seoulit.reception.service.InpatientReceptionServiceImpl.getInpatientReceptionList()종료
2026-03-04 17:50:09.457 INFO  k.co.seoulit.common.aop.LoggerAspect - Controller  : kr.co.seoulit.reception.controller.InpatientReceptionController.getInpatientReceptions()종료
2026-03-04 17:52:07.604 INFO  k.co.seoulit.common.aop.LoggerAspect - Controller  : kr.co.seoulit.reception.controller.InpatientReceptionController.getInpatientReceptions()시작
2026-03-04 17:52:07.604 INFO  k.c.s.r.c.InpatientReceptionController - 입원 접수 목록 요청: searchType=null, searchValue=null
2026-03-04 17:52:07.613 INFO  k.co.seoulit.common.aop.LoggerAspect - ServiceImpl  : kr.co.seoulit.reception.service.InpatientReceptionServiceImpl.getInpatientReceptionList()시작
2026-03-04 17:52:07.660 INFO  k.co.seoulit.common.aop.LoggerAspect - ServiceImpl  : kr.co.seoulit.reception.service.InpatientReceptionServiceImpl.getInpatientReceptionList()종료
2026-03-04 17:52:07.666 INFO  k.co.seoulit.common.aop.LoggerAspect - Controller  : kr.co.seoulit.reception.controller.InpatientReceptionController.getInpatientReceptions()종료
2026-03-04 17:52:33.160 INFO  k.co.seoulit.common.aop.LoggerAspect - Controller  : kr.co.seoulit.reception.controller.InpatientReceptionController.getInpatientReceptions()시작
2026-03-04 17:52:33.160 INFO  k.c.s.r.c.InpatientReceptionController - 입원 접수 목록 요청: searchType=null, searchValue=null
2026-03-04 17:52:33.186 INFO  k.co.seoulit.common.aop.LoggerAspect - ServiceImpl  : kr.co.seoulit.reception.service.InpatientReceptionServiceImpl.getInpatientReceptionList()시작
2026-03-04 17:52:33.213 INFO  k.co.seoulit.common.aop.LoggerAspect - ServiceImpl  : kr.co.seoulit.reception.service.InpatientReceptionServiceImpl.getInpatientReceptionList()종료
2026-03-04 17:52:33.226 INFO  k.co.seoulit.common.aop.LoggerAspect - Controller  : kr.co.seoulit.reception.controller.InpatientReceptionController.getInpatientReceptions()종료
2026-03-04 17:52:51.214 INFO  k.co.seoulit.common.aop.LoggerAspect - Controller  : kr.co.seoulit.reception.controller.InpatientReceptionController.getInpatientReceptions()시작
2026-03-04 17:52:51.215 INFO  k.c.s.r.c.InpatientReceptionController - 입원 접수 목록 요청: searchType=null, searchValue=null
2026-03-04 17:52:51.294 INFO  k.co.seoulit.common.aop.LoggerAspect - ServiceImpl  : kr.co.seoulit.reception.service.InpatientReceptionServiceImpl.getInpatientReceptionList()시작
2026-03-04 17:52:51.532 INFO  k.co.seoulit.common.aop.LoggerAspect - ServiceImpl  : kr.co.seoulit.reception.service.InpatientReceptionServiceImpl.getInpatientReceptionList()종료
2026-03-04 17:52:51.696 INFO  k.co.seoulit.common.aop.LoggerAspect - Controller  : kr.co.seoulit.reception.controller.InpatientReceptionController.getInpatientReceptions()종료
2026-03-04 17:55:40.690 INFO  o.s.o.j.LocalContainerEntityManagerFactoryBean - Closing JPA EntityManagerFactory for persistence unit 'default'
2026-03-04 17:55:40.694 INFO  com.zaxxer.hikari.HikariDataSource - HikariPool-1 - Shutdown initiated...
2026-03-04 17:55:40.807 INFO  com.zaxxer.hikari.HikariDataSource - HikariPool-1 - Shutdown completed.
2026-03-04 18:52:14.317 INFO  o.h.validator.internal.util.Version - HV000001: Hibernate Validator 8.0.1.Final
2026-03-04 18:52:14.381 INFO  kr.co.seoulit.ReceptionApplication - Starting ReceptionApplication using Java 17.0.12 with PID 40208 (D:\서울IT교육센터\dev\teamwork\project\backend\hospital_reception_backend\reception_back\build\classes\java\main started by USER in D:\서울IT교육센터\dev\teamwork\project\backend\hospital_reception_backend\reception_back)
2026-03-04 18:52:14.383 INFO  kr.co.seoulit.ReceptionApplication - No active profile set, falling back to 1 default profile: "default"
2026-03-04 18:52:15.762 INFO  o.s.d.r.c.RepositoryConfigurationDelegate - Multiple Spring Data modules found, entering strict repository configuration mode
2026-03-04 18:52:15.765 INFO  o.s.d.r.c.RepositoryConfigurationDelegate - Bootstrapping Spring Data JPA repositories in DEFAULT mode.
2026-03-04 18:52:16.086 INFO  o.s.d.r.c.RepositoryConfigurationDelegate - Finished Spring Data repository scanning in 311 ms. Found 9 JPA repository interfaces.
2026-03-04 18:52:16.114 INFO  o.s.d.r.c.RepositoryConfigurationDelegate - Multiple Spring Data modules found, entering strict repository configuration mode
2026-03-04 18:52:16.116 INFO  o.s.d.r.c.RepositoryConfigurationDelegate - Bootstrapping Spring Data Redis repositories in DEFAULT mode.
2026-03-04 18:52:16.134 INFO  o.s.d.r.c.RepositoryConfigurationExtensionSupport - Spring Data Redis - Could not safely identify store assignment for repository candidate interface kr.co.seoulit.common.audit.AuditLogRepository; If you want this repository to be a Redis repository, consider annotating your entities with one of these annotations: org.springframework.data.redis.core.RedisHash (preferred), or consider extending one of the following types with your repository: org.springframework.data.keyvalue.repository.KeyValueRepository
2026-03-04 18:52:16.134 INFO  o.s.d.r.c.RepositoryConfigurationExtensionSupport - Spring Data Redis - Could not safely identify store assignment for repository candidate interface kr.co.seoulit.reception.repository.DepartmentRepository; If you want this repository to be a Redis repository, consider annotating your entities with one of these annotations: org.springframework.data.redis.core.RedisHash (preferred), or consider extending one of the following types with your repository: org.springframework.data.keyvalue.repository.KeyValueRepository
2026-03-04 18:52:16.135 INFO  o.s.d.r.c.RepositoryConfigurationExtensionSupport - Spring Data Redis - Could not safely identify store assignment for repository candidate interface kr.co.seoulit.reception.repository.DoctorRepository; If you want this repository to be a Redis repository, consider annotating your entities with one of these annotations: org.springframework.data.redis.core.RedisHash (preferred), or consider extending one of the following types with your repository: org.springframework.data.keyvalue.repository.KeyValueRepository
2026-03-04 18:52:16.135 INFO  o.s.d.r.c.RepositoryConfigurationExtensionSupport - Spring Data Redis - Could not safely identify store assignment for repository candidate interface kr.co.seoulit.reception.repository.PatientRepository; If you want this repository to be a Redis repository, consider annotating your entities with one of these annotations: org.springframework.data.redis.core.RedisHash (preferred), or consider extending one of the following types with your repository: org.springframework.data.keyvalue.repository.KeyValueRepository
2026-03-04 18:52:16.135 INFO  o.s.d.r.c.RepositoryConfigurationExtensionSupport - Spring Data Redis - Could not safely identify store assignment for repository candidate interface kr.co.seoulit.reception.repository.ReceptionEmergencyRepository; If you want this repository to be a Redis repository, consider annotating your entities with one of these annotations: org.springframework.data.redis.core.RedisHash (preferred), or consider extending one of the following types with your repository: org.springframework.data.keyvalue.repository.KeyValueRepository
2026-03-04 18:52:16.136 INFO  o.s.d.r.c.RepositoryConfigurationExtensionSupport - Spring Data Redis - Could not safely identify store assignment for repository candidate interface kr.co.seoulit.reception.repository.ReceptionInpatientRepository; If you want this repository to be a Redis repository, consider annotating your entities with one of these annotations: org.springframework.data.redis.core.RedisHash (preferred), or consider extending one of the following types with your repository: org.springframework.data.keyvalue.repository.KeyValueRepository
2026-03-04 18:52:16.136 INFO  o.s.d.r.c.RepositoryConfigurationExtensionSupport - Spring Data Redis - Could not safely identify store assignment for repository candidate interface kr.co.seoulit.reception.repository.ReceptionRepository; If you want this repository to be a Redis repository, consider annotating your entities with one of these annotations: org.springframework.data.redis.core.RedisHash (preferred), or consider extending one of the following types with your repository: org.springframework.data.keyvalue.repository.KeyValueRepository
2026-03-04 18:52:16.137 INFO  o.s.d.r.c.RepositoryConfigurationExtensionSupport - Spring Data Redis - Could not safely identify store assignment for repository candidate interface kr.co.seoulit.reception.repository.ReceptionStatusHistoryRepository; If you want this repository to be a Redis repository, consider annotating your entities with one of these annotations: org.springframework.data.redis.core.RedisHash (preferred), or consider extending one of the following types with your repository: org.springframework.data.keyvalue.repository.KeyValueRepository
2026-03-04 18:52:16.137 INFO  o.s.d.r.c.RepositoryConfigurationExtensionSupport - Spring Data Redis - Could not safely identify store assignment for repository candidate interface kr.co.seoulit.reception.repository.ReservationRepository; If you want this repository to be a Redis repository, consider annotating your entities with one of these annotations: org.springframework.data.redis.core.RedisHash (preferred), or consider extending one of the following types with your repository: org.springframework.data.keyvalue.repository.KeyValueRepository
2026-03-04 18:52:16.137 INFO  o.s.d.r.c.RepositoryConfigurationDelegate - Finished Spring Data repository scanning in 11 ms. Found 0 Redis repository interfaces.
2026-03-04 18:52:17.044 INFO  o.s.b.w.e.tomcat.TomcatWebServer - Tomcat initialized with port 8283 (http)
2026-03-04 18:52:17.056 INFO  o.a.coyote.http11.Http11NioProtocol - Initializing ProtocolHandler ["http-nio-8283"]
2026-03-04 18:52:17.058 INFO  o.a.catalina.core.StandardService - Starting service [Tomcat]
2026-03-04 18:52:17.058 INFO  o.a.catalina.core.StandardEngine - Starting Servlet engine: [Apache Tomcat/10.1.26]
2026-03-04 18:52:17.182 INFO  o.a.c.c.C.[Tomcat].[localhost].[/] - Initializing Spring embedded WebApplicationContext
2026-03-04 18:52:17.183 INFO  o.s.b.w.s.c.ServletWebServerApplicationContext - Root WebApplicationContext: initialization completed in 2730 ms
2026-03-04 18:52:17.496 INFO  o.h.jpa.internal.util.LogHelper - HHH000204: Processing PersistenceUnitInfo [name: default]
2026-03-04 18:52:17.572 INFO  org.hibernate.Version - HHH000412: Hibernate ORM core version 6.5.2.Final
2026-03-04 18:52:17.617 INFO  o.h.c.i.RegionFactoryInitiator - HHH000026: Second-level cache disabled
2026-03-04 18:52:18.034 INFO  o.s.o.j.p.SpringPersistenceUnitInfo - No LoadTimeWeaver setup: ignoring JPA class transformer
2026-03-04 18:52:18.065 INFO  com.zaxxer.hikari.HikariDataSource - HikariPool-1 - Starting...
2026-03-04 18:52:18.698 INFO  com.zaxxer.hikari.pool.HikariPool - HikariPool-1 - Added connection oracle.jdbc.driver.T4CConnection@2e4339c1
2026-03-04 18:52:18.701 INFO  com.zaxxer.hikari.HikariDataSource - HikariPool-1 - Start completed.
2026-03-04 18:52:18.739 WARN  org.hibernate.orm.deprecation - HHH90000026: Oracle10gDialect has been deprecated; use org.hibernate.community.dialect.OracleLegacyDialect instead
2026-03-04 18:52:20.283 INFO  o.h.e.t.j.p.i.JtaPlatformInitiator - HHH000489: No JTA platform available (set 'hibernate.transaction.jta.platform' to enable JTA platform integration)
2026-03-04 18:52:20.287 INFO  o.s.o.j.LocalContainerEntityManagerFactoryBean - Initialized JPA EntityManagerFactory for persistence unit 'default'
2026-03-04 18:52:22.048 WARN  o.s.b.a.o.j.JpaBaseConfiguration$JpaWebConfiguration - spring.jpa.open-in-view is enabled by default. Therefore, database queries may be performed during view rendering. Explicitly configure spring.jpa.open-in-view to disable this warning
2026-03-04 18:52:22.106 INFO  o.s.b.a.w.s.WelcomePageHandlerMapping - Adding welcome page: class path resource [static/index.html]
2026-03-04 18:52:23.292 INFO  o.a.coyote.http11.Http11NioProtocol - Starting ProtocolHandler ["http-nio-8283"]
2026-03-04 18:52:23.328 INFO  o.s.b.w.e.tomcat.TomcatWebServer - Tomcat started on port 8283 (http) with context path '/'
2026-03-04 18:52:23.342 INFO  kr.co.seoulit.ReceptionApplication - Started ReceptionApplication in 9.872 seconds (process running for 11.762)
2026-03-04 18:52:31.680 INFO  o.a.c.c.C.[Tomcat].[localhost].[/] - Initializing Spring DispatcherServlet 'dispatcherServlet'
2026-03-04 18:52:31.681 INFO  o.s.web.servlet.DispatcherServlet - Initializing Servlet 'dispatcherServlet'
2026-03-04 18:52:31.694 INFO  o.s.web.servlet.DispatcherServlet - Completed initialization in 13 ms
2026-03-04 18:52:31.963 INFO  k.co.seoulit.common.aop.LoggerAspect - Controller  : kr.co.seoulit.reception.controller.EmergencyReceptionController.getEmergencyReceptions()시작
2026-03-04 18:52:31.964 INFO  k.c.s.r.c.EmergencyReceptionController - 응급 접수 목록 요청: searchType=null, searchValue=null
2026-03-04 18:52:31.981 INFO  k.co.seoulit.common.aop.LoggerAspect - ServiceImpl  : kr.co.seoulit.reception.service.EmergencyReceptionServiceImpl.getEmergencyReceptionList()시작
2026-03-04 18:52:32.206 INFO  k.co.seoulit.common.aop.LoggerAspect - ServiceImpl  : kr.co.seoulit.reception.service.EmergencyReceptionServiceImpl.getEmergencyReceptionList()종료
2026-03-04 18:52:32.213 INFO  k.co.seoulit.common.aop.LoggerAspect - Controller  : kr.co.seoulit.reception.controller.EmergencyReceptionController.getEmergencyReceptions()종료
2026-03-04 18:52:32.312 INFO  k.co.seoulit.common.aop.LoggerAspect - Controller  : kr.co.seoulit.reception.controller.EmergencyReceptionController.getEmergencyReceptions()시작
2026-03-04 18:52:32.313 INFO  k.c.s.r.c.EmergencyReceptionController - 응급 접수 목록 요청: searchType=null, searchValue=null
2026-03-04 18:52:32.314 INFO  k.co.seoulit.common.aop.LoggerAspect - ServiceImpl  : kr.co.seoulit.reception.service.EmergencyReceptionServiceImpl.getEmergencyReceptionList()시작
2026-03-04 18:52:32.331 INFO  k.co.seoulit.common.aop.LoggerAspect - ServiceImpl  : kr.co.seoulit.reception.service.EmergencyReceptionServiceImpl.getEmergencyReceptionList()종료
2026-03-04 18:52:32.336 INFO  k.co.seoulit.common.aop.LoggerAspect - Controller  : kr.co.seoulit.reception.controller.EmergencyReceptionController.getEmergencyReceptions()종료
2026-03-04 18:52:32.341 INFO  k.co.seoulit.common.aop.LoggerAspect - Controller  : kr.co.seoulit.reception.controller.EmergencyReceptionController.getEmergencyReceptions()시작
2026-03-04 18:52:32.341 INFO  k.c.s.r.c.EmergencyReceptionController - 응급 접수 목록 요청: searchType=null, searchValue=null
2026-03-04 18:52:32.341 INFO  k.co.seoulit.common.aop.LoggerAspect - ServiceImpl  : kr.co.seoulit.reception.service.EmergencyReceptionServiceImpl.getEmergencyReceptionList()시작
2026-03-04 18:52:32.358 INFO  k.co.seoulit.common.aop.LoggerAspect - ServiceImpl  : kr.co.seoulit.reception.service.EmergencyReceptionServiceImpl.getEmergencyReceptionList()종료
2026-03-04 18:52:32.365 INFO  k.co.seoulit.common.aop.LoggerAspect - Controller  : kr.co.seoulit.reception.controller.EmergencyReceptionController.getEmergencyReceptions()종료
2026-03-04 19:02:43.235 INFO  k.co.seoulit.common.aop.LoggerAspect - Controller  : kr.co.seoulit.reception.controller.EmergencyReceptionController.getEmergencyReceptions()시작
2026-03-04 19:02:43.235 INFO  k.c.s.r.c.EmergencyReceptionController - 응급 접수 목록 요청: searchType=null, searchValue=null
2026-03-04 19:02:43.252 INFO  k.co.seoulit.common.aop.LoggerAspect - ServiceImpl  : kr.co.seoulit.reception.service.EmergencyReceptionServiceImpl.getEmergencyReceptionList()시작
2026-03-04 19:02:43.293 INFO  k.co.seoulit.common.aop.LoggerAspect - ServiceImpl  : kr.co.seoulit.reception.service.EmergencyReceptionServiceImpl.getEmergencyReceptionList()종료
2026-03-04 19:02:43.300 INFO  k.co.seoulit.common.aop.LoggerAspect - Controller  : kr.co.seoulit.reception.controller.EmergencyReceptionController.getEmergencyReceptions()종료
2026-03-04 19:03:07.302 INFO  k.co.seoulit.common.aop.LoggerAspect - Controller  : kr.co.seoulit.reception.controller.EmergencyReceptionController.getEmergencyReceptions()시작
2026-03-04 19:03:07.302 INFO  k.c.s.r.c.EmergencyReceptionController - 응급 접수 목록 요청: searchType=null, searchValue=null
2026-03-04 19:03:07.309 INFO  k.co.seoulit.common.aop.LoggerAspect - ServiceImpl  : kr.co.seoulit.reception.service.EmergencyReceptionServiceImpl.getEmergencyReceptionList()시작
2026-03-04 19:03:07.329 INFO  k.co.seoulit.common.aop.LoggerAspect - ServiceImpl  : kr.co.seoulit.reception.service.EmergencyReceptionServiceImpl.getEmergencyReceptionList()종료
2026-03-04 19:03:07.335 INFO  k.co.seoulit.common.aop.LoggerAspect - Controller  : kr.co.seoulit.reception.controller.EmergencyReceptionController.getEmergencyReceptions()종료
2026-03-04 19:03:14.546 INFO  k.co.seoulit.common.aop.LoggerAspect - Controller  : kr.co.seoulit.reception.controller.EmergencyReceptionController.getEmergencyReceptions()시작
2026-03-04 19:03:14.547 INFO  k.c.s.r.c.EmergencyReceptionController - 응급 접수 목록 요청: searchType=null, searchValue=null
2026-03-04 19:03:14.556 INFO  k.co.seoulit.common.aop.LoggerAspect - ServiceImpl  : kr.co.seoulit.reception.service.EmergencyReceptionServiceImpl.getEmergencyReceptionList()시작
2026-03-04 19:03:14.580 INFO  k.co.seoulit.common.aop.LoggerAspect - ServiceImpl  : kr.co.seoulit.reception.service.EmergencyReceptionServiceImpl.getEmergencyReceptionList()종료
2026-03-04 19:03:14.587 INFO  k.co.seoulit.common.aop.LoggerAspect - Controller  : kr.co.seoulit.reception.controller.EmergencyReceptionController.getEmergencyReceptions()종료
2026-03-04 19:10:06.447 WARN  k.c.s.c.h.GlobalExceptionHandler - No resource found
org.springframework.web.servlet.resource.NoResourceFoundException: No static resource api/assessment.
	at org.springframework.web.servlet.resource.ResourceHttpRequestHandler.handleRequest(ResourceHttpRequestHandler.java:585)
	at org.springframework.web.servlet.mvc.HttpRequestHandlerAdapter.handle(HttpRequestHandlerAdapter.java:52)
	at org.springframework.web.servlet.DispatcherServlet.doDispatch(DispatcherServlet.java:1089)
	at org.springframework.web.servlet.DispatcherServlet.doService(DispatcherServlet.java:979)
	at org.springframework.web.servlet.FrameworkServlet.processRequest(FrameworkServlet.java:1014)
	at org.springframework.web.servlet.FrameworkServlet.doGet(FrameworkServlet.java:903)
	at jakarta.servlet.http.HttpServlet.service(HttpServlet.java:564)
	at org.springframework.web.servlet.FrameworkServlet.service(FrameworkServlet.java:885)
	at jakarta.servlet.http.HttpServlet.service(HttpServlet.java:658)
	at org.apache.catalina.core.ApplicationFilterChain.internalDoFilter(ApplicationFilterChain.java:195)
	at org.apache.catalina.core.ApplicationFilterChain.doFilter(ApplicationFilterChain.java:140)
	at org.apache.tomcat.websocket.server.WsFilter.doFilter(WsFilter.java:51)
	at org.apache.catalina.core.ApplicationFilterChain.internalDoFilter(ApplicationFilterChain.java:164)
	at org.apache.catalina.core.ApplicationFilterChain.doFilter(ApplicationFilterChain.java:140)
	at org.springframework.web.filter.CorsFilter.doFilterInternal(CorsFilter.java:91)
	at org.springframework.web.filter.OncePerRequestFilter.doFilter(OncePerRequestFilter.java:116)
	at org.apache.catalina.core.ApplicationFilterChain.internalDoFilter(ApplicationFilterChain.java:164)
	at org.apache.catalina.core.ApplicationFilterChain.doFilter(ApplicationFilterChain.java:140)
	at org.springframework.web.filter.RequestContextFilter.doFilterInternal(RequestContextFilter.java:100)
	at org.springframework.web.filter.OncePerRequestFilter.doFilter(OncePerRequestFilter.java:116)
	at org.apache.catalina.core.ApplicationFilterChain.internalDoFilter(ApplicationFilterChain.java:164)
	at org.apache.catalina.core.ApplicationFilterChain.doFilter(ApplicationFilterChain.java:140)
	at org.springframework.web.filter.FormContentFilter.doFilterInternal(FormContentFilter.java:93)
	at org.springframework.web.filter.OncePerRequestFilter.doFilter(OncePerRequestFilter.java:116)
	at org.apache.catalina.core.ApplicationFilterChain.internalDoFilter(ApplicationFilterChain.java:164)
	at org.apache.catalina.core.ApplicationFilterChain.doFilter(ApplicationFilterChain.java:140)
	at org.springframework.web.filter.CharacterEncodingFilter.doFilterInternal(CharacterEncodingFilter.java:201)
	at org.springframework.web.filter.OncePerRequestFilter.doFilter(OncePerRequestFilter.java:116)
	at org.apache.catalina.core.ApplicationFilterChain.internalDoFilter(ApplicationFilterChain.java:164)
	at org.apache.catalina.core.ApplicationFilterChain.doFilter(ApplicationFilterChain.java:140)
	at org.apache.catalina.core.StandardWrapperValve.invoke(StandardWrapperValve.java:167)
	at org.apache.catalina.core.StandardContextValve.invoke(StandardContextValve.java:90)
	at org.apache.catalina.authenticator.AuthenticatorBase.invoke(AuthenticatorBase.java:483)
	at org.apache.catalina.core.StandardHostValve.invoke(StandardHostValve.java:115)
	at org.apache.catalina.valves.ErrorReportValve.invoke(ErrorReportValve.java:93)
	at org.apache.catalina.core.StandardEngineValve.invoke(StandardEngineValve.java:74)
	at org.apache.catalina.connector.CoyoteAdapter.service(CoyoteAdapter.java:344)
	at org.apache.coyote.http11.Http11Processor.service(Http11Processor.java:389)
	at org.apache.coyote.AbstractProcessorLight.process(AbstractProcessorLight.java:63)
	at org.apache.coyote.AbstractProtocol$ConnectionHandler.process(AbstractProtocol.java:904)
	at org.apache.tomcat.util.net.NioEndpoint$SocketProcessor.doRun(NioEndpoint.java:1741)
	at org.apache.tomcat.util.net.SocketProcessorBase.run(SocketProcessorBase.java:52)
	at org.apache.tomcat.util.threads.ThreadPoolExecutor.runWorker(ThreadPoolExecutor.java:1190)
	at org.apache.tomcat.util.threads.ThreadPoolExecutor$Worker.run(ThreadPoolExecutor.java:659)
	at org.apache.tomcat.util.threads.TaskThread$WrappingRunnable.run(TaskThread.java:63)
	at java.base/java.lang.Thread.run(Thread.java:842)
2026-03-04 19:10:06.484 WARN  k.c.s.c.h.GlobalExceptionHandler - No resource found
org.springframework.web.servlet.resource.NoResourceFoundException: No static resource api/assessment.
	at org.springframework.web.servlet.resource.ResourceHttpRequestHandler.handleRequest(ResourceHttpRequestHandler.java:585)
	at org.springframework.web.servlet.mvc.HttpRequestHandlerAdapter.handle(HttpRequestHandlerAdapter.java:52)
	at org.springframework.web.servlet.DispatcherServlet.doDispatch(DispatcherServlet.java:1089)
	at org.springframework.web.servlet.DispatcherServlet.doService(DispatcherServlet.java:979)
	at org.springframework.web.servlet.FrameworkServlet.processRequest(FrameworkServlet.java:1014)
	at org.springframework.web.servlet.FrameworkServlet.doGet(FrameworkServlet.java:903)
	at jakarta.servlet.http.HttpServlet.service(HttpServlet.java:564)
	at org.springframework.web.servlet.FrameworkServlet.service(FrameworkServlet.java:885)
	at jakarta.servlet.http.HttpServlet.service(HttpServlet.java:658)
	at org.apache.catalina.core.ApplicationFilterChain.internalDoFilter(ApplicationFilterChain.java:195)
	at org.apache.catalina.core.ApplicationFilterChain.doFilter(ApplicationFilterChain.java:140)
	at org.apache.tomcat.websocket.server.WsFilter.doFilter(WsFilter.java:51)
	at org.apache.catalina.core.ApplicationFilterChain.internalDoFilter(ApplicationFilterChain.java:164)
	at org.apache.catalina.core.ApplicationFilterChain.doFilter(ApplicationFilterChain.java:140)
	at org.springframework.web.filter.CorsFilter.doFilterInternal(CorsFilter.java:91)
	at org.springframework.web.filter.OncePerRequestFilter.doFilter(OncePerRequestFilter.java:116)
	at org.apache.catalina.core.ApplicationFilterChain.internalDoFilter(ApplicationFilterChain.java:164)
	at org.apache.catalina.core.ApplicationFilterChain.doFilter(ApplicationFilterChain.java:140)
	at org.springframework.web.filter.RequestContextFilter.doFilterInternal(RequestContextFilter.java:100)
	at org.springframework.web.filter.OncePerRequestFilter.doFilter(OncePerRequestFilter.java:116)
	at org.apache.catalina.core.ApplicationFilterChain.internalDoFilter(ApplicationFilterChain.java:164)
	at org.apache.catalina.core.ApplicationFilterChain.doFilter(ApplicationFilterChain.java:140)
	at org.springframework.web.filter.FormContentFilter.doFilterInternal(FormContentFilter.java:93)
	at org.springframework.web.filter.OncePerRequestFilter.doFilter(OncePerRequestFilter.java:116)
	at org.apache.catalina.core.ApplicationFilterChain.internalDoFilter(ApplicationFilterChain.java:164)
	at org.apache.catalina.core.ApplicationFilterChain.doFilter(ApplicationFilterChain.java:140)
	at org.springframework.web.filter.CharacterEncodingFilter.doFilterInternal(CharacterEncodingFilter.java:201)
	at org.springframework.web.filter.OncePerRequestFilter.doFilter(OncePerRequestFilter.java:116)
	at org.apache.catalina.core.ApplicationFilterChain.internalDoFilter(ApplicationFilterChain.java:164)
	at org.apache.catalina.core.ApplicationFilterChain.doFilter(ApplicationFilterChain.java:140)
	at org.apache.catalina.core.StandardWrapperValve.invoke(StandardWrapperValve.java:167)
	at org.apache.catalina.core.StandardContextValve.invoke(StandardContextValve.java:90)
	at org.apache.catalina.authenticator.AuthenticatorBase.invoke(AuthenticatorBase.java:483)
	at org.apache.catalina.core.StandardHostValve.invoke(StandardHostValve.java:115)
	at org.apache.catalina.valves.ErrorReportValve.invoke(ErrorReportValve.java:93)
	at org.apache.catalina.core.StandardEngineValve.invoke(StandardEngineValve.java:74)
	at org.apache.catalina.connector.CoyoteAdapter.service(CoyoteAdapter.java:344)
	at org.apache.coyote.http11.Http11Processor.service(Http11Processor.java:389)
	at org.apache.coyote.AbstractProcessorLight.process(AbstractProcessorLight.java:63)
	at org.apache.coyote.AbstractProtocol$ConnectionHandler.process(AbstractProtocol.java:904)
	at org.apache.tomcat.util.net.NioEndpoint$SocketProcessor.doRun(NioEndpoint.java:1741)
	at org.apache.tomcat.util.net.SocketProcessorBase.run(SocketProcessorBase.java:52)
	at org.apache.tomcat.util.threads.ThreadPoolExecutor.runWorker(ThreadPoolExecutor.java:1190)
	at org.apache.tomcat.util.threads.ThreadPoolExecutor$Worker.run(ThreadPoolExecutor.java:659)
	at org.apache.tomcat.util.threads.TaskThread$WrappingRunnable.run(TaskThread.java:63)
	at java.base/java.lang.Thread.run(Thread.java:842)
2026-03-04 19:10:33.684 INFO  k.co.seoulit.common.aop.LoggerAspect - Controller  : kr.co.seoulit.reception.controller.ReservationController.getReservations()시작
2026-03-04 19:10:33.684 INFO  k.co.seoulit.common.aop.LoggerAspect - Controller  : kr.co.seoulit.reception.controller.ReceptionController.getReceptions()시작
2026-03-04 19:10:33.684 INFO  k.c.s.r.c.ReservationController - 예약 목록 요청: searchType=null, searchValue=null
2026-03-04 19:10:33.684 INFO  k.c.s.r.c.ReceptionController - Reception list request: searchType=null, searchValue=null
2026-03-04 19:10:33.693 INFO  k.co.seoulit.common.aop.LoggerAspect - ServiceImpl  : kr.co.seoulit.reception.service.ReceptionServiceImpl.getReceptionList()시작
2026-03-04 19:10:33.694 INFO  k.co.seoulit.common.aop.LoggerAspect - ServiceImpl  : kr.co.seoulit.reception.service.ReservationServiceImpl.getReservationList()시작
2026-03-04 19:10:33.721 INFO  k.co.seoulit.common.aop.LoggerAspect - ServiceImpl  : kr.co.seoulit.reception.service.ReservationServiceImpl.getReservationList()종료
2026-03-04 19:10:33.732 INFO  k.co.seoulit.common.aop.LoggerAspect - Controller  : kr.co.seoulit.reception.controller.ReservationController.getReservations()종료
2026-03-04 19:10:33.776 INFO  k.co.seoulit.common.aop.LoggerAspect - ServiceImpl  : kr.co.seoulit.reception.service.ReceptionServiceImpl.getReceptionList()종료
2026-03-04 19:10:33.781 INFO  k.co.seoulit.common.aop.LoggerAspect - Controller  : kr.co.seoulit.reception.controller.ReceptionController.getReceptions()종료
2026-03-04 19:10:33.843 INFO  k.co.seoulit.common.aop.LoggerAspect - Controller  : kr.co.seoulit.reception.controller.ReservationController.getReservations()시작
2026-03-04 19:10:33.843 INFO  k.co.seoulit.common.aop.LoggerAspect - Controller  : kr.co.seoulit.reception.controller.ReceptionController.getReceptions()시작
2026-03-04 19:10:33.844 INFO  k.c.s.r.c.ReservationController - 예약 목록 요청: searchType=null, searchValue=null
2026-03-04 19:10:33.844 INFO  k.c.s.r.c.ReceptionController - Reception list request: searchType=null, searchValue=null
2026-03-04 19:10:33.844 INFO  k.co.seoulit.common.aop.LoggerAspect - ServiceImpl  : kr.co.seoulit.reception.service.ReceptionServiceImpl.getReceptionList()시작
2026-03-04 19:10:33.845 INFO  k.co.seoulit.common.aop.LoggerAspect - ServiceImpl  : kr.co.seoulit.reception.service.ReservationServiceImpl.getReservationList()시작
2026-03-04 19:10:33.889 INFO  k.co.seoulit.common.aop.LoggerAspect - ServiceImpl  : kr.co.seoulit.reception.service.ReservationServiceImpl.getReservationList()종료
2026-03-04 19:10:33.898 INFO  k.co.seoulit.common.aop.LoggerAspect - Controller  : kr.co.seoulit.reception.controller.ReservationController.getReservations()종료
2026-03-04 19:10:33.939 INFO  k.co.seoulit.common.aop.LoggerAspect - ServiceImpl  : kr.co.seoulit.reception.service.ReceptionServiceImpl.getReceptionList()종료
2026-03-04 19:10:33.946 INFO  k.co.seoulit.common.aop.LoggerAspect - Controller  : kr.co.seoulit.reception.controller.ReceptionController.getReceptions()종료
2026-03-04 19:10:33.986 INFO  k.co.seoulit.common.aop.LoggerAspect - Controller  : kr.co.seoulit.reception.controller.ReceptionController.getReceptions()시작
2026-03-04 19:10:33.986 INFO  k.c.s.r.c.ReceptionController - Reception list request: searchType=null, searchValue=null
2026-03-04 19:10:33.987 INFO  k.co.seoulit.common.aop.LoggerAspect - ServiceImpl  : kr.co.seoulit.reception.service.ReceptionServiceImpl.getReceptionList()시작
2026-03-04 19:10:34.036 INFO  k.co.seoulit.common.aop.LoggerAspect - ServiceImpl  : kr.co.seoulit.reception.service.ReceptionServiceImpl.getReceptionList()종료
2026-03-04 19:10:34.042 INFO  k.co.seoulit.common.aop.LoggerAspect - Controller  : kr.co.seoulit.reception.controller.ReceptionController.getReceptions()종료
2026-03-04 19:10:34.057 INFO  k.co.seoulit.common.aop.LoggerAspect - Controller  : kr.co.seoulit.reception.controller.ReceptionController.getReceptions()시작
2026-03-04 19:10:34.057 INFO  k.c.s.r.c.ReceptionController - Reception list request: searchType=null, searchValue=null
2026-03-04 19:10:34.057 INFO  k.co.seoulit.common.aop.LoggerAspect - ServiceImpl  : kr.co.seoulit.reception.service.ReceptionServiceImpl.getReceptionList()시작
2026-03-04 19:10:34.104 INFO  k.co.seoulit.common.aop.LoggerAspect - ServiceImpl  : kr.co.seoulit.reception.service.ReceptionServiceImpl.getReceptionList()종료
2026-03-04 19:10:34.109 INFO  k.co.seoulit.common.aop.LoggerAspect - Controller  : kr.co.seoulit.reception.controller.ReceptionController.getReceptions()종료
2026-03-04 19:10:34.176 INFO  k.co.seoulit.common.aop.LoggerAspect - Controller  : kr.co.seoulit.reception.controller.ReceptionController.getReception()시작
2026-03-04 19:10:34.177 INFO  k.c.s.r.c.ReceptionController - Get reception request: id=55
2026-03-04 19:10:34.218 INFO  k.co.seoulit.common.aop.LoggerAspect - ServiceImpl  : kr.co.seoulit.reception.service.ReceptionServiceImpl.getReception()시작
2026-03-04 19:10:34.308 DEBUG org.hibernate.SQL - select re1_0.reception_id,re1_0.arrived_at,re1_0.cancel_reason_code,re1_0.cancel_reason_text,re1_0.created_at,re1_0.created_by,re1_0.department_id,re1_0.department_name,re1_0.doctor_id,re1_0.doctor_name,re1_0.hold_reason_code,re1_0.hold_reason_text,re1_0.inactive_at,re1_0.inactive_reason_code,re1_0.inactive_reason_text,re1_0.is_active,re1_0.note,re1_0.patient_id,re1_0.patient_name,re1_0.reception_no,re1_0.reservation_id,re1_0.scheduled_at,re1_0.status,re1_0.updated_at,re1_0.updated_by,re1_0.visit_type from reception re1_0 where re1_0.reception_id=?
2026-03-04 19:10:34.310 TRACE org.hibernate.orm.jdbc.bind - binding parameter (1:BIGINT) <- [55]
2026-03-04 19:10:34.352 INFO  k.co.seoulit.common.aop.LoggerAspect - kr.co.seoulit.reception.mapstruct.ReceptionResMapStructImpl.toDto()시작
2026-03-04 19:10:34.352 INFO  k.co.seoulit.common.aop.LoggerAspect - kr.co.seoulit.reception.mapstruct.ReceptionResMapStructImpl.toDto()종료
2026-03-04 19:10:34.352 INFO  k.co.seoulit.common.aop.LoggerAspect - ServiceImpl  : kr.co.seoulit.reception.service.ReceptionServiceImpl.getReception()종료
2026-03-04 19:10:34.360 INFO  k.co.seoulit.common.aop.LoggerAspect - Controller  : kr.co.seoulit.reception.controller.ReceptionController.getReception()종료
2026-03-04 19:10:45.425 INFO  k.co.seoulit.common.aop.LoggerAspect - Controller  : kr.co.seoulit.reception.controller.ReceptionController.getReceptions()시작
2026-03-04 19:10:45.426 INFO  k.c.s.r.c.ReceptionController - Reception list request: searchType=status, searchValue=CANCELED
2026-03-04 19:10:45.434 INFO  k.co.seoulit.common.aop.LoggerAspect - ServiceImpl  : kr.co.seoulit.reception.service.ReceptionServiceImpl.getReceptionList()시작
2026-03-04 19:10:45.456 INFO  k.co.seoulit.common.aop.LoggerAspect - ServiceImpl  : kr.co.seoulit.reception.service.ReceptionServiceImpl.getReceptionList()종료
2026-03-04 19:10:45.462 INFO  k.co.seoulit.common.aop.LoggerAspect - Controller  : kr.co.seoulit.reception.controller.ReceptionController.getReceptions()종료
2026-03-04 19:10:45.475 INFO  k.co.seoulit.common.aop.LoggerAspect - Controller  : kr.co.seoulit.reception.controller.ReceptionController.getReceptions()시작
2026-03-04 19:10:45.475 INFO  k.c.s.r.c.ReceptionController - Reception list request: searchType=status, searchValue=CANCELED
2026-03-04 19:10:45.475 INFO  k.co.seoulit.common.aop.LoggerAspect - ServiceImpl  : kr.co.seoulit.reception.service.ReceptionServiceImpl.getReceptionList()시작
2026-03-04 19:10:45.493 INFO  k.co.seoulit.common.aop.LoggerAspect - ServiceImpl  : kr.co.seoulit.reception.service.ReceptionServiceImpl.getReceptionList()종료
2026-03-04 19:10:45.505 INFO  k.co.seoulit.common.aop.LoggerAspect - Controller  : kr.co.seoulit.reception.controller.ReceptionController.getReceptions()종료
2026-03-04 19:10:45.559 INFO  k.co.seoulit.common.aop.LoggerAspect - Controller  : kr.co.seoulit.reception.controller.ReceptionController.getReception()시작
2026-03-04 19:10:45.559 INFO  k.c.s.r.c.ReceptionController - Get reception request: id=52
2026-03-04 19:10:45.559 INFO  k.co.seoulit.common.aop.LoggerAspect - ServiceImpl  : kr.co.seoulit.reception.service.ReceptionServiceImpl.getReception()시작
2026-03-04 19:10:45.560 DEBUG org.hibernate.SQL - select re1_0.reception_id,re1_0.arrived_at,re1_0.cancel_reason_code,re1_0.cancel_reason_text,re1_0.created_at,re1_0.created_by,re1_0.department_id,re1_0.department_name,re1_0.doctor_id,re1_0.doctor_name,re1_0.hold_reason_code,re1_0.hold_reason_text,re1_0.inactive_at,re1_0.inactive_reason_code,re1_0.inactive_reason_text,re1_0.is_active,re1_0.note,re1_0.patient_id,re1_0.patient_name,re1_0.reception_no,re1_0.reservation_id,re1_0.scheduled_at,re1_0.status,re1_0.updated_at,re1_0.updated_by,re1_0.visit_type from reception re1_0 where re1_0.reception_id=?
2026-03-04 19:10:45.561 TRACE org.hibernate.orm.jdbc.bind - binding parameter (1:BIGINT) <- [52]
2026-03-04 19:10:45.567 INFO  k.co.seoulit.common.aop.LoggerAspect - kr.co.seoulit.reception.mapstruct.ReceptionResMapStructImpl.toDto()시작
2026-03-04 19:10:45.567 INFO  k.co.seoulit.common.aop.LoggerAspect - kr.co.seoulit.reception.mapstruct.ReceptionResMapStructImpl.toDto()종료
2026-03-04 19:10:45.567 INFO  k.co.seoulit.common.aop.LoggerAspect - ServiceImpl  : kr.co.seoulit.reception.service.ReceptionServiceImpl.getReception()종료
2026-03-04 19:10:45.575 INFO  k.co.seoulit.common.aop.LoggerAspect - Controller  : kr.co.seoulit.reception.controller.ReceptionController.getReception()종료
2026-03-04 19:11:00.305 INFO  k.co.seoulit.common.aop.LoggerAspect - Controller  : kr.co.seoulit.reception.controller.ReceptionController.getReceptions()시작
2026-03-04 19:11:00.305 INFO  k.c.s.r.c.ReceptionController - Reception list request: searchType=status, searchValue=CANCELED
2026-03-04 19:11:00.318 INFO  k.co.seoulit.common.aop.LoggerAspect - ServiceImpl  : kr.co.seoulit.reception.service.ReceptionServiceImpl.getReceptionList()시작
2026-03-04 19:11:00.337 INFO  k.co.seoulit.common.aop.LoggerAspect - ServiceImpl  : kr.co.seoulit.reception.service.ReceptionServiceImpl.getReceptionList()종료
2026-03-04 19:11:00.347 INFO  k.co.seoulit.common.aop.LoggerAspect - Controller  : kr.co.seoulit.reception.controller.ReceptionController.getReceptions()종료
2026-03-04 19:11:00.440 INFO  k.co.seoulit.common.aop.LoggerAspect - Controller  : kr.co.seoulit.reception.controller.ReceptionController.getReception()시작
2026-03-04 19:11:00.441 INFO  k.c.s.r.c.ReceptionController - Get reception request: id=52
2026-03-04 19:11:00.448 INFO  k.co.seoulit.common.aop.LoggerAspect - ServiceImpl  : kr.co.seoulit.reception.service.ReceptionServiceImpl.getReception()시작
2026-03-04 19:11:00.449 DEBUG org.hibernate.SQL - select re1_0.reception_id,re1_0.arrived_at,re1_0.cancel_reason_code,re1_0.cancel_reason_text,re1_0.created_at,re1_0.created_by,re1_0.department_id,re1_0.department_name,re1_0.doctor_id,re1_0.doctor_name,re1_0.hold_reason_code,re1_0.hold_reason_text,re1_0.inactive_at,re1_0.inactive_reason_code,re1_0.inactive_reason_text,re1_0.is_active,re1_0.note,re1_0.patient_id,re1_0.patient_name,re1_0.reception_no,re1_0.reservation_id,re1_0.scheduled_at,re1_0.status,re1_0.updated_at,re1_0.updated_by,re1_0.visit_type from reception re1_0 where re1_0.reception_id=?
2026-03-04 19:11:00.450 TRACE org.hibernate.orm.jdbc.bind - binding parameter (1:BIGINT) <- [52]
2026-03-04 19:11:00.460 INFO  k.co.seoulit.common.aop.LoggerAspect - kr.co.seoulit.reception.mapstruct.ReceptionResMapStructImpl.toDto()시작
2026-03-04 19:11:00.460 INFO  k.co.seoulit.common.aop.LoggerAspect - kr.co.seoulit.reception.mapstruct.ReceptionResMapStructImpl.toDto()종료
2026-03-04 19:11:00.460 INFO  k.co.seoulit.common.aop.LoggerAspect - ServiceImpl  : kr.co.seoulit.reception.service.ReceptionServiceImpl.getReception()종료
2026-03-04 19:11:00.466 INFO  k.co.seoulit.common.aop.LoggerAspect - Controller  : kr.co.seoulit.reception.controller.ReceptionController.getReception()종료
2026-03-04 19:11:06.847 INFO  k.co.seoulit.common.aop.LoggerAspect - Controller  : kr.co.seoulit.reception.controller.ReceptionController.getReceptions()시작
2026-03-04 19:11:06.848 INFO  k.c.s.r.c.ReceptionController - Reception list request: searchType=status, searchValue=CANCELED
2026-03-04 19:11:06.855 INFO  k.co.seoulit.common.aop.LoggerAspect - ServiceImpl  : kr.co.seoulit.reception.service.ReceptionServiceImpl.getReceptionList()시작
2026-03-04 19:11:06.895 INFO  k.co.seoulit.common.aop.LoggerAspect - ServiceImpl  : kr.co.seoulit.reception.service.ReceptionServiceImpl.getReceptionList()종료
2026-03-04 19:11:06.902 INFO  k.co.seoulit.common.aop.LoggerAspect - Controller  : kr.co.seoulit.reception.controller.ReceptionController.getReceptions()종료
2026-03-04 19:11:07.149 INFO  k.co.seoulit.common.aop.LoggerAspect - Controller  : kr.co.seoulit.reception.controller.ReceptionController.getReception()시작
2026-03-04 19:11:07.150 INFO  k.c.s.r.c.ReceptionController - Get reception request: id=52
2026-03-04 19:11:07.155 INFO  k.co.seoulit.common.aop.LoggerAspect - ServiceImpl  : kr.co.seoulit.reception.service.ReceptionServiceImpl.getReception()시작
2026-03-04 19:11:07.156 DEBUG org.hibernate.SQL - select re1_0.reception_id,re1_0.arrived_at,re1_0.cancel_reason_code,re1_0.cancel_reason_text,re1_0.created_at,re1_0.created_by,re1_0.department_id,re1_0.department_name,re1_0.doctor_id,re1_0.doctor_name,re1_0.hold_reason_code,re1_0.hold_reason_text,re1_0.inactive_at,re1_0.inactive_reason_code,re1_0.inactive_reason_text,re1_0.is_active,re1_0.note,re1_0.patient_id,re1_0.patient_name,re1_0.reception_no,re1_0.reservation_id,re1_0.scheduled_at,re1_0.status,re1_0.updated_at,re1_0.updated_by,re1_0.visit_type from reception re1_0 where re1_0.reception_id=?
2026-03-04 19:11:07.157 TRACE org.hibernate.orm.jdbc.bind - binding parameter (1:BIGINT) <- [52]
2026-03-04 19:11:07.164 INFO  k.co.seoulit.common.aop.LoggerAspect - kr.co.seoulit.reception.mapstruct.ReceptionResMapStructImpl.toDto()시작
2026-03-04 19:11:07.165 INFO  k.co.seoulit.common.aop.LoggerAspect - kr.co.seoulit.reception.mapstruct.ReceptionResMapStructImpl.toDto()종료
2026-03-04 19:11:07.165 INFO  k.co.seoulit.common.aop.LoggerAspect - ServiceImpl  : kr.co.seoulit.reception.service.ReceptionServiceImpl.getReception()종료
2026-03-04 19:11:07.170 INFO  k.co.seoulit.common.aop.LoggerAspect - Controller  : kr.co.seoulit.reception.controller.ReceptionController.getReception()종료
2026-03-04 19:13:42.063 INFO  k.co.seoulit.common.aop.LoggerAspect - Controller  : kr.co.seoulit.reception.controller.InpatientReceptionController.getInpatientReceptions()시작
2026-03-04 19:13:42.063 INFO  k.c.s.r.c.InpatientReceptionController - 입원 접수 목록 요청: searchType=null, searchValue=null
2026-03-04 19:13:42.079 INFO  k.co.seoulit.common.aop.LoggerAspect - ServiceImpl  : kr.co.seoulit.reception.service.InpatientReceptionServiceImpl.getInpatientReceptionList()시작
2026-03-04 19:13:42.128 INFO  k.co.seoulit.common.aop.LoggerAspect - ServiceImpl  : kr.co.seoulit.reception.service.InpatientReceptionServiceImpl.getInpatientReceptionList()종료
2026-03-04 19:13:42.140 INFO  k.co.seoulit.common.aop.LoggerAspect - Controller  : kr.co.seoulit.reception.controller.InpatientReceptionController.getInpatientReceptions()종료
2026-03-04 19:13:42.174 INFO  k.co.seoulit.common.aop.LoggerAspect - Controller  : kr.co.seoulit.reception.controller.InpatientReceptionController.getInpatientReceptions()시작
2026-03-04 19:13:42.175 INFO  k.c.s.r.c.InpatientReceptionController - 입원 접수 목록 요청: searchType=null, searchValue=null
2026-03-04 19:13:42.175 INFO  k.co.seoulit.common.aop.LoggerAspect - ServiceImpl  : kr.co.seoulit.reception.service.InpatientReceptionServiceImpl.getInpatientReceptionList()시작
2026-03-04 19:13:42.195 INFO  k.co.seoulit.common.aop.LoggerAspect - ServiceImpl  : kr.co.seoulit.reception.service.InpatientReceptionServiceImpl.getInpatientReceptionList()종료
2026-03-04 19:13:42.200 INFO  k.co.seoulit.common.aop.LoggerAspect - Controller  : kr.co.seoulit.reception.controller.InpatientReceptionController.getInpatientReceptions()종료
2026-03-04 19:20:57.835 INFO  k.co.seoulit.common.aop.LoggerAspect - Controller  : kr.co.seoulit.reception.controller.EmergencyReceptionController.getEmergencyReceptions()시작
2026-03-04 19:20:57.837 INFO  k.c.s.r.c.EmergencyReceptionController - 응급 접수 목록 요청: searchType=null, searchValue=null
2026-03-04 19:20:57.976 INFO  k.co.seoulit.common.aop.LoggerAspect - ServiceImpl  : kr.co.seoulit.reception.service.EmergencyReceptionServiceImpl.getEmergencyReceptionList()시작
2026-03-04 19:20:58.112 INFO  k.co.seoulit.common.aop.LoggerAspect - ServiceImpl  : kr.co.seoulit.reception.service.EmergencyReceptionServiceImpl.getEmergencyReceptionList()종료
2026-03-04 19:20:58.123 INFO  k.co.seoulit.common.aop.LoggerAspect - Controller  : kr.co.seoulit.reception.controller.EmergencyReceptionController.getEmergencyReceptions()종료
2026-03-04 19:20:58.153 INFO  k.co.seoulit.common.aop.LoggerAspect - Controller  : kr.co.seoulit.reception.controller.EmergencyReceptionController.getEmergencyReceptions()시작
2026-03-04 19:20:58.154 INFO  k.c.s.r.c.EmergencyReceptionController - 응급 접수 목록 요청: searchType=null, searchValue=null
2026-03-04 19:20:58.163 INFO  k.co.seoulit.common.aop.LoggerAspect - ServiceImpl  : kr.co.seoulit.reception.service.EmergencyReceptionServiceImpl.getEmergencyReceptionList()시작
2026-03-04 19:20:58.197 INFO  k.co.seoulit.common.aop.LoggerAspect - ServiceImpl  : kr.co.seoulit.reception.service.EmergencyReceptionServiceImpl.getEmergencyReceptionList()종료
2026-03-04 19:20:58.203 INFO  k.co.seoulit.common.aop.LoggerAspect - Controller  : kr.co.seoulit.reception.controller.EmergencyReceptionController.getEmergencyReceptions()종료
2026-03-04 19:20:58.605 INFO  k.co.seoulit.common.aop.LoggerAspect - Controller  : kr.co.seoulit.reception.controller.EmergencyReceptionController.getEmergencyReceptions()시작
2026-03-04 19:20:58.607 INFO  k.c.s.r.c.EmergencyReceptionController - 응급 접수 목록 요청: searchType=null, searchValue=null
2026-03-04 19:20:58.621 INFO  k.co.seoulit.common.aop.LoggerAspect - ServiceImpl  : kr.co.seoulit.reception.service.EmergencyReceptionServiceImpl.getEmergencyReceptionList()시작
2026-03-04 19:20:58.643 INFO  k.co.seoulit.common.aop.LoggerAspect - ServiceImpl  : kr.co.seoulit.reception.service.EmergencyReceptionServiceImpl.getEmergencyReceptionList()종료
2026-03-04 19:20:58.652 INFO  k.co.seoulit.common.aop.LoggerAspect - Controller  : kr.co.seoulit.reception.controller.EmergencyReceptionController.getEmergencyReceptions()종료
2026-03-04 19:25:28.299 INFO  k.co.seoulit.common.aop.LoggerAspect - Controller  : kr.co.seoulit.reception.controller.ReservationController.getReservations()시작
2026-03-04 19:25:28.299 INFO  k.c.s.r.c.ReservationController - 예약 목록 요청: searchType=null, searchValue=null
2026-03-04 19:25:28.347 INFO  k.co.seoulit.common.aop.LoggerAspect - Controller  : kr.co.seoulit.reception.controller.ReceptionController.getReceptions()시작
2026-03-04 19:25:28.350 INFO  k.co.seoulit.common.aop.LoggerAspect - ServiceImpl  : kr.co.seoulit.reception.service.ReservationServiceImpl.getReservationList()시작
2026-03-04 19:25:28.350 INFO  k.c.s.r.c.ReceptionController - Reception list request: searchType=null, searchValue=null
2026-03-04 19:25:28.363 INFO  k.co.seoulit.common.aop.LoggerAspect - ServiceImpl  : kr.co.seoulit.reception.service.ReceptionServiceImpl.getReceptionList()시작
2026-03-04 19:25:28.384 INFO  k.co.seoulit.common.aop.LoggerAspect - ServiceImpl  : kr.co.seoulit.reception.service.ReservationServiceImpl.getReservationList()종료
2026-03-04 19:25:28.391 INFO  k.co.seoulit.common.aop.LoggerAspect - Controller  : kr.co.seoulit.reception.controller.ReservationController.getReservations()종료
2026-03-04 19:25:28.427 INFO  k.co.seoulit.common.aop.LoggerAspect - ServiceImpl  : kr.co.seoulit.reception.service.ReceptionServiceImpl.getReceptionList()종료
2026-03-04 19:25:28.433 INFO  k.co.seoulit.common.aop.LoggerAspect - Controller  : kr.co.seoulit.reception.controller.ReceptionController.getReceptions()종료
2026-03-04 19:25:28.440 INFO  k.co.seoulit.common.aop.LoggerAspect - Controller  : kr.co.seoulit.reception.controller.ReceptionController.getReceptions()시작
2026-03-04 19:25:28.440 INFO  k.c.s.r.c.ReceptionController - Reception list request: searchType=null, searchValue=null
2026-03-04 19:25:28.441 INFO  k.co.seoulit.common.aop.LoggerAspect - ServiceImpl  : kr.co.seoulit.reception.service.ReceptionServiceImpl.getReceptionList()시작
2026-03-04 19:25:28.511 INFO  k.co.seoulit.common.aop.LoggerAspect - ServiceImpl  : kr.co.seoulit.reception.service.ReceptionServiceImpl.getReceptionList()종료
2026-03-04 19:25:28.518 INFO  k.co.seoulit.common.aop.LoggerAspect - Controller  : kr.co.seoulit.reception.controller.ReceptionController.getReceptions()종료
2026-03-04 19:25:28.530 INFO  k.co.seoulit.common.aop.LoggerAspect - Controller  : kr.co.seoulit.reception.controller.ReceptionController.getReceptions()시작
2026-03-04 19:25:28.531 INFO  k.c.s.r.c.ReceptionController - Reception list request: searchType=null, searchValue=null
2026-03-04 19:25:28.531 INFO  k.co.seoulit.common.aop.LoggerAspect - ServiceImpl  : kr.co.seoulit.reception.service.ReceptionServiceImpl.getReceptionList()시작
2026-03-04 19:25:28.579 INFO  k.co.seoulit.common.aop.LoggerAspect - ServiceImpl  : kr.co.seoulit.reception.service.ReceptionServiceImpl.getReceptionList()종료
2026-03-04 19:25:28.587 INFO  k.co.seoulit.common.aop.LoggerAspect - Controller  : kr.co.seoulit.reception.controller.ReceptionController.getReceptions()종료
2026-03-04 19:25:28.899 INFO  k.co.seoulit.common.aop.LoggerAspect - Controller  : kr.co.seoulit.reception.controller.ReceptionController.getReception()시작
2026-03-04 19:25:28.899 INFO  k.c.s.r.c.ReceptionController - Get reception request: id=55
2026-03-04 19:25:28.899 INFO  k.co.seoulit.common.aop.LoggerAspect - ServiceImpl  : kr.co.seoulit.reception.service.ReceptionServiceImpl.getReception()시작
2026-03-04 19:25:28.900 DEBUG org.hibernate.SQL - select re1_0.reception_id,re1_0.arrived_at,re1_0.cancel_reason_code,re1_0.cancel_reason_text,re1_0.created_at,re1_0.created_by,re1_0.department_id,re1_0.department_name,re1_0.doctor_id,re1_0.doctor_name,re1_0.hold_reason_code,re1_0.hold_reason_text,re1_0.inactive_at,re1_0.inactive_reason_code,re1_0.inactive_reason_text,re1_0.is_active,re1_0.note,re1_0.patient_id,re1_0.patient_name,re1_0.reception_no,re1_0.reservation_id,re1_0.scheduled_at,re1_0.status,re1_0.updated_at,re1_0.updated_by,re1_0.visit_type from reception re1_0 where re1_0.reception_id=?
2026-03-04 19:25:28.901 TRACE org.hibernate.orm.jdbc.bind - binding parameter (1:BIGINT) <- [55]
2026-03-04 19:25:28.919 INFO  k.co.seoulit.common.aop.LoggerAspect - kr.co.seoulit.reception.mapstruct.ReceptionResMapStructImpl.toDto()시작
2026-03-04 19:25:28.919 INFO  k.co.seoulit.common.aop.LoggerAspect - kr.co.seoulit.reception.mapstruct.ReceptionResMapStructImpl.toDto()종료
2026-03-04 19:25:28.919 INFO  k.co.seoulit.common.aop.LoggerAspect - ServiceImpl  : kr.co.seoulit.reception.service.ReceptionServiceImpl.getReception()종료
2026-03-04 19:25:28.926 INFO  k.co.seoulit.common.aop.LoggerAspect - Controller  : kr.co.seoulit.reception.controller.ReceptionController.getReception()종료
2026-03-04 19:25:30.184 INFO  k.co.seoulit.common.aop.LoggerAspect - Controller  : kr.co.seoulit.reception.controller.EmergencyReceptionController.getEmergencyReceptions()시작
2026-03-04 19:25:30.184 INFO  k.c.s.r.c.EmergencyReceptionController - 응급 접수 목록 요청: searchType=null, searchValue=null
2026-03-04 19:25:30.192 INFO  k.co.seoulit.common.aop.LoggerAspect - ServiceImpl  : kr.co.seoulit.reception.service.EmergencyReceptionServiceImpl.getEmergencyReceptionList()시작
2026-03-04 19:25:30.235 INFO  k.co.seoulit.common.aop.LoggerAspect - ServiceImpl  : kr.co.seoulit.reception.service.EmergencyReceptionServiceImpl.getEmergencyReceptionList()종료
2026-03-04 19:25:30.244 INFO  k.co.seoulit.common.aop.LoggerAspect - Controller  : kr.co.seoulit.reception.controller.EmergencyReceptionController.getEmergencyReceptions()종료
2026-03-04 19:25:30.250 INFO  k.co.seoulit.common.aop.LoggerAspect - Controller  : kr.co.seoulit.reception.controller.EmergencyReceptionController.getEmergencyReceptions()시작
2026-03-04 19:25:30.251 INFO  k.c.s.r.c.EmergencyReceptionController - 응급 접수 목록 요청: searchType=null, searchValue=null
2026-03-04 19:25:30.251 INFO  k.co.seoulit.common.aop.LoggerAspect - ServiceImpl  : kr.co.seoulit.reception.service.EmergencyReceptionServiceImpl.getEmergencyReceptionList()시작
2026-03-04 19:25:30.280 INFO  k.co.seoulit.common.aop.LoggerAspect - ServiceImpl  : kr.co.seoulit.reception.service.EmergencyReceptionServiceImpl.getEmergencyReceptionList()종료
2026-03-04 19:25:30.289 INFO  k.co.seoulit.common.aop.LoggerAspect - Controller  : kr.co.seoulit.reception.controller.EmergencyReceptionController.getEmergencyReceptions()종료
2026-03-04 19:25:30.436 INFO  k.co.seoulit.common.aop.LoggerAspect - Controller  : kr.co.seoulit.reception.controller.EmergencyReceptionController.getEmergencyReceptions()시작
2026-03-04 19:25:30.437 INFO  k.c.s.r.c.EmergencyReceptionController - 응급 접수 목록 요청: searchType=null, searchValue=null
2026-03-04 19:25:30.437 INFO  k.co.seoulit.common.aop.LoggerAspect - ServiceImpl  : kr.co.seoulit.reception.service.EmergencyReceptionServiceImpl.getEmergencyReceptionList()시작
2026-03-04 19:25:30.453 INFO  k.co.seoulit.common.aop.LoggerAspect - ServiceImpl  : kr.co.seoulit.reception.service.EmergencyReceptionServiceImpl.getEmergencyReceptionList()종료
2026-03-04 19:25:30.458 INFO  k.co.seoulit.common.aop.LoggerAspect - Controller  : kr.co.seoulit.reception.controller.EmergencyReceptionController.getEmergencyReceptions()종료
2026-03-04 19:25:54.290 INFO  k.co.seoulit.common.aop.LoggerAspect - Controller  : kr.co.seoulit.reception.controller.InpatientReceptionController.getInpatientReceptions()시작
2026-03-04 19:25:54.291 INFO  k.c.s.r.c.InpatientReceptionController - 입원 접수 목록 요청: searchType=null, searchValue=null
2026-03-04 19:25:54.302 INFO  k.co.seoulit.common.aop.LoggerAspect - ServiceImpl  : kr.co.seoulit.reception.service.InpatientReceptionServiceImpl.getInpatientReceptionList()시작
2026-03-04 19:25:54.320 INFO  k.co.seoulit.common.aop.LoggerAspect - ServiceImpl  : kr.co.seoulit.reception.service.InpatientReceptionServiceImpl.getInpatientReceptionList()종료
2026-03-04 19:25:54.338 INFO  k.co.seoulit.common.aop.LoggerAspect - Controller  : kr.co.seoulit.reception.controller.InpatientReceptionController.getInpatientReceptions()종료
2026-03-04 19:25:54.347 INFO  k.co.seoulit.common.aop.LoggerAspect - Controller  : kr.co.seoulit.reception.controller.InpatientReceptionController.getInpatientReceptions()시작
2026-03-04 19:25:54.347 INFO  k.c.s.r.c.InpatientReceptionController - 입원 접수 목록 요청: searchType=null, searchValue=null
2026-03-04 19:25:54.348 INFO  k.co.seoulit.common.aop.LoggerAspect - ServiceImpl  : kr.co.seoulit.reception.service.InpatientReceptionServiceImpl.getInpatientReceptionList()시작
2026-03-04 19:25:54.369 INFO  k.co.seoulit.common.aop.LoggerAspect - ServiceImpl  : kr.co.seoulit.reception.service.InpatientReceptionServiceImpl.getInpatientReceptionList()종료
2026-03-04 19:25:54.375 INFO  k.co.seoulit.common.aop.LoggerAspect - Controller  : kr.co.seoulit.reception.controller.InpatientReceptionController.getInpatientReceptions()종료
2026-03-04 19:26:00.841 INFO  k.co.seoulit.common.aop.LoggerAspect - Controller  : kr.co.seoulit.reception.controller.EmergencyReceptionController.getEmergencyReceptions()시작
2026-03-04 19:26:00.842 INFO  k.c.s.r.c.EmergencyReceptionController - 응급 접수 목록 요청: searchType=null, searchValue=null
2026-03-04 19:26:00.853 INFO  k.co.seoulit.common.aop.LoggerAspect - ServiceImpl  : kr.co.seoulit.reception.service.EmergencyReceptionServiceImpl.getEmergencyReceptionList()시작
2026-03-04 19:26:00.892 INFO  k.co.seoulit.common.aop.LoggerAspect - ServiceImpl  : kr.co.seoulit.reception.service.EmergencyReceptionServiceImpl.getEmergencyReceptionList()종료
2026-03-04 19:26:00.902 INFO  k.co.seoulit.common.aop.LoggerAspect - Controller  : kr.co.seoulit.reception.controller.EmergencyReceptionController.getEmergencyReceptions()종료
2026-03-04 19:26:00.913 INFO  k.co.seoulit.common.aop.LoggerAspect - Controller  : kr.co.seoulit.reception.controller.EmergencyReceptionController.getEmergencyReceptions()시작
2026-03-04 19:26:00.914 INFO  k.c.s.r.c.EmergencyReceptionController - 응급 접수 목록 요청: searchType=null, searchValue=null
2026-03-04 19:26:00.922 INFO  k.co.seoulit.common.aop.LoggerAspect - ServiceImpl  : kr.co.seoulit.reception.service.EmergencyReceptionServiceImpl.getEmergencyReceptionList()시작
2026-03-04 19:26:00.950 INFO  k.co.seoulit.common.aop.LoggerAspect - ServiceImpl  : kr.co.seoulit.reception.service.EmergencyReceptionServiceImpl.getEmergencyReceptionList()종료
2026-03-04 19:26:00.956 INFO  k.co.seoulit.common.aop.LoggerAspect - Controller  : kr.co.seoulit.reception.controller.EmergencyReceptionController.getEmergencyReceptions()종료
2026-03-04 19:26:01.118 INFO  k.co.seoulit.common.aop.LoggerAspect - Controller  : kr.co.seoulit.reception.controller.EmergencyReceptionController.getEmergencyReceptions()시작
2026-03-04 19:26:01.119 INFO  k.c.s.r.c.EmergencyReceptionController - 응급 접수 목록 요청: searchType=null, searchValue=null
2026-03-04 19:26:01.119 INFO  k.co.seoulit.common.aop.LoggerAspect - ServiceImpl  : kr.co.seoulit.reception.service.EmergencyReceptionServiceImpl.getEmergencyReceptionList()시작
2026-03-04 19:26:01.156 INFO  k.co.seoulit.common.aop.LoggerAspect - ServiceImpl  : kr.co.seoulit.reception.service.EmergencyReceptionServiceImpl.getEmergencyReceptionList()종료
2026-03-04 19:26:01.169 INFO  k.co.seoulit.common.aop.LoggerAspect - Controller  : kr.co.seoulit.reception.controller.EmergencyReceptionController.getEmergencyReceptions()종료
2026-03-04 19:26:36.550 INFO  k.co.seoulit.common.aop.LoggerAspect - Controller  : kr.co.seoulit.reception.controller.InpatientReceptionController.getInpatientReceptions()시작
2026-03-04 19:26:36.552 INFO  k.c.s.r.c.InpatientReceptionController - 입원 접수 목록 요청: searchType=null, searchValue=null
2026-03-04 19:26:36.579 INFO  k.co.seoulit.common.aop.LoggerAspect - ServiceImpl  : kr.co.seoulit.reception.service.InpatientReceptionServiceImpl.getInpatientReceptionList()시작
2026-03-04 19:26:36.614 INFO  k.co.seoulit.common.aop.LoggerAspect - ServiceImpl  : kr.co.seoulit.reception.service.InpatientReceptionServiceImpl.getInpatientReceptionList()종료
2026-03-04 19:26:36.630 INFO  k.co.seoulit.common.aop.LoggerAspect - Controller  : kr.co.seoulit.reception.controller.InpatientReceptionController.getInpatientReceptions()종료
2026-03-04 19:26:36.639 INFO  k.co.seoulit.common.aop.LoggerAspect - Controller  : kr.co.seoulit.reception.controller.InpatientReceptionController.getInpatientReceptions()시작
2026-03-04 19:26:36.639 INFO  k.c.s.r.c.InpatientReceptionController - 입원 접수 목록 요청: searchType=null, searchValue=null
2026-03-04 19:26:36.639 INFO  k.co.seoulit.common.aop.LoggerAspect - ServiceImpl  : kr.co.seoulit.reception.service.InpatientReceptionServiceImpl.getInpatientReceptionList()시작
2026-03-04 19:26:36.681 INFO  k.co.seoulit.common.aop.LoggerAspect - ServiceImpl  : kr.co.seoulit.reception.service.InpatientReceptionServiceImpl.getInpatientReceptionList()종료
2026-03-04 19:26:36.688 INFO  k.co.seoulit.common.aop.LoggerAspect - Controller  : kr.co.seoulit.reception.controller.InpatientReceptionController.getInpatientReceptions()종료
2026-03-04 19:56:58.966 WARN  k.c.s.c.h.GlobalExceptionHandler - No resource found
org.springframework.web.servlet.resource.NoResourceFoundException: No static resource api/assessment.
	at org.springframework.web.servlet.resource.ResourceHttpRequestHandler.handleRequest(ResourceHttpRequestHandler.java:585)
	at org.springframework.web.servlet.mvc.HttpRequestHandlerAdapter.handle(HttpRequestHandlerAdapter.java:52)
	at org.springframework.web.servlet.DispatcherServlet.doDispatch(DispatcherServlet.java:1089)
	at org.springframework.web.servlet.DispatcherServlet.doService(DispatcherServlet.java:979)
	at org.springframework.web.servlet.FrameworkServlet.processRequest(FrameworkServlet.java:1014)
	at org.springframework.web.servlet.FrameworkServlet.doGet(FrameworkServlet.java:903)
	at jakarta.servlet.http.HttpServlet.service(HttpServlet.java:564)
	at org.springframework.web.servlet.FrameworkServlet.service(FrameworkServlet.java:885)
	at jakarta.servlet.http.HttpServlet.service(HttpServlet.java:658)
	at org.apache.catalina.core.ApplicationFilterChain.internalDoFilter(ApplicationFilterChain.java:195)
	at org.apache.catalina.core.ApplicationFilterChain.doFilter(ApplicationFilterChain.java:140)
	at org.apache.tomcat.websocket.server.WsFilter.doFilter(WsFilter.java:51)
	at org.apache.catalina.core.ApplicationFilterChain.internalDoFilter(ApplicationFilterChain.java:164)
	at org.apache.catalina.core.ApplicationFilterChain.doFilter(ApplicationFilterChain.java:140)
	at org.springframework.web.filter.CorsFilter.doFilterInternal(CorsFilter.java:91)
	at org.springframework.web.filter.OncePerRequestFilter.doFilter(OncePerRequestFilter.java:116)
	at org.apache.catalina.core.ApplicationFilterChain.internalDoFilter(ApplicationFilterChain.java:164)
	at org.apache.catalina.core.ApplicationFilterChain.doFilter(ApplicationFilterChain.java:140)
	at org.springframework.web.filter.RequestContextFilter.doFilterInternal(RequestContextFilter.java:100)
	at org.springframework.web.filter.OncePerRequestFilter.doFilter(OncePerRequestFilter.java:116)
	at org.apache.catalina.core.ApplicationFilterChain.internalDoFilter(ApplicationFilterChain.java:164)
	at org.apache.catalina.core.ApplicationFilterChain.doFilter(ApplicationFilterChain.java:140)
	at org.springframework.web.filter.FormContentFilter.doFilterInternal(FormContentFilter.java:93)
	at org.springframework.web.filter.OncePerRequestFilter.doFilter(OncePerRequestFilter.java:116)
	at org.apache.catalina.core.ApplicationFilterChain.internalDoFilter(ApplicationFilterChain.java:164)
	at org.apache.catalina.core.ApplicationFilterChain.doFilter(ApplicationFilterChain.java:140)
	at org.springframework.web.filter.CharacterEncodingFilter.doFilterInternal(CharacterEncodingFilter.java:201)
	at org.springframework.web.filter.OncePerRequestFilter.doFilter(OncePerRequestFilter.java:116)
	at org.apache.catalina.core.ApplicationFilterChain.internalDoFilter(ApplicationFilterChain.java:164)
	at org.apache.catalina.core.ApplicationFilterChain.doFilter(ApplicationFilterChain.java:140)
	at org.apache.catalina.core.StandardWrapperValve.invoke(StandardWrapperValve.java:167)
	at org.apache.catalina.core.StandardContextValve.invoke(StandardContextValve.java:90)
	at org.apache.catalina.authenticator.AuthenticatorBase.invoke(AuthenticatorBase.java:483)
	at org.apache.catalina.core.StandardHostValve.invoke(StandardHostValve.java:115)
	at org.apache.catalina.valves.ErrorReportValve.invoke(ErrorReportValve.java:93)
	at org.apache.catalina.core.StandardEngineValve.invoke(StandardEngineValve.java:74)
	at org.apache.catalina.connector.CoyoteAdapter.service(CoyoteAdapter.java:344)
	at org.apache.coyote.http11.Http11Processor.service(Http11Processor.java:389)
	at org.apache.coyote.AbstractProcessorLight.process(AbstractProcessorLight.java:63)
	at org.apache.coyote.AbstractProtocol$ConnectionHandler.process(AbstractProtocol.java:904)
	at org.apache.tomcat.util.net.NioEndpoint$SocketProcessor.doRun(NioEndpoint.java:1741)
	at org.apache.tomcat.util.net.SocketProcessorBase.run(SocketProcessorBase.java:52)
	at org.apache.tomcat.util.threads.ThreadPoolExecutor.runWorker(ThreadPoolExecutor.java:1190)
	at org.apache.tomcat.util.threads.ThreadPoolExecutor$Worker.run(ThreadPoolExecutor.java:659)
	at org.apache.tomcat.util.threads.TaskThread$WrappingRunnable.run(TaskThread.java:63)
	at java.base/java.lang.Thread.run(Thread.java:842)
2026-03-04 19:56:58.977 WARN  k.c.s.c.h.GlobalExceptionHandler - No resource found
org.springframework.web.servlet.resource.NoResourceFoundException: No static resource api/assessment.
	at org.springframework.web.servlet.resource.ResourceHttpRequestHandler.handleRequest(ResourceHttpRequestHandler.java:585)
	at org.springframework.web.servlet.mvc.HttpRequestHandlerAdapter.handle(HttpRequestHandlerAdapter.java:52)
	at org.springframework.web.servlet.DispatcherServlet.doDispatch(DispatcherServlet.java:1089)
	at org.springframework.web.servlet.DispatcherServlet.doService(DispatcherServlet.java:979)
	at org.springframework.web.servlet.FrameworkServlet.processRequest(FrameworkServlet.java:1014)
	at org.springframework.web.servlet.FrameworkServlet.doGet(FrameworkServlet.java:903)
	at jakarta.servlet.http.HttpServlet.service(HttpServlet.java:564)
	at org.springframework.web.servlet.FrameworkServlet.service(FrameworkServlet.java:885)
	at jakarta.servlet.http.HttpServlet.service(HttpServlet.java:658)
	at org.apache.catalina.core.ApplicationFilterChain.internalDoFilter(ApplicationFilterChain.java:195)
	at org.apache.catalina.core.ApplicationFilterChain.doFilter(ApplicationFilterChain.java:140)
	at org.apache.tomcat.websocket.server.WsFilter.doFilter(WsFilter.java:51)
	at org.apache.catalina.core.ApplicationFilterChain.internalDoFilter(ApplicationFilterChain.java:164)
	at org.apache.catalina.core.ApplicationFilterChain.doFilter(ApplicationFilterChain.java:140)
	at org.springframework.web.filter.CorsFilter.doFilterInternal(CorsFilter.java:91)
	at org.springframework.web.filter.OncePerRequestFilter.doFilter(OncePerRequestFilter.java:116)
	at org.apache.catalina.core.ApplicationFilterChain.internalDoFilter(ApplicationFilterChain.java:164)
	at org.apache.catalina.core.ApplicationFilterChain.doFilter(ApplicationFilterChain.java:140)
	at org.springframework.web.filter.RequestContextFilter.doFilterInternal(RequestContextFilter.java:100)
	at org.springframework.web.filter.OncePerRequestFilter.doFilter(OncePerRequestFilter.java:116)
	at org.apache.catalina.core.ApplicationFilterChain.internalDoFilter(ApplicationFilterChain.java:164)
	at org.apache.catalina.core.ApplicationFilterChain.doFilter(ApplicationFilterChain.java:140)
	at org.springframework.web.filter.FormContentFilter.doFilterInternal(FormContentFilter.java:93)
	at org.springframework.web.filter.OncePerRequestFilter.doFilter(OncePerRequestFilter.java:116)
	at org.apache.catalina.core.ApplicationFilterChain.internalDoFilter(ApplicationFilterChain.java:164)
	at org.apache.catalina.core.ApplicationFilterChain.doFilter(ApplicationFilterChain.java:140)
	at org.springframework.web.filter.CharacterEncodingFilter.doFilterInternal(CharacterEncodingFilter.java:201)
	at org.springframework.web.filter.OncePerRequestFilter.doFilter(OncePerRequestFilter.java:116)
	at org.apache.catalina.core.ApplicationFilterChain.internalDoFilter(ApplicationFilterChain.java:164)
	at org.apache.catalina.core.ApplicationFilterChain.doFilter(ApplicationFilterChain.java:140)
	at org.apache.catalina.core.StandardWrapperValve.invoke(StandardWrapperValve.java:167)
	at org.apache.catalina.core.StandardContextValve.invoke(StandardContextValve.java:90)
	at org.apache.catalina.authenticator.AuthenticatorBase.invoke(AuthenticatorBase.java:483)
	at org.apache.catalina.core.StandardHostValve.invoke(StandardHostValve.java:115)
	at org.apache.catalina.valves.ErrorReportValve.invoke(ErrorReportValve.java:93)
	at org.apache.catalina.core.StandardEngineValve.invoke(StandardEngineValve.java:74)
	at org.apache.catalina.connector.CoyoteAdapter.service(CoyoteAdapter.java:344)
	at org.apache.coyote.http11.Http11Processor.service(Http11Processor.java:389)
	at org.apache.coyote.AbstractProcessorLight.process(AbstractProcessorLight.java:63)
	at org.apache.coyote.AbstractProtocol$ConnectionHandler.process(AbstractProtocol.java:904)
	at org.apache.tomcat.util.net.NioEndpoint$SocketProcessor.doRun(NioEndpoint.java:1741)
	at org.apache.tomcat.util.net.SocketProcessorBase.run(SocketProcessorBase.java:52)
	at org.apache.tomcat.util.threads.ThreadPoolExecutor.runWorker(ThreadPoolExecutor.java:1190)
	at org.apache.tomcat.util.threads.ThreadPoolExecutor$Worker.run(ThreadPoolExecutor.java:659)
	at org.apache.tomcat.util.threads.TaskThread$WrappingRunnable.run(TaskThread.java:63)
	at java.base/java.lang.Thread.run(Thread.java:842)
2026-03-04 19:58:50.310 INFO  k.co.seoulit.common.aop.LoggerAspect - Controller  : kr.co.seoulit.reception.controller.InpatientReceptionController.getInpatientReceptions()시작
2026-03-04 19:58:50.310 INFO  k.c.s.r.c.InpatientReceptionController - 입원 접수 목록 요청: searchType=null, searchValue=null
2026-03-04 19:58:50.319 INFO  k.co.seoulit.common.aop.LoggerAspect - ServiceImpl  : kr.co.seoulit.reception.service.InpatientReceptionServiceImpl.getInpatientReceptionList()시작
2026-03-04 19:58:50.348 INFO  k.co.seoulit.common.aop.LoggerAspect - ServiceImpl  : kr.co.seoulit.reception.service.InpatientReceptionServiceImpl.getInpatientReceptionList()종료
2026-03-04 19:58:50.354 INFO  k.co.seoulit.common.aop.LoggerAspect - Controller  : kr.co.seoulit.reception.controller.InpatientReceptionController.getInpatientReceptions()종료
2026-03-04 19:59:20.385 INFO  k.co.seoulit.common.aop.LoggerAspect - Controller  : kr.co.seoulit.reception.controller.InpatientReceptionController.getInpatientReceptions()시작
2026-03-04 19:59:20.386 INFO  k.c.s.r.c.InpatientReceptionController - 입원 접수 목록 요청: searchType=null, searchValue=null
2026-03-04 19:59:20.396 INFO  k.co.seoulit.common.aop.LoggerAspect - ServiceImpl  : kr.co.seoulit.reception.service.InpatientReceptionServiceImpl.getInpatientReceptionList()시작
2026-03-04 19:59:20.431 INFO  k.co.seoulit.common.aop.LoggerAspect - ServiceImpl  : kr.co.seoulit.reception.service.InpatientReceptionServiceImpl.getInpatientReceptionList()종료
2026-03-04 19:59:20.470 INFO  k.co.seoulit.common.aop.LoggerAspect - Controller  : kr.co.seoulit.reception.controller.InpatientReceptionController.getInpatientReceptions()종료
2026-03-04 20:03:21.469 INFO  k.co.seoulit.common.aop.LoggerAspect - Controller  : kr.co.seoulit.reception.controller.InpatientReceptionController.getInpatientReceptions()시작
2026-03-04 20:03:21.469 INFO  k.c.s.r.c.InpatientReceptionController - 입원 접수 목록 요청: searchType=null, searchValue=null
2026-03-04 20:03:21.483 INFO  k.co.seoulit.common.aop.LoggerAspect - ServiceImpl  : kr.co.seoulit.reception.service.InpatientReceptionServiceImpl.getInpatientReceptionList()시작
2026-03-04 20:03:21.535 INFO  k.co.seoulit.common.aop.LoggerAspect - ServiceImpl  : kr.co.seoulit.reception.service.InpatientReceptionServiceImpl.getInpatientReceptionList()종료
2026-03-04 20:03:21.550 INFO  k.co.seoulit.common.aop.LoggerAspect - Controller  : kr.co.seoulit.reception.controller.InpatientReceptionController.getInpatientReceptions()종료
2026-03-04 20:03:26.921 WARN  k.c.s.c.h.GlobalExceptionHandler - No resource found
org.springframework.web.servlet.resource.NoResourceFoundException: No static resource api/assessment.
	at org.springframework.web.servlet.resource.ResourceHttpRequestHandler.handleRequest(ResourceHttpRequestHandler.java:585)
	at org.springframework.web.servlet.mvc.HttpRequestHandlerAdapter.handle(HttpRequestHandlerAdapter.java:52)
	at org.springframework.web.servlet.DispatcherServlet.doDispatch(DispatcherServlet.java:1089)
	at org.springframework.web.servlet.DispatcherServlet.doService(DispatcherServlet.java:979)
	at org.springframework.web.servlet.FrameworkServlet.processRequest(FrameworkServlet.java:1014)
	at org.springframework.web.servlet.FrameworkServlet.doGet(FrameworkServlet.java:903)
	at jakarta.servlet.http.HttpServlet.service(HttpServlet.java:564)
	at org.springframework.web.servlet.FrameworkServlet.service(FrameworkServlet.java:885)
	at jakarta.servlet.http.HttpServlet.service(HttpServlet.java:658)
	at org.apache.catalina.core.ApplicationFilterChain.internalDoFilter(ApplicationFilterChain.java:195)
	at org.apache.catalina.core.ApplicationFilterChain.doFilter(ApplicationFilterChain.java:140)
	at org.apache.tomcat.websocket.server.WsFilter.doFilter(WsFilter.java:51)
	at org.apache.catalina.core.ApplicationFilterChain.internalDoFilter(ApplicationFilterChain.java:164)
	at org.apache.catalina.core.ApplicationFilterChain.doFilter(ApplicationFilterChain.java:140)
	at org.springframework.web.filter.CorsFilter.doFilterInternal(CorsFilter.java:91)
	at org.springframework.web.filter.OncePerRequestFilter.doFilter(OncePerRequestFilter.java:116)
	at org.apache.catalina.core.ApplicationFilterChain.internalDoFilter(ApplicationFilterChain.java:164)
	at org.apache.catalina.core.ApplicationFilterChain.doFilter(ApplicationFilterChain.java:140)
	at org.springframework.web.filter.RequestContextFilter.doFilterInternal(RequestContextFilter.java:100)
	at org.springframework.web.filter.OncePerRequestFilter.doFilter(OncePerRequestFilter.java:116)
	at org.apache.catalina.core.ApplicationFilterChain.internalDoFilter(ApplicationFilterChain.java:164)
	at org.apache.catalina.core.ApplicationFilterChain.doFilter(ApplicationFilterChain.java:140)
	at org.springframework.web.filter.FormContentFilter.doFilterInternal(FormContentFilter.java:93)
	at org.springframework.web.filter.OncePerRequestFilter.doFilter(OncePerRequestFilter.java:116)
	at org.apache.catalina.core.ApplicationFilterChain.internalDoFilter(ApplicationFilterChain.java:164)
	at org.apache.catalina.core.ApplicationFilterChain.doFilter(ApplicationFilterChain.java:140)
	at org.springframework.web.filter.CharacterEncodingFilter.doFilterInternal(CharacterEncodingFilter.java:201)
	at org.springframework.web.filter.OncePerRequestFilter.doFilter(OncePerRequestFilter.java:116)
	at org.apache.catalina.core.ApplicationFilterChain.internalDoFilter(ApplicationFilterChain.java:164)
	at org.apache.catalina.core.ApplicationFilterChain.doFilter(ApplicationFilterChain.java:140)
	at org.apache.catalina.core.StandardWrapperValve.invoke(StandardWrapperValve.java:167)
	at org.apache.catalina.core.StandardContextValve.invoke(StandardContextValve.java:90)
	at org.apache.catalina.authenticator.AuthenticatorBase.invoke(AuthenticatorBase.java:483)
	at org.apache.catalina.core.StandardHostValve.invoke(StandardHostValve.java:115)
	at org.apache.catalina.valves.ErrorReportValve.invoke(ErrorReportValve.java:93)
	at org.apache.catalina.core.StandardEngineValve.invoke(StandardEngineValve.java:74)
	at org.apache.catalina.connector.CoyoteAdapter.service(CoyoteAdapter.java:344)
	at org.apache.coyote.http11.Http11Processor.service(Http11Processor.java:389)
	at org.apache.coyote.AbstractProcessorLight.process(AbstractProcessorLight.java:63)
	at org.apache.coyote.AbstractProtocol$ConnectionHandler.process(AbstractProtocol.java:904)
	at org.apache.tomcat.util.net.NioEndpoint$SocketProcessor.doRun(NioEndpoint.java:1741)
	at org.apache.tomcat.util.net.SocketProcessorBase.run(SocketProcessorBase.java:52)
	at org.apache.tomcat.util.threads.ThreadPoolExecutor.runWorker(ThreadPoolExecutor.java:1190)
	at org.apache.tomcat.util.threads.ThreadPoolExecutor$Worker.run(ThreadPoolExecutor.java:659)
	at org.apache.tomcat.util.threads.TaskThread$WrappingRunnable.run(TaskThread.java:63)
	at java.base/java.lang.Thread.run(Thread.java:842)
2026-03-04 20:03:26.966 WARN  k.c.s.c.h.GlobalExceptionHandler - No resource found
org.springframework.web.servlet.resource.NoResourceFoundException: No static resource api/assessment.
	at org.springframework.web.servlet.resource.ResourceHttpRequestHandler.handleRequest(ResourceHttpRequestHandler.java:585)
	at org.springframework.web.servlet.mvc.HttpRequestHandlerAdapter.handle(HttpRequestHandlerAdapter.java:52)
	at org.springframework.web.servlet.DispatcherServlet.doDispatch(DispatcherServlet.java:1089)
	at org.springframework.web.servlet.DispatcherServlet.doService(DispatcherServlet.java:979)
	at org.springframework.web.servlet.FrameworkServlet.processRequest(FrameworkServlet.java:1014)
	at org.springframework.web.servlet.FrameworkServlet.doGet(FrameworkServlet.java:903)
	at jakarta.servlet.http.HttpServlet.service(HttpServlet.java:564)
	at org.springframework.web.servlet.FrameworkServlet.service(FrameworkServlet.java:885)
	at jakarta.servlet.http.HttpServlet.service(HttpServlet.java:658)
	at org.apache.catalina.core.ApplicationFilterChain.internalDoFilter(ApplicationFilterChain.java:195)
	at org.apache.catalina.core.ApplicationFilterChain.doFilter(ApplicationFilterChain.java:140)
	at org.apache.tomcat.websocket.server.WsFilter.doFilter(WsFilter.java:51)
	at org.apache.catalina.core.ApplicationFilterChain.internalDoFilter(ApplicationFilterChain.java:164)
	at org.apache.catalina.core.ApplicationFilterChain.doFilter(ApplicationFilterChain.java:140)
	at org.springframework.web.filter.CorsFilter.doFilterInternal(CorsFilter.java:91)
	at org.springframework.web.filter.OncePerRequestFilter.doFilter(OncePerRequestFilter.java:116)
	at org.apache.catalina.core.ApplicationFilterChain.internalDoFilter(ApplicationFilterChain.java:164)
	at org.apache.catalina.core.ApplicationFilterChain.doFilter(ApplicationFilterChain.java:140)
	at org.springframework.web.filter.RequestContextFilter.doFilterInternal(RequestContextFilter.java:100)
	at org.springframework.web.filter.OncePerRequestFilter.doFilter(OncePerRequestFilter.java:116)
	at org.apache.catalina.core.ApplicationFilterChain.internalDoFilter(ApplicationFilterChain.java:164)
	at org.apache.catalina.core.ApplicationFilterChain.doFilter(ApplicationFilterChain.java:140)
	at org.springframework.web.filter.FormContentFilter.doFilterInternal(FormContentFilter.java:93)
	at org.springframework.web.filter.OncePerRequestFilter.doFilter(OncePerRequestFilter.java:116)
	at org.apache.catalina.core.ApplicationFilterChain.internalDoFilter(ApplicationFilterChain.java:164)
	at org.apache.catalina.core.ApplicationFilterChain.doFilter(ApplicationFilterChain.java:140)
	at org.springframework.web.filter.CharacterEncodingFilter.doFilterInternal(CharacterEncodingFilter.java:201)
	at org.springframework.web.filter.OncePerRequestFilter.doFilter(OncePerRequestFilter.java:116)
	at org.apache.catalina.core.ApplicationFilterChain.internalDoFilter(ApplicationFilterChain.java:164)
	at org.apache.catalina.core.ApplicationFilterChain.doFilter(ApplicationFilterChain.java:140)
	at org.apache.catalina.core.StandardWrapperValve.invoke(StandardWrapperValve.java:167)
	at org.apache.catalina.core.StandardContextValve.invoke(StandardContextValve.java:90)
	at org.apache.catalina.authenticator.AuthenticatorBase.invoke(AuthenticatorBase.java:483)
	at org.apache.catalina.core.StandardHostValve.invoke(StandardHostValve.java:115)
	at org.apache.catalina.valves.ErrorReportValve.invoke(ErrorReportValve.java:93)
	at org.apache.catalina.core.StandardEngineValve.invoke(StandardEngineValve.java:74)
	at org.apache.catalina.connector.CoyoteAdapter.service(CoyoteAdapter.java:344)
	at org.apache.coyote.http11.Http11Processor.service(Http11Processor.java:389)
	at org.apache.coyote.AbstractProcessorLight.process(AbstractProcessorLight.java:63)
	at org.apache.coyote.AbstractProtocol$ConnectionHandler.process(AbstractProtocol.java:904)
	at org.apache.tomcat.util.net.NioEndpoint$SocketProcessor.doRun(NioEndpoint.java:1741)
	at org.apache.tomcat.util.net.SocketProcessorBase.run(SocketProcessorBase.java:52)
	at org.apache.tomcat.util.threads.ThreadPoolExecutor.runWorker(ThreadPoolExecutor.java:1190)
	at org.apache.tomcat.util.threads.ThreadPoolExecutor$Worker.run(ThreadPoolExecutor.java:659)
	at org.apache.tomcat.util.threads.TaskThread$WrappingRunnable.run(TaskThread.java:63)
	at java.base/java.lang.Thread.run(Thread.java:842)
2026-03-04 20:03:30.323 WARN  k.c.s.c.h.GlobalExceptionHandler - No resource found
org.springframework.web.servlet.resource.NoResourceFoundException: No static resource api/vital.
	at org.springframework.web.servlet.resource.ResourceHttpRequestHandler.handleRequest(ResourceHttpRequestHandler.java:585)
	at org.springframework.web.servlet.mvc.HttpRequestHandlerAdapter.handle(HttpRequestHandlerAdapter.java:52)
	at org.springframework.web.servlet.DispatcherServlet.doDispatch(DispatcherServlet.java:1089)
	at org.springframework.web.servlet.DispatcherServlet.doService(DispatcherServlet.java:979)
	at org.springframework.web.servlet.FrameworkServlet.processRequest(FrameworkServlet.java:1014)
	at org.springframework.web.servlet.FrameworkServlet.doGet(FrameworkServlet.java:903)
	at jakarta.servlet.http.HttpServlet.service(HttpServlet.java:564)
	at org.springframework.web.servlet.FrameworkServlet.service(FrameworkServlet.java:885)
	at jakarta.servlet.http.HttpServlet.service(HttpServlet.java:658)
	at org.apache.catalina.core.ApplicationFilterChain.internalDoFilter(ApplicationFilterChain.java:195)
	at org.apache.catalina.core.ApplicationFilterChain.doFilter(ApplicationFilterChain.java:140)
	at org.apache.tomcat.websocket.server.WsFilter.doFilter(WsFilter.java:51)
	at org.apache.catalina.core.ApplicationFilterChain.internalDoFilter(ApplicationFilterChain.java:164)
	at org.apache.catalina.core.ApplicationFilterChain.doFilter(ApplicationFilterChain.java:140)
	at org.springframework.web.filter.CorsFilter.doFilterInternal(CorsFilter.java:91)
	at org.springframework.web.filter.OncePerRequestFilter.doFilter(OncePerRequestFilter.java:116)
	at org.apache.catalina.core.ApplicationFilterChain.internalDoFilter(ApplicationFilterChain.java:164)
	at org.apache.catalina.core.ApplicationFilterChain.doFilter(ApplicationFilterChain.java:140)
	at org.springframework.web.filter.RequestContextFilter.doFilterInternal(RequestContextFilter.java:100)
	at org.springframework.web.filter.OncePerRequestFilter.doFilter(OncePerRequestFilter.java:116)
	at org.apache.catalina.core.ApplicationFilterChain.internalDoFilter(ApplicationFilterChain.java:164)
	at org.apache.catalina.core.ApplicationFilterChain.doFilter(ApplicationFilterChain.java:140)
	at org.springframework.web.filter.FormContentFilter.doFilterInternal(FormContentFilter.java:93)
	at org.springframework.web.filter.OncePerRequestFilter.doFilter(OncePerRequestFilter.java:116)
	at org.apache.catalina.core.ApplicationFilterChain.internalDoFilter(ApplicationFilterChain.java:164)
	at org.apache.catalina.core.ApplicationFilterChain.doFilter(ApplicationFilterChain.java:140)
	at org.springframework.web.filter.CharacterEncodingFilter.doFilterInternal(CharacterEncodingFilter.java:201)
	at org.springframework.web.filter.OncePerRequestFilter.doFilter(OncePerRequestFilter.java:116)
	at org.apache.catalina.core.ApplicationFilterChain.internalDoFilter(ApplicationFilterChain.java:164)
	at org.apache.catalina.core.ApplicationFilterChain.doFilter(ApplicationFilterChain.java:140)
	at org.apache.catalina.core.StandardWrapperValve.invoke(StandardWrapperValve.java:167)
	at org.apache.catalina.core.StandardContextValve.invoke(StandardContextValve.java:90)
	at org.apache.catalina.authenticator.AuthenticatorBase.invoke(AuthenticatorBase.java:483)
	at org.apache.catalina.core.StandardHostValve.invoke(StandardHostValve.java:115)
	at org.apache.catalina.valves.ErrorReportValve.invoke(ErrorReportValve.java:93)
	at org.apache.catalina.core.StandardEngineValve.invoke(StandardEngineValve.java:74)
	at org.apache.catalina.connector.CoyoteAdapter.service(CoyoteAdapter.java:344)
	at org.apache.coyote.http11.Http11Processor.service(Http11Processor.java:389)
	at org.apache.coyote.AbstractProcessorLight.process(AbstractProcessorLight.java:63)
	at org.apache.coyote.AbstractProtocol$ConnectionHandler.process(AbstractProtocol.java:904)
	at org.apache.tomcat.util.net.NioEndpoint$SocketProcessor.doRun(NioEndpoint.java:1741)
	at org.apache.tomcat.util.net.SocketProcessorBase.run(SocketProcessorBase.java:52)
	at org.apache.tomcat.util.threads.ThreadPoolExecutor.runWorker(ThreadPoolExecutor.java:1190)
	at org.apache.tomcat.util.threads.ThreadPoolExecutor$Worker.run(ThreadPoolExecutor.java:659)
	at org.apache.tomcat.util.threads.TaskThread$WrappingRunnable.run(TaskThread.java:63)
	at java.base/java.lang.Thread.run(Thread.java:842)
2026-03-04 20:03:30.332 WARN  k.c.s.c.h.GlobalExceptionHandler - No resource found
org.springframework.web.servlet.resource.NoResourceFoundException: No static resource api/vital.
	at org.springframework.web.servlet.resource.ResourceHttpRequestHandler.handleRequest(ResourceHttpRequestHandler.java:585)
	at org.springframework.web.servlet.mvc.HttpRequestHandlerAdapter.handle(HttpRequestHandlerAdapter.java:52)
	at org.springframework.web.servlet.DispatcherServlet.doDispatch(DispatcherServlet.java:1089)
	at org.springframework.web.servlet.DispatcherServlet.doService(DispatcherServlet.java:979)
	at org.springframework.web.servlet.FrameworkServlet.processRequest(FrameworkServlet.java:1014)
	at org.springframework.web.servlet.FrameworkServlet.doGet(FrameworkServlet.java:903)
	at jakarta.servlet.http.HttpServlet.service(HttpServlet.java:564)
	at org.springframework.web.servlet.FrameworkServlet.service(FrameworkServlet.java:885)
	at jakarta.servlet.http.HttpServlet.service(HttpServlet.java:658)
	at org.apache.catalina.core.ApplicationFilterChain.internalDoFilter(ApplicationFilterChain.java:195)
	at org.apache.catalina.core.ApplicationFilterChain.doFilter(ApplicationFilterChain.java:140)
	at org.apache.tomcat.websocket.server.WsFilter.doFilter(WsFilter.java:51)
	at org.apache.catalina.core.ApplicationFilterChain.internalDoFilter(ApplicationFilterChain.java:164)
	at org.apache.catalina.core.ApplicationFilterChain.doFilter(ApplicationFilterChain.java:140)
	at org.springframework.web.filter.CorsFilter.doFilterInternal(CorsFilter.java:91)
	at org.springframework.web.filter.OncePerRequestFilter.doFilter(OncePerRequestFilter.java:116)
	at org.apache.catalina.core.ApplicationFilterChain.internalDoFilter(ApplicationFilterChain.java:164)
	at org.apache.catalina.core.ApplicationFilterChain.doFilter(ApplicationFilterChain.java:140)
	at org.springframework.web.filter.RequestContextFilter.doFilterInternal(RequestContextFilter.java:100)
	at org.springframework.web.filter.OncePerRequestFilter.doFilter(OncePerRequestFilter.java:116)
	at org.apache.catalina.core.ApplicationFilterChain.internalDoFilter(ApplicationFilterChain.java:164)
	at org.apache.catalina.core.ApplicationFilterChain.doFilter(ApplicationFilterChain.java:140)
	at org.springframework.web.filter.FormContentFilter.doFilterInternal(FormContentFilter.java:93)
	at org.springframework.web.filter.OncePerRequestFilter.doFilter(OncePerRequestFilter.java:116)
	at org.apache.catalina.core.ApplicationFilterChain.internalDoFilter(ApplicationFilterChain.java:164)
	at org.apache.catalina.core.ApplicationFilterChain.doFilter(ApplicationFilterChain.java:140)
	at org.springframework.web.filter.CharacterEncodingFilter.doFilterInternal(CharacterEncodingFilter.java:201)
	at org.springframework.web.filter.OncePerRequestFilter.doFilter(OncePerRequestFilter.java:116)
	at org.apache.catalina.core.ApplicationFilterChain.internalDoFilter(ApplicationFilterChain.java:164)
	at org.apache.catalina.core.ApplicationFilterChain.doFilter(ApplicationFilterChain.java:140)
	at org.apache.catalina.core.StandardWrapperValve.invoke(StandardWrapperValve.java:167)
	at org.apache.catalina.core.StandardContextValve.invoke(StandardContextValve.java:90)
	at org.apache.catalina.authenticator.AuthenticatorBase.invoke(AuthenticatorBase.java:483)
	at org.apache.catalina.core.StandardHostValve.invoke(StandardHostValve.java:115)
	at org.apache.catalina.valves.ErrorReportValve.invoke(ErrorReportValve.java:93)
	at org.apache.catalina.core.StandardEngineValve.invoke(StandardEngineValve.java:74)
	at org.apache.catalina.connector.CoyoteAdapter.service(CoyoteAdapter.java:344)
	at org.apache.coyote.http11.Http11Processor.service(Http11Processor.java:389)
	at org.apache.coyote.AbstractProcessorLight.process(AbstractProcessorLight.java:63)
	at org.apache.coyote.AbstractProtocol$ConnectionHandler.process(AbstractProtocol.java:904)
	at org.apache.tomcat.util.net.NioEndpoint$SocketProcessor.doRun(NioEndpoint.java:1741)
	at org.apache.tomcat.util.net.SocketProcessorBase.run(SocketProcessorBase.java:52)
	at org.apache.tomcat.util.threads.ThreadPoolExecutor.runWorker(ThreadPoolExecutor.java:1190)
	at org.apache.tomcat.util.threads.ThreadPoolExecutor$Worker.run(ThreadPoolExecutor.java:659)
	at org.apache.tomcat.util.threads.TaskThread$WrappingRunnable.run(TaskThread.java:63)
	at java.base/java.lang.Thread.run(Thread.java:842)
2026-03-04 20:03:39.528 WARN  k.c.s.c.h.GlobalExceptionHandler - No resource found
org.springframework.web.servlet.resource.NoResourceFoundException: No static resource api/assessment.
	at org.springframework.web.servlet.resource.ResourceHttpRequestHandler.handleRequest(ResourceHttpRequestHandler.java:585)
	at org.springframework.web.servlet.mvc.HttpRequestHandlerAdapter.handle(HttpRequestHandlerAdapter.java:52)
	at org.springframework.web.servlet.DispatcherServlet.doDispatch(DispatcherServlet.java:1089)
	at org.springframework.web.servlet.DispatcherServlet.doService(DispatcherServlet.java:979)
	at org.springframework.web.servlet.FrameworkServlet.processRequest(FrameworkServlet.java:1014)
	at org.springframework.web.servlet.FrameworkServlet.doGet(FrameworkServlet.java:903)
	at jakarta.servlet.http.HttpServlet.service(HttpServlet.java:564)
	at org.springframework.web.servlet.FrameworkServlet.service(FrameworkServlet.java:885)
	at jakarta.servlet.http.HttpServlet.service(HttpServlet.java:658)
	at org.apache.catalina.core.ApplicationFilterChain.internalDoFilter(ApplicationFilterChain.java:195)
	at org.apache.catalina.core.ApplicationFilterChain.doFilter(ApplicationFilterChain.java:140)
	at org.apache.tomcat.websocket.server.WsFilter.doFilter(WsFilter.java:51)
	at org.apache.catalina.core.ApplicationFilterChain.internalDoFilter(ApplicationFilterChain.java:164)
	at org.apache.catalina.core.ApplicationFilterChain.doFilter(ApplicationFilterChain.java:140)
	at org.springframework.web.filter.CorsFilter.doFilterInternal(CorsFilter.java:91)
	at org.springframework.web.filter.OncePerRequestFilter.doFilter(OncePerRequestFilter.java:116)
	at org.apache.catalina.core.ApplicationFilterChain.internalDoFilter(ApplicationFilterChain.java:164)
	at org.apache.catalina.core.ApplicationFilterChain.doFilter(ApplicationFilterChain.java:140)
	at org.springframework.web.filter.RequestContextFilter.doFilterInternal(RequestContextFilter.java:100)
	at org.springframework.web.filter.OncePerRequestFilter.doFilter(OncePerRequestFilter.java:116)
	at org.apache.catalina.core.ApplicationFilterChain.internalDoFilter(ApplicationFilterChain.java:164)
	at org.apache.catalina.core.ApplicationFilterChain.doFilter(ApplicationFilterChain.java:140)
	at org.springframework.web.filter.FormContentFilter.doFilterInternal(FormContentFilter.java:93)
	at org.springframework.web.filter.OncePerRequestFilter.doFilter(OncePerRequestFilter.java:116)
	at org.apache.catalina.core.ApplicationFilterChain.internalDoFilter(ApplicationFilterChain.java:164)
	at org.apache.catalina.core.ApplicationFilterChain.doFilter(ApplicationFilterChain.java:140)
	at org.springframework.web.filter.CharacterEncodingFilter.doFilterInternal(CharacterEncodingFilter.java:201)
	at org.springframework.web.filter.OncePerRequestFilter.doFilter(OncePerRequestFilter.java:116)
	at org.apache.catalina.core.ApplicationFilterChain.internalDoFilter(ApplicationFilterChain.java:164)
	at org.apache.catalina.core.ApplicationFilterChain.doFilter(ApplicationFilterChain.java:140)
	at org.apache.catalina.core.StandardWrapperValve.invoke(StandardWrapperValve.java:167)
	at org.apache.catalina.core.StandardContextValve.invoke(StandardContextValve.java:90)
	at org.apache.catalina.authenticator.AuthenticatorBase.invoke(AuthenticatorBase.java:483)
	at org.apache.catalina.core.StandardHostValve.invoke(StandardHostValve.java:115)
	at org.apache.catalina.valves.ErrorReportValve.invoke(ErrorReportValve.java:93)
	at org.apache.catalina.core.StandardEngineValve.invoke(StandardEngineValve.java:74)
	at org.apache.catalina.connector.CoyoteAdapter.service(CoyoteAdapter.java:344)
	at org.apache.coyote.http11.Http11Processor.service(Http11Processor.java:389)
	at org.apache.coyote.AbstractProcessorLight.process(AbstractProcessorLight.java:63)
	at org.apache.coyote.AbstractProtocol$ConnectionHandler.process(AbstractProtocol.java:904)
	at org.apache.tomcat.util.net.NioEndpoint$SocketProcessor.doRun(NioEndpoint.java:1741)
	at org.apache.tomcat.util.net.SocketProcessorBase.run(SocketProcessorBase.java:52)
	at org.apache.tomcat.util.threads.ThreadPoolExecutor.runWorker(ThreadPoolExecutor.java:1190)
	at org.apache.tomcat.util.threads.ThreadPoolExecutor$Worker.run(ThreadPoolExecutor.java:659)
	at org.apache.tomcat.util.threads.TaskThread$WrappingRunnable.run(TaskThread.java:63)
	at java.base/java.lang.Thread.run(Thread.java:842)
2026-03-04 20:03:39.543 WARN  k.c.s.c.h.GlobalExceptionHandler - No resource found
org.springframework.web.servlet.resource.NoResourceFoundException: No static resource api/assessment.
	at org.springframework.web.servlet.resource.ResourceHttpRequestHandler.handleRequest(ResourceHttpRequestHandler.java:585)
	at org.springframework.web.servlet.mvc.HttpRequestHandlerAdapter.handle(HttpRequestHandlerAdapter.java:52)
	at org.springframework.web.servlet.DispatcherServlet.doDispatch(DispatcherServlet.java:1089)
	at org.springframework.web.servlet.DispatcherServlet.doService(DispatcherServlet.java:979)
	at org.springframework.web.servlet.FrameworkServlet.processRequest(FrameworkServlet.java:1014)
	at org.springframework.web.servlet.FrameworkServlet.doGet(FrameworkServlet.java:903)
	at jakarta.servlet.http.HttpServlet.service(HttpServlet.java:564)
	at org.springframework.web.servlet.FrameworkServlet.service(FrameworkServlet.java:885)
	at jakarta.servlet.http.HttpServlet.service(HttpServlet.java:658)
	at org.apache.catalina.core.ApplicationFilterChain.internalDoFilter(ApplicationFilterChain.java:195)
	at org.apache.catalina.core.ApplicationFilterChain.doFilter(ApplicationFilterChain.java:140)
	at org.apache.tomcat.websocket.server.WsFilter.doFilter(WsFilter.java:51)
	at org.apache.catalina.core.ApplicationFilterChain.internalDoFilter(ApplicationFilterChain.java:164)
	at org.apache.catalina.core.ApplicationFilterChain.doFilter(ApplicationFilterChain.java:140)
	at org.springframework.web.filter.CorsFilter.doFilterInternal(CorsFilter.java:91)
	at org.springframework.web.filter.OncePerRequestFilter.doFilter(OncePerRequestFilter.java:116)
	at org.apache.catalina.core.ApplicationFilterChain.internalDoFilter(ApplicationFilterChain.java:164)
	at org.apache.catalina.core.ApplicationFilterChain.doFilter(ApplicationFilterChain.java:140)
	at org.springframework.web.filter.RequestContextFilter.doFilterInternal(RequestContextFilter.java:100)
	at org.springframework.web.filter.OncePerRequestFilter.doFilter(OncePerRequestFilter.java:116)
	at org.apache.catalina.core.ApplicationFilterChain.internalDoFilter(ApplicationFilterChain.java:164)
	at org.apache.catalina.core.ApplicationFilterChain.doFilter(ApplicationFilterChain.java:140)
	at org.springframework.web.filter.FormContentFilter.doFilterInternal(FormContentFilter.java:93)
	at org.springframework.web.filter.OncePerRequestFilter.doFilter(OncePerRequestFilter.java:116)
	at org.apache.catalina.core.ApplicationFilterChain.internalDoFilter(ApplicationFilterChain.java:164)
	at org.apache.catalina.core.ApplicationFilterChain.doFilter(ApplicationFilterChain.java:140)
	at org.springframework.web.filter.CharacterEncodingFilter.doFilterInternal(CharacterEncodingFilter.java:201)
	at org.springframework.web.filter.OncePerRequestFilter.doFilter(OncePerRequestFilter.java:116)
	at org.apache.catalina.core.ApplicationFilterChain.internalDoFilter(ApplicationFilterChain.java:164)
	at org.apache.catalina.core.ApplicationFilterChain.doFilter(ApplicationFilterChain.java:140)
	at org.apache.catalina.core.StandardWrapperValve.invoke(StandardWrapperValve.java:167)
	at org.apache.catalina.core.StandardContextValve.invoke(StandardContextValve.java:90)
	at org.apache.catalina.authenticator.AuthenticatorBase.invoke(AuthenticatorBase.java:483)
	at org.apache.catalina.core.StandardHostValve.invoke(StandardHostValve.java:115)
	at org.apache.catalina.valves.ErrorReportValve.invoke(ErrorReportValve.java:93)
	at org.apache.catalina.core.StandardEngineValve.invoke(StandardEngineValve.java:74)
	at org.apache.catalina.connector.CoyoteAdapter.service(CoyoteAdapter.java:344)
	at org.apache.coyote.http11.Http11Processor.service(Http11Processor.java:389)
	at org.apache.coyote.AbstractProcessorLight.process(AbstractProcessorLight.java:63)
	at org.apache.coyote.AbstractProtocol$ConnectionHandler.process(AbstractProtocol.java:904)
	at org.apache.tomcat.util.net.NioEndpoint$SocketProcessor.doRun(NioEndpoint.java:1741)
	at org.apache.tomcat.util.net.SocketProcessorBase.run(SocketProcessorBase.java:52)
	at org.apache.tomcat.util.threads.ThreadPoolExecutor.runWorker(ThreadPoolExecutor.java:1190)
	at org.apache.tomcat.util.threads.ThreadPoolExecutor$Worker.run(ThreadPoolExecutor.java:659)
	at org.apache.tomcat.util.threads.TaskThread$WrappingRunnable.run(TaskThread.java:63)
	at java.base/java.lang.Thread.run(Thread.java:842)
2026-03-04 20:15:28.475 INFO  k.co.seoulit.common.aop.LoggerAspect - Controller  : kr.co.seoulit.reception.controller.InpatientReceptionController.updateInpatientReception()시작
2026-03-04 20:15:28.478 INFO  k.c.s.r.c.InpatientReceptionController - 입원 접수 수정 요청: id=67
2026-03-04 20:15:28.490 INFO  k.co.seoulit.common.aop.LoggerAspect - ServiceImpl  : kr.co.seoulit.reception.service.InpatientReceptionServiceImpl.updateInpatientReception()시작
2026-03-04 20:15:28.494 DEBUG org.hibernate.SQL - select re1_0.reception_id,re1_0.arrived_at,re1_0.cancel_reason_code,re1_0.cancel_reason_text,re1_0.created_at,re1_0.created_by,re1_0.department_id,re1_0.department_name,re1_0.doctor_id,re1_0.doctor_name,re1_0.hold_reason_code,re1_0.hold_reason_text,re1_0.inactive_at,re1_0.inactive_reason_code,re1_0.inactive_reason_text,re1_0.is_active,re1_0.note,re1_0.patient_id,re1_0.patient_name,re1_0.reception_no,re1_0.reservation_id,re1_0.scheduled_at,re1_0.status,re1_0.updated_at,re1_0.updated_by,re1_0.visit_type from reception re1_0 where re1_0.reception_id=?
2026-03-04 20:15:28.495 TRACE org.hibernate.orm.jdbc.bind - binding parameter (1:BIGINT) <- [67]
2026-03-04 20:15:28.512 DEBUG org.hibernate.SQL - select rie1_0.reception_id,rie1_0.admission_plan_at,rie1_0.room_id,rie1_0.ward_id from reception_inpatient rie1_0 where rie1_0.reception_id=?
2026-03-04 20:15:28.513 TRACE org.hibernate.orm.jdbc.bind - binding parameter (1:BIGINT) <- [67]
2026-03-04 20:15:28.525 DEBUG org.hibernate.SQL - select pe1_0.patient_id,pe1_0.patient_name from patient pe1_0 where pe1_0.patient_id=?
2026-03-04 20:15:28.526 TRACE org.hibernate.orm.jdbc.bind - binding parameter (1:BIGINT) <- [11]
2026-03-04 20:15:28.538 DEBUG org.hibernate.SQL - select de1_0.department_id,de1_0.department_name from department de1_0 where de1_0.department_id=?
2026-03-04 20:15:28.539 TRACE org.hibernate.orm.jdbc.bind - binding parameter (1:BIGINT) <- [1]
2026-03-04 20:15:28.553 DEBUG org.hibernate.SQL - select de1_0.doctor_id,de1_0.department_id,de1_0.doctor_name from doctor de1_0 where de1_0.doctor_id=?
2026-03-04 20:15:28.554 TRACE org.hibernate.orm.jdbc.bind - binding parameter (1:BIGINT) <- [1]
2026-03-04 20:15:28.617 INFO  k.co.seoulit.common.aop.LoggerAspect - ServiceImpl  : kr.co.seoulit.reception.service.InpatientReceptionServiceImpl.updateInpatientReception()종료
2026-03-04 20:15:28.733 DEBUG org.hibernate.SQL - update reception set arrived_at=?,cancel_reason_code=?,cancel_reason_text=?,created_by=?,department_id=?,department_name=?,doctor_id=?,doctor_name=?,hold_reason_code=?,hold_reason_text=?,inactive_at=?,inactive_reason_code=?,inactive_reason_text=?,is_active=?,note=?,patient_id=?,patient_name=?,reception_no=?,reservation_id=?,scheduled_at=?,status=?,updated_at=?,updated_by=?,visit_type=? where reception_id=?
2026-03-04 20:15:28.738 TRACE org.hibernate.orm.jdbc.bind - binding parameter (1:TIMESTAMP) <- [null]
2026-03-04 20:15:28.741 TRACE org.hibernate.orm.jdbc.bind - binding parameter (2:VARCHAR) <- [null]
2026-03-04 20:15:28.741 TRACE org.hibernate.orm.jdbc.bind - binding parameter (3:VARCHAR) <- [null]
2026-03-04 20:15:28.742 TRACE org.hibernate.orm.jdbc.bind - binding parameter (4:BIGINT) <- [null]
2026-03-04 20:15:28.742 TRACE org.hibernate.orm.jdbc.bind - binding parameter (5:BIGINT) <- [1]
2026-03-04 20:15:28.744 TRACE org.hibernate.orm.jdbc.bind - binding parameter (6:VARCHAR) <- [내과]
2026-03-04 20:15:28.744 TRACE org.hibernate.orm.jdbc.bind - binding parameter (7:BIGINT) <- [1]
2026-03-04 20:15:28.744 TRACE org.hibernate.orm.jdbc.bind - binding parameter (8:VARCHAR) <- [송태민]
2026-03-04 20:15:28.744 TRACE org.hibernate.orm.jdbc.bind - binding parameter (9:VARCHAR) <- [null]
2026-03-04 20:15:28.744 TRACE org.hibernate.orm.jdbc.bind - binding parameter (10:VARCHAR) <- [null]
2026-03-04 20:15:28.745 TRACE org.hibernate.orm.jdbc.bind - binding parameter (11:TIMESTAMP) <- [null]
2026-03-04 20:15:28.745 TRACE org.hibernate.orm.jdbc.bind - binding parameter (12:VARCHAR) <- [null]
2026-03-04 20:15:28.745 TRACE org.hibernate.orm.jdbc.bind - binding parameter (13:VARCHAR) <- [null]
2026-03-04 20:15:28.745 TRACE org.hibernate.orm.jdbc.bind - binding parameter (14:BOOLEAN) <- [true]
2026-03-04 20:15:28.750 TRACE org.hibernate.orm.jdbc.bind - binding parameter (15:VARCHAR) <- [복통 및 탈수로 입원 예정]
2026-03-04 20:15:28.750 TRACE org.hibernate.orm.jdbc.bind - binding parameter (16:BIGINT) <- [11]
2026-03-04 20:15:28.750 TRACE org.hibernate.orm.jdbc.bind - binding parameter (17:VARCHAR) <- [윤채원]
2026-03-04 20:15:28.751 TRACE org.hibernate.orm.jdbc.bind - binding parameter (18:VARCHAR) <- [20260304-201]
2026-03-04 20:15:28.751 TRACE org.hibernate.orm.jdbc.bind - binding parameter (19:BIGINT) <- [null]
2026-03-04 20:15:28.751 TRACE org.hibernate.orm.jdbc.bind - binding parameter (20:TIMESTAMP) <- [null]
2026-03-04 20:15:28.751 TRACE org.hibernate.orm.jdbc.bind - binding parameter (21:VARCHAR) <- [CANCELED]
2026-03-04 20:15:28.751 TRACE org.hibernate.orm.jdbc.bind - binding parameter (22:TIMESTAMP) <- [2026-03-04T20:15:28.696864]
2026-03-04 20:15:28.753 TRACE org.hibernate.orm.jdbc.bind - binding parameter (23:BIGINT) <- [null]
2026-03-04 20:15:28.753 TRACE org.hibernate.orm.jdbc.bind - binding parameter (24:VARCHAR) <- [INPATIENT]
2026-03-04 20:15:28.753 TRACE org.hibernate.orm.jdbc.bind - binding parameter (25:BIGINT) <- [67]
2026-03-04 20:15:28.781 INFO  k.co.seoulit.common.aop.LoggerAspect - Controller  : kr.co.seoulit.reception.controller.InpatientReceptionController.updateInpatientReception()종료
2026-03-04 20:15:28.792 INFO  k.co.seoulit.common.aop.LoggerAspect - Controller  : kr.co.seoulit.reception.controller.InpatientReceptionController.getInpatientReceptions()시작
2026-03-04 20:15:28.792 INFO  k.c.s.r.c.InpatientReceptionController - 입원 접수 목록 요청: searchType=null, searchValue=null
2026-03-04 20:15:28.795 INFO  k.co.seoulit.common.aop.LoggerAspect - ServiceImpl  : kr.co.seoulit.reception.service.InpatientReceptionServiceImpl.getInpatientReceptionList()시작
2026-03-04 20:15:28.816 INFO  k.co.seoulit.common.aop.LoggerAspect - ServiceImpl  : kr.co.seoulit.reception.service.InpatientReceptionServiceImpl.getInpatientReceptionList()종료
2026-03-04 20:15:28.826 INFO  k.co.seoulit.common.aop.LoggerAspect - Controller  : kr.co.seoulit.reception.controller.InpatientReceptionController.getInpatientReceptions()종료
2026-03-04 20:15:32.485 INFO  k.co.seoulit.common.aop.LoggerAspect - Controller  : kr.co.seoulit.reception.controller.InpatientReceptionController.updateInpatientReception()시작
2026-03-04 20:15:32.486 INFO  k.c.s.r.c.InpatientReceptionController - 입원 접수 수정 요청: id=67
2026-03-04 20:15:32.502 INFO  k.co.seoulit.common.aop.LoggerAspect - ServiceImpl  : kr.co.seoulit.reception.service.InpatientReceptionServiceImpl.updateInpatientReception()시작
2026-03-04 20:15:32.504 DEBUG org.hibernate.SQL - select re1_0.reception_id,re1_0.arrived_at,re1_0.cancel_reason_code,re1_0.cancel_reason_text,re1_0.created_at,re1_0.created_by,re1_0.department_id,re1_0.department_name,re1_0.doctor_id,re1_0.doctor_name,re1_0.hold_reason_code,re1_0.hold_reason_text,re1_0.inactive_at,re1_0.inactive_reason_code,re1_0.inactive_reason_text,re1_0.is_active,re1_0.note,re1_0.patient_id,re1_0.patient_name,re1_0.reception_no,re1_0.reservation_id,re1_0.scheduled_at,re1_0.status,re1_0.updated_at,re1_0.updated_by,re1_0.visit_type from reception re1_0 where re1_0.reception_id=?
2026-03-04 20:15:32.506 TRACE org.hibernate.orm.jdbc.bind - binding parameter (1:BIGINT) <- [67]
2026-03-04 20:15:32.531 DEBUG org.hibernate.SQL - select rie1_0.reception_id,rie1_0.admission_plan_at,rie1_0.room_id,rie1_0.ward_id from reception_inpatient rie1_0 where rie1_0.reception_id=?
2026-03-04 20:15:32.532 TRACE org.hibernate.orm.jdbc.bind - binding parameter (1:BIGINT) <- [67]
2026-03-04 20:15:32.556 DEBUG org.hibernate.SQL - select pe1_0.patient_id,pe1_0.patient_name from patient pe1_0 where pe1_0.patient_id=?
2026-03-04 20:15:32.557 TRACE org.hibernate.orm.jdbc.bind - binding parameter (1:BIGINT) <- [11]
2026-03-04 20:15:32.567 DEBUG org.hibernate.SQL - select de1_0.department_id,de1_0.department_name from department de1_0 where de1_0.department_id=?
2026-03-04 20:15:32.567 TRACE org.hibernate.orm.jdbc.bind - binding parameter (1:BIGINT) <- [1]
2026-03-04 20:15:32.577 DEBUG org.hibernate.SQL - select de1_0.doctor_id,de1_0.department_id,de1_0.doctor_name from doctor de1_0 where de1_0.doctor_id=?
2026-03-04 20:15:32.577 TRACE org.hibernate.orm.jdbc.bind - binding parameter (1:BIGINT) <- [1]
2026-03-04 20:15:32.589 INFO  k.co.seoulit.common.aop.LoggerAspect - ServiceImpl  : kr.co.seoulit.reception.service.InpatientReceptionServiceImpl.updateInpatientReception()종료
2026-03-04 20:15:32.598 INFO  k.co.seoulit.common.aop.LoggerAspect - Controller  : kr.co.seoulit.reception.controller.InpatientReceptionController.updateInpatientReception()종료
2026-03-04 20:15:32.621 INFO  k.co.seoulit.common.aop.LoggerAspect - Controller  : kr.co.seoulit.reception.controller.InpatientReceptionController.getInpatientReceptions()시작
2026-03-04 20:15:32.621 INFO  k.c.s.r.c.InpatientReceptionController - 입원 접수 목록 요청: searchType=null, searchValue=null
2026-03-04 20:15:32.621 INFO  k.co.seoulit.common.aop.LoggerAspect - ServiceImpl  : kr.co.seoulit.reception.service.InpatientReceptionServiceImpl.getInpatientReceptionList()시작
2026-03-04 20:15:32.663 INFO  k.co.seoulit.common.aop.LoggerAspect - ServiceImpl  : kr.co.seoulit.reception.service.InpatientReceptionServiceImpl.getInpatientReceptionList()종료
2026-03-04 20:15:32.676 INFO  k.co.seoulit.common.aop.LoggerAspect - Controller  : kr.co.seoulit.reception.controller.InpatientReceptionController.getInpatientReceptions()종료
2026-03-04 20:15:41.396 INFO  k.co.seoulit.common.aop.LoggerAspect - Controller  : kr.co.seoulit.reception.controller.InpatientReceptionController.getInpatientReception()시작
2026-03-04 20:15:41.397 INFO  k.c.s.r.c.InpatientReceptionController - 입원 접수 조회 요청: id=67
2026-03-04 20:15:41.414 INFO  k.co.seoulit.common.aop.LoggerAspect - ServiceImpl  : kr.co.seoulit.reception.service.InpatientReceptionServiceImpl.getInpatientReception()시작
2026-03-04 20:15:41.422 DEBUG org.hibernate.SQL - select re1_0.reception_id,re1_0.arrived_at,re1_0.cancel_reason_code,re1_0.cancel_reason_text,re1_0.created_at,re1_0.created_by,re1_0.department_id,re1_0.department_name,re1_0.doctor_id,re1_0.doctor_name,re1_0.hold_reason_code,re1_0.hold_reason_text,re1_0.inactive_at,re1_0.inactive_reason_code,re1_0.inactive_reason_text,re1_0.is_active,re1_0.note,re1_0.patient_id,re1_0.patient_name,re1_0.reception_no,re1_0.reservation_id,re1_0.scheduled_at,re1_0.status,re1_0.updated_at,re1_0.updated_by,re1_0.visit_type from reception re1_0 where re1_0.reception_id=?
2026-03-04 20:15:41.424 TRACE org.hibernate.orm.jdbc.bind - binding parameter (1:BIGINT) <- [67]
2026-03-04 20:15:41.463 DEBUG org.hibernate.SQL - select rie1_0.reception_id,rie1_0.admission_plan_at,rie1_0.room_id,rie1_0.ward_id from reception_inpatient rie1_0 where rie1_0.reception_id=?
2026-03-04 20:15:41.464 TRACE org.hibernate.orm.jdbc.bind - binding parameter (1:BIGINT) <- [67]
2026-03-04 20:15:41.504 INFO  k.co.seoulit.common.aop.LoggerAspect - ServiceImpl  : kr.co.seoulit.reception.service.InpatientReceptionServiceImpl.getInpatientReception()종료
2026-03-04 20:15:41.572 INFO  k.co.seoulit.common.aop.LoggerAspect - Controller  : kr.co.seoulit.reception.controller.InpatientReceptionController.getInpatientReception()종료
2026-03-04 20:15:41.581 INFO  k.co.seoulit.common.aop.LoggerAspect - Controller  : kr.co.seoulit.reception.controller.InpatientReceptionController.getInpatientReception()시작
2026-03-04 20:15:41.582 INFO  k.c.s.r.c.InpatientReceptionController - 입원 접수 조회 요청: id=67
2026-03-04 20:15:41.583 INFO  k.co.seoulit.common.aop.LoggerAspect - ServiceImpl  : kr.co.seoulit.reception.service.InpatientReceptionServiceImpl.getInpatientReception()시작
2026-03-04 20:15:41.584 DEBUG org.hibernate.SQL - select re1_0.reception_id,re1_0.arrived_at,re1_0.cancel_reason_code,re1_0.cancel_reason_text,re1_0.created_at,re1_0.created_by,re1_0.department_id,re1_0.department_name,re1_0.doctor_id,re1_0.doctor_name,re1_0.hold_reason_code,re1_0.hold_reason_text,re1_0.inactive_at,re1_0.inactive_reason_code,re1_0.inactive_reason_text,re1_0.is_active,re1_0.note,re1_0.patient_id,re1_0.patient_name,re1_0.reception_no,re1_0.reservation_id,re1_0.scheduled_at,re1_0.status,re1_0.updated_at,re1_0.updated_by,re1_0.visit_type from reception re1_0 where re1_0.reception_id=?
2026-03-04 20:15:41.586 TRACE org.hibernate.orm.jdbc.bind - binding parameter (1:BIGINT) <- [67]
2026-03-04 20:15:41.599 DEBUG org.hibernate.SQL - select rie1_0.reception_id,rie1_0.admission_plan_at,rie1_0.room_id,rie1_0.ward_id from reception_inpatient rie1_0 where rie1_0.reception_id=?
2026-03-04 20:15:41.600 TRACE org.hibernate.orm.jdbc.bind - binding parameter (1:BIGINT) <- [67]
2026-03-04 20:15:41.607 INFO  k.co.seoulit.common.aop.LoggerAspect - ServiceImpl  : kr.co.seoulit.reception.service.InpatientReceptionServiceImpl.getInpatientReception()종료
2026-03-04 20:15:41.681 INFO  k.co.seoulit.common.aop.LoggerAspect - Controller  : kr.co.seoulit.reception.controller.InpatientReceptionController.getInpatientReception()종료
2026-03-04 20:29:27.902 INFO  k.co.seoulit.common.aop.LoggerAspect - Controller  : kr.co.seoulit.reception.controller.InpatientReceptionController.getInpatientReception()시작
2026-03-04 20:29:27.904 INFO  k.c.s.r.c.InpatientReceptionController - 입원 접수 조회 요청: id=67
2026-03-04 20:29:27.925 INFO  k.co.seoulit.common.aop.LoggerAspect - ServiceImpl  : kr.co.seoulit.reception.service.InpatientReceptionServiceImpl.getInpatientReception()시작
2026-03-04 20:29:27.927 DEBUG org.hibernate.SQL - select re1_0.reception_id,re1_0.arrived_at,re1_0.cancel_reason_code,re1_0.cancel_reason_text,re1_0.created_at,re1_0.created_by,re1_0.department_id,re1_0.department_name,re1_0.doctor_id,re1_0.doctor_name,re1_0.hold_reason_code,re1_0.hold_reason_text,re1_0.inactive_at,re1_0.inactive_reason_code,re1_0.inactive_reason_text,re1_0.is_active,re1_0.note,re1_0.patient_id,re1_0.patient_name,re1_0.reception_no,re1_0.reservation_id,re1_0.scheduled_at,re1_0.status,re1_0.updated_at,re1_0.updated_by,re1_0.visit_type from reception re1_0 where re1_0.reception_id=?
2026-03-04 20:29:27.929 TRACE org.hibernate.orm.jdbc.bind - binding parameter (1:BIGINT) <- [67]
2026-03-04 20:29:27.942 DEBUG org.hibernate.SQL - select rie1_0.reception_id,rie1_0.admission_plan_at,rie1_0.room_id,rie1_0.ward_id from reception_inpatient rie1_0 where rie1_0.reception_id=?
2026-03-04 20:29:27.942 TRACE org.hibernate.orm.jdbc.bind - binding parameter (1:BIGINT) <- [67]
2026-03-04 20:29:27.949 INFO  k.co.seoulit.common.aop.LoggerAspect - ServiceImpl  : kr.co.seoulit.reception.service.InpatientReceptionServiceImpl.getInpatientReception()종료
2026-03-04 20:29:27.955 INFO  k.co.seoulit.common.aop.LoggerAspect - Controller  : kr.co.seoulit.reception.controller.InpatientReceptionController.getInpatientReception()종료
2026-03-04 20:32:15.147 INFO  k.co.seoulit.common.aop.LoggerAspect - Controller  : kr.co.seoulit.reception.controller.InpatientReceptionController.getInpatientReception()시작
2026-03-04 20:32:15.149 INFO  k.c.s.r.c.InpatientReceptionController - 입원 접수 조회 요청: id=67
2026-03-04 20:32:15.161 INFO  k.co.seoulit.common.aop.LoggerAspect - ServiceImpl  : kr.co.seoulit.reception.service.InpatientReceptionServiceImpl.getInpatientReception()시작
2026-03-04 20:32:15.162 DEBUG org.hibernate.SQL - select re1_0.reception_id,re1_0.arrived_at,re1_0.cancel_reason_code,re1_0.cancel_reason_text,re1_0.created_at,re1_0.created_by,re1_0.department_id,re1_0.department_name,re1_0.doctor_id,re1_0.doctor_name,re1_0.hold_reason_code,re1_0.hold_reason_text,re1_0.inactive_at,re1_0.inactive_reason_code,re1_0.inactive_reason_text,re1_0.is_active,re1_0.note,re1_0.patient_id,re1_0.patient_name,re1_0.reception_no,re1_0.reservation_id,re1_0.scheduled_at,re1_0.status,re1_0.updated_at,re1_0.updated_by,re1_0.visit_type from reception re1_0 where re1_0.reception_id=?
2026-03-04 20:32:15.165 TRACE org.hibernate.orm.jdbc.bind - binding parameter (1:BIGINT) <- [67]
2026-03-04 20:32:15.176 DEBUG org.hibernate.SQL - select rie1_0.reception_id,rie1_0.admission_plan_at,rie1_0.room_id,rie1_0.ward_id from reception_inpatient rie1_0 where rie1_0.reception_id=?
2026-03-04 20:32:15.177 TRACE org.hibernate.orm.jdbc.bind - binding parameter (1:BIGINT) <- [67]
2026-03-04 20:32:15.188 INFO  k.co.seoulit.common.aop.LoggerAspect - ServiceImpl  : kr.co.seoulit.reception.service.InpatientReceptionServiceImpl.getInpatientReception()종료
2026-03-04 20:32:15.197 INFO  k.co.seoulit.common.aop.LoggerAspect - Controller  : kr.co.seoulit.reception.controller.InpatientReceptionController.getInpatientReception()종료
2026-03-04 20:34:59.269 INFO  k.co.seoulit.common.aop.LoggerAspect - Controller  : kr.co.seoulit.reception.controller.InpatientReceptionController.getInpatientReceptions()시작
2026-03-04 20:34:59.269 INFO  k.c.s.r.c.InpatientReceptionController - 입원 접수 목록 요청: searchType=null, searchValue=null
2026-03-04 20:34:59.285 INFO  k.co.seoulit.common.aop.LoggerAspect - ServiceImpl  : kr.co.seoulit.reception.service.InpatientReceptionServiceImpl.getInpatientReceptionList()시작
2026-03-04 20:34:59.343 INFO  k.co.seoulit.common.aop.LoggerAspect - ServiceImpl  : kr.co.seoulit.reception.service.InpatientReceptionServiceImpl.getInpatientReceptionList()종료
2026-03-04 20:34:59.354 INFO  k.co.seoulit.common.aop.LoggerAspect - Controller  : kr.co.seoulit.reception.controller.InpatientReceptionController.getInpatientReceptions()종료
2026-03-04 20:34:59.371 INFO  k.co.seoulit.common.aop.LoggerAspect - Controller  : kr.co.seoulit.reception.controller.InpatientReceptionController.getInpatientReceptions()시작
2026-03-04 20:34:59.371 INFO  k.c.s.r.c.InpatientReceptionController - 입원 접수 목록 요청: searchType=null, searchValue=null
2026-03-04 20:34:59.372 INFO  k.co.seoulit.common.aop.LoggerAspect - ServiceImpl  : kr.co.seoulit.reception.service.InpatientReceptionServiceImpl.getInpatientReceptionList()시작
2026-03-04 20:34:59.402 INFO  k.co.seoulit.common.aop.LoggerAspect - ServiceImpl  : kr.co.seoulit.reception.service.InpatientReceptionServiceImpl.getInpatientReceptionList()종료
2026-03-04 20:34:59.412 INFO  k.co.seoulit.common.aop.LoggerAspect - Controller  : kr.co.seoulit.reception.controller.InpatientReceptionController.getInpatientReceptions()종료
2026-03-04 20:35:08.109 INFO  k.co.seoulit.common.aop.LoggerAspect - Controller  : kr.co.seoulit.reception.controller.InpatientReceptionController.getInpatientReception()시작
2026-03-04 20:35:08.109 INFO  k.c.s.r.c.InpatientReceptionController - 입원 접수 조회 요청: id=67
2026-03-04 20:35:08.120 INFO  k.co.seoulit.common.aop.LoggerAspect - ServiceImpl  : kr.co.seoulit.reception.service.InpatientReceptionServiceImpl.getInpatientReception()시작
2026-03-04 20:35:08.121 DEBUG org.hibernate.SQL - select re1_0.reception_id,re1_0.arrived_at,re1_0.cancel_reason_code,re1_0.cancel_reason_text,re1_0.created_at,re1_0.created_by,re1_0.department_id,re1_0.department_name,re1_0.doctor_id,re1_0.doctor_name,re1_0.hold_reason_code,re1_0.hold_reason_text,re1_0.inactive_at,re1_0.inactive_reason_code,re1_0.inactive_reason_text,re1_0.is_active,re1_0.note,re1_0.patient_id,re1_0.patient_name,re1_0.reception_no,re1_0.reservation_id,re1_0.scheduled_at,re1_0.status,re1_0.updated_at,re1_0.updated_by,re1_0.visit_type from reception re1_0 where re1_0.reception_id=?
2026-03-04 20:35:08.122 TRACE org.hibernate.orm.jdbc.bind - binding parameter (1:BIGINT) <- [67]
2026-03-04 20:35:08.134 DEBUG org.hibernate.SQL - select rie1_0.reception_id,rie1_0.admission_plan_at,rie1_0.room_id,rie1_0.ward_id from reception_inpatient rie1_0 where rie1_0.reception_id=?
2026-03-04 20:35:08.134 TRACE org.hibernate.orm.jdbc.bind - binding parameter (1:BIGINT) <- [67]
2026-03-04 20:35:08.143 INFO  k.co.seoulit.common.aop.LoggerAspect - ServiceImpl  : kr.co.seoulit.reception.service.InpatientReceptionServiceImpl.getInpatientReception()종료
2026-03-04 20:35:08.150 INFO  k.co.seoulit.common.aop.LoggerAspect - Controller  : kr.co.seoulit.reception.controller.InpatientReceptionController.getInpatientReception()종료
2026-03-04 20:35:08.155 INFO  k.co.seoulit.common.aop.LoggerAspect - Controller  : kr.co.seoulit.reception.controller.InpatientReceptionController.getInpatientReception()시작
2026-03-04 20:35:08.155 INFO  k.c.s.r.c.InpatientReceptionController - 입원 접수 조회 요청: id=67
2026-03-04 20:35:08.156 INFO  k.co.seoulit.common.aop.LoggerAspect - ServiceImpl  : kr.co.seoulit.reception.service.InpatientReceptionServiceImpl.getInpatientReception()시작
2026-03-04 20:35:08.156 DEBUG org.hibernate.SQL - select re1_0.reception_id,re1_0.arrived_at,re1_0.cancel_reason_code,re1_0.cancel_reason_text,re1_0.created_at,re1_0.created_by,re1_0.department_id,re1_0.department_name,re1_0.doctor_id,re1_0.doctor_name,re1_0.hold_reason_code,re1_0.hold_reason_text,re1_0.inactive_at,re1_0.inactive_reason_code,re1_0.inactive_reason_text,re1_0.is_active,re1_0.note,re1_0.patient_id,re1_0.patient_name,re1_0.reception_no,re1_0.reservation_id,re1_0.scheduled_at,re1_0.status,re1_0.updated_at,re1_0.updated_by,re1_0.visit_type from reception re1_0 where re1_0.reception_id=?
2026-03-04 20:35:08.157 TRACE org.hibernate.orm.jdbc.bind - binding parameter (1:BIGINT) <- [67]
2026-03-04 20:35:08.166 DEBUG org.hibernate.SQL - select rie1_0.reception_id,rie1_0.admission_plan_at,rie1_0.room_id,rie1_0.ward_id from reception_inpatient rie1_0 where rie1_0.reception_id=?
2026-03-04 20:35:08.167 TRACE org.hibernate.orm.jdbc.bind - binding parameter (1:BIGINT) <- [67]
2026-03-04 20:35:08.176 INFO  k.co.seoulit.common.aop.LoggerAspect - ServiceImpl  : kr.co.seoulit.reception.service.InpatientReceptionServiceImpl.getInpatientReception()종료
2026-03-04 20:35:08.185 INFO  k.co.seoulit.common.aop.LoggerAspect - Controller  : kr.co.seoulit.reception.controller.InpatientReceptionController.getInpatientReception()종료
2026-03-04 20:35:08.196 INFO  k.co.seoulit.common.aop.LoggerAspect - Controller  : kr.co.seoulit.reception.controller.InpatientReceptionController.getInpatientReceptions()시작
2026-03-04 20:35:08.196 INFO  k.c.s.r.c.InpatientReceptionController - 입원 접수 목록 요청: searchType=null, searchValue=null
2026-03-04 20:35:08.196 INFO  k.co.seoulit.common.aop.LoggerAspect - ServiceImpl  : kr.co.seoulit.reception.service.InpatientReceptionServiceImpl.getInpatientReceptionList()시작
2026-03-04 20:35:08.237 INFO  k.co.seoulit.common.aop.LoggerAspect - ServiceImpl  : kr.co.seoulit.reception.service.InpatientReceptionServiceImpl.getInpatientReceptionList()종료
2026-03-04 20:35:08.243 INFO  k.co.seoulit.common.aop.LoggerAspect - Controller  : kr.co.seoulit.reception.controller.InpatientReceptionController.getInpatientReceptions()종료
2026-03-04 20:39:05.754 INFO  k.co.seoulit.common.aop.LoggerAspect - Controller  : kr.co.seoulit.reception.controller.InpatientReceptionController.getInpatientReceptions()시작
2026-03-04 20:39:05.755 INFO  k.c.s.r.c.InpatientReceptionController - 입원 접수 목록 요청: searchType=null, searchValue=null
2026-03-04 20:39:05.770 INFO  k.co.seoulit.common.aop.LoggerAspect - ServiceImpl  : kr.co.seoulit.reception.service.InpatientReceptionServiceImpl.getInpatientReceptionList()시작
2026-03-04 20:39:05.815 INFO  k.co.seoulit.common.aop.LoggerAspect - ServiceImpl  : kr.co.seoulit.reception.service.InpatientReceptionServiceImpl.getInpatientReceptionList()종료
2026-03-04 20:39:05.827 INFO  k.co.seoulit.common.aop.LoggerAspect - Controller  : kr.co.seoulit.reception.controller.InpatientReceptionController.getInpatientReceptions()종료
2026-03-04 20:39:05.845 INFO  k.co.seoulit.common.aop.LoggerAspect - Controller  : kr.co.seoulit.reception.controller.InpatientReceptionController.getInpatientReceptions()시작
2026-03-04 20:39:05.848 INFO  k.c.s.r.c.InpatientReceptionController - 입원 접수 목록 요청: searchType=null, searchValue=null
2026-03-04 20:39:05.849 INFO  k.co.seoulit.common.aop.LoggerAspect - ServiceImpl  : kr.co.seoulit.reception.service.InpatientReceptionServiceImpl.getInpatientReceptionList()시작
2026-03-04 20:39:05.894 INFO  k.co.seoulit.common.aop.LoggerAspect - ServiceImpl  : kr.co.seoulit.reception.service.InpatientReceptionServiceImpl.getInpatientReceptionList()종료
2026-03-04 20:39:06.017 INFO  k.co.seoulit.common.aop.LoggerAspect - Controller  : kr.co.seoulit.reception.controller.InpatientReceptionController.getInpatientReceptions()종료
2026-03-04 20:39:09.613 INFO  k.co.seoulit.common.aop.LoggerAspect - Controller  : kr.co.seoulit.reception.controller.InpatientReceptionController.getInpatientReception()시작
2026-03-04 20:39:09.613 INFO  k.c.s.r.c.InpatientReceptionController - 입원 접수 조회 요청: id=67
2026-03-04 20:39:09.728 INFO  k.co.seoulit.common.aop.LoggerAspect - ServiceImpl  : kr.co.seoulit.reception.service.InpatientReceptionServiceImpl.getInpatientReception()시작
2026-03-04 20:39:09.730 DEBUG org.hibernate.SQL - select re1_0.reception_id,re1_0.arrived_at,re1_0.cancel_reason_code,re1_0.cancel_reason_text,re1_0.created_at,re1_0.created_by,re1_0.department_id,re1_0.department_name,re1_0.doctor_id,re1_0.doctor_name,re1_0.hold_reason_code,re1_0.hold_reason_text,re1_0.inactive_at,re1_0.inactive_reason_code,re1_0.inactive_reason_text,re1_0.is_active,re1_0.note,re1_0.patient_id,re1_0.patient_name,re1_0.reception_no,re1_0.reservation_id,re1_0.scheduled_at,re1_0.status,re1_0.updated_at,re1_0.updated_by,re1_0.visit_type from reception re1_0 where re1_0.reception_id=?
2026-03-04 20:39:09.732 TRACE org.hibernate.orm.jdbc.bind - binding parameter (1:BIGINT) <- [67]
2026-03-04 20:39:09.740 DEBUG org.hibernate.SQL - select rie1_0.reception_id,rie1_0.admission_plan_at,rie1_0.room_id,rie1_0.ward_id from reception_inpatient rie1_0 where rie1_0.reception_id=?
2026-03-04 20:39:09.740 TRACE org.hibernate.orm.jdbc.bind - binding parameter (1:BIGINT) <- [67]
2026-03-04 20:39:09.749 INFO  k.co.seoulit.common.aop.LoggerAspect - ServiceImpl  : kr.co.seoulit.reception.service.InpatientReceptionServiceImpl.getInpatientReception()종료
2026-03-04 20:39:09.754 INFO  k.co.seoulit.common.aop.LoggerAspect - Controller  : kr.co.seoulit.reception.controller.InpatientReceptionController.getInpatientReception()종료
2026-03-04 20:39:09.758 INFO  k.co.seoulit.common.aop.LoggerAspect - Controller  : kr.co.seoulit.reception.controller.InpatientReceptionController.getInpatientReception()시작
2026-03-04 20:39:09.759 INFO  k.c.s.r.c.InpatientReceptionController - 입원 접수 조회 요청: id=67
2026-03-04 20:39:09.759 INFO  k.co.seoulit.common.aop.LoggerAspect - ServiceImpl  : kr.co.seoulit.reception.service.InpatientReceptionServiceImpl.getInpatientReception()시작
2026-03-04 20:39:09.761 DEBUG org.hibernate.SQL - select re1_0.reception_id,re1_0.arrived_at,re1_0.cancel_reason_code,re1_0.cancel_reason_text,re1_0.created_at,re1_0.created_by,re1_0.department_id,re1_0.department_name,re1_0.doctor_id,re1_0.doctor_name,re1_0.hold_reason_code,re1_0.hold_reason_text,re1_0.inactive_at,re1_0.inactive_reason_code,re1_0.inactive_reason_text,re1_0.is_active,re1_0.note,re1_0.patient_id,re1_0.patient_name,re1_0.reception_no,re1_0.reservation_id,re1_0.scheduled_at,re1_0.status,re1_0.updated_at,re1_0.updated_by,re1_0.visit_type from reception re1_0 where re1_0.reception_id=?
2026-03-04 20:39:09.761 TRACE org.hibernate.orm.jdbc.bind - binding parameter (1:BIGINT) <- [67]
2026-03-04 20:39:09.773 DEBUG org.hibernate.SQL - select rie1_0.reception_id,rie1_0.admission_plan_at,rie1_0.room_id,rie1_0.ward_id from reception_inpatient rie1_0 where rie1_0.reception_id=?
2026-03-04 20:39:09.773 TRACE org.hibernate.orm.jdbc.bind - binding parameter (1:BIGINT) <- [67]
2026-03-04 20:39:09.782 INFO  k.co.seoulit.common.aop.LoggerAspect - ServiceImpl  : kr.co.seoulit.reception.service.InpatientReceptionServiceImpl.getInpatientReception()종료
2026-03-04 20:39:09.787 INFO  k.co.seoulit.common.aop.LoggerAspect - Controller  : kr.co.seoulit.reception.controller.InpatientReceptionController.getInpatientReception()종료
2026-03-04 20:44:02.555 INFO  k.co.seoulit.common.aop.LoggerAspect - Controller  : kr.co.seoulit.reception.controller.InpatientReceptionController.getInpatientReceptions()시작
2026-03-04 20:44:02.556 INFO  k.c.s.r.c.InpatientReceptionController - 입원 접수 목록 요청: searchType=null, searchValue=null
2026-03-04 20:44:02.575 INFO  k.co.seoulit.common.aop.LoggerAspect - ServiceImpl  : kr.co.seoulit.reception.service.InpatientReceptionServiceImpl.getInpatientReceptionList()시작
2026-03-04 20:44:02.597 INFO  k.co.seoulit.common.aop.LoggerAspect - ServiceImpl  : kr.co.seoulit.reception.service.InpatientReceptionServiceImpl.getInpatientReceptionList()종료
2026-03-04 20:44:02.602 INFO  k.co.seoulit.common.aop.LoggerAspect - Controller  : kr.co.seoulit.reception.controller.InpatientReceptionController.getInpatientReceptions()종료
2026-03-04 20:44:02.608 INFO  k.co.seoulit.common.aop.LoggerAspect - Controller  : kr.co.seoulit.reception.controller.InpatientReceptionController.getInpatientReceptions()시작
2026-03-04 20:44:02.608 INFO  k.c.s.r.c.InpatientReceptionController - 입원 접수 목록 요청: searchType=null, searchValue=null
2026-03-04 20:44:02.609 INFO  k.co.seoulit.common.aop.LoggerAspect - ServiceImpl  : kr.co.seoulit.reception.service.InpatientReceptionServiceImpl.getInpatientReceptionList()시작
2026-03-04 20:44:02.629 INFO  k.co.seoulit.common.aop.LoggerAspect - ServiceImpl  : kr.co.seoulit.reception.service.InpatientReceptionServiceImpl.getInpatientReceptionList()종료
2026-03-04 20:44:02.634 INFO  k.co.seoulit.common.aop.LoggerAspect - Controller  : kr.co.seoulit.reception.controller.InpatientReceptionController.getInpatientReceptions()종료
2026-03-04 20:44:04.444 INFO  k.co.seoulit.common.aop.LoggerAspect - Controller  : kr.co.seoulit.reception.controller.InpatientReceptionController.getInpatientReception()시작
2026-03-04 20:44:04.444 INFO  k.c.s.r.c.InpatientReceptionController - 입원 접수 조회 요청: id=67
2026-03-04 20:44:04.465 INFO  k.co.seoulit.common.aop.LoggerAspect - ServiceImpl  : kr.co.seoulit.reception.service.InpatientReceptionServiceImpl.getInpatientReception()시작
2026-03-04 20:44:04.468 DEBUG org.hibernate.SQL - select re1_0.reception_id,re1_0.arrived_at,re1_0.cancel_reason_code,re1_0.cancel_reason_text,re1_0.created_at,re1_0.created_by,re1_0.department_id,re1_0.department_name,re1_0.doctor_id,re1_0.doctor_name,re1_0.hold_reason_code,re1_0.hold_reason_text,re1_0.inactive_at,re1_0.inactive_reason_code,re1_0.inactive_reason_text,re1_0.is_active,re1_0.note,re1_0.patient_id,re1_0.patient_name,re1_0.reception_no,re1_0.reservation_id,re1_0.scheduled_at,re1_0.status,re1_0.updated_at,re1_0.updated_by,re1_0.visit_type from reception re1_0 where re1_0.reception_id=?
2026-03-04 20:44:04.468 TRACE org.hibernate.orm.jdbc.bind - binding parameter (1:BIGINT) <- [67]
2026-03-04 20:44:04.502 DEBUG org.hibernate.SQL - select rie1_0.reception_id,rie1_0.admission_plan_at,rie1_0.room_id,rie1_0.ward_id from reception_inpatient rie1_0 where rie1_0.reception_id=?
2026-03-04 20:44:04.503 TRACE org.hibernate.orm.jdbc.bind - binding parameter (1:BIGINT) <- [67]
2026-03-04 20:44:04.529 INFO  k.co.seoulit.common.aop.LoggerAspect - ServiceImpl  : kr.co.seoulit.reception.service.InpatientReceptionServiceImpl.getInpatientReception()종료
2026-03-04 20:44:04.535 INFO  k.co.seoulit.common.aop.LoggerAspect - Controller  : kr.co.seoulit.reception.controller.InpatientReceptionController.getInpatientReception()종료
2026-03-04 20:44:04.540 INFO  k.co.seoulit.common.aop.LoggerAspect - Controller  : kr.co.seoulit.reception.controller.InpatientReceptionController.getInpatientReception()시작
2026-03-04 20:44:04.540 INFO  k.c.s.r.c.InpatientReceptionController - 입원 접수 조회 요청: id=67
2026-03-04 20:44:04.540 INFO  k.co.seoulit.common.aop.LoggerAspect - ServiceImpl  : kr.co.seoulit.reception.service.InpatientReceptionServiceImpl.getInpatientReception()시작
2026-03-04 20:44:04.541 DEBUG org.hibernate.SQL - select re1_0.reception_id,re1_0.arrived_at,re1_0.cancel_reason_code,re1_0.cancel_reason_text,re1_0.created_at,re1_0.created_by,re1_0.department_id,re1_0.department_name,re1_0.doctor_id,re1_0.doctor_name,re1_0.hold_reason_code,re1_0.hold_reason_text,re1_0.inactive_at,re1_0.inactive_reason_code,re1_0.inactive_reason_text,re1_0.is_active,re1_0.note,re1_0.patient_id,re1_0.patient_name,re1_0.reception_no,re1_0.reservation_id,re1_0.scheduled_at,re1_0.status,re1_0.updated_at,re1_0.updated_by,re1_0.visit_type from reception re1_0 where re1_0.reception_id=?
2026-03-04 20:44:04.542 TRACE org.hibernate.orm.jdbc.bind - binding parameter (1:BIGINT) <- [67]
2026-03-04 20:44:04.603 DEBUG org.hibernate.SQL - select rie1_0.reception_id,rie1_0.admission_plan_at,rie1_0.room_id,rie1_0.ward_id from reception_inpatient rie1_0 where rie1_0.reception_id=?
2026-03-04 20:44:04.603 TRACE org.hibernate.orm.jdbc.bind - binding parameter (1:BIGINT) <- [67]
2026-03-04 20:44:04.616 INFO  k.co.seoulit.common.aop.LoggerAspect - ServiceImpl  : kr.co.seoulit.reception.service.InpatientReceptionServiceImpl.getInpatientReception()종료
2026-03-04 20:44:04.627 INFO  k.co.seoulit.common.aop.LoggerAspect - Controller  : kr.co.seoulit.reception.controller.InpatientReceptionController.getInpatientReception()종료
2026-03-04 20:44:05.895 INFO  k.co.seoulit.common.aop.LoggerAspect - Controller  : kr.co.seoulit.reception.controller.InpatientReceptionController.getInpatientReception()시작
2026-03-04 20:44:05.895 INFO  k.c.s.r.c.InpatientReceptionController - 입원 접수 조회 요청: id=67
2026-03-04 20:44:05.912 INFO  k.co.seoulit.common.aop.LoggerAspect - ServiceImpl  : kr.co.seoulit.reception.service.InpatientReceptionServiceImpl.getInpatientReception()시작
2026-03-04 20:44:05.918 DEBUG org.hibernate.SQL - select re1_0.reception_id,re1_0.arrived_at,re1_0.cancel_reason_code,re1_0.cancel_reason_text,re1_0.created_at,re1_0.created_by,re1_0.department_id,re1_0.department_name,re1_0.doctor_id,re1_0.doctor_name,re1_0.hold_reason_code,re1_0.hold_reason_text,re1_0.inactive_at,re1_0.inactive_reason_code,re1_0.inactive_reason_text,re1_0.is_active,re1_0.note,re1_0.patient_id,re1_0.patient_name,re1_0.reception_no,re1_0.reservation_id,re1_0.scheduled_at,re1_0.status,re1_0.updated_at,re1_0.updated_by,re1_0.visit_type from reception re1_0 where re1_0.reception_id=?
2026-03-04 20:44:05.918 TRACE org.hibernate.orm.jdbc.bind - binding parameter (1:BIGINT) <- [67]
2026-03-04 20:44:05.940 DEBUG org.hibernate.SQL - select rie1_0.reception_id,rie1_0.admission_plan_at,rie1_0.room_id,rie1_0.ward_id from reception_inpatient rie1_0 where rie1_0.reception_id=?
2026-03-04 20:44:05.941 TRACE org.hibernate.orm.jdbc.bind - binding parameter (1:BIGINT) <- [67]
2026-03-04 20:44:05.969 INFO  k.co.seoulit.common.aop.LoggerAspect - ServiceImpl  : kr.co.seoulit.reception.service.InpatientReceptionServiceImpl.getInpatientReception()종료
2026-03-04 20:44:06.005 INFO  k.co.seoulit.common.aop.LoggerAspect - Controller  : kr.co.seoulit.reception.controller.InpatientReceptionController.getInpatientReceptions()시작
2026-03-04 20:44:06.005 INFO  k.c.s.r.c.InpatientReceptionController - 입원 접수 목록 요청: searchType=null, searchValue=null
2026-03-04 20:44:06.007 INFO  k.co.seoulit.common.aop.LoggerAspect - Controller  : kr.co.seoulit.reception.controller.InpatientReceptionController.getInpatientReception()종료
2026-03-04 20:44:06.012 INFO  k.co.seoulit.common.aop.LoggerAspect - Controller  : kr.co.seoulit.reception.controller.InpatientReceptionController.getInpatientReception()시작
2026-03-04 20:44:06.013 INFO  k.c.s.r.c.InpatientReceptionController - 입원 접수 조회 요청: id=67
2026-03-04 20:44:06.013 INFO  k.co.seoulit.common.aop.LoggerAspect - ServiceImpl  : kr.co.seoulit.reception.service.InpatientReceptionServiceImpl.getInpatientReception()시작
2026-03-04 20:44:06.013 DEBUG org.hibernate.SQL - select re1_0.reception_id,re1_0.arrived_at,re1_0.cancel_reason_code,re1_0.cancel_reason_text,re1_0.created_at,re1_0.created_by,re1_0.department_id,re1_0.department_name,re1_0.doctor_id,re1_0.doctor_name,re1_0.hold_reason_code,re1_0.hold_reason_text,re1_0.inactive_at,re1_0.inactive_reason_code,re1_0.inactive_reason_text,re1_0.is_active,re1_0.note,re1_0.patient_id,re1_0.patient_name,re1_0.reception_no,re1_0.reservation_id,re1_0.scheduled_at,re1_0.status,re1_0.updated_at,re1_0.updated_by,re1_0.visit_type from reception re1_0 where re1_0.reception_id=?
2026-03-04 20:44:06.015 TRACE org.hibernate.orm.jdbc.bind - binding parameter (1:BIGINT) <- [67]
2026-03-04 20:44:06.019 INFO  k.co.seoulit.common.aop.LoggerAspect - ServiceImpl  : kr.co.seoulit.reception.service.InpatientReceptionServiceImpl.getInpatientReceptionList()시작
2026-03-04 20:44:06.033 DEBUG org.hibernate.SQL - select rie1_0.reception_id,rie1_0.admission_plan_at,rie1_0.room_id,rie1_0.ward_id from reception_inpatient rie1_0 where rie1_0.reception_id=?
2026-03-04 20:44:06.036 TRACE org.hibernate.orm.jdbc.bind - binding parameter (1:BIGINT) <- [67]
2026-03-04 20:44:06.090 INFO  k.co.seoulit.common.aop.LoggerAspect - ServiceImpl  : kr.co.seoulit.reception.service.InpatientReceptionServiceImpl.getInpatientReception()종료
2026-03-04 20:44:06.108 INFO  k.co.seoulit.common.aop.LoggerAspect - Controller  : kr.co.seoulit.reception.controller.InpatientReceptionController.getInpatientReception()종료
2026-03-04 20:44:06.115 INFO  k.co.seoulit.common.aop.LoggerAspect - ServiceImpl  : kr.co.seoulit.reception.service.InpatientReceptionServiceImpl.getInpatientReceptionList()종료
2026-03-04 20:44:06.135 INFO  k.co.seoulit.common.aop.LoggerAspect - Controller  : kr.co.seoulit.reception.controller.InpatientReceptionController.getInpatientReceptions()종료
2026-03-04 20:44:07.742 INFO  k.co.seoulit.common.aop.LoggerAspect - Controller  : kr.co.seoulit.reception.controller.InpatientReceptionController.getInpatientReception()시작
2026-03-04 20:44:07.742 INFO  k.c.s.r.c.InpatientReceptionController - 입원 접수 조회 요청: id=67
2026-03-04 20:44:07.750 INFO  k.co.seoulit.common.aop.LoggerAspect - ServiceImpl  : kr.co.seoulit.reception.service.InpatientReceptionServiceImpl.getInpatientReception()시작
2026-03-04 20:44:07.751 DEBUG org.hibernate.SQL - select re1_0.reception_id,re1_0.arrived_at,re1_0.cancel_reason_code,re1_0.cancel_reason_text,re1_0.created_at,re1_0.created_by,re1_0.department_id,re1_0.department_name,re1_0.doctor_id,re1_0.doctor_name,re1_0.hold_reason_code,re1_0.hold_reason_text,re1_0.inactive_at,re1_0.inactive_reason_code,re1_0.inactive_reason_text,re1_0.is_active,re1_0.note,re1_0.patient_id,re1_0.patient_name,re1_0.reception_no,re1_0.reservation_id,re1_0.scheduled_at,re1_0.status,re1_0.updated_at,re1_0.updated_by,re1_0.visit_type from reception re1_0 where re1_0.reception_id=?
2026-03-04 20:44:07.753 TRACE org.hibernate.orm.jdbc.bind - binding parameter (1:BIGINT) <- [67]
2026-03-04 20:44:07.763 DEBUG org.hibernate.SQL - select rie1_0.reception_id,rie1_0.admission_plan_at,rie1_0.room_id,rie1_0.ward_id from reception_inpatient rie1_0 where rie1_0.reception_id=?
2026-03-04 20:44:07.763 TRACE org.hibernate.orm.jdbc.bind - binding parameter (1:BIGINT) <- [67]
2026-03-04 20:44:07.771 INFO  k.co.seoulit.common.aop.LoggerAspect - ServiceImpl  : kr.co.seoulit.reception.service.InpatientReceptionServiceImpl.getInpatientReception()종료
2026-03-04 20:44:07.777 INFO  k.co.seoulit.common.aop.LoggerAspect - Controller  : kr.co.seoulit.reception.controller.InpatientReceptionController.getInpatientReception()종료
2026-03-04 20:44:07.787 INFO  k.co.seoulit.common.aop.LoggerAspect - Controller  : kr.co.seoulit.reception.controller.InpatientReceptionController.getInpatientReception()시작
2026-03-04 20:44:07.787 INFO  k.c.s.r.c.InpatientReceptionController - 입원 접수 조회 요청: id=67
2026-03-04 20:44:07.788 INFO  k.co.seoulit.common.aop.LoggerAspect - ServiceImpl  : kr.co.seoulit.reception.service.InpatientReceptionServiceImpl.getInpatientReception()시작
2026-03-04 20:44:07.789 DEBUG org.hibernate.SQL - select re1_0.reception_id,re1_0.arrived_at,re1_0.cancel_reason_code,re1_0.cancel_reason_text,re1_0.created_at,re1_0.created_by,re1_0.department_id,re1_0.department_name,re1_0.doctor_id,re1_0.doctor_name,re1_0.hold_reason_code,re1_0.hold_reason_text,re1_0.inactive_at,re1_0.inactive_reason_code,re1_0.inactive_reason_text,re1_0.is_active,re1_0.note,re1_0.patient_id,re1_0.patient_name,re1_0.reception_no,re1_0.reservation_id,re1_0.scheduled_at,re1_0.status,re1_0.updated_at,re1_0.updated_by,re1_0.visit_type from reception re1_0 where re1_0.reception_id=?
2026-03-04 20:44:07.790 TRACE org.hibernate.orm.jdbc.bind - binding parameter (1:BIGINT) <- [67]
2026-03-04 20:44:07.800 DEBUG org.hibernate.SQL - select rie1_0.reception_id,rie1_0.admission_plan_at,rie1_0.room_id,rie1_0.ward_id from reception_inpatient rie1_0 where rie1_0.reception_id=?
2026-03-04 20:44:07.800 TRACE org.hibernate.orm.jdbc.bind - binding parameter (1:BIGINT) <- [67]
2026-03-04 20:44:07.807 INFO  k.co.seoulit.common.aop.LoggerAspect - ServiceImpl  : kr.co.seoulit.reception.service.InpatientReceptionServiceImpl.getInpatientReception()종료
2026-03-04 20:44:07.813 INFO  k.co.seoulit.common.aop.LoggerAspect - Controller  : kr.co.seoulit.reception.controller.InpatientReceptionController.getInpatientReception()종료
2026-03-04 20:44:25.026 INFO  k.co.seoulit.common.aop.LoggerAspect - Controller  : kr.co.seoulit.reception.controller.InpatientReceptionController.getInpatientReceptions()시작
2026-03-04 20:44:25.026 INFO  k.c.s.r.c.InpatientReceptionController - 입원 접수 목록 요청: searchType=null, searchValue=null
2026-03-04 20:44:25.037 INFO  k.co.seoulit.common.aop.LoggerAspect - ServiceImpl  : kr.co.seoulit.reception.service.InpatientReceptionServiceImpl.getInpatientReceptionList()시작
2026-03-04 20:44:25.062 INFO  k.co.seoulit.common.aop.LoggerAspect - ServiceImpl  : kr.co.seoulit.reception.service.InpatientReceptionServiceImpl.getInpatientReceptionList()종료
2026-03-04 20:44:25.068 INFO  k.co.seoulit.common.aop.LoggerAspect - Controller  : kr.co.seoulit.reception.controller.InpatientReceptionController.getInpatientReceptions()종료
2026-03-04 20:44:25.077 INFO  k.co.seoulit.common.aop.LoggerAspect - Controller  : kr.co.seoulit.reception.controller.InpatientReceptionController.getInpatientReceptions()시작
2026-03-04 20:44:25.077 INFO  k.c.s.r.c.InpatientReceptionController - 입원 접수 목록 요청: searchType=null, searchValue=null
2026-03-04 20:44:25.078 INFO  k.co.seoulit.common.aop.LoggerAspect - ServiceImpl  : kr.co.seoulit.reception.service.InpatientReceptionServiceImpl.getInpatientReceptionList()시작
2026-03-04 20:44:25.091 INFO  k.co.seoulit.common.aop.LoggerAspect - ServiceImpl  : kr.co.seoulit.reception.service.InpatientReceptionServiceImpl.getInpatientReceptionList()종료
2026-03-04 20:44:25.100 INFO  k.co.seoulit.common.aop.LoggerAspect - Controller  : kr.co.seoulit.reception.controller.InpatientReceptionController.getInpatientReceptions()종료
2026-03-04 20:44:27.489 INFO  k.co.seoulit.common.aop.LoggerAspect - Controller  : kr.co.seoulit.reception.controller.InpatientReceptionController.getInpatientReception()시작
2026-03-04 20:44:27.490 INFO  k.c.s.r.c.InpatientReceptionController - 입원 접수 조회 요청: id=67
2026-03-04 20:44:27.503 INFO  k.co.seoulit.common.aop.LoggerAspect - ServiceImpl  : kr.co.seoulit.reception.service.InpatientReceptionServiceImpl.getInpatientReception()시작
2026-03-04 20:44:27.504 DEBUG org.hibernate.SQL - select re1_0.reception_id,re1_0.arrived_at,re1_0.cancel_reason_code,re1_0.cancel_reason_text,re1_0.created_at,re1_0.created_by,re1_0.department_id,re1_0.department_name,re1_0.doctor_id,re1_0.doctor_name,re1_0.hold_reason_code,re1_0.hold_reason_text,re1_0.inactive_at,re1_0.inactive_reason_code,re1_0.inactive_reason_text,re1_0.is_active,re1_0.note,re1_0.patient_id,re1_0.patient_name,re1_0.reception_no,re1_0.reservation_id,re1_0.scheduled_at,re1_0.status,re1_0.updated_at,re1_0.updated_by,re1_0.visit_type from reception re1_0 where re1_0.reception_id=?
2026-03-04 20:44:27.504 TRACE org.hibernate.orm.jdbc.bind - binding parameter (1:BIGINT) <- [67]
2026-03-04 20:44:27.513 DEBUG org.hibernate.SQL - select rie1_0.reception_id,rie1_0.admission_plan_at,rie1_0.room_id,rie1_0.ward_id from reception_inpatient rie1_0 where rie1_0.reception_id=?
2026-03-04 20:44:27.514 TRACE org.hibernate.orm.jdbc.bind - binding parameter (1:BIGINT) <- [67]
2026-03-04 20:44:27.524 INFO  k.co.seoulit.common.aop.LoggerAspect - ServiceImpl  : kr.co.seoulit.reception.service.InpatientReceptionServiceImpl.getInpatientReception()종료
2026-03-04 20:44:27.533 INFO  k.co.seoulit.common.aop.LoggerAspect - Controller  : kr.co.seoulit.reception.controller.InpatientReceptionController.getInpatientReception()종료
2026-03-04 20:44:27.537 INFO  k.co.seoulit.common.aop.LoggerAspect - Controller  : kr.co.seoulit.reception.controller.InpatientReceptionController.getInpatientReception()시작
2026-03-04 20:44:27.537 INFO  k.c.s.r.c.InpatientReceptionController - 입원 접수 조회 요청: id=67
2026-03-04 20:44:27.538 INFO  k.co.seoulit.common.aop.LoggerAspect - ServiceImpl  : kr.co.seoulit.reception.service.InpatientReceptionServiceImpl.getInpatientReception()시작
2026-03-04 20:44:27.539 DEBUG org.hibernate.SQL - select re1_0.reception_id,re1_0.arrived_at,re1_0.cancel_reason_code,re1_0.cancel_reason_text,re1_0.created_at,re1_0.created_by,re1_0.department_id,re1_0.department_name,re1_0.doctor_id,re1_0.doctor_name,re1_0.hold_reason_code,re1_0.hold_reason_text,re1_0.inactive_at,re1_0.inactive_reason_code,re1_0.inactive_reason_text,re1_0.is_active,re1_0.note,re1_0.patient_id,re1_0.patient_name,re1_0.reception_no,re1_0.reservation_id,re1_0.scheduled_at,re1_0.status,re1_0.updated_at,re1_0.updated_by,re1_0.visit_type from reception re1_0 where re1_0.reception_id=?
2026-03-04 20:44:27.539 TRACE org.hibernate.orm.jdbc.bind - binding parameter (1:BIGINT) <- [67]
2026-03-04 20:44:27.551 DEBUG org.hibernate.SQL - select rie1_0.reception_id,rie1_0.admission_plan_at,rie1_0.room_id,rie1_0.ward_id from reception_inpatient rie1_0 where rie1_0.reception_id=?
2026-03-04 20:44:27.551 TRACE org.hibernate.orm.jdbc.bind - binding parameter (1:BIGINT) <- [67]
2026-03-04 20:44:27.564 INFO  k.co.seoulit.common.aop.LoggerAspect - ServiceImpl  : kr.co.seoulit.reception.service.InpatientReceptionServiceImpl.getInpatientReception()종료
2026-03-04 20:44:27.570 INFO  k.co.seoulit.common.aop.LoggerAspect - Controller  : kr.co.seoulit.reception.controller.InpatientReceptionController.getInpatientReception()종료
2026-03-04 20:44:27.590 INFO  k.co.seoulit.common.aop.LoggerAspect - Controller  : kr.co.seoulit.reception.controller.InpatientReceptionController.getInpatientReceptions()시작
2026-03-04 20:44:27.590 INFO  k.c.s.r.c.InpatientReceptionController - 입원 접수 목록 요청: searchType=null, searchValue=null
2026-03-04 20:44:27.590 INFO  k.co.seoulit.common.aop.LoggerAspect - ServiceImpl  : kr.co.seoulit.reception.service.InpatientReceptionServiceImpl.getInpatientReceptionList()시작
2026-03-04 20:44:27.603 INFO  k.co.seoulit.common.aop.LoggerAspect - ServiceImpl  : kr.co.seoulit.reception.service.InpatientReceptionServiceImpl.getInpatientReceptionList()종료
2026-03-04 20:44:27.609 INFO  k.co.seoulit.common.aop.LoggerAspect - Controller  : kr.co.seoulit.reception.controller.InpatientReceptionController.getInpatientReceptions()종료
2026-03-04 20:57:35.527 INFO  o.s.o.j.LocalContainerEntityManagerFactoryBean - Closing JPA EntityManagerFactory for persistence unit 'default'
2026-03-04 20:57:35.530 INFO  com.zaxxer.hikari.HikariDataSource - HikariPool-1 - Shutdown initiated...
2026-03-04 20:57:35.603 INFO  com.zaxxer.hikari.HikariDataSource - HikariPool-1 - Shutdown completed.
