2026-02-13 09:04:01.584 INFO  o.h.validator.internal.util.Version - HV000001: Hibernate Validator 8.0.1.Final
2026-02-13 09:04:01.656 INFO  kr.co.seoulit.ReceptionApplication - Starting ReceptionApplication using Java 17.0.12 with PID 31232 (D:\서울IT교육센터\dev\teamwork\project\backend\hospital_reception_backend\reception_back\build\classes\java\main started by USER in D:\서울IT교육센터\dev\teamwork\project\backend\hospital_reception_backend\reception_back)
2026-02-13 09:04:01.658 INFO  kr.co.seoulit.ReceptionApplication - No active profile set, falling back to 1 default profile: "default"
2026-02-13 09:04:04.816 INFO  o.s.d.r.c.RepositoryConfigurationDelegate - Multiple Spring Data modules found, entering strict repository configuration mode
2026-02-13 09:04:04.820 INFO  o.s.d.r.c.RepositoryConfigurationDelegate - Bootstrapping Spring Data JPA repositories in DEFAULT mode.
2026-02-13 09:04:05.089 INFO  o.s.d.r.c.RepositoryConfigurationDelegate - Finished Spring Data repository scanning in 260 ms. Found 11 JPA repository interfaces.
2026-02-13 09:04:05.114 INFO  o.s.d.r.c.RepositoryConfigurationDelegate - Multiple Spring Data modules found, entering strict repository configuration mode
2026-02-13 09:04:05.116 INFO  o.s.d.r.c.RepositoryConfigurationDelegate - Bootstrapping Spring Data Redis repositories in DEFAULT mode.
2026-02-13 09:04:05.136 INFO  o.s.d.r.c.RepositoryConfigurationExtensionSupport - Spring Data Redis - Could not safely identify store assignment for repository candidate interface kr.co.seoulit.common.audit.AuditLogRepository; If you want this repository to be a Redis repository, consider annotating your entities with one of these annotations: org.springframework.data.redis.core.RedisHash (preferred), or consider extending one of the following types with your repository: org.springframework.data.keyvalue.repository.KeyValueRepository
2026-02-13 09:04:05.137 INFO  o.s.d.r.c.RepositoryConfigurationExtensionSupport - Spring Data Redis - Could not safely identify store assignment for repository candidate interface kr.co.seoulit.reception.repository.DepartmentRepository; If you want this repository to be a Redis repository, consider annotating your entities with one of these annotations: org.springframework.data.redis.core.RedisHash (preferred), or consider extending one of the following types with your repository: org.springframework.data.keyvalue.repository.KeyValueRepository
2026-02-13 09:04:05.137 INFO  o.s.d.r.c.RepositoryConfigurationExtensionSupport - Spring Data Redis - Could not safely identify store assignment for repository candidate interface kr.co.seoulit.reception.repository.DoctorRepository; If you want this repository to be a Redis repository, consider annotating your entities with one of these annotations: org.springframework.data.redis.core.RedisHash (preferred), or consider extending one of the following types with your repository: org.springframework.data.keyvalue.repository.KeyValueRepository
2026-02-13 09:04:05.138 INFO  o.s.d.r.c.RepositoryConfigurationExtensionSupport - Spring Data Redis - Could not safely identify store assignment for repository candidate interface kr.co.seoulit.reception.repository.PatientRepository; If you want this repository to be a Redis repository, consider annotating your entities with one of these annotations: org.springframework.data.redis.core.RedisHash (preferred), or consider extending one of the following types with your repository: org.springframework.data.keyvalue.repository.KeyValueRepository
2026-02-13 09:04:05.138 INFO  o.s.d.r.c.RepositoryConfigurationExtensionSupport - Spring Data Redis - Could not safely identify store assignment for repository candidate interface kr.co.seoulit.reception.repository.ReceptionChecklistItemRepository; If you want this repository to be a Redis repository, consider annotating your entities with one of these annotations: org.springframework.data.redis.core.RedisHash (preferred), or consider extending one of the following types with your repository: org.springframework.data.keyvalue.repository.KeyValueRepository
2026-02-13 09:04:05.138 INFO  o.s.d.r.c.RepositoryConfigurationExtensionSupport - Spring Data Redis - Could not safely identify store assignment for repository candidate interface kr.co.seoulit.reception.repository.ReceptionEmergencyRepository; If you want this repository to be a Redis repository, consider annotating your entities with one of these annotations: org.springframework.data.redis.core.RedisHash (preferred), or consider extending one of the following types with your repository: org.springframework.data.keyvalue.repository.KeyValueRepository
2026-02-13 09:04:05.139 INFO  o.s.d.r.c.RepositoryConfigurationExtensionSupport - Spring Data Redis - Could not safely identify store assignment for repository candidate interface kr.co.seoulit.reception.repository.ReceptionInpatientRepository; If you want this repository to be a Redis repository, consider annotating your entities with one of these annotations: org.springframework.data.redis.core.RedisHash (preferred), or consider extending one of the following types with your repository: org.springframework.data.keyvalue.repository.KeyValueRepository
2026-02-13 09:04:05.139 INFO  o.s.d.r.c.RepositoryConfigurationExtensionSupport - Spring Data Redis - Could not safely identify store assignment for repository candidate interface kr.co.seoulit.reception.repository.ReceptionRepository; If you want this repository to be a Redis repository, consider annotating your entities with one of these annotations: org.springframework.data.redis.core.RedisHash (preferred), or consider extending one of the following types with your repository: org.springframework.data.keyvalue.repository.KeyValueRepository
2026-02-13 09:04:05.139 INFO  o.s.d.r.c.RepositoryConfigurationExtensionSupport - Spring Data Redis - Could not safely identify store assignment for repository candidate interface kr.co.seoulit.reception.repository.ReceptionStatusHistoryRepository; If you want this repository to be a Redis repository, consider annotating your entities with one of these annotations: org.springframework.data.redis.core.RedisHash (preferred), or consider extending one of the following types with your repository: org.springframework.data.keyvalue.repository.KeyValueRepository
2026-02-13 09:04:05.140 INFO  o.s.d.r.c.RepositoryConfigurationExtensionSupport - Spring Data Redis - Could not safely identify store assignment for repository candidate interface kr.co.seoulit.reception.repository.ReceptionTodayScheduleRepository; If you want this repository to be a Redis repository, consider annotating your entities with one of these annotations: org.springframework.data.redis.core.RedisHash (preferred), or consider extending one of the following types with your repository: org.springframework.data.keyvalue.repository.KeyValueRepository
2026-02-13 09:04:05.140 INFO  o.s.d.r.c.RepositoryConfigurationExtensionSupport - Spring Data Redis - Could not safely identify store assignment for repository candidate interface kr.co.seoulit.reception.repository.ReservationRepository; If you want this repository to be a Redis repository, consider annotating your entities with one of these annotations: org.springframework.data.redis.core.RedisHash (preferred), or consider extending one of the following types with your repository: org.springframework.data.keyvalue.repository.KeyValueRepository
2026-02-13 09:04:05.140 INFO  o.s.d.r.c.RepositoryConfigurationDelegate - Finished Spring Data repository scanning in 15 ms. Found 0 Redis repository interfaces.
2026-02-13 09:04:06.140 INFO  o.s.b.w.e.tomcat.TomcatWebServer - Tomcat initialized with port 8283 (http)
2026-02-13 09:04:06.154 INFO  o.a.coyote.http11.Http11NioProtocol - Initializing ProtocolHandler ["http-nio-8283"]
2026-02-13 09:04:06.157 INFO  o.a.catalina.core.StandardService - Starting service [Tomcat]
2026-02-13 09:04:06.157 INFO  o.a.catalina.core.StandardEngine - Starting Servlet engine: [Apache Tomcat/10.1.26]
2026-02-13 09:04:06.310 INFO  o.a.c.c.C.[Tomcat].[localhost].[/] - Initializing Spring embedded WebApplicationContext
2026-02-13 09:04:06.310 INFO  o.s.b.w.s.c.ServletWebServerApplicationContext - Root WebApplicationContext: initialization completed in 4572 ms
2026-02-13 09:04:06.600 INFO  o.h.jpa.internal.util.LogHelper - HHH000204: Processing PersistenceUnitInfo [name: default]
2026-02-13 09:04:06.706 INFO  org.hibernate.Version - HHH000412: Hibernate ORM core version 6.5.2.Final
2026-02-13 09:04:06.768 INFO  o.h.c.i.RegionFactoryInitiator - HHH000026: Second-level cache disabled
2026-02-13 09:04:07.283 INFO  o.s.o.j.p.SpringPersistenceUnitInfo - No LoadTimeWeaver setup: ignoring JPA class transformer
2026-02-13 09:04:07.334 INFO  com.zaxxer.hikari.HikariDataSource - HikariPool-1 - Starting...
2026-02-13 09:04:08.387 INFO  com.zaxxer.hikari.pool.HikariPool - HikariPool-1 - Added connection oracle.jdbc.driver.T4CConnection@71d0b8a4
2026-02-13 09:04:08.396 INFO  com.zaxxer.hikari.HikariDataSource - HikariPool-1 - Start completed.
2026-02-13 09:04:08.450 WARN  org.hibernate.orm.deprecation - HHH90000026: Oracle10gDialect has been deprecated; use org.hibernate.community.dialect.OracleLegacyDialect instead
2026-02-13 09:04:10.225 INFO  o.h.e.t.j.p.i.JtaPlatformInitiator - HHH000489: No JTA platform available (set 'hibernate.transaction.jta.platform' to enable JTA platform integration)
2026-02-13 09:04:10.229 INFO  o.s.o.j.LocalContainerEntityManagerFactoryBean - Initialized JPA EntityManagerFactory for persistence unit 'default'
2026-02-13 09:04:12.391 WARN  o.s.b.a.o.j.JpaBaseConfiguration$JpaWebConfiguration - spring.jpa.open-in-view is enabled by default. Therefore, database queries may be performed during view rendering. Explicitly configure spring.jpa.open-in-view to disable this warning
2026-02-13 09:04:12.549 INFO  o.s.b.a.w.s.WelcomePageHandlerMapping - Adding welcome page: class path resource [static/index.html]
2026-02-13 09:04:15.207 INFO  o.a.coyote.http11.Http11NioProtocol - Starting ProtocolHandler ["http-nio-8283"]
2026-02-13 09:04:15.260 INFO  o.s.b.w.e.tomcat.TomcatWebServer - Tomcat started on port 8283 (http) with context path '/'
2026-02-13 09:04:15.278 INFO  kr.co.seoulit.ReceptionApplication - Started ReceptionApplication in 14.423 seconds (process running for 25.232)
2026-02-13 09:18:52.311 INFO  o.a.c.c.C.[Tomcat].[localhost].[/] - Initializing Spring DispatcherServlet 'dispatcherServlet'
2026-02-13 09:18:52.312 INFO  o.s.web.servlet.DispatcherServlet - Initializing Servlet 'dispatcherServlet'
2026-02-13 09:18:52.319 INFO  o.s.web.servlet.DispatcherServlet - Completed initialization in 7 ms
2026-02-13 09:18:55.082 INFO  k.co.seoulit.common.aop.LoggerAspect - Controller  : kr.co.seoulit.reception.controller.ReceptionController.getReceptions()시작
2026-02-13 09:18:55.083 INFO  k.c.s.r.c.ReceptionController - 접수 목록 요청: searchType=null, searchValue=null
2026-02-13 09:18:55.377 INFO  k.co.seoulit.common.aop.LoggerAspect - ServiceImpl  : kr.co.seoulit.reception.service.ReceptionServiceImpl.getReceptionList()시작
2026-02-13 09:18:57.128 INFO  k.co.seoulit.common.aop.LoggerAspect - ServiceImpl  : kr.co.seoulit.reception.service.ReceptionServiceImpl.getReceptionList()종료
2026-02-13 09:18:57.230 INFO  k.co.seoulit.common.aop.LoggerAspect - Controller  : kr.co.seoulit.reception.controller.ReceptionController.getReceptions()종료
2026-02-13 09:21:48.797 INFO  k.co.seoulit.common.aop.LoggerAspect - Controller  : kr.co.seoulit.reception.controller.ReservationController.getReservations()시작
2026-02-13 09:21:48.797 INFO  k.co.seoulit.common.aop.LoggerAspect - Controller  : kr.co.seoulit.reception.controller.MenuController.getMenus()시작
2026-02-13 09:21:48.800 INFO  k.co.seoulit.common.aop.LoggerAspect - Controller  : kr.co.seoulit.reception.controller.MenuController.getMenus()종료
2026-02-13 09:21:48.798 INFO  k.c.s.r.c.ReservationController - 예약 목록 요청: searchType=null, searchValue=null
2026-02-13 09:21:48.862 INFO  k.co.seoulit.common.aop.LoggerAspect - ServiceImpl  : kr.co.seoulit.reception.service.ReservationServiceImpl.getReservationList()시작
2026-02-13 09:21:48.961 INFO  k.co.seoulit.common.aop.LoggerAspect - ServiceImpl  : kr.co.seoulit.reception.service.ReservationServiceImpl.getReservationList()종료
2026-02-13 09:21:48.976 INFO  k.co.seoulit.common.aop.LoggerAspect - Controller  : kr.co.seoulit.reception.controller.ReservationController.getReservations()종료
2026-02-13 09:35:29.669 INFO  k.co.seoulit.common.aop.LoggerAspect - Controller  : kr.co.seoulit.reception.controller.MenuController.getMenus()시작
2026-02-13 09:35:29.673 INFO  k.co.seoulit.common.aop.LoggerAspect - Controller  : kr.co.seoulit.reception.controller.MenuController.getMenus()종료
2026-02-13 09:35:29.698 INFO  k.co.seoulit.common.aop.LoggerAspect - Controller  : kr.co.seoulit.reception.controller.MenuController.getMenus()시작
2026-02-13 09:35:29.698 INFO  k.co.seoulit.common.aop.LoggerAspect - Controller  : kr.co.seoulit.reception.controller.MenuController.getMenus()종료
2026-02-13 09:35:29.700 INFO  k.co.seoulit.common.aop.LoggerAspect - Controller  : kr.co.seoulit.reception.controller.ReservationController.getReservations()시작
2026-02-13 09:35:29.700 INFO  k.c.s.r.c.ReservationController - 예약 목록 요청: searchType=status, searchValue=CANCELED
2026-02-13 09:35:29.744 INFO  k.co.seoulit.common.aop.LoggerAspect - ServiceImpl  : kr.co.seoulit.reception.service.ReservationServiceImpl.getReservationList()시작
2026-02-13 09:35:29.811 INFO  k.co.seoulit.common.aop.LoggerAspect - ServiceImpl  : kr.co.seoulit.reception.service.ReservationServiceImpl.getReservationList()종료
2026-02-13 09:35:29.848 INFO  k.co.seoulit.common.aop.LoggerAspect - Controller  : kr.co.seoulit.reception.controller.ReservationController.getReservations()종료
2026-02-13 09:35:29.856 INFO  k.co.seoulit.common.aop.LoggerAspect - Controller  : kr.co.seoulit.reception.controller.ReservationController.getReservations()시작
2026-02-13 09:35:29.857 INFO  k.c.s.r.c.ReservationController - 예약 목록 요청: searchType=status, searchValue=CANCELED
2026-02-13 09:35:29.858 INFO  k.co.seoulit.common.aop.LoggerAspect - ServiceImpl  : kr.co.seoulit.reception.service.ReservationServiceImpl.getReservationList()시작
2026-02-13 09:35:29.899 INFO  k.co.seoulit.common.aop.LoggerAspect - ServiceImpl  : kr.co.seoulit.reception.service.ReservationServiceImpl.getReservationList()종료
2026-02-13 09:35:29.937 INFO  k.co.seoulit.common.aop.LoggerAspect - Controller  : kr.co.seoulit.reception.controller.ReservationController.getReservations()종료
2026-02-13 09:35:34.549 INFO  k.co.seoulit.common.aop.LoggerAspect - Controller  : kr.co.seoulit.reception.controller.MenuController.getMenus()시작
2026-02-13 09:35:34.549 INFO  k.co.seoulit.common.aop.LoggerAspect - Controller  : kr.co.seoulit.reception.controller.ReservationController.getReservations()시작
2026-02-13 09:35:34.549 INFO  k.co.seoulit.common.aop.LoggerAspect - Controller  : kr.co.seoulit.reception.controller.MenuController.getMenus()종료
2026-02-13 09:35:34.549 INFO  k.c.s.r.c.ReservationController - 예약 목록 요청: searchType=status, searchValue=COMPLETED
2026-02-13 09:35:34.553 INFO  k.co.seoulit.common.aop.LoggerAspect - Controller  : kr.co.seoulit.reception.controller.MenuController.getMenus()시작
2026-02-13 09:35:34.554 INFO  k.co.seoulit.common.aop.LoggerAspect - Controller  : kr.co.seoulit.reception.controller.MenuController.getMenus()종료
2026-02-13 09:35:34.591 INFO  k.co.seoulit.common.aop.LoggerAspect - ServiceImpl  : kr.co.seoulit.reception.service.ReservationServiceImpl.getReservationList()시작
2026-02-13 09:35:34.640 INFO  k.co.seoulit.common.aop.LoggerAspect - ServiceImpl  : kr.co.seoulit.reception.service.ReservationServiceImpl.getReservationList()종료
2026-02-13 09:35:34.696 INFO  k.co.seoulit.common.aop.LoggerAspect - Controller  : kr.co.seoulit.reception.controller.ReservationController.getReservations()종료
2026-02-13 09:35:34.701 INFO  k.co.seoulit.common.aop.LoggerAspect - Controller  : kr.co.seoulit.reception.controller.ReservationController.getReservations()시작
2026-02-13 09:35:34.702 INFO  k.c.s.r.c.ReservationController - 예약 목록 요청: searchType=status, searchValue=COMPLETED
2026-02-13 09:35:34.703 INFO  k.co.seoulit.common.aop.LoggerAspect - ServiceImpl  : kr.co.seoulit.reception.service.ReservationServiceImpl.getReservationList()시작
2026-02-13 09:35:34.745 INFO  k.co.seoulit.common.aop.LoggerAspect - ServiceImpl  : kr.co.seoulit.reception.service.ReservationServiceImpl.getReservationList()종료
2026-02-13 09:35:34.782 INFO  k.co.seoulit.common.aop.LoggerAspect - Controller  : kr.co.seoulit.reception.controller.ReservationController.getReservations()종료
2026-02-13 09:35:37.041 INFO  k.co.seoulit.common.aop.LoggerAspect - Controller  : kr.co.seoulit.reception.controller.MenuController.getMenus()시작
2026-02-13 09:35:37.042 INFO  k.co.seoulit.common.aop.LoggerAspect - Controller  : kr.co.seoulit.reception.controller.MenuController.getMenus()종료
2026-02-13 09:35:37.043 INFO  k.co.seoulit.common.aop.LoggerAspect - Controller  : kr.co.seoulit.reception.controller.ReservationController.getReservations()시작
2026-02-13 09:35:37.043 INFO  k.c.s.r.c.ReservationController - 예약 목록 요청: searchType=null, searchValue=null
2026-02-13 09:35:37.048 INFO  k.co.seoulit.common.aop.LoggerAspect - Controller  : kr.co.seoulit.reception.controller.MenuController.getMenus()시작
2026-02-13 09:35:37.048 INFO  k.co.seoulit.common.aop.LoggerAspect - Controller  : kr.co.seoulit.reception.controller.MenuController.getMenus()종료
2026-02-13 09:35:37.055 INFO  k.co.seoulit.common.aop.LoggerAspect - ServiceImpl  : kr.co.seoulit.reception.service.ReservationServiceImpl.getReservationList()시작
2026-02-13 09:35:37.075 INFO  k.co.seoulit.common.aop.LoggerAspect - ServiceImpl  : kr.co.seoulit.reception.service.ReservationServiceImpl.getReservationList()종료
2026-02-13 09:35:37.086 INFO  k.co.seoulit.common.aop.LoggerAspect - Controller  : kr.co.seoulit.reception.controller.ReservationController.getReservations()종료
2026-02-13 09:35:37.094 INFO  k.co.seoulit.common.aop.LoggerAspect - Controller  : kr.co.seoulit.reception.controller.ReservationController.getReservations()시작
2026-02-13 09:35:37.095 INFO  k.c.s.r.c.ReservationController - 예약 목록 요청: searchType=null, searchValue=null
2026-02-13 09:35:37.096 INFO  k.co.seoulit.common.aop.LoggerAspect - ServiceImpl  : kr.co.seoulit.reception.service.ReservationServiceImpl.getReservationList()시작
2026-02-13 09:35:37.118 INFO  k.co.seoulit.common.aop.LoggerAspect - ServiceImpl  : kr.co.seoulit.reception.service.ReservationServiceImpl.getReservationList()종료
2026-02-13 09:35:37.128 INFO  k.co.seoulit.common.aop.LoggerAspect - Controller  : kr.co.seoulit.reception.controller.ReservationController.getReservations()종료
2026-02-13 10:17:50.805 INFO  k.co.seoulit.common.aop.LoggerAspect - Controller  : kr.co.seoulit.reception.controller.MenuController.getMenus()시작
2026-02-13 10:17:50.818 INFO  k.co.seoulit.common.aop.LoggerAspect - Controller  : kr.co.seoulit.reception.controller.ReceptionController.getReceptions()시작
2026-02-13 10:17:50.819 INFO  k.c.s.r.c.ReceptionController - 접수 목록 요청: searchType=null, searchValue=null
2026-02-13 10:17:50.822 INFO  k.co.seoulit.common.aop.LoggerAspect - Controller  : kr.co.seoulit.reception.controller.MenuController.getMenus()종료
2026-02-13 10:17:50.819 INFO  k.co.seoulit.common.aop.LoggerAspect - Controller  : kr.co.seoulit.reception.controller.ReceptionController.getReceptions()시작
2026-02-13 10:17:50.829 INFO  k.c.s.r.c.ReceptionController - 접수 목록 요청: searchType=null, searchValue=null
2026-02-13 10:17:50.885 INFO  k.co.seoulit.common.aop.LoggerAspect - ServiceImpl  : kr.co.seoulit.reception.service.ReceptionServiceImpl.getReceptionList()시작
2026-02-13 10:17:50.885 INFO  k.co.seoulit.common.aop.LoggerAspect - ServiceImpl  : kr.co.seoulit.reception.service.ReceptionServiceImpl.getReceptionList()시작
2026-02-13 10:17:50.896 INFO  k.co.seoulit.common.aop.LoggerAspect - Controller  : kr.co.seoulit.reception.controller.MenuController.getMenus()시작
2026-02-13 10:17:50.896 INFO  k.co.seoulit.common.aop.LoggerAspect - Controller  : kr.co.seoulit.reception.controller.MenuController.getMenus()종료
2026-02-13 10:17:51.036 INFO  k.co.seoulit.common.aop.LoggerAspect - ServiceImpl  : kr.co.seoulit.reception.service.ReceptionServiceImpl.getReceptionList()종료
2026-02-13 10:17:51.037 INFO  k.co.seoulit.common.aop.LoggerAspect - ServiceImpl  : kr.co.seoulit.reception.service.ReceptionServiceImpl.getReceptionList()종료
2026-02-13 10:17:51.081 INFO  k.co.seoulit.common.aop.LoggerAspect - Controller  : kr.co.seoulit.reception.controller.ReceptionController.getReceptions()종료
2026-02-13 10:17:51.081 INFO  k.co.seoulit.common.aop.LoggerAspect - Controller  : kr.co.seoulit.reception.controller.ReceptionController.getReceptions()종료
2026-02-13 10:18:09.597 INFO  k.co.seoulit.common.aop.LoggerAspect - Controller  : kr.co.seoulit.reception.controller.ReceptionController.updateReceptionStatus()시작
2026-02-13 10:18:09.598 INFO  k.c.s.r.c.ReceptionController - 접수 상태 변경 요청: id=5, status=CALLED
2026-02-13 10:18:09.633 INFO  k.co.seoulit.common.aop.LoggerAspect - ServiceImpl  : kr.co.seoulit.reception.service.ReceptionServiceImpl.updateReceptionStatus()시작
2026-02-13 10:18:09.764 DEBUG org.hibernate.SQL - select re1_0.reception_id,re1_0.arrived_at,re1_0.cancel_reason_code,re1_0.cancel_reason_text,re1_0.created_at,re1_0.created_by,re1_0.department_id,re1_0.department_name,re1_0.doctor_id,re1_0.doctor_name,re1_0.hold_reason_code,re1_0.hold_reason_text,re1_0.inactive_at,re1_0.inactive_reason_code,re1_0.inactive_reason_text,re1_0.is_active,re1_0.note,re1_0.patient_id,re1_0.patient_name,re1_0.reception_no,re1_0.reservation_id,re1_0.scheduled_at,re1_0.status,re1_0.updated_at,re1_0.updated_by,re1_0.visit_type from reception re1_0 where re1_0.reception_id=?
2026-02-13 10:18:09.766 TRACE org.hibernate.orm.jdbc.bind - binding parameter (1:BIGINT) <- [5]
2026-02-13 10:18:09.895 INFO  k.co.seoulit.common.aop.LoggerAspect - kr.co.seoulit.reception.mapstruct.ReceptionResMapStructImpl.toDto()시작
2026-02-13 10:18:09.895 INFO  k.co.seoulit.common.aop.LoggerAspect - kr.co.seoulit.reception.mapstruct.ReceptionResMapStructImpl.toDto()종료
2026-02-13 10:18:09.927 DEBUG org.hibernate.SQL - select seq_reception_status_history.nextval from dual
2026-02-13 10:18:10.000 INFO  k.co.seoulit.common.aop.LoggerAspect - kr.co.seoulit.reception.mapstruct.ReceptionResMapStructImpl.toDto()시작
2026-02-13 10:18:10.000 INFO  k.co.seoulit.common.aop.LoggerAspect - kr.co.seoulit.reception.mapstruct.ReceptionResMapStructImpl.toDto()종료
2026-02-13 10:18:10.004 DEBUG org.hibernate.SQL - select seq_audit_log.nextval from dual
2026-02-13 10:18:10.027 INFO  k.co.seoulit.common.aop.LoggerAspect - kr.co.seoulit.reception.mapstruct.ReceptionResMapStructImpl.toDto()시작
2026-02-13 10:18:10.027 INFO  k.co.seoulit.common.aop.LoggerAspect - kr.co.seoulit.reception.mapstruct.ReceptionResMapStructImpl.toDto()종료
2026-02-13 10:18:10.027 INFO  k.co.seoulit.common.aop.LoggerAspect - ServiceImpl  : kr.co.seoulit.reception.service.ReceptionServiceImpl.updateReceptionStatus()종료
2026-02-13 10:18:10.065 DEBUG org.hibernate.SQL - insert into reception_status_history (changed_at,changed_by,from_status,reason_code,reason_text,reception_id,to_status,status_history_id) values (?,?,?,?,?,?,?,?)
2026-02-13 10:18:10.068 TRACE org.hibernate.orm.jdbc.bind - binding parameter (1:TIMESTAMP) <- [2026-02-13T10:18:10.050508]
2026-02-13 10:18:10.070 TRACE org.hibernate.orm.jdbc.bind - binding parameter (2:BIGINT) <- [1]
2026-02-13 10:18:10.070 TRACE org.hibernate.orm.jdbc.bind - binding parameter (3:VARCHAR) <- [WAITING]
2026-02-13 10:18:10.070 TRACE org.hibernate.orm.jdbc.bind - binding parameter (4:VARCHAR) <- [null]
2026-02-13 10:18:10.071 TRACE org.hibernate.orm.jdbc.bind - binding parameter (5:VARCHAR) <- [null]
2026-02-13 10:18:10.071 TRACE org.hibernate.orm.jdbc.bind - binding parameter (6:BIGINT) <- [5]
2026-02-13 10:18:10.071 TRACE org.hibernate.orm.jdbc.bind - binding parameter (7:VARCHAR) <- [CALLED]
2026-02-13 10:18:10.071 TRACE org.hibernate.orm.jdbc.bind - binding parameter (8:BIGINT) <- [16]
2026-02-13 10:18:10.153 DEBUG org.hibernate.SQL - insert into audit_log (action,actor_id,after_json,before_json,diff_json,entity_id,entity_type,occurred_at,reason_code,reason_text,audit_log_id) values (?,?,?,?,?,?,?,?,?,?,?)
2026-02-13 10:18:10.154 TRACE org.hibernate.orm.jdbc.bind - binding parameter (1:VARCHAR) <- [STATUS_CHANGE]
2026-02-13 10:18:10.154 TRACE org.hibernate.orm.jdbc.bind - binding parameter (2:BIGINT) <- [1]
2026-02-13 10:18:10.154 TRACE org.hibernate.orm.jdbc.bind - binding parameter (3:VARCHAR) <- [{"receptionId":5,"receptionNo":"20260212-003","patientId":4,"patientName":"마동석","visitType":"입원","departmentId":3,"departmentName":"정형외과","doctorId":3,"doctorName":"성숙희","reservationId":null,"scheduledAt":"2026-02-14T10:10:00","arrivedAt":"2026-02-14T08:10:00","status":"CALLED","note":null,"isActive":true,"inactiveAt":null,"inactiveReasonCode":null,"inactiveReasonText":null,"cancelReasonCode":null,"cancelReasonText":null,"holdReasonCode":null,"holdReasonText":null,"createdBy":null,"updatedBy":null,"createdAt":"2026-02-12T19:09:23.335586","updatedAt":"2026-02-12T19:58:06.299087"}]
2026-02-13 10:18:10.154 TRACE org.hibernate.orm.jdbc.bind - binding parameter (4:VARCHAR) <- [{"receptionId":5,"receptionNo":"20260212-003","patientId":4,"patientName":"마동석","visitType":"입원","departmentId":3,"departmentName":"정형외과","doctorId":3,"doctorName":"성숙희","reservationId":null,"scheduledAt":"2026-02-14T10:10:00","arrivedAt":"2026-02-14T08:10:00","status":"WAITING","note":null,"isActive":true,"inactiveAt":null,"inactiveReasonCode":null,"inactiveReasonText":null,"cancelReasonCode":null,"cancelReasonText":null,"holdReasonCode":null,"holdReasonText":null,"createdBy":null,"updatedBy":null,"createdAt":"2026-02-12T19:09:23.335586","updatedAt":"2026-02-12T19:58:06.299087"}]
2026-02-13 10:18:10.154 TRACE org.hibernate.orm.jdbc.bind - binding parameter (5:VARCHAR) <- [null]
2026-02-13 10:18:10.154 TRACE org.hibernate.orm.jdbc.bind - binding parameter (6:BIGINT) <- [5]
2026-02-13 10:18:10.154 TRACE org.hibernate.orm.jdbc.bind - binding parameter (7:VARCHAR) <- [RECEPTION]
2026-02-13 10:18:10.155 TRACE org.hibernate.orm.jdbc.bind - binding parameter (8:TIMESTAMP) <- [2026-02-13T10:18:10.153038]
2026-02-13 10:18:10.155 TRACE org.hibernate.orm.jdbc.bind - binding parameter (9:VARCHAR) <- [null]
2026-02-13 10:18:10.155 TRACE org.hibernate.orm.jdbc.bind - binding parameter (10:VARCHAR) <- [null]
2026-02-13 10:18:10.155 TRACE org.hibernate.orm.jdbc.bind - binding parameter (11:BIGINT) <- [48]
2026-02-13 10:18:10.202 DEBUG org.hibernate.SQL - update reception set arrived_at=?,cancel_reason_code=?,cancel_reason_text=?,created_by=?,department_id=?,department_name=?,doctor_id=?,doctor_name=?,hold_reason_code=?,hold_reason_text=?,inactive_at=?,inactive_reason_code=?,inactive_reason_text=?,is_active=?,note=?,patient_id=?,patient_name=?,reception_no=?,reservation_id=?,scheduled_at=?,status=?,updated_at=?,updated_by=?,visit_type=? where reception_id=?
2026-02-13 10:18:10.203 TRACE org.hibernate.orm.jdbc.bind - binding parameter (1:TIMESTAMP) <- [2026-02-14T08:10]
2026-02-13 10:18:10.203 TRACE org.hibernate.orm.jdbc.bind - binding parameter (2:VARCHAR) <- [null]
2026-02-13 10:18:10.203 TRACE org.hibernate.orm.jdbc.bind - binding parameter (3:VARCHAR) <- [null]
2026-02-13 10:18:10.203 TRACE org.hibernate.orm.jdbc.bind - binding parameter (4:BIGINT) <- [null]
2026-02-13 10:18:10.203 TRACE org.hibernate.orm.jdbc.bind - binding parameter (5:BIGINT) <- [3]
2026-02-13 10:18:10.203 TRACE org.hibernate.orm.jdbc.bind - binding parameter (6:VARCHAR) <- [정형외과]
2026-02-13 10:18:10.203 TRACE org.hibernate.orm.jdbc.bind - binding parameter (7:BIGINT) <- [3]
2026-02-13 10:18:10.203 TRACE org.hibernate.orm.jdbc.bind - binding parameter (8:VARCHAR) <- [성숙희]
2026-02-13 10:18:10.204 TRACE org.hibernate.orm.jdbc.bind - binding parameter (9:VARCHAR) <- [null]
2026-02-13 10:18:10.204 TRACE org.hibernate.orm.jdbc.bind - binding parameter (10:VARCHAR) <- [null]
2026-02-13 10:18:10.204 TRACE org.hibernate.orm.jdbc.bind - binding parameter (11:TIMESTAMP) <- [null]
2026-02-13 10:18:10.204 TRACE org.hibernate.orm.jdbc.bind - binding parameter (12:VARCHAR) <- [null]
2026-02-13 10:18:10.204 TRACE org.hibernate.orm.jdbc.bind - binding parameter (13:VARCHAR) <- [null]
2026-02-13 10:18:10.204 TRACE org.hibernate.orm.jdbc.bind - binding parameter (14:BOOLEAN) <- [true]
2026-02-13 10:18:10.205 TRACE org.hibernate.orm.jdbc.bind - binding parameter (15:VARCHAR) <- [null]
2026-02-13 10:18:10.205 TRACE org.hibernate.orm.jdbc.bind - binding parameter (16:BIGINT) <- [4]
2026-02-13 10:18:10.205 TRACE org.hibernate.orm.jdbc.bind - binding parameter (17:VARCHAR) <- [마동석]
2026-02-13 10:18:10.205 TRACE org.hibernate.orm.jdbc.bind - binding parameter (18:VARCHAR) <- [20260212-003]
2026-02-13 10:18:10.206 TRACE org.hibernate.orm.jdbc.bind - binding parameter (19:BIGINT) <- [null]
2026-02-13 10:18:10.206 TRACE org.hibernate.orm.jdbc.bind - binding parameter (20:TIMESTAMP) <- [2026-02-14T10:10]
2026-02-13 10:18:10.206 TRACE org.hibernate.orm.jdbc.bind - binding parameter (21:VARCHAR) <- [CALLED]
2026-02-13 10:18:10.206 TRACE org.hibernate.orm.jdbc.bind - binding parameter (22:TIMESTAMP) <- [2026-02-13T10:18:10.197682]
2026-02-13 10:18:10.206 TRACE org.hibernate.orm.jdbc.bind - binding parameter (23:BIGINT) <- [null]
2026-02-13 10:18:10.206 TRACE org.hibernate.orm.jdbc.bind - binding parameter (24:VARCHAR) <- [입원]
2026-02-13 10:18:10.206 TRACE org.hibernate.orm.jdbc.bind - binding parameter (25:BIGINT) <- [5]
2026-02-13 10:18:10.265 INFO  k.co.seoulit.common.aop.LoggerAspect - Controller  : kr.co.seoulit.reception.controller.ReceptionController.updateReceptionStatus()종료
2026-02-13 10:18:15.906 INFO  k.co.seoulit.common.aop.LoggerAspect - Controller  : kr.co.seoulit.reception.controller.ReceptionController.updateReceptionStatus()시작
2026-02-13 10:18:15.906 INFO  k.c.s.r.c.ReceptionController - 접수 상태 변경 요청: id=5, status=IN_PROGRESS
2026-02-13 10:18:15.918 INFO  k.co.seoulit.common.aop.LoggerAspect - ServiceImpl  : kr.co.seoulit.reception.service.ReceptionServiceImpl.updateReceptionStatus()시작
2026-02-13 10:18:15.919 DEBUG org.hibernate.SQL - select re1_0.reception_id,re1_0.arrived_at,re1_0.cancel_reason_code,re1_0.cancel_reason_text,re1_0.created_at,re1_0.created_by,re1_0.department_id,re1_0.department_name,re1_0.doctor_id,re1_0.doctor_name,re1_0.hold_reason_code,re1_0.hold_reason_text,re1_0.inactive_at,re1_0.inactive_reason_code,re1_0.inactive_reason_text,re1_0.is_active,re1_0.note,re1_0.patient_id,re1_0.patient_name,re1_0.reception_no,re1_0.reservation_id,re1_0.scheduled_at,re1_0.status,re1_0.updated_at,re1_0.updated_by,re1_0.visit_type from reception re1_0 where re1_0.reception_id=?
2026-02-13 10:18:15.919 TRACE org.hibernate.orm.jdbc.bind - binding parameter (1:BIGINT) <- [5]
2026-02-13 10:18:15.940 INFO  k.co.seoulit.common.aop.LoggerAspect - kr.co.seoulit.reception.mapstruct.ReceptionResMapStructImpl.toDto()시작
2026-02-13 10:18:15.940 INFO  k.co.seoulit.common.aop.LoggerAspect - kr.co.seoulit.reception.mapstruct.ReceptionResMapStructImpl.toDto()종료
2026-02-13 10:18:15.940 DEBUG org.hibernate.SQL - select seq_reception_status_history.nextval from dual
2026-02-13 10:18:15.959 INFO  k.co.seoulit.common.aop.LoggerAspect - kr.co.seoulit.reception.mapstruct.ReceptionResMapStructImpl.toDto()시작
2026-02-13 10:18:15.959 INFO  k.co.seoulit.common.aop.LoggerAspect - kr.co.seoulit.reception.mapstruct.ReceptionResMapStructImpl.toDto()종료
2026-02-13 10:18:15.960 DEBUG org.hibernate.SQL - select seq_audit_log.nextval from dual
2026-02-13 10:18:15.981 INFO  k.co.seoulit.common.aop.LoggerAspect - kr.co.seoulit.reception.mapstruct.ReceptionResMapStructImpl.toDto()시작
2026-02-13 10:18:15.981 INFO  k.co.seoulit.common.aop.LoggerAspect - kr.co.seoulit.reception.mapstruct.ReceptionResMapStructImpl.toDto()종료
2026-02-13 10:18:15.981 INFO  k.co.seoulit.common.aop.LoggerAspect - ServiceImpl  : kr.co.seoulit.reception.service.ReceptionServiceImpl.updateReceptionStatus()종료
2026-02-13 10:18:15.982 DEBUG org.hibernate.SQL - insert into reception_status_history (changed_at,changed_by,from_status,reason_code,reason_text,reception_id,to_status,status_history_id) values (?,?,?,?,?,?,?,?)
2026-02-13 10:18:15.982 TRACE org.hibernate.orm.jdbc.bind - binding parameter (1:TIMESTAMP) <- [2026-02-13T10:18:15.982944]
2026-02-13 10:18:15.982 TRACE org.hibernate.orm.jdbc.bind - binding parameter (2:BIGINT) <- [1]
2026-02-13 10:18:15.982 TRACE org.hibernate.orm.jdbc.bind - binding parameter (3:VARCHAR) <- [CALLED]
2026-02-13 10:18:15.982 TRACE org.hibernate.orm.jdbc.bind - binding parameter (4:VARCHAR) <- [null]
2026-02-13 10:18:15.983 TRACE org.hibernate.orm.jdbc.bind - binding parameter (5:VARCHAR) <- [null]
2026-02-13 10:18:15.983 TRACE org.hibernate.orm.jdbc.bind - binding parameter (6:BIGINT) <- [5]
2026-02-13 10:18:15.983 TRACE org.hibernate.orm.jdbc.bind - binding parameter (7:VARCHAR) <- [IN_PROGRESS]
2026-02-13 10:18:15.983 TRACE org.hibernate.orm.jdbc.bind - binding parameter (8:BIGINT) <- [17]
2026-02-13 10:18:15.999 DEBUG org.hibernate.SQL - insert into audit_log (action,actor_id,after_json,before_json,diff_json,entity_id,entity_type,occurred_at,reason_code,reason_text,audit_log_id) values (?,?,?,?,?,?,?,?,?,?,?)
2026-02-13 10:18:16.000 TRACE org.hibernate.orm.jdbc.bind - binding parameter (1:VARCHAR) <- [STATUS_CHANGE]
2026-02-13 10:18:16.000 TRACE org.hibernate.orm.jdbc.bind - binding parameter (2:BIGINT) <- [1]
2026-02-13 10:18:16.000 TRACE org.hibernate.orm.jdbc.bind - binding parameter (3:VARCHAR) <- [{"receptionId":5,"receptionNo":"20260212-003","patientId":4,"patientName":"마동석","visitType":"입원","departmentId":3,"departmentName":"정형외과","doctorId":3,"doctorName":"성숙희","reservationId":null,"scheduledAt":"2026-02-14T10:10:00","arrivedAt":"2026-02-14T08:10:00","status":"IN_PROGRESS","note":null,"isActive":true,"inactiveAt":null,"inactiveReasonCode":null,"inactiveReasonText":null,"cancelReasonCode":null,"cancelReasonText":null,"holdReasonCode":null,"holdReasonText":null,"createdBy":null,"updatedBy":null,"createdAt":"2026-02-12T19:09:23.335586","updatedAt":"2026-02-13T10:18:10.197682"}]
2026-02-13 10:18:16.000 TRACE org.hibernate.orm.jdbc.bind - binding parameter (4:VARCHAR) <- [{"receptionId":5,"receptionNo":"20260212-003","patientId":4,"patientName":"마동석","visitType":"입원","departmentId":3,"departmentName":"정형외과","doctorId":3,"doctorName":"성숙희","reservationId":null,"scheduledAt":"2026-02-14T10:10:00","arrivedAt":"2026-02-14T08:10:00","status":"CALLED","note":null,"isActive":true,"inactiveAt":null,"inactiveReasonCode":null,"inactiveReasonText":null,"cancelReasonCode":null,"cancelReasonText":null,"holdReasonCode":null,"holdReasonText":null,"createdBy":null,"updatedBy":null,"createdAt":"2026-02-12T19:09:23.335586","updatedAt":"2026-02-13T10:18:10.197682"}]
2026-02-13 10:18:16.000 TRACE org.hibernate.orm.jdbc.bind - binding parameter (5:VARCHAR) <- [null]
2026-02-13 10:18:16.000 TRACE org.hibernate.orm.jdbc.bind - binding parameter (6:BIGINT) <- [5]
2026-02-13 10:18:16.000 TRACE org.hibernate.orm.jdbc.bind - binding parameter (7:VARCHAR) <- [RECEPTION]
2026-02-13 10:18:16.001 TRACE org.hibernate.orm.jdbc.bind - binding parameter (8:TIMESTAMP) <- [2026-02-13T10:18:15.999342]
2026-02-13 10:18:16.001 TRACE org.hibernate.orm.jdbc.bind - binding parameter (9:VARCHAR) <- [null]
2026-02-13 10:18:16.001 TRACE org.hibernate.orm.jdbc.bind - binding parameter (10:VARCHAR) <- [null]
2026-02-13 10:18:16.001 TRACE org.hibernate.orm.jdbc.bind - binding parameter (11:BIGINT) <- [49]
2026-02-13 10:18:16.012 DEBUG org.hibernate.SQL - update reception set arrived_at=?,cancel_reason_code=?,cancel_reason_text=?,created_by=?,department_id=?,department_name=?,doctor_id=?,doctor_name=?,hold_reason_code=?,hold_reason_text=?,inactive_at=?,inactive_reason_code=?,inactive_reason_text=?,is_active=?,note=?,patient_id=?,patient_name=?,reception_no=?,reservation_id=?,scheduled_at=?,status=?,updated_at=?,updated_by=?,visit_type=? where reception_id=?
2026-02-13 10:18:16.012 TRACE org.hibernate.orm.jdbc.bind - binding parameter (1:TIMESTAMP) <- [2026-02-14T08:10]
2026-02-13 10:18:16.013 TRACE org.hibernate.orm.jdbc.bind - binding parameter (2:VARCHAR) <- [null]
2026-02-13 10:18:16.013 TRACE org.hibernate.orm.jdbc.bind - binding parameter (3:VARCHAR) <- [null]
2026-02-13 10:18:16.013 TRACE org.hibernate.orm.jdbc.bind - binding parameter (4:BIGINT) <- [null]
2026-02-13 10:18:16.013 TRACE org.hibernate.orm.jdbc.bind - binding parameter (5:BIGINT) <- [3]
2026-02-13 10:18:16.013 TRACE org.hibernate.orm.jdbc.bind - binding parameter (6:VARCHAR) <- [정형외과]
2026-02-13 10:18:16.013 TRACE org.hibernate.orm.jdbc.bind - binding parameter (7:BIGINT) <- [3]
2026-02-13 10:18:16.013 TRACE org.hibernate.orm.jdbc.bind - binding parameter (8:VARCHAR) <- [성숙희]
2026-02-13 10:18:16.013 TRACE org.hibernate.orm.jdbc.bind - binding parameter (9:VARCHAR) <- [null]
2026-02-13 10:18:16.014 TRACE org.hibernate.orm.jdbc.bind - binding parameter (10:VARCHAR) <- [null]
2026-02-13 10:18:16.014 TRACE org.hibernate.orm.jdbc.bind - binding parameter (11:TIMESTAMP) <- [null]
2026-02-13 10:18:16.014 TRACE org.hibernate.orm.jdbc.bind - binding parameter (12:VARCHAR) <- [null]
2026-02-13 10:18:16.014 TRACE org.hibernate.orm.jdbc.bind - binding parameter (13:VARCHAR) <- [null]
2026-02-13 10:18:16.014 TRACE org.hibernate.orm.jdbc.bind - binding parameter (14:BOOLEAN) <- [true]
2026-02-13 10:18:16.014 TRACE org.hibernate.orm.jdbc.bind - binding parameter (15:VARCHAR) <- [null]
2026-02-13 10:18:16.014 TRACE org.hibernate.orm.jdbc.bind - binding parameter (16:BIGINT) <- [4]
2026-02-13 10:18:16.014 TRACE org.hibernate.orm.jdbc.bind - binding parameter (17:VARCHAR) <- [마동석]
2026-02-13 10:18:16.014 TRACE org.hibernate.orm.jdbc.bind - binding parameter (18:VARCHAR) <- [20260212-003]
2026-02-13 10:18:16.014 TRACE org.hibernate.orm.jdbc.bind - binding parameter (19:BIGINT) <- [null]
2026-02-13 10:18:16.015 TRACE org.hibernate.orm.jdbc.bind - binding parameter (20:TIMESTAMP) <- [2026-02-14T10:10]
2026-02-13 10:18:16.015 TRACE org.hibernate.orm.jdbc.bind - binding parameter (21:VARCHAR) <- [IN_PROGRESS]
2026-02-13 10:18:16.015 TRACE org.hibernate.orm.jdbc.bind - binding parameter (22:TIMESTAMP) <- [2026-02-13T10:18:16.011391]
2026-02-13 10:18:16.015 TRACE org.hibernate.orm.jdbc.bind - binding parameter (23:BIGINT) <- [null]
2026-02-13 10:18:16.015 TRACE org.hibernate.orm.jdbc.bind - binding parameter (24:VARCHAR) <- [입원]
2026-02-13 10:18:16.015 TRACE org.hibernate.orm.jdbc.bind - binding parameter (25:BIGINT) <- [5]
2026-02-13 10:18:16.058 INFO  k.co.seoulit.common.aop.LoggerAspect - Controller  : kr.co.seoulit.reception.controller.ReceptionController.updateReceptionStatus()종료
2026-02-13 10:18:24.801 INFO  k.co.seoulit.common.aop.LoggerAspect - Controller  : kr.co.seoulit.reception.controller.MenuController.getMenus()시작
2026-02-13 10:18:24.801 INFO  k.co.seoulit.common.aop.LoggerAspect - Controller  : kr.co.seoulit.reception.controller.MenuController.getMenus()종료
2026-02-13 10:18:24.820 INFO  k.co.seoulit.common.aop.LoggerAspect - Controller  : kr.co.seoulit.reception.controller.MenuController.getMenus()시작
2026-02-13 10:18:24.821 INFO  k.co.seoulit.common.aop.LoggerAspect - Controller  : kr.co.seoulit.reception.controller.MenuController.getMenus()종료
2026-02-13 10:18:24.824 INFO  k.co.seoulit.common.aop.LoggerAspect - Controller  : kr.co.seoulit.reception.controller.ReceptionController.getReceptions()시작
2026-02-13 10:18:24.827 INFO  k.c.s.r.c.ReceptionController - 접수 목록 요청: searchType=null, searchValue=null
2026-02-13 10:18:24.897 INFO  k.co.seoulit.common.aop.LoggerAspect - ServiceImpl  : kr.co.seoulit.reception.service.ReceptionServiceImpl.getReceptionList()시작
2026-02-13 10:18:24.937 INFO  k.co.seoulit.common.aop.LoggerAspect - ServiceImpl  : kr.co.seoulit.reception.service.ReceptionServiceImpl.getReceptionList()종료
2026-02-13 10:18:24.968 INFO  k.co.seoulit.common.aop.LoggerAspect - Controller  : kr.co.seoulit.reception.controller.ReceptionController.getReceptions()종료
2026-02-13 10:18:24.985 INFO  k.co.seoulit.common.aop.LoggerAspect - Controller  : kr.co.seoulit.reception.controller.ReceptionController.getReceptions()시작
2026-02-13 10:18:24.986 INFO  k.c.s.r.c.ReceptionController - 접수 목록 요청: searchType=null, searchValue=null
2026-02-13 10:18:24.990 INFO  k.co.seoulit.common.aop.LoggerAspect - ServiceImpl  : kr.co.seoulit.reception.service.ReceptionServiceImpl.getReceptionList()시작
2026-02-13 10:18:25.045 INFO  k.co.seoulit.common.aop.LoggerAspect - ServiceImpl  : kr.co.seoulit.reception.service.ReceptionServiceImpl.getReceptionList()종료
2026-02-13 10:18:25.079 INFO  k.co.seoulit.common.aop.LoggerAspect - Controller  : kr.co.seoulit.reception.controller.ReceptionController.getReceptions()종료
2026-02-13 10:18:25.337 INFO  k.co.seoulit.common.aop.LoggerAspect - Controller  : kr.co.seoulit.reception.controller.ReceptionController.getReception()시작
2026-02-13 10:18:25.338 INFO  k.c.s.r.c.ReceptionController - 접수 조회 요청: id=5
2026-02-13 10:18:25.339 INFO  k.co.seoulit.common.aop.LoggerAspect - ServiceImpl  : kr.co.seoulit.reception.service.ReceptionServiceImpl.getReception()시작
2026-02-13 10:18:25.340 DEBUG org.hibernate.SQL - select re1_0.reception_id,re1_0.arrived_at,re1_0.cancel_reason_code,re1_0.cancel_reason_text,re1_0.created_at,re1_0.created_by,re1_0.department_id,re1_0.department_name,re1_0.doctor_id,re1_0.doctor_name,re1_0.hold_reason_code,re1_0.hold_reason_text,re1_0.inactive_at,re1_0.inactive_reason_code,re1_0.inactive_reason_text,re1_0.is_active,re1_0.note,re1_0.patient_id,re1_0.patient_name,re1_0.reception_no,re1_0.reservation_id,re1_0.scheduled_at,re1_0.status,re1_0.updated_at,re1_0.updated_by,re1_0.visit_type from reception re1_0 where re1_0.reception_id=?
2026-02-13 10:18:25.377 TRACE org.hibernate.orm.jdbc.bind - binding parameter (1:BIGINT) <- [5]
2026-02-13 10:18:25.419 INFO  k.co.seoulit.common.aop.LoggerAspect - kr.co.seoulit.reception.mapstruct.ReceptionResMapStructImpl.toDto()시작
2026-02-13 10:18:25.421 INFO  k.co.seoulit.common.aop.LoggerAspect - kr.co.seoulit.reception.mapstruct.ReceptionResMapStructImpl.toDto()종료
2026-02-13 10:18:25.421 INFO  k.co.seoulit.common.aop.LoggerAspect - ServiceImpl  : kr.co.seoulit.reception.service.ReceptionServiceImpl.getReception()종료
2026-02-13 10:18:25.458 INFO  k.co.seoulit.common.aop.LoggerAspect - Controller  : kr.co.seoulit.reception.controller.ReceptionController.getReception()종료
2026-02-13 10:18:27.389 INFO  k.co.seoulit.common.aop.LoggerAspect - Controller  : kr.co.seoulit.reception.controller.ReceptionController.getReceptions()시작
2026-02-13 10:18:27.390 INFO  k.c.s.r.c.ReceptionController - 접수 목록 요청: searchType=null, searchValue=null
2026-02-13 10:18:27.389 INFO  k.co.seoulit.common.aop.LoggerAspect - Controller  : kr.co.seoulit.reception.controller.MenuController.getMenus()시작
2026-02-13 10:18:27.391 INFO  k.co.seoulit.common.aop.LoggerAspect - Controller  : kr.co.seoulit.reception.controller.MenuController.getMenus()종료
2026-02-13 10:18:27.395 INFO  k.co.seoulit.common.aop.LoggerAspect - Controller  : kr.co.seoulit.reception.controller.ReceptionController.getReceptions()시작
2026-02-13 10:18:27.396 INFO  k.c.s.r.c.ReceptionController - 접수 목록 요청: searchType=null, searchValue=null
2026-02-13 10:18:27.401 INFO  k.co.seoulit.common.aop.LoggerAspect - Controller  : kr.co.seoulit.reception.controller.MenuController.getMenus()시작
2026-02-13 10:18:27.402 INFO  k.co.seoulit.common.aop.LoggerAspect - Controller  : kr.co.seoulit.reception.controller.MenuController.getMenus()종료
2026-02-13 10:18:27.421 INFO  k.co.seoulit.common.aop.LoggerAspect - ServiceImpl  : kr.co.seoulit.reception.service.ReceptionServiceImpl.getReceptionList()시작
2026-02-13 10:18:27.421 INFO  k.co.seoulit.common.aop.LoggerAspect - ServiceImpl  : kr.co.seoulit.reception.service.ReceptionServiceImpl.getReceptionList()시작
2026-02-13 10:18:27.465 INFO  k.co.seoulit.common.aop.LoggerAspect - ServiceImpl  : kr.co.seoulit.reception.service.ReceptionServiceImpl.getReceptionList()종료
2026-02-13 10:18:27.465 INFO  k.co.seoulit.common.aop.LoggerAspect - ServiceImpl  : kr.co.seoulit.reception.service.ReceptionServiceImpl.getReceptionList()종료
2026-02-13 10:18:27.492 INFO  k.co.seoulit.common.aop.LoggerAspect - Controller  : kr.co.seoulit.reception.controller.ReceptionController.getReceptions()종료
2026-02-13 10:18:27.492 INFO  k.co.seoulit.common.aop.LoggerAspect - Controller  : kr.co.seoulit.reception.controller.ReceptionController.getReceptions()종료
2026-02-13 10:46:15.353 INFO  k.co.seoulit.common.aop.LoggerAspect - Controller  : kr.co.seoulit.reception.controller.MenuController.getMenus()시작
2026-02-13 10:46:15.353 INFO  k.co.seoulit.common.aop.LoggerAspect - Controller  : kr.co.seoulit.reception.controller.MenuController.getMenus()종료
2026-02-13 10:46:15.354 INFO  k.co.seoulit.common.aop.LoggerAspect - Controller  : kr.co.seoulit.reception.controller.ReceptionController.getReceptions()시작
2026-02-13 10:46:15.355 INFO  k.c.s.r.c.ReceptionController - 접수 목록 요청: searchType=null, searchValue=null
2026-02-13 10:46:15.367 INFO  k.co.seoulit.common.aop.LoggerAspect - Controller  : kr.co.seoulit.reception.controller.MenuController.getMenus()시작
2026-02-13 10:46:15.367 INFO  k.co.seoulit.common.aop.LoggerAspect - Controller  : kr.co.seoulit.reception.controller.MenuController.getMenus()종료
2026-02-13 10:46:15.394 INFO  k.co.seoulit.common.aop.LoggerAspect - ServiceImpl  : kr.co.seoulit.reception.service.ReceptionServiceImpl.getReceptionList()시작
2026-02-13 10:46:15.420 INFO  k.co.seoulit.common.aop.LoggerAspect - ServiceImpl  : kr.co.seoulit.reception.service.ReceptionServiceImpl.getReceptionList()종료
2026-02-13 10:46:15.435 INFO  k.co.seoulit.common.aop.LoggerAspect - Controller  : kr.co.seoulit.reception.controller.ReceptionController.getReceptions()종료
2026-02-13 10:46:15.449 INFO  k.co.seoulit.common.aop.LoggerAspect - Controller  : kr.co.seoulit.reception.controller.ReceptionController.getReceptions()시작
2026-02-13 10:46:15.449 INFO  k.c.s.r.c.ReceptionController - 접수 목록 요청: searchType=null, searchValue=null
2026-02-13 10:46:15.450 INFO  k.co.seoulit.common.aop.LoggerAspect - ServiceImpl  : kr.co.seoulit.reception.service.ReceptionServiceImpl.getReceptionList()시작
2026-02-13 10:46:15.469 INFO  k.co.seoulit.common.aop.LoggerAspect - ServiceImpl  : kr.co.seoulit.reception.service.ReceptionServiceImpl.getReceptionList()종료
2026-02-13 10:46:15.476 INFO  k.co.seoulit.common.aop.LoggerAspect - Controller  : kr.co.seoulit.reception.controller.ReceptionController.getReceptions()종료
2026-02-13 10:46:17.183 INFO  k.co.seoulit.common.aop.LoggerAspect - Controller  : kr.co.seoulit.reception.controller.ReceptionController.getReception()시작
2026-02-13 10:46:17.183 INFO  k.c.s.r.c.ReceptionController - 접수 조회 요청: id=5
2026-02-13 10:46:17.193 INFO  k.co.seoulit.common.aop.LoggerAspect - ServiceImpl  : kr.co.seoulit.reception.service.ReceptionServiceImpl.getReception()시작
2026-02-13 10:46:17.194 DEBUG org.hibernate.SQL - select re1_0.reception_id,re1_0.arrived_at,re1_0.cancel_reason_code,re1_0.cancel_reason_text,re1_0.created_at,re1_0.created_by,re1_0.department_id,re1_0.department_name,re1_0.doctor_id,re1_0.doctor_name,re1_0.hold_reason_code,re1_0.hold_reason_text,re1_0.inactive_at,re1_0.inactive_reason_code,re1_0.inactive_reason_text,re1_0.is_active,re1_0.note,re1_0.patient_id,re1_0.patient_name,re1_0.reception_no,re1_0.reservation_id,re1_0.scheduled_at,re1_0.status,re1_0.updated_at,re1_0.updated_by,re1_0.visit_type from reception re1_0 where re1_0.reception_id=?
2026-02-13 10:46:17.194 TRACE org.hibernate.orm.jdbc.bind - binding parameter (1:BIGINT) <- [5]
2026-02-13 10:46:17.205 INFO  k.co.seoulit.common.aop.LoggerAspect - kr.co.seoulit.reception.mapstruct.ReceptionResMapStructImpl.toDto()시작
2026-02-13 10:46:17.205 INFO  k.co.seoulit.common.aop.LoggerAspect - kr.co.seoulit.reception.mapstruct.ReceptionResMapStructImpl.toDto()종료
2026-02-13 10:46:17.206 INFO  k.co.seoulit.common.aop.LoggerAspect - ServiceImpl  : kr.co.seoulit.reception.service.ReceptionServiceImpl.getReception()종료
2026-02-13 10:46:17.214 INFO  k.co.seoulit.common.aop.LoggerAspect - Controller  : kr.co.seoulit.reception.controller.ReceptionController.getReception()종료
2026-02-13 10:46:30.912 INFO  k.co.seoulit.common.aop.LoggerAspect - Controller  : kr.co.seoulit.reception.controller.MenuController.getMenus()시작
2026-02-13 10:46:30.913 INFO  k.co.seoulit.common.aop.LoggerAspect - Controller  : kr.co.seoulit.reception.controller.MenuController.getMenus()종료
2026-02-13 10:46:30.922 INFO  k.co.seoulit.common.aop.LoggerAspect - Controller  : kr.co.seoulit.reception.controller.ReceptionController.getReception()시작
2026-02-13 10:46:30.923 INFO  k.c.s.r.c.ReceptionController - 접수 조회 요청: id=5
2026-02-13 10:46:30.923 INFO  k.co.seoulit.common.aop.LoggerAspect - Controller  : kr.co.seoulit.reception.controller.ReceptionController.getStatusHistory()시작
2026-02-13 10:46:30.949 INFO  k.co.seoulit.common.aop.LoggerAspect - Controller  : kr.co.seoulit.reception.controller.MenuController.getMenus()시작
2026-02-13 10:46:30.954 INFO  k.co.seoulit.common.aop.LoggerAspect - ServiceImpl  : kr.co.seoulit.reception.service.ReceptionServiceImpl.getReceptionStatusHistory()시작
2026-02-13 10:46:30.954 INFO  k.co.seoulit.common.aop.LoggerAspect - Controller  : kr.co.seoulit.reception.controller.MenuController.getMenus()종료
2026-02-13 10:46:30.960 INFO  k.co.seoulit.common.aop.LoggerAspect - ServiceImpl  : kr.co.seoulit.reception.service.ReceptionServiceImpl.getReception()시작
2026-02-13 10:46:30.960 DEBUG org.hibernate.SQL - select re1_0.reception_id,re1_0.arrived_at,re1_0.cancel_reason_code,re1_0.cancel_reason_text,re1_0.created_at,re1_0.created_by,re1_0.department_id,re1_0.department_name,re1_0.doctor_id,re1_0.doctor_name,re1_0.hold_reason_code,re1_0.hold_reason_text,re1_0.inactive_at,re1_0.inactive_reason_code,re1_0.inactive_reason_text,re1_0.is_active,re1_0.note,re1_0.patient_id,re1_0.patient_name,re1_0.reception_no,re1_0.reservation_id,re1_0.scheduled_at,re1_0.status,re1_0.updated_at,re1_0.updated_by,re1_0.visit_type from reception re1_0 where re1_0.reception_id=?
2026-02-13 10:46:30.965 TRACE org.hibernate.orm.jdbc.bind - binding parameter (1:BIGINT) <- [5]
2026-02-13 10:46:30.978 INFO  k.co.seoulit.common.aop.LoggerAspect - kr.co.seoulit.reception.mapstruct.ReceptionResMapStructImpl.toDto()시작
2026-02-13 10:46:30.979 INFO  k.co.seoulit.common.aop.LoggerAspect - kr.co.seoulit.reception.mapstruct.ReceptionResMapStructImpl.toDto()종료
2026-02-13 10:46:30.980 INFO  k.co.seoulit.common.aop.LoggerAspect - ServiceImpl  : kr.co.seoulit.reception.service.ReceptionServiceImpl.getReception()종료
2026-02-13 10:46:30.969 WARN  k.c.s.c.h.GlobalExceptionHandler - No resource found
org.springframework.web.servlet.resource.NoResourceFoundException: No static resource api/receptions/5/audit-logs.
	at org.springframework.web.servlet.resource.ResourceHttpRequestHandler.handleRequest(ResourceHttpRequestHandler.java:585)
	at org.springframework.web.servlet.mvc.HttpRequestHandlerAdapter.handle(HttpRequestHandlerAdapter.java:52)
	at org.springframework.web.servlet.DispatcherServlet.doDispatch(DispatcherServlet.java:1089)
	at org.springframework.web.servlet.DispatcherServlet.doService(DispatcherServlet.java:979)
	at org.springframework.web.servlet.FrameworkServlet.processRequest(FrameworkServlet.java:1014)
	at org.springframework.web.servlet.FrameworkServlet.doGet(FrameworkServlet.java:903)
	at jakarta.servlet.http.HttpServlet.service(HttpServlet.java:564)
	at org.springframework.web.servlet.FrameworkServlet.service(FrameworkServlet.java:885)
	at jakarta.servlet.http.HttpServlet.service(HttpServlet.java:658)
	at org.apache.catalina.core.ApplicationFilterChain.internalDoFilter(ApplicationFilterChain.java:195)
	at org.apache.catalina.core.ApplicationFilterChain.doFilter(ApplicationFilterChain.java:140)
	at org.apache.tomcat.websocket.server.WsFilter.doFilter(WsFilter.java:51)
	at org.apache.catalina.core.ApplicationFilterChain.internalDoFilter(ApplicationFilterChain.java:164)
	at org.apache.catalina.core.ApplicationFilterChain.doFilter(ApplicationFilterChain.java:140)
	at org.springframework.web.filter.CorsFilter.doFilterInternal(CorsFilter.java:91)
	at org.springframework.web.filter.OncePerRequestFilter.doFilter(OncePerRequestFilter.java:116)
	at org.apache.catalina.core.ApplicationFilterChain.internalDoFilter(ApplicationFilterChain.java:164)
	at org.apache.catalina.core.ApplicationFilterChain.doFilter(ApplicationFilterChain.java:140)
	at org.springframework.web.filter.RequestContextFilter.doFilterInternal(RequestContextFilter.java:100)
	at org.springframework.web.filter.OncePerRequestFilter.doFilter(OncePerRequestFilter.java:116)
	at org.apache.catalina.core.ApplicationFilterChain.internalDoFilter(ApplicationFilterChain.java:164)
	at org.apache.catalina.core.ApplicationFilterChain.doFilter(ApplicationFilterChain.java:140)
	at org.springframework.web.filter.FormContentFilter.doFilterInternal(FormContentFilter.java:93)
	at org.springframework.web.filter.OncePerRequestFilter.doFilter(OncePerRequestFilter.java:116)
	at org.apache.catalina.core.ApplicationFilterChain.internalDoFilter(ApplicationFilterChain.java:164)
	at org.apache.catalina.core.ApplicationFilterChain.doFilter(ApplicationFilterChain.java:140)
	at org.springframework.web.filter.CharacterEncodingFilter.doFilterInternal(CharacterEncodingFilter.java:201)
	at org.springframework.web.filter.OncePerRequestFilter.doFilter(OncePerRequestFilter.java:116)
	at org.apache.catalina.core.ApplicationFilterChain.internalDoFilter(ApplicationFilterChain.java:164)
	at org.apache.catalina.core.ApplicationFilterChain.doFilter(ApplicationFilterChain.java:140)
	at org.apache.catalina.core.StandardWrapperValve.invoke(StandardWrapperValve.java:167)
	at org.apache.catalina.core.StandardContextValve.invoke(StandardContextValve.java:90)
	at org.apache.catalina.authenticator.AuthenticatorBase.invoke(AuthenticatorBase.java:483)
	at org.apache.catalina.core.StandardHostValve.invoke(StandardHostValve.java:115)
	at org.apache.catalina.valves.ErrorReportValve.invoke(ErrorReportValve.java:93)
	at org.apache.catalina.core.StandardEngineValve.invoke(StandardEngineValve.java:74)
	at org.apache.catalina.connector.CoyoteAdapter.service(CoyoteAdapter.java:344)
	at org.apache.coyote.http11.Http11Processor.service(Http11Processor.java:389)
	at org.apache.coyote.AbstractProcessorLight.process(AbstractProcessorLight.java:63)
	at org.apache.coyote.AbstractProtocol$ConnectionHandler.process(AbstractProtocol.java:904)
	at org.apache.tomcat.util.net.NioEndpoint$SocketProcessor.doRun(NioEndpoint.java:1741)
	at org.apache.tomcat.util.net.SocketProcessorBase.run(SocketProcessorBase.java:52)
	at org.apache.tomcat.util.threads.ThreadPoolExecutor.runWorker(ThreadPoolExecutor.java:1190)
	at org.apache.tomcat.util.threads.ThreadPoolExecutor$Worker.run(ThreadPoolExecutor.java:659)
	at org.apache.tomcat.util.threads.TaskThread$WrappingRunnable.run(TaskThread.java:63)
	at java.base/java.lang.Thread.run(Thread.java:842)
2026-02-13 10:46:30.992 INFO  k.co.seoulit.common.aop.LoggerAspect - Controller  : kr.co.seoulit.reception.controller.ReceptionController.getReception()종료
2026-02-13 10:46:31.013 INFO  k.co.seoulit.common.aop.LoggerAspect - Controller  : kr.co.seoulit.reception.controller.ReceptionController.getReception()시작
2026-02-13 10:46:31.019 INFO  k.c.s.r.c.ReceptionController - 접수 조회 요청: id=5
2026-02-13 10:46:31.020 INFO  k.co.seoulit.common.aop.LoggerAspect - ServiceImpl  : kr.co.seoulit.reception.service.ReceptionServiceImpl.getReception()시작
2026-02-13 10:46:31.023 DEBUG org.hibernate.SQL - select re1_0.reception_id,re1_0.arrived_at,re1_0.cancel_reason_code,re1_0.cancel_reason_text,re1_0.created_at,re1_0.created_by,re1_0.department_id,re1_0.department_name,re1_0.doctor_id,re1_0.doctor_name,re1_0.hold_reason_code,re1_0.hold_reason_text,re1_0.inactive_at,re1_0.inactive_reason_code,re1_0.inactive_reason_text,re1_0.is_active,re1_0.note,re1_0.patient_id,re1_0.patient_name,re1_0.reception_no,re1_0.reservation_id,re1_0.scheduled_at,re1_0.status,re1_0.updated_at,re1_0.updated_by,re1_0.visit_type from reception re1_0 where re1_0.reception_id=?
2026-02-13 10:46:31.023 TRACE org.hibernate.orm.jdbc.bind - binding parameter (1:BIGINT) <- [5]
2026-02-13 10:46:31.035 INFO  k.co.seoulit.common.aop.LoggerAspect - kr.co.seoulit.reception.mapstruct.ReceptionResMapStructImpl.toDto()시작
2026-02-13 10:46:31.035 INFO  k.co.seoulit.common.aop.LoggerAspect - kr.co.seoulit.reception.mapstruct.ReceptionResMapStructImpl.toDto()종료
2026-02-13 10:46:31.036 INFO  k.co.seoulit.common.aop.LoggerAspect - ServiceImpl  : kr.co.seoulit.reception.service.ReceptionServiceImpl.getReception()종료
2026-02-13 10:46:31.039 WARN  k.c.s.c.h.GlobalExceptionHandler - No resource found
org.springframework.web.servlet.resource.NoResourceFoundException: No static resource api/receptions/5/audit-logs.
	at org.springframework.web.servlet.resource.ResourceHttpRequestHandler.handleRequest(ResourceHttpRequestHandler.java:585)
	at org.springframework.web.servlet.mvc.HttpRequestHandlerAdapter.handle(HttpRequestHandlerAdapter.java:52)
	at org.springframework.web.servlet.DispatcherServlet.doDispatch(DispatcherServlet.java:1089)
	at org.springframework.web.servlet.DispatcherServlet.doService(DispatcherServlet.java:979)
	at org.springframework.web.servlet.FrameworkServlet.processRequest(FrameworkServlet.java:1014)
	at org.springframework.web.servlet.FrameworkServlet.doGet(FrameworkServlet.java:903)
	at jakarta.servlet.http.HttpServlet.service(HttpServlet.java:564)
	at org.springframework.web.servlet.FrameworkServlet.service(FrameworkServlet.java:885)
	at jakarta.servlet.http.HttpServlet.service(HttpServlet.java:658)
	at org.apache.catalina.core.ApplicationFilterChain.internalDoFilter(ApplicationFilterChain.java:195)
	at org.apache.catalina.core.ApplicationFilterChain.doFilter(ApplicationFilterChain.java:140)
	at org.apache.tomcat.websocket.server.WsFilter.doFilter(WsFilter.java:51)
	at org.apache.catalina.core.ApplicationFilterChain.internalDoFilter(ApplicationFilterChain.java:164)
	at org.apache.catalina.core.ApplicationFilterChain.doFilter(ApplicationFilterChain.java:140)
	at org.springframework.web.filter.CorsFilter.doFilterInternal(CorsFilter.java:91)
	at org.springframework.web.filter.OncePerRequestFilter.doFilter(OncePerRequestFilter.java:116)
	at org.apache.catalina.core.ApplicationFilterChain.internalDoFilter(ApplicationFilterChain.java:164)
	at org.apache.catalina.core.ApplicationFilterChain.doFilter(ApplicationFilterChain.java:140)
	at org.springframework.web.filter.RequestContextFilter.doFilterInternal(RequestContextFilter.java:100)
	at org.springframework.web.filter.OncePerRequestFilter.doFilter(OncePerRequestFilter.java:116)
	at org.apache.catalina.core.ApplicationFilterChain.internalDoFilter(ApplicationFilterChain.java:164)
	at org.apache.catalina.core.ApplicationFilterChain.doFilter(ApplicationFilterChain.java:140)
	at org.springframework.web.filter.FormContentFilter.doFilterInternal(FormContentFilter.java:93)
	at org.springframework.web.filter.OncePerRequestFilter.doFilter(OncePerRequestFilter.java:116)
	at org.apache.catalina.core.ApplicationFilterChain.internalDoFilter(ApplicationFilterChain.java:164)
	at org.apache.catalina.core.ApplicationFilterChain.doFilter(ApplicationFilterChain.java:140)
	at org.springframework.web.filter.CharacterEncodingFilter.doFilterInternal(CharacterEncodingFilter.java:201)
	at org.springframework.web.filter.OncePerRequestFilter.doFilter(OncePerRequestFilter.java:116)
	at org.apache.catalina.core.ApplicationFilterChain.internalDoFilter(ApplicationFilterChain.java:164)
	at org.apache.catalina.core.ApplicationFilterChain.doFilter(ApplicationFilterChain.java:140)
	at org.apache.catalina.core.StandardWrapperValve.invoke(StandardWrapperValve.java:167)
	at org.apache.catalina.core.StandardContextValve.invoke(StandardContextValve.java:90)
	at org.apache.catalina.authenticator.AuthenticatorBase.invoke(AuthenticatorBase.java:483)
	at org.apache.catalina.core.StandardHostValve.invoke(StandardHostValve.java:115)
	at org.apache.catalina.valves.ErrorReportValve.invoke(ErrorReportValve.java:93)
	at org.apache.catalina.core.StandardEngineValve.invoke(StandardEngineValve.java:74)
	at org.apache.catalina.connector.CoyoteAdapter.service(CoyoteAdapter.java:344)
	at org.apache.coyote.http11.Http11Processor.service(Http11Processor.java:389)
	at org.apache.coyote.AbstractProcessorLight.process(AbstractProcessorLight.java:63)
	at org.apache.coyote.AbstractProtocol$ConnectionHandler.process(AbstractProtocol.java:904)
	at org.apache.tomcat.util.net.NioEndpoint$SocketProcessor.doRun(NioEndpoint.java:1741)
	at org.apache.tomcat.util.net.SocketProcessorBase.run(SocketProcessorBase.java:52)
	at org.apache.tomcat.util.threads.ThreadPoolExecutor.runWorker(ThreadPoolExecutor.java:1190)
	at org.apache.tomcat.util.threads.ThreadPoolExecutor$Worker.run(ThreadPoolExecutor.java:659)
	at org.apache.tomcat.util.threads.TaskThread$WrappingRunnable.run(TaskThread.java:63)
	at java.base/java.lang.Thread.run(Thread.java:842)
2026-02-13 10:46:31.046 INFO  k.co.seoulit.common.aop.LoggerAspect - Controller  : kr.co.seoulit.reception.controller.ReceptionController.getReception()종료
2026-02-13 10:46:31.268 DEBUG org.hibernate.SQL - select rshe1_0.status_history_id,rshe1_0.changed_at,rshe1_0.changed_by,rshe1_0.from_status,rshe1_0.reason_code,rshe1_0.reason_text,rshe1_0.reception_id,rshe1_0.to_status from reception_status_history rshe1_0 where rshe1_0.reception_id=? order by rshe1_0.changed_at
2026-02-13 10:46:31.268 TRACE org.hibernate.orm.jdbc.bind - binding parameter (1:BIGINT) <- [5]
2026-02-13 10:46:31.287 INFO  k.co.seoulit.common.aop.LoggerAspect - ServiceImpl  : kr.co.seoulit.reception.service.ReceptionServiceImpl.getReceptionStatusHistory()종료
2026-02-13 10:46:31.298 INFO  k.co.seoulit.common.aop.LoggerAspect - Controller  : kr.co.seoulit.reception.controller.ReceptionController.getStatusHistory()종료
2026-02-13 10:46:31.307 INFO  k.co.seoulit.common.aop.LoggerAspect - Controller  : kr.co.seoulit.reception.controller.ReceptionController.getStatusHistory()시작
2026-02-13 10:46:31.307 INFO  k.co.seoulit.common.aop.LoggerAspect - ServiceImpl  : kr.co.seoulit.reception.service.ReceptionServiceImpl.getReceptionStatusHistory()시작
2026-02-13 10:46:31.318 DEBUG org.hibernate.SQL - select rshe1_0.status_history_id,rshe1_0.changed_at,rshe1_0.changed_by,rshe1_0.from_status,rshe1_0.reason_code,rshe1_0.reason_text,rshe1_0.reception_id,rshe1_0.to_status from reception_status_history rshe1_0 where rshe1_0.reception_id=? order by rshe1_0.changed_at
2026-02-13 10:46:31.319 TRACE org.hibernate.orm.jdbc.bind - binding parameter (1:BIGINT) <- [5]
2026-02-13 10:46:31.333 INFO  k.co.seoulit.common.aop.LoggerAspect - ServiceImpl  : kr.co.seoulit.reception.service.ReceptionServiceImpl.getReceptionStatusHistory()종료
2026-02-13 10:46:31.344 INFO  k.co.seoulit.common.aop.LoggerAspect - Controller  : kr.co.seoulit.reception.controller.ReceptionController.getStatusHistory()종료
2026-02-13 10:46:38.731 INFO  k.co.seoulit.common.aop.LoggerAspect - Controller  : kr.co.seoulit.reception.controller.MenuController.getMenus()시작
2026-02-13 10:46:38.732 INFO  k.co.seoulit.common.aop.LoggerAspect - Controller  : kr.co.seoulit.reception.controller.MenuController.getMenus()종료
2026-02-13 10:46:38.743 INFO  k.co.seoulit.common.aop.LoggerAspect - Controller  : kr.co.seoulit.reception.controller.MenuController.getMenus()시작
2026-02-13 10:46:38.744 INFO  k.co.seoulit.common.aop.LoggerAspect - Controller  : kr.co.seoulit.reception.controller.MenuController.getMenus()종료
2026-02-13 10:46:38.744 INFO  k.co.seoulit.common.aop.LoggerAspect - Controller  : kr.co.seoulit.reception.controller.ReceptionController.getReceptions()시작
2026-02-13 10:46:38.744 INFO  k.c.s.r.c.ReceptionController - 접수 목록 요청: searchType=null, searchValue=null
2026-02-13 10:46:38.753 INFO  k.co.seoulit.common.aop.LoggerAspect - ServiceImpl  : kr.co.seoulit.reception.service.ReceptionServiceImpl.getReceptionList()시작
2026-02-13 10:46:38.765 INFO  k.co.seoulit.common.aop.LoggerAspect - ServiceImpl  : kr.co.seoulit.reception.service.ReceptionServiceImpl.getReceptionList()종료
2026-02-13 10:46:38.772 INFO  k.co.seoulit.common.aop.LoggerAspect - Controller  : kr.co.seoulit.reception.controller.ReceptionController.getReceptions()종료
2026-02-13 10:46:38.776 INFO  k.co.seoulit.common.aop.LoggerAspect - Controller  : kr.co.seoulit.reception.controller.ReceptionController.getReceptions()시작
2026-02-13 10:46:38.776 INFO  k.c.s.r.c.ReceptionController - 접수 목록 요청: searchType=null, searchValue=null
2026-02-13 10:46:38.776 INFO  k.co.seoulit.common.aop.LoggerAspect - ServiceImpl  : kr.co.seoulit.reception.service.ReceptionServiceImpl.getReceptionList()시작
2026-02-13 10:46:38.790 INFO  k.co.seoulit.common.aop.LoggerAspect - ServiceImpl  : kr.co.seoulit.reception.service.ReceptionServiceImpl.getReceptionList()종료
2026-02-13 10:46:38.798 INFO  k.co.seoulit.common.aop.LoggerAspect - Controller  : kr.co.seoulit.reception.controller.ReceptionController.getReceptions()종료
2026-02-13 10:46:39.831 INFO  k.co.seoulit.common.aop.LoggerAspect - Controller  : kr.co.seoulit.reception.controller.ReceptionController.getReception()시작
2026-02-13 10:46:39.831 INFO  k.c.s.r.c.ReceptionController - 접수 조회 요청: id=8
2026-02-13 10:46:39.840 INFO  k.co.seoulit.common.aop.LoggerAspect - ServiceImpl  : kr.co.seoulit.reception.service.ReceptionServiceImpl.getReception()시작
2026-02-13 10:46:39.841 DEBUG org.hibernate.SQL - select re1_0.reception_id,re1_0.arrived_at,re1_0.cancel_reason_code,re1_0.cancel_reason_text,re1_0.created_at,re1_0.created_by,re1_0.department_id,re1_0.department_name,re1_0.doctor_id,re1_0.doctor_name,re1_0.hold_reason_code,re1_0.hold_reason_text,re1_0.inactive_at,re1_0.inactive_reason_code,re1_0.inactive_reason_text,re1_0.is_active,re1_0.note,re1_0.patient_id,re1_0.patient_name,re1_0.reception_no,re1_0.reservation_id,re1_0.scheduled_at,re1_0.status,re1_0.updated_at,re1_0.updated_by,re1_0.visit_type from reception re1_0 where re1_0.reception_id=?
2026-02-13 10:46:39.841 TRACE org.hibernate.orm.jdbc.bind - binding parameter (1:BIGINT) <- [8]
2026-02-13 10:46:39.852 INFO  k.co.seoulit.common.aop.LoggerAspect - kr.co.seoulit.reception.mapstruct.ReceptionResMapStructImpl.toDto()시작
2026-02-13 10:46:39.853 INFO  k.co.seoulit.common.aop.LoggerAspect - kr.co.seoulit.reception.mapstruct.ReceptionResMapStructImpl.toDto()종료
2026-02-13 10:46:39.853 INFO  k.co.seoulit.common.aop.LoggerAspect - ServiceImpl  : kr.co.seoulit.reception.service.ReceptionServiceImpl.getReception()종료
2026-02-13 10:46:39.861 INFO  k.co.seoulit.common.aop.LoggerAspect - Controller  : kr.co.seoulit.reception.controller.ReceptionController.getReception()종료
2026-02-13 10:46:41.002 INFO  k.co.seoulit.common.aop.LoggerAspect - Controller  : kr.co.seoulit.reception.controller.ReceptionController.getStatusHistory()시작
2026-02-13 10:46:41.004 INFO  k.co.seoulit.common.aop.LoggerAspect - Controller  : kr.co.seoulit.reception.controller.MenuController.getMenus()시작
2026-02-13 10:46:41.004 INFO  k.co.seoulit.common.aop.LoggerAspect - Controller  : kr.co.seoulit.reception.controller.MenuController.getMenus()종료
2026-02-13 10:46:41.004 INFO  k.co.seoulit.common.aop.LoggerAspect - Controller  : kr.co.seoulit.reception.controller.ReceptionController.getReception()시작
2026-02-13 10:46:41.005 INFO  k.c.s.r.c.ReceptionController - 접수 조회 요청: id=8
2026-02-13 10:46:41.013 INFO  k.co.seoulit.common.aop.LoggerAspect - Controller  : kr.co.seoulit.reception.controller.MenuController.getMenus()시작
2026-02-13 10:46:41.013 INFO  k.co.seoulit.common.aop.LoggerAspect - Controller  : kr.co.seoulit.reception.controller.MenuController.getMenus()종료
2026-02-13 10:46:41.013 WARN  k.c.s.c.h.GlobalExceptionHandler - No resource found
org.springframework.web.servlet.resource.NoResourceFoundException: No static resource api/receptions/8/audit-logs.
	at org.springframework.web.servlet.resource.ResourceHttpRequestHandler.handleRequest(ResourceHttpRequestHandler.java:585)
	at org.springframework.web.servlet.mvc.HttpRequestHandlerAdapter.handle(HttpRequestHandlerAdapter.java:52)
	at org.springframework.web.servlet.DispatcherServlet.doDispatch(DispatcherServlet.java:1089)
	at org.springframework.web.servlet.DispatcherServlet.doService(DispatcherServlet.java:979)
	at org.springframework.web.servlet.FrameworkServlet.processRequest(FrameworkServlet.java:1014)
	at org.springframework.web.servlet.FrameworkServlet.doGet(FrameworkServlet.java:903)
	at jakarta.servlet.http.HttpServlet.service(HttpServlet.java:564)
	at org.springframework.web.servlet.FrameworkServlet.service(FrameworkServlet.java:885)
	at jakarta.servlet.http.HttpServlet.service(HttpServlet.java:658)
	at org.apache.catalina.core.ApplicationFilterChain.internalDoFilter(ApplicationFilterChain.java:195)
	at org.apache.catalina.core.ApplicationFilterChain.doFilter(ApplicationFilterChain.java:140)
	at org.apache.tomcat.websocket.server.WsFilter.doFilter(WsFilter.java:51)
	at org.apache.catalina.core.ApplicationFilterChain.internalDoFilter(ApplicationFilterChain.java:164)
	at org.apache.catalina.core.ApplicationFilterChain.doFilter(ApplicationFilterChain.java:140)
	at org.springframework.web.filter.CorsFilter.doFilterInternal(CorsFilter.java:91)
	at org.springframework.web.filter.OncePerRequestFilter.doFilter(OncePerRequestFilter.java:116)
	at org.apache.catalina.core.ApplicationFilterChain.internalDoFilter(ApplicationFilterChain.java:164)
	at org.apache.catalina.core.ApplicationFilterChain.doFilter(ApplicationFilterChain.java:140)
	at org.springframework.web.filter.RequestContextFilter.doFilterInternal(RequestContextFilter.java:100)
	at org.springframework.web.filter.OncePerRequestFilter.doFilter(OncePerRequestFilter.java:116)
	at org.apache.catalina.core.ApplicationFilterChain.internalDoFilter(ApplicationFilterChain.java:164)
	at org.apache.catalina.core.ApplicationFilterChain.doFilter(ApplicationFilterChain.java:140)
	at org.springframework.web.filter.FormContentFilter.doFilterInternal(FormContentFilter.java:93)
	at org.springframework.web.filter.OncePerRequestFilter.doFilter(OncePerRequestFilter.java:116)
	at org.apache.catalina.core.ApplicationFilterChain.internalDoFilter(ApplicationFilterChain.java:164)
	at org.apache.catalina.core.ApplicationFilterChain.doFilter(ApplicationFilterChain.java:140)
	at org.springframework.web.filter.CharacterEncodingFilter.doFilterInternal(CharacterEncodingFilter.java:201)
	at org.springframework.web.filter.OncePerRequestFilter.doFilter(OncePerRequestFilter.java:116)
	at org.apache.catalina.core.ApplicationFilterChain.internalDoFilter(ApplicationFilterChain.java:164)
	at org.apache.catalina.core.ApplicationFilterChain.doFilter(ApplicationFilterChain.java:140)
	at org.apache.catalina.core.StandardWrapperValve.invoke(StandardWrapperValve.java:167)
	at org.apache.catalina.core.StandardContextValve.invoke(StandardContextValve.java:90)
	at org.apache.catalina.authenticator.AuthenticatorBase.invoke(AuthenticatorBase.java:483)
	at org.apache.catalina.core.StandardHostValve.invoke(StandardHostValve.java:115)
	at org.apache.catalina.valves.ErrorReportValve.invoke(ErrorReportValve.java:93)
	at org.apache.catalina.core.StandardEngineValve.invoke(StandardEngineValve.java:74)
	at org.apache.catalina.connector.CoyoteAdapter.service(CoyoteAdapter.java:344)
	at org.apache.coyote.http11.Http11Processor.service(Http11Processor.java:389)
	at org.apache.coyote.AbstractProcessorLight.process(AbstractProcessorLight.java:63)
	at org.apache.coyote.AbstractProtocol$ConnectionHandler.process(AbstractProtocol.java:904)
	at org.apache.tomcat.util.net.NioEndpoint$SocketProcessor.doRun(NioEndpoint.java:1741)
	at org.apache.tomcat.util.net.SocketProcessorBase.run(SocketProcessorBase.java:52)
	at org.apache.tomcat.util.threads.ThreadPoolExecutor.runWorker(ThreadPoolExecutor.java:1190)
	at org.apache.tomcat.util.threads.ThreadPoolExecutor$Worker.run(ThreadPoolExecutor.java:659)
	at org.apache.tomcat.util.threads.TaskThread$WrappingRunnable.run(TaskThread.java:63)
	at java.base/java.lang.Thread.run(Thread.java:842)
2026-02-13 10:46:41.022 INFO  k.co.seoulit.common.aop.LoggerAspect - ServiceImpl  : kr.co.seoulit.reception.service.ReceptionServiceImpl.getReception()시작
2026-02-13 10:46:41.022 INFO  k.co.seoulit.common.aop.LoggerAspect - ServiceImpl  : kr.co.seoulit.reception.service.ReceptionServiceImpl.getReceptionStatusHistory()시작
2026-02-13 10:46:41.027 DEBUG org.hibernate.SQL - select re1_0.reception_id,re1_0.arrived_at,re1_0.cancel_reason_code,re1_0.cancel_reason_text,re1_0.created_at,re1_0.created_by,re1_0.department_id,re1_0.department_name,re1_0.doctor_id,re1_0.doctor_name,re1_0.hold_reason_code,re1_0.hold_reason_text,re1_0.inactive_at,re1_0.inactive_reason_code,re1_0.inactive_reason_text,re1_0.is_active,re1_0.note,re1_0.patient_id,re1_0.patient_name,re1_0.reception_no,re1_0.reservation_id,re1_0.scheduled_at,re1_0.status,re1_0.updated_at,re1_0.updated_by,re1_0.visit_type from reception re1_0 where re1_0.reception_id=?
2026-02-13 10:46:41.031 DEBUG org.hibernate.SQL - select rshe1_0.status_history_id,rshe1_0.changed_at,rshe1_0.changed_by,rshe1_0.from_status,rshe1_0.reason_code,rshe1_0.reason_text,rshe1_0.reception_id,rshe1_0.to_status from reception_status_history rshe1_0 where rshe1_0.reception_id=? order by rshe1_0.changed_at
2026-02-13 10:46:41.029 TRACE org.hibernate.orm.jdbc.bind - binding parameter (1:BIGINT) <- [8]
2026-02-13 10:46:41.032 TRACE org.hibernate.orm.jdbc.bind - binding parameter (1:BIGINT) <- [8]
2026-02-13 10:46:41.033 WARN  k.c.s.c.h.GlobalExceptionHandler - No resource found
org.springframework.web.servlet.resource.NoResourceFoundException: No static resource api/receptions/8/audit-logs.
	at org.springframework.web.servlet.resource.ResourceHttpRequestHandler.handleRequest(ResourceHttpRequestHandler.java:585)
	at org.springframework.web.servlet.mvc.HttpRequestHandlerAdapter.handle(HttpRequestHandlerAdapter.java:52)
	at org.springframework.web.servlet.DispatcherServlet.doDispatch(DispatcherServlet.java:1089)
	at org.springframework.web.servlet.DispatcherServlet.doService(DispatcherServlet.java:979)
	at org.springframework.web.servlet.FrameworkServlet.processRequest(FrameworkServlet.java:1014)
	at org.springframework.web.servlet.FrameworkServlet.doGet(FrameworkServlet.java:903)
	at jakarta.servlet.http.HttpServlet.service(HttpServlet.java:564)
	at org.springframework.web.servlet.FrameworkServlet.service(FrameworkServlet.java:885)
	at jakarta.servlet.http.HttpServlet.service(HttpServlet.java:658)
	at org.apache.catalina.core.ApplicationFilterChain.internalDoFilter(ApplicationFilterChain.java:195)
	at org.apache.catalina.core.ApplicationFilterChain.doFilter(ApplicationFilterChain.java:140)
	at org.apache.tomcat.websocket.server.WsFilter.doFilter(WsFilter.java:51)
	at org.apache.catalina.core.ApplicationFilterChain.internalDoFilter(ApplicationFilterChain.java:164)
	at org.apache.catalina.core.ApplicationFilterChain.doFilter(ApplicationFilterChain.java:140)
	at org.springframework.web.filter.CorsFilter.doFilterInternal(CorsFilter.java:91)
	at org.springframework.web.filter.OncePerRequestFilter.doFilter(OncePerRequestFilter.java:116)
	at org.apache.catalina.core.ApplicationFilterChain.internalDoFilter(ApplicationFilterChain.java:164)
	at org.apache.catalina.core.ApplicationFilterChain.doFilter(ApplicationFilterChain.java:140)
	at org.springframework.web.filter.RequestContextFilter.doFilterInternal(RequestContextFilter.java:100)
	at org.springframework.web.filter.OncePerRequestFilter.doFilter(OncePerRequestFilter.java:116)
	at org.apache.catalina.core.ApplicationFilterChain.internalDoFilter(ApplicationFilterChain.java:164)
	at org.apache.catalina.core.ApplicationFilterChain.doFilter(ApplicationFilterChain.java:140)
	at org.springframework.web.filter.FormContentFilter.doFilterInternal(FormContentFilter.java:93)
	at org.springframework.web.filter.OncePerRequestFilter.doFilter(OncePerRequestFilter.java:116)
	at org.apache.catalina.core.ApplicationFilterChain.internalDoFilter(ApplicationFilterChain.java:164)
	at org.apache.catalina.core.ApplicationFilterChain.doFilter(ApplicationFilterChain.java:140)
	at org.springframework.web.filter.CharacterEncodingFilter.doFilterInternal(CharacterEncodingFilter.java:201)
	at org.springframework.web.filter.OncePerRequestFilter.doFilter(OncePerRequestFilter.java:116)
	at org.apache.catalina.core.ApplicationFilterChain.internalDoFilter(ApplicationFilterChain.java:164)
	at org.apache.catalina.core.ApplicationFilterChain.doFilter(ApplicationFilterChain.java:140)
	at org.apache.catalina.core.StandardWrapperValve.invoke(StandardWrapperValve.java:167)
	at org.apache.catalina.core.StandardContextValve.invoke(StandardContextValve.java:90)
	at org.apache.catalina.authenticator.AuthenticatorBase.invoke(AuthenticatorBase.java:483)
	at org.apache.catalina.core.StandardHostValve.invoke(StandardHostValve.java:115)
	at org.apache.catalina.valves.ErrorReportValve.invoke(ErrorReportValve.java:93)
	at org.apache.catalina.core.StandardEngineValve.invoke(StandardEngineValve.java:74)
	at org.apache.catalina.connector.CoyoteAdapter.service(CoyoteAdapter.java:344)
	at org.apache.coyote.http11.Http11Processor.service(Http11Processor.java:389)
	at org.apache.coyote.AbstractProcessorLight.process(AbstractProcessorLight.java:63)
	at org.apache.coyote.AbstractProtocol$ConnectionHandler.process(AbstractProtocol.java:904)
	at org.apache.tomcat.util.net.NioEndpoint$SocketProcessor.doRun(NioEndpoint.java:1741)
	at org.apache.tomcat.util.net.SocketProcessorBase.run(SocketProcessorBase.java:52)
	at org.apache.tomcat.util.threads.ThreadPoolExecutor.runWorker(ThreadPoolExecutor.java:1190)
	at org.apache.tomcat.util.threads.ThreadPoolExecutor$Worker.run(ThreadPoolExecutor.java:659)
	at org.apache.tomcat.util.threads.TaskThread$WrappingRunnable.run(TaskThread.java:63)
	at java.base/java.lang.Thread.run(Thread.java:842)
2026-02-13 10:46:41.042 INFO  k.co.seoulit.common.aop.LoggerAspect - kr.co.seoulit.reception.mapstruct.ReceptionResMapStructImpl.toDto()시작
2026-02-13 10:46:41.042 INFO  k.co.seoulit.common.aop.LoggerAspect - kr.co.seoulit.reception.mapstruct.ReceptionResMapStructImpl.toDto()종료
2026-02-13 10:46:41.043 INFO  k.co.seoulit.common.aop.LoggerAspect - ServiceImpl  : kr.co.seoulit.reception.service.ReceptionServiceImpl.getReceptionStatusHistory()종료
2026-02-13 10:46:41.043 INFO  k.co.seoulit.common.aop.LoggerAspect - ServiceImpl  : kr.co.seoulit.reception.service.ReceptionServiceImpl.getReception()종료
2026-02-13 10:46:41.051 INFO  k.co.seoulit.common.aop.LoggerAspect - Controller  : kr.co.seoulit.reception.controller.ReceptionController.getReception()종료
2026-02-13 10:46:41.051 INFO  k.co.seoulit.common.aop.LoggerAspect - Controller  : kr.co.seoulit.reception.controller.ReceptionController.getStatusHistory()종료
2026-02-13 10:46:41.058 INFO  k.co.seoulit.common.aop.LoggerAspect - Controller  : kr.co.seoulit.reception.controller.ReceptionController.getReception()시작
2026-02-13 10:46:41.059 INFO  k.c.s.r.c.ReceptionController - 접수 조회 요청: id=8
2026-02-13 10:46:41.063 INFO  k.co.seoulit.common.aop.LoggerAspect - Controller  : kr.co.seoulit.reception.controller.ReceptionController.getStatusHistory()시작
2026-02-13 10:46:41.063 INFO  k.co.seoulit.common.aop.LoggerAspect - ServiceImpl  : kr.co.seoulit.reception.service.ReceptionServiceImpl.getReception()시작
2026-02-13 10:46:41.065 INFO  k.co.seoulit.common.aop.LoggerAspect - ServiceImpl  : kr.co.seoulit.reception.service.ReceptionServiceImpl.getReceptionStatusHistory()시작
2026-02-13 10:46:41.066 DEBUG org.hibernate.SQL - select re1_0.reception_id,re1_0.arrived_at,re1_0.cancel_reason_code,re1_0.cancel_reason_text,re1_0.created_at,re1_0.created_by,re1_0.department_id,re1_0.department_name,re1_0.doctor_id,re1_0.doctor_name,re1_0.hold_reason_code,re1_0.hold_reason_text,re1_0.inactive_at,re1_0.inactive_reason_code,re1_0.inactive_reason_text,re1_0.is_active,re1_0.note,re1_0.patient_id,re1_0.patient_name,re1_0.reception_no,re1_0.reservation_id,re1_0.scheduled_at,re1_0.status,re1_0.updated_at,re1_0.updated_by,re1_0.visit_type from reception re1_0 where re1_0.reception_id=?
2026-02-13 10:46:41.067 TRACE org.hibernate.orm.jdbc.bind - binding parameter (1:BIGINT) <- [8]
2026-02-13 10:46:41.072 DEBUG org.hibernate.SQL - select rshe1_0.status_history_id,rshe1_0.changed_at,rshe1_0.changed_by,rshe1_0.from_status,rshe1_0.reason_code,rshe1_0.reason_text,rshe1_0.reception_id,rshe1_0.to_status from reception_status_history rshe1_0 where rshe1_0.reception_id=? order by rshe1_0.changed_at
2026-02-13 10:46:41.073 TRACE org.hibernate.orm.jdbc.bind - binding parameter (1:BIGINT) <- [8]
2026-02-13 10:46:41.084 INFO  k.co.seoulit.common.aop.LoggerAspect - kr.co.seoulit.reception.mapstruct.ReceptionResMapStructImpl.toDto()시작
2026-02-13 10:46:41.085 INFO  k.co.seoulit.common.aop.LoggerAspect - kr.co.seoulit.reception.mapstruct.ReceptionResMapStructImpl.toDto()종료
2026-02-13 10:46:41.085 INFO  k.co.seoulit.common.aop.LoggerAspect - ServiceImpl  : kr.co.seoulit.reception.service.ReceptionServiceImpl.getReceptionStatusHistory()종료
2026-02-13 10:46:41.085 INFO  k.co.seoulit.common.aop.LoggerAspect - ServiceImpl  : kr.co.seoulit.reception.service.ReceptionServiceImpl.getReception()종료
2026-02-13 10:46:41.093 INFO  k.co.seoulit.common.aop.LoggerAspect - Controller  : kr.co.seoulit.reception.controller.ReceptionController.getStatusHistory()종료
2026-02-13 10:46:41.096 INFO  k.co.seoulit.common.aop.LoggerAspect - Controller  : kr.co.seoulit.reception.controller.ReceptionController.getReception()종료
2026-02-13 10:46:45.701 INFO  k.co.seoulit.common.aop.LoggerAspect - Controller  : kr.co.seoulit.reception.controller.MenuController.getMenus()시작
2026-02-13 10:46:45.701 INFO  k.co.seoulit.common.aop.LoggerAspect - Controller  : kr.co.seoulit.reception.controller.MenuController.getMenus()종료
2026-02-13 10:46:45.714 INFO  k.co.seoulit.common.aop.LoggerAspect - Controller  : kr.co.seoulit.reception.controller.MenuController.getMenus()시작
2026-02-13 10:46:45.714 INFO  k.co.seoulit.common.aop.LoggerAspect - Controller  : kr.co.seoulit.reception.controller.MenuController.getMenus()종료
2026-02-13 10:46:45.714 INFO  k.co.seoulit.common.aop.LoggerAspect - Controller  : kr.co.seoulit.reception.controller.ReceptionController.getReceptions()시작
2026-02-13 10:46:45.714 INFO  k.c.s.r.c.ReceptionController - 접수 목록 요청: searchType=null, searchValue=null
2026-02-13 10:46:45.724 INFO  k.co.seoulit.common.aop.LoggerAspect - ServiceImpl  : kr.co.seoulit.reception.service.ReceptionServiceImpl.getReceptionList()시작
2026-02-13 10:46:45.734 INFO  k.co.seoulit.common.aop.LoggerAspect - ServiceImpl  : kr.co.seoulit.reception.service.ReceptionServiceImpl.getReceptionList()종료
2026-02-13 10:46:45.743 INFO  k.co.seoulit.common.aop.LoggerAspect - Controller  : kr.co.seoulit.reception.controller.ReceptionController.getReceptions()종료
2026-02-13 10:46:45.748 INFO  k.co.seoulit.common.aop.LoggerAspect - Controller  : kr.co.seoulit.reception.controller.ReceptionController.getReceptions()시작
2026-02-13 10:46:45.748 INFO  k.c.s.r.c.ReceptionController - 접수 목록 요청: searchType=null, searchValue=null
2026-02-13 10:46:45.749 INFO  k.co.seoulit.common.aop.LoggerAspect - ServiceImpl  : kr.co.seoulit.reception.service.ReceptionServiceImpl.getReceptionList()시작
2026-02-13 10:46:45.785 INFO  k.co.seoulit.common.aop.LoggerAspect - ServiceImpl  : kr.co.seoulit.reception.service.ReceptionServiceImpl.getReceptionList()종료
2026-02-13 10:46:45.800 INFO  k.co.seoulit.common.aop.LoggerAspect - Controller  : kr.co.seoulit.reception.controller.ReceptionController.getReceptions()종료
2026-02-13 10:46:49.246 INFO  k.co.seoulit.common.aop.LoggerAspect - Controller  : kr.co.seoulit.reception.controller.MenuController.getMenus()시작
2026-02-13 10:46:49.247 INFO  k.co.seoulit.common.aop.LoggerAspect - Controller  : kr.co.seoulit.reception.controller.MenuController.getMenus()종료
2026-02-13 10:46:49.258 INFO  k.co.seoulit.common.aop.LoggerAspect - Controller  : kr.co.seoulit.reception.controller.ReceptionController.getReceptions()시작
2026-02-13 10:46:49.258 INFO  k.c.s.r.c.ReceptionController - 접수 목록 요청: searchType=null, searchValue=null
2026-02-13 10:46:49.259 INFO  k.co.seoulit.common.aop.LoggerAspect - Controller  : kr.co.seoulit.reception.controller.ReceptionController.getReceptions()시작
2026-02-13 10:46:49.259 INFO  k.c.s.r.c.ReceptionController - 접수 목록 요청: searchType=null, searchValue=null
2026-02-13 10:46:49.260 INFO  k.co.seoulit.common.aop.LoggerAspect - Controller  : kr.co.seoulit.reception.controller.MenuController.getMenus()시작
2026-02-13 10:46:49.260 INFO  k.co.seoulit.common.aop.LoggerAspect - Controller  : kr.co.seoulit.reception.controller.MenuController.getMenus()종료
2026-02-13 10:46:49.317 INFO  k.co.seoulit.common.aop.LoggerAspect - ServiceImpl  : kr.co.seoulit.reception.service.ReceptionServiceImpl.getReceptionList()시작
2026-02-13 10:46:49.317 INFO  k.co.seoulit.common.aop.LoggerAspect - ServiceImpl  : kr.co.seoulit.reception.service.ReceptionServiceImpl.getReceptionList()시작
2026-02-13 10:46:49.366 INFO  k.co.seoulit.common.aop.LoggerAspect - ServiceImpl  : kr.co.seoulit.reception.service.ReceptionServiceImpl.getReceptionList()종료
2026-02-13 10:46:49.365 INFO  k.co.seoulit.common.aop.LoggerAspect - ServiceImpl  : kr.co.seoulit.reception.service.ReceptionServiceImpl.getReceptionList()종료
2026-02-13 10:46:49.416 INFO  k.co.seoulit.common.aop.LoggerAspect - Controller  : kr.co.seoulit.reception.controller.ReceptionController.getReceptions()종료
2026-02-13 10:46:49.416 INFO  k.co.seoulit.common.aop.LoggerAspect - Controller  : kr.co.seoulit.reception.controller.ReceptionController.getReceptions()종료
2026-02-13 10:46:51.548 INFO  k.co.seoulit.common.aop.LoggerAspect - Controller  : kr.co.seoulit.reception.controller.ReceptionController.updateReceptionStatus()시작
2026-02-13 10:46:51.548 INFO  k.c.s.r.c.ReceptionController - 접수 상태 변경 요청: id=8, status=CALLED
2026-02-13 10:46:51.557 INFO  k.co.seoulit.common.aop.LoggerAspect - ServiceImpl  : kr.co.seoulit.reception.service.ReceptionServiceImpl.updateReceptionStatus()시작
2026-02-13 10:46:51.557 DEBUG org.hibernate.SQL - select re1_0.reception_id,re1_0.arrived_at,re1_0.cancel_reason_code,re1_0.cancel_reason_text,re1_0.created_at,re1_0.created_by,re1_0.department_id,re1_0.department_name,re1_0.doctor_id,re1_0.doctor_name,re1_0.hold_reason_code,re1_0.hold_reason_text,re1_0.inactive_at,re1_0.inactive_reason_code,re1_0.inactive_reason_text,re1_0.is_active,re1_0.note,re1_0.patient_id,re1_0.patient_name,re1_0.reception_no,re1_0.reservation_id,re1_0.scheduled_at,re1_0.status,re1_0.updated_at,re1_0.updated_by,re1_0.visit_type from reception re1_0 where re1_0.reception_id=?
2026-02-13 10:46:51.558 TRACE org.hibernate.orm.jdbc.bind - binding parameter (1:BIGINT) <- [8]
2026-02-13 10:46:51.586 INFO  k.co.seoulit.common.aop.LoggerAspect - kr.co.seoulit.reception.mapstruct.ReceptionResMapStructImpl.toDto()시작
2026-02-13 10:46:51.586 INFO  k.co.seoulit.common.aop.LoggerAspect - kr.co.seoulit.reception.mapstruct.ReceptionResMapStructImpl.toDto()종료
2026-02-13 10:46:51.587 DEBUG org.hibernate.SQL - select seq_reception_status_history.nextval from dual
2026-02-13 10:46:51.617 INFO  k.co.seoulit.common.aop.LoggerAspect - kr.co.seoulit.reception.mapstruct.ReceptionResMapStructImpl.toDto()시작
2026-02-13 10:46:51.617 INFO  k.co.seoulit.common.aop.LoggerAspect - kr.co.seoulit.reception.mapstruct.ReceptionResMapStructImpl.toDto()종료
2026-02-13 10:46:51.618 DEBUG org.hibernate.SQL - select seq_audit_log.nextval from dual
2026-02-13 10:46:51.650 INFO  k.co.seoulit.common.aop.LoggerAspect - kr.co.seoulit.reception.mapstruct.ReceptionResMapStructImpl.toDto()시작
2026-02-13 10:46:51.650 INFO  k.co.seoulit.common.aop.LoggerAspect - kr.co.seoulit.reception.mapstruct.ReceptionResMapStructImpl.toDto()종료
2026-02-13 10:46:51.651 INFO  k.co.seoulit.common.aop.LoggerAspect - ServiceImpl  : kr.co.seoulit.reception.service.ReceptionServiceImpl.updateReceptionStatus()종료
2026-02-13 10:46:51.651 DEBUG org.hibernate.SQL - insert into reception_status_history (changed_at,changed_by,from_status,reason_code,reason_text,reception_id,to_status,status_history_id) values (?,?,?,?,?,?,?,?)
2026-02-13 10:46:51.652 TRACE org.hibernate.orm.jdbc.bind - binding parameter (1:TIMESTAMP) <- [2026-02-13T10:46:51.651661]
2026-02-13 10:46:51.652 TRACE org.hibernate.orm.jdbc.bind - binding parameter (2:BIGINT) <- [1]
2026-02-13 10:46:51.652 TRACE org.hibernate.orm.jdbc.bind - binding parameter (3:VARCHAR) <- [WAITING]
2026-02-13 10:46:51.652 TRACE org.hibernate.orm.jdbc.bind - binding parameter (4:VARCHAR) <- [null]
2026-02-13 10:46:51.652 TRACE org.hibernate.orm.jdbc.bind - binding parameter (5:VARCHAR) <- [null]
2026-02-13 10:46:51.652 TRACE org.hibernate.orm.jdbc.bind - binding parameter (6:BIGINT) <- [8]
2026-02-13 10:46:51.652 TRACE org.hibernate.orm.jdbc.bind - binding parameter (7:VARCHAR) <- [CALLED]
2026-02-13 10:46:51.653 TRACE org.hibernate.orm.jdbc.bind - binding parameter (8:BIGINT) <- [18]
2026-02-13 10:46:51.673 DEBUG org.hibernate.SQL - insert into audit_log (action,actor_id,after_json,before_json,diff_json,entity_id,entity_type,occurred_at,reason_code,reason_text,audit_log_id) values (?,?,?,?,?,?,?,?,?,?,?)
2026-02-13 10:46:51.673 TRACE org.hibernate.orm.jdbc.bind - binding parameter (1:VARCHAR) <- [STATUS_CHANGE]
2026-02-13 10:46:51.673 TRACE org.hibernate.orm.jdbc.bind - binding parameter (2:BIGINT) <- [1]
2026-02-13 10:46:51.674 TRACE org.hibernate.orm.jdbc.bind - binding parameter (3:VARCHAR) <- [{"receptionId":8,"receptionNo":"20260212-008","patientId":7,"patientName":"박영어","visitType":"OUTPATIENT","departmentId":1,"departmentName":"내과","doctorId":1,"doctorName":"송태민","reservationId":null,"scheduledAt":"2026-02-13T20:14:00","arrivedAt":"2026-02-13T20:14:00","status":"CALLED","note":null,"isActive":true,"inactiveAt":null,"inactiveReasonCode":null,"inactiveReasonText":null,"cancelReasonCode":null,"cancelReasonText":null,"holdReasonCode":null,"holdReasonText":null,"createdBy":null,"updatedBy":null,"createdAt":"2026-02-12T20:14:48.948299","updatedAt":"2026-02-12T20:14:48.948299"}]
2026-02-13 10:46:51.674 TRACE org.hibernate.orm.jdbc.bind - binding parameter (4:VARCHAR) <- [{"receptionId":8,"receptionNo":"20260212-008","patientId":7,"patientName":"박영어","visitType":"OUTPATIENT","departmentId":1,"departmentName":"내과","doctorId":1,"doctorName":"송태민","reservationId":null,"scheduledAt":"2026-02-13T20:14:00","arrivedAt":"2026-02-13T20:14:00","status":"WAITING","note":null,"isActive":true,"inactiveAt":null,"inactiveReasonCode":null,"inactiveReasonText":null,"cancelReasonCode":null,"cancelReasonText":null,"holdReasonCode":null,"holdReasonText":null,"createdBy":null,"updatedBy":null,"createdAt":"2026-02-12T20:14:48.948299","updatedAt":"2026-02-12T20:14:48.948299"}]
2026-02-13 10:46:51.674 TRACE org.hibernate.orm.jdbc.bind - binding parameter (5:VARCHAR) <- [null]
2026-02-13 10:46:51.674 TRACE org.hibernate.orm.jdbc.bind - binding parameter (6:BIGINT) <- [8]
2026-02-13 10:46:51.674 TRACE org.hibernate.orm.jdbc.bind - binding parameter (7:VARCHAR) <- [RECEPTION]
2026-02-13 10:46:51.674 TRACE org.hibernate.orm.jdbc.bind - binding parameter (8:TIMESTAMP) <- [2026-02-13T10:46:51.673654]
2026-02-13 10:46:51.674 TRACE org.hibernate.orm.jdbc.bind - binding parameter (9:VARCHAR) <- [null]
2026-02-13 10:46:51.674 TRACE org.hibernate.orm.jdbc.bind - binding parameter (10:VARCHAR) <- [null]
2026-02-13 10:46:51.674 TRACE org.hibernate.orm.jdbc.bind - binding parameter (11:BIGINT) <- [50]
2026-02-13 10:46:51.721 DEBUG org.hibernate.SQL - update reception set arrived_at=?,cancel_reason_code=?,cancel_reason_text=?,created_by=?,department_id=?,department_name=?,doctor_id=?,doctor_name=?,hold_reason_code=?,hold_reason_text=?,inactive_at=?,inactive_reason_code=?,inactive_reason_text=?,is_active=?,note=?,patient_id=?,patient_name=?,reception_no=?,reservation_id=?,scheduled_at=?,status=?,updated_at=?,updated_by=?,visit_type=? where reception_id=?
2026-02-13 10:46:51.721 TRACE org.hibernate.orm.jdbc.bind - binding parameter (1:TIMESTAMP) <- [2026-02-13T20:14]
2026-02-13 10:46:51.723 TRACE org.hibernate.orm.jdbc.bind - binding parameter (2:VARCHAR) <- [null]
2026-02-13 10:46:51.723 TRACE org.hibernate.orm.jdbc.bind - binding parameter (3:VARCHAR) <- [null]
2026-02-13 10:46:51.723 TRACE org.hibernate.orm.jdbc.bind - binding parameter (4:BIGINT) <- [null]
2026-02-13 10:46:51.723 TRACE org.hibernate.orm.jdbc.bind - binding parameter (5:BIGINT) <- [1]
2026-02-13 10:46:51.723 TRACE org.hibernate.orm.jdbc.bind - binding parameter (6:VARCHAR) <- [내과]
2026-02-13 10:46:51.723 TRACE org.hibernate.orm.jdbc.bind - binding parameter (7:BIGINT) <- [1]
2026-02-13 10:46:51.723 TRACE org.hibernate.orm.jdbc.bind - binding parameter (8:VARCHAR) <- [송태민]
2026-02-13 10:46:51.723 TRACE org.hibernate.orm.jdbc.bind - binding parameter (9:VARCHAR) <- [null]
2026-02-13 10:46:51.723 TRACE org.hibernate.orm.jdbc.bind - binding parameter (10:VARCHAR) <- [null]
2026-02-13 10:46:51.723 TRACE org.hibernate.orm.jdbc.bind - binding parameter (11:TIMESTAMP) <- [null]
2026-02-13 10:46:51.723 TRACE org.hibernate.orm.jdbc.bind - binding parameter (12:VARCHAR) <- [null]
2026-02-13 10:46:51.723 TRACE org.hibernate.orm.jdbc.bind - binding parameter (13:VARCHAR) <- [null]
2026-02-13 10:46:51.723 TRACE org.hibernate.orm.jdbc.bind - binding parameter (14:BOOLEAN) <- [true]
2026-02-13 10:46:51.723 TRACE org.hibernate.orm.jdbc.bind - binding parameter (15:VARCHAR) <- [null]
2026-02-13 10:46:51.723 TRACE org.hibernate.orm.jdbc.bind - binding parameter (16:BIGINT) <- [7]
2026-02-13 10:46:51.724 TRACE org.hibernate.orm.jdbc.bind - binding parameter (17:VARCHAR) <- [박영어]
2026-02-13 10:46:51.724 TRACE org.hibernate.orm.jdbc.bind - binding parameter (18:VARCHAR) <- [20260212-008]
2026-02-13 10:46:51.724 TRACE org.hibernate.orm.jdbc.bind - binding parameter (19:BIGINT) <- [null]
2026-02-13 10:46:51.724 TRACE org.hibernate.orm.jdbc.bind - binding parameter (20:TIMESTAMP) <- [2026-02-13T20:14]
2026-02-13 10:46:51.724 TRACE org.hibernate.orm.jdbc.bind - binding parameter (21:VARCHAR) <- [CALLED]
2026-02-13 10:46:51.724 TRACE org.hibernate.orm.jdbc.bind - binding parameter (22:TIMESTAMP) <- [2026-02-13T10:46:51.720664]
2026-02-13 10:46:51.724 TRACE org.hibernate.orm.jdbc.bind - binding parameter (23:BIGINT) <- [null]
2026-02-13 10:46:51.724 TRACE org.hibernate.orm.jdbc.bind - binding parameter (24:VARCHAR) <- [OUTPATIENT]
2026-02-13 10:46:51.724 TRACE org.hibernate.orm.jdbc.bind - binding parameter (25:BIGINT) <- [8]
2026-02-13 10:46:51.763 INFO  k.co.seoulit.common.aop.LoggerAspect - Controller  : kr.co.seoulit.reception.controller.ReceptionController.updateReceptionStatus()종료
2026-02-13 10:46:54.433 INFO  k.co.seoulit.common.aop.LoggerAspect - Controller  : kr.co.seoulit.reception.controller.MenuController.getMenus()시작
2026-02-13 10:46:54.433 INFO  k.co.seoulit.common.aop.LoggerAspect - Controller  : kr.co.seoulit.reception.controller.MenuController.getMenus()종료
2026-02-13 10:46:54.434 INFO  k.co.seoulit.common.aop.LoggerAspect - Controller  : kr.co.seoulit.reception.controller.ReceptionController.getReceptions()시작
2026-02-13 10:46:54.434 INFO  k.c.s.r.c.ReceptionController - 접수 목록 요청: searchType=null, searchValue=null
2026-02-13 10:46:54.437 INFO  k.co.seoulit.common.aop.LoggerAspect - Controller  : kr.co.seoulit.reception.controller.MenuController.getMenus()시작
2026-02-13 10:46:54.437 INFO  k.co.seoulit.common.aop.LoggerAspect - Controller  : kr.co.seoulit.reception.controller.MenuController.getMenus()종료
2026-02-13 10:46:54.460 INFO  k.co.seoulit.common.aop.LoggerAspect - ServiceImpl  : kr.co.seoulit.reception.service.ReceptionServiceImpl.getReceptionList()시작
2026-02-13 10:46:54.494 INFO  k.co.seoulit.common.aop.LoggerAspect - ServiceImpl  : kr.co.seoulit.reception.service.ReceptionServiceImpl.getReceptionList()종료
2026-02-13 10:46:54.502 INFO  k.co.seoulit.common.aop.LoggerAspect - Controller  : kr.co.seoulit.reception.controller.ReceptionController.getReceptions()종료
2026-02-13 10:46:54.507 INFO  k.co.seoulit.common.aop.LoggerAspect - Controller  : kr.co.seoulit.reception.controller.ReceptionController.getReceptions()시작
2026-02-13 10:46:54.507 INFO  k.c.s.r.c.ReceptionController - 접수 목록 요청: searchType=null, searchValue=null
2026-02-13 10:46:54.507 INFO  k.co.seoulit.common.aop.LoggerAspect - ServiceImpl  : kr.co.seoulit.reception.service.ReceptionServiceImpl.getReceptionList()시작
2026-02-13 10:46:54.520 INFO  k.co.seoulit.common.aop.LoggerAspect - ServiceImpl  : kr.co.seoulit.reception.service.ReceptionServiceImpl.getReceptionList()종료
2026-02-13 10:46:54.529 INFO  k.co.seoulit.common.aop.LoggerAspect - Controller  : kr.co.seoulit.reception.controller.ReceptionController.getReceptions()종료
2026-02-13 10:46:55.547 INFO  k.co.seoulit.common.aop.LoggerAspect - Controller  : kr.co.seoulit.reception.controller.ReceptionController.getReception()시작
2026-02-13 10:46:55.548 INFO  k.c.s.r.c.ReceptionController - 접수 조회 요청: id=8
2026-02-13 10:46:55.557 INFO  k.co.seoulit.common.aop.LoggerAspect - ServiceImpl  : kr.co.seoulit.reception.service.ReceptionServiceImpl.getReception()시작
2026-02-13 10:46:55.558 DEBUG org.hibernate.SQL - select re1_0.reception_id,re1_0.arrived_at,re1_0.cancel_reason_code,re1_0.cancel_reason_text,re1_0.created_at,re1_0.created_by,re1_0.department_id,re1_0.department_name,re1_0.doctor_id,re1_0.doctor_name,re1_0.hold_reason_code,re1_0.hold_reason_text,re1_0.inactive_at,re1_0.inactive_reason_code,re1_0.inactive_reason_text,re1_0.is_active,re1_0.note,re1_0.patient_id,re1_0.patient_name,re1_0.reception_no,re1_0.reservation_id,re1_0.scheduled_at,re1_0.status,re1_0.updated_at,re1_0.updated_by,re1_0.visit_type from reception re1_0 where re1_0.reception_id=?
2026-02-13 10:46:55.559 TRACE org.hibernate.orm.jdbc.bind - binding parameter (1:BIGINT) <- [8]
2026-02-13 10:46:55.575 INFO  k.co.seoulit.common.aop.LoggerAspect - kr.co.seoulit.reception.mapstruct.ReceptionResMapStructImpl.toDto()시작
2026-02-13 10:46:55.576 INFO  k.co.seoulit.common.aop.LoggerAspect - kr.co.seoulit.reception.mapstruct.ReceptionResMapStructImpl.toDto()종료
2026-02-13 10:46:55.576 INFO  k.co.seoulit.common.aop.LoggerAspect - ServiceImpl  : kr.co.seoulit.reception.service.ReceptionServiceImpl.getReception()종료
2026-02-13 10:46:55.584 INFO  k.co.seoulit.common.aop.LoggerAspect - Controller  : kr.co.seoulit.reception.controller.ReceptionController.getReception()종료
2026-02-13 10:46:58.689 INFO  k.co.seoulit.common.aop.LoggerAspect - Controller  : kr.co.seoulit.reception.controller.MenuController.getMenus()시작
2026-02-13 10:46:58.694 INFO  k.co.seoulit.common.aop.LoggerAspect - Controller  : kr.co.seoulit.reception.controller.MenuController.getMenus()종료
2026-02-13 10:46:58.696 INFO  k.co.seoulit.common.aop.LoggerAspect - Controller  : kr.co.seoulit.reception.controller.ReceptionController.getReception()시작
2026-02-13 10:46:58.696 INFO  k.c.s.r.c.ReceptionController - 접수 조회 요청: id=8
2026-02-13 10:46:58.696 INFO  k.co.seoulit.common.aop.LoggerAspect - Controller  : kr.co.seoulit.reception.controller.ReceptionController.getStatusHistory()시작
2026-02-13 10:46:58.700 INFO  k.co.seoulit.common.aop.LoggerAspect - Controller  : kr.co.seoulit.reception.controller.MenuController.getMenus()시작
2026-02-13 10:46:58.700 INFO  k.co.seoulit.common.aop.LoggerAspect - Controller  : kr.co.seoulit.reception.controller.MenuController.getMenus()종료
2026-02-13 10:46:58.713 INFO  k.co.seoulit.common.aop.LoggerAspect - ServiceImpl  : kr.co.seoulit.reception.service.ReceptionServiceImpl.getReception()시작
2026-02-13 10:46:58.714 INFO  k.co.seoulit.common.aop.LoggerAspect - ServiceImpl  : kr.co.seoulit.reception.service.ReceptionServiceImpl.getReceptionStatusHistory()시작
2026-02-13 10:46:58.713 WARN  k.c.s.c.h.GlobalExceptionHandler - No resource found
org.springframework.web.servlet.resource.NoResourceFoundException: No static resource api/receptions/8/audit-logs.
	at org.springframework.web.servlet.resource.ResourceHttpRequestHandler.handleRequest(ResourceHttpRequestHandler.java:585)
	at org.springframework.web.servlet.mvc.HttpRequestHandlerAdapter.handle(HttpRequestHandlerAdapter.java:52)
	at org.springframework.web.servlet.DispatcherServlet.doDispatch(DispatcherServlet.java:1089)
	at org.springframework.web.servlet.DispatcherServlet.doService(DispatcherServlet.java:979)
	at org.springframework.web.servlet.FrameworkServlet.processRequest(FrameworkServlet.java:1014)
	at org.springframework.web.servlet.FrameworkServlet.doGet(FrameworkServlet.java:903)
	at jakarta.servlet.http.HttpServlet.service(HttpServlet.java:564)
	at org.springframework.web.servlet.FrameworkServlet.service(FrameworkServlet.java:885)
	at jakarta.servlet.http.HttpServlet.service(HttpServlet.java:658)
	at org.apache.catalina.core.ApplicationFilterChain.internalDoFilter(ApplicationFilterChain.java:195)
	at org.apache.catalina.core.ApplicationFilterChain.doFilter(ApplicationFilterChain.java:140)
	at org.apache.tomcat.websocket.server.WsFilter.doFilter(WsFilter.java:51)
	at org.apache.catalina.core.ApplicationFilterChain.internalDoFilter(ApplicationFilterChain.java:164)
	at org.apache.catalina.core.ApplicationFilterChain.doFilter(ApplicationFilterChain.java:140)
	at org.springframework.web.filter.CorsFilter.doFilterInternal(CorsFilter.java:91)
	at org.springframework.web.filter.OncePerRequestFilter.doFilter(OncePerRequestFilter.java:116)
	at org.apache.catalina.core.ApplicationFilterChain.internalDoFilter(ApplicationFilterChain.java:164)
	at org.apache.catalina.core.ApplicationFilterChain.doFilter(ApplicationFilterChain.java:140)
	at org.springframework.web.filter.RequestContextFilter.doFilterInternal(RequestContextFilter.java:100)
	at org.springframework.web.filter.OncePerRequestFilter.doFilter(OncePerRequestFilter.java:116)
	at org.apache.catalina.core.ApplicationFilterChain.internalDoFilter(ApplicationFilterChain.java:164)
	at org.apache.catalina.core.ApplicationFilterChain.doFilter(ApplicationFilterChain.java:140)
	at org.springframework.web.filter.FormContentFilter.doFilterInternal(FormContentFilter.java:93)
	at org.springframework.web.filter.OncePerRequestFilter.doFilter(OncePerRequestFilter.java:116)
	at org.apache.catalina.core.ApplicationFilterChain.internalDoFilter(ApplicationFilterChain.java:164)
	at org.apache.catalina.core.ApplicationFilterChain.doFilter(ApplicationFilterChain.java:140)
	at org.springframework.web.filter.CharacterEncodingFilter.doFilterInternal(CharacterEncodingFilter.java:201)
	at org.springframework.web.filter.OncePerRequestFilter.doFilter(OncePerRequestFilter.java:116)
	at org.apache.catalina.core.ApplicationFilterChain.internalDoFilter(ApplicationFilterChain.java:164)
	at org.apache.catalina.core.ApplicationFilterChain.doFilter(ApplicationFilterChain.java:140)
	at org.apache.catalina.core.StandardWrapperValve.invoke(StandardWrapperValve.java:167)
	at org.apache.catalina.core.StandardContextValve.invoke(StandardContextValve.java:90)
	at org.apache.catalina.authenticator.AuthenticatorBase.invoke(AuthenticatorBase.java:483)
	at org.apache.catalina.core.StandardHostValve.invoke(StandardHostValve.java:115)
	at org.apache.catalina.valves.ErrorReportValve.invoke(ErrorReportValve.java:93)
	at org.apache.catalina.core.StandardEngineValve.invoke(StandardEngineValve.java:74)
	at org.apache.catalina.connector.CoyoteAdapter.service(CoyoteAdapter.java:344)
	at org.apache.coyote.http11.Http11Processor.service(Http11Processor.java:389)
	at org.apache.coyote.AbstractProcessorLight.process(AbstractProcessorLight.java:63)
	at org.apache.coyote.AbstractProtocol$ConnectionHandler.process(AbstractProtocol.java:904)
	at org.apache.tomcat.util.net.NioEndpoint$SocketProcessor.doRun(NioEndpoint.java:1741)
	at org.apache.tomcat.util.net.SocketProcessorBase.run(SocketProcessorBase.java:52)
	at org.apache.tomcat.util.threads.ThreadPoolExecutor.runWorker(ThreadPoolExecutor.java:1190)
	at org.apache.tomcat.util.threads.ThreadPoolExecutor$Worker.run(ThreadPoolExecutor.java:659)
	at org.apache.tomcat.util.threads.TaskThread$WrappingRunnable.run(TaskThread.java:63)
	at java.base/java.lang.Thread.run(Thread.java:842)
2026-02-13 10:46:58.717 DEBUG org.hibernate.SQL - select rshe1_0.status_history_id,rshe1_0.changed_at,rshe1_0.changed_by,rshe1_0.from_status,rshe1_0.reason_code,rshe1_0.reason_text,rshe1_0.reception_id,rshe1_0.to_status from reception_status_history rshe1_0 where rshe1_0.reception_id=? order by rshe1_0.changed_at
2026-02-13 10:46:58.717 DEBUG org.hibernate.SQL - select re1_0.reception_id,re1_0.arrived_at,re1_0.cancel_reason_code,re1_0.cancel_reason_text,re1_0.created_at,re1_0.created_by,re1_0.department_id,re1_0.department_name,re1_0.doctor_id,re1_0.doctor_name,re1_0.hold_reason_code,re1_0.hold_reason_text,re1_0.inactive_at,re1_0.inactive_reason_code,re1_0.inactive_reason_text,re1_0.is_active,re1_0.note,re1_0.patient_id,re1_0.patient_name,re1_0.reception_no,re1_0.reservation_id,re1_0.scheduled_at,re1_0.status,re1_0.updated_at,re1_0.updated_by,re1_0.visit_type from reception re1_0 where re1_0.reception_id=?
2026-02-13 10:46:58.718 TRACE org.hibernate.orm.jdbc.bind - binding parameter (1:BIGINT) <- [8]
2026-02-13 10:46:58.718 TRACE org.hibernate.orm.jdbc.bind - binding parameter (1:BIGINT) <- [8]
2026-02-13 10:46:58.726 WARN  k.c.s.c.h.GlobalExceptionHandler - No resource found
org.springframework.web.servlet.resource.NoResourceFoundException: No static resource api/receptions/8/audit-logs.
	at org.springframework.web.servlet.resource.ResourceHttpRequestHandler.handleRequest(ResourceHttpRequestHandler.java:585)
	at org.springframework.web.servlet.mvc.HttpRequestHandlerAdapter.handle(HttpRequestHandlerAdapter.java:52)
	at org.springframework.web.servlet.DispatcherServlet.doDispatch(DispatcherServlet.java:1089)
	at org.springframework.web.servlet.DispatcherServlet.doService(DispatcherServlet.java:979)
	at org.springframework.web.servlet.FrameworkServlet.processRequest(FrameworkServlet.java:1014)
	at org.springframework.web.servlet.FrameworkServlet.doGet(FrameworkServlet.java:903)
	at jakarta.servlet.http.HttpServlet.service(HttpServlet.java:564)
	at org.springframework.web.servlet.FrameworkServlet.service(FrameworkServlet.java:885)
	at jakarta.servlet.http.HttpServlet.service(HttpServlet.java:658)
	at org.apache.catalina.core.ApplicationFilterChain.internalDoFilter(ApplicationFilterChain.java:195)
	at org.apache.catalina.core.ApplicationFilterChain.doFilter(ApplicationFilterChain.java:140)
	at org.apache.tomcat.websocket.server.WsFilter.doFilter(WsFilter.java:51)
	at org.apache.catalina.core.ApplicationFilterChain.internalDoFilter(ApplicationFilterChain.java:164)
	at org.apache.catalina.core.ApplicationFilterChain.doFilter(ApplicationFilterChain.java:140)
	at org.springframework.web.filter.CorsFilter.doFilterInternal(CorsFilter.java:91)
	at org.springframework.web.filter.OncePerRequestFilter.doFilter(OncePerRequestFilter.java:116)
	at org.apache.catalina.core.ApplicationFilterChain.internalDoFilter(ApplicationFilterChain.java:164)
	at org.apache.catalina.core.ApplicationFilterChain.doFilter(ApplicationFilterChain.java:140)
	at org.springframework.web.filter.RequestContextFilter.doFilterInternal(RequestContextFilter.java:100)
	at org.springframework.web.filter.OncePerRequestFilter.doFilter(OncePerRequestFilter.java:116)
	at org.apache.catalina.core.ApplicationFilterChain.internalDoFilter(ApplicationFilterChain.java:164)
	at org.apache.catalina.core.ApplicationFilterChain.doFilter(ApplicationFilterChain.java:140)
	at org.springframework.web.filter.FormContentFilter.doFilterInternal(FormContentFilter.java:93)
	at org.springframework.web.filter.OncePerRequestFilter.doFilter(OncePerRequestFilter.java:116)
	at org.apache.catalina.core.ApplicationFilterChain.internalDoFilter(ApplicationFilterChain.java:164)
	at org.apache.catalina.core.ApplicationFilterChain.doFilter(ApplicationFilterChain.java:140)
	at org.springframework.web.filter.CharacterEncodingFilter.doFilterInternal(CharacterEncodingFilter.java:201)
	at org.springframework.web.filter.OncePerRequestFilter.doFilter(OncePerRequestFilter.java:116)
	at org.apache.catalina.core.ApplicationFilterChain.internalDoFilter(ApplicationFilterChain.java:164)
	at org.apache.catalina.core.ApplicationFilterChain.doFilter(ApplicationFilterChain.java:140)
	at org.apache.catalina.core.StandardWrapperValve.invoke(StandardWrapperValve.java:167)
	at org.apache.catalina.core.StandardContextValve.invoke(StandardContextValve.java:90)
	at org.apache.catalina.authenticator.AuthenticatorBase.invoke(AuthenticatorBase.java:483)
	at org.apache.catalina.core.StandardHostValve.invoke(StandardHostValve.java:115)
	at org.apache.catalina.valves.ErrorReportValve.invoke(ErrorReportValve.java:93)
	at org.apache.catalina.core.StandardEngineValve.invoke(StandardEngineValve.java:74)
	at org.apache.catalina.connector.CoyoteAdapter.service(CoyoteAdapter.java:344)
	at org.apache.coyote.http11.Http11Processor.service(Http11Processor.java:389)
	at org.apache.coyote.AbstractProcessorLight.process(AbstractProcessorLight.java:63)
	at org.apache.coyote.AbstractProtocol$ConnectionHandler.process(AbstractProtocol.java:904)
	at org.apache.tomcat.util.net.NioEndpoint$SocketProcessor.doRun(NioEndpoint.java:1741)
	at org.apache.tomcat.util.net.SocketProcessorBase.run(SocketProcessorBase.java:52)
	at org.apache.tomcat.util.threads.ThreadPoolExecutor.runWorker(ThreadPoolExecutor.java:1190)
	at org.apache.tomcat.util.threads.ThreadPoolExecutor$Worker.run(ThreadPoolExecutor.java:659)
	at org.apache.tomcat.util.threads.TaskThread$WrappingRunnable.run(TaskThread.java:63)
	at java.base/java.lang.Thread.run(Thread.java:842)
2026-02-13 10:46:58.732 INFO  k.co.seoulit.common.aop.LoggerAspect - kr.co.seoulit.reception.mapstruct.ReceptionResMapStructImpl.toDto()시작
2026-02-13 10:46:58.733 INFO  k.co.seoulit.common.aop.LoggerAspect - kr.co.seoulit.reception.mapstruct.ReceptionResMapStructImpl.toDto()종료
2026-02-13 10:46:58.733 INFO  k.co.seoulit.common.aop.LoggerAspect - ServiceImpl  : kr.co.seoulit.reception.service.ReceptionServiceImpl.getReception()종료
2026-02-13 10:46:58.735 INFO  k.co.seoulit.common.aop.LoggerAspect - ServiceImpl  : kr.co.seoulit.reception.service.ReceptionServiceImpl.getReceptionStatusHistory()종료
2026-02-13 10:46:58.742 INFO  k.co.seoulit.common.aop.LoggerAspect - Controller  : kr.co.seoulit.reception.controller.ReceptionController.getReception()종료
2026-02-13 10:46:58.743 INFO  k.co.seoulit.common.aop.LoggerAspect - Controller  : kr.co.seoulit.reception.controller.ReceptionController.getStatusHistory()종료
2026-02-13 10:46:58.751 INFO  k.co.seoulit.common.aop.LoggerAspect - Controller  : kr.co.seoulit.reception.controller.ReceptionController.getReception()시작
2026-02-13 10:46:58.751 INFO  k.c.s.r.c.ReceptionController - 접수 조회 요청: id=8
2026-02-13 10:46:58.752 INFO  k.co.seoulit.common.aop.LoggerAspect - ServiceImpl  : kr.co.seoulit.reception.service.ReceptionServiceImpl.getReception()시작
2026-02-13 10:46:58.752 INFO  k.co.seoulit.common.aop.LoggerAspect - Controller  : kr.co.seoulit.reception.controller.ReceptionController.getStatusHistory()시작
2026-02-13 10:46:58.753 INFO  k.co.seoulit.common.aop.LoggerAspect - ServiceImpl  : kr.co.seoulit.reception.service.ReceptionServiceImpl.getReceptionStatusHistory()시작
2026-02-13 10:46:58.755 DEBUG org.hibernate.SQL - select re1_0.reception_id,re1_0.arrived_at,re1_0.cancel_reason_code,re1_0.cancel_reason_text,re1_0.created_at,re1_0.created_by,re1_0.department_id,re1_0.department_name,re1_0.doctor_id,re1_0.doctor_name,re1_0.hold_reason_code,re1_0.hold_reason_text,re1_0.inactive_at,re1_0.inactive_reason_code,re1_0.inactive_reason_text,re1_0.is_active,re1_0.note,re1_0.patient_id,re1_0.patient_name,re1_0.reception_no,re1_0.reservation_id,re1_0.scheduled_at,re1_0.status,re1_0.updated_at,re1_0.updated_by,re1_0.visit_type from reception re1_0 where re1_0.reception_id=?
2026-02-13 10:46:58.757 TRACE org.hibernate.orm.jdbc.bind - binding parameter (1:BIGINT) <- [8]
2026-02-13 10:46:58.757 DEBUG org.hibernate.SQL - select rshe1_0.status_history_id,rshe1_0.changed_at,rshe1_0.changed_by,rshe1_0.from_status,rshe1_0.reason_code,rshe1_0.reason_text,rshe1_0.reception_id,rshe1_0.to_status from reception_status_history rshe1_0 where rshe1_0.reception_id=? order by rshe1_0.changed_at
2026-02-13 10:46:58.757 TRACE org.hibernate.orm.jdbc.bind - binding parameter (1:BIGINT) <- [8]
2026-02-13 10:46:58.768 INFO  k.co.seoulit.common.aop.LoggerAspect - kr.co.seoulit.reception.mapstruct.ReceptionResMapStructImpl.toDto()시작
2026-02-13 10:46:58.768 INFO  k.co.seoulit.common.aop.LoggerAspect - kr.co.seoulit.reception.mapstruct.ReceptionResMapStructImpl.toDto()종료
2026-02-13 10:46:58.768 INFO  k.co.seoulit.common.aop.LoggerAspect - ServiceImpl  : kr.co.seoulit.reception.service.ReceptionServiceImpl.getReception()종료
2026-02-13 10:46:58.770 INFO  k.co.seoulit.common.aop.LoggerAspect - ServiceImpl  : kr.co.seoulit.reception.service.ReceptionServiceImpl.getReceptionStatusHistory()종료
2026-02-13 10:46:58.781 INFO  k.co.seoulit.common.aop.LoggerAspect - Controller  : kr.co.seoulit.reception.controller.ReceptionController.getStatusHistory()종료
2026-02-13 10:46:58.781 INFO  k.co.seoulit.common.aop.LoggerAspect - Controller  : kr.co.seoulit.reception.controller.ReceptionController.getReception()종료
2026-02-13 10:49:43.746 INFO  k.co.seoulit.common.aop.LoggerAspect - Controller  : kr.co.seoulit.reception.controller.MenuController.getMenus()시작
2026-02-13 10:49:43.747 INFO  k.co.seoulit.common.aop.LoggerAspect - Controller  : kr.co.seoulit.reception.controller.MenuController.getMenus()종료
2026-02-13 10:49:43.747 INFO  k.co.seoulit.common.aop.LoggerAspect - Controller  : kr.co.seoulit.reception.controller.ReceptionController.getReceptions()시작
2026-02-13 10:49:43.747 INFO  k.c.s.r.c.ReceptionController - 접수 목록 요청: searchType=null, searchValue=null
2026-02-13 10:49:43.752 INFO  k.co.seoulit.common.aop.LoggerAspect - Controller  : kr.co.seoulit.reception.controller.MenuController.getMenus()시작
2026-02-13 10:49:43.752 INFO  k.co.seoulit.common.aop.LoggerAspect - Controller  : kr.co.seoulit.reception.controller.MenuController.getMenus()종료
2026-02-13 10:49:43.760 INFO  k.co.seoulit.common.aop.LoggerAspect - ServiceImpl  : kr.co.seoulit.reception.service.ReceptionServiceImpl.getReceptionList()시작
2026-02-13 10:49:43.783 INFO  k.co.seoulit.common.aop.LoggerAspect - ServiceImpl  : kr.co.seoulit.reception.service.ReceptionServiceImpl.getReceptionList()종료
2026-02-13 10:49:43.792 INFO  k.co.seoulit.common.aop.LoggerAspect - Controller  : kr.co.seoulit.reception.controller.ReceptionController.getReceptions()종료
2026-02-13 10:49:43.802 INFO  k.co.seoulit.common.aop.LoggerAspect - Controller  : kr.co.seoulit.reception.controller.ReceptionController.getReceptions()시작
2026-02-13 10:49:43.802 INFO  k.c.s.r.c.ReceptionController - 접수 목록 요청: searchType=null, searchValue=null
2026-02-13 10:49:43.816 INFO  k.co.seoulit.common.aop.LoggerAspect - ServiceImpl  : kr.co.seoulit.reception.service.ReceptionServiceImpl.getReceptionList()시작
2026-02-13 10:49:43.833 INFO  k.co.seoulit.common.aop.LoggerAspect - ServiceImpl  : kr.co.seoulit.reception.service.ReceptionServiceImpl.getReceptionList()종료
2026-02-13 10:49:43.842 INFO  k.co.seoulit.common.aop.LoggerAspect - Controller  : kr.co.seoulit.reception.controller.ReceptionController.getReceptions()종료
2026-02-13 10:49:44.701 INFO  k.co.seoulit.common.aop.LoggerAspect - Controller  : kr.co.seoulit.reception.controller.ReceptionController.getReception()시작
2026-02-13 10:49:44.701 INFO  k.c.s.r.c.ReceptionController - 접수 조회 요청: id=5
2026-02-13 10:49:44.714 INFO  k.co.seoulit.common.aop.LoggerAspect - ServiceImpl  : kr.co.seoulit.reception.service.ReceptionServiceImpl.getReception()시작
2026-02-13 10:49:44.715 DEBUG org.hibernate.SQL - select re1_0.reception_id,re1_0.arrived_at,re1_0.cancel_reason_code,re1_0.cancel_reason_text,re1_0.created_at,re1_0.created_by,re1_0.department_id,re1_0.department_name,re1_0.doctor_id,re1_0.doctor_name,re1_0.hold_reason_code,re1_0.hold_reason_text,re1_0.inactive_at,re1_0.inactive_reason_code,re1_0.inactive_reason_text,re1_0.is_active,re1_0.note,re1_0.patient_id,re1_0.patient_name,re1_0.reception_no,re1_0.reservation_id,re1_0.scheduled_at,re1_0.status,re1_0.updated_at,re1_0.updated_by,re1_0.visit_type from reception re1_0 where re1_0.reception_id=?
2026-02-13 10:49:44.715 TRACE org.hibernate.orm.jdbc.bind - binding parameter (1:BIGINT) <- [5]
2026-02-13 10:49:44.725 INFO  k.co.seoulit.common.aop.LoggerAspect - kr.co.seoulit.reception.mapstruct.ReceptionResMapStructImpl.toDto()시작
2026-02-13 10:49:44.725 INFO  k.co.seoulit.common.aop.LoggerAspect - kr.co.seoulit.reception.mapstruct.ReceptionResMapStructImpl.toDto()종료
2026-02-13 10:49:44.726 INFO  k.co.seoulit.common.aop.LoggerAspect - ServiceImpl  : kr.co.seoulit.reception.service.ReceptionServiceImpl.getReception()종료
2026-02-13 10:49:44.733 INFO  k.co.seoulit.common.aop.LoggerAspect - Controller  : kr.co.seoulit.reception.controller.ReceptionController.getReception()종료
2026-02-13 10:49:46.204 INFO  k.co.seoulit.common.aop.LoggerAspect - Controller  : kr.co.seoulit.reception.controller.MenuController.getMenus()시작
2026-02-13 10:49:46.204 INFO  k.co.seoulit.common.aop.LoggerAspect - Controller  : kr.co.seoulit.reception.controller.MenuController.getMenus()종료
2026-02-13 10:49:46.218 INFO  k.co.seoulit.common.aop.LoggerAspect - Controller  : kr.co.seoulit.reception.controller.ReceptionController.getStatusHistory()시작
2026-02-13 10:49:46.218 INFO  k.co.seoulit.common.aop.LoggerAspect - Controller  : kr.co.seoulit.reception.controller.MenuController.getMenus()시작
2026-02-13 10:49:46.218 INFO  k.co.seoulit.common.aop.LoggerAspect - Controller  : kr.co.seoulit.reception.controller.MenuController.getMenus()종료
2026-02-13 10:49:46.221 INFO  k.co.seoulit.common.aop.LoggerAspect - Controller  : kr.co.seoulit.reception.controller.ReceptionController.getReception()시작
2026-02-13 10:49:46.222 INFO  k.c.s.r.c.ReceptionController - 접수 조회 요청: id=5
2026-02-13 10:49:46.230 INFO  k.co.seoulit.common.aop.LoggerAspect - ServiceImpl  : kr.co.seoulit.reception.service.ReceptionServiceImpl.getReceptionStatusHistory()시작
2026-02-13 10:49:46.237 DEBUG org.hibernate.SQL - select rshe1_0.status_history_id,rshe1_0.changed_at,rshe1_0.changed_by,rshe1_0.from_status,rshe1_0.reason_code,rshe1_0.reason_text,rshe1_0.reception_id,rshe1_0.to_status from reception_status_history rshe1_0 where rshe1_0.reception_id=? order by rshe1_0.changed_at
2026-02-13 10:49:46.238 INFO  k.co.seoulit.common.aop.LoggerAspect - ServiceImpl  : kr.co.seoulit.reception.service.ReceptionServiceImpl.getReception()시작
2026-02-13 10:49:46.239 TRACE org.hibernate.orm.jdbc.bind - binding parameter (1:BIGINT) <- [5]
2026-02-13 10:49:46.246 DEBUG org.hibernate.SQL - select re1_0.reception_id,re1_0.arrived_at,re1_0.cancel_reason_code,re1_0.cancel_reason_text,re1_0.created_at,re1_0.created_by,re1_0.department_id,re1_0.department_name,re1_0.doctor_id,re1_0.doctor_name,re1_0.hold_reason_code,re1_0.hold_reason_text,re1_0.inactive_at,re1_0.inactive_reason_code,re1_0.inactive_reason_text,re1_0.is_active,re1_0.note,re1_0.patient_id,re1_0.patient_name,re1_0.reception_no,re1_0.reservation_id,re1_0.scheduled_at,re1_0.status,re1_0.updated_at,re1_0.updated_by,re1_0.visit_type from reception re1_0 where re1_0.reception_id=?
2026-02-13 10:49:46.247 TRACE org.hibernate.orm.jdbc.bind - binding parameter (1:BIGINT) <- [5]
2026-02-13 10:49:46.249 WARN  k.c.s.c.h.GlobalExceptionHandler - No resource found
org.springframework.web.servlet.resource.NoResourceFoundException: No static resource api/receptions/5/audit-logs.
	at org.springframework.web.servlet.resource.ResourceHttpRequestHandler.handleRequest(ResourceHttpRequestHandler.java:585)
	at org.springframework.web.servlet.mvc.HttpRequestHandlerAdapter.handle(HttpRequestHandlerAdapter.java:52)
	at org.springframework.web.servlet.DispatcherServlet.doDispatch(DispatcherServlet.java:1089)
	at org.springframework.web.servlet.DispatcherServlet.doService(DispatcherServlet.java:979)
	at org.springframework.web.servlet.FrameworkServlet.processRequest(FrameworkServlet.java:1014)
	at org.springframework.web.servlet.FrameworkServlet.doGet(FrameworkServlet.java:903)
	at jakarta.servlet.http.HttpServlet.service(HttpServlet.java:564)
	at org.springframework.web.servlet.FrameworkServlet.service(FrameworkServlet.java:885)
	at jakarta.servlet.http.HttpServlet.service(HttpServlet.java:658)
	at org.apache.catalina.core.ApplicationFilterChain.internalDoFilter(ApplicationFilterChain.java:195)
	at org.apache.catalina.core.ApplicationFilterChain.doFilter(ApplicationFilterChain.java:140)
	at org.apache.tomcat.websocket.server.WsFilter.doFilter(WsFilter.java:51)
	at org.apache.catalina.core.ApplicationFilterChain.internalDoFilter(ApplicationFilterChain.java:164)
	at org.apache.catalina.core.ApplicationFilterChain.doFilter(ApplicationFilterChain.java:140)
	at org.springframework.web.filter.CorsFilter.doFilterInternal(CorsFilter.java:91)
	at org.springframework.web.filter.OncePerRequestFilter.doFilter(OncePerRequestFilter.java:116)
	at org.apache.catalina.core.ApplicationFilterChain.internalDoFilter(ApplicationFilterChain.java:164)
	at org.apache.catalina.core.ApplicationFilterChain.doFilter(ApplicationFilterChain.java:140)
	at org.springframework.web.filter.RequestContextFilter.doFilterInternal(RequestContextFilter.java:100)
	at org.springframework.web.filter.OncePerRequestFilter.doFilter(OncePerRequestFilter.java:116)
	at org.apache.catalina.core.ApplicationFilterChain.internalDoFilter(ApplicationFilterChain.java:164)
	at org.apache.catalina.core.ApplicationFilterChain.doFilter(ApplicationFilterChain.java:140)
	at org.springframework.web.filter.FormContentFilter.doFilterInternal(FormContentFilter.java:93)
	at org.springframework.web.filter.OncePerRequestFilter.doFilter(OncePerRequestFilter.java:116)
	at org.apache.catalina.core.ApplicationFilterChain.internalDoFilter(ApplicationFilterChain.java:164)
	at org.apache.catalina.core.ApplicationFilterChain.doFilter(ApplicationFilterChain.java:140)
	at org.springframework.web.filter.CharacterEncodingFilter.doFilterInternal(CharacterEncodingFilter.java:201)
	at org.springframework.web.filter.OncePerRequestFilter.doFilter(OncePerRequestFilter.java:116)
	at org.apache.catalina.core.ApplicationFilterChain.internalDoFilter(ApplicationFilterChain.java:164)
	at org.apache.catalina.core.ApplicationFilterChain.doFilter(ApplicationFilterChain.java:140)
	at org.apache.catalina.core.StandardWrapperValve.invoke(StandardWrapperValve.java:167)
	at org.apache.catalina.core.StandardContextValve.invoke(StandardContextValve.java:90)
	at org.apache.catalina.authenticator.AuthenticatorBase.invoke(AuthenticatorBase.java:483)
	at org.apache.catalina.core.StandardHostValve.invoke(StandardHostValve.java:115)
	at org.apache.catalina.valves.ErrorReportValve.invoke(ErrorReportValve.java:93)
	at org.apache.catalina.core.StandardEngineValve.invoke(StandardEngineValve.java:74)
	at org.apache.catalina.connector.CoyoteAdapter.service(CoyoteAdapter.java:344)
	at org.apache.coyote.http11.Http11Processor.service(Http11Processor.java:389)
	at org.apache.coyote.AbstractProcessorLight.process(AbstractProcessorLight.java:63)
	at org.apache.coyote.AbstractProtocol$ConnectionHandler.process(AbstractProtocol.java:904)
	at org.apache.tomcat.util.net.NioEndpoint$SocketProcessor.doRun(NioEndpoint.java:1741)
	at org.apache.tomcat.util.net.SocketProcessorBase.run(SocketProcessorBase.java:52)
	at org.apache.tomcat.util.threads.ThreadPoolExecutor.runWorker(ThreadPoolExecutor.java:1190)
	at org.apache.tomcat.util.threads.ThreadPoolExecutor$Worker.run(ThreadPoolExecutor.java:659)
	at org.apache.tomcat.util.threads.TaskThread$WrappingRunnable.run(TaskThread.java:63)
	at java.base/java.lang.Thread.run(Thread.java:842)
2026-02-13 10:49:46.253 INFO  k.co.seoulit.common.aop.LoggerAspect - ServiceImpl  : kr.co.seoulit.reception.service.ReceptionServiceImpl.getReceptionStatusHistory()종료
2026-02-13 10:49:46.259 WARN  k.c.s.c.h.GlobalExceptionHandler - No resource found
org.springframework.web.servlet.resource.NoResourceFoundException: No static resource api/receptions/5/audit-logs.
	at org.springframework.web.servlet.resource.ResourceHttpRequestHandler.handleRequest(ResourceHttpRequestHandler.java:585)
	at org.springframework.web.servlet.mvc.HttpRequestHandlerAdapter.handle(HttpRequestHandlerAdapter.java:52)
	at org.springframework.web.servlet.DispatcherServlet.doDispatch(DispatcherServlet.java:1089)
	at org.springframework.web.servlet.DispatcherServlet.doService(DispatcherServlet.java:979)
	at org.springframework.web.servlet.FrameworkServlet.processRequest(FrameworkServlet.java:1014)
	at org.springframework.web.servlet.FrameworkServlet.doGet(FrameworkServlet.java:903)
	at jakarta.servlet.http.HttpServlet.service(HttpServlet.java:564)
	at org.springframework.web.servlet.FrameworkServlet.service(FrameworkServlet.java:885)
	at jakarta.servlet.http.HttpServlet.service(HttpServlet.java:658)
	at org.apache.catalina.core.ApplicationFilterChain.internalDoFilter(ApplicationFilterChain.java:195)
	at org.apache.catalina.core.ApplicationFilterChain.doFilter(ApplicationFilterChain.java:140)
	at org.apache.tomcat.websocket.server.WsFilter.doFilter(WsFilter.java:51)
	at org.apache.catalina.core.ApplicationFilterChain.internalDoFilter(ApplicationFilterChain.java:164)
	at org.apache.catalina.core.ApplicationFilterChain.doFilter(ApplicationFilterChain.java:140)
	at org.springframework.web.filter.CorsFilter.doFilterInternal(CorsFilter.java:91)
	at org.springframework.web.filter.OncePerRequestFilter.doFilter(OncePerRequestFilter.java:116)
	at org.apache.catalina.core.ApplicationFilterChain.internalDoFilter(ApplicationFilterChain.java:164)
	at org.apache.catalina.core.ApplicationFilterChain.doFilter(ApplicationFilterChain.java:140)
	at org.springframework.web.filter.RequestContextFilter.doFilterInternal(RequestContextFilter.java:100)
	at org.springframework.web.filter.OncePerRequestFilter.doFilter(OncePerRequestFilter.java:116)
	at org.apache.catalina.core.ApplicationFilterChain.internalDoFilter(ApplicationFilterChain.java:164)
	at org.apache.catalina.core.ApplicationFilterChain.doFilter(ApplicationFilterChain.java:140)
	at org.springframework.web.filter.FormContentFilter.doFilterInternal(FormContentFilter.java:93)
	at org.springframework.web.filter.OncePerRequestFilter.doFilter(OncePerRequestFilter.java:116)
	at org.apache.catalina.core.ApplicationFilterChain.internalDoFilter(ApplicationFilterChain.java:164)
	at org.apache.catalina.core.ApplicationFilterChain.doFilter(ApplicationFilterChain.java:140)
	at org.springframework.web.filter.CharacterEncodingFilter.doFilterInternal(CharacterEncodingFilter.java:201)
	at org.springframework.web.filter.OncePerRequestFilter.doFilter(OncePerRequestFilter.java:116)
	at org.apache.catalina.core.ApplicationFilterChain.internalDoFilter(ApplicationFilterChain.java:164)
	at org.apache.catalina.core.ApplicationFilterChain.doFilter(ApplicationFilterChain.java:140)
	at org.apache.catalina.core.StandardWrapperValve.invoke(StandardWrapperValve.java:167)
	at org.apache.catalina.core.StandardContextValve.invoke(StandardContextValve.java:90)
	at org.apache.catalina.authenticator.AuthenticatorBase.invoke(AuthenticatorBase.java:483)
	at org.apache.catalina.core.StandardHostValve.invoke(StandardHostValve.java:115)
	at org.apache.catalina.valves.ErrorReportValve.invoke(ErrorReportValve.java:93)
	at org.apache.catalina.core.StandardEngineValve.invoke(StandardEngineValve.java:74)
	at org.apache.catalina.connector.CoyoteAdapter.service(CoyoteAdapter.java:344)
	at org.apache.coyote.http11.Http11Processor.service(Http11Processor.java:389)
	at org.apache.coyote.AbstractProcessorLight.process(AbstractProcessorLight.java:63)
	at org.apache.coyote.AbstractProtocol$ConnectionHandler.process(AbstractProtocol.java:904)
	at org.apache.tomcat.util.net.NioEndpoint$SocketProcessor.doRun(NioEndpoint.java:1741)
	at org.apache.tomcat.util.net.SocketProcessorBase.run(SocketProcessorBase.java:52)
	at org.apache.tomcat.util.threads.ThreadPoolExecutor.runWorker(ThreadPoolExecutor.java:1190)
	at org.apache.tomcat.util.threads.ThreadPoolExecutor$Worker.run(ThreadPoolExecutor.java:659)
	at org.apache.tomcat.util.threads.TaskThread$WrappingRunnable.run(TaskThread.java:63)
	at java.base/java.lang.Thread.run(Thread.java:842)
2026-02-13 10:49:46.268 INFO  k.co.seoulit.common.aop.LoggerAspect - kr.co.seoulit.reception.mapstruct.ReceptionResMapStructImpl.toDto()시작
2026-02-13 10:49:46.269 INFO  k.co.seoulit.common.aop.LoggerAspect - Controller  : kr.co.seoulit.reception.controller.ReceptionController.getStatusHistory()종료
2026-02-13 10:49:46.270 INFO  k.co.seoulit.common.aop.LoggerAspect - kr.co.seoulit.reception.mapstruct.ReceptionResMapStructImpl.toDto()종료
2026-02-13 10:49:46.270 INFO  k.co.seoulit.common.aop.LoggerAspect - ServiceImpl  : kr.co.seoulit.reception.service.ReceptionServiceImpl.getReception()종료
2026-02-13 10:49:46.275 INFO  k.co.seoulit.common.aop.LoggerAspect - Controller  : kr.co.seoulit.reception.controller.ReceptionController.getStatusHistory()시작
2026-02-13 10:49:46.280 INFO  k.co.seoulit.common.aop.LoggerAspect - ServiceImpl  : kr.co.seoulit.reception.service.ReceptionServiceImpl.getReceptionStatusHistory()시작
2026-02-13 10:49:46.283 INFO  k.co.seoulit.common.aop.LoggerAspect - Controller  : kr.co.seoulit.reception.controller.ReceptionController.getReception()종료
2026-02-13 10:49:46.289 INFO  k.co.seoulit.common.aop.LoggerAspect - Controller  : kr.co.seoulit.reception.controller.ReceptionController.getReception()시작
2026-02-13 10:49:46.289 INFO  k.c.s.r.c.ReceptionController - 접수 조회 요청: id=5
2026-02-13 10:49:46.289 INFO  k.co.seoulit.common.aop.LoggerAspect - ServiceImpl  : kr.co.seoulit.reception.service.ReceptionServiceImpl.getReception()시작
2026-02-13 10:49:46.289 DEBUG org.hibernate.SQL - select rshe1_0.status_history_id,rshe1_0.changed_at,rshe1_0.changed_by,rshe1_0.from_status,rshe1_0.reason_code,rshe1_0.reason_text,rshe1_0.reception_id,rshe1_0.to_status from reception_status_history rshe1_0 where rshe1_0.reception_id=? order by rshe1_0.changed_at
2026-02-13 10:49:46.290 TRACE org.hibernate.orm.jdbc.bind - binding parameter (1:BIGINT) <- [5]
2026-02-13 10:49:46.297 DEBUG org.hibernate.SQL - select re1_0.reception_id,re1_0.arrived_at,re1_0.cancel_reason_code,re1_0.cancel_reason_text,re1_0.created_at,re1_0.created_by,re1_0.department_id,re1_0.department_name,re1_0.doctor_id,re1_0.doctor_name,re1_0.hold_reason_code,re1_0.hold_reason_text,re1_0.inactive_at,re1_0.inactive_reason_code,re1_0.inactive_reason_text,re1_0.is_active,re1_0.note,re1_0.patient_id,re1_0.patient_name,re1_0.reception_no,re1_0.reservation_id,re1_0.scheduled_at,re1_0.status,re1_0.updated_at,re1_0.updated_by,re1_0.visit_type from reception re1_0 where re1_0.reception_id=?
2026-02-13 10:49:46.299 TRACE org.hibernate.orm.jdbc.bind - binding parameter (1:BIGINT) <- [5]
2026-02-13 10:49:46.304 INFO  k.co.seoulit.common.aop.LoggerAspect - ServiceImpl  : kr.co.seoulit.reception.service.ReceptionServiceImpl.getReceptionStatusHistory()종료
2026-02-13 10:49:46.329 INFO  k.co.seoulit.common.aop.LoggerAspect - Controller  : kr.co.seoulit.reception.controller.ReceptionController.getStatusHistory()종료
2026-02-13 10:49:46.332 INFO  k.co.seoulit.common.aop.LoggerAspect - kr.co.seoulit.reception.mapstruct.ReceptionResMapStructImpl.toDto()시작
2026-02-13 10:49:46.332 INFO  k.co.seoulit.common.aop.LoggerAspect - kr.co.seoulit.reception.mapstruct.ReceptionResMapStructImpl.toDto()종료
2026-02-13 10:49:46.333 INFO  k.co.seoulit.common.aop.LoggerAspect - ServiceImpl  : kr.co.seoulit.reception.service.ReceptionServiceImpl.getReception()종료
2026-02-13 10:49:46.341 INFO  k.co.seoulit.common.aop.LoggerAspect - Controller  : kr.co.seoulit.reception.controller.ReceptionController.getReception()종료
2026-02-13 10:50:30.334 INFO  k.co.seoulit.common.aop.LoggerAspect - Controller  : kr.co.seoulit.reception.controller.MenuController.getMenus()시작
2026-02-13 10:50:30.335 INFO  k.co.seoulit.common.aop.LoggerAspect - Controller  : kr.co.seoulit.reception.controller.ReceptionController.getReceptions()시작
2026-02-13 10:50:30.335 INFO  k.c.s.r.c.ReceptionController - 접수 목록 요청: searchType=null, searchValue=null
2026-02-13 10:50:30.335 INFO  k.co.seoulit.common.aop.LoggerAspect - Controller  : kr.co.seoulit.reception.controller.MenuController.getMenus()종료
2026-02-13 10:50:30.340 INFO  k.co.seoulit.common.aop.LoggerAspect - Controller  : kr.co.seoulit.reception.controller.MenuController.getMenus()시작
2026-02-13 10:50:30.340 INFO  k.co.seoulit.common.aop.LoggerAspect - Controller  : kr.co.seoulit.reception.controller.MenuController.getMenus()종료
2026-02-13 10:50:30.347 INFO  k.co.seoulit.common.aop.LoggerAspect - ServiceImpl  : kr.co.seoulit.reception.service.ReceptionServiceImpl.getReceptionList()시작
2026-02-13 10:50:30.370 INFO  k.co.seoulit.common.aop.LoggerAspect - ServiceImpl  : kr.co.seoulit.reception.service.ReceptionServiceImpl.getReceptionList()종료
2026-02-13 10:50:30.383 INFO  k.co.seoulit.common.aop.LoggerAspect - Controller  : kr.co.seoulit.reception.controller.ReceptionController.getReceptions()종료
2026-02-13 10:50:30.400 INFO  k.co.seoulit.common.aop.LoggerAspect - Controller  : kr.co.seoulit.reception.controller.ReceptionController.getReceptions()시작
2026-02-13 10:50:30.400 INFO  k.c.s.r.c.ReceptionController - 접수 목록 요청: searchType=null, searchValue=null
2026-02-13 10:50:30.400 INFO  k.co.seoulit.common.aop.LoggerAspect - ServiceImpl  : kr.co.seoulit.reception.service.ReceptionServiceImpl.getReceptionList()시작
2026-02-13 10:50:30.416 INFO  k.co.seoulit.common.aop.LoggerAspect - ServiceImpl  : kr.co.seoulit.reception.service.ReceptionServiceImpl.getReceptionList()종료
2026-02-13 10:50:30.424 INFO  k.co.seoulit.common.aop.LoggerAspect - Controller  : kr.co.seoulit.reception.controller.ReceptionController.getReceptions()종료
2026-02-13 10:50:49.005 INFO  k.co.seoulit.common.aop.LoggerAspect - Controller  : kr.co.seoulit.reception.controller.ReceptionController.getReceptions()시작
2026-02-13 10:50:49.005 INFO  k.c.s.r.c.ReceptionController - 접수 목록 요청: searchType=patientName, searchValue=마마마
2026-02-13 10:50:49.027 INFO  k.co.seoulit.common.aop.LoggerAspect - ServiceImpl  : kr.co.seoulit.reception.service.ReceptionServiceImpl.getReceptionList()시작
2026-02-13 10:50:49.050 INFO  k.co.seoulit.common.aop.LoggerAspect - ServiceImpl  : kr.co.seoulit.reception.service.ReceptionServiceImpl.getReceptionList()종료
2026-02-13 10:50:49.059 INFO  k.co.seoulit.common.aop.LoggerAspect - Controller  : kr.co.seoulit.reception.controller.ReceptionController.getReceptions()종료
2026-02-13 10:50:54.147 INFO  k.co.seoulit.common.aop.LoggerAspect - Controller  : kr.co.seoulit.reception.controller.ReceptionController.getReceptions()시작
2026-02-13 10:50:54.148 INFO  k.c.s.r.c.ReceptionController - 접수 목록 요청: searchType=null, searchValue=null
2026-02-13 10:50:54.156 INFO  k.co.seoulit.common.aop.LoggerAspect - ServiceImpl  : kr.co.seoulit.reception.service.ReceptionServiceImpl.getReceptionList()시작
2026-02-13 10:50:54.167 INFO  k.co.seoulit.common.aop.LoggerAspect - ServiceImpl  : kr.co.seoulit.reception.service.ReceptionServiceImpl.getReceptionList()종료
2026-02-13 10:50:54.176 INFO  k.co.seoulit.common.aop.LoggerAspect - Controller  : kr.co.seoulit.reception.controller.ReceptionController.getReceptions()종료
2026-02-13 10:51:45.688 WARN  k.c.s.c.h.GlobalExceptionHandler - No resource found
org.springframework.web.servlet.resource.NoResourceFoundException: No static resource api/receptions/swagger-ui/index.html.
	at org.springframework.web.servlet.resource.ResourceHttpRequestHandler.handleRequest(ResourceHttpRequestHandler.java:585)
	at org.springframework.web.servlet.mvc.HttpRequestHandlerAdapter.handle(HttpRequestHandlerAdapter.java:52)
	at org.springframework.web.servlet.DispatcherServlet.doDispatch(DispatcherServlet.java:1089)
	at org.springframework.web.servlet.DispatcherServlet.doService(DispatcherServlet.java:979)
	at org.springframework.web.servlet.FrameworkServlet.processRequest(FrameworkServlet.java:1014)
	at org.springframework.web.servlet.FrameworkServlet.doGet(FrameworkServlet.java:903)
	at jakarta.servlet.http.HttpServlet.service(HttpServlet.java:564)
	at org.springframework.web.servlet.FrameworkServlet.service(FrameworkServlet.java:885)
	at jakarta.servlet.http.HttpServlet.service(HttpServlet.java:658)
	at org.apache.catalina.core.ApplicationFilterChain.internalDoFilter(ApplicationFilterChain.java:195)
	at org.apache.catalina.core.ApplicationFilterChain.doFilter(ApplicationFilterChain.java:140)
	at org.apache.tomcat.websocket.server.WsFilter.doFilter(WsFilter.java:51)
	at org.apache.catalina.core.ApplicationFilterChain.internalDoFilter(ApplicationFilterChain.java:164)
	at org.apache.catalina.core.ApplicationFilterChain.doFilter(ApplicationFilterChain.java:140)
	at org.springframework.web.filter.CorsFilter.doFilterInternal(CorsFilter.java:91)
	at org.springframework.web.filter.OncePerRequestFilter.doFilter(OncePerRequestFilter.java:116)
	at org.apache.catalina.core.ApplicationFilterChain.internalDoFilter(ApplicationFilterChain.java:164)
	at org.apache.catalina.core.ApplicationFilterChain.doFilter(ApplicationFilterChain.java:140)
	at org.springframework.web.filter.RequestContextFilter.doFilterInternal(RequestContextFilter.java:100)
	at org.springframework.web.filter.OncePerRequestFilter.doFilter(OncePerRequestFilter.java:116)
	at org.apache.catalina.core.ApplicationFilterChain.internalDoFilter(ApplicationFilterChain.java:164)
	at org.apache.catalina.core.ApplicationFilterChain.doFilter(ApplicationFilterChain.java:140)
	at org.springframework.web.filter.FormContentFilter.doFilterInternal(FormContentFilter.java:93)
	at org.springframework.web.filter.OncePerRequestFilter.doFilter(OncePerRequestFilter.java:116)
	at org.apache.catalina.core.ApplicationFilterChain.internalDoFilter(ApplicationFilterChain.java:164)
	at org.apache.catalina.core.ApplicationFilterChain.doFilter(ApplicationFilterChain.java:140)
	at org.springframework.web.filter.CharacterEncodingFilter.doFilterInternal(CharacterEncodingFilter.java:201)
	at org.springframework.web.filter.OncePerRequestFilter.doFilter(OncePerRequestFilter.java:116)
	at org.apache.catalina.core.ApplicationFilterChain.internalDoFilter(ApplicationFilterChain.java:164)
	at org.apache.catalina.core.ApplicationFilterChain.doFilter(ApplicationFilterChain.java:140)
	at org.apache.catalina.core.StandardWrapperValve.invoke(StandardWrapperValve.java:167)
	at org.apache.catalina.core.StandardContextValve.invoke(StandardContextValve.java:90)
	at org.apache.catalina.authenticator.AuthenticatorBase.invoke(AuthenticatorBase.java:483)
	at org.apache.catalina.core.StandardHostValve.invoke(StandardHostValve.java:115)
	at org.apache.catalina.valves.ErrorReportValve.invoke(ErrorReportValve.java:93)
	at org.apache.catalina.core.StandardEngineValve.invoke(StandardEngineValve.java:74)
	at org.apache.catalina.connector.CoyoteAdapter.service(CoyoteAdapter.java:344)
	at org.apache.coyote.http11.Http11Processor.service(Http11Processor.java:389)
	at org.apache.coyote.AbstractProcessorLight.process(AbstractProcessorLight.java:63)
	at org.apache.coyote.AbstractProtocol$ConnectionHandler.process(AbstractProtocol.java:904)
	at org.apache.tomcat.util.net.NioEndpoint$SocketProcessor.doRun(NioEndpoint.java:1741)
	at org.apache.tomcat.util.net.SocketProcessorBase.run(SocketProcessorBase.java:52)
	at org.apache.tomcat.util.threads.ThreadPoolExecutor.runWorker(ThreadPoolExecutor.java:1190)
	at org.apache.tomcat.util.threads.ThreadPoolExecutor$Worker.run(ThreadPoolExecutor.java:659)
	at org.apache.tomcat.util.threads.TaskThread$WrappingRunnable.run(TaskThread.java:63)
	at java.base/java.lang.Thread.run(Thread.java:842)
2026-02-13 10:51:57.738 INFO  o.s.api.AbstractOpenApiResource - Init duration for springdoc-openapi is: 2105 ms
2026-02-13 11:00:34.739 INFO  k.co.seoulit.common.aop.LoggerAspect - Controller  : kr.co.seoulit.reception.controller.ReceptionController.updateReceptionStatus()시작
2026-02-13 11:00:34.739 INFO  k.c.s.r.c.ReceptionController - 접수 상태 변경 요청: id=999999999, status=COMPLETED
2026-02-13 11:00:34.817 INFO  k.co.seoulit.common.aop.LoggerAspect - ServiceImpl  : kr.co.seoulit.reception.service.ReceptionServiceImpl.updateReceptionStatus()시작
2026-02-13 11:00:34.818 DEBUG org.hibernate.SQL - select re1_0.reception_id,re1_0.arrived_at,re1_0.cancel_reason_code,re1_0.cancel_reason_text,re1_0.created_at,re1_0.created_by,re1_0.department_id,re1_0.department_name,re1_0.doctor_id,re1_0.doctor_name,re1_0.hold_reason_code,re1_0.hold_reason_text,re1_0.inactive_at,re1_0.inactive_reason_code,re1_0.inactive_reason_text,re1_0.is_active,re1_0.note,re1_0.patient_id,re1_0.patient_name,re1_0.reception_no,re1_0.reservation_id,re1_0.scheduled_at,re1_0.status,re1_0.updated_at,re1_0.updated_by,re1_0.visit_type from reception re1_0 where re1_0.reception_id=?
2026-02-13 11:00:34.818 TRACE org.hibernate.orm.jdbc.bind - binding parameter (1:BIGINT) <- [999999999]
2026-02-13 11:00:34.870 WARN  k.c.s.c.h.GlobalExceptionHandler - Reception not found
kr.co.seoulit.reception.exception.ReceptionNotFoundException: 접수 ID 999999999에 해당하는 접수 정보가 없습니다.
	at kr.co.seoulit.reception.service.ReceptionServiceImpl.lambda$updateReceptionStatus$2(ReceptionServiceImpl.java:245)
	at java.base/java.util.Optional.orElseThrow(Optional.java:403)
	at kr.co.seoulit.reception.service.ReceptionServiceImpl.updateReceptionStatus(ReceptionServiceImpl.java:245)
	at java.base/jdk.internal.reflect.NativeMethodAccessorImpl.invoke0(Native Method)
	at java.base/jdk.internal.reflect.NativeMethodAccessorImpl.invoke(NativeMethodAccessorImpl.java:77)
	at java.base/jdk.internal.reflect.DelegatingMethodAccessorImpl.invoke(DelegatingMethodAccessorImpl.java:43)
	at java.base/java.lang.reflect.Method.invoke(Method.java:568)
	at org.springframework.aop.support.AopUtils.invokeJoinpointUsingReflection(AopUtils.java:354)
	at org.springframework.aop.framework.ReflectiveMethodInvocation.invokeJoinpoint(ReflectiveMethodInvocation.java:196)
	at org.springframework.aop.framework.ReflectiveMethodInvocation.proceed(ReflectiveMethodInvocation.java:163)
	at org.springframework.aop.framework.CglibAopProxy$CglibMethodInvocation.proceed(CglibAopProxy.java:768)
	at org.springframework.aop.aspectj.MethodInvocationProceedingJoinPoint.proceed(MethodInvocationProceedingJoinPoint.java:89)
	at kr.co.seoulit.common.aop.LoggerAspect.logPrint(LoggerAspect.java:31)
	at jdk.internal.reflect.GeneratedMethodAccessor48.invoke(Unknown Source)
	at java.base/jdk.internal.reflect.DelegatingMethodAccessorImpl.invoke(DelegatingMethodAccessorImpl.java:43)
	at java.base/java.lang.reflect.Method.invoke(Method.java:568)
	at org.springframework.aop.aspectj.AbstractAspectJAdvice.invokeAdviceMethodWithGivenArgs(AbstractAspectJAdvice.java:637)
	at org.springframework.aop.aspectj.AbstractAspectJAdvice.invokeAdviceMethod(AbstractAspectJAdvice.java:627)
	at org.springframework.aop.aspectj.AspectJAroundAdvice.invoke(AspectJAroundAdvice.java:71)
	at org.springframework.aop.framework.ReflectiveMethodInvocation.proceed(ReflectiveMethodInvocation.java:184)
	at org.springframework.aop.framework.CglibAopProxy$CglibMethodInvocation.proceed(CglibAopProxy.java:768)
	at org.springframework.transaction.interceptor.TransactionAspectSupport.invokeWithinTransaction(TransactionAspectSupport.java:379)
	at org.springframework.transaction.interceptor.TransactionInterceptor.invoke(TransactionInterceptor.java:119)
	at org.springframework.aop.framework.ReflectiveMethodInvocation.proceed(ReflectiveMethodInvocation.java:184)
	at org.springframework.aop.framework.CglibAopProxy$CglibMethodInvocation.proceed(CglibAopProxy.java:768)
	at org.springframework.cache.interceptor.CacheInterceptor.lambda$invoke$0(CacheInterceptor.java:64)
	at org.springframework.cache.interceptor.CacheAspectSupport.invokeOperation(CacheAspectSupport.java:416)
	at org.springframework.cache.interceptor.CacheAspectSupport.evaluate(CacheAspectSupport.java:548)
	at org.springframework.cache.interceptor.CacheAspectSupport.execute(CacheAspectSupport.java:433)
	at org.springframework.cache.interceptor.CacheAspectSupport.execute(CacheAspectSupport.java:395)
	at org.springframework.cache.interceptor.CacheInterceptor.invoke(CacheInterceptor.java:74)
	at org.springframework.aop.framework.ReflectiveMethodInvocation.proceed(ReflectiveMethodInvocation.java:184)
	at org.springframework.aop.framework.CglibAopProxy$CglibMethodInvocation.proceed(CglibAopProxy.java:768)
	at org.springframework.aop.interceptor.ExposeInvocationInterceptor.invoke(ExposeInvocationInterceptor.java:97)
	at org.springframework.aop.framework.ReflectiveMethodInvocation.proceed(ReflectiveMethodInvocation.java:184)
	at org.springframework.aop.framework.CglibAopProxy$CglibMethodInvocation.proceed(CglibAopProxy.java:768)
	at org.springframework.aop.framework.CglibAopProxy$DynamicAdvisedInterceptor.intercept(CglibAopProxy.java:720)
	at kr.co.seoulit.reception.service.ReceptionServiceImpl$$SpringCGLIB$$0.updateReceptionStatus(<generated>)
	at kr.co.seoulit.reception.controller.ReceptionController.updateReceptionStatus(ReceptionController.java:250)
	at java.base/jdk.internal.reflect.NativeMethodAccessorImpl.invoke0(Native Method)
	at java.base/jdk.internal.reflect.NativeMethodAccessorImpl.invoke(NativeMethodAccessorImpl.java:77)
	at java.base/jdk.internal.reflect.DelegatingMethodAccessorImpl.invoke(DelegatingMethodAccessorImpl.java:43)
	at java.base/java.lang.reflect.Method.invoke(Method.java:568)
	at org.springframework.aop.support.AopUtils.invokeJoinpointUsingReflection(AopUtils.java:354)
	at org.springframework.aop.framework.ReflectiveMethodInvocation.invokeJoinpoint(ReflectiveMethodInvocation.java:196)
	at org.springframework.aop.framework.ReflectiveMethodInvocation.proceed(ReflectiveMethodInvocation.java:163)
	at org.springframework.aop.framework.CglibAopProxy$CglibMethodInvocation.proceed(CglibAopProxy.java:768)
	at org.springframework.aop.aspectj.MethodInvocationProceedingJoinPoint.proceed(MethodInvocationProceedingJoinPoint.java:89)
	at kr.co.seoulit.common.aop.LoggerAspect.logPrint(LoggerAspect.java:31)
	at jdk.internal.reflect.GeneratedMethodAccessor48.invoke(Unknown Source)
	at java.base/jdk.internal.reflect.DelegatingMethodAccessorImpl.invoke(DelegatingMethodAccessorImpl.java:43)
	at java.base/java.lang.reflect.Method.invoke(Method.java:568)
	at org.springframework.aop.aspectj.AbstractAspectJAdvice.invokeAdviceMethodWithGivenArgs(AbstractAspectJAdvice.java:637)
	at org.springframework.aop.aspectj.AbstractAspectJAdvice.invokeAdviceMethod(AbstractAspectJAdvice.java:627)
	at org.springframework.aop.aspectj.AspectJAroundAdvice.invoke(AspectJAroundAdvice.java:71)
	at org.springframework.aop.framework.ReflectiveMethodInvocation.proceed(ReflectiveMethodInvocation.java:184)
	at org.springframework.aop.framework.CglibAopProxy$CglibMethodInvocation.proceed(CglibAopProxy.java:768)
	at org.springframework.aop.interceptor.ExposeInvocationInterceptor.invoke(ExposeInvocationInterceptor.java:97)
	at org.springframework.aop.framework.ReflectiveMethodInvocation.proceed(ReflectiveMethodInvocation.java:184)
	at org.springframework.aop.framework.CglibAopProxy$CglibMethodInvocation.proceed(CglibAopProxy.java:768)
	at org.springframework.aop.framework.CglibAopProxy$DynamicAdvisedInterceptor.intercept(CglibAopProxy.java:720)
	at kr.co.seoulit.reception.controller.ReceptionController$$SpringCGLIB$$0.updateReceptionStatus(<generated>)
	at java.base/jdk.internal.reflect.NativeMethodAccessorImpl.invoke0(Native Method)
	at java.base/jdk.internal.reflect.NativeMethodAccessorImpl.invoke(NativeMethodAccessorImpl.java:77)
	at java.base/jdk.internal.reflect.DelegatingMethodAccessorImpl.invoke(DelegatingMethodAccessorImpl.java:43)
	at java.base/java.lang.reflect.Method.invoke(Method.java:568)
	at org.springframework.web.method.support.InvocableHandlerMethod.doInvoke(InvocableHandlerMethod.java:255)
	at org.springframework.web.method.support.InvocableHandlerMethod.invokeForRequest(InvocableHandlerMethod.java:188)
	at org.springframework.web.servlet.mvc.method.annotation.ServletInvocableHandlerMethod.invokeAndHandle(ServletInvocableHandlerMethod.java:118)
	at org.springframework.web.servlet.mvc.method.annotation.RequestMappingHandlerAdapter.invokeHandlerMethod(RequestMappingHandlerAdapter.java:926)
	at org.springframework.web.servlet.mvc.method.annotation.RequestMappingHandlerAdapter.handleInternal(RequestMappingHandlerAdapter.java:831)
	at org.springframework.web.servlet.mvc.method.AbstractHandlerMethodAdapter.handle(AbstractHandlerMethodAdapter.java:87)
	at org.springframework.web.servlet.DispatcherServlet.doDispatch(DispatcherServlet.java:1089)
	at org.springframework.web.servlet.DispatcherServlet.doService(DispatcherServlet.java:979)
	at org.springframework.web.servlet.FrameworkServlet.processRequest(FrameworkServlet.java:1014)
	at org.springframework.web.servlet.FrameworkServlet.service(FrameworkServlet.java:888)
	at jakarta.servlet.http.HttpServlet.service(HttpServlet.java:658)
	at org.apache.catalina.core.ApplicationFilterChain.internalDoFilter(ApplicationFilterChain.java:195)
	at org.apache.catalina.core.ApplicationFilterChain.doFilter(ApplicationFilterChain.java:140)
	at org.apache.tomcat.websocket.server.WsFilter.doFilter(WsFilter.java:51)
	at org.apache.catalina.core.ApplicationFilterChain.internalDoFilter(ApplicationFilterChain.java:164)
	at org.apache.catalina.core.ApplicationFilterChain.doFilter(ApplicationFilterChain.java:140)
	at org.springframework.web.filter.CorsFilter.doFilterInternal(CorsFilter.java:91)
	at org.springframework.web.filter.OncePerRequestFilter.doFilter(OncePerRequestFilter.java:116)
	at org.apache.catalina.core.ApplicationFilterChain.internalDoFilter(ApplicationFilterChain.java:164)
	at org.apache.catalina.core.ApplicationFilterChain.doFilter(ApplicationFilterChain.java:140)
	at org.springframework.web.filter.RequestContextFilter.doFilterInternal(RequestContextFilter.java:100)
	at org.springframework.web.filter.OncePerRequestFilter.doFilter(OncePerRequestFilter.java:116)
	at org.apache.catalina.core.ApplicationFilterChain.internalDoFilter(ApplicationFilterChain.java:164)
	at org.apache.catalina.core.ApplicationFilterChain.doFilter(ApplicationFilterChain.java:140)
	at org.springframework.web.filter.FormContentFilter.doFilterInternal(FormContentFilter.java:93)
	at org.springframework.web.filter.OncePerRequestFilter.doFilter(OncePerRequestFilter.java:116)
	at org.apache.catalina.core.ApplicationFilterChain.internalDoFilter(ApplicationFilterChain.java:164)
	at org.apache.catalina.core.ApplicationFilterChain.doFilter(ApplicationFilterChain.java:140)
	at org.springframework.web.filter.CharacterEncodingFilter.doFilterInternal(CharacterEncodingFilter.java:201)
	at org.springframework.web.filter.OncePerRequestFilter.doFilter(OncePerRequestFilter.java:116)
	at org.apache.catalina.core.ApplicationFilterChain.internalDoFilter(ApplicationFilterChain.java:164)
	at org.apache.catalina.core.ApplicationFilterChain.doFilter(ApplicationFilterChain.java:140)
	at org.apache.catalina.core.StandardWrapperValve.invoke(StandardWrapperValve.java:167)
	at org.apache.catalina.core.StandardContextValve.invoke(StandardContextValve.java:90)
	at org.apache.catalina.authenticator.AuthenticatorBase.invoke(AuthenticatorBase.java:483)
	at org.apache.catalina.core.StandardHostValve.invoke(StandardHostValve.java:115)
	at org.apache.catalina.valves.ErrorReportValve.invoke(ErrorReportValve.java:93)
	at org.apache.catalina.core.StandardEngineValve.invoke(StandardEngineValve.java:74)
	at org.apache.catalina.connector.CoyoteAdapter.service(CoyoteAdapter.java:344)
	at org.apache.coyote.http11.Http11Processor.service(Http11Processor.java:389)
	at org.apache.coyote.AbstractProcessorLight.process(AbstractProcessorLight.java:63)
	at org.apache.coyote.AbstractProtocol$ConnectionHandler.process(AbstractProtocol.java:904)
	at org.apache.tomcat.util.net.NioEndpoint$SocketProcessor.doRun(NioEndpoint.java:1741)
	at org.apache.tomcat.util.net.SocketProcessorBase.run(SocketProcessorBase.java:52)
	at org.apache.tomcat.util.threads.ThreadPoolExecutor.runWorker(ThreadPoolExecutor.java:1190)
	at org.apache.tomcat.util.threads.ThreadPoolExecutor$Worker.run(ThreadPoolExecutor.java:659)
	at org.apache.tomcat.util.threads.TaskThread$WrappingRunnable.run(TaskThread.java:63)
	at java.base/java.lang.Thread.run(Thread.java:842)
2026-02-13 11:00:49.994 INFO  k.co.seoulit.common.aop.LoggerAspect - Controller  : kr.co.seoulit.reception.controller.ReceptionController.updateReceptionStatus()시작
2026-02-13 11:00:49.994 INFO  k.c.s.r.c.ReceptionController - 접수 상태 변경 요청: id=1, status=INVALID_STATUS
2026-02-13 11:00:50.004 INFO  k.co.seoulit.common.aop.LoggerAspect - ServiceImpl  : kr.co.seoulit.reception.service.ReceptionServiceImpl.updateReceptionStatus()시작
2026-02-13 11:00:50.004 DEBUG org.hibernate.SQL - select re1_0.reception_id,re1_0.arrived_at,re1_0.cancel_reason_code,re1_0.cancel_reason_text,re1_0.created_at,re1_0.created_by,re1_0.department_id,re1_0.department_name,re1_0.doctor_id,re1_0.doctor_name,re1_0.hold_reason_code,re1_0.hold_reason_text,re1_0.inactive_at,re1_0.inactive_reason_code,re1_0.inactive_reason_text,re1_0.is_active,re1_0.note,re1_0.patient_id,re1_0.patient_name,re1_0.reception_no,re1_0.reservation_id,re1_0.scheduled_at,re1_0.status,re1_0.updated_at,re1_0.updated_by,re1_0.visit_type from reception re1_0 where re1_0.reception_id=?
2026-02-13 11:00:50.005 TRACE org.hibernate.orm.jdbc.bind - binding parameter (1:BIGINT) <- [1]
2026-02-13 11:00:50.022 WARN  k.c.s.c.h.GlobalExceptionHandler - Reception not found
kr.co.seoulit.reception.exception.ReceptionNotFoundException: 접수 ID 1에 해당하는 접수 정보가 없습니다.
	at kr.co.seoulit.reception.service.ReceptionServiceImpl.lambda$updateReceptionStatus$2(ReceptionServiceImpl.java:245)
	at java.base/java.util.Optional.orElseThrow(Optional.java:403)
	at kr.co.seoulit.reception.service.ReceptionServiceImpl.updateReceptionStatus(ReceptionServiceImpl.java:245)
	at java.base/jdk.internal.reflect.NativeMethodAccessorImpl.invoke0(Native Method)
	at java.base/jdk.internal.reflect.NativeMethodAccessorImpl.invoke(NativeMethodAccessorImpl.java:77)
	at java.base/jdk.internal.reflect.DelegatingMethodAccessorImpl.invoke(DelegatingMethodAccessorImpl.java:43)
	at java.base/java.lang.reflect.Method.invoke(Method.java:568)
	at org.springframework.aop.support.AopUtils.invokeJoinpointUsingReflection(AopUtils.java:354)
	at org.springframework.aop.framework.ReflectiveMethodInvocation.invokeJoinpoint(ReflectiveMethodInvocation.java:196)
	at org.springframework.aop.framework.ReflectiveMethodInvocation.proceed(ReflectiveMethodInvocation.java:163)
	at org.springframework.aop.framework.CglibAopProxy$CglibMethodInvocation.proceed(CglibAopProxy.java:768)
	at org.springframework.aop.aspectj.MethodInvocationProceedingJoinPoint.proceed(MethodInvocationProceedingJoinPoint.java:89)
	at kr.co.seoulit.common.aop.LoggerAspect.logPrint(LoggerAspect.java:31)
	at jdk.internal.reflect.GeneratedMethodAccessor48.invoke(Unknown Source)
	at java.base/jdk.internal.reflect.DelegatingMethodAccessorImpl.invoke(DelegatingMethodAccessorImpl.java:43)
	at java.base/java.lang.reflect.Method.invoke(Method.java:568)
	at org.springframework.aop.aspectj.AbstractAspectJAdvice.invokeAdviceMethodWithGivenArgs(AbstractAspectJAdvice.java:637)
	at org.springframework.aop.aspectj.AbstractAspectJAdvice.invokeAdviceMethod(AbstractAspectJAdvice.java:627)
	at org.springframework.aop.aspectj.AspectJAroundAdvice.invoke(AspectJAroundAdvice.java:71)
	at org.springframework.aop.framework.ReflectiveMethodInvocation.proceed(ReflectiveMethodInvocation.java:184)
	at org.springframework.aop.framework.CglibAopProxy$CglibMethodInvocation.proceed(CglibAopProxy.java:768)
	at org.springframework.transaction.interceptor.TransactionAspectSupport.invokeWithinTransaction(TransactionAspectSupport.java:379)
	at org.springframework.transaction.interceptor.TransactionInterceptor.invoke(TransactionInterceptor.java:119)
	at org.springframework.aop.framework.ReflectiveMethodInvocation.proceed(ReflectiveMethodInvocation.java:184)
	at org.springframework.aop.framework.CglibAopProxy$CglibMethodInvocation.proceed(CglibAopProxy.java:768)
	at org.springframework.cache.interceptor.CacheInterceptor.lambda$invoke$0(CacheInterceptor.java:64)
	at org.springframework.cache.interceptor.CacheAspectSupport.invokeOperation(CacheAspectSupport.java:416)
	at org.springframework.cache.interceptor.CacheAspectSupport.evaluate(CacheAspectSupport.java:548)
	at org.springframework.cache.interceptor.CacheAspectSupport.execute(CacheAspectSupport.java:433)
	at org.springframework.cache.interceptor.CacheAspectSupport.execute(CacheAspectSupport.java:395)
	at org.springframework.cache.interceptor.CacheInterceptor.invoke(CacheInterceptor.java:74)
	at org.springframework.aop.framework.ReflectiveMethodInvocation.proceed(ReflectiveMethodInvocation.java:184)
	at org.springframework.aop.framework.CglibAopProxy$CglibMethodInvocation.proceed(CglibAopProxy.java:768)
	at org.springframework.aop.interceptor.ExposeInvocationInterceptor.invoke(ExposeInvocationInterceptor.java:97)
	at org.springframework.aop.framework.ReflectiveMethodInvocation.proceed(ReflectiveMethodInvocation.java:184)
	at org.springframework.aop.framework.CglibAopProxy$CglibMethodInvocation.proceed(CglibAopProxy.java:768)
	at org.springframework.aop.framework.CglibAopProxy$DynamicAdvisedInterceptor.intercept(CglibAopProxy.java:720)
	at kr.co.seoulit.reception.service.ReceptionServiceImpl$$SpringCGLIB$$0.updateReceptionStatus(<generated>)
	at kr.co.seoulit.reception.controller.ReceptionController.updateReceptionStatus(ReceptionController.java:250)
	at java.base/jdk.internal.reflect.NativeMethodAccessorImpl.invoke0(Native Method)
	at java.base/jdk.internal.reflect.NativeMethodAccessorImpl.invoke(NativeMethodAccessorImpl.java:77)
	at java.base/jdk.internal.reflect.DelegatingMethodAccessorImpl.invoke(DelegatingMethodAccessorImpl.java:43)
	at java.base/java.lang.reflect.Method.invoke(Method.java:568)
	at org.springframework.aop.support.AopUtils.invokeJoinpointUsingReflection(AopUtils.java:354)
	at org.springframework.aop.framework.ReflectiveMethodInvocation.invokeJoinpoint(ReflectiveMethodInvocation.java:196)
	at org.springframework.aop.framework.ReflectiveMethodInvocation.proceed(ReflectiveMethodInvocation.java:163)
	at org.springframework.aop.framework.CglibAopProxy$CglibMethodInvocation.proceed(CglibAopProxy.java:768)
	at org.springframework.aop.aspectj.MethodInvocationProceedingJoinPoint.proceed(MethodInvocationProceedingJoinPoint.java:89)
	at kr.co.seoulit.common.aop.LoggerAspect.logPrint(LoggerAspect.java:31)
	at jdk.internal.reflect.GeneratedMethodAccessor48.invoke(Unknown Source)
	at java.base/jdk.internal.reflect.DelegatingMethodAccessorImpl.invoke(DelegatingMethodAccessorImpl.java:43)
	at java.base/java.lang.reflect.Method.invoke(Method.java:568)
	at org.springframework.aop.aspectj.AbstractAspectJAdvice.invokeAdviceMethodWithGivenArgs(AbstractAspectJAdvice.java:637)
	at org.springframework.aop.aspectj.AbstractAspectJAdvice.invokeAdviceMethod(AbstractAspectJAdvice.java:627)
	at org.springframework.aop.aspectj.AspectJAroundAdvice.invoke(AspectJAroundAdvice.java:71)
	at org.springframework.aop.framework.ReflectiveMethodInvocation.proceed(ReflectiveMethodInvocation.java:184)
	at org.springframework.aop.framework.CglibAopProxy$CglibMethodInvocation.proceed(CglibAopProxy.java:768)
	at org.springframework.aop.interceptor.ExposeInvocationInterceptor.invoke(ExposeInvocationInterceptor.java:97)
	at org.springframework.aop.framework.ReflectiveMethodInvocation.proceed(ReflectiveMethodInvocation.java:184)
	at org.springframework.aop.framework.CglibAopProxy$CglibMethodInvocation.proceed(CglibAopProxy.java:768)
	at org.springframework.aop.framework.CglibAopProxy$DynamicAdvisedInterceptor.intercept(CglibAopProxy.java:720)
	at kr.co.seoulit.reception.controller.ReceptionController$$SpringCGLIB$$0.updateReceptionStatus(<generated>)
	at java.base/jdk.internal.reflect.NativeMethodAccessorImpl.invoke0(Native Method)
	at java.base/jdk.internal.reflect.NativeMethodAccessorImpl.invoke(NativeMethodAccessorImpl.java:77)
	at java.base/jdk.internal.reflect.DelegatingMethodAccessorImpl.invoke(DelegatingMethodAccessorImpl.java:43)
	at java.base/java.lang.reflect.Method.invoke(Method.java:568)
	at org.springframework.web.method.support.InvocableHandlerMethod.doInvoke(InvocableHandlerMethod.java:255)
	at org.springframework.web.method.support.InvocableHandlerMethod.invokeForRequest(InvocableHandlerMethod.java:188)
	at org.springframework.web.servlet.mvc.method.annotation.ServletInvocableHandlerMethod.invokeAndHandle(ServletInvocableHandlerMethod.java:118)
	at org.springframework.web.servlet.mvc.method.annotation.RequestMappingHandlerAdapter.invokeHandlerMethod(RequestMappingHandlerAdapter.java:926)
	at org.springframework.web.servlet.mvc.method.annotation.RequestMappingHandlerAdapter.handleInternal(RequestMappingHandlerAdapter.java:831)
	at org.springframework.web.servlet.mvc.method.AbstractHandlerMethodAdapter.handle(AbstractHandlerMethodAdapter.java:87)
	at org.springframework.web.servlet.DispatcherServlet.doDispatch(DispatcherServlet.java:1089)
	at org.springframework.web.servlet.DispatcherServlet.doService(DispatcherServlet.java:979)
	at org.springframework.web.servlet.FrameworkServlet.processRequest(FrameworkServlet.java:1014)
	at org.springframework.web.servlet.FrameworkServlet.service(FrameworkServlet.java:888)
	at jakarta.servlet.http.HttpServlet.service(HttpServlet.java:658)
	at org.apache.catalina.core.ApplicationFilterChain.internalDoFilter(ApplicationFilterChain.java:195)
	at org.apache.catalina.core.ApplicationFilterChain.doFilter(ApplicationFilterChain.java:140)
	at org.apache.tomcat.websocket.server.WsFilter.doFilter(WsFilter.java:51)
	at org.apache.catalina.core.ApplicationFilterChain.internalDoFilter(ApplicationFilterChain.java:164)
	at org.apache.catalina.core.ApplicationFilterChain.doFilter(ApplicationFilterChain.java:140)
	at org.springframework.web.filter.CorsFilter.doFilterInternal(CorsFilter.java:91)
	at org.springframework.web.filter.OncePerRequestFilter.doFilter(OncePerRequestFilter.java:116)
	at org.apache.catalina.core.ApplicationFilterChain.internalDoFilter(ApplicationFilterChain.java:164)
	at org.apache.catalina.core.ApplicationFilterChain.doFilter(ApplicationFilterChain.java:140)
	at org.springframework.web.filter.RequestContextFilter.doFilterInternal(RequestContextFilter.java:100)
	at org.springframework.web.filter.OncePerRequestFilter.doFilter(OncePerRequestFilter.java:116)
	at org.apache.catalina.core.ApplicationFilterChain.internalDoFilter(ApplicationFilterChain.java:164)
	at org.apache.catalina.core.ApplicationFilterChain.doFilter(ApplicationFilterChain.java:140)
	at org.springframework.web.filter.FormContentFilter.doFilterInternal(FormContentFilter.java:93)
	at org.springframework.web.filter.OncePerRequestFilter.doFilter(OncePerRequestFilter.java:116)
	at org.apache.catalina.core.ApplicationFilterChain.internalDoFilter(ApplicationFilterChain.java:164)
	at org.apache.catalina.core.ApplicationFilterChain.doFilter(ApplicationFilterChain.java:140)
	at org.springframework.web.filter.CharacterEncodingFilter.doFilterInternal(CharacterEncodingFilter.java:201)
	at org.springframework.web.filter.OncePerRequestFilter.doFilter(OncePerRequestFilter.java:116)
	at org.apache.catalina.core.ApplicationFilterChain.internalDoFilter(ApplicationFilterChain.java:164)
	at org.apache.catalina.core.ApplicationFilterChain.doFilter(ApplicationFilterChain.java:140)
	at org.apache.catalina.core.StandardWrapperValve.invoke(StandardWrapperValve.java:167)
	at org.apache.catalina.core.StandardContextValve.invoke(StandardContextValve.java:90)
	at org.apache.catalina.authenticator.AuthenticatorBase.invoke(AuthenticatorBase.java:483)
	at org.apache.catalina.core.StandardHostValve.invoke(StandardHostValve.java:115)
	at org.apache.catalina.valves.ErrorReportValve.invoke(ErrorReportValve.java:93)
	at org.apache.catalina.core.StandardEngineValve.invoke(StandardEngineValve.java:74)
	at org.apache.catalina.connector.CoyoteAdapter.service(CoyoteAdapter.java:344)
	at org.apache.coyote.http11.Http11Processor.service(Http11Processor.java:389)
	at org.apache.coyote.AbstractProcessorLight.process(AbstractProcessorLight.java:63)
	at org.apache.coyote.AbstractProtocol$ConnectionHandler.process(AbstractProtocol.java:904)
	at org.apache.tomcat.util.net.NioEndpoint$SocketProcessor.doRun(NioEndpoint.java:1741)
	at org.apache.tomcat.util.net.SocketProcessorBase.run(SocketProcessorBase.java:52)
	at org.apache.tomcat.util.threads.ThreadPoolExecutor.runWorker(ThreadPoolExecutor.java:1190)
	at org.apache.tomcat.util.threads.ThreadPoolExecutor$Worker.run(ThreadPoolExecutor.java:659)
	at org.apache.tomcat.util.threads.TaskThread$WrappingRunnable.run(TaskThread.java:63)
	at java.base/java.lang.Thread.run(Thread.java:842)
2026-02-13 11:01:02.940 INFO  k.co.seoulit.common.aop.LoggerAspect - Controller  : kr.co.seoulit.reception.controller.ReceptionController.getReceptions()시작
2026-02-13 11:01:02.941 INFO  k.c.s.r.c.ReceptionController - 접수 목록 요청: searchType=null, searchValue=null
2026-02-13 11:01:02.949 INFO  k.co.seoulit.common.aop.LoggerAspect - ServiceImpl  : kr.co.seoulit.reception.service.ReceptionServiceImpl.getReceptionList()시작
2026-02-13 11:01:02.962 INFO  k.co.seoulit.common.aop.LoggerAspect - ServiceImpl  : kr.co.seoulit.reception.service.ReceptionServiceImpl.getReceptionList()종료
2026-02-13 11:01:02.972 INFO  k.co.seoulit.common.aop.LoggerAspect - Controller  : kr.co.seoulit.reception.controller.ReceptionController.getReceptions()종료
2026-02-13 11:01:15.428 INFO  k.co.seoulit.common.aop.LoggerAspect - Controller  : kr.co.seoulit.reception.controller.ReceptionController.getReceptions()시작
2026-02-13 11:01:15.429 INFO  k.c.s.r.c.ReceptionController - 접수 목록 요청: searchType=null, searchValue=null
2026-02-13 11:01:15.442 INFO  k.co.seoulit.common.aop.LoggerAspect - ServiceImpl  : kr.co.seoulit.reception.service.ReceptionServiceImpl.getReceptionList()시작
2026-02-13 11:01:15.460 INFO  k.co.seoulit.common.aop.LoggerAspect - ServiceImpl  : kr.co.seoulit.reception.service.ReceptionServiceImpl.getReceptionList()종료
2026-02-13 11:01:15.472 INFO  k.co.seoulit.common.aop.LoggerAspect - Controller  : kr.co.seoulit.reception.controller.ReceptionController.getReceptions()종료
2026-02-13 11:01:29.570 ERROR k.c.s.c.h.GlobalExceptionHandler - Unhandled server error
org.springframework.http.converter.HttpMessageNotReadableException: JSON parse error: Unexpected character ('\' (code 92)): was expecting double-quote to start field name
	at org.springframework.http.converter.json.AbstractJackson2HttpMessageConverter.readJavaType(AbstractJackson2HttpMessageConverter.java:406)
	at org.springframework.http.converter.json.AbstractJackson2HttpMessageConverter.read(AbstractJackson2HttpMessageConverter.java:354)
	at org.springframework.web.servlet.mvc.method.annotation.AbstractMessageConverterMethodArgumentResolver.readWithMessageConverters(AbstractMessageConverterMethodArgumentResolver.java:184)
	at org.springframework.web.servlet.mvc.method.annotation.RequestResponseBodyMethodProcessor.readWithMessageConverters(RequestResponseBodyMethodProcessor.java:161)
	at org.springframework.web.servlet.mvc.method.annotation.RequestResponseBodyMethodProcessor.resolveArgument(RequestResponseBodyMethodProcessor.java:135)
	at org.springframework.web.method.support.HandlerMethodArgumentResolverComposite.resolveArgument(HandlerMethodArgumentResolverComposite.java:122)
	at org.springframework.web.method.support.InvocableHandlerMethod.getMethodArgumentValues(InvocableHandlerMethod.java:224)
	at org.springframework.web.method.support.InvocableHandlerMethod.invokeForRequest(InvocableHandlerMethod.java:178)
	at org.springframework.web.servlet.mvc.method.annotation.ServletInvocableHandlerMethod.invokeAndHandle(ServletInvocableHandlerMethod.java:118)
	at org.springframework.web.servlet.mvc.method.annotation.RequestMappingHandlerAdapter.invokeHandlerMethod(RequestMappingHandlerAdapter.java:926)
	at org.springframework.web.servlet.mvc.method.annotation.RequestMappingHandlerAdapter.handleInternal(RequestMappingHandlerAdapter.java:831)
	at org.springframework.web.servlet.mvc.method.AbstractHandlerMethodAdapter.handle(AbstractHandlerMethodAdapter.java:87)
	at org.springframework.web.servlet.DispatcherServlet.doDispatch(DispatcherServlet.java:1089)
	at org.springframework.web.servlet.DispatcherServlet.doService(DispatcherServlet.java:979)
	at org.springframework.web.servlet.FrameworkServlet.processRequest(FrameworkServlet.java:1014)
	at org.springframework.web.servlet.FrameworkServlet.service(FrameworkServlet.java:888)
	at jakarta.servlet.http.HttpServlet.service(HttpServlet.java:658)
	at org.apache.catalina.core.ApplicationFilterChain.internalDoFilter(ApplicationFilterChain.java:195)
	at org.apache.catalina.core.ApplicationFilterChain.doFilter(ApplicationFilterChain.java:140)
	at org.apache.tomcat.websocket.server.WsFilter.doFilter(WsFilter.java:51)
	at org.apache.catalina.core.ApplicationFilterChain.internalDoFilter(ApplicationFilterChain.java:164)
	at org.apache.catalina.core.ApplicationFilterChain.doFilter(ApplicationFilterChain.java:140)
	at org.springframework.web.filter.CorsFilter.doFilterInternal(CorsFilter.java:91)
	at org.springframework.web.filter.OncePerRequestFilter.doFilter(OncePerRequestFilter.java:116)
	at org.apache.catalina.core.ApplicationFilterChain.internalDoFilter(ApplicationFilterChain.java:164)
	at org.apache.catalina.core.ApplicationFilterChain.doFilter(ApplicationFilterChain.java:140)
	at org.springframework.web.filter.RequestContextFilter.doFilterInternal(RequestContextFilter.java:100)
	at org.springframework.web.filter.OncePerRequestFilter.doFilter(OncePerRequestFilter.java:116)
	at org.apache.catalina.core.ApplicationFilterChain.internalDoFilter(ApplicationFilterChain.java:164)
	at org.apache.catalina.core.ApplicationFilterChain.doFilter(ApplicationFilterChain.java:140)
	at org.springframework.web.filter.FormContentFilter.doFilterInternal(FormContentFilter.java:93)
	at org.springframework.web.filter.OncePerRequestFilter.doFilter(OncePerRequestFilter.java:116)
	at org.apache.catalina.core.ApplicationFilterChain.internalDoFilter(ApplicationFilterChain.java:164)
	at org.apache.catalina.core.ApplicationFilterChain.doFilter(ApplicationFilterChain.java:140)
	at org.springframework.web.filter.CharacterEncodingFilter.doFilterInternal(CharacterEncodingFilter.java:201)
	at org.springframework.web.filter.OncePerRequestFilter.doFilter(OncePerRequestFilter.java:116)
	at org.apache.catalina.core.ApplicationFilterChain.internalDoFilter(ApplicationFilterChain.java:164)
	at org.apache.catalina.core.ApplicationFilterChain.doFilter(ApplicationFilterChain.java:140)
	at org.apache.catalina.core.StandardWrapperValve.invoke(StandardWrapperValve.java:167)
	at org.apache.catalina.core.StandardContextValve.invoke(StandardContextValve.java:90)
	at org.apache.catalina.authenticator.AuthenticatorBase.invoke(AuthenticatorBase.java:483)
	at org.apache.catalina.core.StandardHostValve.invoke(StandardHostValve.java:115)
	at org.apache.catalina.valves.ErrorReportValve.invoke(ErrorReportValve.java:93)
	at org.apache.catalina.core.StandardEngineValve.invoke(StandardEngineValve.java:74)
	at org.apache.catalina.connector.CoyoteAdapter.service(CoyoteAdapter.java:344)
	at org.apache.coyote.http11.Http11Processor.service(Http11Processor.java:389)
	at org.apache.coyote.AbstractProcessorLight.process(AbstractProcessorLight.java:63)
	at org.apache.coyote.AbstractProtocol$ConnectionHandler.process(AbstractProtocol.java:904)
	at org.apache.tomcat.util.net.NioEndpoint$SocketProcessor.doRun(NioEndpoint.java:1741)
	at org.apache.tomcat.util.net.SocketProcessorBase.run(SocketProcessorBase.java:52)
	at org.apache.tomcat.util.threads.ThreadPoolExecutor.runWorker(ThreadPoolExecutor.java:1190)
	at org.apache.tomcat.util.threads.ThreadPoolExecutor$Worker.run(ThreadPoolExecutor.java:659)
	at org.apache.tomcat.util.threads.TaskThread$WrappingRunnable.run(TaskThread.java:63)
	at java.base/java.lang.Thread.run(Thread.java:842)
Caused by: com.fasterxml.jackson.core.JsonParseException: Unexpected character ('\' (code 92)): was expecting double-quote to start field name
 at [Source: REDACTED (`StreamReadFeature.INCLUDE_SOURCE_IN_LOCATION` disabled); line: 1, column: 2]
	at com.fasterxml.jackson.core.JsonParser._constructReadException(JsonParser.java:2648)
	at com.fasterxml.jackson.core.base.ParserMinimalBase._reportUnexpectedChar(ParserMinimalBase.java:685)
	at com.fasterxml.jackson.core.json.UTF8StreamJsonParser._handleOddName(UTF8StreamJsonParser.java:2103)
	at com.fasterxml.jackson.core.json.UTF8StreamJsonParser._parseName(UTF8StreamJsonParser.java:1753)
	at com.fasterxml.jackson.core.json.UTF8StreamJsonParser.nextToken(UTF8StreamJsonParser.java:757)
	at com.fasterxml.jackson.databind.deser.BeanDeserializer.deserialize(BeanDeserializer.java:181)
	at com.fasterxml.jackson.databind.deser.DefaultDeserializationContext.readRootValue(DefaultDeserializationContext.java:342)
	at com.fasterxml.jackson.databind.ObjectReader._bindAndClose(ObjectReader.java:2125)
	at com.fasterxml.jackson.databind.ObjectReader.readValue(ObjectReader.java:1501)
	at org.springframework.http.converter.json.AbstractJackson2HttpMessageConverter.readJavaType(AbstractJackson2HttpMessageConverter.java:395)
	... 53 common frames omitted
2026-02-13 11:01:42.666 ERROR k.c.s.c.h.GlobalExceptionHandler - Unhandled server error
org.springframework.http.converter.HttpMessageNotReadableException: JSON parse error: Unexpected character ('\' (code 92)): was expecting double-quote to start field name
	at org.springframework.http.converter.json.AbstractJackson2HttpMessageConverter.readJavaType(AbstractJackson2HttpMessageConverter.java:406)
	at org.springframework.http.converter.json.AbstractJackson2HttpMessageConverter.read(AbstractJackson2HttpMessageConverter.java:354)
	at org.springframework.web.servlet.mvc.method.annotation.AbstractMessageConverterMethodArgumentResolver.readWithMessageConverters(AbstractMessageConverterMethodArgumentResolver.java:184)
	at org.springframework.web.servlet.mvc.method.annotation.RequestResponseBodyMethodProcessor.readWithMessageConverters(RequestResponseBodyMethodProcessor.java:161)
	at org.springframework.web.servlet.mvc.method.annotation.RequestResponseBodyMethodProcessor.resolveArgument(RequestResponseBodyMethodProcessor.java:135)
	at org.springframework.web.method.support.HandlerMethodArgumentResolverComposite.resolveArgument(HandlerMethodArgumentResolverComposite.java:122)
	at org.springframework.web.method.support.InvocableHandlerMethod.getMethodArgumentValues(InvocableHandlerMethod.java:224)
	at org.springframework.web.method.support.InvocableHandlerMethod.invokeForRequest(InvocableHandlerMethod.java:178)
	at org.springframework.web.servlet.mvc.method.annotation.ServletInvocableHandlerMethod.invokeAndHandle(ServletInvocableHandlerMethod.java:118)
	at org.springframework.web.servlet.mvc.method.annotation.RequestMappingHandlerAdapter.invokeHandlerMethod(RequestMappingHandlerAdapter.java:926)
	at org.springframework.web.servlet.mvc.method.annotation.RequestMappingHandlerAdapter.handleInternal(RequestMappingHandlerAdapter.java:831)
	at org.springframework.web.servlet.mvc.method.AbstractHandlerMethodAdapter.handle(AbstractHandlerMethodAdapter.java:87)
	at org.springframework.web.servlet.DispatcherServlet.doDispatch(DispatcherServlet.java:1089)
	at org.springframework.web.servlet.DispatcherServlet.doService(DispatcherServlet.java:979)
	at org.springframework.web.servlet.FrameworkServlet.processRequest(FrameworkServlet.java:1014)
	at org.springframework.web.servlet.FrameworkServlet.service(FrameworkServlet.java:888)
	at jakarta.servlet.http.HttpServlet.service(HttpServlet.java:658)
	at org.apache.catalina.core.ApplicationFilterChain.internalDoFilter(ApplicationFilterChain.java:195)
	at org.apache.catalina.core.ApplicationFilterChain.doFilter(ApplicationFilterChain.java:140)
	at org.apache.tomcat.websocket.server.WsFilter.doFilter(WsFilter.java:51)
	at org.apache.catalina.core.ApplicationFilterChain.internalDoFilter(ApplicationFilterChain.java:164)
	at org.apache.catalina.core.ApplicationFilterChain.doFilter(ApplicationFilterChain.java:140)
	at org.springframework.web.filter.CorsFilter.doFilterInternal(CorsFilter.java:91)
	at org.springframework.web.filter.OncePerRequestFilter.doFilter(OncePerRequestFilter.java:116)
	at org.apache.catalina.core.ApplicationFilterChain.internalDoFilter(ApplicationFilterChain.java:164)
	at org.apache.catalina.core.ApplicationFilterChain.doFilter(ApplicationFilterChain.java:140)
	at org.springframework.web.filter.RequestContextFilter.doFilterInternal(RequestContextFilter.java:100)
	at org.springframework.web.filter.OncePerRequestFilter.doFilter(OncePerRequestFilter.java:116)
	at org.apache.catalina.core.ApplicationFilterChain.internalDoFilter(ApplicationFilterChain.java:164)
	at org.apache.catalina.core.ApplicationFilterChain.doFilter(ApplicationFilterChain.java:140)
	at org.springframework.web.filter.FormContentFilter.doFilterInternal(FormContentFilter.java:93)
	at org.springframework.web.filter.OncePerRequestFilter.doFilter(OncePerRequestFilter.java:116)
	at org.apache.catalina.core.ApplicationFilterChain.internalDoFilter(ApplicationFilterChain.java:164)
	at org.apache.catalina.core.ApplicationFilterChain.doFilter(ApplicationFilterChain.java:140)
	at org.springframework.web.filter.CharacterEncodingFilter.doFilterInternal(CharacterEncodingFilter.java:201)
	at org.springframework.web.filter.OncePerRequestFilter.doFilter(OncePerRequestFilter.java:116)
	at org.apache.catalina.core.ApplicationFilterChain.internalDoFilter(ApplicationFilterChain.java:164)
	at org.apache.catalina.core.ApplicationFilterChain.doFilter(ApplicationFilterChain.java:140)
	at org.apache.catalina.core.StandardWrapperValve.invoke(StandardWrapperValve.java:167)
	at org.apache.catalina.core.StandardContextValve.invoke(StandardContextValve.java:90)
	at org.apache.catalina.authenticator.AuthenticatorBase.invoke(AuthenticatorBase.java:483)
	at org.apache.catalina.core.StandardHostValve.invoke(StandardHostValve.java:115)
	at org.apache.catalina.valves.ErrorReportValve.invoke(ErrorReportValve.java:93)
	at org.apache.catalina.core.StandardEngineValve.invoke(StandardEngineValve.java:74)
	at org.apache.catalina.connector.CoyoteAdapter.service(CoyoteAdapter.java:344)
	at org.apache.coyote.http11.Http11Processor.service(Http11Processor.java:389)
	at org.apache.coyote.AbstractProcessorLight.process(AbstractProcessorLight.java:63)
	at org.apache.coyote.AbstractProtocol$ConnectionHandler.process(AbstractProtocol.java:904)
	at org.apache.tomcat.util.net.NioEndpoint$SocketProcessor.doRun(NioEndpoint.java:1741)
	at org.apache.tomcat.util.net.SocketProcessorBase.run(SocketProcessorBase.java:52)
	at org.apache.tomcat.util.threads.ThreadPoolExecutor.runWorker(ThreadPoolExecutor.java:1190)
	at org.apache.tomcat.util.threads.ThreadPoolExecutor$Worker.run(ThreadPoolExecutor.java:659)
	at org.apache.tomcat.util.threads.TaskThread$WrappingRunnable.run(TaskThread.java:63)
	at java.base/java.lang.Thread.run(Thread.java:842)
Caused by: com.fasterxml.jackson.core.JsonParseException: Unexpected character ('\' (code 92)): was expecting double-quote to start field name
 at [Source: REDACTED (`StreamReadFeature.INCLUDE_SOURCE_IN_LOCATION` disabled); line: 1, column: 2]
	at com.fasterxml.jackson.core.JsonParser._constructReadException(JsonParser.java:2648)
	at com.fasterxml.jackson.core.base.ParserMinimalBase._reportUnexpectedChar(ParserMinimalBase.java:685)
	at com.fasterxml.jackson.core.json.UTF8StreamJsonParser._handleOddName(UTF8StreamJsonParser.java:2103)
	at com.fasterxml.jackson.core.json.UTF8StreamJsonParser._parseName(UTF8StreamJsonParser.java:1753)
	at com.fasterxml.jackson.core.json.UTF8StreamJsonParser.nextToken(UTF8StreamJsonParser.java:757)
	at com.fasterxml.jackson.databind.deser.BeanDeserializer.deserialize(BeanDeserializer.java:181)
	at com.fasterxml.jackson.databind.deser.DefaultDeserializationContext.readRootValue(DefaultDeserializationContext.java:342)
	at com.fasterxml.jackson.databind.ObjectReader._bindAndClose(ObjectReader.java:2125)
	at com.fasterxml.jackson.databind.ObjectReader.readValue(ObjectReader.java:1501)
	at org.springframework.http.converter.json.AbstractJackson2HttpMessageConverter.readJavaType(AbstractJackson2HttpMessageConverter.java:395)
	... 53 common frames omitted
2026-02-13 11:01:54.658 INFO  k.co.seoulit.common.aop.LoggerAspect - Controller  : kr.co.seoulit.reception.controller.ReservationController.createReservation()시작
2026-02-13 11:01:54.658 INFO  k.c.s.r.c.ReservationController - 예약 등록 요청: reservationNo=null
2026-02-13 11:01:54.667 INFO  k.co.seoulit.common.aop.LoggerAspect - ServiceImpl  : kr.co.seoulit.reception.service.ReservationServiceImpl.createReservation()시작
2026-02-13 11:01:54.676 WARN  k.c.s.c.h.GlobalExceptionHandler - Bad request
java.lang.IllegalArgumentException: 예약번호는 필수입니다.
	at kr.co.seoulit.reception.service.ReservationServiceImpl.createReservation(ReservationServiceImpl.java:63)
	at java.base/jdk.internal.reflect.NativeMethodAccessorImpl.invoke0(Native Method)
	at java.base/jdk.internal.reflect.NativeMethodAccessorImpl.invoke(NativeMethodAccessorImpl.java:77)
	at java.base/jdk.internal.reflect.DelegatingMethodAccessorImpl.invoke(DelegatingMethodAccessorImpl.java:43)
	at java.base/java.lang.reflect.Method.invoke(Method.java:568)
	at org.springframework.aop.support.AopUtils.invokeJoinpointUsingReflection(AopUtils.java:354)
	at org.springframework.aop.framework.ReflectiveMethodInvocation.invokeJoinpoint(ReflectiveMethodInvocation.java:196)
	at org.springframework.aop.framework.ReflectiveMethodInvocation.proceed(ReflectiveMethodInvocation.java:163)
	at org.springframework.aop.framework.CglibAopProxy$CglibMethodInvocation.proceed(CglibAopProxy.java:768)
	at org.springframework.aop.aspectj.MethodInvocationProceedingJoinPoint.proceed(MethodInvocationProceedingJoinPoint.java:89)
	at kr.co.seoulit.common.aop.LoggerAspect.logPrint(LoggerAspect.java:31)
	at jdk.internal.reflect.GeneratedMethodAccessor48.invoke(Unknown Source)
	at java.base/jdk.internal.reflect.DelegatingMethodAccessorImpl.invoke(DelegatingMethodAccessorImpl.java:43)
	at java.base/java.lang.reflect.Method.invoke(Method.java:568)
	at org.springframework.aop.aspectj.AbstractAspectJAdvice.invokeAdviceMethodWithGivenArgs(AbstractAspectJAdvice.java:637)
	at org.springframework.aop.aspectj.AbstractAspectJAdvice.invokeAdviceMethod(AbstractAspectJAdvice.java:627)
	at org.springframework.aop.aspectj.AspectJAroundAdvice.invoke(AspectJAroundAdvice.java:71)
	at org.springframework.aop.framework.ReflectiveMethodInvocation.proceed(ReflectiveMethodInvocation.java:184)
	at org.springframework.aop.framework.CglibAopProxy$CglibMethodInvocation.proceed(CglibAopProxy.java:768)
	at org.springframework.transaction.interceptor.TransactionAspectSupport.invokeWithinTransaction(TransactionAspectSupport.java:379)
	at org.springframework.transaction.interceptor.TransactionInterceptor.invoke(TransactionInterceptor.java:119)
	at org.springframework.aop.framework.ReflectiveMethodInvocation.proceed(ReflectiveMethodInvocation.java:184)
	at org.springframework.aop.framework.CglibAopProxy$CglibMethodInvocation.proceed(CglibAopProxy.java:768)
	at org.springframework.aop.interceptor.ExposeInvocationInterceptor.invoke(ExposeInvocationInterceptor.java:97)
	at org.springframework.aop.framework.ReflectiveMethodInvocation.proceed(ReflectiveMethodInvocation.java:184)
	at org.springframework.aop.framework.CglibAopProxy$CglibMethodInvocation.proceed(CglibAopProxy.java:768)
	at org.springframework.aop.framework.CglibAopProxy$DynamicAdvisedInterceptor.intercept(CglibAopProxy.java:720)
	at kr.co.seoulit.reception.service.ReservationServiceImpl$$SpringCGLIB$$0.createReservation(<generated>)
	at kr.co.seoulit.reception.controller.ReservationController.createReservation(ReservationController.java:64)
	at java.base/jdk.internal.reflect.NativeMethodAccessorImpl.invoke0(Native Method)
	at java.base/jdk.internal.reflect.NativeMethodAccessorImpl.invoke(NativeMethodAccessorImpl.java:77)
	at java.base/jdk.internal.reflect.DelegatingMethodAccessorImpl.invoke(DelegatingMethodAccessorImpl.java:43)
	at java.base/java.lang.reflect.Method.invoke(Method.java:568)
	at org.springframework.aop.support.AopUtils.invokeJoinpointUsingReflection(AopUtils.java:354)
	at org.springframework.aop.framework.ReflectiveMethodInvocation.invokeJoinpoint(ReflectiveMethodInvocation.java:196)
	at org.springframework.aop.framework.ReflectiveMethodInvocation.proceed(ReflectiveMethodInvocation.java:163)
	at org.springframework.aop.framework.CglibAopProxy$CglibMethodInvocation.proceed(CglibAopProxy.java:768)
	at org.springframework.aop.aspectj.MethodInvocationProceedingJoinPoint.proceed(MethodInvocationProceedingJoinPoint.java:89)
	at kr.co.seoulit.common.aop.LoggerAspect.logPrint(LoggerAspect.java:31)
	at jdk.internal.reflect.GeneratedMethodAccessor48.invoke(Unknown Source)
	at java.base/jdk.internal.reflect.DelegatingMethodAccessorImpl.invoke(DelegatingMethodAccessorImpl.java:43)
	at java.base/java.lang.reflect.Method.invoke(Method.java:568)
	at org.springframework.aop.aspectj.AbstractAspectJAdvice.invokeAdviceMethodWithGivenArgs(AbstractAspectJAdvice.java:637)
	at org.springframework.aop.aspectj.AbstractAspectJAdvice.invokeAdviceMethod(AbstractAspectJAdvice.java:627)
	at org.springframework.aop.aspectj.AspectJAroundAdvice.invoke(AspectJAroundAdvice.java:71)
	at org.springframework.aop.framework.ReflectiveMethodInvocation.proceed(ReflectiveMethodInvocation.java:184)
	at org.springframework.aop.framework.CglibAopProxy$CglibMethodInvocation.proceed(CglibAopProxy.java:768)
	at org.springframework.aop.interceptor.ExposeInvocationInterceptor.invoke(ExposeInvocationInterceptor.java:97)
	at org.springframework.aop.framework.ReflectiveMethodInvocation.proceed(ReflectiveMethodInvocation.java:184)
	at org.springframework.aop.framework.CglibAopProxy$CglibMethodInvocation.proceed(CglibAopProxy.java:768)
	at org.springframework.aop.framework.CglibAopProxy$DynamicAdvisedInterceptor.intercept(CglibAopProxy.java:720)
	at kr.co.seoulit.reception.controller.ReservationController$$SpringCGLIB$$0.createReservation(<generated>)
	at java.base/jdk.internal.reflect.NativeMethodAccessorImpl.invoke0(Native Method)
	at java.base/jdk.internal.reflect.NativeMethodAccessorImpl.invoke(NativeMethodAccessorImpl.java:77)
	at java.base/jdk.internal.reflect.DelegatingMethodAccessorImpl.invoke(DelegatingMethodAccessorImpl.java:43)
	at java.base/java.lang.reflect.Method.invoke(Method.java:568)
	at org.springframework.web.method.support.InvocableHandlerMethod.doInvoke(InvocableHandlerMethod.java:255)
	at org.springframework.web.method.support.InvocableHandlerMethod.invokeForRequest(InvocableHandlerMethod.java:188)
	at org.springframework.web.servlet.mvc.method.annotation.ServletInvocableHandlerMethod.invokeAndHandle(ServletInvocableHandlerMethod.java:118)
	at org.springframework.web.servlet.mvc.method.annotation.RequestMappingHandlerAdapter.invokeHandlerMethod(RequestMappingHandlerAdapter.java:926)
	at org.springframework.web.servlet.mvc.method.annotation.RequestMappingHandlerAdapter.handleInternal(RequestMappingHandlerAdapter.java:831)
	at org.springframework.web.servlet.mvc.method.AbstractHandlerMethodAdapter.handle(AbstractHandlerMethodAdapter.java:87)
	at org.springframework.web.servlet.DispatcherServlet.doDispatch(DispatcherServlet.java:1089)
	at org.springframework.web.servlet.DispatcherServlet.doService(DispatcherServlet.java:979)
	at org.springframework.web.servlet.FrameworkServlet.processRequest(FrameworkServlet.java:1014)
	at org.springframework.web.servlet.FrameworkServlet.doPost(FrameworkServlet.java:914)
	at jakarta.servlet.http.HttpServlet.service(HttpServlet.java:590)
	at org.springframework.web.servlet.FrameworkServlet.service(FrameworkServlet.java:885)
	at jakarta.servlet.http.HttpServlet.service(HttpServlet.java:658)
	at org.apache.catalina.core.ApplicationFilterChain.internalDoFilter(ApplicationFilterChain.java:195)
	at org.apache.catalina.core.ApplicationFilterChain.doFilter(ApplicationFilterChain.java:140)
	at org.apache.tomcat.websocket.server.WsFilter.doFilter(WsFilter.java:51)
	at org.apache.catalina.core.ApplicationFilterChain.internalDoFilter(ApplicationFilterChain.java:164)
	at org.apache.catalina.core.ApplicationFilterChain.doFilter(ApplicationFilterChain.java:140)
	at org.springframework.web.filter.CorsFilter.doFilterInternal(CorsFilter.java:91)
	at org.springframework.web.filter.OncePerRequestFilter.doFilter(OncePerRequestFilter.java:116)
	at org.apache.catalina.core.ApplicationFilterChain.internalDoFilter(ApplicationFilterChain.java:164)
	at org.apache.catalina.core.ApplicationFilterChain.doFilter(ApplicationFilterChain.java:140)
	at org.springframework.web.filter.RequestContextFilter.doFilterInternal(RequestContextFilter.java:100)
	at org.springframework.web.filter.OncePerRequestFilter.doFilter(OncePerRequestFilter.java:116)
	at org.apache.catalina.core.ApplicationFilterChain.internalDoFilter(ApplicationFilterChain.java:164)
	at org.apache.catalina.core.ApplicationFilterChain.doFilter(ApplicationFilterChain.java:140)
	at org.springframework.web.filter.FormContentFilter.doFilterInternal(FormContentFilter.java:93)
	at org.springframework.web.filter.OncePerRequestFilter.doFilter(OncePerRequestFilter.java:116)
	at org.apache.catalina.core.ApplicationFilterChain.internalDoFilter(ApplicationFilterChain.java:164)
	at org.apache.catalina.core.ApplicationFilterChain.doFilter(ApplicationFilterChain.java:140)
	at org.springframework.web.filter.CharacterEncodingFilter.doFilterInternal(CharacterEncodingFilter.java:201)
	at org.springframework.web.filter.OncePerRequestFilter.doFilter(OncePerRequestFilter.java:116)
	at org.apache.catalina.core.ApplicationFilterChain.internalDoFilter(ApplicationFilterChain.java:164)
	at org.apache.catalina.core.ApplicationFilterChain.doFilter(ApplicationFilterChain.java:140)
	at org.apache.catalina.core.StandardWrapperValve.invoke(StandardWrapperValve.java:167)
	at org.apache.catalina.core.StandardContextValve.invoke(StandardContextValve.java:90)
	at org.apache.catalina.authenticator.AuthenticatorBase.invoke(AuthenticatorBase.java:483)
	at org.apache.catalina.core.StandardHostValve.invoke(StandardHostValve.java:115)
	at org.apache.catalina.valves.ErrorReportValve.invoke(ErrorReportValve.java:93)
	at org.apache.catalina.core.StandardEngineValve.invoke(StandardEngineValve.java:74)
	at org.apache.catalina.connector.CoyoteAdapter.service(CoyoteAdapter.java:344)
	at org.apache.coyote.http11.Http11Processor.service(Http11Processor.java:389)
	at org.apache.coyote.AbstractProcessorLight.process(AbstractProcessorLight.java:63)
	at org.apache.coyote.AbstractProtocol$ConnectionHandler.process(AbstractProtocol.java:904)
	at org.apache.tomcat.util.net.NioEndpoint$SocketProcessor.doRun(NioEndpoint.java:1741)
	at org.apache.tomcat.util.net.SocketProcessorBase.run(SocketProcessorBase.java:52)
	at org.apache.tomcat.util.threads.ThreadPoolExecutor.runWorker(ThreadPoolExecutor.java:1190)
	at org.apache.tomcat.util.threads.ThreadPoolExecutor$Worker.run(ThreadPoolExecutor.java:659)
	at org.apache.tomcat.util.threads.TaskThread$WrappingRunnable.run(TaskThread.java:63)
	at java.base/java.lang.Thread.run(Thread.java:842)
2026-02-13 11:02:09.483 INFO  k.co.seoulit.common.aop.LoggerAspect - Controller  : kr.co.seoulit.reception.controller.ReservationController.getReservation()시작
2026-02-13 11:02:09.484 INFO  k.c.s.r.c.ReservationController - 예약 조회 요청: id=999999999
2026-02-13 11:02:09.499 INFO  k.co.seoulit.common.aop.LoggerAspect - ServiceImpl  : kr.co.seoulit.reception.service.ReservationServiceImpl.getReservation()시작
2026-02-13 11:02:09.500 DEBUG org.hibernate.SQL - select re1_0.reservation_id,re1_0.cancel_reason_code,re1_0.cancel_reason_text,re1_0.canceled_at,re1_0.created_at,re1_0.created_by,re1_0.department_id,re1_0.department_name,re1_0.doctor_id,re1_0.doctor_name,re1_0.inactive_at,re1_0.inactive_reason_code,re1_0.inactive_reason_text,re1_0.is_active,re1_0.note,re1_0.patient_id,re1_0.patient_name,re1_0.reservation_no,re1_0.reserved_at,re1_0.status,re1_0.updated_at,re1_0.updated_by from reservation re1_0 where re1_0.reservation_id=?
2026-02-13 11:02:09.500 TRACE org.hibernate.orm.jdbc.bind - binding parameter (1:BIGINT) <- [999999999]
2026-02-13 11:02:09.523 WARN  k.c.s.c.h.GlobalExceptionHandler - Bad request
java.lang.IllegalArgumentException: 예약 ID를 찾을 수 없습니다: 999999999
	at kr.co.seoulit.reception.service.ReservationServiceImpl.lambda$getReservation$0(ReservationServiceImpl.java:55)
	at java.base/java.util.Optional.orElseThrow(Optional.java:403)
	at kr.co.seoulit.reception.service.ReservationServiceImpl.getReservation(ReservationServiceImpl.java:55)
	at java.base/jdk.internal.reflect.NativeMethodAccessorImpl.invoke0(Native Method)
	at java.base/jdk.internal.reflect.NativeMethodAccessorImpl.invoke(NativeMethodAccessorImpl.java:77)
	at java.base/jdk.internal.reflect.DelegatingMethodAccessorImpl.invoke(DelegatingMethodAccessorImpl.java:43)
	at java.base/java.lang.reflect.Method.invoke(Method.java:568)
	at org.springframework.aop.support.AopUtils.invokeJoinpointUsingReflection(AopUtils.java:354)
	at org.springframework.aop.framework.ReflectiveMethodInvocation.invokeJoinpoint(ReflectiveMethodInvocation.java:196)
	at org.springframework.aop.framework.ReflectiveMethodInvocation.proceed(ReflectiveMethodInvocation.java:163)
	at org.springframework.aop.framework.CglibAopProxy$CglibMethodInvocation.proceed(CglibAopProxy.java:768)
	at org.springframework.aop.aspectj.MethodInvocationProceedingJoinPoint.proceed(MethodInvocationProceedingJoinPoint.java:89)
	at kr.co.seoulit.common.aop.LoggerAspect.logPrint(LoggerAspect.java:31)
	at jdk.internal.reflect.GeneratedMethodAccessor48.invoke(Unknown Source)
	at java.base/jdk.internal.reflect.DelegatingMethodAccessorImpl.invoke(DelegatingMethodAccessorImpl.java:43)
	at java.base/java.lang.reflect.Method.invoke(Method.java:568)
	at org.springframework.aop.aspectj.AbstractAspectJAdvice.invokeAdviceMethodWithGivenArgs(AbstractAspectJAdvice.java:637)
	at org.springframework.aop.aspectj.AbstractAspectJAdvice.invokeAdviceMethod(AbstractAspectJAdvice.java:627)
	at org.springframework.aop.aspectj.AspectJAroundAdvice.invoke(AspectJAroundAdvice.java:71)
	at org.springframework.aop.framework.ReflectiveMethodInvocation.proceed(ReflectiveMethodInvocation.java:184)
	at org.springframework.aop.framework.CglibAopProxy$CglibMethodInvocation.proceed(CglibAopProxy.java:768)
	at org.springframework.transaction.interceptor.TransactionAspectSupport.invokeWithinTransaction(TransactionAspectSupport.java:379)
	at org.springframework.transaction.interceptor.TransactionInterceptor.invoke(TransactionInterceptor.java:119)
	at org.springframework.aop.framework.ReflectiveMethodInvocation.proceed(ReflectiveMethodInvocation.java:184)
	at org.springframework.aop.framework.CglibAopProxy$CglibMethodInvocation.proceed(CglibAopProxy.java:768)
	at org.springframework.cache.interceptor.CacheInterceptor.lambda$invoke$0(CacheInterceptor.java:64)
	at org.springframework.cache.interceptor.CacheAspectSupport.invokeOperation(CacheAspectSupport.java:416)
	at org.springframework.cache.interceptor.CacheAspectSupport.evaluate(CacheAspectSupport.java:548)
	at org.springframework.cache.interceptor.CacheAspectSupport.execute(CacheAspectSupport.java:433)
	at org.springframework.cache.interceptor.CacheAspectSupport.execute(CacheAspectSupport.java:395)
	at org.springframework.cache.interceptor.CacheInterceptor.invoke(CacheInterceptor.java:74)
	at org.springframework.aop.framework.ReflectiveMethodInvocation.proceed(ReflectiveMethodInvocation.java:184)
	at org.springframework.aop.framework.CglibAopProxy$CglibMethodInvocation.proceed(CglibAopProxy.java:768)
	at org.springframework.aop.interceptor.ExposeInvocationInterceptor.invoke(ExposeInvocationInterceptor.java:97)
	at org.springframework.aop.framework.ReflectiveMethodInvocation.proceed(ReflectiveMethodInvocation.java:184)
	at org.springframework.aop.framework.CglibAopProxy$CglibMethodInvocation.proceed(CglibAopProxy.java:768)
	at org.springframework.aop.framework.CglibAopProxy$DynamicAdvisedInterceptor.intercept(CglibAopProxy.java:720)
	at kr.co.seoulit.reception.service.ReservationServiceImpl$$SpringCGLIB$$0.getReservation(<generated>)
	at kr.co.seoulit.reception.controller.ReservationController.getReservation(ReservationController.java:56)
	at java.base/jdk.internal.reflect.NativeMethodAccessorImpl.invoke0(Native Method)
	at java.base/jdk.internal.reflect.NativeMethodAccessorImpl.invoke(NativeMethodAccessorImpl.java:77)
	at java.base/jdk.internal.reflect.DelegatingMethodAccessorImpl.invoke(DelegatingMethodAccessorImpl.java:43)
	at java.base/java.lang.reflect.Method.invoke(Method.java:568)
	at org.springframework.aop.support.AopUtils.invokeJoinpointUsingReflection(AopUtils.java:354)
	at org.springframework.aop.framework.ReflectiveMethodInvocation.invokeJoinpoint(ReflectiveMethodInvocation.java:196)
	at org.springframework.aop.framework.ReflectiveMethodInvocation.proceed(ReflectiveMethodInvocation.java:163)
	at org.springframework.aop.framework.CglibAopProxy$CglibMethodInvocation.proceed(CglibAopProxy.java:768)
	at org.springframework.aop.aspectj.MethodInvocationProceedingJoinPoint.proceed(MethodInvocationProceedingJoinPoint.java:89)
	at kr.co.seoulit.common.aop.LoggerAspect.logPrint(LoggerAspect.java:31)
	at jdk.internal.reflect.GeneratedMethodAccessor48.invoke(Unknown Source)
	at java.base/jdk.internal.reflect.DelegatingMethodAccessorImpl.invoke(DelegatingMethodAccessorImpl.java:43)
	at java.base/java.lang.reflect.Method.invoke(Method.java:568)
	at org.springframework.aop.aspectj.AbstractAspectJAdvice.invokeAdviceMethodWithGivenArgs(AbstractAspectJAdvice.java:637)
	at org.springframework.aop.aspectj.AbstractAspectJAdvice.invokeAdviceMethod(AbstractAspectJAdvice.java:627)
	at org.springframework.aop.aspectj.AspectJAroundAdvice.invoke(AspectJAroundAdvice.java:71)
	at org.springframework.aop.framework.ReflectiveMethodInvocation.proceed(ReflectiveMethodInvocation.java:184)
	at org.springframework.aop.framework.CglibAopProxy$CglibMethodInvocation.proceed(CglibAopProxy.java:768)
	at org.springframework.aop.interceptor.ExposeInvocationInterceptor.invoke(ExposeInvocationInterceptor.java:97)
	at org.springframework.aop.framework.ReflectiveMethodInvocation.proceed(ReflectiveMethodInvocation.java:184)
	at org.springframework.aop.framework.CglibAopProxy$CglibMethodInvocation.proceed(CglibAopProxy.java:768)
	at org.springframework.aop.framework.CglibAopProxy$DynamicAdvisedInterceptor.intercept(CglibAopProxy.java:720)
	at kr.co.seoulit.reception.controller.ReservationController$$SpringCGLIB$$0.getReservation(<generated>)
	at java.base/jdk.internal.reflect.NativeMethodAccessorImpl.invoke0(Native Method)
	at java.base/jdk.internal.reflect.NativeMethodAccessorImpl.invoke(NativeMethodAccessorImpl.java:77)
	at java.base/jdk.internal.reflect.DelegatingMethodAccessorImpl.invoke(DelegatingMethodAccessorImpl.java:43)
	at java.base/java.lang.reflect.Method.invoke(Method.java:568)
	at org.springframework.web.method.support.InvocableHandlerMethod.doInvoke(InvocableHandlerMethod.java:255)
	at org.springframework.web.method.support.InvocableHandlerMethod.invokeForRequest(InvocableHandlerMethod.java:188)
	at org.springframework.web.servlet.mvc.method.annotation.ServletInvocableHandlerMethod.invokeAndHandle(ServletInvocableHandlerMethod.java:118)
	at org.springframework.web.servlet.mvc.method.annotation.RequestMappingHandlerAdapter.invokeHandlerMethod(RequestMappingHandlerAdapter.java:926)
	at org.springframework.web.servlet.mvc.method.annotation.RequestMappingHandlerAdapter.handleInternal(RequestMappingHandlerAdapter.java:831)
	at org.springframework.web.servlet.mvc.method.AbstractHandlerMethodAdapter.handle(AbstractHandlerMethodAdapter.java:87)
	at org.springframework.web.servlet.DispatcherServlet.doDispatch(DispatcherServlet.java:1089)
	at org.springframework.web.servlet.DispatcherServlet.doService(DispatcherServlet.java:979)
	at org.springframework.web.servlet.FrameworkServlet.processRequest(FrameworkServlet.java:1014)
	at org.springframework.web.servlet.FrameworkServlet.doGet(FrameworkServlet.java:903)
	at jakarta.servlet.http.HttpServlet.service(HttpServlet.java:564)
	at org.springframework.web.servlet.FrameworkServlet.service(FrameworkServlet.java:885)
	at jakarta.servlet.http.HttpServlet.service(HttpServlet.java:658)
	at org.apache.catalina.core.ApplicationFilterChain.internalDoFilter(ApplicationFilterChain.java:195)
	at org.apache.catalina.core.ApplicationFilterChain.doFilter(ApplicationFilterChain.java:140)
	at org.apache.tomcat.websocket.server.WsFilter.doFilter(WsFilter.java:51)
	at org.apache.catalina.core.ApplicationFilterChain.internalDoFilter(ApplicationFilterChain.java:164)
	at org.apache.catalina.core.ApplicationFilterChain.doFilter(ApplicationFilterChain.java:140)
	at org.springframework.web.filter.CorsFilter.doFilterInternal(CorsFilter.java:91)
	at org.springframework.web.filter.OncePerRequestFilter.doFilter(OncePerRequestFilter.java:116)
	at org.apache.catalina.core.ApplicationFilterChain.internalDoFilter(ApplicationFilterChain.java:164)
	at org.apache.catalina.core.ApplicationFilterChain.doFilter(ApplicationFilterChain.java:140)
	at org.springframework.web.filter.RequestContextFilter.doFilterInternal(RequestContextFilter.java:100)
	at org.springframework.web.filter.OncePerRequestFilter.doFilter(OncePerRequestFilter.java:116)
	at org.apache.catalina.core.ApplicationFilterChain.internalDoFilter(ApplicationFilterChain.java:164)
	at org.apache.catalina.core.ApplicationFilterChain.doFilter(ApplicationFilterChain.java:140)
	at org.springframework.web.filter.FormContentFilter.doFilterInternal(FormContentFilter.java:93)
	at org.springframework.web.filter.OncePerRequestFilter.doFilter(OncePerRequestFilter.java:116)
	at org.apache.catalina.core.ApplicationFilterChain.internalDoFilter(ApplicationFilterChain.java:164)
	at org.apache.catalina.core.ApplicationFilterChain.doFilter(ApplicationFilterChain.java:140)
	at org.springframework.web.filter.CharacterEncodingFilter.doFilterInternal(CharacterEncodingFilter.java:201)
	at org.springframework.web.filter.OncePerRequestFilter.doFilter(OncePerRequestFilter.java:116)
	at org.apache.catalina.core.ApplicationFilterChain.internalDoFilter(ApplicationFilterChain.java:164)
	at org.apache.catalina.core.ApplicationFilterChain.doFilter(ApplicationFilterChain.java:140)
	at org.apache.catalina.core.StandardWrapperValve.invoke(StandardWrapperValve.java:167)
	at org.apache.catalina.core.StandardContextValve.invoke(StandardContextValve.java:90)
	at org.apache.catalina.authenticator.AuthenticatorBase.invoke(AuthenticatorBase.java:483)
	at org.apache.catalina.core.StandardHostValve.invoke(StandardHostValve.java:115)
	at org.apache.catalina.valves.ErrorReportValve.invoke(ErrorReportValve.java:93)
	at org.apache.catalina.core.StandardEngineValve.invoke(StandardEngineValve.java:74)
	at org.apache.catalina.connector.CoyoteAdapter.service(CoyoteAdapter.java:344)
	at org.apache.coyote.http11.Http11Processor.service(Http11Processor.java:389)
	at org.apache.coyote.AbstractProcessorLight.process(AbstractProcessorLight.java:63)
	at org.apache.coyote.AbstractProtocol$ConnectionHandler.process(AbstractProtocol.java:904)
	at org.apache.tomcat.util.net.NioEndpoint$SocketProcessor.doRun(NioEndpoint.java:1741)
	at org.apache.tomcat.util.net.SocketProcessorBase.run(SocketProcessorBase.java:52)
	at org.apache.tomcat.util.threads.ThreadPoolExecutor.runWorker(ThreadPoolExecutor.java:1190)
	at org.apache.tomcat.util.threads.ThreadPoolExecutor$Worker.run(ThreadPoolExecutor.java:659)
	at org.apache.tomcat.util.threads.TaskThread$WrappingRunnable.run(TaskThread.java:63)
	at java.base/java.lang.Thread.run(Thread.java:842)
2026-02-13 11:02:21.255 INFO  k.co.seoulit.common.aop.LoggerAspect - Controller  : kr.co.seoulit.reception.controller.ReceptionController.getReception()시작
2026-02-13 11:02:21.255 INFO  k.c.s.r.c.ReceptionController - 접수 조회 요청: id=999999999
2026-02-13 11:02:21.312 INFO  k.co.seoulit.common.aop.LoggerAspect - ServiceImpl  : kr.co.seoulit.reception.service.ReceptionServiceImpl.getReception()시작
2026-02-13 11:02:21.313 DEBUG org.hibernate.SQL - select re1_0.reception_id,re1_0.arrived_at,re1_0.cancel_reason_code,re1_0.cancel_reason_text,re1_0.created_at,re1_0.created_by,re1_0.department_id,re1_0.department_name,re1_0.doctor_id,re1_0.doctor_name,re1_0.hold_reason_code,re1_0.hold_reason_text,re1_0.inactive_at,re1_0.inactive_reason_code,re1_0.inactive_reason_text,re1_0.is_active,re1_0.note,re1_0.patient_id,re1_0.patient_name,re1_0.reception_no,re1_0.reservation_id,re1_0.scheduled_at,re1_0.status,re1_0.updated_at,re1_0.updated_by,re1_0.visit_type from reception re1_0 where re1_0.reception_id=?
2026-02-13 11:02:21.314 TRACE org.hibernate.orm.jdbc.bind - binding parameter (1:BIGINT) <- [999999999]
2026-02-13 11:02:21.399 WARN  k.c.s.c.h.GlobalExceptionHandler - Reception not found
kr.co.seoulit.reception.exception.ReceptionNotFoundException: 접수 ID 999999999에 해당하는 접수 정보가 없습니다.
	at kr.co.seoulit.reception.service.ReceptionServiceImpl.lambda$getReception$0(ReceptionServiceImpl.java:70)
	at java.base/java.util.Optional.orElseThrow(Optional.java:403)
	at kr.co.seoulit.reception.service.ReceptionServiceImpl.getReception(ReceptionServiceImpl.java:70)
	at java.base/jdk.internal.reflect.NativeMethodAccessorImpl.invoke0(Native Method)
	at java.base/jdk.internal.reflect.NativeMethodAccessorImpl.invoke(NativeMethodAccessorImpl.java:77)
	at java.base/jdk.internal.reflect.DelegatingMethodAccessorImpl.invoke(DelegatingMethodAccessorImpl.java:43)
	at java.base/java.lang.reflect.Method.invoke(Method.java:568)
	at org.springframework.aop.support.AopUtils.invokeJoinpointUsingReflection(AopUtils.java:354)
	at org.springframework.aop.framework.ReflectiveMethodInvocation.invokeJoinpoint(ReflectiveMethodInvocation.java:196)
	at org.springframework.aop.framework.ReflectiveMethodInvocation.proceed(ReflectiveMethodInvocation.java:163)
	at org.springframework.aop.framework.CglibAopProxy$CglibMethodInvocation.proceed(CglibAopProxy.java:768)
	at org.springframework.aop.aspectj.MethodInvocationProceedingJoinPoint.proceed(MethodInvocationProceedingJoinPoint.java:89)
	at kr.co.seoulit.common.aop.LoggerAspect.logPrint(LoggerAspect.java:31)
	at jdk.internal.reflect.GeneratedMethodAccessor48.invoke(Unknown Source)
	at java.base/jdk.internal.reflect.DelegatingMethodAccessorImpl.invoke(DelegatingMethodAccessorImpl.java:43)
	at java.base/java.lang.reflect.Method.invoke(Method.java:568)
	at org.springframework.aop.aspectj.AbstractAspectJAdvice.invokeAdviceMethodWithGivenArgs(AbstractAspectJAdvice.java:637)
	at org.springframework.aop.aspectj.AbstractAspectJAdvice.invokeAdviceMethod(AbstractAspectJAdvice.java:627)
	at org.springframework.aop.aspectj.AspectJAroundAdvice.invoke(AspectJAroundAdvice.java:71)
	at org.springframework.aop.framework.ReflectiveMethodInvocation.proceed(ReflectiveMethodInvocation.java:184)
	at org.springframework.aop.framework.CglibAopProxy$CglibMethodInvocation.proceed(CglibAopProxy.java:768)
	at org.springframework.transaction.interceptor.TransactionAspectSupport.invokeWithinTransaction(TransactionAspectSupport.java:379)
	at org.springframework.transaction.interceptor.TransactionInterceptor.invoke(TransactionInterceptor.java:119)
	at org.springframework.aop.framework.ReflectiveMethodInvocation.proceed(ReflectiveMethodInvocation.java:184)
	at org.springframework.aop.framework.CglibAopProxy$CglibMethodInvocation.proceed(CglibAopProxy.java:768)
	at org.springframework.cache.interceptor.CacheInterceptor.lambda$invoke$0(CacheInterceptor.java:64)
	at org.springframework.cache.interceptor.CacheAspectSupport.invokeOperation(CacheAspectSupport.java:416)
	at org.springframework.cache.interceptor.CacheAspectSupport.evaluate(CacheAspectSupport.java:548)
	at org.springframework.cache.interceptor.CacheAspectSupport.execute(CacheAspectSupport.java:433)
	at org.springframework.cache.interceptor.CacheAspectSupport.execute(CacheAspectSupport.java:395)
	at org.springframework.cache.interceptor.CacheInterceptor.invoke(CacheInterceptor.java:74)
	at org.springframework.aop.framework.ReflectiveMethodInvocation.proceed(ReflectiveMethodInvocation.java:184)
	at org.springframework.aop.framework.CglibAopProxy$CglibMethodInvocation.proceed(CglibAopProxy.java:768)
	at org.springframework.aop.interceptor.ExposeInvocationInterceptor.invoke(ExposeInvocationInterceptor.java:97)
	at org.springframework.aop.framework.ReflectiveMethodInvocation.proceed(ReflectiveMethodInvocation.java:184)
	at org.springframework.aop.framework.CglibAopProxy$CglibMethodInvocation.proceed(CglibAopProxy.java:768)
	at org.springframework.aop.framework.CglibAopProxy$DynamicAdvisedInterceptor.intercept(CglibAopProxy.java:720)
	at kr.co.seoulit.reception.service.ReceptionServiceImpl$$SpringCGLIB$$0.getReception(<generated>)
	at kr.co.seoulit.reception.controller.ReceptionController.getReception(ReceptionController.java:220)
	at jdk.internal.reflect.GeneratedMethodAccessor139.invoke(Unknown Source)
	at java.base/jdk.internal.reflect.DelegatingMethodAccessorImpl.invoke(DelegatingMethodAccessorImpl.java:43)
	at java.base/java.lang.reflect.Method.invoke(Method.java:568)
	at org.springframework.aop.support.AopUtils.invokeJoinpointUsingReflection(AopUtils.java:354)
	at org.springframework.aop.framework.ReflectiveMethodInvocation.invokeJoinpoint(ReflectiveMethodInvocation.java:196)
	at org.springframework.aop.framework.ReflectiveMethodInvocation.proceed(ReflectiveMethodInvocation.java:163)
	at org.springframework.aop.framework.CglibAopProxy$CglibMethodInvocation.proceed(CglibAopProxy.java:768)
	at org.springframework.aop.aspectj.MethodInvocationProceedingJoinPoint.proceed(MethodInvocationProceedingJoinPoint.java:89)
	at kr.co.seoulit.common.aop.LoggerAspect.logPrint(LoggerAspect.java:31)
	at jdk.internal.reflect.GeneratedMethodAccessor48.invoke(Unknown Source)
	at java.base/jdk.internal.reflect.DelegatingMethodAccessorImpl.invoke(DelegatingMethodAccessorImpl.java:43)
	at java.base/java.lang.reflect.Method.invoke(Method.java:568)
	at org.springframework.aop.aspectj.AbstractAspectJAdvice.invokeAdviceMethodWithGivenArgs(AbstractAspectJAdvice.java:637)
	at org.springframework.aop.aspectj.AbstractAspectJAdvice.invokeAdviceMethod(AbstractAspectJAdvice.java:627)
	at org.springframework.aop.aspectj.AspectJAroundAdvice.invoke(AspectJAroundAdvice.java:71)
	at org.springframework.aop.framework.ReflectiveMethodInvocation.proceed(ReflectiveMethodInvocation.java:184)
	at org.springframework.aop.framework.CglibAopProxy$CglibMethodInvocation.proceed(CglibAopProxy.java:768)
	at org.springframework.aop.interceptor.ExposeInvocationInterceptor.invoke(ExposeInvocationInterceptor.java:97)
	at org.springframework.aop.framework.ReflectiveMethodInvocation.proceed(ReflectiveMethodInvocation.java:184)
	at org.springframework.aop.framework.CglibAopProxy$CglibMethodInvocation.proceed(CglibAopProxy.java:768)
	at org.springframework.aop.framework.CglibAopProxy$DynamicAdvisedInterceptor.intercept(CglibAopProxy.java:720)
	at kr.co.seoulit.reception.controller.ReceptionController$$SpringCGLIB$$0.getReception(<generated>)
	at jdk.internal.reflect.GeneratedMethodAccessor139.invoke(Unknown Source)
	at java.base/jdk.internal.reflect.DelegatingMethodAccessorImpl.invoke(DelegatingMethodAccessorImpl.java:43)
	at java.base/java.lang.reflect.Method.invoke(Method.java:568)
	at org.springframework.web.method.support.InvocableHandlerMethod.doInvoke(InvocableHandlerMethod.java:255)
	at org.springframework.web.method.support.InvocableHandlerMethod.invokeForRequest(InvocableHandlerMethod.java:188)
	at org.springframework.web.servlet.mvc.method.annotation.ServletInvocableHandlerMethod.invokeAndHandle(ServletInvocableHandlerMethod.java:118)
	at org.springframework.web.servlet.mvc.method.annotation.RequestMappingHandlerAdapter.invokeHandlerMethod(RequestMappingHandlerAdapter.java:926)
	at org.springframework.web.servlet.mvc.method.annotation.RequestMappingHandlerAdapter.handleInternal(RequestMappingHandlerAdapter.java:831)
	at org.springframework.web.servlet.mvc.method.AbstractHandlerMethodAdapter.handle(AbstractHandlerMethodAdapter.java:87)
	at org.springframework.web.servlet.DispatcherServlet.doDispatch(DispatcherServlet.java:1089)
	at org.springframework.web.servlet.DispatcherServlet.doService(DispatcherServlet.java:979)
	at org.springframework.web.servlet.FrameworkServlet.processRequest(FrameworkServlet.java:1014)
	at org.springframework.web.servlet.FrameworkServlet.doGet(FrameworkServlet.java:903)
	at jakarta.servlet.http.HttpServlet.service(HttpServlet.java:564)
	at org.springframework.web.servlet.FrameworkServlet.service(FrameworkServlet.java:885)
	at jakarta.servlet.http.HttpServlet.service(HttpServlet.java:658)
	at org.apache.catalina.core.ApplicationFilterChain.internalDoFilter(ApplicationFilterChain.java:195)
	at org.apache.catalina.core.ApplicationFilterChain.doFilter(ApplicationFilterChain.java:140)
	at org.apache.tomcat.websocket.server.WsFilter.doFilter(WsFilter.java:51)
	at org.apache.catalina.core.ApplicationFilterChain.internalDoFilter(ApplicationFilterChain.java:164)
	at org.apache.catalina.core.ApplicationFilterChain.doFilter(ApplicationFilterChain.java:140)
	at org.springframework.web.filter.CorsFilter.doFilterInternal(CorsFilter.java:91)
	at org.springframework.web.filter.OncePerRequestFilter.doFilter(OncePerRequestFilter.java:116)
	at org.apache.catalina.core.ApplicationFilterChain.internalDoFilter(ApplicationFilterChain.java:164)
	at org.apache.catalina.core.ApplicationFilterChain.doFilter(ApplicationFilterChain.java:140)
	at org.springframework.web.filter.RequestContextFilter.doFilterInternal(RequestContextFilter.java:100)
	at org.springframework.web.filter.OncePerRequestFilter.doFilter(OncePerRequestFilter.java:116)
	at org.apache.catalina.core.ApplicationFilterChain.internalDoFilter(ApplicationFilterChain.java:164)
	at org.apache.catalina.core.ApplicationFilterChain.doFilter(ApplicationFilterChain.java:140)
	at org.springframework.web.filter.FormContentFilter.doFilterInternal(FormContentFilter.java:93)
	at org.springframework.web.filter.OncePerRequestFilter.doFilter(OncePerRequestFilter.java:116)
	at org.apache.catalina.core.ApplicationFilterChain.internalDoFilter(ApplicationFilterChain.java:164)
	at org.apache.catalina.core.ApplicationFilterChain.doFilter(ApplicationFilterChain.java:140)
	at org.springframework.web.filter.CharacterEncodingFilter.doFilterInternal(CharacterEncodingFilter.java:201)
	at org.springframework.web.filter.OncePerRequestFilter.doFilter(OncePerRequestFilter.java:116)
	at org.apache.catalina.core.ApplicationFilterChain.internalDoFilter(ApplicationFilterChain.java:164)
	at org.apache.catalina.core.ApplicationFilterChain.doFilter(ApplicationFilterChain.java:140)
	at org.apache.catalina.core.StandardWrapperValve.invoke(StandardWrapperValve.java:167)
	at org.apache.catalina.core.StandardContextValve.invoke(StandardContextValve.java:90)
	at org.apache.catalina.authenticator.AuthenticatorBase.invoke(AuthenticatorBase.java:483)
	at org.apache.catalina.core.StandardHostValve.invoke(StandardHostValve.java:115)
	at org.apache.catalina.valves.ErrorReportValve.invoke(ErrorReportValve.java:93)
	at org.apache.catalina.core.StandardEngineValve.invoke(StandardEngineValve.java:74)
	at org.apache.catalina.connector.CoyoteAdapter.service(CoyoteAdapter.java:344)
	at org.apache.coyote.http11.Http11Processor.service(Http11Processor.java:389)
	at org.apache.coyote.AbstractProcessorLight.process(AbstractProcessorLight.java:63)
	at org.apache.coyote.AbstractProtocol$ConnectionHandler.process(AbstractProtocol.java:904)
	at org.apache.tomcat.util.net.NioEndpoint$SocketProcessor.doRun(NioEndpoint.java:1741)
	at org.apache.tomcat.util.net.SocketProcessorBase.run(SocketProcessorBase.java:52)
	at org.apache.tomcat.util.threads.ThreadPoolExecutor.runWorker(ThreadPoolExecutor.java:1190)
	at org.apache.tomcat.util.threads.ThreadPoolExecutor$Worker.run(ThreadPoolExecutor.java:659)
	at org.apache.tomcat.util.threads.TaskThread$WrappingRunnable.run(TaskThread.java:63)
	at java.base/java.lang.Thread.run(Thread.java:842)
2026-02-13 11:07:11.250 INFO  k.co.seoulit.common.aop.LoggerAspect - Controller  : kr.co.seoulit.reception.controller.ReceptionController.getReceptions()시작
2026-02-13 11:07:11.250 INFO  k.c.s.r.c.ReceptionController - 접수 목록 요청: searchType=null, searchValue=null
2026-02-13 11:07:11.347 INFO  k.co.seoulit.common.aop.LoggerAspect - ServiceImpl  : kr.co.seoulit.reception.service.ReceptionServiceImpl.getReceptionList()시작
2026-02-13 11:07:11.417 INFO  k.co.seoulit.common.aop.LoggerAspect - ServiceImpl  : kr.co.seoulit.reception.service.ReceptionServiceImpl.getReceptionList()종료
2026-02-13 11:07:11.488 INFO  k.co.seoulit.common.aop.LoggerAspect - Controller  : kr.co.seoulit.reception.controller.ReceptionController.getReceptions()종료
2026-02-13 11:07:11.730 INFO  k.co.seoulit.common.aop.LoggerAspect - Controller  : kr.co.seoulit.reception.controller.ReceptionController.getReception()시작
2026-02-13 11:07:11.730 INFO  k.c.s.r.c.ReceptionController - 접수 조회 요청: id=5
2026-02-13 11:07:11.730 INFO  k.co.seoulit.common.aop.LoggerAspect - ServiceImpl  : kr.co.seoulit.reception.service.ReceptionServiceImpl.getReception()시작
2026-02-13 11:07:11.731 DEBUG org.hibernate.SQL - select re1_0.reception_id,re1_0.arrived_at,re1_0.cancel_reason_code,re1_0.cancel_reason_text,re1_0.created_at,re1_0.created_by,re1_0.department_id,re1_0.department_name,re1_0.doctor_id,re1_0.doctor_name,re1_0.hold_reason_code,re1_0.hold_reason_text,re1_0.inactive_at,re1_0.inactive_reason_code,re1_0.inactive_reason_text,re1_0.is_active,re1_0.note,re1_0.patient_id,re1_0.patient_name,re1_0.reception_no,re1_0.reservation_id,re1_0.scheduled_at,re1_0.status,re1_0.updated_at,re1_0.updated_by,re1_0.visit_type from reception re1_0 where re1_0.reception_id=?
2026-02-13 11:07:11.732 TRACE org.hibernate.orm.jdbc.bind - binding parameter (1:BIGINT) <- [5]
2026-02-13 11:07:11.785 INFO  k.co.seoulit.common.aop.LoggerAspect - kr.co.seoulit.reception.mapstruct.ReceptionResMapStructImpl.toDto()시작
2026-02-13 11:07:11.785 INFO  k.co.seoulit.common.aop.LoggerAspect - kr.co.seoulit.reception.mapstruct.ReceptionResMapStructImpl.toDto()종료
2026-02-13 11:07:11.785 INFO  k.co.seoulit.common.aop.LoggerAspect - ServiceImpl  : kr.co.seoulit.reception.service.ReceptionServiceImpl.getReception()종료
2026-02-13 11:07:11.852 INFO  k.co.seoulit.common.aop.LoggerAspect - Controller  : kr.co.seoulit.reception.controller.ReceptionController.getReception()종료
2026-02-13 11:07:27.916 INFO  k.co.seoulit.common.aop.LoggerAspect - Controller  : kr.co.seoulit.reception.controller.ReceptionController.getReceptions()시작
2026-02-13 11:07:27.917 INFO  k.c.s.r.c.ReceptionController - 접수 목록 요청: searchType=null, searchValue=null
2026-02-13 11:07:28.230 INFO  k.co.seoulit.common.aop.LoggerAspect - ServiceImpl  : kr.co.seoulit.reception.service.ReceptionServiceImpl.getReceptionList()시작
2026-02-13 11:07:28.287 INFO  k.co.seoulit.common.aop.LoggerAspect - ServiceImpl  : kr.co.seoulit.reception.service.ReceptionServiceImpl.getReceptionList()종료
2026-02-13 11:07:28.374 INFO  k.co.seoulit.common.aop.LoggerAspect - Controller  : kr.co.seoulit.reception.controller.ReceptionController.getReceptions()종료
2026-02-13 11:07:28.657 INFO  k.co.seoulit.common.aop.LoggerAspect - Controller  : kr.co.seoulit.reception.controller.ReceptionController.getReception()시작
2026-02-13 11:07:28.657 INFO  k.c.s.r.c.ReceptionController - 접수 조회 요청: id=5
2026-02-13 11:07:28.658 INFO  k.co.seoulit.common.aop.LoggerAspect - ServiceImpl  : kr.co.seoulit.reception.service.ReceptionServiceImpl.getReception()시작
2026-02-13 11:07:28.659 DEBUG org.hibernate.SQL - select re1_0.reception_id,re1_0.arrived_at,re1_0.cancel_reason_code,re1_0.cancel_reason_text,re1_0.created_at,re1_0.created_by,re1_0.department_id,re1_0.department_name,re1_0.doctor_id,re1_0.doctor_name,re1_0.hold_reason_code,re1_0.hold_reason_text,re1_0.inactive_at,re1_0.inactive_reason_code,re1_0.inactive_reason_text,re1_0.is_active,re1_0.note,re1_0.patient_id,re1_0.patient_name,re1_0.reception_no,re1_0.reservation_id,re1_0.scheduled_at,re1_0.status,re1_0.updated_at,re1_0.updated_by,re1_0.visit_type from reception re1_0 where re1_0.reception_id=?
2026-02-13 11:07:28.660 TRACE org.hibernate.orm.jdbc.bind - binding parameter (1:BIGINT) <- [5]
2026-02-13 11:07:28.742 INFO  k.co.seoulit.common.aop.LoggerAspect - kr.co.seoulit.reception.mapstruct.ReceptionResMapStructImpl.toDto()시작
2026-02-13 11:07:28.742 INFO  k.co.seoulit.common.aop.LoggerAspect - kr.co.seoulit.reception.mapstruct.ReceptionResMapStructImpl.toDto()종료
2026-02-13 11:07:28.742 INFO  k.co.seoulit.common.aop.LoggerAspect - ServiceImpl  : kr.co.seoulit.reception.service.ReceptionServiceImpl.getReception()종료
2026-02-13 11:07:28.806 INFO  k.co.seoulit.common.aop.LoggerAspect - Controller  : kr.co.seoulit.reception.controller.ReceptionController.getReception()종료
2026-02-13 11:08:01.989 INFO  k.co.seoulit.common.aop.LoggerAspect - Controller  : kr.co.seoulit.reception.controller.ReceptionController.getReceptions()시작
2026-02-13 11:08:01.989 INFO  k.c.s.r.c.ReceptionController - 접수 목록 요청: searchType=null, searchValue=null
2026-02-13 11:08:02.020 INFO  k.co.seoulit.common.aop.LoggerAspect - ServiceImpl  : kr.co.seoulit.reception.service.ReceptionServiceImpl.getReceptionList()시작
2026-02-13 11:08:02.054 INFO  k.co.seoulit.common.aop.LoggerAspect - ServiceImpl  : kr.co.seoulit.reception.service.ReceptionServiceImpl.getReceptionList()종료
2026-02-13 11:08:02.085 INFO  k.co.seoulit.common.aop.LoggerAspect - Controller  : kr.co.seoulit.reception.controller.ReceptionController.getReceptions()종료
2026-02-13 11:08:02.359 INFO  k.co.seoulit.common.aop.LoggerAspect - Controller  : kr.co.seoulit.reception.controller.ReceptionController.getReception()시작
2026-02-13 11:08:02.359 INFO  k.c.s.r.c.ReceptionController - 접수 조회 요청: id=5
2026-02-13 11:08:02.359 INFO  k.co.seoulit.common.aop.LoggerAspect - ServiceImpl  : kr.co.seoulit.reception.service.ReceptionServiceImpl.getReception()시작
2026-02-13 11:08:02.360 DEBUG org.hibernate.SQL - select re1_0.reception_id,re1_0.arrived_at,re1_0.cancel_reason_code,re1_0.cancel_reason_text,re1_0.created_at,re1_0.created_by,re1_0.department_id,re1_0.department_name,re1_0.doctor_id,re1_0.doctor_name,re1_0.hold_reason_code,re1_0.hold_reason_text,re1_0.inactive_at,re1_0.inactive_reason_code,re1_0.inactive_reason_text,re1_0.is_active,re1_0.note,re1_0.patient_id,re1_0.patient_name,re1_0.reception_no,re1_0.reservation_id,re1_0.scheduled_at,re1_0.status,re1_0.updated_at,re1_0.updated_by,re1_0.visit_type from reception re1_0 where re1_0.reception_id=?
2026-02-13 11:08:02.361 TRACE org.hibernate.orm.jdbc.bind - binding parameter (1:BIGINT) <- [5]
2026-02-13 11:08:02.391 INFO  k.co.seoulit.common.aop.LoggerAspect - kr.co.seoulit.reception.mapstruct.ReceptionResMapStructImpl.toDto()시작
2026-02-13 11:08:02.391 INFO  k.co.seoulit.common.aop.LoggerAspect - kr.co.seoulit.reception.mapstruct.ReceptionResMapStructImpl.toDto()종료
2026-02-13 11:08:02.391 INFO  k.co.seoulit.common.aop.LoggerAspect - ServiceImpl  : kr.co.seoulit.reception.service.ReceptionServiceImpl.getReception()종료
2026-02-13 11:08:02.419 INFO  k.co.seoulit.common.aop.LoggerAspect - Controller  : kr.co.seoulit.reception.controller.ReceptionController.getReception()종료
2026-02-13 11:15:33.763 INFO  k.co.seoulit.common.aop.LoggerAspect - Controller  : kr.co.seoulit.reception.controller.ReceptionController.getReception()시작
2026-02-13 11:15:33.764 INFO  k.c.s.r.c.ReceptionController - 접수 조회 요청: id=999999999
2026-02-13 11:15:33.780 INFO  k.co.seoulit.common.aop.LoggerAspect - ServiceImpl  : kr.co.seoulit.reception.service.ReceptionServiceImpl.getReception()시작
2026-02-13 11:15:33.781 DEBUG org.hibernate.SQL - select re1_0.reception_id,re1_0.arrived_at,re1_0.cancel_reason_code,re1_0.cancel_reason_text,re1_0.created_at,re1_0.created_by,re1_0.department_id,re1_0.department_name,re1_0.doctor_id,re1_0.doctor_name,re1_0.hold_reason_code,re1_0.hold_reason_text,re1_0.inactive_at,re1_0.inactive_reason_code,re1_0.inactive_reason_text,re1_0.is_active,re1_0.note,re1_0.patient_id,re1_0.patient_name,re1_0.reception_no,re1_0.reservation_id,re1_0.scheduled_at,re1_0.status,re1_0.updated_at,re1_0.updated_by,re1_0.visit_type from reception re1_0 where re1_0.reception_id=?
2026-02-13 11:15:33.781 TRACE org.hibernate.orm.jdbc.bind - binding parameter (1:BIGINT) <- [999999999]
2026-02-13 11:15:33.806 WARN  k.c.s.c.h.GlobalExceptionHandler - Reception not found
kr.co.seoulit.reception.exception.ReceptionNotFoundException: 접수 ID 999999999에 해당하는 접수 정보가 없습니다.
	at kr.co.seoulit.reception.service.ReceptionServiceImpl.lambda$getReception$0(ReceptionServiceImpl.java:70)
	at java.base/java.util.Optional.orElseThrow(Optional.java:403)
	at kr.co.seoulit.reception.service.ReceptionServiceImpl.getReception(ReceptionServiceImpl.java:70)
	at jdk.internal.reflect.GeneratedMethodAccessor247.invoke(Unknown Source)
	at java.base/jdk.internal.reflect.DelegatingMethodAccessorImpl.invoke(DelegatingMethodAccessorImpl.java:43)
	at java.base/java.lang.reflect.Method.invoke(Method.java:568)
	at org.springframework.aop.support.AopUtils.invokeJoinpointUsingReflection(AopUtils.java:354)
	at org.springframework.aop.framework.ReflectiveMethodInvocation.invokeJoinpoint(ReflectiveMethodInvocation.java:196)
	at org.springframework.aop.framework.ReflectiveMethodInvocation.proceed(ReflectiveMethodInvocation.java:163)
	at org.springframework.aop.framework.CglibAopProxy$CglibMethodInvocation.proceed(CglibAopProxy.java:768)
	at org.springframework.aop.aspectj.MethodInvocationProceedingJoinPoint.proceed(MethodInvocationProceedingJoinPoint.java:89)
	at kr.co.seoulit.common.aop.LoggerAspect.logPrint(LoggerAspect.java:31)
	at jdk.internal.reflect.GeneratedMethodAccessor48.invoke(Unknown Source)
	at java.base/jdk.internal.reflect.DelegatingMethodAccessorImpl.invoke(DelegatingMethodAccessorImpl.java:43)
	at java.base/java.lang.reflect.Method.invoke(Method.java:568)
	at org.springframework.aop.aspectj.AbstractAspectJAdvice.invokeAdviceMethodWithGivenArgs(AbstractAspectJAdvice.java:637)
	at org.springframework.aop.aspectj.AbstractAspectJAdvice.invokeAdviceMethod(AbstractAspectJAdvice.java:627)
	at org.springframework.aop.aspectj.AspectJAroundAdvice.invoke(AspectJAroundAdvice.java:71)
	at org.springframework.aop.framework.ReflectiveMethodInvocation.proceed(ReflectiveMethodInvocation.java:184)
	at org.springframework.aop.framework.CglibAopProxy$CglibMethodInvocation.proceed(CglibAopProxy.java:768)
	at org.springframework.transaction.interceptor.TransactionAspectSupport.invokeWithinTransaction(TransactionAspectSupport.java:379)
	at org.springframework.transaction.interceptor.TransactionInterceptor.invoke(TransactionInterceptor.java:119)
	at org.springframework.aop.framework.ReflectiveMethodInvocation.proceed(ReflectiveMethodInvocation.java:184)
	at org.springframework.aop.framework.CglibAopProxy$CglibMethodInvocation.proceed(CglibAopProxy.java:768)
	at org.springframework.cache.interceptor.CacheInterceptor.lambda$invoke$0(CacheInterceptor.java:64)
	at org.springframework.cache.interceptor.CacheAspectSupport.invokeOperation(CacheAspectSupport.java:416)
	at org.springframework.cache.interceptor.CacheAspectSupport.evaluate(CacheAspectSupport.java:548)
	at org.springframework.cache.interceptor.CacheAspectSupport.execute(CacheAspectSupport.java:433)
	at org.springframework.cache.interceptor.CacheAspectSupport.execute(CacheAspectSupport.java:395)
	at org.springframework.cache.interceptor.CacheInterceptor.invoke(CacheInterceptor.java:74)
	at org.springframework.aop.framework.ReflectiveMethodInvocation.proceed(ReflectiveMethodInvocation.java:184)
	at org.springframework.aop.framework.CglibAopProxy$CglibMethodInvocation.proceed(CglibAopProxy.java:768)
	at org.springframework.aop.interceptor.ExposeInvocationInterceptor.invoke(ExposeInvocationInterceptor.java:97)
	at org.springframework.aop.framework.ReflectiveMethodInvocation.proceed(ReflectiveMethodInvocation.java:184)
	at org.springframework.aop.framework.CglibAopProxy$CglibMethodInvocation.proceed(CglibAopProxy.java:768)
	at org.springframework.aop.framework.CglibAopProxy$DynamicAdvisedInterceptor.intercept(CglibAopProxy.java:720)
	at kr.co.seoulit.reception.service.ReceptionServiceImpl$$SpringCGLIB$$0.getReception(<generated>)
	at kr.co.seoulit.reception.controller.ReceptionController.getReception(ReceptionController.java:220)
	at jdk.internal.reflect.GeneratedMethodAccessor139.invoke(Unknown Source)
	at java.base/jdk.internal.reflect.DelegatingMethodAccessorImpl.invoke(DelegatingMethodAccessorImpl.java:43)
	at java.base/java.lang.reflect.Method.invoke(Method.java:568)
	at org.springframework.aop.support.AopUtils.invokeJoinpointUsingReflection(AopUtils.java:354)
	at org.springframework.aop.framework.ReflectiveMethodInvocation.invokeJoinpoint(ReflectiveMethodInvocation.java:196)
	at org.springframework.aop.framework.ReflectiveMethodInvocation.proceed(ReflectiveMethodInvocation.java:163)
	at org.springframework.aop.framework.CglibAopProxy$CglibMethodInvocation.proceed(CglibAopProxy.java:768)
	at org.springframework.aop.aspectj.MethodInvocationProceedingJoinPoint.proceed(MethodInvocationProceedingJoinPoint.java:89)
	at kr.co.seoulit.common.aop.LoggerAspect.logPrint(LoggerAspect.java:31)
	at jdk.internal.reflect.GeneratedMethodAccessor48.invoke(Unknown Source)
	at java.base/jdk.internal.reflect.DelegatingMethodAccessorImpl.invoke(DelegatingMethodAccessorImpl.java:43)
	at java.base/java.lang.reflect.Method.invoke(Method.java:568)
	at org.springframework.aop.aspectj.AbstractAspectJAdvice.invokeAdviceMethodWithGivenArgs(AbstractAspectJAdvice.java:637)
	at org.springframework.aop.aspectj.AbstractAspectJAdvice.invokeAdviceMethod(AbstractAspectJAdvice.java:627)
	at org.springframework.aop.aspectj.AspectJAroundAdvice.invoke(AspectJAroundAdvice.java:71)
	at org.springframework.aop.framework.ReflectiveMethodInvocation.proceed(ReflectiveMethodInvocation.java:184)
	at org.springframework.aop.framework.CglibAopProxy$CglibMethodInvocation.proceed(CglibAopProxy.java:768)
	at org.springframework.aop.interceptor.ExposeInvocationInterceptor.invoke(ExposeInvocationInterceptor.java:97)
	at org.springframework.aop.framework.ReflectiveMethodInvocation.proceed(ReflectiveMethodInvocation.java:184)
	at org.springframework.aop.framework.CglibAopProxy$CglibMethodInvocation.proceed(CglibAopProxy.java:768)
	at org.springframework.aop.framework.CglibAopProxy$DynamicAdvisedInterceptor.intercept(CglibAopProxy.java:720)
	at kr.co.seoulit.reception.controller.ReceptionController$$SpringCGLIB$$0.getReception(<generated>)
	at jdk.internal.reflect.GeneratedMethodAccessor139.invoke(Unknown Source)
	at java.base/jdk.internal.reflect.DelegatingMethodAccessorImpl.invoke(DelegatingMethodAccessorImpl.java:43)
	at java.base/java.lang.reflect.Method.invoke(Method.java:568)
	at org.springframework.web.method.support.InvocableHandlerMethod.doInvoke(InvocableHandlerMethod.java:255)
	at org.springframework.web.method.support.InvocableHandlerMethod.invokeForRequest(InvocableHandlerMethod.java:188)
	at org.springframework.web.servlet.mvc.method.annotation.ServletInvocableHandlerMethod.invokeAndHandle(ServletInvocableHandlerMethod.java:118)
	at org.springframework.web.servlet.mvc.method.annotation.RequestMappingHandlerAdapter.invokeHandlerMethod(RequestMappingHandlerAdapter.java:926)
	at org.springframework.web.servlet.mvc.method.annotation.RequestMappingHandlerAdapter.handleInternal(RequestMappingHandlerAdapter.java:831)
	at org.springframework.web.servlet.mvc.method.AbstractHandlerMethodAdapter.handle(AbstractHandlerMethodAdapter.java:87)
	at org.springframework.web.servlet.DispatcherServlet.doDispatch(DispatcherServlet.java:1089)
	at org.springframework.web.servlet.DispatcherServlet.doService(DispatcherServlet.java:979)
	at org.springframework.web.servlet.FrameworkServlet.processRequest(FrameworkServlet.java:1014)
	at org.springframework.web.servlet.FrameworkServlet.doGet(FrameworkServlet.java:903)
	at jakarta.servlet.http.HttpServlet.service(HttpServlet.java:564)
	at org.springframework.web.servlet.FrameworkServlet.service(FrameworkServlet.java:885)
	at jakarta.servlet.http.HttpServlet.service(HttpServlet.java:658)
	at org.apache.catalina.core.ApplicationFilterChain.internalDoFilter(ApplicationFilterChain.java:195)
	at org.apache.catalina.core.ApplicationFilterChain.doFilter(ApplicationFilterChain.java:140)
	at org.apache.tomcat.websocket.server.WsFilter.doFilter(WsFilter.java:51)
	at org.apache.catalina.core.ApplicationFilterChain.internalDoFilter(ApplicationFilterChain.java:164)
	at org.apache.catalina.core.ApplicationFilterChain.doFilter(ApplicationFilterChain.java:140)
	at org.springframework.web.filter.CorsFilter.doFilterInternal(CorsFilter.java:91)
	at org.springframework.web.filter.OncePerRequestFilter.doFilter(OncePerRequestFilter.java:116)
	at org.apache.catalina.core.ApplicationFilterChain.internalDoFilter(ApplicationFilterChain.java:164)
	at org.apache.catalina.core.ApplicationFilterChain.doFilter(ApplicationFilterChain.java:140)
	at org.springframework.web.filter.RequestContextFilter.doFilterInternal(RequestContextFilter.java:100)
	at org.springframework.web.filter.OncePerRequestFilter.doFilter(OncePerRequestFilter.java:116)
	at org.apache.catalina.core.ApplicationFilterChain.internalDoFilter(ApplicationFilterChain.java:164)
	at org.apache.catalina.core.ApplicationFilterChain.doFilter(ApplicationFilterChain.java:140)
	at org.springframework.web.filter.FormContentFilter.doFilterInternal(FormContentFilter.java:93)
	at org.springframework.web.filter.OncePerRequestFilter.doFilter(OncePerRequestFilter.java:116)
	at org.apache.catalina.core.ApplicationFilterChain.internalDoFilter(ApplicationFilterChain.java:164)
	at org.apache.catalina.core.ApplicationFilterChain.doFilter(ApplicationFilterChain.java:140)
	at org.springframework.web.filter.CharacterEncodingFilter.doFilterInternal(CharacterEncodingFilter.java:201)
	at org.springframework.web.filter.OncePerRequestFilter.doFilter(OncePerRequestFilter.java:116)
	at org.apache.catalina.core.ApplicationFilterChain.internalDoFilter(ApplicationFilterChain.java:164)
	at org.apache.catalina.core.ApplicationFilterChain.doFilter(ApplicationFilterChain.java:140)
	at org.apache.catalina.core.StandardWrapperValve.invoke(StandardWrapperValve.java:167)
	at org.apache.catalina.core.StandardContextValve.invoke(StandardContextValve.java:90)
	at org.apache.catalina.authenticator.AuthenticatorBase.invoke(AuthenticatorBase.java:483)
	at org.apache.catalina.core.StandardHostValve.invoke(StandardHostValve.java:115)
	at org.apache.catalina.valves.ErrorReportValve.invoke(ErrorReportValve.java:93)
	at org.apache.catalina.core.StandardEngineValve.invoke(StandardEngineValve.java:74)
	at org.apache.catalina.connector.CoyoteAdapter.service(CoyoteAdapter.java:344)
	at org.apache.coyote.http11.Http11Processor.service(Http11Processor.java:389)
	at org.apache.coyote.AbstractProcessorLight.process(AbstractProcessorLight.java:63)
	at org.apache.coyote.AbstractProtocol$ConnectionHandler.process(AbstractProtocol.java:904)
	at org.apache.tomcat.util.net.NioEndpoint$SocketProcessor.doRun(NioEndpoint.java:1741)
	at org.apache.tomcat.util.net.SocketProcessorBase.run(SocketProcessorBase.java:52)
	at org.apache.tomcat.util.threads.ThreadPoolExecutor.runWorker(ThreadPoolExecutor.java:1190)
	at org.apache.tomcat.util.threads.ThreadPoolExecutor$Worker.run(ThreadPoolExecutor.java:659)
	at org.apache.tomcat.util.threads.TaskThread$WrappingRunnable.run(TaskThread.java:63)
	at java.base/java.lang.Thread.run(Thread.java:842)
2026-02-13 11:15:47.081 INFO  k.co.seoulit.common.aop.LoggerAspect - Controller  : kr.co.seoulit.reception.controller.ReservationController.getReservations()시작
2026-02-13 11:15:47.082 INFO  k.c.s.r.c.ReservationController - 예약 목록 요청: searchType=null, searchValue=null
2026-02-13 11:15:47.092 INFO  k.co.seoulit.common.aop.LoggerAspect - ServiceImpl  : kr.co.seoulit.reception.service.ReservationServiceImpl.getReservationList()시작
2026-02-13 11:15:47.106 INFO  k.co.seoulit.common.aop.LoggerAspect - ServiceImpl  : kr.co.seoulit.reception.service.ReservationServiceImpl.getReservationList()종료
2026-02-13 11:15:47.114 INFO  k.co.seoulit.common.aop.LoggerAspect - Controller  : kr.co.seoulit.reception.controller.ReservationController.getReservations()종료
2026-02-13 11:55:45.347 INFO  k.co.seoulit.common.aop.LoggerAspect - Controller  : kr.co.seoulit.reception.controller.MenuController.getMenus()시작
2026-02-13 11:55:45.349 INFO  k.co.seoulit.common.aop.LoggerAspect - Controller  : kr.co.seoulit.reception.controller.ReceptionController.getReceptions()시작
2026-02-13 11:55:45.350 INFO  k.co.seoulit.common.aop.LoggerAspect - Controller  : kr.co.seoulit.reception.controller.MenuController.getMenus()종료
2026-02-13 11:55:45.350 INFO  k.c.s.r.c.ReceptionController - 접수 목록 요청: searchType=null, searchValue=null
2026-02-13 11:55:45.365 INFO  k.co.seoulit.common.aop.LoggerAspect - Controller  : kr.co.seoulit.reception.controller.MenuController.getMenus()시작
2026-02-13 11:55:45.366 INFO  k.co.seoulit.common.aop.LoggerAspect - Controller  : kr.co.seoulit.reception.controller.MenuController.getMenus()종료
2026-02-13 11:55:45.367 INFO  k.co.seoulit.common.aop.LoggerAspect - ServiceImpl  : kr.co.seoulit.reception.service.ReceptionServiceImpl.getReceptionList()시작
2026-02-13 11:55:45.403 INFO  k.co.seoulit.common.aop.LoggerAspect - ServiceImpl  : kr.co.seoulit.reception.service.ReceptionServiceImpl.getReceptionList()종료
2026-02-13 11:55:45.418 INFO  k.co.seoulit.common.aop.LoggerAspect - Controller  : kr.co.seoulit.reception.controller.ReceptionController.getReceptions()종료
2026-02-13 11:55:45.429 INFO  k.co.seoulit.common.aop.LoggerAspect - Controller  : kr.co.seoulit.reception.controller.ReceptionController.getReceptions()시작
2026-02-13 11:55:45.430 INFO  k.c.s.r.c.ReceptionController - 접수 목록 요청: searchType=null, searchValue=null
2026-02-13 11:55:45.430 INFO  k.co.seoulit.common.aop.LoggerAspect - ServiceImpl  : kr.co.seoulit.reception.service.ReceptionServiceImpl.getReceptionList()시작
2026-02-13 11:55:45.443 INFO  k.co.seoulit.common.aop.LoggerAspect - ServiceImpl  : kr.co.seoulit.reception.service.ReceptionServiceImpl.getReceptionList()종료
2026-02-13 11:55:45.452 INFO  k.co.seoulit.common.aop.LoggerAspect - Controller  : kr.co.seoulit.reception.controller.ReceptionController.getReceptions()종료
2026-02-13 11:55:45.633 INFO  k.co.seoulit.common.aop.LoggerAspect - Controller  : kr.co.seoulit.reception.controller.ReceptionController.getReception()시작
2026-02-13 11:55:45.634 INFO  k.c.s.r.c.ReceptionController - 접수 조회 요청: id=5
2026-02-13 11:55:45.640 INFO  k.co.seoulit.common.aop.LoggerAspect - ServiceImpl  : kr.co.seoulit.reception.service.ReceptionServiceImpl.getReception()시작
2026-02-13 11:55:45.647 DEBUG org.hibernate.SQL - select re1_0.reception_id,re1_0.arrived_at,re1_0.cancel_reason_code,re1_0.cancel_reason_text,re1_0.created_at,re1_0.created_by,re1_0.department_id,re1_0.department_name,re1_0.doctor_id,re1_0.doctor_name,re1_0.hold_reason_code,re1_0.hold_reason_text,re1_0.inactive_at,re1_0.inactive_reason_code,re1_0.inactive_reason_text,re1_0.is_active,re1_0.note,re1_0.patient_id,re1_0.patient_name,re1_0.reception_no,re1_0.reservation_id,re1_0.scheduled_at,re1_0.status,re1_0.updated_at,re1_0.updated_by,re1_0.visit_type from reception re1_0 where re1_0.reception_id=?
2026-02-13 11:55:45.647 TRACE org.hibernate.orm.jdbc.bind - binding parameter (1:BIGINT) <- [5]
2026-02-13 11:55:45.664 INFO  k.co.seoulit.common.aop.LoggerAspect - kr.co.seoulit.reception.mapstruct.ReceptionResMapStructImpl.toDto()시작
2026-02-13 11:55:45.664 INFO  k.co.seoulit.common.aop.LoggerAspect - kr.co.seoulit.reception.mapstruct.ReceptionResMapStructImpl.toDto()종료
2026-02-13 11:55:45.664 INFO  k.co.seoulit.common.aop.LoggerAspect - ServiceImpl  : kr.co.seoulit.reception.service.ReceptionServiceImpl.getReception()종료
2026-02-13 11:55:45.672 INFO  k.co.seoulit.common.aop.LoggerAspect - Controller  : kr.co.seoulit.reception.controller.ReceptionController.getReception()종료
2026-02-13 11:55:49.572 INFO  k.co.seoulit.common.aop.LoggerAspect - Controller  : kr.co.seoulit.reception.controller.MenuController.getMenus()시작
2026-02-13 11:55:49.572 INFO  k.co.seoulit.common.aop.LoggerAspect - Controller  : kr.co.seoulit.reception.controller.MenuController.getMenus()종료
2026-02-13 11:55:49.574 INFO  k.co.seoulit.common.aop.LoggerAspect - Controller  : kr.co.seoulit.reception.controller.ReceptionController.getReceptions()시작
2026-02-13 11:55:49.574 INFO  k.c.s.r.c.ReceptionController - 접수 목록 요청: searchType=null, searchValue=null
2026-02-13 11:55:49.577 INFO  k.co.seoulit.common.aop.LoggerAspect - Controller  : kr.co.seoulit.reception.controller.MenuController.getMenus()시작
2026-02-13 11:55:49.578 INFO  k.co.seoulit.common.aop.LoggerAspect - Controller  : kr.co.seoulit.reception.controller.MenuController.getMenus()종료
2026-02-13 11:55:49.583 INFO  k.co.seoulit.common.aop.LoggerAspect - ServiceImpl  : kr.co.seoulit.reception.service.ReceptionServiceImpl.getReceptionList()시작
2026-02-13 11:55:49.597 INFO  k.co.seoulit.common.aop.LoggerAspect - ServiceImpl  : kr.co.seoulit.reception.service.ReceptionServiceImpl.getReceptionList()종료
2026-02-13 11:55:49.606 INFO  k.co.seoulit.common.aop.LoggerAspect - Controller  : kr.co.seoulit.reception.controller.ReceptionController.getReceptions()종료
2026-02-13 11:55:49.611 INFO  k.co.seoulit.common.aop.LoggerAspect - Controller  : kr.co.seoulit.reception.controller.ReceptionController.getReceptions()시작
2026-02-13 11:55:49.612 INFO  k.c.s.r.c.ReceptionController - 접수 목록 요청: searchType=null, searchValue=null
2026-02-13 11:55:49.612 INFO  k.co.seoulit.common.aop.LoggerAspect - ServiceImpl  : kr.co.seoulit.reception.service.ReceptionServiceImpl.getReceptionList()시작
2026-02-13 11:55:49.624 INFO  k.co.seoulit.common.aop.LoggerAspect - ServiceImpl  : kr.co.seoulit.reception.service.ReceptionServiceImpl.getReceptionList()종료
2026-02-13 11:55:49.636 INFO  k.co.seoulit.common.aop.LoggerAspect - Controller  : kr.co.seoulit.reception.controller.ReceptionController.getReceptions()종료
2026-02-13 11:55:52.084 INFO  k.co.seoulit.common.aop.LoggerAspect - Controller  : kr.co.seoulit.reception.controller.MenuController.getMenus()시작
2026-02-13 11:55:52.084 INFO  k.co.seoulit.common.aop.LoggerAspect - Controller  : kr.co.seoulit.reception.controller.MenuController.getMenus()종료
2026-02-13 11:55:52.085 INFO  k.co.seoulit.common.aop.LoggerAspect - Controller  : kr.co.seoulit.reception.controller.ReceptionController.getReceptions()시작
2026-02-13 11:55:52.086 INFO  k.c.s.r.c.ReceptionController - 접수 목록 요청: searchType=null, searchValue=null
2026-02-13 11:55:52.088 INFO  k.co.seoulit.common.aop.LoggerAspect - Controller  : kr.co.seoulit.reception.controller.MenuController.getMenus()시작
2026-02-13 11:55:52.088 INFO  k.co.seoulit.common.aop.LoggerAspect - Controller  : kr.co.seoulit.reception.controller.MenuController.getMenus()종료
2026-02-13 11:55:52.095 INFO  k.co.seoulit.common.aop.LoggerAspect - ServiceImpl  : kr.co.seoulit.reception.service.ReceptionServiceImpl.getReceptionList()시작
2026-02-13 11:55:52.109 INFO  k.co.seoulit.common.aop.LoggerAspect - ServiceImpl  : kr.co.seoulit.reception.service.ReceptionServiceImpl.getReceptionList()종료
2026-02-13 11:55:52.117 INFO  k.co.seoulit.common.aop.LoggerAspect - Controller  : kr.co.seoulit.reception.controller.ReceptionController.getReceptions()종료
2026-02-13 11:55:52.122 INFO  k.co.seoulit.common.aop.LoggerAspect - Controller  : kr.co.seoulit.reception.controller.ReceptionController.getReceptions()시작
2026-02-13 11:55:52.123 INFO  k.c.s.r.c.ReceptionController - 접수 목록 요청: searchType=null, searchValue=null
2026-02-13 11:55:52.123 INFO  k.co.seoulit.common.aop.LoggerAspect - ServiceImpl  : kr.co.seoulit.reception.service.ReceptionServiceImpl.getReceptionList()시작
2026-02-13 11:55:52.139 INFO  k.co.seoulit.common.aop.LoggerAspect - ServiceImpl  : kr.co.seoulit.reception.service.ReceptionServiceImpl.getReceptionList()종료
2026-02-13 11:55:52.147 INFO  k.co.seoulit.common.aop.LoggerAspect - Controller  : kr.co.seoulit.reception.controller.ReceptionController.getReceptions()종료
2026-02-13 11:56:33.945 INFO  k.co.seoulit.common.aop.LoggerAspect - Controller  : kr.co.seoulit.reception.controller.MenuController.getMenus()시작
2026-02-13 11:56:33.945 INFO  k.co.seoulit.common.aop.LoggerAspect - Controller  : kr.co.seoulit.reception.controller.MenuController.getMenus()종료
2026-02-13 11:56:34.054 INFO  k.co.seoulit.common.aop.LoggerAspect - Controller  : kr.co.seoulit.reception.controller.MenuController.getMenus()시작
2026-02-13 11:56:34.054 INFO  k.co.seoulit.common.aop.LoggerAspect - Controller  : kr.co.seoulit.reception.controller.MenuController.getMenus()종료
2026-02-13 11:56:34.135 INFO  k.co.seoulit.common.aop.LoggerAspect - Controller  : kr.co.seoulit.reception.controller.PatientController.getPatients()시작
2026-02-13 11:56:34.451 DEBUG org.hibernate.SQL - select pe1_0.patient_id,pe1_0.patient_name from patient pe1_0
2026-02-13 11:56:34.490 INFO  k.co.seoulit.common.aop.LoggerAspect - Controller  : kr.co.seoulit.reception.controller.PatientController.getPatients()종료
2026-02-13 11:56:34.502 INFO  k.co.seoulit.common.aop.LoggerAspect - Controller  : kr.co.seoulit.reception.controller.PatientController.getPatients()시작
2026-02-13 11:56:34.506 DEBUG org.hibernate.SQL - select pe1_0.patient_id,pe1_0.patient_name from patient pe1_0
2026-02-13 11:56:34.536 INFO  k.co.seoulit.common.aop.LoggerAspect - Controller  : kr.co.seoulit.reception.controller.PatientController.getPatients()종료
2026-02-13 11:56:42.715 INFO  k.co.seoulit.common.aop.LoggerAspect - Controller  : kr.co.seoulit.reception.controller.MenuController.getMenus()시작
2026-02-13 11:56:42.716 INFO  k.co.seoulit.common.aop.LoggerAspect - Controller  : kr.co.seoulit.reception.controller.MenuController.getMenus()종료
2026-02-13 11:56:42.820 INFO  k.co.seoulit.common.aop.LoggerAspect - Controller  : kr.co.seoulit.reception.controller.PatientController.getPatients()시작
2026-02-13 11:56:42.840 DEBUG org.hibernate.SQL - select pe1_0.patient_id,pe1_0.patient_name from patient pe1_0
2026-02-13 11:56:42.872 INFO  k.co.seoulit.common.aop.LoggerAspect - Controller  : kr.co.seoulit.reception.controller.PatientController.getPatients()종료
2026-02-13 11:56:46.784 WARN  k.c.s.c.h.GlobalExceptionHandler - No resource found
org.springframework.web.servlet.resource.NoResourceFoundException: No static resource api/jpa/medical-staff.
	at org.springframework.web.servlet.resource.ResourceHttpRequestHandler.handleRequest(ResourceHttpRequestHandler.java:585)
	at org.springframework.web.servlet.mvc.HttpRequestHandlerAdapter.handle(HttpRequestHandlerAdapter.java:52)
	at org.springframework.web.servlet.DispatcherServlet.doDispatch(DispatcherServlet.java:1089)
	at org.springframework.web.servlet.DispatcherServlet.doService(DispatcherServlet.java:979)
	at org.springframework.web.servlet.FrameworkServlet.processRequest(FrameworkServlet.java:1014)
	at org.springframework.web.servlet.FrameworkServlet.doGet(FrameworkServlet.java:903)
	at jakarta.servlet.http.HttpServlet.service(HttpServlet.java:564)
	at org.springframework.web.servlet.FrameworkServlet.service(FrameworkServlet.java:885)
	at jakarta.servlet.http.HttpServlet.service(HttpServlet.java:658)
	at org.apache.catalina.core.ApplicationFilterChain.internalDoFilter(ApplicationFilterChain.java:195)
	at org.apache.catalina.core.ApplicationFilterChain.doFilter(ApplicationFilterChain.java:140)
	at org.apache.tomcat.websocket.server.WsFilter.doFilter(WsFilter.java:51)
	at org.apache.catalina.core.ApplicationFilterChain.internalDoFilter(ApplicationFilterChain.java:164)
	at org.apache.catalina.core.ApplicationFilterChain.doFilter(ApplicationFilterChain.java:140)
	at org.springframework.web.filter.CorsFilter.doFilterInternal(CorsFilter.java:91)
	at org.springframework.web.filter.OncePerRequestFilter.doFilter(OncePerRequestFilter.java:116)
	at org.apache.catalina.core.ApplicationFilterChain.internalDoFilter(ApplicationFilterChain.java:164)
	at org.apache.catalina.core.ApplicationFilterChain.doFilter(ApplicationFilterChain.java:140)
	at org.springframework.web.filter.RequestContextFilter.doFilterInternal(RequestContextFilter.java:100)
	at org.springframework.web.filter.OncePerRequestFilter.doFilter(OncePerRequestFilter.java:116)
	at org.apache.catalina.core.ApplicationFilterChain.internalDoFilter(ApplicationFilterChain.java:164)
	at org.apache.catalina.core.ApplicationFilterChain.doFilter(ApplicationFilterChain.java:140)
	at org.springframework.web.filter.FormContentFilter.doFilterInternal(FormContentFilter.java:93)
	at org.springframework.web.filter.OncePerRequestFilter.doFilter(OncePerRequestFilter.java:116)
	at org.apache.catalina.core.ApplicationFilterChain.internalDoFilter(ApplicationFilterChain.java:164)
	at org.apache.catalina.core.ApplicationFilterChain.doFilter(ApplicationFilterChain.java:140)
	at org.springframework.web.filter.CharacterEncodingFilter.doFilterInternal(CharacterEncodingFilter.java:201)
	at org.springframework.web.filter.OncePerRequestFilter.doFilter(OncePerRequestFilter.java:116)
	at org.apache.catalina.core.ApplicationFilterChain.internalDoFilter(ApplicationFilterChain.java:164)
	at org.apache.catalina.core.ApplicationFilterChain.doFilter(ApplicationFilterChain.java:140)
	at org.apache.catalina.core.StandardWrapperValve.invoke(StandardWrapperValve.java:167)
	at org.apache.catalina.core.StandardContextValve.invoke(StandardContextValve.java:90)
	at org.apache.catalina.authenticator.AuthenticatorBase.invoke(AuthenticatorBase.java:483)
	at org.apache.catalina.core.StandardHostValve.invoke(StandardHostValve.java:115)
	at org.apache.catalina.valves.ErrorReportValve.invoke(ErrorReportValve.java:93)
	at org.apache.catalina.core.StandardEngineValve.invoke(StandardEngineValve.java:74)
	at org.apache.catalina.connector.CoyoteAdapter.service(CoyoteAdapter.java:344)
	at org.apache.coyote.http11.Http11Processor.service(Http11Processor.java:389)
	at org.apache.coyote.AbstractProcessorLight.process(AbstractProcessorLight.java:63)
	at org.apache.coyote.AbstractProtocol$ConnectionHandler.process(AbstractProtocol.java:904)
	at org.apache.tomcat.util.net.NioEndpoint$SocketProcessor.doRun(NioEndpoint.java:1741)
	at org.apache.tomcat.util.net.SocketProcessorBase.run(SocketProcessorBase.java:52)
	at org.apache.tomcat.util.threads.ThreadPoolExecutor.runWorker(ThreadPoolExecutor.java:1190)
	at org.apache.tomcat.util.threads.ThreadPoolExecutor$Worker.run(ThreadPoolExecutor.java:659)
	at org.apache.tomcat.util.threads.TaskThread$WrappingRunnable.run(TaskThread.java:63)
	at java.base/java.lang.Thread.run(Thread.java:842)
2026-02-13 11:56:46.793 WARN  k.c.s.c.h.GlobalExceptionHandler - No resource found
org.springframework.web.servlet.resource.NoResourceFoundException: No static resource api/jpa/medical-staff.
	at org.springframework.web.servlet.resource.ResourceHttpRequestHandler.handleRequest(ResourceHttpRequestHandler.java:585)
	at org.springframework.web.servlet.mvc.HttpRequestHandlerAdapter.handle(HttpRequestHandlerAdapter.java:52)
	at org.springframework.web.servlet.DispatcherServlet.doDispatch(DispatcherServlet.java:1089)
	at org.springframework.web.servlet.DispatcherServlet.doService(DispatcherServlet.java:979)
	at org.springframework.web.servlet.FrameworkServlet.processRequest(FrameworkServlet.java:1014)
	at org.springframework.web.servlet.FrameworkServlet.doGet(FrameworkServlet.java:903)
	at jakarta.servlet.http.HttpServlet.service(HttpServlet.java:564)
	at org.springframework.web.servlet.FrameworkServlet.service(FrameworkServlet.java:885)
	at jakarta.servlet.http.HttpServlet.service(HttpServlet.java:658)
	at org.apache.catalina.core.ApplicationFilterChain.internalDoFilter(ApplicationFilterChain.java:195)
	at org.apache.catalina.core.ApplicationFilterChain.doFilter(ApplicationFilterChain.java:140)
	at org.apache.tomcat.websocket.server.WsFilter.doFilter(WsFilter.java:51)
	at org.apache.catalina.core.ApplicationFilterChain.internalDoFilter(ApplicationFilterChain.java:164)
	at org.apache.catalina.core.ApplicationFilterChain.doFilter(ApplicationFilterChain.java:140)
	at org.springframework.web.filter.CorsFilter.doFilterInternal(CorsFilter.java:91)
	at org.springframework.web.filter.OncePerRequestFilter.doFilter(OncePerRequestFilter.java:116)
	at org.apache.catalina.core.ApplicationFilterChain.internalDoFilter(ApplicationFilterChain.java:164)
	at org.apache.catalina.core.ApplicationFilterChain.doFilter(ApplicationFilterChain.java:140)
	at org.springframework.web.filter.RequestContextFilter.doFilterInternal(RequestContextFilter.java:100)
	at org.springframework.web.filter.OncePerRequestFilter.doFilter(OncePerRequestFilter.java:116)
	at org.apache.catalina.core.ApplicationFilterChain.internalDoFilter(ApplicationFilterChain.java:164)
	at org.apache.catalina.core.ApplicationFilterChain.doFilter(ApplicationFilterChain.java:140)
	at org.springframework.web.filter.FormContentFilter.doFilterInternal(FormContentFilter.java:93)
	at org.springframework.web.filter.OncePerRequestFilter.doFilter(OncePerRequestFilter.java:116)
	at org.apache.catalina.core.ApplicationFilterChain.internalDoFilter(ApplicationFilterChain.java:164)
	at org.apache.catalina.core.ApplicationFilterChain.doFilter(ApplicationFilterChain.java:140)
	at org.springframework.web.filter.CharacterEncodingFilter.doFilterInternal(CharacterEncodingFilter.java:201)
	at org.springframework.web.filter.OncePerRequestFilter.doFilter(OncePerRequestFilter.java:116)
	at org.apache.catalina.core.ApplicationFilterChain.internalDoFilter(ApplicationFilterChain.java:164)
	at org.apache.catalina.core.ApplicationFilterChain.doFilter(ApplicationFilterChain.java:140)
	at org.apache.catalina.core.StandardWrapperValve.invoke(StandardWrapperValve.java:167)
	at org.apache.catalina.core.StandardContextValve.invoke(StandardContextValve.java:90)
	at org.apache.catalina.authenticator.AuthenticatorBase.invoke(AuthenticatorBase.java:483)
	at org.apache.catalina.core.StandardHostValve.invoke(StandardHostValve.java:115)
	at org.apache.catalina.valves.ErrorReportValve.invoke(ErrorReportValve.java:93)
	at org.apache.catalina.core.StandardEngineValve.invoke(StandardEngineValve.java:74)
	at org.apache.catalina.connector.CoyoteAdapter.service(CoyoteAdapter.java:344)
	at org.apache.coyote.http11.Http11Processor.service(Http11Processor.java:389)
	at org.apache.coyote.AbstractProcessorLight.process(AbstractProcessorLight.java:63)
	at org.apache.coyote.AbstractProtocol$ConnectionHandler.process(AbstractProtocol.java:904)
	at org.apache.tomcat.util.net.NioEndpoint$SocketProcessor.doRun(NioEndpoint.java:1741)
	at org.apache.tomcat.util.net.SocketProcessorBase.run(SocketProcessorBase.java:52)
	at org.apache.tomcat.util.threads.ThreadPoolExecutor.runWorker(ThreadPoolExecutor.java:1190)
	at org.apache.tomcat.util.threads.ThreadPoolExecutor$Worker.run(ThreadPoolExecutor.java:659)
	at org.apache.tomcat.util.threads.TaskThread$WrappingRunnable.run(TaskThread.java:63)
	at java.base/java.lang.Thread.run(Thread.java:842)
2026-02-13 11:56:50.004 INFO  k.co.seoulit.common.aop.LoggerAspect - Controller  : kr.co.seoulit.reception.controller.MenuController.getMenus()시작
2026-02-13 11:56:50.005 INFO  k.co.seoulit.common.aop.LoggerAspect - Controller  : kr.co.seoulit.reception.controller.MenuController.getMenus()종료
2026-02-13 11:56:50.026 INFO  k.co.seoulit.common.aop.LoggerAspect - Controller  : kr.co.seoulit.reception.controller.MenuController.getMenus()시작
2026-02-13 11:56:50.026 INFO  k.co.seoulit.common.aop.LoggerAspect - Controller  : kr.co.seoulit.reception.controller.MenuController.getMenus()종료
2026-02-13 11:56:50.027 INFO  k.co.seoulit.common.aop.LoggerAspect - Controller  : kr.co.seoulit.reception.controller.ReceptionController.getReceptions()시작
2026-02-13 11:56:50.027 INFO  k.c.s.r.c.ReceptionController - 접수 목록 요청: searchType=null, searchValue=null
2026-02-13 11:56:50.188 INFO  k.co.seoulit.common.aop.LoggerAspect - ServiceImpl  : kr.co.seoulit.reception.service.ReceptionServiceImpl.getReceptionList()시작
2026-02-13 11:56:50.204 INFO  k.co.seoulit.common.aop.LoggerAspect - ServiceImpl  : kr.co.seoulit.reception.service.ReceptionServiceImpl.getReceptionList()종료
2026-02-13 11:56:50.213 INFO  k.co.seoulit.common.aop.LoggerAspect - Controller  : kr.co.seoulit.reception.controller.ReceptionController.getReceptions()종료
2026-02-13 11:56:50.221 INFO  k.co.seoulit.common.aop.LoggerAspect - Controller  : kr.co.seoulit.reception.controller.ReceptionController.getReceptions()시작
2026-02-13 11:56:50.222 INFO  k.c.s.r.c.ReceptionController - 접수 목록 요청: searchType=null, searchValue=null
2026-02-13 11:56:50.222 INFO  k.co.seoulit.common.aop.LoggerAspect - ServiceImpl  : kr.co.seoulit.reception.service.ReceptionServiceImpl.getReceptionList()시작
2026-02-13 11:56:50.236 INFO  k.co.seoulit.common.aop.LoggerAspect - ServiceImpl  : kr.co.seoulit.reception.service.ReceptionServiceImpl.getReceptionList()종료
2026-02-13 11:56:50.245 INFO  k.co.seoulit.common.aop.LoggerAspect - Controller  : kr.co.seoulit.reception.controller.ReceptionController.getReceptions()종료
2026-02-13 11:56:50.308 INFO  k.co.seoulit.common.aop.LoggerAspect - Controller  : kr.co.seoulit.reception.controller.ReceptionController.getReception()시작
2026-02-13 11:56:50.308 INFO  k.c.s.r.c.ReceptionController - 접수 조회 요청: id=5
2026-02-13 11:56:50.309 INFO  k.co.seoulit.common.aop.LoggerAspect - ServiceImpl  : kr.co.seoulit.reception.service.ReceptionServiceImpl.getReception()시작
2026-02-13 11:56:50.309 DEBUG org.hibernate.SQL - select re1_0.reception_id,re1_0.arrived_at,re1_0.cancel_reason_code,re1_0.cancel_reason_text,re1_0.created_at,re1_0.created_by,re1_0.department_id,re1_0.department_name,re1_0.doctor_id,re1_0.doctor_name,re1_0.hold_reason_code,re1_0.hold_reason_text,re1_0.inactive_at,re1_0.inactive_reason_code,re1_0.inactive_reason_text,re1_0.is_active,re1_0.note,re1_0.patient_id,re1_0.patient_name,re1_0.reception_no,re1_0.reservation_id,re1_0.scheduled_at,re1_0.status,re1_0.updated_at,re1_0.updated_by,re1_0.visit_type from reception re1_0 where re1_0.reception_id=?
2026-02-13 11:56:50.309 TRACE org.hibernate.orm.jdbc.bind - binding parameter (1:BIGINT) <- [5]
2026-02-13 11:56:50.322 INFO  k.co.seoulit.common.aop.LoggerAspect - kr.co.seoulit.reception.mapstruct.ReceptionResMapStructImpl.toDto()시작
2026-02-13 11:56:50.322 INFO  k.co.seoulit.common.aop.LoggerAspect - kr.co.seoulit.reception.mapstruct.ReceptionResMapStructImpl.toDto()종료
2026-02-13 11:56:50.322 INFO  k.co.seoulit.common.aop.LoggerAspect - ServiceImpl  : kr.co.seoulit.reception.service.ReceptionServiceImpl.getReception()종료
2026-02-13 11:56:50.331 INFO  k.co.seoulit.common.aop.LoggerAspect - Controller  : kr.co.seoulit.reception.controller.ReceptionController.getReception()종료
2026-02-13 11:58:21.733 WARN  k.c.s.c.h.GlobalExceptionHandler - No resource found
org.springframework.web.servlet.resource.NoResourceFoundException: No static resource api/jpa/medical-staff.
	at org.springframework.web.servlet.resource.ResourceHttpRequestHandler.handleRequest(ResourceHttpRequestHandler.java:585)
	at org.springframework.web.servlet.mvc.HttpRequestHandlerAdapter.handle(HttpRequestHandlerAdapter.java:52)
	at org.springframework.web.servlet.DispatcherServlet.doDispatch(DispatcherServlet.java:1089)
	at org.springframework.web.servlet.DispatcherServlet.doService(DispatcherServlet.java:979)
	at org.springframework.web.servlet.FrameworkServlet.processRequest(FrameworkServlet.java:1014)
	at org.springframework.web.servlet.FrameworkServlet.doGet(FrameworkServlet.java:903)
	at jakarta.servlet.http.HttpServlet.service(HttpServlet.java:564)
	at org.springframework.web.servlet.FrameworkServlet.service(FrameworkServlet.java:885)
	at jakarta.servlet.http.HttpServlet.service(HttpServlet.java:658)
	at org.apache.catalina.core.ApplicationFilterChain.internalDoFilter(ApplicationFilterChain.java:195)
	at org.apache.catalina.core.ApplicationFilterChain.doFilter(ApplicationFilterChain.java:140)
	at org.apache.tomcat.websocket.server.WsFilter.doFilter(WsFilter.java:51)
	at org.apache.catalina.core.ApplicationFilterChain.internalDoFilter(ApplicationFilterChain.java:164)
	at org.apache.catalina.core.ApplicationFilterChain.doFilter(ApplicationFilterChain.java:140)
	at org.springframework.web.filter.CorsFilter.doFilterInternal(CorsFilter.java:91)
	at org.springframework.web.filter.OncePerRequestFilter.doFilter(OncePerRequestFilter.java:116)
	at org.apache.catalina.core.ApplicationFilterChain.internalDoFilter(ApplicationFilterChain.java:164)
	at org.apache.catalina.core.ApplicationFilterChain.doFilter(ApplicationFilterChain.java:140)
	at org.springframework.web.filter.RequestContextFilter.doFilterInternal(RequestContextFilter.java:100)
	at org.springframework.web.filter.OncePerRequestFilter.doFilter(OncePerRequestFilter.java:116)
	at org.apache.catalina.core.ApplicationFilterChain.internalDoFilter(ApplicationFilterChain.java:164)
	at org.apache.catalina.core.ApplicationFilterChain.doFilter(ApplicationFilterChain.java:140)
	at org.springframework.web.filter.FormContentFilter.doFilterInternal(FormContentFilter.java:93)
	at org.springframework.web.filter.OncePerRequestFilter.doFilter(OncePerRequestFilter.java:116)
	at org.apache.catalina.core.ApplicationFilterChain.internalDoFilter(ApplicationFilterChain.java:164)
	at org.apache.catalina.core.ApplicationFilterChain.doFilter(ApplicationFilterChain.java:140)
	at org.springframework.web.filter.CharacterEncodingFilter.doFilterInternal(CharacterEncodingFilter.java:201)
	at org.springframework.web.filter.OncePerRequestFilter.doFilter(OncePerRequestFilter.java:116)
	at org.apache.catalina.core.ApplicationFilterChain.internalDoFilter(ApplicationFilterChain.java:164)
	at org.apache.catalina.core.ApplicationFilterChain.doFilter(ApplicationFilterChain.java:140)
	at org.apache.catalina.core.StandardWrapperValve.invoke(StandardWrapperValve.java:167)
	at org.apache.catalina.core.StandardContextValve.invoke(StandardContextValve.java:90)
	at org.apache.catalina.authenticator.AuthenticatorBase.invoke(AuthenticatorBase.java:483)
	at org.apache.catalina.core.StandardHostValve.invoke(StandardHostValve.java:115)
	at org.apache.catalina.valves.ErrorReportValve.invoke(ErrorReportValve.java:93)
	at org.apache.catalina.core.StandardEngineValve.invoke(StandardEngineValve.java:74)
	at org.apache.catalina.connector.CoyoteAdapter.service(CoyoteAdapter.java:344)
	at org.apache.coyote.http11.Http11Processor.service(Http11Processor.java:389)
	at org.apache.coyote.AbstractProcessorLight.process(AbstractProcessorLight.java:63)
	at org.apache.coyote.AbstractProtocol$ConnectionHandler.process(AbstractProtocol.java:904)
	at org.apache.tomcat.util.net.NioEndpoint$SocketProcessor.doRun(NioEndpoint.java:1741)
	at org.apache.tomcat.util.net.SocketProcessorBase.run(SocketProcessorBase.java:52)
	at org.apache.tomcat.util.threads.ThreadPoolExecutor.runWorker(ThreadPoolExecutor.java:1190)
	at org.apache.tomcat.util.threads.ThreadPoolExecutor$Worker.run(ThreadPoolExecutor.java:659)
	at org.apache.tomcat.util.threads.TaskThread$WrappingRunnable.run(TaskThread.java:63)
	at java.base/java.lang.Thread.run(Thread.java:842)
2026-02-13 11:58:21.749 WARN  k.c.s.c.h.GlobalExceptionHandler - No resource found
org.springframework.web.servlet.resource.NoResourceFoundException: No static resource api/jpa/medical-staff.
	at org.springframework.web.servlet.resource.ResourceHttpRequestHandler.handleRequest(ResourceHttpRequestHandler.java:585)
	at org.springframework.web.servlet.mvc.HttpRequestHandlerAdapter.handle(HttpRequestHandlerAdapter.java:52)
	at org.springframework.web.servlet.DispatcherServlet.doDispatch(DispatcherServlet.java:1089)
	at org.springframework.web.servlet.DispatcherServlet.doService(DispatcherServlet.java:979)
	at org.springframework.web.servlet.FrameworkServlet.processRequest(FrameworkServlet.java:1014)
	at org.springframework.web.servlet.FrameworkServlet.doGet(FrameworkServlet.java:903)
	at jakarta.servlet.http.HttpServlet.service(HttpServlet.java:564)
	at org.springframework.web.servlet.FrameworkServlet.service(FrameworkServlet.java:885)
	at jakarta.servlet.http.HttpServlet.service(HttpServlet.java:658)
	at org.apache.catalina.core.ApplicationFilterChain.internalDoFilter(ApplicationFilterChain.java:195)
	at org.apache.catalina.core.ApplicationFilterChain.doFilter(ApplicationFilterChain.java:140)
	at org.apache.tomcat.websocket.server.WsFilter.doFilter(WsFilter.java:51)
	at org.apache.catalina.core.ApplicationFilterChain.internalDoFilter(ApplicationFilterChain.java:164)
	at org.apache.catalina.core.ApplicationFilterChain.doFilter(ApplicationFilterChain.java:140)
	at org.springframework.web.filter.CorsFilter.doFilterInternal(CorsFilter.java:91)
	at org.springframework.web.filter.OncePerRequestFilter.doFilter(OncePerRequestFilter.java:116)
	at org.apache.catalina.core.ApplicationFilterChain.internalDoFilter(ApplicationFilterChain.java:164)
	at org.apache.catalina.core.ApplicationFilterChain.doFilter(ApplicationFilterChain.java:140)
	at org.springframework.web.filter.RequestContextFilter.doFilterInternal(RequestContextFilter.java:100)
	at org.springframework.web.filter.OncePerRequestFilter.doFilter(OncePerRequestFilter.java:116)
	at org.apache.catalina.core.ApplicationFilterChain.internalDoFilter(ApplicationFilterChain.java:164)
	at org.apache.catalina.core.ApplicationFilterChain.doFilter(ApplicationFilterChain.java:140)
	at org.springframework.web.filter.FormContentFilter.doFilterInternal(FormContentFilter.java:93)
	at org.springframework.web.filter.OncePerRequestFilter.doFilter(OncePerRequestFilter.java:116)
	at org.apache.catalina.core.ApplicationFilterChain.internalDoFilter(ApplicationFilterChain.java:164)
	at org.apache.catalina.core.ApplicationFilterChain.doFilter(ApplicationFilterChain.java:140)
	at org.springframework.web.filter.CharacterEncodingFilter.doFilterInternal(CharacterEncodingFilter.java:201)
	at org.springframework.web.filter.OncePerRequestFilter.doFilter(OncePerRequestFilter.java:116)
	at org.apache.catalina.core.ApplicationFilterChain.internalDoFilter(ApplicationFilterChain.java:164)
	at org.apache.catalina.core.ApplicationFilterChain.doFilter(ApplicationFilterChain.java:140)
	at org.apache.catalina.core.StandardWrapperValve.invoke(StandardWrapperValve.java:167)
	at org.apache.catalina.core.StandardContextValve.invoke(StandardContextValve.java:90)
	at org.apache.catalina.authenticator.AuthenticatorBase.invoke(AuthenticatorBase.java:483)
	at org.apache.catalina.core.StandardHostValve.invoke(StandardHostValve.java:115)
	at org.apache.catalina.valves.ErrorReportValve.invoke(ErrorReportValve.java:93)
	at org.apache.catalina.core.StandardEngineValve.invoke(StandardEngineValve.java:74)
	at org.apache.catalina.connector.CoyoteAdapter.service(CoyoteAdapter.java:344)
	at org.apache.coyote.http11.Http11Processor.service(Http11Processor.java:389)
	at org.apache.coyote.AbstractProcessorLight.process(AbstractProcessorLight.java:63)
	at org.apache.coyote.AbstractProtocol$ConnectionHandler.process(AbstractProtocol.java:904)
	at org.apache.tomcat.util.net.NioEndpoint$SocketProcessor.doRun(NioEndpoint.java:1741)
	at org.apache.tomcat.util.net.SocketProcessorBase.run(SocketProcessorBase.java:52)
	at org.apache.tomcat.util.threads.ThreadPoolExecutor.runWorker(ThreadPoolExecutor.java:1190)
	at org.apache.tomcat.util.threads.ThreadPoolExecutor$Worker.run(ThreadPoolExecutor.java:659)
	at org.apache.tomcat.util.threads.TaskThread$WrappingRunnable.run(TaskThread.java:63)
	at java.base/java.lang.Thread.run(Thread.java:842)
2026-02-13 11:58:31.049 INFO  k.co.seoulit.common.aop.LoggerAspect - Controller  : kr.co.seoulit.reception.controller.ReceptionController.getReceptions()시작
2026-02-13 11:58:31.049 INFO  k.co.seoulit.common.aop.LoggerAspect - Controller  : kr.co.seoulit.reception.controller.MenuController.getMenus()시작
2026-02-13 11:58:31.049 INFO  k.c.s.r.c.ReceptionController - 접수 목록 요청: searchType=null, searchValue=null
2026-02-13 11:58:31.050 INFO  k.co.seoulit.common.aop.LoggerAspect - Controller  : kr.co.seoulit.reception.controller.MenuController.getMenus()종료
2026-02-13 11:58:31.054 INFO  k.co.seoulit.common.aop.LoggerAspect - Controller  : kr.co.seoulit.reception.controller.MenuController.getMenus()시작
2026-02-13 11:58:31.054 INFO  k.co.seoulit.common.aop.LoggerAspect - Controller  : kr.co.seoulit.reception.controller.MenuController.getMenus()종료
2026-02-13 11:58:31.059 INFO  k.co.seoulit.common.aop.LoggerAspect - ServiceImpl  : kr.co.seoulit.reception.service.ReceptionServiceImpl.getReceptionList()시작
2026-02-13 11:58:31.075 INFO  k.co.seoulit.common.aop.LoggerAspect - ServiceImpl  : kr.co.seoulit.reception.service.ReceptionServiceImpl.getReceptionList()종료
2026-02-13 11:58:31.085 INFO  k.co.seoulit.common.aop.LoggerAspect - Controller  : kr.co.seoulit.reception.controller.ReceptionController.getReceptions()종료
2026-02-13 11:58:31.093 INFO  k.co.seoulit.common.aop.LoggerAspect - Controller  : kr.co.seoulit.reception.controller.ReceptionController.getReceptions()시작
2026-02-13 11:58:31.093 INFO  k.c.s.r.c.ReceptionController - 접수 목록 요청: searchType=null, searchValue=null
2026-02-13 11:58:31.094 INFO  k.co.seoulit.common.aop.LoggerAspect - ServiceImpl  : kr.co.seoulit.reception.service.ReceptionServiceImpl.getReceptionList()시작
2026-02-13 11:58:31.120 INFO  k.co.seoulit.common.aop.LoggerAspect - ServiceImpl  : kr.co.seoulit.reception.service.ReceptionServiceImpl.getReceptionList()종료
2026-02-13 11:58:31.130 INFO  k.co.seoulit.common.aop.LoggerAspect - Controller  : kr.co.seoulit.reception.controller.ReceptionController.getReceptions()종료
2026-02-13 11:58:35.422 INFO  k.co.seoulit.common.aop.LoggerAspect - Controller  : kr.co.seoulit.reception.controller.MenuController.getMenus()시작
2026-02-13 11:58:35.423 INFO  k.co.seoulit.common.aop.LoggerAspect - Controller  : kr.co.seoulit.reception.controller.MenuController.getMenus()종료
2026-02-13 11:58:35.445 INFO  k.co.seoulit.common.aop.LoggerAspect - Controller  : kr.co.seoulit.reception.controller.MenuController.getMenus()시작
2026-02-13 11:58:35.445 INFO  k.co.seoulit.common.aop.LoggerAspect - Controller  : kr.co.seoulit.reception.controller.MenuController.getMenus()종료
2026-02-13 11:58:35.455 INFO  k.co.seoulit.common.aop.LoggerAspect - Controller  : kr.co.seoulit.reception.controller.ReservationController.getReservations()시작
2026-02-13 11:58:35.456 INFO  k.c.s.r.c.ReservationController - 예약 목록 요청: searchType=null, searchValue=null
2026-02-13 11:58:35.470 INFO  k.co.seoulit.common.aop.LoggerAspect - ServiceImpl  : kr.co.seoulit.reception.service.ReservationServiceImpl.getReservationList()시작
2026-02-13 11:58:35.489 INFO  k.co.seoulit.common.aop.LoggerAspect - ServiceImpl  : kr.co.seoulit.reception.service.ReservationServiceImpl.getReservationList()종료
2026-02-13 11:58:35.512 INFO  k.co.seoulit.common.aop.LoggerAspect - Controller  : kr.co.seoulit.reception.controller.ReservationController.getReservations()종료
2026-02-13 11:58:35.522 INFO  k.co.seoulit.common.aop.LoggerAspect - Controller  : kr.co.seoulit.reception.controller.ReservationController.getReservations()시작
2026-02-13 11:58:35.522 INFO  k.c.s.r.c.ReservationController - 예약 목록 요청: searchType=null, searchValue=null
2026-02-13 11:58:35.576 INFO  k.co.seoulit.common.aop.LoggerAspect - ServiceImpl  : kr.co.seoulit.reception.service.ReservationServiceImpl.getReservationList()시작
2026-02-13 11:58:35.590 INFO  k.co.seoulit.common.aop.LoggerAspect - ServiceImpl  : kr.co.seoulit.reception.service.ReservationServiceImpl.getReservationList()종료
2026-02-13 11:58:35.605 INFO  k.co.seoulit.common.aop.LoggerAspect - Controller  : kr.co.seoulit.reception.controller.ReservationController.getReservations()종료
2026-02-13 11:58:40.367 INFO  k.co.seoulit.common.aop.LoggerAspect - Controller  : kr.co.seoulit.reception.controller.MenuController.getMenus()시작
2026-02-13 11:58:40.369 INFO  k.co.seoulit.common.aop.LoggerAspect - Controller  : kr.co.seoulit.reception.controller.MenuController.getMenus()종료
2026-02-13 11:58:40.369 INFO  k.co.seoulit.common.aop.LoggerAspect - Controller  : kr.co.seoulit.reception.controller.ReceptionController.getReceptions()시작
2026-02-13 11:58:40.369 INFO  k.c.s.r.c.ReceptionController - 접수 목록 요청: searchType=null, searchValue=null
2026-02-13 11:58:40.371 INFO  k.co.seoulit.common.aop.LoggerAspect - Controller  : kr.co.seoulit.reception.controller.ReceptionController.getReceptions()시작
2026-02-13 11:58:40.373 INFO  k.co.seoulit.common.aop.LoggerAspect - Controller  : kr.co.seoulit.reception.controller.MenuController.getMenus()시작
2026-02-13 11:58:40.375 INFO  k.c.s.r.c.ReceptionController - 접수 목록 요청: searchType=null, searchValue=null
2026-02-13 11:58:40.376 INFO  k.co.seoulit.common.aop.LoggerAspect - Controller  : kr.co.seoulit.reception.controller.MenuController.getMenus()종료
2026-02-13 11:58:40.393 INFO  k.co.seoulit.common.aop.LoggerAspect - ServiceImpl  : kr.co.seoulit.reception.service.ReceptionServiceImpl.getReceptionList()시작
2026-02-13 11:58:40.394 INFO  k.co.seoulit.common.aop.LoggerAspect - ServiceImpl  : kr.co.seoulit.reception.service.ReceptionServiceImpl.getReceptionList()시작
2026-02-13 11:58:40.406 INFO  k.co.seoulit.common.aop.LoggerAspect - ServiceImpl  : kr.co.seoulit.reception.service.ReceptionServiceImpl.getReceptionList()종료
2026-02-13 11:58:40.411 INFO  k.co.seoulit.common.aop.LoggerAspect - ServiceImpl  : kr.co.seoulit.reception.service.ReceptionServiceImpl.getReceptionList()종료
2026-02-13 11:58:40.419 INFO  k.co.seoulit.common.aop.LoggerAspect - Controller  : kr.co.seoulit.reception.controller.ReceptionController.getReceptions()종료
2026-02-13 11:58:40.431 INFO  k.co.seoulit.common.aop.LoggerAspect - Controller  : kr.co.seoulit.reception.controller.ReceptionController.getReceptions()종료
2026-02-13 12:13:19.855 WARN  com.zaxxer.hikari.pool.HikariPool - HikariPool-1 - Thread starvation or clock leap detected (housekeeper delta=2m8s463ms426µs500ns).
2026-02-13 12:55:28.431 INFO  o.s.o.j.LocalContainerEntityManagerFactoryBean - Closing JPA EntityManagerFactory for persistence unit 'default'
2026-02-13 12:55:28.449 INFO  com.zaxxer.hikari.HikariDataSource - HikariPool-1 - Shutdown initiated...
2026-02-13 12:55:28.646 INFO  com.zaxxer.hikari.HikariDataSource - HikariPool-1 - Shutdown completed.
2026-02-13 14:08:44.985 INFO  o.h.validator.internal.util.Version - HV000001: Hibernate Validator 8.0.1.Final
2026-02-13 14:08:45.125 INFO  kr.co.seoulit.ReceptionApplication - Starting ReceptionApplication using Java 17.0.12 with PID 16408 (D:\서울IT교육센터\dev\teamwork\project\backend\hospital_reception_backend\reception_back\build\classes\java\main started by USER in D:\서울IT교육센터\dev\teamwork\project\backend\hospital_reception_backend\reception_back)
2026-02-13 14:08:45.130 INFO  kr.co.seoulit.ReceptionApplication - No active profile set, falling back to 1 default profile: "default"
2026-02-13 14:08:49.969 INFO  o.s.d.r.c.RepositoryConfigurationDelegate - Multiple Spring Data modules found, entering strict repository configuration mode
2026-02-13 14:08:49.977 INFO  o.s.d.r.c.RepositoryConfigurationDelegate - Bootstrapping Spring Data JPA repositories in DEFAULT mode.
2026-02-13 14:08:50.672 INFO  o.s.d.r.c.RepositoryConfigurationDelegate - Finished Spring Data repository scanning in 670 ms. Found 11 JPA repository interfaces.
2026-02-13 14:08:50.718 INFO  o.s.d.r.c.RepositoryConfigurationDelegate - Multiple Spring Data modules found, entering strict repository configuration mode
2026-02-13 14:08:50.721 INFO  o.s.d.r.c.RepositoryConfigurationDelegate - Bootstrapping Spring Data Redis repositories in DEFAULT mode.
2026-02-13 14:08:50.764 INFO  o.s.d.r.c.RepositoryConfigurationExtensionSupport - Spring Data Redis - Could not safely identify store assignment for repository candidate interface kr.co.seoulit.common.audit.AuditLogRepository; If you want this repository to be a Redis repository, consider annotating your entities with one of these annotations: org.springframework.data.redis.core.RedisHash (preferred), or consider extending one of the following types with your repository: org.springframework.data.keyvalue.repository.KeyValueRepository
2026-02-13 14:08:50.766 INFO  o.s.d.r.c.RepositoryConfigurationExtensionSupport - Spring Data Redis - Could not safely identify store assignment for repository candidate interface kr.co.seoulit.reception.repository.DepartmentRepository; If you want this repository to be a Redis repository, consider annotating your entities with one of these annotations: org.springframework.data.redis.core.RedisHash (preferred), or consider extending one of the following types with your repository: org.springframework.data.keyvalue.repository.KeyValueRepository
2026-02-13 14:08:50.767 INFO  o.s.d.r.c.RepositoryConfigurationExtensionSupport - Spring Data Redis - Could not safely identify store assignment for repository candidate interface kr.co.seoulit.reception.repository.DoctorRepository; If you want this repository to be a Redis repository, consider annotating your entities with one of these annotations: org.springframework.data.redis.core.RedisHash (preferred), or consider extending one of the following types with your repository: org.springframework.data.keyvalue.repository.KeyValueRepository
2026-02-13 14:08:50.768 INFO  o.s.d.r.c.RepositoryConfigurationExtensionSupport - Spring Data Redis - Could not safely identify store assignment for repository candidate interface kr.co.seoulit.reception.repository.PatientRepository; If you want this repository to be a Redis repository, consider annotating your entities with one of these annotations: org.springframework.data.redis.core.RedisHash (preferred), or consider extending one of the following types with your repository: org.springframework.data.keyvalue.repository.KeyValueRepository
2026-02-13 14:08:50.771 INFO  o.s.d.r.c.RepositoryConfigurationExtensionSupport - Spring Data Redis - Could not safely identify store assignment for repository candidate interface kr.co.seoulit.reception.repository.ReceptionChecklistItemRepository; If you want this repository to be a Redis repository, consider annotating your entities with one of these annotations: org.springframework.data.redis.core.RedisHash (preferred), or consider extending one of the following types with your repository: org.springframework.data.keyvalue.repository.KeyValueRepository
2026-02-13 14:08:50.772 INFO  o.s.d.r.c.RepositoryConfigurationExtensionSupport - Spring Data Redis - Could not safely identify store assignment for repository candidate interface kr.co.seoulit.reception.repository.ReceptionEmergencyRepository; If you want this repository to be a Redis repository, consider annotating your entities with one of these annotations: org.springframework.data.redis.core.RedisHash (preferred), or consider extending one of the following types with your repository: org.springframework.data.keyvalue.repository.KeyValueRepository
2026-02-13 14:08:50.773 INFO  o.s.d.r.c.RepositoryConfigurationExtensionSupport - Spring Data Redis - Could not safely identify store assignment for repository candidate interface kr.co.seoulit.reception.repository.ReceptionInpatientRepository; If you want this repository to be a Redis repository, consider annotating your entities with one of these annotations: org.springframework.data.redis.core.RedisHash (preferred), or consider extending one of the following types with your repository: org.springframework.data.keyvalue.repository.KeyValueRepository
2026-02-13 14:08:50.774 INFO  o.s.d.r.c.RepositoryConfigurationExtensionSupport - Spring Data Redis - Could not safely identify store assignment for repository candidate interface kr.co.seoulit.reception.repository.ReceptionRepository; If you want this repository to be a Redis repository, consider annotating your entities with one of these annotations: org.springframework.data.redis.core.RedisHash (preferred), or consider extending one of the following types with your repository: org.springframework.data.keyvalue.repository.KeyValueRepository
2026-02-13 14:08:50.775 INFO  o.s.d.r.c.RepositoryConfigurationExtensionSupport - Spring Data Redis - Could not safely identify store assignment for repository candidate interface kr.co.seoulit.reception.repository.ReceptionStatusHistoryRepository; If you want this repository to be a Redis repository, consider annotating your entities with one of these annotations: org.springframework.data.redis.core.RedisHash (preferred), or consider extending one of the following types with your repository: org.springframework.data.keyvalue.repository.KeyValueRepository
2026-02-13 14:08:50.776 INFO  o.s.d.r.c.RepositoryConfigurationExtensionSupport - Spring Data Redis - Could not safely identify store assignment for repository candidate interface kr.co.seoulit.reception.repository.ReceptionTodayScheduleRepository; If you want this repository to be a Redis repository, consider annotating your entities with one of these annotations: org.springframework.data.redis.core.RedisHash (preferred), or consider extending one of the following types with your repository: org.springframework.data.keyvalue.repository.KeyValueRepository
2026-02-13 14:08:50.777 INFO  o.s.d.r.c.RepositoryConfigurationExtensionSupport - Spring Data Redis - Could not safely identify store assignment for repository candidate interface kr.co.seoulit.reception.repository.ReservationRepository; If you want this repository to be a Redis repository, consider annotating your entities with one of these annotations: org.springframework.data.redis.core.RedisHash (preferred), or consider extending one of the following types with your repository: org.springframework.data.keyvalue.repository.KeyValueRepository
2026-02-13 14:08:50.777 INFO  o.s.d.r.c.RepositoryConfigurationDelegate - Finished Spring Data repository scanning in 35 ms. Found 0 Redis repository interfaces.
2026-02-13 14:08:54.114 INFO  o.s.b.w.e.tomcat.TomcatWebServer - Tomcat initialized with port 8283 (http)
2026-02-13 14:08:54.152 INFO  o.a.coyote.http11.Http11NioProtocol - Initializing ProtocolHandler ["http-nio-8283"]
2026-02-13 14:08:54.158 INFO  o.a.catalina.core.StandardService - Starting service [Tomcat]
2026-02-13 14:08:54.160 INFO  o.a.catalina.core.StandardEngine - Starting Servlet engine: [Apache Tomcat/10.1.26]
2026-02-13 14:08:54.757 INFO  o.a.c.c.C.[Tomcat].[localhost].[/] - Initializing Spring embedded WebApplicationContext
2026-02-13 14:08:54.763 INFO  o.s.b.w.s.c.ServletWebServerApplicationContext - Root WebApplicationContext: initialization completed in 9437 ms
2026-02-13 14:08:55.390 INFO  o.h.jpa.internal.util.LogHelper - HHH000204: Processing PersistenceUnitInfo [name: default]
2026-02-13 14:08:55.619 INFO  org.hibernate.Version - HHH000412: Hibernate ORM core version 6.5.2.Final
2026-02-13 14:08:55.731 INFO  o.h.c.i.RegionFactoryInitiator - HHH000026: Second-level cache disabled
2026-02-13 14:08:57.011 INFO  o.s.o.j.p.SpringPersistenceUnitInfo - No LoadTimeWeaver setup: ignoring JPA class transformer
2026-02-13 14:08:57.103 INFO  com.zaxxer.hikari.HikariDataSource - HikariPool-1 - Starting...
2026-02-13 14:08:58.407 INFO  com.zaxxer.hikari.pool.HikariPool - HikariPool-1 - Added connection oracle.jdbc.driver.T4CConnection@4d16975b
2026-02-13 14:08:58.413 INFO  com.zaxxer.hikari.HikariDataSource - HikariPool-1 - Start completed.
2026-02-13 14:08:58.496 WARN  org.hibernate.orm.deprecation - HHH90000026: Oracle10gDialect has been deprecated; use org.hibernate.community.dialect.OracleLegacyDialect instead
2026-02-13 14:09:02.406 INFO  o.h.e.t.j.p.i.JtaPlatformInitiator - HHH000489: No JTA platform available (set 'hibernate.transaction.jta.platform' to enable JTA platform integration)
2026-02-13 14:09:02.414 INFO  o.s.o.j.LocalContainerEntityManagerFactoryBean - Initialized JPA EntityManagerFactory for persistence unit 'default'
2026-02-13 14:09:06.746 WARN  o.s.b.a.o.j.JpaBaseConfiguration$JpaWebConfiguration - spring.jpa.open-in-view is enabled by default. Therefore, database queries may be performed during view rendering. Explicitly configure spring.jpa.open-in-view to disable this warning
2026-02-13 14:09:06.852 INFO  o.s.b.a.w.s.WelcomePageHandlerMapping - Adding welcome page: class path resource [static/index.html]
2026-02-13 14:09:08.958 INFO  o.a.coyote.http11.Http11NioProtocol - Starting ProtocolHandler ["http-nio-8283"]
2026-02-13 14:09:09.015 INFO  o.s.b.w.e.tomcat.TomcatWebServer - Tomcat started on port 8283 (http) with context path '/'
2026-02-13 14:09:09.040 INFO  kr.co.seoulit.ReceptionApplication - Started ReceptionApplication in 26.287 seconds (process running for 35.62)
2026-02-13 14:59:14.270 INFO  o.a.c.c.C.[Tomcat].[localhost].[/] - Initializing Spring DispatcherServlet 'dispatcherServlet'
2026-02-13 14:59:14.272 INFO  o.s.web.servlet.DispatcherServlet - Initializing Servlet 'dispatcherServlet'
2026-02-13 14:59:14.304 INFO  o.s.web.servlet.DispatcherServlet - Completed initialization in 31 ms
2026-02-13 14:59:14.394 WARN  k.c.s.c.h.GlobalExceptionHandler - No resource found
org.springframework.web.servlet.resource.NoResourceFoundException: No static resource api/visits.
	at org.springframework.web.servlet.resource.ResourceHttpRequestHandler.handleRequest(ResourceHttpRequestHandler.java:585)
	at org.springframework.web.servlet.mvc.HttpRequestHandlerAdapter.handle(HttpRequestHandlerAdapter.java:52)
	at org.springframework.web.servlet.DispatcherServlet.doDispatch(DispatcherServlet.java:1089)
	at org.springframework.web.servlet.DispatcherServlet.doService(DispatcherServlet.java:979)
	at org.springframework.web.servlet.FrameworkServlet.processRequest(FrameworkServlet.java:1014)
	at org.springframework.web.servlet.FrameworkServlet.doGet(FrameworkServlet.java:903)
	at jakarta.servlet.http.HttpServlet.service(HttpServlet.java:564)
	at org.springframework.web.servlet.FrameworkServlet.service(FrameworkServlet.java:885)
	at jakarta.servlet.http.HttpServlet.service(HttpServlet.java:658)
	at org.apache.catalina.core.ApplicationFilterChain.internalDoFilter(ApplicationFilterChain.java:195)
	at org.apache.catalina.core.ApplicationFilterChain.doFilter(ApplicationFilterChain.java:140)
	at org.apache.tomcat.websocket.server.WsFilter.doFilter(WsFilter.java:51)
	at org.apache.catalina.core.ApplicationFilterChain.internalDoFilter(ApplicationFilterChain.java:164)
	at org.apache.catalina.core.ApplicationFilterChain.doFilter(ApplicationFilterChain.java:140)
	at org.springframework.web.filter.CorsFilter.doFilterInternal(CorsFilter.java:91)
	at org.springframework.web.filter.OncePerRequestFilter.doFilter(OncePerRequestFilter.java:116)
	at org.apache.catalina.core.ApplicationFilterChain.internalDoFilter(ApplicationFilterChain.java:164)
	at org.apache.catalina.core.ApplicationFilterChain.doFilter(ApplicationFilterChain.java:140)
	at org.springframework.web.filter.RequestContextFilter.doFilterInternal(RequestContextFilter.java:100)
	at org.springframework.web.filter.OncePerRequestFilter.doFilter(OncePerRequestFilter.java:116)
	at org.apache.catalina.core.ApplicationFilterChain.internalDoFilter(ApplicationFilterChain.java:164)
	at org.apache.catalina.core.ApplicationFilterChain.doFilter(ApplicationFilterChain.java:140)
	at org.springframework.web.filter.FormContentFilter.doFilterInternal(FormContentFilter.java:93)
	at org.springframework.web.filter.OncePerRequestFilter.doFilter(OncePerRequestFilter.java:116)
	at org.apache.catalina.core.ApplicationFilterChain.internalDoFilter(ApplicationFilterChain.java:164)
	at org.apache.catalina.core.ApplicationFilterChain.doFilter(ApplicationFilterChain.java:140)
	at org.springframework.web.filter.CharacterEncodingFilter.doFilterInternal(CharacterEncodingFilter.java:201)
	at org.springframework.web.filter.OncePerRequestFilter.doFilter(OncePerRequestFilter.java:116)
	at org.apache.catalina.core.ApplicationFilterChain.internalDoFilter(ApplicationFilterChain.java:164)
	at org.apache.catalina.core.ApplicationFilterChain.doFilter(ApplicationFilterChain.java:140)
	at org.apache.catalina.core.StandardWrapperValve.invoke(StandardWrapperValve.java:167)
	at org.apache.catalina.core.StandardContextValve.invoke(StandardContextValve.java:90)
	at org.apache.catalina.authenticator.AuthenticatorBase.invoke(AuthenticatorBase.java:483)
	at org.apache.catalina.core.StandardHostValve.invoke(StandardHostValve.java:115)
	at org.apache.catalina.valves.ErrorReportValve.invoke(ErrorReportValve.java:93)
	at org.apache.catalina.core.StandardEngineValve.invoke(StandardEngineValve.java:74)
	at org.apache.catalina.connector.CoyoteAdapter.service(CoyoteAdapter.java:344)
	at org.apache.coyote.http11.Http11Processor.service(Http11Processor.java:389)
	at org.apache.coyote.AbstractProcessorLight.process(AbstractProcessorLight.java:63)
	at org.apache.coyote.AbstractProtocol$ConnectionHandler.process(AbstractProtocol.java:904)
	at org.apache.tomcat.util.net.NioEndpoint$SocketProcessor.doRun(NioEndpoint.java:1741)
	at org.apache.tomcat.util.net.SocketProcessorBase.run(SocketProcessorBase.java:52)
	at org.apache.tomcat.util.threads.ThreadPoolExecutor.runWorker(ThreadPoolExecutor.java:1190)
	at org.apache.tomcat.util.threads.ThreadPoolExecutor$Worker.run(ThreadPoolExecutor.java:659)
	at org.apache.tomcat.util.threads.TaskThread$WrappingRunnable.run(TaskThread.java:63)
	at java.base/java.lang.Thread.run(Thread.java:842)
2026-02-13 15:01:52.334 INFO  o.s.api.AbstractOpenApiResource - Init duration for springdoc-openapi is: 1832 ms
2026-02-13 15:02:23.798 INFO  k.co.seoulit.common.aop.LoggerAspect - Controller  : kr.co.seoulit.reception.controller.ReceptionController.getReceptions()시작
2026-02-13 15:02:23.799 INFO  k.c.s.r.c.ReceptionController - 접수 목록 요청: searchType=null, searchValue=null
2026-02-13 15:02:23.820 INFO  k.co.seoulit.common.aop.LoggerAspect - ServiceImpl  : kr.co.seoulit.reception.service.ReceptionServiceImpl.getReceptionList()시작
2026-02-13 15:02:23.999 INFO  k.co.seoulit.common.aop.LoggerAspect - ServiceImpl  : kr.co.seoulit.reception.service.ReceptionServiceImpl.getReceptionList()종료
2026-02-13 15:02:24.010 INFO  k.co.seoulit.common.aop.LoggerAspect - Controller  : kr.co.seoulit.reception.controller.ReceptionController.getReceptions()종료
2026-02-13 15:03:32.792 INFO  k.co.seoulit.common.aop.LoggerAspect - Controller  : kr.co.seoulit.reception.controller.ReservationController.getReservations()시작
2026-02-13 15:03:32.792 INFO  k.c.s.r.c.ReservationController - 예약 목록 요청: searchType=null, searchValue=null
2026-02-13 15:03:32.801 INFO  k.co.seoulit.common.aop.LoggerAspect - ServiceImpl  : kr.co.seoulit.reception.service.ReservationServiceImpl.getReservationList()시작
2026-02-13 15:03:32.816 INFO  k.co.seoulit.common.aop.LoggerAspect - ServiceImpl  : kr.co.seoulit.reception.service.ReservationServiceImpl.getReservationList()종료
2026-02-13 15:03:32.822 INFO  k.co.seoulit.common.aop.LoggerAspect - Controller  : kr.co.seoulit.reception.controller.ReservationController.getReservations()종료
2026-02-13 15:04:44.216 INFO  k.co.seoulit.common.aop.LoggerAspect - Controller  : kr.co.seoulit.reception.controller.ReceptionController.getReceptions()시작
2026-02-13 15:04:44.216 INFO  k.co.seoulit.common.aop.LoggerAspect - Controller  : kr.co.seoulit.reception.controller.MenuController.getMenus()시작
2026-02-13 15:04:44.217 INFO  k.c.s.r.c.ReceptionController - 접수 목록 요청: searchType=null, searchValue=null
2026-02-13 15:04:44.218 INFO  k.co.seoulit.common.aop.LoggerAspect - Controller  : kr.co.seoulit.reception.controller.MenuController.getMenus()종료
2026-02-13 15:04:44.226 INFO  k.co.seoulit.common.aop.LoggerAspect - ServiceImpl  : kr.co.seoulit.reception.service.ReceptionServiceImpl.getReceptionList()시작
2026-02-13 15:04:44.234 INFO  k.co.seoulit.common.aop.LoggerAspect - Controller  : kr.co.seoulit.reception.controller.MenuController.getMenus()시작
2026-02-13 15:04:44.235 INFO  k.co.seoulit.common.aop.LoggerAspect - Controller  : kr.co.seoulit.reception.controller.MenuController.getMenus()종료
2026-02-13 15:04:44.242 INFO  k.co.seoulit.common.aop.LoggerAspect - ServiceImpl  : kr.co.seoulit.reception.service.ReceptionServiceImpl.getReceptionList()종료
2026-02-13 15:04:44.248 INFO  k.co.seoulit.common.aop.LoggerAspect - Controller  : kr.co.seoulit.reception.controller.ReceptionController.getReceptions()종료
2026-02-13 15:04:44.254 INFO  k.co.seoulit.common.aop.LoggerAspect - Controller  : kr.co.seoulit.reception.controller.ReceptionController.getReceptions()시작
2026-02-13 15:04:44.254 INFO  k.c.s.r.c.ReceptionController - 접수 목록 요청: searchType=null, searchValue=null
2026-02-13 15:04:44.255 INFO  k.co.seoulit.common.aop.LoggerAspect - ServiceImpl  : kr.co.seoulit.reception.service.ReceptionServiceImpl.getReceptionList()시작
2026-02-13 15:04:44.272 INFO  k.co.seoulit.common.aop.LoggerAspect - ServiceImpl  : kr.co.seoulit.reception.service.ReceptionServiceImpl.getReceptionList()종료
2026-02-13 15:04:44.278 INFO  k.co.seoulit.common.aop.LoggerAspect - Controller  : kr.co.seoulit.reception.controller.ReceptionController.getReceptions()종료
2026-02-13 15:04:48.214 INFO  k.co.seoulit.common.aop.LoggerAspect - Controller  : kr.co.seoulit.reception.controller.MenuController.getMenus()시작
2026-02-13 15:04:48.214 INFO  k.co.seoulit.common.aop.LoggerAspect - Controller  : kr.co.seoulit.reception.controller.MenuController.getMenus()종료
2026-02-13 15:04:48.215 INFO  k.co.seoulit.common.aop.LoggerAspect - Controller  : kr.co.seoulit.reception.controller.ReceptionController.getReceptions()시작
2026-02-13 15:04:48.215 INFO  k.c.s.r.c.ReceptionController - 접수 목록 요청: searchType=null, searchValue=null
2026-02-13 15:04:48.222 INFO  k.co.seoulit.common.aop.LoggerAspect - ServiceImpl  : kr.co.seoulit.reception.service.ReceptionServiceImpl.getReceptionList()시작
2026-02-13 15:04:48.232 INFO  k.co.seoulit.common.aop.LoggerAspect - ServiceImpl  : kr.co.seoulit.reception.service.ReceptionServiceImpl.getReceptionList()종료
2026-02-13 15:04:48.238 INFO  k.co.seoulit.common.aop.LoggerAspect - Controller  : kr.co.seoulit.reception.controller.ReceptionController.getReceptions()종료
2026-02-13 15:05:03.937 INFO  k.co.seoulit.common.aop.LoggerAspect - Controller  : kr.co.seoulit.reception.controller.ReceptionController.getReceptions()시작
2026-02-13 15:05:03.939 INFO  k.c.s.r.c.ReceptionController - 접수 목록 요청: searchType=null, searchValue=null
2026-02-13 15:05:03.955 INFO  k.co.seoulit.common.aop.LoggerAspect - Controller  : kr.co.seoulit.reception.controller.PatientController.getPatients()시작
2026-02-13 15:05:03.963 INFO  k.co.seoulit.common.aop.LoggerAspect - ServiceImpl  : kr.co.seoulit.reception.service.ReceptionServiceImpl.getReceptionList()시작
2026-02-13 15:05:03.984 INFO  k.co.seoulit.common.aop.LoggerAspect - ServiceImpl  : kr.co.seoulit.reception.service.ReceptionServiceImpl.getReceptionList()종료
2026-02-13 15:05:03.996 INFO  k.co.seoulit.common.aop.LoggerAspect - Controller  : kr.co.seoulit.reception.controller.ReceptionController.getReceptions()종료
2026-02-13 15:05:04.008 INFO  k.co.seoulit.common.aop.LoggerAspect - Controller  : kr.co.seoulit.reception.controller.ReceptionController.getReceptions()시작
2026-02-13 15:05:04.009 INFO  k.c.s.r.c.ReceptionController - 접수 목록 요청: searchType=null, searchValue=null
2026-02-13 15:05:04.010 INFO  k.co.seoulit.common.aop.LoggerAspect - ServiceImpl  : kr.co.seoulit.reception.service.ReceptionServiceImpl.getReceptionList()시작
2026-02-13 15:05:04.029 INFO  k.co.seoulit.common.aop.LoggerAspect - ServiceImpl  : kr.co.seoulit.reception.service.ReceptionServiceImpl.getReceptionList()종료
2026-02-13 15:05:04.037 INFO  k.co.seoulit.common.aop.LoggerAspect - Controller  : kr.co.seoulit.reception.controller.ReceptionController.getReceptions()종료
2026-02-13 15:05:04.246 DEBUG org.hibernate.SQL - select pe1_0.patient_id,pe1_0.patient_name from patient pe1_0
2026-02-13 15:05:04.281 INFO  k.co.seoulit.common.aop.LoggerAspect - Controller  : kr.co.seoulit.reception.controller.PatientController.getPatients()종료
2026-02-13 15:05:04.286 INFO  k.co.seoulit.common.aop.LoggerAspect - Controller  : kr.co.seoulit.reception.controller.PatientController.getPatients()시작
2026-02-13 15:05:04.288 DEBUG org.hibernate.SQL - select pe1_0.patient_id,pe1_0.patient_name from patient pe1_0
2026-02-13 15:05:04.305 INFO  k.co.seoulit.common.aop.LoggerAspect - Controller  : kr.co.seoulit.reception.controller.PatientController.getPatients()종료
2026-02-13 15:05:13.368 INFO  k.co.seoulit.common.aop.LoggerAspect - Controller  : kr.co.seoulit.reception.controller.MenuController.getMenus()시작
2026-02-13 15:05:13.369 INFO  k.co.seoulit.common.aop.LoggerAspect - Controller  : kr.co.seoulit.reception.controller.MenuController.getMenus()종료
2026-02-13 15:05:13.375 INFO  k.co.seoulit.common.aop.LoggerAspect - Controller  : kr.co.seoulit.reception.controller.ReceptionController.getReceptions()시작
2026-02-13 15:05:13.375 INFO  k.c.s.r.c.ReceptionController - 접수 목록 요청: searchType=null, searchValue=null
2026-02-13 15:05:13.377 INFO  k.co.seoulit.common.aop.LoggerAspect - Controller  : kr.co.seoulit.reception.controller.MenuController.getMenus()시작
2026-02-13 15:05:13.378 INFO  k.co.seoulit.common.aop.LoggerAspect - Controller  : kr.co.seoulit.reception.controller.MenuController.getMenus()종료
2026-02-13 15:05:13.404 INFO  k.co.seoulit.common.aop.LoggerAspect - ServiceImpl  : kr.co.seoulit.reception.service.ReceptionServiceImpl.getReceptionList()시작
2026-02-13 15:05:13.417 INFO  k.co.seoulit.common.aop.LoggerAspect - ServiceImpl  : kr.co.seoulit.reception.service.ReceptionServiceImpl.getReceptionList()종료
2026-02-13 15:05:13.422 INFO  k.co.seoulit.common.aop.LoggerAspect - Controller  : kr.co.seoulit.reception.controller.ReceptionController.getReceptions()종료
2026-02-13 15:05:13.433 INFO  k.co.seoulit.common.aop.LoggerAspect - Controller  : kr.co.seoulit.reception.controller.ReceptionController.getReceptions()시작
2026-02-13 15:05:13.434 INFO  k.c.s.r.c.ReceptionController - 접수 목록 요청: searchType=null, searchValue=null
2026-02-13 15:05:13.434 INFO  k.co.seoulit.common.aop.LoggerAspect - ServiceImpl  : kr.co.seoulit.reception.service.ReceptionServiceImpl.getReceptionList()시작
2026-02-13 15:05:13.444 INFO  k.co.seoulit.common.aop.LoggerAspect - ServiceImpl  : kr.co.seoulit.reception.service.ReceptionServiceImpl.getReceptionList()종료
2026-02-13 15:05:13.461 INFO  k.co.seoulit.common.aop.LoggerAspect - Controller  : kr.co.seoulit.reception.controller.ReceptionController.getReceptions()종료
2026-02-13 15:07:37.948 INFO  k.co.seoulit.common.aop.LoggerAspect - Controller  : kr.co.seoulit.reception.controller.MenuController.getMenus()시작
2026-02-13 15:07:37.948 INFO  k.co.seoulit.common.aop.LoggerAspect - Controller  : kr.co.seoulit.reception.controller.ReceptionController.getReceptions()시작
2026-02-13 15:07:37.948 INFO  k.co.seoulit.common.aop.LoggerAspect - Controller  : kr.co.seoulit.reception.controller.MenuController.getMenus()종료
2026-02-13 15:07:37.948 INFO  k.c.s.r.c.ReceptionController - 접수 목록 요청: searchType=null, searchValue=null
2026-02-13 15:07:37.954 INFO  k.co.seoulit.common.aop.LoggerAspect - ServiceImpl  : kr.co.seoulit.reception.service.ReceptionServiceImpl.getReceptionList()시작
2026-02-13 15:07:37.969 INFO  k.co.seoulit.common.aop.LoggerAspect - ServiceImpl  : kr.co.seoulit.reception.service.ReceptionServiceImpl.getReceptionList()종료
2026-02-13 15:07:37.974 INFO  k.co.seoulit.common.aop.LoggerAspect - Controller  : kr.co.seoulit.reception.controller.ReceptionController.getReceptions()종료
2026-02-13 15:07:41.465 INFO  k.co.seoulit.common.aop.LoggerAspect - Controller  : kr.co.seoulit.reception.controller.MenuController.getMenus()시작
2026-02-13 15:07:41.465 INFO  k.co.seoulit.common.aop.LoggerAspect - Controller  : kr.co.seoulit.reception.controller.MenuController.getMenus()종료
2026-02-13 15:07:41.477 INFO  k.co.seoulit.common.aop.LoggerAspect - Controller  : kr.co.seoulit.reception.controller.ReceptionController.getReceptions()시작
2026-02-13 15:07:41.477 INFO  k.c.s.r.c.ReceptionController - 접수 목록 요청: searchType=null, searchValue=null
2026-02-13 15:07:41.484 INFO  k.co.seoulit.common.aop.LoggerAspect - ServiceImpl  : kr.co.seoulit.reception.service.ReceptionServiceImpl.getReceptionList()시작
2026-02-13 15:07:41.496 INFO  k.co.seoulit.common.aop.LoggerAspect - ServiceImpl  : kr.co.seoulit.reception.service.ReceptionServiceImpl.getReceptionList()종료
2026-02-13 15:07:41.501 INFO  k.co.seoulit.common.aop.LoggerAspect - Controller  : kr.co.seoulit.reception.controller.ReceptionController.getReceptions()종료
2026-02-13 15:09:51.854 INFO  k.co.seoulit.common.aop.LoggerAspect - Controller  : kr.co.seoulit.reception.controller.MenuController.getMenus()시작
2026-02-13 15:09:51.858 INFO  k.co.seoulit.common.aop.LoggerAspect - Controller  : kr.co.seoulit.reception.controller.MenuController.getMenus()종료
2026-02-13 15:09:51.862 INFO  k.co.seoulit.common.aop.LoggerAspect - Controller  : kr.co.seoulit.reception.controller.ReceptionController.getSchedules()시작
2026-02-13 15:09:51.865 INFO  k.co.seoulit.common.aop.LoggerAspect - Controller  : kr.co.seoulit.reception.controller.ReceptionController.getChecklist()시작
2026-02-13 15:09:51.944 DEBUG org.hibernate.SQL - select rtse1_0.schedule_id,rtse1_0.schedule_date,rtse1_0.sort_order,rtse1_0.time_label,rtse1_0.title from reception_today_schedule rtse1_0 where rtse1_0.schedule_date=? order by rtse1_0.sort_order
2026-02-13 15:09:51.944 DEBUG org.hibernate.SQL - select rcie1_0.checklist_id,rcie1_0.check_date,rcie1_0.done,rcie1_0.label,rcie1_0.sort_order from reception_checklist_item rcie1_0 where rcie1_0.check_date=? order by rcie1_0.sort_order
2026-02-13 15:09:51.953 TRACE org.hibernate.orm.jdbc.bind - binding parameter (1:DATE) <- [2026-02-13]
2026-02-13 15:09:51.953 TRACE org.hibernate.orm.jdbc.bind - binding parameter (1:DATE) <- [2026-02-13]
2026-02-13 15:09:52.010 WARN  o.h.e.jdbc.spi.SqlExceptionHelper - SQL Error: 942, SQLState: 42000
2026-02-13 15:09:52.010 WARN  o.h.e.jdbc.spi.SqlExceptionHelper - SQL Error: 942, SQLState: 42000
2026-02-13 15:09:52.010 ERROR o.h.e.jdbc.spi.SqlExceptionHelper - ORA-00942: table or view does not exist

2026-02-13 15:09:52.010 ERROR o.h.e.jdbc.spi.SqlExceptionHelper - ORA-00942: table or view does not exist

2026-02-13 15:09:52.025 ERROR k.c.s.c.h.GlobalExceptionHandler - Unhandled server error
org.springframework.dao.InvalidDataAccessResourceUsageException: JDBC exception executing SQL [select rtse1_0.schedule_id,rtse1_0.schedule_date,rtse1_0.sort_order,rtse1_0.time_label,rtse1_0.title from reception_today_schedule rtse1_0 where rtse1_0.schedule_date=? order by rtse1_0.sort_order] [ORA-00942: table or view does not exist
] [n/a]; SQL [n/a]
	at org.springframework.orm.jpa.vendor.HibernateJpaDialect.convertHibernateAccessException(HibernateJpaDialect.java:277)
	at org.springframework.orm.jpa.vendor.HibernateJpaDialect.translateExceptionIfPossible(HibernateJpaDialect.java:241)
	at org.springframework.orm.jpa.AbstractEntityManagerFactoryBean.translateExceptionIfPossible(AbstractEntityManagerFactoryBean.java:550)
	at org.springframework.dao.support.ChainedPersistenceExceptionTranslator.translateExceptionIfPossible(ChainedPersistenceExceptionTranslator.java:61)
	at org.springframework.dao.support.DataAccessUtils.translateIfNecessary(DataAccessUtils.java:335)
	at org.springframework.dao.support.PersistenceExceptionTranslationInterceptor.invoke(PersistenceExceptionTranslationInterceptor.java:160)
	at org.springframework.aop.framework.ReflectiveMethodInvocation.proceed(ReflectiveMethodInvocation.java:184)
	at org.springframework.data.jpa.repository.support.CrudMethodMetadataPostProcessor$CrudMethodMetadataPopulatingMethodInterceptor.invoke(CrudMethodMetadataPostProcessor.java:136)
	at org.springframework.aop.framework.ReflectiveMethodInvocation.proceed(ReflectiveMethodInvocation.java:184)
	at org.springframework.aop.interceptor.ExposeInvocationInterceptor.invoke(ExposeInvocationInterceptor.java:97)
	at org.springframework.aop.framework.ReflectiveMethodInvocation.proceed(ReflectiveMethodInvocation.java:184)
	at org.springframework.aop.framework.JdkDynamicAopProxy.invoke(JdkDynamicAopProxy.java:223)
	at jdk.proxy2/jdk.proxy2.$Proxy166.findByScheduleDateOrderBySortOrderAsc(Unknown Source)
	at kr.co.seoulit.reception.controller.ReceptionController.getSchedules(ReceptionController.java:99)
	at java.base/jdk.internal.reflect.NativeMethodAccessorImpl.invoke0(Native Method)
	at java.base/jdk.internal.reflect.NativeMethodAccessorImpl.invoke(NativeMethodAccessorImpl.java:77)
	at java.base/jdk.internal.reflect.DelegatingMethodAccessorImpl.invoke(DelegatingMethodAccessorImpl.java:43)
	at java.base/java.lang.reflect.Method.invoke(Method.java:568)
	at org.springframework.aop.support.AopUtils.invokeJoinpointUsingReflection(AopUtils.java:354)
	at org.springframework.aop.framework.ReflectiveMethodInvocation.invokeJoinpoint(ReflectiveMethodInvocation.java:196)
	at org.springframework.aop.framework.ReflectiveMethodInvocation.proceed(ReflectiveMethodInvocation.java:163)
	at org.springframework.aop.framework.CglibAopProxy$CglibMethodInvocation.proceed(CglibAopProxy.java:768)
	at org.springframework.aop.aspectj.MethodInvocationProceedingJoinPoint.proceed(MethodInvocationProceedingJoinPoint.java:89)
	at kr.co.seoulit.common.aop.LoggerAspect.logPrint(LoggerAspect.java:31)
	at jdk.internal.reflect.GeneratedMethodAccessor185.invoke(Unknown Source)
	at java.base/jdk.internal.reflect.DelegatingMethodAccessorImpl.invoke(DelegatingMethodAccessorImpl.java:43)
	at java.base/java.lang.reflect.Method.invoke(Method.java:568)
	at org.springframework.aop.aspectj.AbstractAspectJAdvice.invokeAdviceMethodWithGivenArgs(AbstractAspectJAdvice.java:637)
	at org.springframework.aop.aspectj.AbstractAspectJAdvice.invokeAdviceMethod(AbstractAspectJAdvice.java:627)
	at org.springframework.aop.aspectj.AspectJAroundAdvice.invoke(AspectJAroundAdvice.java:71)
	at org.springframework.aop.framework.ReflectiveMethodInvocation.proceed(ReflectiveMethodInvocation.java:184)
	at org.springframework.aop.framework.CglibAopProxy$CglibMethodInvocation.proceed(CglibAopProxy.java:768)
	at org.springframework.aop.interceptor.ExposeInvocationInterceptor.invoke(ExposeInvocationInterceptor.java:97)
	at org.springframework.aop.framework.ReflectiveMethodInvocation.proceed(ReflectiveMethodInvocation.java:184)
	at org.springframework.aop.framework.CglibAopProxy$CglibMethodInvocation.proceed(CglibAopProxy.java:768)
	at org.springframework.aop.framework.CglibAopProxy$DynamicAdvisedInterceptor.intercept(CglibAopProxy.java:720)
	at kr.co.seoulit.reception.controller.ReceptionController$$SpringCGLIB$$0.getSchedules(<generated>)
	at java.base/jdk.internal.reflect.NativeMethodAccessorImpl.invoke0(Native Method)
	at java.base/jdk.internal.reflect.NativeMethodAccessorImpl.invoke(NativeMethodAccessorImpl.java:77)
	at java.base/jdk.internal.reflect.DelegatingMethodAccessorImpl.invoke(DelegatingMethodAccessorImpl.java:43)
	at java.base/java.lang.reflect.Method.invoke(Method.java:568)
	at org.springframework.web.method.support.InvocableHandlerMethod.doInvoke(InvocableHandlerMethod.java:255)
	at org.springframework.web.method.support.InvocableHandlerMethod.invokeForRequest(InvocableHandlerMethod.java:188)
	at org.springframework.web.servlet.mvc.method.annotation.ServletInvocableHandlerMethod.invokeAndHandle(ServletInvocableHandlerMethod.java:118)
	at org.springframework.web.servlet.mvc.method.annotation.RequestMappingHandlerAdapter.invokeHandlerMethod(RequestMappingHandlerAdapter.java:926)
	at org.springframework.web.servlet.mvc.method.annotation.RequestMappingHandlerAdapter.handleInternal(RequestMappingHandlerAdapter.java:831)
	at org.springframework.web.servlet.mvc.method.AbstractHandlerMethodAdapter.handle(AbstractHandlerMethodAdapter.java:87)
	at org.springframework.web.servlet.DispatcherServlet.doDispatch(DispatcherServlet.java:1089)
	at org.springframework.web.servlet.DispatcherServlet.doService(DispatcherServlet.java:979)
	at org.springframework.web.servlet.FrameworkServlet.processRequest(FrameworkServlet.java:1014)
	at org.springframework.web.servlet.FrameworkServlet.doGet(FrameworkServlet.java:903)
	at jakarta.servlet.http.HttpServlet.service(HttpServlet.java:564)
	at org.springframework.web.servlet.FrameworkServlet.service(FrameworkServlet.java:885)
	at jakarta.servlet.http.HttpServlet.service(HttpServlet.java:658)
	at org.apache.catalina.core.ApplicationFilterChain.internalDoFilter(ApplicationFilterChain.java:195)
	at org.apache.catalina.core.ApplicationFilterChain.doFilter(ApplicationFilterChain.java:140)
	at org.apache.tomcat.websocket.server.WsFilter.doFilter(WsFilter.java:51)
	at org.apache.catalina.core.ApplicationFilterChain.internalDoFilter(ApplicationFilterChain.java:164)
	at org.apache.catalina.core.ApplicationFilterChain.doFilter(ApplicationFilterChain.java:140)
	at org.springframework.web.filter.CorsFilter.doFilterInternal(CorsFilter.java:91)
	at org.springframework.web.filter.OncePerRequestFilter.doFilter(OncePerRequestFilter.java:116)
	at org.apache.catalina.core.ApplicationFilterChain.internalDoFilter(ApplicationFilterChain.java:164)
	at org.apache.catalina.core.ApplicationFilterChain.doFilter(ApplicationFilterChain.java:140)
	at org.springframework.web.filter.RequestContextFilter.doFilterInternal(RequestContextFilter.java:100)
	at org.springframework.web.filter.OncePerRequestFilter.doFilter(OncePerRequestFilter.java:116)
	at org.apache.catalina.core.ApplicationFilterChain.internalDoFilter(ApplicationFilterChain.java:164)
	at org.apache.catalina.core.ApplicationFilterChain.doFilter(ApplicationFilterChain.java:140)
	at org.springframework.web.filter.FormContentFilter.doFilterInternal(FormContentFilter.java:93)
	at org.springframework.web.filter.OncePerRequestFilter.doFilter(OncePerRequestFilter.java:116)
	at org.apache.catalina.core.ApplicationFilterChain.internalDoFilter(ApplicationFilterChain.java:164)
	at org.apache.catalina.core.ApplicationFilterChain.doFilter(ApplicationFilterChain.java:140)
	at org.springframework.web.filter.CharacterEncodingFilter.doFilterInternal(CharacterEncodingFilter.java:201)
	at org.springframework.web.filter.OncePerRequestFilter.doFilter(OncePerRequestFilter.java:116)
	at org.apache.catalina.core.ApplicationFilterChain.internalDoFilter(ApplicationFilterChain.java:164)
	at org.apache.catalina.core.ApplicationFilterChain.doFilter(ApplicationFilterChain.java:140)
	at org.apache.catalina.core.StandardWrapperValve.invoke(StandardWrapperValve.java:167)
	at org.apache.catalina.core.StandardContextValve.invoke(StandardContextValve.java:90)
	at org.apache.catalina.authenticator.AuthenticatorBase.invoke(AuthenticatorBase.java:483)
	at org.apache.catalina.core.StandardHostValve.invoke(StandardHostValve.java:115)
	at org.apache.catalina.valves.ErrorReportValve.invoke(ErrorReportValve.java:93)
	at org.apache.catalina.core.StandardEngineValve.invoke(StandardEngineValve.java:74)
	at org.apache.catalina.connector.CoyoteAdapter.service(CoyoteAdapter.java:344)
	at org.apache.coyote.http11.Http11Processor.service(Http11Processor.java:389)
	at org.apache.coyote.AbstractProcessorLight.process(AbstractProcessorLight.java:63)
	at org.apache.coyote.AbstractProtocol$ConnectionHandler.process(AbstractProtocol.java:904)
	at org.apache.tomcat.util.net.NioEndpoint$SocketProcessor.doRun(NioEndpoint.java:1741)
	at org.apache.tomcat.util.net.SocketProcessorBase.run(SocketProcessorBase.java:52)
	at org.apache.tomcat.util.threads.ThreadPoolExecutor.runWorker(ThreadPoolExecutor.java:1190)
	at org.apache.tomcat.util.threads.ThreadPoolExecutor$Worker.run(ThreadPoolExecutor.java:659)
	at org.apache.tomcat.util.threads.TaskThread$WrappingRunnable.run(TaskThread.java:63)
	at java.base/java.lang.Thread.run(Thread.java:842)
Caused by: org.hibernate.exception.SQLGrammarException: JDBC exception executing SQL [select rtse1_0.schedule_id,rtse1_0.schedule_date,rtse1_0.sort_order,rtse1_0.time_label,rtse1_0.title from reception_today_schedule rtse1_0 where rtse1_0.schedule_date=? order by rtse1_0.sort_order] [ORA-00942: table or view does not exist
] [n/a]
	at org.hibernate.exception.internal.SQLExceptionTypeDelegate.convert(SQLExceptionTypeDelegate.java:66)
	at org.hibernate.exception.internal.StandardSQLExceptionConverter.convert(StandardSQLExceptionConverter.java:58)
	at org.hibernate.engine.jdbc.spi.SqlExceptionHelper.convert(SqlExceptionHelper.java:108)
	at org.hibernate.engine.jdbc.spi.SqlExceptionHelper.convert(SqlExceptionHelper.java:94)
	at org.hibernate.sql.results.jdbc.internal.DeferredResultSetAccess.executeQuery(DeferredResultSetAccess.java:264)
	at org.hibernate.sql.results.jdbc.internal.DeferredResultSetAccess.getResultSet(DeferredResultSetAccess.java:167)
	at org.hibernate.sql.results.jdbc.internal.JdbcValuesResultSetImpl.advanceNext(JdbcValuesResultSetImpl.java:265)
	at org.hibernate.sql.results.jdbc.internal.JdbcValuesResultSetImpl.processNext(JdbcValuesResultSetImpl.java:145)
	at org.hibernate.sql.results.jdbc.internal.AbstractJdbcValues.next(AbstractJdbcValues.java:19)
	at org.hibernate.sql.results.internal.RowProcessingStateStandardImpl.next(RowProcessingStateStandardImpl.java:67)
	at org.hibernate.sql.results.spi.ListResultsConsumer.consume(ListResultsConsumer.java:204)
	at org.hibernate.sql.results.spi.ListResultsConsumer.consume(ListResultsConsumer.java:33)
	at org.hibernate.sql.exec.internal.JdbcSelectExecutorStandardImpl.doExecuteQuery(JdbcSelectExecutorStandardImpl.java:211)
	at org.hibernate.sql.exec.internal.JdbcSelectExecutorStandardImpl.executeQuery(JdbcSelectExecutorStandardImpl.java:83)
	at org.hibernate.sql.exec.spi.JdbcSelectExecutor.list(JdbcSelectExecutor.java:76)
	at org.hibernate.sql.exec.spi.JdbcSelectExecutor.list(JdbcSelectExecutor.java:65)
	at org.hibernate.query.sqm.internal.ConcreteSqmSelectQueryPlan.lambda$new$2(ConcreteSqmSelectQueryPlan.java:139)
	at org.hibernate.query.sqm.internal.ConcreteSqmSelectQueryPlan.withCacheableSqmInterpretation(ConcreteSqmSelectQueryPlan.java:382)
	at org.hibernate.query.sqm.internal.ConcreteSqmSelectQueryPlan.performList(ConcreteSqmSelectQueryPlan.java:302)
	at org.hibernate.query.sqm.internal.QuerySqmImpl.doList(QuerySqmImpl.java:526)
	at org.hibernate.query.spi.AbstractSelectionQuery.list(AbstractSelectionQuery.java:423)
	at org.hibernate.query.Query.getResultList(Query.java:120)
	at org.springframework.data.jpa.repository.query.JpaQueryExecution$CollectionExecution.doExecute(JpaQueryExecution.java:129)
	at org.springframework.data.jpa.repository.query.JpaQueryExecution.execute(JpaQueryExecution.java:92)
	at org.springframework.data.jpa.repository.query.AbstractJpaQuery.doExecute(AbstractJpaQuery.java:152)
	at org.springframework.data.jpa.repository.query.AbstractJpaQuery.execute(AbstractJpaQuery.java:140)
	at org.springframework.data.repository.core.support.RepositoryMethodInvoker.doInvoke(RepositoryMethodInvoker.java:170)
	at org.springframework.data.repository.core.support.RepositoryMethodInvoker.invoke(RepositoryMethodInvoker.java:158)
	at org.springframework.data.repository.core.support.QueryExecutorMethodInterceptor.doInvoke(QueryExecutorMethodInterceptor.java:164)
	at org.springframework.data.repository.core.support.QueryExecutorMethodInterceptor.invoke(QueryExecutorMethodInterceptor.java:143)
	at org.springframework.aop.framework.ReflectiveMethodInvocation.proceed(ReflectiveMethodInvocation.java:184)
	at org.springframework.data.projection.DefaultMethodInvokingMethodInterceptor.invoke(DefaultMethodInvokingMethodInterceptor.java:70)
	at org.springframework.aop.framework.ReflectiveMethodInvocation.proceed(ReflectiveMethodInvocation.java:184)
	at org.springframework.transaction.interceptor.TransactionAspectSupport.invokeWithinTransaction(TransactionAspectSupport.java:379)
	at org.springframework.transaction.interceptor.TransactionInterceptor.invoke(TransactionInterceptor.java:119)
	at org.springframework.aop.framework.ReflectiveMethodInvocation.proceed(ReflectiveMethodInvocation.java:184)
	at org.springframework.dao.support.PersistenceExceptionTranslationInterceptor.invoke(PersistenceExceptionTranslationInterceptor.java:138)
	... 85 common frames omitted
Caused by: java.sql.SQLSyntaxErrorException: ORA-00942: table or view does not exist

	at oracle.jdbc.driver.T4CTTIoer11.processError(T4CTTIoer11.java:630)
	at oracle.jdbc.driver.T4CTTIoer11.processError(T4CTTIoer11.java:564)
	at oracle.jdbc.driver.T4C8Oall.processError(T4C8Oall.java:1231)
	at oracle.jdbc.driver.T4CTTIfun.receive(T4CTTIfun.java:772)
	at oracle.jdbc.driver.T4CTTIfun.doRPC(T4CTTIfun.java:299)
	at oracle.jdbc.driver.T4C8Oall.doOALL(T4C8Oall.java:512)
	at oracle.jdbc.driver.T4CPreparedStatement.doOall8(T4CPreparedStatement.java:163)
	at oracle.jdbc.driver.T4CPreparedStatement.executeForDescribe(T4CPreparedStatement.java:1010)
	at oracle.jdbc.driver.OracleStatement.prepareDefineBufferAndExecute(OracleStatement.java:1271)
	at oracle.jdbc.driver.OracleStatement.executeMaybeDescribe(OracleStatement.java:1149)
	at oracle.jdbc.driver.OracleStatement.executeSQLSelect(OracleStatement.java:1661)
	at oracle.jdbc.driver.OracleStatement.doExecuteWithTimeout(OracleStatement.java:1470)
	at oracle.jdbc.driver.OraclePreparedStatement.executeInternal(OraclePreparedStatement.java:3761)
	at oracle.jdbc.driver.OraclePreparedStatement.executeQuery(OraclePreparedStatement.java:3936)
	at oracle.jdbc.driver.OraclePreparedStatementWrapper.executeQuery(OraclePreparedStatementWrapper.java:1102)
	at com.zaxxer.hikari.pool.ProxyPreparedStatement.executeQuery(ProxyPreparedStatement.java:52)
	at com.zaxxer.hikari.pool.HikariProxyPreparedStatement.executeQuery(HikariProxyPreparedStatement.java)
	at org.hibernate.sql.results.jdbc.internal.DeferredResultSetAccess.executeQuery(DeferredResultSetAccess.java:246)
	... 117 common frames omitted
Caused by: oracle.jdbc.OracleDatabaseException: ORA-00942: table or view does not exist

	at oracle.jdbc.driver.T4CTTIoer11.processError(T4CTTIoer11.java:637)
	... 134 common frames omitted
2026-02-13 15:09:52.025 ERROR k.c.s.c.h.GlobalExceptionHandler - Unhandled server error
org.springframework.dao.InvalidDataAccessResourceUsageException: JDBC exception executing SQL [select rcie1_0.checklist_id,rcie1_0.check_date,rcie1_0.done,rcie1_0.label,rcie1_0.sort_order from reception_checklist_item rcie1_0 where rcie1_0.check_date=? order by rcie1_0.sort_order] [ORA-00942: table or view does not exist
] [n/a]; SQL [n/a]
	at org.springframework.orm.jpa.vendor.HibernateJpaDialect.convertHibernateAccessException(HibernateJpaDialect.java:277)
	at org.springframework.orm.jpa.vendor.HibernateJpaDialect.translateExceptionIfPossible(HibernateJpaDialect.java:241)
	at org.springframework.orm.jpa.AbstractEntityManagerFactoryBean.translateExceptionIfPossible(AbstractEntityManagerFactoryBean.java:550)
	at org.springframework.dao.support.ChainedPersistenceExceptionTranslator.translateExceptionIfPossible(ChainedPersistenceExceptionTranslator.java:61)
	at org.springframework.dao.support.DataAccessUtils.translateIfNecessary(DataAccessUtils.java:335)
	at org.springframework.dao.support.PersistenceExceptionTranslationInterceptor.invoke(PersistenceExceptionTranslationInterceptor.java:160)
	at org.springframework.aop.framework.ReflectiveMethodInvocation.proceed(ReflectiveMethodInvocation.java:184)
	at org.springframework.data.jpa.repository.support.CrudMethodMetadataPostProcessor$CrudMethodMetadataPopulatingMethodInterceptor.invoke(CrudMethodMetadataPostProcessor.java:136)
	at org.springframework.aop.framework.ReflectiveMethodInvocation.proceed(ReflectiveMethodInvocation.java:184)
	at org.springframework.aop.interceptor.ExposeInvocationInterceptor.invoke(ExposeInvocationInterceptor.java:97)
	at org.springframework.aop.framework.ReflectiveMethodInvocation.proceed(ReflectiveMethodInvocation.java:184)
	at org.springframework.aop.framework.JdkDynamicAopProxy.invoke(JdkDynamicAopProxy.java:223)
	at jdk.proxy2/jdk.proxy2.$Proxy167.findByCheckDateOrderBySortOrderAsc(Unknown Source)
	at kr.co.seoulit.reception.controller.ReceptionController.getChecklist(ReceptionController.java:161)
	at java.base/jdk.internal.reflect.NativeMethodAccessorImpl.invoke0(Native Method)
	at java.base/jdk.internal.reflect.NativeMethodAccessorImpl.invoke(NativeMethodAccessorImpl.java:77)
	at java.base/jdk.internal.reflect.DelegatingMethodAccessorImpl.invoke(DelegatingMethodAccessorImpl.java:43)
	at java.base/java.lang.reflect.Method.invoke(Method.java:568)
	at org.springframework.aop.support.AopUtils.invokeJoinpointUsingReflection(AopUtils.java:354)
	at org.springframework.aop.framework.ReflectiveMethodInvocation.invokeJoinpoint(ReflectiveMethodInvocation.java:196)
	at org.springframework.aop.framework.ReflectiveMethodInvocation.proceed(ReflectiveMethodInvocation.java:163)
	at org.springframework.aop.framework.CglibAopProxy$CglibMethodInvocation.proceed(CglibAopProxy.java:768)
	at org.springframework.aop.aspectj.MethodInvocationProceedingJoinPoint.proceed(MethodInvocationProceedingJoinPoint.java:89)
	at kr.co.seoulit.common.aop.LoggerAspect.logPrint(LoggerAspect.java:31)
	at jdk.internal.reflect.GeneratedMethodAccessor185.invoke(Unknown Source)
	at java.base/jdk.internal.reflect.DelegatingMethodAccessorImpl.invoke(DelegatingMethodAccessorImpl.java:43)
	at java.base/java.lang.reflect.Method.invoke(Method.java:568)
	at org.springframework.aop.aspectj.AbstractAspectJAdvice.invokeAdviceMethodWithGivenArgs(AbstractAspectJAdvice.java:637)
	at org.springframework.aop.aspectj.AbstractAspectJAdvice.invokeAdviceMethod(AbstractAspectJAdvice.java:627)
	at org.springframework.aop.aspectj.AspectJAroundAdvice.invoke(AspectJAroundAdvice.java:71)
	at org.springframework.aop.framework.ReflectiveMethodInvocation.proceed(ReflectiveMethodInvocation.java:184)
	at org.springframework.aop.framework.CglibAopProxy$CglibMethodInvocation.proceed(CglibAopProxy.java:768)
	at org.springframework.aop.interceptor.ExposeInvocationInterceptor.invoke(ExposeInvocationInterceptor.java:97)
	at org.springframework.aop.framework.ReflectiveMethodInvocation.proceed(ReflectiveMethodInvocation.java:184)
	at org.springframework.aop.framework.CglibAopProxy$CglibMethodInvocation.proceed(CglibAopProxy.java:768)
	at org.springframework.aop.framework.CglibAopProxy$DynamicAdvisedInterceptor.intercept(CglibAopProxy.java:720)
	at kr.co.seoulit.reception.controller.ReceptionController$$SpringCGLIB$$0.getChecklist(<generated>)
	at java.base/jdk.internal.reflect.NativeMethodAccessorImpl.invoke0(Native Method)
	at java.base/jdk.internal.reflect.NativeMethodAccessorImpl.invoke(NativeMethodAccessorImpl.java:77)
	at java.base/jdk.internal.reflect.DelegatingMethodAccessorImpl.invoke(DelegatingMethodAccessorImpl.java:43)
	at java.base/java.lang.reflect.Method.invoke(Method.java:568)
	at org.springframework.web.method.support.InvocableHandlerMethod.doInvoke(InvocableHandlerMethod.java:255)
	at org.springframework.web.method.support.InvocableHandlerMethod.invokeForRequest(InvocableHandlerMethod.java:188)
	at org.springframework.web.servlet.mvc.method.annotation.ServletInvocableHandlerMethod.invokeAndHandle(ServletInvocableHandlerMethod.java:118)
	at org.springframework.web.servlet.mvc.method.annotation.RequestMappingHandlerAdapter.invokeHandlerMethod(RequestMappingHandlerAdapter.java:926)
	at org.springframework.web.servlet.mvc.method.annotation.RequestMappingHandlerAdapter.handleInternal(RequestMappingHandlerAdapter.java:831)
	at org.springframework.web.servlet.mvc.method.AbstractHandlerMethodAdapter.handle(AbstractHandlerMethodAdapter.java:87)
	at org.springframework.web.servlet.DispatcherServlet.doDispatch(DispatcherServlet.java:1089)
	at org.springframework.web.servlet.DispatcherServlet.doService(DispatcherServlet.java:979)
	at org.springframework.web.servlet.FrameworkServlet.processRequest(FrameworkServlet.java:1014)
	at org.springframework.web.servlet.FrameworkServlet.doGet(FrameworkServlet.java:903)
	at jakarta.servlet.http.HttpServlet.service(HttpServlet.java:564)
	at org.springframework.web.servlet.FrameworkServlet.service(FrameworkServlet.java:885)
	at jakarta.servlet.http.HttpServlet.service(HttpServlet.java:658)
	at org.apache.catalina.core.ApplicationFilterChain.internalDoFilter(ApplicationFilterChain.java:195)
	at org.apache.catalina.core.ApplicationFilterChain.doFilter(ApplicationFilterChain.java:140)
	at org.apache.tomcat.websocket.server.WsFilter.doFilter(WsFilter.java:51)
	at org.apache.catalina.core.ApplicationFilterChain.internalDoFilter(ApplicationFilterChain.java:164)
	at org.apache.catalina.core.ApplicationFilterChain.doFilter(ApplicationFilterChain.java:140)
	at org.springframework.web.filter.CorsFilter.doFilterInternal(CorsFilter.java:91)
	at org.springframework.web.filter.OncePerRequestFilter.doFilter(OncePerRequestFilter.java:116)
	at org.apache.catalina.core.ApplicationFilterChain.internalDoFilter(ApplicationFilterChain.java:164)
	at org.apache.catalina.core.ApplicationFilterChain.doFilter(ApplicationFilterChain.java:140)
	at org.springframework.web.filter.RequestContextFilter.doFilterInternal(RequestContextFilter.java:100)
	at org.springframework.web.filter.OncePerRequestFilter.doFilter(OncePerRequestFilter.java:116)
	at org.apache.catalina.core.ApplicationFilterChain.internalDoFilter(ApplicationFilterChain.java:164)
	at org.apache.catalina.core.ApplicationFilterChain.doFilter(ApplicationFilterChain.java:140)
	at org.springframework.web.filter.FormContentFilter.doFilterInternal(FormContentFilter.java:93)
	at org.springframework.web.filter.OncePerRequestFilter.doFilter(OncePerRequestFilter.java:116)
	at org.apache.catalina.core.ApplicationFilterChain.internalDoFilter(ApplicationFilterChain.java:164)
	at org.apache.catalina.core.ApplicationFilterChain.doFilter(ApplicationFilterChain.java:140)
	at org.springframework.web.filter.CharacterEncodingFilter.doFilterInternal(CharacterEncodingFilter.java:201)
	at org.springframework.web.filter.OncePerRequestFilter.doFilter(OncePerRequestFilter.java:116)
	at org.apache.catalina.core.ApplicationFilterChain.internalDoFilter(ApplicationFilterChain.java:164)
	at org.apache.catalina.core.ApplicationFilterChain.doFilter(ApplicationFilterChain.java:140)
	at org.apache.catalina.core.StandardWrapperValve.invoke(StandardWrapperValve.java:167)
	at org.apache.catalina.core.StandardContextValve.invoke(StandardContextValve.java:90)
	at org.apache.catalina.authenticator.AuthenticatorBase.invoke(AuthenticatorBase.java:483)
	at org.apache.catalina.core.StandardHostValve.invoke(StandardHostValve.java:115)
	at org.apache.catalina.valves.ErrorReportValve.invoke(ErrorReportValve.java:93)
	at org.apache.catalina.core.StandardEngineValve.invoke(StandardEngineValve.java:74)
	at org.apache.catalina.connector.CoyoteAdapter.service(CoyoteAdapter.java:344)
	at org.apache.coyote.http11.Http11Processor.service(Http11Processor.java:389)
	at org.apache.coyote.AbstractProcessorLight.process(AbstractProcessorLight.java:63)
	at org.apache.coyote.AbstractProtocol$ConnectionHandler.process(AbstractProtocol.java:904)
	at org.apache.tomcat.util.net.NioEndpoint$SocketProcessor.doRun(NioEndpoint.java:1741)
	at org.apache.tomcat.util.net.SocketProcessorBase.run(SocketProcessorBase.java:52)
	at org.apache.tomcat.util.threads.ThreadPoolExecutor.runWorker(ThreadPoolExecutor.java:1190)
	at org.apache.tomcat.util.threads.ThreadPoolExecutor$Worker.run(ThreadPoolExecutor.java:659)
	at org.apache.tomcat.util.threads.TaskThread$WrappingRunnable.run(TaskThread.java:63)
	at java.base/java.lang.Thread.run(Thread.java:842)
Caused by: org.hibernate.exception.SQLGrammarException: JDBC exception executing SQL [select rcie1_0.checklist_id,rcie1_0.check_date,rcie1_0.done,rcie1_0.label,rcie1_0.sort_order from reception_checklist_item rcie1_0 where rcie1_0.check_date=? order by rcie1_0.sort_order] [ORA-00942: table or view does not exist
] [n/a]
	at org.hibernate.exception.internal.SQLExceptionTypeDelegate.convert(SQLExceptionTypeDelegate.java:66)
	at org.hibernate.exception.internal.StandardSQLExceptionConverter.convert(StandardSQLExceptionConverter.java:58)
	at org.hibernate.engine.jdbc.spi.SqlExceptionHelper.convert(SqlExceptionHelper.java:108)
	at org.hibernate.engine.jdbc.spi.SqlExceptionHelper.convert(SqlExceptionHelper.java:94)
	at org.hibernate.sql.results.jdbc.internal.DeferredResultSetAccess.executeQuery(DeferredResultSetAccess.java:264)
	at org.hibernate.sql.results.jdbc.internal.DeferredResultSetAccess.getResultSet(DeferredResultSetAccess.java:167)
	at org.hibernate.sql.results.jdbc.internal.JdbcValuesResultSetImpl.advanceNext(JdbcValuesResultSetImpl.java:265)
	at org.hibernate.sql.results.jdbc.internal.JdbcValuesResultSetImpl.processNext(JdbcValuesResultSetImpl.java:145)
	at org.hibernate.sql.results.jdbc.internal.AbstractJdbcValues.next(AbstractJdbcValues.java:19)
	at org.hibernate.sql.results.internal.RowProcessingStateStandardImpl.next(RowProcessingStateStandardImpl.java:67)
	at org.hibernate.sql.results.spi.ListResultsConsumer.consume(ListResultsConsumer.java:204)
	at org.hibernate.sql.results.spi.ListResultsConsumer.consume(ListResultsConsumer.java:33)
	at org.hibernate.sql.exec.internal.JdbcSelectExecutorStandardImpl.doExecuteQuery(JdbcSelectExecutorStandardImpl.java:211)
	at org.hibernate.sql.exec.internal.JdbcSelectExecutorStandardImpl.executeQuery(JdbcSelectExecutorStandardImpl.java:83)
	at org.hibernate.sql.exec.spi.JdbcSelectExecutor.list(JdbcSelectExecutor.java:76)
	at org.hibernate.sql.exec.spi.JdbcSelectExecutor.list(JdbcSelectExecutor.java:65)
	at org.hibernate.query.sqm.internal.ConcreteSqmSelectQueryPlan.lambda$new$2(ConcreteSqmSelectQueryPlan.java:139)
	at org.hibernate.query.sqm.internal.ConcreteSqmSelectQueryPlan.withCacheableSqmInterpretation(ConcreteSqmSelectQueryPlan.java:382)
	at org.hibernate.query.sqm.internal.ConcreteSqmSelectQueryPlan.performList(ConcreteSqmSelectQueryPlan.java:302)
	at org.hibernate.query.sqm.internal.QuerySqmImpl.doList(QuerySqmImpl.java:526)
	at org.hibernate.query.spi.AbstractSelectionQuery.list(AbstractSelectionQuery.java:423)
	at org.hibernate.query.Query.getResultList(Query.java:120)
	at org.springframework.data.jpa.repository.query.JpaQueryExecution$CollectionExecution.doExecute(JpaQueryExecution.java:129)
	at org.springframework.data.jpa.repository.query.JpaQueryExecution.execute(JpaQueryExecution.java:92)
	at org.springframework.data.jpa.repository.query.AbstractJpaQuery.doExecute(AbstractJpaQuery.java:152)
	at org.springframework.data.jpa.repository.query.AbstractJpaQuery.execute(AbstractJpaQuery.java:140)
	at org.springframework.data.repository.core.support.RepositoryMethodInvoker.doInvoke(RepositoryMethodInvoker.java:170)
	at org.springframework.data.repository.core.support.RepositoryMethodInvoker.invoke(RepositoryMethodInvoker.java:158)
	at org.springframework.data.repository.core.support.QueryExecutorMethodInterceptor.doInvoke(QueryExecutorMethodInterceptor.java:164)
	at org.springframework.data.repository.core.support.QueryExecutorMethodInterceptor.invoke(QueryExecutorMethodInterceptor.java:143)
	at org.springframework.aop.framework.ReflectiveMethodInvocation.proceed(ReflectiveMethodInvocation.java:184)
	at org.springframework.data.projection.DefaultMethodInvokingMethodInterceptor.invoke(DefaultMethodInvokingMethodInterceptor.java:70)
	at org.springframework.aop.framework.ReflectiveMethodInvocation.proceed(ReflectiveMethodInvocation.java:184)
	at org.springframework.transaction.interceptor.TransactionAspectSupport.invokeWithinTransaction(TransactionAspectSupport.java:379)
	at org.springframework.transaction.interceptor.TransactionInterceptor.invoke(TransactionInterceptor.java:119)
	at org.springframework.aop.framework.ReflectiveMethodInvocation.proceed(ReflectiveMethodInvocation.java:184)
	at org.springframework.dao.support.PersistenceExceptionTranslationInterceptor.invoke(PersistenceExceptionTranslationInterceptor.java:138)
	... 85 common frames omitted
Caused by: java.sql.SQLSyntaxErrorException: ORA-00942: table or view does not exist

	at oracle.jdbc.driver.T4CTTIoer11.processError(T4CTTIoer11.java:630)
	at oracle.jdbc.driver.T4CTTIoer11.processError(T4CTTIoer11.java:564)
	at oracle.jdbc.driver.T4C8Oall.processError(T4C8Oall.java:1231)
	at oracle.jdbc.driver.T4CTTIfun.receive(T4CTTIfun.java:772)
	at oracle.jdbc.driver.T4CTTIfun.doRPC(T4CTTIfun.java:299)
	at oracle.jdbc.driver.T4C8Oall.doOALL(T4C8Oall.java:512)
	at oracle.jdbc.driver.T4CPreparedStatement.doOall8(T4CPreparedStatement.java:163)
	at oracle.jdbc.driver.T4CPreparedStatement.executeForDescribe(T4CPreparedStatement.java:1010)
	at oracle.jdbc.driver.OracleStatement.prepareDefineBufferAndExecute(OracleStatement.java:1271)
	at oracle.jdbc.driver.OracleStatement.executeMaybeDescribe(OracleStatement.java:1149)
	at oracle.jdbc.driver.OracleStatement.executeSQLSelect(OracleStatement.java:1661)
	at oracle.jdbc.driver.OracleStatement.doExecuteWithTimeout(OracleStatement.java:1470)
	at oracle.jdbc.driver.OraclePreparedStatement.executeInternal(OraclePreparedStatement.java:3761)
	at oracle.jdbc.driver.OraclePreparedStatement.executeQuery(OraclePreparedStatement.java:3936)
	at oracle.jdbc.driver.OraclePreparedStatementWrapper.executeQuery(OraclePreparedStatementWrapper.java:1102)
	at com.zaxxer.hikari.pool.ProxyPreparedStatement.executeQuery(ProxyPreparedStatement.java:52)
	at com.zaxxer.hikari.pool.HikariProxyPreparedStatement.executeQuery(HikariProxyPreparedStatement.java)
	at org.hibernate.sql.results.jdbc.internal.DeferredResultSetAccess.executeQuery(DeferredResultSetAccess.java:246)
	... 117 common frames omitted
Caused by: oracle.jdbc.OracleDatabaseException: ORA-00942: table or view does not exist

	at oracle.jdbc.driver.T4CTTIoer11.processError(T4CTTIoer11.java:637)
	... 134 common frames omitted
2026-02-13 15:10:05.880 INFO  k.co.seoulit.common.aop.LoggerAspect - Controller  : kr.co.seoulit.reception.controller.ReceptionController.getReceptions()시작
2026-02-13 15:10:05.883 INFO  k.co.seoulit.common.aop.LoggerAspect - Controller  : kr.co.seoulit.reception.controller.MenuController.getMenus()시작
2026-02-13 15:10:05.885 INFO  k.c.s.r.c.ReceptionController - 접수 목록 요청: searchType=null, searchValue=null
2026-02-13 15:10:05.886 INFO  k.co.seoulit.common.aop.LoggerAspect - Controller  : kr.co.seoulit.reception.controller.MenuController.getMenus()종료
2026-02-13 15:10:05.883 INFO  k.co.seoulit.common.aop.LoggerAspect - Controller  : kr.co.seoulit.reception.controller.ReceptionController.getReceptions()시작
2026-02-13 15:10:05.887 INFO  k.c.s.r.c.ReceptionController - 접수 목록 요청: searchType=null, searchValue=null
2026-02-13 15:10:05.900 INFO  k.co.seoulit.common.aop.LoggerAspect - Controller  : kr.co.seoulit.reception.controller.MenuController.getMenus()시작
2026-02-13 15:10:05.901 INFO  k.co.seoulit.common.aop.LoggerAspect - Controller  : kr.co.seoulit.reception.controller.MenuController.getMenus()종료
2026-02-13 15:10:05.907 INFO  k.co.seoulit.common.aop.LoggerAspect - ServiceImpl  : kr.co.seoulit.reception.service.ReceptionServiceImpl.getReceptionList()시작
2026-02-13 15:10:05.907 INFO  k.co.seoulit.common.aop.LoggerAspect - ServiceImpl  : kr.co.seoulit.reception.service.ReceptionServiceImpl.getReceptionList()시작
2026-02-13 15:10:05.937 INFO  k.co.seoulit.common.aop.LoggerAspect - ServiceImpl  : kr.co.seoulit.reception.service.ReceptionServiceImpl.getReceptionList()종료
2026-02-13 15:10:05.938 INFO  k.co.seoulit.common.aop.LoggerAspect - ServiceImpl  : kr.co.seoulit.reception.service.ReceptionServiceImpl.getReceptionList()종료
2026-02-13 15:10:05.946 INFO  k.co.seoulit.common.aop.LoggerAspect - Controller  : kr.co.seoulit.reception.controller.ReceptionController.getReceptions()종료
2026-02-13 15:10:05.947 INFO  k.co.seoulit.common.aop.LoggerAspect - Controller  : kr.co.seoulit.reception.controller.ReceptionController.getReceptions()종료
2026-02-13 15:10:09.265 INFO  k.co.seoulit.common.aop.LoggerAspect - Controller  : kr.co.seoulit.reception.controller.ReceptionController.getReceptions()시작
2026-02-13 15:10:09.265 INFO  k.c.s.r.c.ReceptionController - 접수 목록 요청: searchType=null, searchValue=null
2026-02-13 15:10:09.274 INFO  k.co.seoulit.common.aop.LoggerAspect - Controller  : kr.co.seoulit.reception.controller.MenuController.getMenus()시작
2026-02-13 15:10:09.276 INFO  k.co.seoulit.common.aop.LoggerAspect - Controller  : kr.co.seoulit.reception.controller.MenuController.getMenus()종료
2026-02-13 15:10:09.286 INFO  k.co.seoulit.common.aop.LoggerAspect - Controller  : kr.co.seoulit.reception.controller.MenuController.getMenus()시작
2026-02-13 15:10:09.286 INFO  k.co.seoulit.common.aop.LoggerAspect - Controller  : kr.co.seoulit.reception.controller.MenuController.getMenus()종료
2026-02-13 15:10:09.288 INFO  k.co.seoulit.common.aop.LoggerAspect - ServiceImpl  : kr.co.seoulit.reception.service.ReceptionServiceImpl.getReceptionList()시작
2026-02-13 15:10:09.304 INFO  k.co.seoulit.common.aop.LoggerAspect - ServiceImpl  : kr.co.seoulit.reception.service.ReceptionServiceImpl.getReceptionList()종료
2026-02-13 15:10:09.313 INFO  k.co.seoulit.common.aop.LoggerAspect - Controller  : kr.co.seoulit.reception.controller.ReceptionController.getReceptions()종료
2026-02-13 15:10:09.324 INFO  k.co.seoulit.common.aop.LoggerAspect - Controller  : kr.co.seoulit.reception.controller.ReceptionController.getReceptions()시작
2026-02-13 15:10:09.324 INFO  k.c.s.r.c.ReceptionController - 접수 목록 요청: searchType=null, searchValue=null
2026-02-13 15:10:09.326 INFO  k.co.seoulit.common.aop.LoggerAspect - ServiceImpl  : kr.co.seoulit.reception.service.ReceptionServiceImpl.getReceptionList()시작
2026-02-13 15:10:09.349 INFO  k.co.seoulit.common.aop.LoggerAspect - ServiceImpl  : kr.co.seoulit.reception.service.ReceptionServiceImpl.getReceptionList()종료
2026-02-13 15:10:09.357 INFO  k.co.seoulit.common.aop.LoggerAspect - Controller  : kr.co.seoulit.reception.controller.ReceptionController.getReceptions()종료
2026-02-13 15:10:09.536 INFO  k.co.seoulit.common.aop.LoggerAspect - Controller  : kr.co.seoulit.reception.controller.ReceptionController.getReception()시작
2026-02-13 15:10:09.536 INFO  k.c.s.r.c.ReceptionController - 접수 조회 요청: id=5
2026-02-13 15:10:09.550 INFO  k.co.seoulit.common.aop.LoggerAspect - ServiceImpl  : kr.co.seoulit.reception.service.ReceptionServiceImpl.getReception()시작
2026-02-13 15:10:09.569 DEBUG org.hibernate.SQL - select re1_0.reception_id,re1_0.arrived_at,re1_0.cancel_reason_code,re1_0.cancel_reason_text,re1_0.created_at,re1_0.created_by,re1_0.department_id,re1_0.department_name,re1_0.doctor_id,re1_0.doctor_name,re1_0.hold_reason_code,re1_0.hold_reason_text,re1_0.inactive_at,re1_0.inactive_reason_code,re1_0.inactive_reason_text,re1_0.is_active,re1_0.note,re1_0.patient_id,re1_0.patient_name,re1_0.reception_no,re1_0.reservation_id,re1_0.scheduled_at,re1_0.status,re1_0.updated_at,re1_0.updated_by,re1_0.visit_type from reception re1_0 where re1_0.reception_id=?
2026-02-13 15:10:09.569 TRACE org.hibernate.orm.jdbc.bind - binding parameter (1:BIGINT) <- [5]
2026-02-13 15:10:09.600 INFO  k.co.seoulit.common.aop.LoggerAspect - kr.co.seoulit.reception.mapstruct.ReceptionResMapStructImpl.toDto()시작
2026-02-13 15:10:09.601 INFO  k.co.seoulit.common.aop.LoggerAspect - kr.co.seoulit.reception.mapstruct.ReceptionResMapStructImpl.toDto()종료
2026-02-13 15:10:09.601 INFO  k.co.seoulit.common.aop.LoggerAspect - ServiceImpl  : kr.co.seoulit.reception.service.ReceptionServiceImpl.getReception()종료
2026-02-13 15:10:09.614 INFO  k.co.seoulit.common.aop.LoggerAspect - Controller  : kr.co.seoulit.reception.controller.ReceptionController.getReception()종료
2026-02-13 15:10:13.282 INFO  k.co.seoulit.common.aop.LoggerAspect - Controller  : kr.co.seoulit.reception.controller.MenuController.getMenus()시작
2026-02-13 15:10:13.283 INFO  k.co.seoulit.common.aop.LoggerAspect - Controller  : kr.co.seoulit.reception.controller.MenuController.getMenus()종료
2026-02-13 15:10:13.293 INFO  k.co.seoulit.common.aop.LoggerAspect - Controller  : kr.co.seoulit.reception.controller.MenuController.getMenus()시작
2026-02-13 15:10:13.294 INFO  k.co.seoulit.common.aop.LoggerAspect - Controller  : kr.co.seoulit.reception.controller.MenuController.getMenus()종료
2026-02-13 15:10:15.126 INFO  k.co.seoulit.common.aop.LoggerAspect - Controller  : kr.co.seoulit.reception.controller.MenuController.getMenus()시작
2026-02-13 15:10:15.126 INFO  k.co.seoulit.common.aop.LoggerAspect - Controller  : kr.co.seoulit.reception.controller.MenuController.getMenus()종료
2026-02-13 15:10:15.128 INFO  k.co.seoulit.common.aop.LoggerAspect - Controller  : kr.co.seoulit.reception.controller.ReceptionController.getReceptions()시작
2026-02-13 15:10:15.129 INFO  k.c.s.r.c.ReceptionController - 접수 목록 요청: searchType=status, searchValue=CANCELED
2026-02-13 15:10:15.134 INFO  k.co.seoulit.common.aop.LoggerAspect - Controller  : kr.co.seoulit.reception.controller.MenuController.getMenus()시작
2026-02-13 15:10:15.135 INFO  k.co.seoulit.common.aop.LoggerAspect - Controller  : kr.co.seoulit.reception.controller.MenuController.getMenus()종료
2026-02-13 15:10:15.143 INFO  k.co.seoulit.common.aop.LoggerAspect - ServiceImpl  : kr.co.seoulit.reception.service.ReceptionServiceImpl.getReceptionList()시작
2026-02-13 15:10:15.164 INFO  k.co.seoulit.common.aop.LoggerAspect - ServiceImpl  : kr.co.seoulit.reception.service.ReceptionServiceImpl.getReceptionList()종료
2026-02-13 15:10:15.169 INFO  k.co.seoulit.common.aop.LoggerAspect - Controller  : kr.co.seoulit.reception.controller.ReceptionController.getReceptions()종료
2026-02-13 15:10:15.175 INFO  k.co.seoulit.common.aop.LoggerAspect - Controller  : kr.co.seoulit.reception.controller.ReceptionController.getReceptions()시작
2026-02-13 15:10:15.176 INFO  k.c.s.r.c.ReceptionController - 접수 목록 요청: searchType=status, searchValue=CANCELED
2026-02-13 15:10:15.177 INFO  k.co.seoulit.common.aop.LoggerAspect - ServiceImpl  : kr.co.seoulit.reception.service.ReceptionServiceImpl.getReceptionList()시작
2026-02-13 15:10:15.184 INFO  k.co.seoulit.common.aop.LoggerAspect - ServiceImpl  : kr.co.seoulit.reception.service.ReceptionServiceImpl.getReceptionList()종료
2026-02-13 15:10:15.189 INFO  k.co.seoulit.common.aop.LoggerAspect - Controller  : kr.co.seoulit.reception.controller.ReceptionController.getReceptions()종료
2026-02-13 15:10:15.338 INFO  k.co.seoulit.common.aop.LoggerAspect - Controller  : kr.co.seoulit.reception.controller.ReceptionController.getReception()시작
2026-02-13 15:10:15.338 INFO  k.c.s.r.c.ReceptionController - 접수 조회 요청: id=3
2026-02-13 15:10:15.340 INFO  k.co.seoulit.common.aop.LoggerAspect - ServiceImpl  : kr.co.seoulit.reception.service.ReceptionServiceImpl.getReception()시작
2026-02-13 15:10:15.349 DEBUG org.hibernate.SQL - select re1_0.reception_id,re1_0.arrived_at,re1_0.cancel_reason_code,re1_0.cancel_reason_text,re1_0.created_at,re1_0.created_by,re1_0.department_id,re1_0.department_name,re1_0.doctor_id,re1_0.doctor_name,re1_0.hold_reason_code,re1_0.hold_reason_text,re1_0.inactive_at,re1_0.inactive_reason_code,re1_0.inactive_reason_text,re1_0.is_active,re1_0.note,re1_0.patient_id,re1_0.patient_name,re1_0.reception_no,re1_0.reservation_id,re1_0.scheduled_at,re1_0.status,re1_0.updated_at,re1_0.updated_by,re1_0.visit_type from reception re1_0 where re1_0.reception_id=?
2026-02-13 15:10:15.350 TRACE org.hibernate.orm.jdbc.bind - binding parameter (1:BIGINT) <- [3]
2026-02-13 15:10:15.362 INFO  k.co.seoulit.common.aop.LoggerAspect - kr.co.seoulit.reception.mapstruct.ReceptionResMapStructImpl.toDto()시작
2026-02-13 15:10:15.362 INFO  k.co.seoulit.common.aop.LoggerAspect - kr.co.seoulit.reception.mapstruct.ReceptionResMapStructImpl.toDto()종료
2026-02-13 15:10:15.362 INFO  k.co.seoulit.common.aop.LoggerAspect - ServiceImpl  : kr.co.seoulit.reception.service.ReceptionServiceImpl.getReception()종료
2026-02-13 15:10:15.368 INFO  k.co.seoulit.common.aop.LoggerAspect - Controller  : kr.co.seoulit.reception.controller.ReceptionController.getReception()종료
2026-02-13 15:10:17.280 INFO  k.co.seoulit.common.aop.LoggerAspect - Controller  : kr.co.seoulit.reception.controller.MenuController.getMenus()시작
2026-02-13 15:10:17.280 INFO  k.co.seoulit.common.aop.LoggerAspect - Controller  : kr.co.seoulit.reception.controller.MenuController.getMenus()종료
2026-02-13 15:10:17.284 INFO  k.co.seoulit.common.aop.LoggerAspect - Controller  : kr.co.seoulit.reception.controller.ReceptionController.getReceptions()시작
2026-02-13 15:10:17.285 INFO  k.c.s.r.c.ReceptionController - 접수 목록 요청: searchType=status, searchValue=COMPLETED
2026-02-13 15:10:17.296 INFO  k.co.seoulit.common.aop.LoggerAspect - ServiceImpl  : kr.co.seoulit.reception.service.ReceptionServiceImpl.getReceptionList()시작
2026-02-13 15:10:17.299 INFO  k.co.seoulit.common.aop.LoggerAspect - Controller  : kr.co.seoulit.reception.controller.MenuController.getMenus()시작
2026-02-13 15:10:17.299 INFO  k.co.seoulit.common.aop.LoggerAspect - Controller  : kr.co.seoulit.reception.controller.MenuController.getMenus()종료
2026-02-13 15:10:17.310 INFO  k.co.seoulit.common.aop.LoggerAspect - ServiceImpl  : kr.co.seoulit.reception.service.ReceptionServiceImpl.getReceptionList()종료
2026-02-13 15:10:17.316 INFO  k.co.seoulit.common.aop.LoggerAspect - Controller  : kr.co.seoulit.reception.controller.ReceptionController.getReceptions()종료
2026-02-13 15:10:17.327 INFO  k.co.seoulit.common.aop.LoggerAspect - Controller  : kr.co.seoulit.reception.controller.ReceptionController.getReceptions()시작
2026-02-13 15:10:17.327 INFO  k.c.s.r.c.ReceptionController - 접수 목록 요청: searchType=status, searchValue=COMPLETED
2026-02-13 15:10:17.340 INFO  k.co.seoulit.common.aop.LoggerAspect - ServiceImpl  : kr.co.seoulit.reception.service.ReceptionServiceImpl.getReceptionList()시작
2026-02-13 15:10:17.350 INFO  k.co.seoulit.common.aop.LoggerAspect - ServiceImpl  : kr.co.seoulit.reception.service.ReceptionServiceImpl.getReceptionList()종료
2026-02-13 15:10:17.366 INFO  k.co.seoulit.common.aop.LoggerAspect - Controller  : kr.co.seoulit.reception.controller.ReceptionController.getReceptions()종료
2026-02-13 15:10:17.535 INFO  k.co.seoulit.common.aop.LoggerAspect - Controller  : kr.co.seoulit.reception.controller.ReceptionController.getReception()시작
2026-02-13 15:10:17.535 INFO  k.c.s.r.c.ReceptionController - 접수 조회 요청: id=7
2026-02-13 15:10:17.536 INFO  k.co.seoulit.common.aop.LoggerAspect - ServiceImpl  : kr.co.seoulit.reception.service.ReceptionServiceImpl.getReception()시작
2026-02-13 15:10:17.537 DEBUG org.hibernate.SQL - select re1_0.reception_id,re1_0.arrived_at,re1_0.cancel_reason_code,re1_0.cancel_reason_text,re1_0.created_at,re1_0.created_by,re1_0.department_id,re1_0.department_name,re1_0.doctor_id,re1_0.doctor_name,re1_0.hold_reason_code,re1_0.hold_reason_text,re1_0.inactive_at,re1_0.inactive_reason_code,re1_0.inactive_reason_text,re1_0.is_active,re1_0.note,re1_0.patient_id,re1_0.patient_name,re1_0.reception_no,re1_0.reservation_id,re1_0.scheduled_at,re1_0.status,re1_0.updated_at,re1_0.updated_by,re1_0.visit_type from reception re1_0 where re1_0.reception_id=?
2026-02-13 15:10:17.537 TRACE org.hibernate.orm.jdbc.bind - binding parameter (1:BIGINT) <- [7]
2026-02-13 15:10:17.547 INFO  k.co.seoulit.common.aop.LoggerAspect - kr.co.seoulit.reception.mapstruct.ReceptionResMapStructImpl.toDto()시작
2026-02-13 15:10:17.548 INFO  k.co.seoulit.common.aop.LoggerAspect - kr.co.seoulit.reception.mapstruct.ReceptionResMapStructImpl.toDto()종료
2026-02-13 15:10:17.548 INFO  k.co.seoulit.common.aop.LoggerAspect - ServiceImpl  : kr.co.seoulit.reception.service.ReceptionServiceImpl.getReception()종료
2026-02-13 15:10:17.554 INFO  k.co.seoulit.common.aop.LoggerAspect - Controller  : kr.co.seoulit.reception.controller.ReceptionController.getReception()종료
2026-02-13 15:10:46.476 INFO  k.co.seoulit.common.aop.LoggerAspect - Controller  : kr.co.seoulit.reception.controller.ReceptionController.getReceptions()시작
2026-02-13 15:10:46.476 INFO  k.c.s.r.c.ReceptionController - 접수 목록 요청: searchType=null, searchValue=null
2026-02-13 15:10:46.479 INFO  k.co.seoulit.common.aop.LoggerAspect - Controller  : kr.co.seoulit.reception.controller.ReceptionController.getReceptions()시작
2026-02-13 15:10:46.479 INFO  k.c.s.r.c.ReceptionController - 접수 목록 요청: searchType=null, searchValue=null
2026-02-13 15:10:46.481 INFO  k.co.seoulit.common.aop.LoggerAspect - Controller  : kr.co.seoulit.reception.controller.MenuController.getMenus()시작
2026-02-13 15:10:46.482 INFO  k.co.seoulit.common.aop.LoggerAspect - Controller  : kr.co.seoulit.reception.controller.MenuController.getMenus()종료
2026-02-13 15:10:46.542 INFO  k.co.seoulit.common.aop.LoggerAspect - Controller  : kr.co.seoulit.reception.controller.MenuController.getMenus()시작
2026-02-13 15:10:46.543 INFO  k.co.seoulit.common.aop.LoggerAspect - Controller  : kr.co.seoulit.reception.controller.MenuController.getMenus()종료
2026-02-13 15:10:46.567 INFO  k.co.seoulit.common.aop.LoggerAspect - ServiceImpl  : kr.co.seoulit.reception.service.ReceptionServiceImpl.getReceptionList()시작
2026-02-13 15:10:46.579 INFO  k.co.seoulit.common.aop.LoggerAspect - ServiceImpl  : kr.co.seoulit.reception.service.ReceptionServiceImpl.getReceptionList()시작
2026-02-13 15:10:46.582 INFO  k.co.seoulit.common.aop.LoggerAspect - ServiceImpl  : kr.co.seoulit.reception.service.ReceptionServiceImpl.getReceptionList()종료
2026-02-13 15:10:46.597 INFO  k.co.seoulit.common.aop.LoggerAspect - ServiceImpl  : kr.co.seoulit.reception.service.ReceptionServiceImpl.getReceptionList()종료
2026-02-13 15:10:46.604 INFO  k.co.seoulit.common.aop.LoggerAspect - Controller  : kr.co.seoulit.reception.controller.ReceptionController.getReceptions()종료
2026-02-13 15:10:46.610 INFO  k.co.seoulit.common.aop.LoggerAspect - Controller  : kr.co.seoulit.reception.controller.ReceptionController.getReceptions()종료
2026-02-13 15:12:20.096 INFO  k.co.seoulit.common.aop.LoggerAspect - Controller  : kr.co.seoulit.reception.controller.MenuController.getMenus()시작
2026-02-13 15:12:20.096 INFO  k.co.seoulit.common.aop.LoggerAspect - Controller  : kr.co.seoulit.reception.controller.MenuController.getMenus()종료
2026-02-13 15:12:20.098 INFO  k.co.seoulit.common.aop.LoggerAspect - Controller  : kr.co.seoulit.reception.controller.ReceptionController.getReceptions()시작
2026-02-13 15:12:20.099 INFO  k.c.s.r.c.ReceptionController - 접수 목록 요청: searchType=status, searchValue=COMPLETED
2026-02-13 15:12:20.101 INFO  k.co.seoulit.common.aop.LoggerAspect - Controller  : kr.co.seoulit.reception.controller.MenuController.getMenus()시작
2026-02-13 15:12:20.102 INFO  k.co.seoulit.common.aop.LoggerAspect - Controller  : kr.co.seoulit.reception.controller.MenuController.getMenus()종료
2026-02-13 15:12:20.113 INFO  k.co.seoulit.common.aop.LoggerAspect - ServiceImpl  : kr.co.seoulit.reception.service.ReceptionServiceImpl.getReceptionList()시작
2026-02-13 15:12:20.131 INFO  k.co.seoulit.common.aop.LoggerAspect - ServiceImpl  : kr.co.seoulit.reception.service.ReceptionServiceImpl.getReceptionList()종료
2026-02-13 15:12:20.140 INFO  k.co.seoulit.common.aop.LoggerAspect - Controller  : kr.co.seoulit.reception.controller.ReceptionController.getReceptions()종료
2026-02-13 15:12:20.151 INFO  k.co.seoulit.common.aop.LoggerAspect - Controller  : kr.co.seoulit.reception.controller.ReceptionController.getReceptions()시작
2026-02-13 15:12:20.151 INFO  k.c.s.r.c.ReceptionController - 접수 목록 요청: searchType=status, searchValue=COMPLETED
2026-02-13 15:12:20.152 INFO  k.co.seoulit.common.aop.LoggerAspect - ServiceImpl  : kr.co.seoulit.reception.service.ReceptionServiceImpl.getReceptionList()시작
2026-02-13 15:12:20.165 INFO  k.co.seoulit.common.aop.LoggerAspect - ServiceImpl  : kr.co.seoulit.reception.service.ReceptionServiceImpl.getReceptionList()종료
2026-02-13 15:12:20.171 INFO  k.co.seoulit.common.aop.LoggerAspect - Controller  : kr.co.seoulit.reception.controller.ReceptionController.getReceptions()종료
2026-02-13 15:12:27.356 INFO  k.co.seoulit.common.aop.LoggerAspect - Controller  : kr.co.seoulit.reception.controller.MenuController.getMenus()시작
2026-02-13 15:12:27.356 INFO  k.co.seoulit.common.aop.LoggerAspect - Controller  : kr.co.seoulit.reception.controller.MenuController.getMenus()종료
2026-02-13 15:12:27.368 INFO  k.co.seoulit.common.aop.LoggerAspect - Controller  : kr.co.seoulit.reception.controller.InpatientReceptionController.getInpatientReceptions()시작
2026-02-13 15:12:27.368 INFO  k.co.seoulit.common.aop.LoggerAspect - Controller  : kr.co.seoulit.reception.controller.MenuController.getMenus()시작
2026-02-13 15:12:27.368 INFO  k.co.seoulit.common.aop.LoggerAspect - Controller  : kr.co.seoulit.reception.controller.MenuController.getMenus()종료
2026-02-13 15:12:27.368 INFO  k.c.s.r.c.InpatientReceptionController - 입원 접수 목록 요청: searchType=null, searchValue=null
2026-02-13 15:12:27.399 INFO  k.co.seoulit.common.aop.LoggerAspect - ServiceImpl  : kr.co.seoulit.reception.service.InpatientReceptionServiceImpl.getInpatientReceptionList()시작
2026-02-13 15:12:27.473 INFO  k.co.seoulit.common.aop.LoggerAspect - ServiceImpl  : kr.co.seoulit.reception.service.InpatientReceptionServiceImpl.getInpatientReceptionList()종료
2026-02-13 15:12:27.482 INFO  k.co.seoulit.common.aop.LoggerAspect - Controller  : kr.co.seoulit.reception.controller.InpatientReceptionController.getInpatientReceptions()종료
2026-02-13 15:12:27.487 INFO  k.co.seoulit.common.aop.LoggerAspect - Controller  : kr.co.seoulit.reception.controller.InpatientReceptionController.getInpatientReceptions()시작
2026-02-13 15:12:27.487 INFO  k.c.s.r.c.InpatientReceptionController - 입원 접수 목록 요청: searchType=null, searchValue=null
2026-02-13 15:12:27.495 INFO  k.co.seoulit.common.aop.LoggerAspect - ServiceImpl  : kr.co.seoulit.reception.service.InpatientReceptionServiceImpl.getInpatientReceptionList()시작
2026-02-13 15:12:27.515 INFO  k.co.seoulit.common.aop.LoggerAspect - ServiceImpl  : kr.co.seoulit.reception.service.InpatientReceptionServiceImpl.getInpatientReceptionList()종료
2026-02-13 15:12:27.528 INFO  k.co.seoulit.common.aop.LoggerAspect - Controller  : kr.co.seoulit.reception.controller.InpatientReceptionController.getInpatientReceptions()종료
2026-02-13 15:12:30.653 INFO  k.co.seoulit.common.aop.LoggerAspect - Controller  : kr.co.seoulit.reception.controller.MenuController.getMenus()시작
2026-02-13 15:12:30.660 INFO  k.co.seoulit.common.aop.LoggerAspect - Controller  : kr.co.seoulit.reception.controller.MenuController.getMenus()종료
2026-02-13 15:12:30.686 INFO  k.co.seoulit.common.aop.LoggerAspect - Controller  : kr.co.seoulit.reception.controller.MenuController.getMenus()시작
2026-02-13 15:12:30.686 INFO  k.co.seoulit.common.aop.LoggerAspect - Controller  : kr.co.seoulit.reception.controller.MenuController.getMenus()종료
2026-02-13 15:12:37.646 INFO  k.co.seoulit.common.aop.LoggerAspect - Controller  : kr.co.seoulit.reception.controller.MenuController.getMenus()시작
2026-02-13 15:12:37.649 INFO  k.co.seoulit.common.aop.LoggerAspect - Controller  : kr.co.seoulit.reception.controller.MenuController.getMenus()종료
2026-02-13 15:12:37.648 INFO  k.co.seoulit.common.aop.LoggerAspect - Controller  : kr.co.seoulit.reception.controller.ReceptionController.getReceptions()시작
2026-02-13 15:12:37.650 INFO  k.c.s.r.c.ReceptionController - 접수 목록 요청: searchType=null, searchValue=null
2026-02-13 15:12:37.654 INFO  k.co.seoulit.common.aop.LoggerAspect - Controller  : kr.co.seoulit.reception.controller.ReceptionController.getReceptions()시작
2026-02-13 15:12:37.656 INFO  k.c.s.r.c.ReceptionController - 접수 목록 요청: searchType=null, searchValue=null
2026-02-13 15:12:37.666 INFO  k.co.seoulit.common.aop.LoggerAspect - Controller  : kr.co.seoulit.reception.controller.MenuController.getMenus()시작
2026-02-13 15:12:37.666 INFO  k.co.seoulit.common.aop.LoggerAspect - Controller  : kr.co.seoulit.reception.controller.MenuController.getMenus()종료
2026-02-13 15:12:37.673 INFO  k.co.seoulit.common.aop.LoggerAspect - ServiceImpl  : kr.co.seoulit.reception.service.ReceptionServiceImpl.getReceptionList()시작
2026-02-13 15:12:37.674 INFO  k.co.seoulit.common.aop.LoggerAspect - ServiceImpl  : kr.co.seoulit.reception.service.ReceptionServiceImpl.getReceptionList()시작
2026-02-13 15:12:37.690 INFO  k.co.seoulit.common.aop.LoggerAspect - ServiceImpl  : kr.co.seoulit.reception.service.ReceptionServiceImpl.getReceptionList()종료
2026-02-13 15:12:37.693 INFO  k.co.seoulit.common.aop.LoggerAspect - ServiceImpl  : kr.co.seoulit.reception.service.ReceptionServiceImpl.getReceptionList()종료
2026-02-13 15:12:37.697 INFO  k.co.seoulit.common.aop.LoggerAspect - Controller  : kr.co.seoulit.reception.controller.ReceptionController.getReceptions()종료
2026-02-13 15:12:37.700 INFO  k.co.seoulit.common.aop.LoggerAspect - Controller  : kr.co.seoulit.reception.controller.ReceptionController.getReceptions()종료
2026-02-13 15:12:49.138 INFO  k.co.seoulit.common.aop.LoggerAspect - Controller  : kr.co.seoulit.reception.controller.MenuController.getMenus()시작
2026-02-13 15:12:49.139 INFO  k.co.seoulit.common.aop.LoggerAspect - Controller  : kr.co.seoulit.reception.controller.MenuController.getMenus()종료
2026-02-13 15:12:49.151 INFO  k.co.seoulit.common.aop.LoggerAspect - Controller  : kr.co.seoulit.reception.controller.ReceptionController.getReceptions()시작
2026-02-13 15:12:49.152 INFO  k.c.s.r.c.ReceptionController - 접수 목록 요청: searchType=null, searchValue=null
2026-02-13 15:12:49.169 INFO  k.co.seoulit.common.aop.LoggerAspect - ServiceImpl  : kr.co.seoulit.reception.service.ReceptionServiceImpl.getReceptionList()시작
2026-02-13 15:12:49.181 INFO  k.co.seoulit.common.aop.LoggerAspect - ServiceImpl  : kr.co.seoulit.reception.service.ReceptionServiceImpl.getReceptionList()종료
2026-02-13 15:12:49.190 INFO  k.co.seoulit.common.aop.LoggerAspect - Controller  : kr.co.seoulit.reception.controller.ReceptionController.getReceptions()종료
2026-02-13 15:13:29.920 INFO  k.co.seoulit.common.aop.LoggerAspect - Controller  : kr.co.seoulit.reception.controller.MenuController.getMenus()시작
2026-02-13 15:13:29.921 INFO  k.co.seoulit.common.aop.LoggerAspect - Controller  : kr.co.seoulit.reception.controller.MenuController.getMenus()종료
2026-02-13 15:13:29.929 INFO  k.co.seoulit.common.aop.LoggerAspect - Controller  : kr.co.seoulit.reception.controller.MenuController.getMenus()시작
2026-02-13 15:13:29.930 INFO  k.co.seoulit.common.aop.LoggerAspect - Controller  : kr.co.seoulit.reception.controller.MenuController.getMenus()종료
2026-02-13 15:13:49.869 INFO  k.co.seoulit.common.aop.LoggerAspect - Controller  : kr.co.seoulit.reception.controller.MenuController.getMenus()시작
2026-02-13 15:13:49.869 INFO  k.co.seoulit.common.aop.LoggerAspect - Controller  : kr.co.seoulit.reception.controller.MenuController.getMenus()종료
2026-02-13 15:13:49.877 INFO  k.co.seoulit.common.aop.LoggerAspect - Controller  : kr.co.seoulit.reception.controller.ReceptionController.getReceptions()시작
2026-02-13 15:13:49.881 INFO  k.c.s.r.c.ReceptionController - 접수 목록 요청: searchType=null, searchValue=null
2026-02-13 15:13:49.882 INFO  k.co.seoulit.common.aop.LoggerAspect - Controller  : kr.co.seoulit.reception.controller.MenuController.getMenus()시작
2026-02-13 15:13:49.883 INFO  k.co.seoulit.common.aop.LoggerAspect - Controller  : kr.co.seoulit.reception.controller.MenuController.getMenus()종료
2026-02-13 15:13:49.888 INFO  k.co.seoulit.common.aop.LoggerAspect - ServiceImpl  : kr.co.seoulit.reception.service.ReceptionServiceImpl.getReceptionList()시작
2026-02-13 15:13:49.899 INFO  k.co.seoulit.common.aop.LoggerAspect - ServiceImpl  : kr.co.seoulit.reception.service.ReceptionServiceImpl.getReceptionList()종료
2026-02-13 15:13:49.904 INFO  k.co.seoulit.common.aop.LoggerAspect - Controller  : kr.co.seoulit.reception.controller.ReceptionController.getReceptions()종료
2026-02-13 15:13:49.913 INFO  k.co.seoulit.common.aop.LoggerAspect - Controller  : kr.co.seoulit.reception.controller.ReceptionController.getReceptions()시작
2026-02-13 15:13:49.914 INFO  k.c.s.r.c.ReceptionController - 접수 목록 요청: searchType=null, searchValue=null
2026-02-13 15:13:49.924 INFO  k.co.seoulit.common.aop.LoggerAspect - ServiceImpl  : kr.co.seoulit.reception.service.ReceptionServiceImpl.getReceptionList()시작
2026-02-13 15:13:49.936 INFO  k.co.seoulit.common.aop.LoggerAspect - ServiceImpl  : kr.co.seoulit.reception.service.ReceptionServiceImpl.getReceptionList()종료
2026-02-13 15:13:49.942 INFO  k.co.seoulit.common.aop.LoggerAspect - Controller  : kr.co.seoulit.reception.controller.ReceptionController.getReceptions()종료
2026-02-13 15:14:08.303 INFO  k.co.seoulit.common.aop.LoggerAspect - Controller  : kr.co.seoulit.reception.controller.MenuController.getMenus()시작
2026-02-13 15:14:08.304 INFO  k.co.seoulit.common.aop.LoggerAspect - Controller  : kr.co.seoulit.reception.controller.MenuController.getMenus()종료
2026-02-13 15:14:08.315 INFO  k.co.seoulit.common.aop.LoggerAspect - Controller  : kr.co.seoulit.reception.controller.MenuController.getMenus()시작
2026-02-13 15:14:08.315 INFO  k.co.seoulit.common.aop.LoggerAspect - Controller  : kr.co.seoulit.reception.controller.MenuController.getMenus()종료
2026-02-13 15:18:48.575 INFO  k.co.seoulit.common.aop.LoggerAspect - Controller  : kr.co.seoulit.reception.controller.MenuController.getMenus()시작
2026-02-13 15:18:48.576 INFO  k.co.seoulit.common.aop.LoggerAspect - Controller  : kr.co.seoulit.reception.controller.MenuController.getMenus()종료
2026-02-13 15:18:48.589 INFO  k.co.seoulit.common.aop.LoggerAspect - Controller  : kr.co.seoulit.reception.controller.ReceptionController.getReceptions()시작
2026-02-13 15:18:48.589 INFO  k.c.s.r.c.ReceptionController - 접수 목록 요청: searchType=null, searchValue=null
2026-02-13 15:18:48.597 INFO  k.co.seoulit.common.aop.LoggerAspect - Controller  : kr.co.seoulit.reception.controller.ReceptionController.getReceptions()시작
2026-02-13 15:18:48.598 INFO  k.c.s.r.c.ReceptionController - 접수 목록 요청: searchType=null, searchValue=null
2026-02-13 15:18:48.623 INFO  k.co.seoulit.common.aop.LoggerAspect - ServiceImpl  : kr.co.seoulit.reception.service.ReceptionServiceImpl.getReceptionList()시작
2026-02-13 15:18:48.629 INFO  k.co.seoulit.common.aop.LoggerAspect - ServiceImpl  : kr.co.seoulit.reception.service.ReceptionServiceImpl.getReceptionList()시작
2026-02-13 15:18:48.634 INFO  k.co.seoulit.common.aop.LoggerAspect - ServiceImpl  : kr.co.seoulit.reception.service.ReceptionServiceImpl.getReceptionList()종료
2026-02-13 15:18:48.636 INFO  k.co.seoulit.common.aop.LoggerAspect - Controller  : kr.co.seoulit.reception.controller.MenuController.getMenus()시작
2026-02-13 15:18:48.636 INFO  k.co.seoulit.common.aop.LoggerAspect - Controller  : kr.co.seoulit.reception.controller.MenuController.getMenus()종료
2026-02-13 15:18:48.653 INFO  k.co.seoulit.common.aop.LoggerAspect - Controller  : kr.co.seoulit.reception.controller.ReceptionController.getReceptions()종료
2026-02-13 15:18:48.655 INFO  k.co.seoulit.common.aop.LoggerAspect - ServiceImpl  : kr.co.seoulit.reception.service.ReceptionServiceImpl.getReceptionList()종료
2026-02-13 15:18:48.666 INFO  k.co.seoulit.common.aop.LoggerAspect - Controller  : kr.co.seoulit.reception.controller.ReceptionController.getReceptions()종료
2026-02-13 15:45:05.474 INFO  k.co.seoulit.common.aop.LoggerAspect - Controller  : kr.co.seoulit.reception.controller.MenuController.getMenus()시작
2026-02-13 15:45:05.476 INFO  k.co.seoulit.common.aop.LoggerAspect - Controller  : kr.co.seoulit.reception.controller.MenuController.getMenus()종료
2026-02-13 15:45:05.489 INFO  k.co.seoulit.common.aop.LoggerAspect - Controller  : kr.co.seoulit.reception.controller.MenuController.getMenus()시작
2026-02-13 15:45:05.490 INFO  k.co.seoulit.common.aop.LoggerAspect - Controller  : kr.co.seoulit.reception.controller.ReceptionController.getReceptions()시작
2026-02-13 15:45:05.505 INFO  k.co.seoulit.common.aop.LoggerAspect - Controller  : kr.co.seoulit.reception.controller.ReceptionController.getReceptions()시작
2026-02-13 15:45:05.535 INFO  k.co.seoulit.common.aop.LoggerAspect - Controller  : kr.co.seoulit.reception.controller.MenuController.getMenus()종료
2026-02-13 15:45:05.535 INFO  k.c.s.r.c.ReceptionController - 접수 목록 요청: searchType=null, searchValue=null
2026-02-13 15:45:05.535 INFO  k.c.s.r.c.ReceptionController - 접수 목록 요청: searchType=null, searchValue=null
2026-02-13 15:45:05.600 INFO  k.co.seoulit.common.aop.LoggerAspect - ServiceImpl  : kr.co.seoulit.reception.service.ReceptionServiceImpl.getReceptionList()시작
2026-02-13 15:45:05.604 INFO  k.co.seoulit.common.aop.LoggerAspect - ServiceImpl  : kr.co.seoulit.reception.service.ReceptionServiceImpl.getReceptionList()시작
2026-02-13 15:45:05.623 INFO  k.co.seoulit.common.aop.LoggerAspect - ServiceImpl  : kr.co.seoulit.reception.service.ReceptionServiceImpl.getReceptionList()종료
2026-02-13 15:45:05.634 INFO  k.co.seoulit.common.aop.LoggerAspect - ServiceImpl  : kr.co.seoulit.reception.service.ReceptionServiceImpl.getReceptionList()종료
2026-02-13 15:45:05.649 INFO  k.co.seoulit.common.aop.LoggerAspect - Controller  : kr.co.seoulit.reception.controller.ReceptionController.getReceptions()종료
2026-02-13 15:45:05.649 INFO  k.co.seoulit.common.aop.LoggerAspect - Controller  : kr.co.seoulit.reception.controller.ReceptionController.getReceptions()종료
2026-02-13 15:45:18.854 INFO  k.co.seoulit.common.aop.LoggerAspect - Controller  : kr.co.seoulit.reception.controller.MenuController.getMenus()시작
2026-02-13 15:45:18.855 INFO  k.co.seoulit.common.aop.LoggerAspect - Controller  : kr.co.seoulit.reception.controller.MenuController.getMenus()종료
2026-02-13 15:45:18.862 INFO  k.co.seoulit.common.aop.LoggerAspect - Controller  : kr.co.seoulit.reception.controller.MenuController.getMenus()시작
2026-02-13 15:45:18.865 INFO  k.co.seoulit.common.aop.LoggerAspect - Controller  : kr.co.seoulit.reception.controller.MenuController.getMenus()종료
2026-02-13 15:52:26.140 INFO  k.co.seoulit.common.aop.LoggerAspect - Controller  : kr.co.seoulit.reception.controller.ReceptionController.getReceptions()시작
2026-02-13 15:52:26.143 INFO  k.c.s.r.c.ReceptionController - 접수 목록 요청: searchType=null, searchValue=null
2026-02-13 15:52:26.159 INFO  k.co.seoulit.common.aop.LoggerAspect - ServiceImpl  : kr.co.seoulit.reception.service.ReceptionServiceImpl.getReceptionList()시작
2026-02-13 15:52:26.180 INFO  k.co.seoulit.common.aop.LoggerAspect - ServiceImpl  : kr.co.seoulit.reception.service.ReceptionServiceImpl.getReceptionList()종료
2026-02-13 15:52:26.185 INFO  k.co.seoulit.common.aop.LoggerAspect - Controller  : kr.co.seoulit.reception.controller.ReceptionController.getReceptions()종료
2026-02-13 15:52:31.823 INFO  k.co.seoulit.common.aop.LoggerAspect - Controller  : kr.co.seoulit.reception.controller.ReceptionController.getReceptions()시작
2026-02-13 15:52:31.824 INFO  k.c.s.r.c.ReceptionController - 접수 목록 요청: searchType=patientName, searchValue=박
2026-02-13 15:52:31.834 INFO  k.co.seoulit.common.aop.LoggerAspect - ServiceImpl  : kr.co.seoulit.reception.service.ReceptionServiceImpl.getReceptionList()시작
2026-02-13 15:52:31.854 INFO  k.co.seoulit.common.aop.LoggerAspect - ServiceImpl  : kr.co.seoulit.reception.service.ReceptionServiceImpl.getReceptionList()종료
2026-02-13 15:52:31.861 INFO  k.co.seoulit.common.aop.LoggerAspect - Controller  : kr.co.seoulit.reception.controller.ReceptionController.getReceptions()종료
2026-02-13 15:53:14.638 INFO  k.co.seoulit.common.aop.LoggerAspect - Controller  : kr.co.seoulit.reception.controller.ReceptionController.getReceptions()시작
2026-02-13 15:53:14.639 INFO  k.c.s.r.c.ReceptionController - 접수 목록 요청: searchType=null, searchValue=null
2026-02-13 15:53:14.663 INFO  k.co.seoulit.common.aop.LoggerAspect - ServiceImpl  : kr.co.seoulit.reception.service.ReceptionServiceImpl.getReceptionList()시작
2026-02-13 15:53:14.675 INFO  k.co.seoulit.common.aop.LoggerAspect - ServiceImpl  : kr.co.seoulit.reception.service.ReceptionServiceImpl.getReceptionList()종료
2026-02-13 15:53:14.684 INFO  k.co.seoulit.common.aop.LoggerAspect - Controller  : kr.co.seoulit.reception.controller.ReceptionController.getReceptions()종료
2026-02-13 15:59:45.740 INFO  k.co.seoulit.common.aop.LoggerAspect - Controller  : kr.co.seoulit.reception.controller.ReceptionController.getReceptions()시작
2026-02-13 15:59:45.740 INFO  k.c.s.r.c.ReceptionController - 접수 목록 요청: searchType=null, searchValue=null
2026-02-13 15:59:45.896 INFO  k.co.seoulit.common.aop.LoggerAspect - ServiceImpl  : kr.co.seoulit.reception.service.ReceptionServiceImpl.getReceptionList()시작
2026-02-13 15:59:45.915 INFO  k.co.seoulit.common.aop.LoggerAspect - ServiceImpl  : kr.co.seoulit.reception.service.ReceptionServiceImpl.getReceptionList()종료
2026-02-13 15:59:45.930 INFO  k.co.seoulit.common.aop.LoggerAspect - Controller  : kr.co.seoulit.reception.controller.ReceptionController.getReceptions()종료
2026-02-13 16:00:07.660 INFO  k.co.seoulit.common.aop.LoggerAspect - Controller  : kr.co.seoulit.reception.controller.ReservationController.getReservations()시작
2026-02-13 16:00:07.661 INFO  k.c.s.r.c.ReservationController - 예약 목록 요청: searchType=null, searchValue=null
2026-02-13 16:00:07.671 INFO  k.co.seoulit.common.aop.LoggerAspect - ServiceImpl  : kr.co.seoulit.reception.service.ReservationServiceImpl.getReservationList()시작
2026-02-13 16:00:07.685 INFO  k.co.seoulit.common.aop.LoggerAspect - ServiceImpl  : kr.co.seoulit.reception.service.ReservationServiceImpl.getReservationList()종료
2026-02-13 16:00:07.690 INFO  k.co.seoulit.common.aop.LoggerAspect - Controller  : kr.co.seoulit.reception.controller.ReservationController.getReservations()종료
2026-02-13 16:00:17.452 INFO  k.co.seoulit.common.aop.LoggerAspect - Controller  : kr.co.seoulit.reception.controller.InpatientReceptionController.getInpatientReceptions()시작
2026-02-13 16:00:17.452 INFO  k.c.s.r.c.InpatientReceptionController - 입원 접수 목록 요청: searchType=null, searchValue=null
2026-02-13 16:00:17.470 INFO  k.co.seoulit.common.aop.LoggerAspect - ServiceImpl  : kr.co.seoulit.reception.service.InpatientReceptionServiceImpl.getInpatientReceptionList()시작
2026-02-13 16:00:17.498 INFO  k.co.seoulit.common.aop.LoggerAspect - ServiceImpl  : kr.co.seoulit.reception.service.InpatientReceptionServiceImpl.getInpatientReceptionList()종료
2026-02-13 16:00:17.504 INFO  k.co.seoulit.common.aop.LoggerAspect - Controller  : kr.co.seoulit.reception.controller.InpatientReceptionController.getInpatientReceptions()종료
2026-02-13 16:00:19.977 INFO  k.co.seoulit.common.aop.LoggerAspect - Controller  : kr.co.seoulit.reception.controller.EmergencyReceptionController.getEmergencyReceptions()시작
2026-02-13 16:00:19.978 INFO  k.c.s.r.c.EmergencyReceptionController - 응급 접수 목록 요청: searchType=null, searchValue=null
2026-02-13 16:00:19.991 INFO  k.co.seoulit.common.aop.LoggerAspect - ServiceImpl  : kr.co.seoulit.reception.service.EmergencyReceptionServiceImpl.getEmergencyReceptionList()시작
2026-02-13 16:00:20.031 INFO  k.co.seoulit.common.aop.LoggerAspect - ServiceImpl  : kr.co.seoulit.reception.service.EmergencyReceptionServiceImpl.getEmergencyReceptionList()종료
2026-02-13 16:00:20.038 INFO  k.co.seoulit.common.aop.LoggerAspect - Controller  : kr.co.seoulit.reception.controller.EmergencyReceptionController.getEmergencyReceptions()종료
2026-02-13 16:02:17.963 INFO  o.s.o.j.LocalContainerEntityManagerFactoryBean - Closing JPA EntityManagerFactory for persistence unit 'default'
2026-02-13 16:02:17.973 INFO  com.zaxxer.hikari.HikariDataSource - HikariPool-1 - Shutdown initiated...
2026-02-13 16:02:18.135 INFO  com.zaxxer.hikari.HikariDataSource - HikariPool-1 - Shutdown completed.
2026-02-13 16:02:32.950 INFO  o.h.validator.internal.util.Version - HV000001: Hibernate Validator 8.0.1.Final
2026-02-13 16:02:33.035 INFO  kr.co.seoulit.ReceptionApplication - Starting ReceptionApplication using Java 17.0.12 with PID 75252 (D:\서울IT교육센터\dev\teamwork\project\backend\hospital_reception_backend\reception_back\build\classes\java\main started by USER in D:\서울IT교육센터\dev\teamwork\project\backend\hospital_reception_backend\reception_back)
2026-02-13 16:02:33.036 INFO  kr.co.seoulit.ReceptionApplication - No active profile set, falling back to 1 default profile: "default"
2026-02-13 16:02:36.014 INFO  o.s.d.r.c.RepositoryConfigurationDelegate - Multiple Spring Data modules found, entering strict repository configuration mode
2026-02-13 16:02:36.017 INFO  o.s.d.r.c.RepositoryConfigurationDelegate - Bootstrapping Spring Data JPA repositories in DEFAULT mode.
2026-02-13 16:02:36.373 INFO  o.s.d.r.c.RepositoryConfigurationDelegate - Finished Spring Data repository scanning in 345 ms. Found 11 JPA repository interfaces.
2026-02-13 16:02:36.397 INFO  o.s.d.r.c.RepositoryConfigurationDelegate - Multiple Spring Data modules found, entering strict repository configuration mode
2026-02-13 16:02:36.400 INFO  o.s.d.r.c.RepositoryConfigurationDelegate - Bootstrapping Spring Data Redis repositories in DEFAULT mode.
2026-02-13 16:02:36.425 INFO  o.s.d.r.c.RepositoryConfigurationExtensionSupport - Spring Data Redis - Could not safely identify store assignment for repository candidate interface kr.co.seoulit.common.audit.AuditLogRepository; If you want this repository to be a Redis repository, consider annotating your entities with one of these annotations: org.springframework.data.redis.core.RedisHash (preferred), or consider extending one of the following types with your repository: org.springframework.data.keyvalue.repository.KeyValueRepository
2026-02-13 16:02:36.426 INFO  o.s.d.r.c.RepositoryConfigurationExtensionSupport - Spring Data Redis - Could not safely identify store assignment for repository candidate interface kr.co.seoulit.reception.repository.DepartmentRepository; If you want this repository to be a Redis repository, consider annotating your entities with one of these annotations: org.springframework.data.redis.core.RedisHash (preferred), or consider extending one of the following types with your repository: org.springframework.data.keyvalue.repository.KeyValueRepository
2026-02-13 16:02:36.426 INFO  o.s.d.r.c.RepositoryConfigurationExtensionSupport - Spring Data Redis - Could not safely identify store assignment for repository candidate interface kr.co.seoulit.reception.repository.DoctorRepository; If you want this repository to be a Redis repository, consider annotating your entities with one of these annotations: org.springframework.data.redis.core.RedisHash (preferred), or consider extending one of the following types with your repository: org.springframework.data.keyvalue.repository.KeyValueRepository
2026-02-13 16:02:36.427 INFO  o.s.d.r.c.RepositoryConfigurationExtensionSupport - Spring Data Redis - Could not safely identify store assignment for repository candidate interface kr.co.seoulit.reception.repository.PatientRepository; If you want this repository to be a Redis repository, consider annotating your entities with one of these annotations: org.springframework.data.redis.core.RedisHash (preferred), or consider extending one of the following types with your repository: org.springframework.data.keyvalue.repository.KeyValueRepository
2026-02-13 16:02:36.429 INFO  o.s.d.r.c.RepositoryConfigurationExtensionSupport - Spring Data Redis - Could not safely identify store assignment for repository candidate interface kr.co.seoulit.reception.repository.ReceptionChecklistItemRepository; If you want this repository to be a Redis repository, consider annotating your entities with one of these annotations: org.springframework.data.redis.core.RedisHash (preferred), or consider extending one of the following types with your repository: org.springframework.data.keyvalue.repository.KeyValueRepository
2026-02-13 16:02:36.429 INFO  o.s.d.r.c.RepositoryConfigurationExtensionSupport - Spring Data Redis - Could not safely identify store assignment for repository candidate interface kr.co.seoulit.reception.repository.ReceptionEmergencyRepository; If you want this repository to be a Redis repository, consider annotating your entities with one of these annotations: org.springframework.data.redis.core.RedisHash (preferred), or consider extending one of the following types with your repository: org.springframework.data.keyvalue.repository.KeyValueRepository
2026-02-13 16:02:36.430 INFO  o.s.d.r.c.RepositoryConfigurationExtensionSupport - Spring Data Redis - Could not safely identify store assignment for repository candidate interface kr.co.seoulit.reception.repository.ReceptionInpatientRepository; If you want this repository to be a Redis repository, consider annotating your entities with one of these annotations: org.springframework.data.redis.core.RedisHash (preferred), or consider extending one of the following types with your repository: org.springframework.data.keyvalue.repository.KeyValueRepository
2026-02-13 16:02:36.430 INFO  o.s.d.r.c.RepositoryConfigurationExtensionSupport - Spring Data Redis - Could not safely identify store assignment for repository candidate interface kr.co.seoulit.reception.repository.ReceptionRepository; If you want this repository to be a Redis repository, consider annotating your entities with one of these annotations: org.springframework.data.redis.core.RedisHash (preferred), or consider extending one of the following types with your repository: org.springframework.data.keyvalue.repository.KeyValueRepository
2026-02-13 16:02:36.431 INFO  o.s.d.r.c.RepositoryConfigurationExtensionSupport - Spring Data Redis - Could not safely identify store assignment for repository candidate interface kr.co.seoulit.reception.repository.ReceptionStatusHistoryRepository; If you want this repository to be a Redis repository, consider annotating your entities with one of these annotations: org.springframework.data.redis.core.RedisHash (preferred), or consider extending one of the following types with your repository: org.springframework.data.keyvalue.repository.KeyValueRepository
2026-02-13 16:02:36.432 INFO  o.s.d.r.c.RepositoryConfigurationExtensionSupport - Spring Data Redis - Could not safely identify store assignment for repository candidate interface kr.co.seoulit.reception.repository.ReceptionTodayScheduleRepository; If you want this repository to be a Redis repository, consider annotating your entities with one of these annotations: org.springframework.data.redis.core.RedisHash (preferred), or consider extending one of the following types with your repository: org.springframework.data.keyvalue.repository.KeyValueRepository
2026-02-13 16:02:36.432 INFO  o.s.d.r.c.RepositoryConfigurationExtensionSupport - Spring Data Redis - Could not safely identify store assignment for repository candidate interface kr.co.seoulit.reception.repository.ReservationRepository; If you want this repository to be a Redis repository, consider annotating your entities with one of these annotations: org.springframework.data.redis.core.RedisHash (preferred), or consider extending one of the following types with your repository: org.springframework.data.keyvalue.repository.KeyValueRepository
2026-02-13 16:02:36.432 INFO  o.s.d.r.c.RepositoryConfigurationDelegate - Finished Spring Data repository scanning in 19 ms. Found 0 Redis repository interfaces.
2026-02-13 16:02:37.952 INFO  o.s.b.w.e.tomcat.TomcatWebServer - Tomcat initialized with port 8283 (http)
2026-02-13 16:02:37.971 INFO  o.a.coyote.http11.Http11NioProtocol - Initializing ProtocolHandler ["http-nio-8283"]
2026-02-13 16:02:37.973 INFO  o.a.catalina.core.StandardService - Starting service [Tomcat]
2026-02-13 16:02:37.974 INFO  o.a.catalina.core.StandardEngine - Starting Servlet engine: [Apache Tomcat/10.1.26]
2026-02-13 16:02:38.167 INFO  o.a.c.c.C.[Tomcat].[localhost].[/] - Initializing Spring embedded WebApplicationContext
2026-02-13 16:02:38.169 INFO  o.s.b.w.s.c.ServletWebServerApplicationContext - Root WebApplicationContext: initialization completed in 5038 ms
2026-02-13 16:02:38.547 INFO  o.h.jpa.internal.util.LogHelper - HHH000204: Processing PersistenceUnitInfo [name: default]
2026-02-13 16:02:38.665 INFO  org.hibernate.Version - HHH000412: Hibernate ORM core version 6.5.2.Final
2026-02-13 16:02:38.726 INFO  o.h.c.i.RegionFactoryInitiator - HHH000026: Second-level cache disabled
2026-02-13 16:02:39.373 INFO  o.s.o.j.p.SpringPersistenceUnitInfo - No LoadTimeWeaver setup: ignoring JPA class transformer
2026-02-13 16:02:39.435 INFO  com.zaxxer.hikari.HikariDataSource - HikariPool-1 - Starting...
2026-02-13 16:02:39.987 INFO  com.zaxxer.hikari.pool.HikariPool - HikariPool-1 - Added connection oracle.jdbc.driver.T4CConnection@14d1032a
2026-02-13 16:02:39.991 INFO  com.zaxxer.hikari.HikariDataSource - HikariPool-1 - Start completed.
2026-02-13 16:02:40.051 WARN  org.hibernate.orm.deprecation - HHH90000026: Oracle10gDialect has been deprecated; use org.hibernate.community.dialect.OracleLegacyDialect instead
2026-02-13 16:02:42.790 INFO  o.h.e.t.j.p.i.JtaPlatformInitiator - HHH000489: No JTA platform available (set 'hibernate.transaction.jta.platform' to enable JTA platform integration)
2026-02-13 16:02:42.795 INFO  o.s.o.j.LocalContainerEntityManagerFactoryBean - Initialized JPA EntityManagerFactory for persistence unit 'default'
2026-02-13 16:02:45.671 WARN  o.s.b.a.o.j.JpaBaseConfiguration$JpaWebConfiguration - spring.jpa.open-in-view is enabled by default. Therefore, database queries may be performed during view rendering. Explicitly configure spring.jpa.open-in-view to disable this warning
2026-02-13 16:02:45.783 INFO  o.s.b.a.w.s.WelcomePageHandlerMapping - Adding welcome page: class path resource [static/index.html]
2026-02-13 16:02:47.633 INFO  o.a.coyote.http11.Http11NioProtocol - Starting ProtocolHandler ["http-nio-8283"]
2026-02-13 16:02:47.673 INFO  o.s.b.w.e.tomcat.TomcatWebServer - Tomcat started on port 8283 (http) with context path '/'
2026-02-13 16:02:47.693 INFO  kr.co.seoulit.ReceptionApplication - Started ReceptionApplication in 15.515 seconds (process running for 19.979)
2026-02-13 16:03:00.558 INFO  o.a.c.c.C.[Tomcat].[localhost].[/] - Initializing Spring DispatcherServlet 'dispatcherServlet'
2026-02-13 16:03:00.561 INFO  o.s.web.servlet.DispatcherServlet - Initializing Servlet 'dispatcherServlet'
2026-02-13 16:03:00.572 INFO  o.s.web.servlet.DispatcherServlet - Completed initialization in 8 ms
2026-02-13 16:03:00.721 INFO  k.co.seoulit.common.aop.LoggerAspect - Controller  : kr.co.seoulit.reception.controller.MenuController.getMenus()시작
2026-02-13 16:03:00.722 INFO  k.co.seoulit.common.aop.LoggerAspect - Controller  : kr.co.seoulit.reception.controller.MenuController.getMenus()종료
2026-02-13 16:03:00.736 INFO  k.co.seoulit.common.aop.LoggerAspect - Controller  : kr.co.seoulit.reception.controller.ReceptionController.getReceptions()시작
2026-02-13 16:03:00.736 INFO  k.co.seoulit.common.aop.LoggerAspect - Controller  : kr.co.seoulit.reception.controller.ReceptionController.getReceptions()시작
2026-02-13 16:03:00.736 INFO  k.c.s.r.c.ReceptionController - 접수 목록 요청: searchType=null, searchValue=null
2026-02-13 16:03:00.736 INFO  k.c.s.r.c.ReceptionController - 접수 목록 요청: searchType=null, searchValue=null
2026-02-13 16:03:00.788 INFO  k.co.seoulit.common.aop.LoggerAspect - ServiceImpl  : kr.co.seoulit.reception.service.ReceptionServiceImpl.getReceptionList()시작
2026-02-13 16:03:00.788 INFO  k.co.seoulit.common.aop.LoggerAspect - ServiceImpl  : kr.co.seoulit.reception.service.ReceptionServiceImpl.getReceptionList()시작
2026-02-13 16:03:01.102 INFO  k.co.seoulit.common.aop.LoggerAspect - Controller  : kr.co.seoulit.reception.controller.MenuController.getMenus()시작
2026-02-13 16:03:01.104 INFO  k.co.seoulit.common.aop.LoggerAspect - Controller  : kr.co.seoulit.reception.controller.MenuController.getMenus()종료
2026-02-13 16:03:01.689 INFO  k.co.seoulit.common.aop.LoggerAspect - ServiceImpl  : kr.co.seoulit.reception.service.ReceptionServiceImpl.getReceptionList()종료
2026-02-13 16:03:01.690 INFO  k.co.seoulit.common.aop.LoggerAspect - ServiceImpl  : kr.co.seoulit.reception.service.ReceptionServiceImpl.getReceptionList()종료
2026-02-13 16:03:01.741 INFO  k.co.seoulit.common.aop.LoggerAspect - Controller  : kr.co.seoulit.reception.controller.ReceptionController.getReceptions()종료
2026-02-13 16:03:01.741 INFO  k.co.seoulit.common.aop.LoggerAspect - Controller  : kr.co.seoulit.reception.controller.ReceptionController.getReceptions()종료
2026-02-13 16:03:03.714 INFO  k.co.seoulit.common.aop.LoggerAspect - Controller  : kr.co.seoulit.reception.controller.MenuController.getMenus()시작
2026-02-13 16:03:03.721 INFO  k.co.seoulit.common.aop.LoggerAspect - Controller  : kr.co.seoulit.reception.controller.MenuController.getMenus()종료
2026-02-13 16:03:03.741 INFO  k.co.seoulit.common.aop.LoggerAspect - Controller  : kr.co.seoulit.reception.controller.MenuController.getMenus()시작
2026-02-13 16:03:03.741 INFO  k.co.seoulit.common.aop.LoggerAspect - Controller  : kr.co.seoulit.reception.controller.MenuController.getMenus()종료
2026-02-13 16:03:03.784 INFO  k.co.seoulit.common.aop.LoggerAspect - Controller  : kr.co.seoulit.reception.controller.ReceptionController.getReceptions()시작
2026-02-13 16:03:03.784 INFO  k.c.s.r.c.ReceptionController - 접수 목록 요청: searchType=null, searchValue=null
2026-02-13 16:03:03.817 INFO  k.co.seoulit.common.aop.LoggerAspect - ServiceImpl  : kr.co.seoulit.reception.service.ReceptionServiceImpl.getReceptionList()시작
2026-02-13 16:03:03.881 INFO  k.co.seoulit.common.aop.LoggerAspect - ServiceImpl  : kr.co.seoulit.reception.service.ReceptionServiceImpl.getReceptionList()종료
2026-02-13 16:03:03.894 INFO  k.co.seoulit.common.aop.LoggerAspect - Controller  : kr.co.seoulit.reception.controller.ReceptionController.getReceptions()종료
2026-02-13 16:03:03.943 INFO  k.co.seoulit.common.aop.LoggerAspect - Controller  : kr.co.seoulit.reception.controller.ReceptionController.getReceptions()시작
2026-02-13 16:03:03.944 INFO  k.c.s.r.c.ReceptionController - 접수 목록 요청: searchType=null, searchValue=null
2026-02-13 16:03:03.945 INFO  k.co.seoulit.common.aop.LoggerAspect - ServiceImpl  : kr.co.seoulit.reception.service.ReceptionServiceImpl.getReceptionList()시작
2026-02-13 16:03:03.994 INFO  k.co.seoulit.common.aop.LoggerAspect - ServiceImpl  : kr.co.seoulit.reception.service.ReceptionServiceImpl.getReceptionList()종료
2026-02-13 16:03:04.015 INFO  k.co.seoulit.common.aop.LoggerAspect - Controller  : kr.co.seoulit.reception.controller.ReceptionController.getReceptions()종료
2026-02-13 16:03:04.299 INFO  k.co.seoulit.common.aop.LoggerAspect - Controller  : kr.co.seoulit.reception.controller.ReceptionController.getReception()시작
2026-02-13 16:03:04.300 INFO  k.c.s.r.c.ReceptionController - 접수 조회 요청: id=5
2026-02-13 16:03:04.319 INFO  k.co.seoulit.common.aop.LoggerAspect - ServiceImpl  : kr.co.seoulit.reception.service.ReceptionServiceImpl.getReception()시작
2026-02-13 16:03:04.457 DEBUG org.hibernate.SQL - select re1_0.reception_id,re1_0.arrived_at,re1_0.cancel_reason_code,re1_0.cancel_reason_text,re1_0.created_at,re1_0.created_by,re1_0.department_id,re1_0.department_name,re1_0.doctor_id,re1_0.doctor_name,re1_0.hold_reason_code,re1_0.hold_reason_text,re1_0.inactive_at,re1_0.inactive_reason_code,re1_0.inactive_reason_text,re1_0.is_active,re1_0.note,re1_0.patient_id,re1_0.patient_name,re1_0.reception_no,re1_0.reservation_id,re1_0.scheduled_at,re1_0.status,re1_0.updated_at,re1_0.updated_by,re1_0.visit_type from reception re1_0 where re1_0.reception_id=?
2026-02-13 16:03:04.460 TRACE org.hibernate.orm.jdbc.bind - binding parameter (1:BIGINT) <- [5]
2026-02-13 16:03:04.650 INFO  k.co.seoulit.common.aop.LoggerAspect - kr.co.seoulit.reception.mapstruct.ReceptionResMapStructImpl.toDto()시작
2026-02-13 16:03:04.651 INFO  k.co.seoulit.common.aop.LoggerAspect - kr.co.seoulit.reception.mapstruct.ReceptionResMapStructImpl.toDto()종료
2026-02-13 16:03:04.653 INFO  k.co.seoulit.common.aop.LoggerAspect - ServiceImpl  : kr.co.seoulit.reception.service.ReceptionServiceImpl.getReception()종료
2026-02-13 16:03:04.671 INFO  k.co.seoulit.common.aop.LoggerAspect - Controller  : kr.co.seoulit.reception.controller.ReceptionController.getReception()종료
2026-02-13 16:03:08.640 INFO  k.co.seoulit.common.aop.LoggerAspect - Controller  : kr.co.seoulit.reception.controller.MenuController.getMenus()시작
2026-02-13 16:03:08.644 INFO  k.co.seoulit.common.aop.LoggerAspect - Controller  : kr.co.seoulit.reception.controller.MenuController.getMenus()종료
2026-02-13 16:03:08.662 INFO  k.co.seoulit.common.aop.LoggerAspect - Controller  : kr.co.seoulit.reception.controller.MenuController.getMenus()시작
2026-02-13 16:03:08.663 INFO  k.co.seoulit.common.aop.LoggerAspect - Controller  : kr.co.seoulit.reception.controller.MenuController.getMenus()종료
2026-02-13 16:03:15.946 INFO  k.co.seoulit.common.aop.LoggerAspect - Controller  : kr.co.seoulit.reception.controller.MenuController.getMenus()시작
2026-02-13 16:03:15.951 INFO  k.co.seoulit.common.aop.LoggerAspect - Controller  : kr.co.seoulit.reception.controller.MenuController.getMenus()종료
2026-02-13 16:03:16.029 INFO  k.co.seoulit.common.aop.LoggerAspect - Controller  : kr.co.seoulit.reception.controller.MenuController.getMenus()시작
2026-02-13 16:03:16.034 INFO  k.co.seoulit.common.aop.LoggerAspect - Controller  : kr.co.seoulit.reception.controller.MenuController.getMenus()종료
2026-02-13 16:03:16.073 INFO  k.co.seoulit.common.aop.LoggerAspect - Controller  : kr.co.seoulit.reception.controller.ReceptionController.getReceptions()시작
2026-02-13 16:03:16.074 INFO  k.c.s.r.c.ReceptionController - 접수 목록 요청: searchType=status, searchValue=CANCELED
2026-02-13 16:03:16.137 INFO  k.co.seoulit.common.aop.LoggerAspect - ServiceImpl  : kr.co.seoulit.reception.service.ReceptionServiceImpl.getReceptionList()시작
2026-02-13 16:03:16.350 INFO  k.co.seoulit.common.aop.LoggerAspect - ServiceImpl  : kr.co.seoulit.reception.service.ReceptionServiceImpl.getReceptionList()종료
2026-02-13 16:03:16.368 INFO  k.co.seoulit.common.aop.LoggerAspect - Controller  : kr.co.seoulit.reception.controller.ReceptionController.getReceptions()종료
2026-02-13 16:03:16.414 INFO  k.co.seoulit.common.aop.LoggerAspect - Controller  : kr.co.seoulit.reception.controller.ReceptionController.getReceptions()시작
2026-02-13 16:03:16.415 INFO  k.c.s.r.c.ReceptionController - 접수 목록 요청: searchType=status, searchValue=CANCELED
2026-02-13 16:03:16.481 INFO  k.co.seoulit.common.aop.LoggerAspect - ServiceImpl  : kr.co.seoulit.reception.service.ReceptionServiceImpl.getReceptionList()시작
2026-02-13 16:03:16.502 INFO  k.co.seoulit.common.aop.LoggerAspect - ServiceImpl  : kr.co.seoulit.reception.service.ReceptionServiceImpl.getReceptionList()종료
2026-02-13 16:03:16.507 INFO  k.co.seoulit.common.aop.LoggerAspect - Controller  : kr.co.seoulit.reception.controller.ReceptionController.getReceptions()종료
2026-02-13 16:03:16.688 INFO  k.co.seoulit.common.aop.LoggerAspect - Controller  : kr.co.seoulit.reception.controller.ReceptionController.getReception()시작
2026-02-13 16:03:16.716 INFO  k.c.s.r.c.ReceptionController - 접수 조회 요청: id=3
2026-02-13 16:03:16.717 INFO  k.co.seoulit.common.aop.LoggerAspect - ServiceImpl  : kr.co.seoulit.reception.service.ReceptionServiceImpl.getReception()시작
2026-02-13 16:03:16.718 DEBUG org.hibernate.SQL - select re1_0.reception_id,re1_0.arrived_at,re1_0.cancel_reason_code,re1_0.cancel_reason_text,re1_0.created_at,re1_0.created_by,re1_0.department_id,re1_0.department_name,re1_0.doctor_id,re1_0.doctor_name,re1_0.hold_reason_code,re1_0.hold_reason_text,re1_0.inactive_at,re1_0.inactive_reason_code,re1_0.inactive_reason_text,re1_0.is_active,re1_0.note,re1_0.patient_id,re1_0.patient_name,re1_0.reception_no,re1_0.reservation_id,re1_0.scheduled_at,re1_0.status,re1_0.updated_at,re1_0.updated_by,re1_0.visit_type from reception re1_0 where re1_0.reception_id=?
2026-02-13 16:03:16.755 TRACE org.hibernate.orm.jdbc.bind - binding parameter (1:BIGINT) <- [3]
2026-02-13 16:03:16.824 INFO  k.co.seoulit.common.aop.LoggerAspect - kr.co.seoulit.reception.mapstruct.ReceptionResMapStructImpl.toDto()시작
2026-02-13 16:03:16.826 INFO  k.co.seoulit.common.aop.LoggerAspect - kr.co.seoulit.reception.mapstruct.ReceptionResMapStructImpl.toDto()종료
2026-02-13 16:03:16.853 INFO  k.co.seoulit.common.aop.LoggerAspect - ServiceImpl  : kr.co.seoulit.reception.service.ReceptionServiceImpl.getReception()종료
2026-02-13 16:03:16.861 INFO  k.co.seoulit.common.aop.LoggerAspect - Controller  : kr.co.seoulit.reception.controller.ReceptionController.getReception()종료
2026-02-13 16:03:21.140 INFO  k.co.seoulit.common.aop.LoggerAspect - Controller  : kr.co.seoulit.reception.controller.MenuController.getMenus()시작
2026-02-13 16:03:21.141 INFO  k.co.seoulit.common.aop.LoggerAspect - Controller  : kr.co.seoulit.reception.controller.MenuController.getMenus()종료
2026-02-13 16:03:21.177 INFO  k.co.seoulit.common.aop.LoggerAspect - Controller  : kr.co.seoulit.reception.controller.ReceptionController.getReceptions()시작
2026-02-13 16:03:21.177 INFO  k.c.s.r.c.ReceptionController - 접수 목록 요청: searchType=status, searchValue=COMPLETED
2026-02-13 16:03:21.241 INFO  k.co.seoulit.common.aop.LoggerAspect - Controller  : kr.co.seoulit.reception.controller.MenuController.getMenus()시작
2026-02-13 16:03:21.248 INFO  k.co.seoulit.common.aop.LoggerAspect - Controller  : kr.co.seoulit.reception.controller.MenuController.getMenus()종료
2026-02-13 16:03:21.249 INFO  k.co.seoulit.common.aop.LoggerAspect - ServiceImpl  : kr.co.seoulit.reception.service.ReceptionServiceImpl.getReceptionList()시작
2026-02-13 16:03:21.272 INFO  k.co.seoulit.common.aop.LoggerAspect - ServiceImpl  : kr.co.seoulit.reception.service.ReceptionServiceImpl.getReceptionList()종료
2026-02-13 16:03:21.289 INFO  k.co.seoulit.common.aop.LoggerAspect - Controller  : kr.co.seoulit.reception.controller.ReceptionController.getReceptions()종료
2026-02-13 16:03:21.340 INFO  k.co.seoulit.common.aop.LoggerAspect - Controller  : kr.co.seoulit.reception.controller.ReceptionController.getReceptions()시작
2026-02-13 16:03:21.386 INFO  k.c.s.r.c.ReceptionController - 접수 목록 요청: searchType=status, searchValue=COMPLETED
2026-02-13 16:03:21.391 INFO  k.co.seoulit.common.aop.LoggerAspect - ServiceImpl  : kr.co.seoulit.reception.service.ReceptionServiceImpl.getReceptionList()시작
2026-02-13 16:03:21.418 INFO  k.co.seoulit.common.aop.LoggerAspect - ServiceImpl  : kr.co.seoulit.reception.service.ReceptionServiceImpl.getReceptionList()종료
2026-02-13 16:03:21.431 INFO  k.co.seoulit.common.aop.LoggerAspect - Controller  : kr.co.seoulit.reception.controller.ReceptionController.getReceptions()종료
2026-02-13 16:03:21.801 INFO  k.co.seoulit.common.aop.LoggerAspect - Controller  : kr.co.seoulit.reception.controller.ReceptionController.getReception()시작
2026-02-13 16:03:21.806 INFO  k.c.s.r.c.ReceptionController - 접수 조회 요청: id=7
2026-02-13 16:03:21.812 INFO  k.co.seoulit.common.aop.LoggerAspect - ServiceImpl  : kr.co.seoulit.reception.service.ReceptionServiceImpl.getReception()시작
2026-02-13 16:03:21.817 DEBUG org.hibernate.SQL - select re1_0.reception_id,re1_0.arrived_at,re1_0.cancel_reason_code,re1_0.cancel_reason_text,re1_0.created_at,re1_0.created_by,re1_0.department_id,re1_0.department_name,re1_0.doctor_id,re1_0.doctor_name,re1_0.hold_reason_code,re1_0.hold_reason_text,re1_0.inactive_at,re1_0.inactive_reason_code,re1_0.inactive_reason_text,re1_0.is_active,re1_0.note,re1_0.patient_id,re1_0.patient_name,re1_0.reception_no,re1_0.reservation_id,re1_0.scheduled_at,re1_0.status,re1_0.updated_at,re1_0.updated_by,re1_0.visit_type from reception re1_0 where re1_0.reception_id=?
2026-02-13 16:03:21.840 TRACE org.hibernate.orm.jdbc.bind - binding parameter (1:BIGINT) <- [7]
2026-02-13 16:03:21.849 INFO  k.co.seoulit.common.aop.LoggerAspect - kr.co.seoulit.reception.mapstruct.ReceptionResMapStructImpl.toDto()시작
2026-02-13 16:03:21.850 INFO  k.co.seoulit.common.aop.LoggerAspect - kr.co.seoulit.reception.mapstruct.ReceptionResMapStructImpl.toDto()종료
2026-02-13 16:03:21.850 INFO  k.co.seoulit.common.aop.LoggerAspect - ServiceImpl  : kr.co.seoulit.reception.service.ReceptionServiceImpl.getReception()종료
2026-02-13 16:03:21.858 INFO  k.co.seoulit.common.aop.LoggerAspect - Controller  : kr.co.seoulit.reception.controller.ReceptionController.getReception()종료
2026-02-13 16:03:22.938 INFO  k.co.seoulit.common.aop.LoggerAspect - Controller  : kr.co.seoulit.reception.controller.MenuController.getMenus()시작
2026-02-13 16:03:22.937 INFO  k.co.seoulit.common.aop.LoggerAspect - Controller  : kr.co.seoulit.reception.controller.ReceptionController.getReceptions()시작
2026-02-13 16:03:22.939 INFO  k.co.seoulit.common.aop.LoggerAspect - Controller  : kr.co.seoulit.reception.controller.MenuController.getMenus()종료
2026-02-13 16:03:22.939 INFO  k.c.s.r.c.ReceptionController - 접수 목록 요청: searchType=null, searchValue=null
2026-02-13 16:03:22.943 INFO  k.co.seoulit.common.aop.LoggerAspect - Controller  : kr.co.seoulit.reception.controller.ReceptionController.getReceptions()시작
2026-02-13 16:03:22.944 INFO  k.c.s.r.c.ReceptionController - 접수 목록 요청: searchType=null, searchValue=null
2026-02-13 16:03:22.954 INFO  k.co.seoulit.common.aop.LoggerAspect - Controller  : kr.co.seoulit.reception.controller.MenuController.getMenus()시작
2026-02-13 16:03:22.955 INFO  k.co.seoulit.common.aop.LoggerAspect - Controller  : kr.co.seoulit.reception.controller.MenuController.getMenus()종료
2026-02-13 16:03:22.969 INFO  k.co.seoulit.common.aop.LoggerAspect - ServiceImpl  : kr.co.seoulit.reception.service.ReceptionServiceImpl.getReceptionList()시작
2026-02-13 16:03:22.969 INFO  k.co.seoulit.common.aop.LoggerAspect - ServiceImpl  : kr.co.seoulit.reception.service.ReceptionServiceImpl.getReceptionList()시작
2026-02-13 16:03:22.987 INFO  k.co.seoulit.common.aop.LoggerAspect - ServiceImpl  : kr.co.seoulit.reception.service.ReceptionServiceImpl.getReceptionList()종료
2026-02-13 16:03:22.996 INFO  k.co.seoulit.common.aop.LoggerAspect - ServiceImpl  : kr.co.seoulit.reception.service.ReceptionServiceImpl.getReceptionList()종료
2026-02-13 16:03:23.058 INFO  k.co.seoulit.common.aop.LoggerAspect - Controller  : kr.co.seoulit.reception.controller.ReceptionController.getReceptions()종료
2026-02-13 16:03:23.058 INFO  k.co.seoulit.common.aop.LoggerAspect - Controller  : kr.co.seoulit.reception.controller.ReceptionController.getReceptions()종료
2026-02-13 16:04:36.240 INFO  k.co.seoulit.common.aop.LoggerAspect - Controller  : kr.co.seoulit.reception.controller.ReceptionController.getReceptions()시작
2026-02-13 16:04:36.242 INFO  k.c.s.r.c.ReceptionController - 접수 목록 요청: searchType=null, searchValue=null
2026-02-13 16:04:36.288 INFO  k.co.seoulit.common.aop.LoggerAspect - Controller  : kr.co.seoulit.reception.controller.MenuController.getMenus()시작
2026-02-13 16:04:36.289 INFO  k.co.seoulit.common.aop.LoggerAspect - Controller  : kr.co.seoulit.reception.controller.MenuController.getMenus()종료
2026-02-13 16:04:36.319 INFO  k.co.seoulit.common.aop.LoggerAspect - Controller  : kr.co.seoulit.reception.controller.MenuController.getMenus()시작
2026-02-13 16:04:36.320 INFO  k.co.seoulit.common.aop.LoggerAspect - ServiceImpl  : kr.co.seoulit.reception.service.ReceptionServiceImpl.getReceptionList()시작
2026-02-13 16:04:36.321 INFO  k.co.seoulit.common.aop.LoggerAspect - Controller  : kr.co.seoulit.reception.controller.MenuController.getMenus()종료
2026-02-13 16:04:36.395 INFO  k.co.seoulit.common.aop.LoggerAspect - ServiceImpl  : kr.co.seoulit.reception.service.ReceptionServiceImpl.getReceptionList()종료
2026-02-13 16:04:36.406 INFO  k.co.seoulit.common.aop.LoggerAspect - Controller  : kr.co.seoulit.reception.controller.ReceptionController.getReceptions()종료
2026-02-13 16:04:36.471 INFO  k.co.seoulit.common.aop.LoggerAspect - Controller  : kr.co.seoulit.reception.controller.ReceptionController.getReceptions()시작
2026-02-13 16:04:36.472 INFO  k.c.s.r.c.ReceptionController - 접수 목록 요청: searchType=null, searchValue=null
2026-02-13 16:04:36.504 INFO  k.co.seoulit.common.aop.LoggerAspect - ServiceImpl  : kr.co.seoulit.reception.service.ReceptionServiceImpl.getReceptionList()시작
2026-02-13 16:04:36.633 INFO  k.co.seoulit.common.aop.LoggerAspect - ServiceImpl  : kr.co.seoulit.reception.service.ReceptionServiceImpl.getReceptionList()종료
2026-02-13 16:04:36.641 INFO  k.co.seoulit.common.aop.LoggerAspect - Controller  : kr.co.seoulit.reception.controller.ReceptionController.getReceptions()종료
2026-02-13 16:04:38.497 INFO  k.co.seoulit.common.aop.LoggerAspect - Controller  : kr.co.seoulit.reception.controller.MenuController.getMenus()시작
2026-02-13 16:04:38.504 INFO  k.co.seoulit.common.aop.LoggerAspect - Controller  : kr.co.seoulit.reception.controller.MenuController.getMenus()종료
2026-02-13 16:04:38.505 INFO  k.co.seoulit.common.aop.LoggerAspect - Controller  : kr.co.seoulit.reception.controller.ReceptionController.getReceptions()시작
2026-02-13 16:04:38.505 INFO  k.c.s.r.c.ReceptionController - 접수 목록 요청: searchType=null, searchValue=null
2026-02-13 16:04:38.507 INFO  k.co.seoulit.common.aop.LoggerAspect - Controller  : kr.co.seoulit.reception.controller.ReceptionController.getReceptions()시작
2026-02-13 16:04:38.522 INFO  k.c.s.r.c.ReceptionController - 접수 목록 요청: searchType=null, searchValue=null
2026-02-13 16:04:38.530 INFO  k.co.seoulit.common.aop.LoggerAspect - Controller  : kr.co.seoulit.reception.controller.MenuController.getMenus()시작
2026-02-13 16:04:38.530 INFO  k.co.seoulit.common.aop.LoggerAspect - Controller  : kr.co.seoulit.reception.controller.MenuController.getMenus()종료
2026-02-13 16:04:38.539 INFO  k.co.seoulit.common.aop.LoggerAspect - ServiceImpl  : kr.co.seoulit.reception.service.ReceptionServiceImpl.getReceptionList()시작
2026-02-13 16:04:38.552 INFO  k.co.seoulit.common.aop.LoggerAspect - ServiceImpl  : kr.co.seoulit.reception.service.ReceptionServiceImpl.getReceptionList()시작
2026-02-13 16:04:38.556 INFO  k.co.seoulit.common.aop.LoggerAspect - ServiceImpl  : kr.co.seoulit.reception.service.ReceptionServiceImpl.getReceptionList()종료
2026-02-13 16:04:38.571 INFO  k.co.seoulit.common.aop.LoggerAspect - Controller  : kr.co.seoulit.reception.controller.ReceptionController.getReceptions()종료
2026-02-13 16:04:38.587 INFO  k.co.seoulit.common.aop.LoggerAspect - ServiceImpl  : kr.co.seoulit.reception.service.ReceptionServiceImpl.getReceptionList()종료
2026-02-13 16:04:38.598 INFO  k.co.seoulit.common.aop.LoggerAspect - Controller  : kr.co.seoulit.reception.controller.ReceptionController.getReceptions()종료
2026-02-13 16:04:44.529 INFO  k.co.seoulit.common.aop.LoggerAspect - Controller  : kr.co.seoulit.reception.controller.ReceptionController.getReceptions()시작
2026-02-13 16:04:44.532 INFO  k.c.s.r.c.ReceptionController - 접수 목록 요청: searchType=null, searchValue=null
2026-02-13 16:04:44.556 INFO  k.co.seoulit.common.aop.LoggerAspect - ServiceImpl  : kr.co.seoulit.reception.service.ReceptionServiceImpl.getReceptionList()시작
2026-02-13 16:04:44.587 INFO  k.co.seoulit.common.aop.LoggerAspect - ServiceImpl  : kr.co.seoulit.reception.service.ReceptionServiceImpl.getReceptionList()종료
2026-02-13 16:04:44.606 INFO  k.co.seoulit.common.aop.LoggerAspect - Controller  : kr.co.seoulit.reception.controller.ReceptionController.getReceptions()종료
2026-02-13 16:05:06.448 INFO  k.co.seoulit.common.aop.LoggerAspect - Controller  : kr.co.seoulit.reception.controller.MenuController.getMenus()시작
2026-02-13 16:05:06.449 INFO  k.co.seoulit.common.aop.LoggerAspect - Controller  : kr.co.seoulit.reception.controller.MenuController.getMenus()종료
2026-02-13 16:05:06.470 INFO  k.co.seoulit.common.aop.LoggerAspect - Controller  : kr.co.seoulit.reception.controller.MenuController.getMenus()시작
2026-02-13 16:05:06.470 INFO  k.co.seoulit.common.aop.LoggerAspect - Controller  : kr.co.seoulit.reception.controller.MenuController.getMenus()종료
2026-02-13 16:05:29.473 INFO  k.co.seoulit.common.aop.LoggerAspect - Controller  : kr.co.seoulit.reception.controller.MenuController.getMenus()시작
2026-02-13 16:05:29.554 INFO  k.co.seoulit.common.aop.LoggerAspect - Controller  : kr.co.seoulit.reception.controller.MenuController.getMenus()종료
2026-02-13 16:05:29.505 INFO  k.co.seoulit.common.aop.LoggerAspect - Controller  : kr.co.seoulit.reception.controller.ReceptionController.getReceptions()시작
2026-02-13 16:05:29.557 INFO  k.c.s.r.c.ReceptionController - 접수 목록 요청: searchType=null, searchValue=null
2026-02-13 16:05:29.589 INFO  k.co.seoulit.common.aop.LoggerAspect - Controller  : kr.co.seoulit.reception.controller.ReceptionController.getReceptions()시작
2026-02-13 16:05:29.590 INFO  k.c.s.r.c.ReceptionController - 접수 목록 요청: searchType=null, searchValue=null
2026-02-13 16:05:29.607 INFO  k.co.seoulit.common.aop.LoggerAspect - Controller  : kr.co.seoulit.reception.controller.MenuController.getMenus()시작
2026-02-13 16:05:29.607 INFO  k.co.seoulit.common.aop.LoggerAspect - Controller  : kr.co.seoulit.reception.controller.MenuController.getMenus()종료
2026-02-13 16:05:29.667 INFO  k.co.seoulit.common.aop.LoggerAspect - ServiceImpl  : kr.co.seoulit.reception.service.ReceptionServiceImpl.getReceptionList()시작
2026-02-13 16:05:29.674 INFO  k.co.seoulit.common.aop.LoggerAspect - ServiceImpl  : kr.co.seoulit.reception.service.ReceptionServiceImpl.getReceptionList()시작
2026-02-13 16:05:29.689 INFO  k.co.seoulit.common.aop.LoggerAspect - ServiceImpl  : kr.co.seoulit.reception.service.ReceptionServiceImpl.getReceptionList()종료
2026-02-13 16:05:29.699 INFO  k.co.seoulit.common.aop.LoggerAspect - Controller  : kr.co.seoulit.reception.controller.ReceptionController.getReceptions()종료
2026-02-13 16:05:29.735 INFO  k.co.seoulit.common.aop.LoggerAspect - ServiceImpl  : kr.co.seoulit.reception.service.ReceptionServiceImpl.getReceptionList()종료
2026-02-13 16:05:29.751 INFO  k.co.seoulit.common.aop.LoggerAspect - Controller  : kr.co.seoulit.reception.controller.ReceptionController.getReceptions()종료
2026-02-13 16:06:07.374 INFO  k.co.seoulit.common.aop.LoggerAspect - Controller  : kr.co.seoulit.reception.controller.ReceptionController.getReceptions()시작
2026-02-13 16:06:07.374 INFO  k.c.s.r.c.ReceptionController - 접수 목록 요청: searchType=null, searchValue=null
2026-02-13 16:06:07.522 INFO  k.co.seoulit.common.aop.LoggerAspect - ServiceImpl  : kr.co.seoulit.reception.service.ReceptionServiceImpl.getReceptionList()시작
2026-02-13 16:06:07.643 INFO  k.co.seoulit.common.aop.LoggerAspect - ServiceImpl  : kr.co.seoulit.reception.service.ReceptionServiceImpl.getReceptionList()종료
2026-02-13 16:06:07.744 INFO  k.co.seoulit.common.aop.LoggerAspect - Controller  : kr.co.seoulit.reception.controller.ReceptionController.getReceptions()종료
2026-02-13 16:06:23.241 INFO  k.co.seoulit.common.aop.LoggerAspect - Controller  : kr.co.seoulit.reception.controller.ReceptionController.getReceptions()시작
2026-02-13 16:06:23.241 INFO  k.co.seoulit.common.aop.LoggerAspect - Controller  : kr.co.seoulit.reception.controller.MenuController.getMenus()시작
2026-02-13 16:06:23.256 INFO  k.co.seoulit.common.aop.LoggerAspect - Controller  : kr.co.seoulit.reception.controller.MenuController.getMenus()종료
2026-02-13 16:06:23.255 INFO  k.c.s.r.c.ReceptionController - 접수 목록 요청: searchType=null, searchValue=null
2026-02-13 16:06:23.307 INFO  k.co.seoulit.common.aop.LoggerAspect - ServiceImpl  : kr.co.seoulit.reception.service.ReceptionServiceImpl.getReceptionList()시작
2026-02-13 16:06:23.321 INFO  k.co.seoulit.common.aop.LoggerAspect - ServiceImpl  : kr.co.seoulit.reception.service.ReceptionServiceImpl.getReceptionList()종료
2026-02-13 16:06:23.341 INFO  k.co.seoulit.common.aop.LoggerAspect - Controller  : kr.co.seoulit.reception.controller.ReceptionController.getReceptions()종료
2026-02-13 16:07:05.255 INFO  k.co.seoulit.common.aop.LoggerAspect - Controller  : kr.co.seoulit.reception.controller.MenuController.getMenus()시작
2026-02-13 16:07:05.286 INFO  k.co.seoulit.common.aop.LoggerAspect - Controller  : kr.co.seoulit.reception.controller.MenuController.getMenus()종료
2026-02-13 16:07:05.306 INFO  k.co.seoulit.common.aop.LoggerAspect - Controller  : kr.co.seoulit.reception.controller.MenuController.getMenus()시작
2026-02-13 16:07:05.312 INFO  k.co.seoulit.common.aop.LoggerAspect - Controller  : kr.co.seoulit.reception.controller.MenuController.getMenus()종료
2026-02-13 16:07:05.671 INFO  k.co.seoulit.common.aop.LoggerAspect - Controller  : kr.co.seoulit.reception.controller.ReceptionController.getReceptions()시작
2026-02-13 16:07:05.671 INFO  k.c.s.r.c.ReceptionController - 접수 목록 요청: searchType=null, searchValue=null
2026-02-13 16:07:05.749 INFO  k.co.seoulit.common.aop.LoggerAspect - ServiceImpl  : kr.co.seoulit.reception.service.ReceptionServiceImpl.getReceptionList()시작
2026-02-13 16:07:05.790 INFO  k.co.seoulit.common.aop.LoggerAspect - ServiceImpl  : kr.co.seoulit.reception.service.ReceptionServiceImpl.getReceptionList()종료
2026-02-13 16:07:05.823 INFO  k.co.seoulit.common.aop.LoggerAspect - Controller  : kr.co.seoulit.reception.controller.ReceptionController.getReceptions()종료
2026-02-13 16:07:05.955 INFO  k.co.seoulit.common.aop.LoggerAspect - Controller  : kr.co.seoulit.reception.controller.ReceptionController.getReceptions()시작
2026-02-13 16:07:05.956 INFO  k.c.s.r.c.ReceptionController - 접수 목록 요청: searchType=null, searchValue=null
2026-02-13 16:07:05.956 INFO  k.co.seoulit.common.aop.LoggerAspect - ServiceImpl  : kr.co.seoulit.reception.service.ReceptionServiceImpl.getReceptionList()시작
2026-02-13 16:07:05.987 INFO  k.co.seoulit.common.aop.LoggerAspect - ServiceImpl  : kr.co.seoulit.reception.service.ReceptionServiceImpl.getReceptionList()종료
2026-02-13 16:07:05.992 INFO  k.co.seoulit.common.aop.LoggerAspect - Controller  : kr.co.seoulit.reception.controller.ReceptionController.getReceptions()종료
2026-02-13 16:07:06.230 INFO  k.co.seoulit.common.aop.LoggerAspect - Controller  : kr.co.seoulit.reception.controller.ReceptionController.getReception()시작
2026-02-13 16:07:06.231 INFO  k.c.s.r.c.ReceptionController - 접수 조회 요청: id=5
2026-02-13 16:07:06.239 INFO  k.co.seoulit.common.aop.LoggerAspect - ServiceImpl  : kr.co.seoulit.reception.service.ReceptionServiceImpl.getReception()시작
2026-02-13 16:07:06.240 DEBUG org.hibernate.SQL - select re1_0.reception_id,re1_0.arrived_at,re1_0.cancel_reason_code,re1_0.cancel_reason_text,re1_0.created_at,re1_0.created_by,re1_0.department_id,re1_0.department_name,re1_0.doctor_id,re1_0.doctor_name,re1_0.hold_reason_code,re1_0.hold_reason_text,re1_0.inactive_at,re1_0.inactive_reason_code,re1_0.inactive_reason_text,re1_0.is_active,re1_0.note,re1_0.patient_id,re1_0.patient_name,re1_0.reception_no,re1_0.reservation_id,re1_0.scheduled_at,re1_0.status,re1_0.updated_at,re1_0.updated_by,re1_0.visit_type from reception re1_0 where re1_0.reception_id=?
2026-02-13 16:07:06.241 TRACE org.hibernate.orm.jdbc.bind - binding parameter (1:BIGINT) <- [5]
2026-02-13 16:07:06.254 INFO  k.co.seoulit.common.aop.LoggerAspect - kr.co.seoulit.reception.mapstruct.ReceptionResMapStructImpl.toDto()시작
2026-02-13 16:07:06.254 INFO  k.co.seoulit.common.aop.LoggerAspect - kr.co.seoulit.reception.mapstruct.ReceptionResMapStructImpl.toDto()종료
2026-02-13 16:07:06.254 INFO  k.co.seoulit.common.aop.LoggerAspect - ServiceImpl  : kr.co.seoulit.reception.service.ReceptionServiceImpl.getReception()종료
2026-02-13 16:07:06.260 INFO  k.co.seoulit.common.aop.LoggerAspect - Controller  : kr.co.seoulit.reception.controller.ReceptionController.getReception()종료
2026-02-13 16:07:10.979 INFO  k.co.seoulit.common.aop.LoggerAspect - Controller  : kr.co.seoulit.reception.controller.ReceptionController.getReception()시작
2026-02-13 16:07:10.979 INFO  k.c.s.r.c.ReceptionController - 접수 조회 요청: id=5
2026-02-13 16:07:11.021 INFO  k.co.seoulit.common.aop.LoggerAspect - ServiceImpl  : kr.co.seoulit.reception.service.ReceptionServiceImpl.getReception()시작
2026-02-13 16:07:11.022 DEBUG org.hibernate.SQL - select re1_0.reception_id,re1_0.arrived_at,re1_0.cancel_reason_code,re1_0.cancel_reason_text,re1_0.created_at,re1_0.created_by,re1_0.department_id,re1_0.department_name,re1_0.doctor_id,re1_0.doctor_name,re1_0.hold_reason_code,re1_0.hold_reason_text,re1_0.inactive_at,re1_0.inactive_reason_code,re1_0.inactive_reason_text,re1_0.is_active,re1_0.note,re1_0.patient_id,re1_0.patient_name,re1_0.reception_no,re1_0.reservation_id,re1_0.scheduled_at,re1_0.status,re1_0.updated_at,re1_0.updated_by,re1_0.visit_type from reception re1_0 where re1_0.reception_id=?
2026-02-13 16:07:11.023 TRACE org.hibernate.orm.jdbc.bind - binding parameter (1:BIGINT) <- [5]
2026-02-13 16:07:11.035 INFO  k.co.seoulit.common.aop.LoggerAspect - kr.co.seoulit.reception.mapstruct.ReceptionResMapStructImpl.toDto()시작
2026-02-13 16:07:11.035 INFO  k.co.seoulit.common.aop.LoggerAspect - kr.co.seoulit.reception.mapstruct.ReceptionResMapStructImpl.toDto()종료
2026-02-13 16:07:11.035 INFO  k.co.seoulit.common.aop.LoggerAspect - ServiceImpl  : kr.co.seoulit.reception.service.ReceptionServiceImpl.getReception()종료
2026-02-13 16:07:11.041 INFO  k.co.seoulit.common.aop.LoggerAspect - Controller  : kr.co.seoulit.reception.controller.ReceptionController.getReception()종료
2026-02-13 16:07:22.788 INFO  k.co.seoulit.common.aop.LoggerAspect - Controller  : kr.co.seoulit.reception.controller.MenuController.getMenus()시작
2026-02-13 16:07:22.789 INFO  k.co.seoulit.common.aop.LoggerAspect - Controller  : kr.co.seoulit.reception.controller.MenuController.getMenus()종료
2026-02-13 16:07:22.812 INFO  k.co.seoulit.common.aop.LoggerAspect - Controller  : kr.co.seoulit.reception.controller.MenuController.getMenus()시작
2026-02-13 16:07:22.812 INFO  k.co.seoulit.common.aop.LoggerAspect - Controller  : kr.co.seoulit.reception.controller.MenuController.getMenus()종료
2026-02-13 16:07:23.007 INFO  k.co.seoulit.common.aop.LoggerAspect - Controller  : kr.co.seoulit.reception.controller.ReceptionController.getReception()시작
2026-02-13 16:07:23.007 INFO  k.c.s.r.c.ReceptionController - 접수 조회 요청: id=5
2026-02-13 16:07:23.008 INFO  k.co.seoulit.common.aop.LoggerAspect - Controller  : kr.co.seoulit.reception.controller.ReceptionController.getStatusHistory()시작
2026-02-13 16:07:23.038 INFO  k.co.seoulit.common.aop.LoggerAspect - ServiceImpl  : kr.co.seoulit.reception.service.ReceptionServiceImpl.getReceptionStatusHistory()시작
2026-02-13 16:07:23.039 INFO  k.co.seoulit.common.aop.LoggerAspect - ServiceImpl  : kr.co.seoulit.reception.service.ReceptionServiceImpl.getReception()시작
2026-02-13 16:07:23.040 DEBUG org.hibernate.SQL - select re1_0.reception_id,re1_0.arrived_at,re1_0.cancel_reason_code,re1_0.cancel_reason_text,re1_0.created_at,re1_0.created_by,re1_0.department_id,re1_0.department_name,re1_0.doctor_id,re1_0.doctor_name,re1_0.hold_reason_code,re1_0.hold_reason_text,re1_0.inactive_at,re1_0.inactive_reason_code,re1_0.inactive_reason_text,re1_0.is_active,re1_0.note,re1_0.patient_id,re1_0.patient_name,re1_0.reception_no,re1_0.reservation_id,re1_0.scheduled_at,re1_0.status,re1_0.updated_at,re1_0.updated_by,re1_0.visit_type from reception re1_0 where re1_0.reception_id=?
2026-02-13 16:07:23.040 TRACE org.hibernate.orm.jdbc.bind - binding parameter (1:BIGINT) <- [5]
2026-02-13 16:07:23.064 INFO  k.co.seoulit.common.aop.LoggerAspect - kr.co.seoulit.reception.mapstruct.ReceptionResMapStructImpl.toDto()시작
2026-02-13 16:07:23.064 INFO  k.co.seoulit.common.aop.LoggerAspect - kr.co.seoulit.reception.mapstruct.ReceptionResMapStructImpl.toDto()종료
2026-02-13 16:07:23.065 INFO  k.co.seoulit.common.aop.LoggerAspect - ServiceImpl  : kr.co.seoulit.reception.service.ReceptionServiceImpl.getReception()종료
2026-02-13 16:07:23.071 INFO  k.co.seoulit.common.aop.LoggerAspect - Controller  : kr.co.seoulit.reception.controller.ReceptionController.getReception()종료
2026-02-13 16:07:23.094 INFO  k.co.seoulit.common.aop.LoggerAspect - Controller  : kr.co.seoulit.reception.controller.ReceptionController.getReception()시작
2026-02-13 16:07:23.095 INFO  k.c.s.r.c.ReceptionController - 접수 조회 요청: id=5
2026-02-13 16:07:23.096 INFO  k.co.seoulit.common.aop.LoggerAspect - ServiceImpl  : kr.co.seoulit.reception.service.ReceptionServiceImpl.getReception()시작
2026-02-13 16:07:23.097 DEBUG org.hibernate.SQL - select re1_0.reception_id,re1_0.arrived_at,re1_0.cancel_reason_code,re1_0.cancel_reason_text,re1_0.created_at,re1_0.created_by,re1_0.department_id,re1_0.department_name,re1_0.doctor_id,re1_0.doctor_name,re1_0.hold_reason_code,re1_0.hold_reason_text,re1_0.inactive_at,re1_0.inactive_reason_code,re1_0.inactive_reason_text,re1_0.is_active,re1_0.note,re1_0.patient_id,re1_0.patient_name,re1_0.reception_no,re1_0.reservation_id,re1_0.scheduled_at,re1_0.status,re1_0.updated_at,re1_0.updated_by,re1_0.visit_type from reception re1_0 where re1_0.reception_id=?
2026-02-13 16:07:23.098 TRACE org.hibernate.orm.jdbc.bind - binding parameter (1:BIGINT) <- [5]
2026-02-13 16:07:23.107 INFO  k.co.seoulit.common.aop.LoggerAspect - kr.co.seoulit.reception.mapstruct.ReceptionResMapStructImpl.toDto()시작
2026-02-13 16:07:23.107 INFO  k.co.seoulit.common.aop.LoggerAspect - kr.co.seoulit.reception.mapstruct.ReceptionResMapStructImpl.toDto()종료
2026-02-13 16:07:23.107 INFO  k.co.seoulit.common.aop.LoggerAspect - ServiceImpl  : kr.co.seoulit.reception.service.ReceptionServiceImpl.getReception()종료
2026-02-13 16:07:23.112 INFO  k.co.seoulit.common.aop.LoggerAspect - Controller  : kr.co.seoulit.reception.controller.ReceptionController.getReception()종료
2026-02-13 16:07:23.384 DEBUG org.hibernate.SQL - select rshe1_0.status_history_id,rshe1_0.changed_at,rshe1_0.changed_by,rshe1_0.from_status,rshe1_0.reason_code,rshe1_0.reason_text,rshe1_0.reception_id,rshe1_0.to_status from reception_status_history rshe1_0 where rshe1_0.reception_id=? order by rshe1_0.changed_at
2026-02-13 16:07:23.384 DEBUG org.hibernate.SQL - select ale1_0.audit_log_id,ale1_0.action,ale1_0.actor_id,ale1_0.after_json,ale1_0.before_json,ale1_0.diff_json,ale1_0.entity_id,ale1_0.entity_type,ale1_0.occurred_at,ale1_0.reason_code,ale1_0.reason_text from audit_log ale1_0 where ale1_0.entity_type=? and ale1_0.entity_id=? order by ale1_0.occurred_at desc
2026-02-13 16:07:23.385 TRACE org.hibernate.orm.jdbc.bind - binding parameter (1:BIGINT) <- [5]
2026-02-13 16:07:23.385 TRACE org.hibernate.orm.jdbc.bind - binding parameter (1:VARCHAR) <- [RECEPTION]
2026-02-13 16:07:23.385 TRACE org.hibernate.orm.jdbc.bind - binding parameter (2:BIGINT) <- [5]
2026-02-13 16:07:23.406 INFO  k.co.seoulit.common.aop.LoggerAspect - ServiceImpl  : kr.co.seoulit.reception.service.ReceptionServiceImpl.getReceptionStatusHistory()종료
2026-02-13 16:07:23.412 INFO  k.co.seoulit.common.aop.LoggerAspect - Controller  : kr.co.seoulit.reception.controller.ReceptionController.getStatusHistory()종료
2026-02-13 16:07:23.435 INFO  k.co.seoulit.common.aop.LoggerAspect - Controller  : kr.co.seoulit.reception.controller.ReceptionController.getStatusHistory()시작
2026-02-13 16:07:23.436 INFO  k.co.seoulit.common.aop.LoggerAspect - ServiceImpl  : kr.co.seoulit.reception.service.ReceptionServiceImpl.getReceptionStatusHistory()시작
2026-02-13 16:07:23.439 DEBUG org.hibernate.SQL - select rshe1_0.status_history_id,rshe1_0.changed_at,rshe1_0.changed_by,rshe1_0.from_status,rshe1_0.reason_code,rshe1_0.reason_text,rshe1_0.reception_id,rshe1_0.to_status from reception_status_history rshe1_0 where rshe1_0.reception_id=? order by rshe1_0.changed_at
2026-02-13 16:07:23.440 TRACE org.hibernate.orm.jdbc.bind - binding parameter (1:BIGINT) <- [5]
2026-02-13 16:07:23.451 INFO  k.co.seoulit.common.aop.LoggerAspect - ServiceImpl  : kr.co.seoulit.reception.service.ReceptionServiceImpl.getReceptionStatusHistory()종료
2026-02-13 16:07:23.458 INFO  k.co.seoulit.common.aop.LoggerAspect - Controller  : kr.co.seoulit.reception.controller.ReceptionController.getStatusHistory()종료
2026-02-13 16:07:23.496 DEBUG org.hibernate.SQL - select ale1_0.audit_log_id,ale1_0.action,ale1_0.actor_id,ale1_0.after_json,ale1_0.before_json,ale1_0.diff_json,ale1_0.entity_id,ale1_0.entity_type,ale1_0.occurred_at,ale1_0.reason_code,ale1_0.reason_text from audit_log ale1_0 where ale1_0.entity_type=? and ale1_0.entity_id=? order by ale1_0.occurred_at desc
2026-02-13 16:07:23.497 TRACE org.hibernate.orm.jdbc.bind - binding parameter (1:VARCHAR) <- [RECEPTION]
2026-02-13 16:07:23.497 TRACE org.hibernate.orm.jdbc.bind - binding parameter (2:BIGINT) <- [5]
2026-02-13 16:07:34.768 INFO  k.co.seoulit.common.aop.LoggerAspect - Controller  : kr.co.seoulit.reception.controller.MenuController.getMenus()시작
2026-02-13 16:07:34.769 INFO  k.co.seoulit.common.aop.LoggerAspect - Controller  : kr.co.seoulit.reception.controller.MenuController.getMenus()종료
2026-02-13 16:07:34.797 INFO  k.co.seoulit.common.aop.LoggerAspect - Controller  : kr.co.seoulit.reception.controller.ReceptionController.getReception()시작
2026-02-13 16:07:34.799 INFO  k.c.s.r.c.ReceptionController - 접수 조회 요청: id=5
2026-02-13 16:07:34.799 INFO  k.co.seoulit.common.aop.LoggerAspect - Controller  : kr.co.seoulit.reception.controller.MenuController.getMenus()시작
2026-02-13 16:07:34.799 INFO  k.co.seoulit.common.aop.LoggerAspect - Controller  : kr.co.seoulit.reception.controller.MenuController.getMenus()종료
2026-02-13 16:07:34.815 INFO  k.co.seoulit.common.aop.LoggerAspect - ServiceImpl  : kr.co.seoulit.reception.service.ReceptionServiceImpl.getReception()시작
2026-02-13 16:07:34.821 DEBUG org.hibernate.SQL - select re1_0.reception_id,re1_0.arrived_at,re1_0.cancel_reason_code,re1_0.cancel_reason_text,re1_0.created_at,re1_0.created_by,re1_0.department_id,re1_0.department_name,re1_0.doctor_id,re1_0.doctor_name,re1_0.hold_reason_code,re1_0.hold_reason_text,re1_0.inactive_at,re1_0.inactive_reason_code,re1_0.inactive_reason_text,re1_0.is_active,re1_0.note,re1_0.patient_id,re1_0.patient_name,re1_0.reception_no,re1_0.reservation_id,re1_0.scheduled_at,re1_0.status,re1_0.updated_at,re1_0.updated_by,re1_0.visit_type from reception re1_0 where re1_0.reception_id=?
2026-02-13 16:07:34.822 TRACE org.hibernate.orm.jdbc.bind - binding parameter (1:BIGINT) <- [5]
2026-02-13 16:07:34.832 INFO  k.co.seoulit.common.aop.LoggerAspect - kr.co.seoulit.reception.mapstruct.ReceptionResMapStructImpl.toDto()시작
2026-02-13 16:07:34.833 INFO  k.co.seoulit.common.aop.LoggerAspect - kr.co.seoulit.reception.mapstruct.ReceptionResMapStructImpl.toDto()종료
2026-02-13 16:07:34.833 INFO  k.co.seoulit.common.aop.LoggerAspect - ServiceImpl  : kr.co.seoulit.reception.service.ReceptionServiceImpl.getReception()종료
2026-02-13 16:07:34.849 INFO  k.co.seoulit.common.aop.LoggerAspect - Controller  : kr.co.seoulit.reception.controller.ReceptionController.getReception()종료
2026-02-13 16:07:34.868 INFO  k.co.seoulit.common.aop.LoggerAspect - Controller  : kr.co.seoulit.reception.controller.ReceptionController.getReception()시작
2026-02-13 16:07:34.868 INFO  k.c.s.r.c.ReceptionController - 접수 조회 요청: id=5
2026-02-13 16:07:34.869 INFO  k.co.seoulit.common.aop.LoggerAspect - ServiceImpl  : kr.co.seoulit.reception.service.ReceptionServiceImpl.getReception()시작
2026-02-13 16:07:34.869 DEBUG org.hibernate.SQL - select re1_0.reception_id,re1_0.arrived_at,re1_0.cancel_reason_code,re1_0.cancel_reason_text,re1_0.created_at,re1_0.created_by,re1_0.department_id,re1_0.department_name,re1_0.doctor_id,re1_0.doctor_name,re1_0.hold_reason_code,re1_0.hold_reason_text,re1_0.inactive_at,re1_0.inactive_reason_code,re1_0.inactive_reason_text,re1_0.is_active,re1_0.note,re1_0.patient_id,re1_0.patient_name,re1_0.reception_no,re1_0.reservation_id,re1_0.scheduled_at,re1_0.status,re1_0.updated_at,re1_0.updated_by,re1_0.visit_type from reception re1_0 where re1_0.reception_id=?
2026-02-13 16:07:34.870 TRACE org.hibernate.orm.jdbc.bind - binding parameter (1:BIGINT) <- [5]
2026-02-13 16:07:34.880 INFO  k.co.seoulit.common.aop.LoggerAspect - kr.co.seoulit.reception.mapstruct.ReceptionResMapStructImpl.toDto()시작
2026-02-13 16:07:34.880 INFO  k.co.seoulit.common.aop.LoggerAspect - kr.co.seoulit.reception.mapstruct.ReceptionResMapStructImpl.toDto()종료
2026-02-13 16:07:34.881 INFO  k.co.seoulit.common.aop.LoggerAspect - ServiceImpl  : kr.co.seoulit.reception.service.ReceptionServiceImpl.getReception()종료
2026-02-13 16:07:34.890 INFO  k.co.seoulit.common.aop.LoggerAspect - Controller  : kr.co.seoulit.reception.controller.ReceptionController.getReception()종료
2026-02-13 16:07:39.872 INFO  k.co.seoulit.common.aop.LoggerAspect - Controller  : kr.co.seoulit.reception.controller.ReceptionController.updateReception()시작
2026-02-13 16:07:39.872 INFO  k.c.s.r.c.ReceptionController - 접수 수정 요청: id=5
2026-02-13 16:07:39.882 INFO  k.co.seoulit.common.aop.LoggerAspect - ServiceImpl  : kr.co.seoulit.reception.service.ReceptionServiceImpl.updateReception()시작
2026-02-13 16:07:39.885 DEBUG org.hibernate.SQL - select re1_0.reception_id,re1_0.arrived_at,re1_0.cancel_reason_code,re1_0.cancel_reason_text,re1_0.created_at,re1_0.created_by,re1_0.department_id,re1_0.department_name,re1_0.doctor_id,re1_0.doctor_name,re1_0.hold_reason_code,re1_0.hold_reason_text,re1_0.inactive_at,re1_0.inactive_reason_code,re1_0.inactive_reason_text,re1_0.is_active,re1_0.note,re1_0.patient_id,re1_0.patient_name,re1_0.reception_no,re1_0.reservation_id,re1_0.scheduled_at,re1_0.status,re1_0.updated_at,re1_0.updated_by,re1_0.visit_type from reception re1_0 where re1_0.reception_id=?
2026-02-13 16:07:39.886 TRACE org.hibernate.orm.jdbc.bind - binding parameter (1:BIGINT) <- [5]
2026-02-13 16:07:39.896 INFO  k.co.seoulit.common.aop.LoggerAspect - kr.co.seoulit.reception.mapstruct.ReceptionResMapStructImpl.toDto()시작
2026-02-13 16:07:39.896 INFO  k.co.seoulit.common.aop.LoggerAspect - kr.co.seoulit.reception.mapstruct.ReceptionResMapStructImpl.toDto()종료
2026-02-13 16:07:39.924 DEBUG org.hibernate.SQL - select pe1_0.patient_id,pe1_0.patient_name from patient pe1_0 where pe1_0.patient_name=?
2026-02-13 16:07:39.925 TRACE org.hibernate.orm.jdbc.bind - binding parameter (1:VARCHAR) <- [마동석]
2026-02-13 16:07:39.943 INFO  k.co.seoulit.common.aop.LoggerAspect - kr.co.seoulit.reception.mapstruct.ReceptionResMapStructImpl.toDto()시작
2026-02-13 16:07:39.944 INFO  k.co.seoulit.common.aop.LoggerAspect - kr.co.seoulit.reception.mapstruct.ReceptionResMapStructImpl.toDto()종료
2026-02-13 16:07:39.953 DEBUG org.hibernate.SQL - select seq_audit_log.nextval from dual
2026-02-13 16:07:39.986 INFO  k.co.seoulit.common.aop.LoggerAspect - ServiceImpl  : kr.co.seoulit.reception.service.ReceptionServiceImpl.updateReception()종료
2026-02-13 16:07:40.038 DEBUG org.hibernate.SQL - insert into audit_log (action,actor_id,after_json,before_json,diff_json,entity_id,entity_type,occurred_at,reason_code,reason_text,audit_log_id) values (?,?,?,?,?,?,?,?,?,?,?)
2026-02-13 16:07:40.047 TRACE org.hibernate.orm.jdbc.bind - binding parameter (1:VARCHAR) <- [UPDATE]
2026-02-13 16:07:40.047 TRACE org.hibernate.orm.jdbc.bind - binding parameter (2:BIGINT) <- [null]
2026-02-13 16:07:40.048 TRACE org.hibernate.orm.jdbc.bind - binding parameter (3:VARCHAR) <- [{"receptionId":5,"receptionNo":"20260212-003","patientId":4,"patientName":"마동석","visitType":"입원","departmentId":3,"departmentName":"정형외과","doctorId":3,"doctorName":"성숙희","reservationId":null,"scheduledAt":"2026-02-14T10:10:00","arrivedAt":"2026-02-14T08:10:00","status":"WAITING","note":null,"isActive":true,"inactiveAt":null,"inactiveReasonCode":null,"inactiveReasonText":null,"cancelReasonCode":null,"cancelReasonText":null,"holdReasonCode":null,"holdReasonText":null,"createdBy":null,"updatedBy":null,"createdAt":"2026-02-12T19:09:23.335586","updatedAt":"2026-02-13T10:18:16.011391"}]
2026-02-13 16:07:40.049 TRACE org.hibernate.orm.jdbc.bind - binding parameter (4:VARCHAR) <- [{"receptionId":5,"receptionNo":"20260212-003","patientId":4,"patientName":"마동석","visitType":"입원","departmentId":3,"departmentName":"정형외과","doctorId":3,"doctorName":"성숙희","reservationId":null,"scheduledAt":"2026-02-14T10:10:00","arrivedAt":"2026-02-14T08:10:00","status":"IN_PROGRESS","note":null,"isActive":true,"inactiveAt":null,"inactiveReasonCode":null,"inactiveReasonText":null,"cancelReasonCode":null,"cancelReasonText":null,"holdReasonCode":null,"holdReasonText":null,"createdBy":null,"updatedBy":null,"createdAt":"2026-02-12T19:09:23.335586","updatedAt":"2026-02-13T10:18:16.011391"}]
2026-02-13 16:07:40.049 TRACE org.hibernate.orm.jdbc.bind - binding parameter (5:VARCHAR) <- [null]
2026-02-13 16:07:40.049 TRACE org.hibernate.orm.jdbc.bind - binding parameter (6:BIGINT) <- [5]
2026-02-13 16:07:40.049 TRACE org.hibernate.orm.jdbc.bind - binding parameter (7:VARCHAR) <- [RECEPTION]
2026-02-13 16:07:40.050 TRACE org.hibernate.orm.jdbc.bind - binding parameter (8:TIMESTAMP) <- [2026-02-13T16:07:40.004177]
2026-02-13 16:07:40.052 TRACE org.hibernate.orm.jdbc.bind - binding parameter (9:VARCHAR) <- [null]
2026-02-13 16:07:40.052 TRACE org.hibernate.orm.jdbc.bind - binding parameter (10:VARCHAR) <- [null]
2026-02-13 16:07:40.052 TRACE org.hibernate.orm.jdbc.bind - binding parameter (11:BIGINT) <- [51]
2026-02-13 16:07:40.072 DEBUG org.hibernate.SQL - update reception set arrived_at=?,cancel_reason_code=?,cancel_reason_text=?,created_by=?,department_id=?,department_name=?,doctor_id=?,doctor_name=?,hold_reason_code=?,hold_reason_text=?,inactive_at=?,inactive_reason_code=?,inactive_reason_text=?,is_active=?,note=?,patient_id=?,patient_name=?,reception_no=?,reservation_id=?,scheduled_at=?,status=?,updated_at=?,updated_by=?,visit_type=? where reception_id=?
2026-02-13 16:07:40.073 TRACE org.hibernate.orm.jdbc.bind - binding parameter (1:TIMESTAMP) <- [2026-02-14T08:10]
2026-02-13 16:07:40.073 TRACE org.hibernate.orm.jdbc.bind - binding parameter (2:VARCHAR) <- [null]
2026-02-13 16:07:40.073 TRACE org.hibernate.orm.jdbc.bind - binding parameter (3:VARCHAR) <- [null]
2026-02-13 16:07:40.073 TRACE org.hibernate.orm.jdbc.bind - binding parameter (4:BIGINT) <- [null]
2026-02-13 16:07:40.073 TRACE org.hibernate.orm.jdbc.bind - binding parameter (5:BIGINT) <- [3]
2026-02-13 16:07:40.073 TRACE org.hibernate.orm.jdbc.bind - binding parameter (6:VARCHAR) <- [정형외과]
2026-02-13 16:07:40.073 TRACE org.hibernate.orm.jdbc.bind - binding parameter (7:BIGINT) <- [3]
2026-02-13 16:07:40.074 TRACE org.hibernate.orm.jdbc.bind - binding parameter (8:VARCHAR) <- [성숙희]
2026-02-13 16:07:40.074 TRACE org.hibernate.orm.jdbc.bind - binding parameter (9:VARCHAR) <- [null]
2026-02-13 16:07:40.074 TRACE org.hibernate.orm.jdbc.bind - binding parameter (10:VARCHAR) <- [null]
2026-02-13 16:07:40.074 TRACE org.hibernate.orm.jdbc.bind - binding parameter (11:TIMESTAMP) <- [null]
2026-02-13 16:07:40.074 TRACE org.hibernate.orm.jdbc.bind - binding parameter (12:VARCHAR) <- [null]
2026-02-13 16:07:40.075 TRACE org.hibernate.orm.jdbc.bind - binding parameter (13:VARCHAR) <- [null]
2026-02-13 16:07:40.081 TRACE org.hibernate.orm.jdbc.bind - binding parameter (14:BOOLEAN) <- [true]
2026-02-13 16:07:40.082 TRACE org.hibernate.orm.jdbc.bind - binding parameter (15:VARCHAR) <- [null]
2026-02-13 16:07:40.083 TRACE org.hibernate.orm.jdbc.bind - binding parameter (16:BIGINT) <- [4]
2026-02-13 16:07:40.083 TRACE org.hibernate.orm.jdbc.bind - binding parameter (17:VARCHAR) <- [마동석]
2026-02-13 16:07:40.084 TRACE org.hibernate.orm.jdbc.bind - binding parameter (18:VARCHAR) <- [20260212-003]
2026-02-13 16:07:40.087 TRACE org.hibernate.orm.jdbc.bind - binding parameter (19:BIGINT) <- [null]
2026-02-13 16:07:40.088 TRACE org.hibernate.orm.jdbc.bind - binding parameter (20:TIMESTAMP) <- [2026-02-14T10:10]
2026-02-13 16:07:40.088 TRACE org.hibernate.orm.jdbc.bind - binding parameter (21:VARCHAR) <- [WAITING]
2026-02-13 16:07:40.088 TRACE org.hibernate.orm.jdbc.bind - binding parameter (22:TIMESTAMP) <- [2026-02-13T16:07:40.066013]
2026-02-13 16:07:40.089 TRACE org.hibernate.orm.jdbc.bind - binding parameter (23:BIGINT) <- [null]
2026-02-13 16:07:40.090 TRACE org.hibernate.orm.jdbc.bind - binding parameter (24:VARCHAR) <- [입원]
2026-02-13 16:07:40.090 TRACE org.hibernate.orm.jdbc.bind - binding parameter (25:BIGINT) <- [5]
2026-02-13 16:07:40.107 INFO  k.co.seoulit.common.aop.LoggerAspect - Controller  : kr.co.seoulit.reception.controller.ReceptionController.updateReception()종료
2026-02-13 16:07:40.180 INFO  k.co.seoulit.common.aop.LoggerAspect - Controller  : kr.co.seoulit.reception.controller.MenuController.getMenus()시작
2026-02-13 16:07:40.180 INFO  k.co.seoulit.common.aop.LoggerAspect - Controller  : kr.co.seoulit.reception.controller.MenuController.getMenus()종료
2026-02-13 16:07:40.226 INFO  k.co.seoulit.common.aop.LoggerAspect - Controller  : kr.co.seoulit.reception.controller.MenuController.getMenus()시작
2026-02-13 16:07:40.227 INFO  k.co.seoulit.common.aop.LoggerAspect - Controller  : kr.co.seoulit.reception.controller.MenuController.getMenus()종료
2026-02-13 16:07:40.267 DEBUG org.hibernate.SQL - select ale1_0.audit_log_id,ale1_0.action,ale1_0.actor_id,ale1_0.after_json,ale1_0.before_json,ale1_0.diff_json,ale1_0.entity_id,ale1_0.entity_type,ale1_0.occurred_at,ale1_0.reason_code,ale1_0.reason_text from audit_log ale1_0 where ale1_0.entity_type=? and ale1_0.entity_id=? order by ale1_0.occurred_at desc
2026-02-13 16:07:40.268 TRACE org.hibernate.orm.jdbc.bind - binding parameter (1:VARCHAR) <- [RECEPTION]
2026-02-13 16:07:40.271 TRACE org.hibernate.orm.jdbc.bind - binding parameter (2:BIGINT) <- [5]
2026-02-13 16:07:40.291 INFO  k.co.seoulit.common.aop.LoggerAspect - Controller  : kr.co.seoulit.reception.controller.ReceptionController.getStatusHistory()시작
2026-02-13 16:07:40.305 INFO  k.co.seoulit.common.aop.LoggerAspect - Controller  : kr.co.seoulit.reception.controller.ReceptionController.getReception()시작
2026-02-13 16:07:40.308 INFO  k.c.s.r.c.ReceptionController - 접수 조회 요청: id=5
2026-02-13 16:07:40.358 INFO  k.co.seoulit.common.aop.LoggerAspect - Controller  : kr.co.seoulit.reception.controller.ReceptionController.getReceptions()시작
2026-02-13 16:07:40.371 INFO  k.c.s.r.c.ReceptionController - 접수 목록 요청: searchType=null, searchValue=null
2026-02-13 16:07:40.470 INFO  k.co.seoulit.common.aop.LoggerAspect - ServiceImpl  : kr.co.seoulit.reception.service.ReceptionServiceImpl.getReceptionStatusHistory()시작
2026-02-13 16:07:40.513 DEBUG org.hibernate.SQL - select rshe1_0.status_history_id,rshe1_0.changed_at,rshe1_0.changed_by,rshe1_0.from_status,rshe1_0.reason_code,rshe1_0.reason_text,rshe1_0.reception_id,rshe1_0.to_status from reception_status_history rshe1_0 where rshe1_0.reception_id=? order by rshe1_0.changed_at
2026-02-13 16:07:40.517 INFO  k.co.seoulit.common.aop.LoggerAspect - ServiceImpl  : kr.co.seoulit.reception.service.ReceptionServiceImpl.getReception()시작
2026-02-13 16:07:40.524 DEBUG org.hibernate.SQL - select re1_0.reception_id,re1_0.arrived_at,re1_0.cancel_reason_code,re1_0.cancel_reason_text,re1_0.created_at,re1_0.created_by,re1_0.department_id,re1_0.department_name,re1_0.doctor_id,re1_0.doctor_name,re1_0.hold_reason_code,re1_0.hold_reason_text,re1_0.inactive_at,re1_0.inactive_reason_code,re1_0.inactive_reason_text,re1_0.is_active,re1_0.note,re1_0.patient_id,re1_0.patient_name,re1_0.reception_no,re1_0.reservation_id,re1_0.scheduled_at,re1_0.status,re1_0.updated_at,re1_0.updated_by,re1_0.visit_type from reception re1_0 where re1_0.reception_id=?
2026-02-13 16:07:40.531 INFO  k.co.seoulit.common.aop.LoggerAspect - ServiceImpl  : kr.co.seoulit.reception.service.ReceptionServiceImpl.getReceptionList()시작
2026-02-13 16:07:40.525 TRACE org.hibernate.orm.jdbc.bind - binding parameter (1:BIGINT) <- [5]
2026-02-13 16:07:40.532 TRACE org.hibernate.orm.jdbc.bind - binding parameter (1:BIGINT) <- [5]
2026-02-13 16:07:40.554 DEBUG org.hibernate.SQL - select ale1_0.audit_log_id,ale1_0.action,ale1_0.actor_id,ale1_0.after_json,ale1_0.before_json,ale1_0.diff_json,ale1_0.entity_id,ale1_0.entity_type,ale1_0.occurred_at,ale1_0.reason_code,ale1_0.reason_text from audit_log ale1_0 where ale1_0.entity_type=? and ale1_0.entity_id=? order by ale1_0.occurred_at desc
2026-02-13 16:07:40.558 INFO  k.co.seoulit.common.aop.LoggerAspect - kr.co.seoulit.reception.mapstruct.ReceptionResMapStructImpl.toDto()시작
2026-02-13 16:07:40.558 INFO  k.co.seoulit.common.aop.LoggerAspect - kr.co.seoulit.reception.mapstruct.ReceptionResMapStructImpl.toDto()종료
2026-02-13 16:07:40.559 INFO  k.co.seoulit.common.aop.LoggerAspect - ServiceImpl  : kr.co.seoulit.reception.service.ReceptionServiceImpl.getReception()종료
2026-02-13 16:07:40.556 TRACE org.hibernate.orm.jdbc.bind - binding parameter (1:VARCHAR) <- [RECEPTION]
2026-02-13 16:07:40.562 TRACE org.hibernate.orm.jdbc.bind - binding parameter (2:BIGINT) <- [5]
2026-02-13 16:07:40.561 INFO  k.co.seoulit.common.aop.LoggerAspect - ServiceImpl  : kr.co.seoulit.reception.service.ReceptionServiceImpl.getReceptionStatusHistory()종료
2026-02-13 16:07:40.564 INFO  k.co.seoulit.common.aop.LoggerAspect - Controller  : kr.co.seoulit.reception.controller.ReceptionController.getReception()종료
2026-02-13 16:07:40.566 INFO  k.co.seoulit.common.aop.LoggerAspect - ServiceImpl  : kr.co.seoulit.reception.service.ReceptionServiceImpl.getReceptionList()종료
2026-02-13 16:07:40.573 INFO  k.co.seoulit.common.aop.LoggerAspect - Controller  : kr.co.seoulit.reception.controller.ReceptionController.getStatusHistory()종료
2026-02-13 16:07:40.580 INFO  k.co.seoulit.common.aop.LoggerAspect - Controller  : kr.co.seoulit.reception.controller.ReceptionController.getReceptions()종료
2026-02-13 16:07:40.591 INFO  k.co.seoulit.common.aop.LoggerAspect - Controller  : kr.co.seoulit.reception.controller.ReceptionController.getReception()시작
2026-02-13 16:07:40.591 INFO  k.c.s.r.c.ReceptionController - 접수 조회 요청: id=5
2026-02-13 16:07:40.591 INFO  k.co.seoulit.common.aop.LoggerAspect - ServiceImpl  : kr.co.seoulit.reception.service.ReceptionServiceImpl.getReception()시작
2026-02-13 16:07:40.598 INFO  k.co.seoulit.common.aop.LoggerAspect - Controller  : kr.co.seoulit.reception.controller.ReceptionController.getStatusHistory()시작
2026-02-13 16:07:40.598 DEBUG org.hibernate.SQL - select re1_0.reception_id,re1_0.arrived_at,re1_0.cancel_reason_code,re1_0.cancel_reason_text,re1_0.created_at,re1_0.created_by,re1_0.department_id,re1_0.department_name,re1_0.doctor_id,re1_0.doctor_name,re1_0.hold_reason_code,re1_0.hold_reason_text,re1_0.inactive_at,re1_0.inactive_reason_code,re1_0.inactive_reason_text,re1_0.is_active,re1_0.note,re1_0.patient_id,re1_0.patient_name,re1_0.reception_no,re1_0.reservation_id,re1_0.scheduled_at,re1_0.status,re1_0.updated_at,re1_0.updated_by,re1_0.visit_type from reception re1_0 where re1_0.reception_id=?
2026-02-13 16:07:40.599 TRACE org.hibernate.orm.jdbc.bind - binding parameter (1:BIGINT) <- [5]
2026-02-13 16:07:40.603 INFO  k.co.seoulit.common.aop.LoggerAspect - ServiceImpl  : kr.co.seoulit.reception.service.ReceptionServiceImpl.getReceptionStatusHistory()시작
2026-02-13 16:07:40.607 INFO  k.co.seoulit.common.aop.LoggerAspect - kr.co.seoulit.reception.mapstruct.ReceptionResMapStructImpl.toDto()시작
2026-02-13 16:07:40.607 INFO  k.co.seoulit.common.aop.LoggerAspect - kr.co.seoulit.reception.mapstruct.ReceptionResMapStructImpl.toDto()종료
2026-02-13 16:07:40.607 INFO  k.co.seoulit.common.aop.LoggerAspect - ServiceImpl  : kr.co.seoulit.reception.service.ReceptionServiceImpl.getReception()종료
2026-02-13 16:07:40.613 DEBUG org.hibernate.SQL - select rshe1_0.status_history_id,rshe1_0.changed_at,rshe1_0.changed_by,rshe1_0.from_status,rshe1_0.reason_code,rshe1_0.reason_text,rshe1_0.reception_id,rshe1_0.to_status from reception_status_history rshe1_0 where rshe1_0.reception_id=? order by rshe1_0.changed_at
2026-02-13 16:07:40.615 TRACE org.hibernate.orm.jdbc.bind - binding parameter (1:BIGINT) <- [5]
2026-02-13 16:07:40.621 INFO  k.co.seoulit.common.aop.LoggerAspect - Controller  : kr.co.seoulit.reception.controller.ReceptionController.getReception()종료
2026-02-13 16:07:40.623 INFO  k.co.seoulit.common.aop.LoggerAspect - ServiceImpl  : kr.co.seoulit.reception.service.ReceptionServiceImpl.getReceptionStatusHistory()종료
2026-02-13 16:07:40.628 INFO  k.co.seoulit.common.aop.LoggerAspect - Controller  : kr.co.seoulit.reception.controller.ReceptionController.getStatusHistory()종료
2026-02-13 16:07:43.386 INFO  k.co.seoulit.common.aop.LoggerAspect - Controller  : kr.co.seoulit.reception.controller.MenuController.getMenus()시작
2026-02-13 16:07:43.387 INFO  k.co.seoulit.common.aop.LoggerAspect - Controller  : kr.co.seoulit.reception.controller.MenuController.getMenus()종료
2026-02-13 16:07:43.398 INFO  k.co.seoulit.common.aop.LoggerAspect - Controller  : kr.co.seoulit.reception.controller.MenuController.getMenus()시작
2026-02-13 16:07:43.398 INFO  k.co.seoulit.common.aop.LoggerAspect - Controller  : kr.co.seoulit.reception.controller.MenuController.getMenus()종료
2026-02-13 16:07:43.418 INFO  k.co.seoulit.common.aop.LoggerAspect - Controller  : kr.co.seoulit.reception.controller.ReceptionController.getReceptions()시작
2026-02-13 16:07:43.418 INFO  k.co.seoulit.common.aop.LoggerAspect - Controller  : kr.co.seoulit.reception.controller.ReceptionController.getReceptions()시작
2026-02-13 16:07:43.419 INFO  k.c.s.r.c.ReceptionController - 접수 목록 요청: searchType=null, searchValue=null
2026-02-13 16:07:43.420 INFO  k.c.s.r.c.ReceptionController - 접수 목록 요청: searchType=null, searchValue=null
2026-02-13 16:07:43.435 INFO  k.co.seoulit.common.aop.LoggerAspect - ServiceImpl  : kr.co.seoulit.reception.service.ReceptionServiceImpl.getReceptionList()시작
2026-02-13 16:07:43.436 INFO  k.co.seoulit.common.aop.LoggerAspect - ServiceImpl  : kr.co.seoulit.reception.service.ReceptionServiceImpl.getReceptionList()시작
2026-02-13 16:07:43.451 INFO  k.co.seoulit.common.aop.LoggerAspect - ServiceImpl  : kr.co.seoulit.reception.service.ReceptionServiceImpl.getReceptionList()종료
2026-02-13 16:07:43.455 INFO  k.co.seoulit.common.aop.LoggerAspect - ServiceImpl  : kr.co.seoulit.reception.service.ReceptionServiceImpl.getReceptionList()종료
2026-02-13 16:07:43.458 INFO  k.co.seoulit.common.aop.LoggerAspect - Controller  : kr.co.seoulit.reception.controller.ReceptionController.getReceptions()종료
2026-02-13 16:07:43.464 INFO  k.co.seoulit.common.aop.LoggerAspect - Controller  : kr.co.seoulit.reception.controller.ReceptionController.getReceptions()종료
2026-02-13 16:08:36.623 INFO  k.co.seoulit.common.aop.LoggerAspect - Controller  : kr.co.seoulit.reception.controller.ReceptionController.getReceptions()시작
2026-02-13 16:08:36.623 INFO  k.c.s.r.c.ReceptionController - 접수 목록 요청: searchType=null, searchValue=null
2026-02-13 16:08:36.653 INFO  k.co.seoulit.common.aop.LoggerAspect - ServiceImpl  : kr.co.seoulit.reception.service.ReceptionServiceImpl.getReceptionList()시작
2026-02-13 16:08:36.639 INFO  k.co.seoulit.common.aop.LoggerAspect - Controller  : kr.co.seoulit.reception.controller.MenuController.getMenus()시작
2026-02-13 16:08:36.656 INFO  k.co.seoulit.common.aop.LoggerAspect - Controller  : kr.co.seoulit.reception.controller.MenuController.getMenus()종료
2026-02-13 16:08:36.719 INFO  k.co.seoulit.common.aop.LoggerAspect - ServiceImpl  : kr.co.seoulit.reception.service.ReceptionServiceImpl.getReceptionList()종료
2026-02-13 16:08:36.757 INFO  k.co.seoulit.common.aop.LoggerAspect - Controller  : kr.co.seoulit.reception.controller.ReceptionController.getReceptions()종료
2026-02-13 16:09:16.630 INFO  k.co.seoulit.common.aop.LoggerAspect - Controller  : kr.co.seoulit.reception.controller.ReceptionController.getReceptions()시작
2026-02-13 16:09:16.630 INFO  k.c.s.r.c.ReceptionController - 접수 목록 요청: searchType=status, searchValue=COMPLETED
2026-02-13 16:09:16.653 INFO  k.co.seoulit.common.aop.LoggerAspect - Controller  : kr.co.seoulit.reception.controller.MenuController.getMenus()시작
2026-02-13 16:09:16.654 INFO  k.co.seoulit.common.aop.LoggerAspect - Controller  : kr.co.seoulit.reception.controller.MenuController.getMenus()종료
2026-02-13 16:09:16.677 INFO  k.co.seoulit.common.aop.LoggerAspect - Controller  : kr.co.seoulit.reception.controller.MenuController.getMenus()시작
2026-02-13 16:09:16.677 INFO  k.co.seoulit.common.aop.LoggerAspect - Controller  : kr.co.seoulit.reception.controller.MenuController.getMenus()종료
2026-02-13 16:09:16.685 INFO  k.co.seoulit.common.aop.LoggerAspect - ServiceImpl  : kr.co.seoulit.reception.service.ReceptionServiceImpl.getReceptionList()시작
2026-02-13 16:09:16.706 INFO  k.co.seoulit.common.aop.LoggerAspect - ServiceImpl  : kr.co.seoulit.reception.service.ReceptionServiceImpl.getReceptionList()종료
2026-02-13 16:09:16.716 INFO  k.co.seoulit.common.aop.LoggerAspect - Controller  : kr.co.seoulit.reception.controller.ReceptionController.getReceptions()종료
2026-02-13 16:09:16.773 INFO  k.co.seoulit.common.aop.LoggerAspect - Controller  : kr.co.seoulit.reception.controller.ReceptionController.getReceptions()시작
2026-02-13 16:09:16.774 INFO  k.c.s.r.c.ReceptionController - 접수 목록 요청: searchType=status, searchValue=COMPLETED
2026-02-13 16:09:16.798 INFO  k.co.seoulit.common.aop.LoggerAspect - ServiceImpl  : kr.co.seoulit.reception.service.ReceptionServiceImpl.getReceptionList()시작
2026-02-13 16:09:16.812 INFO  k.co.seoulit.common.aop.LoggerAspect - ServiceImpl  : kr.co.seoulit.reception.service.ReceptionServiceImpl.getReceptionList()종료
2026-02-13 16:09:16.820 INFO  k.co.seoulit.common.aop.LoggerAspect - Controller  : kr.co.seoulit.reception.controller.ReceptionController.getReceptions()종료
2026-02-13 16:09:17.202 INFO  k.co.seoulit.common.aop.LoggerAspect - Controller  : kr.co.seoulit.reception.controller.ReceptionController.getReception()시작
2026-02-13 16:09:17.202 INFO  k.c.s.r.c.ReceptionController - 접수 조회 요청: id=7
2026-02-13 16:09:17.203 INFO  k.co.seoulit.common.aop.LoggerAspect - ServiceImpl  : kr.co.seoulit.reception.service.ReceptionServiceImpl.getReception()시작
2026-02-13 16:09:17.204 DEBUG org.hibernate.SQL - select re1_0.reception_id,re1_0.arrived_at,re1_0.cancel_reason_code,re1_0.cancel_reason_text,re1_0.created_at,re1_0.created_by,re1_0.department_id,re1_0.department_name,re1_0.doctor_id,re1_0.doctor_name,re1_0.hold_reason_code,re1_0.hold_reason_text,re1_0.inactive_at,re1_0.inactive_reason_code,re1_0.inactive_reason_text,re1_0.is_active,re1_0.note,re1_0.patient_id,re1_0.patient_name,re1_0.reception_no,re1_0.reservation_id,re1_0.scheduled_at,re1_0.status,re1_0.updated_at,re1_0.updated_by,re1_0.visit_type from reception re1_0 where re1_0.reception_id=?
2026-02-13 16:09:17.205 TRACE org.hibernate.orm.jdbc.bind - binding parameter (1:BIGINT) <- [7]
2026-02-13 16:09:17.215 INFO  k.co.seoulit.common.aop.LoggerAspect - kr.co.seoulit.reception.mapstruct.ReceptionResMapStructImpl.toDto()시작
2026-02-13 16:09:17.215 INFO  k.co.seoulit.common.aop.LoggerAspect - kr.co.seoulit.reception.mapstruct.ReceptionResMapStructImpl.toDto()종료
2026-02-13 16:09:17.215 INFO  k.co.seoulit.common.aop.LoggerAspect - ServiceImpl  : kr.co.seoulit.reception.service.ReceptionServiceImpl.getReception()종료
2026-02-13 16:09:17.223 INFO  k.co.seoulit.common.aop.LoggerAspect - Controller  : kr.co.seoulit.reception.controller.ReceptionController.getReception()종료
2026-02-13 16:09:22.934 INFO  k.co.seoulit.common.aop.LoggerAspect - Controller  : kr.co.seoulit.reception.controller.MenuController.getMenus()시작
2026-02-13 16:09:22.934 INFO  k.co.seoulit.common.aop.LoggerAspect - Controller  : kr.co.seoulit.reception.controller.MenuController.getMenus()종료
2026-02-13 16:09:22.944 INFO  k.co.seoulit.common.aop.LoggerAspect - Controller  : kr.co.seoulit.reception.controller.MenuController.getMenus()시작
2026-02-13 16:09:22.944 INFO  k.co.seoulit.common.aop.LoggerAspect - Controller  : kr.co.seoulit.reception.controller.MenuController.getMenus()종료
2026-02-13 16:09:22.968 INFO  k.co.seoulit.common.aop.LoggerAspect - Controller  : kr.co.seoulit.reception.controller.ReservationController.getReservations()시작
2026-02-13 16:09:22.968 INFO  k.c.s.r.c.ReservationController - 예약 목록 요청: searchType=null, searchValue=null
2026-02-13 16:09:22.981 INFO  k.co.seoulit.common.aop.LoggerAspect - ServiceImpl  : kr.co.seoulit.reception.service.ReservationServiceImpl.getReservationList()시작
2026-02-13 16:09:23.013 INFO  k.co.seoulit.common.aop.LoggerAspect - ServiceImpl  : kr.co.seoulit.reception.service.ReservationServiceImpl.getReservationList()종료
2026-02-13 16:09:23.019 INFO  k.co.seoulit.common.aop.LoggerAspect - Controller  : kr.co.seoulit.reception.controller.ReservationController.getReservations()종료
2026-02-13 16:09:23.056 INFO  k.co.seoulit.common.aop.LoggerAspect - Controller  : kr.co.seoulit.reception.controller.ReservationController.getReservations()시작
2026-02-13 16:09:23.056 INFO  k.c.s.r.c.ReservationController - 예약 목록 요청: searchType=null, searchValue=null
2026-02-13 16:09:23.072 INFO  k.co.seoulit.common.aop.LoggerAspect - ServiceImpl  : kr.co.seoulit.reception.service.ReservationServiceImpl.getReservationList()시작
2026-02-13 16:09:23.087 INFO  k.co.seoulit.common.aop.LoggerAspect - ServiceImpl  : kr.co.seoulit.reception.service.ReservationServiceImpl.getReservationList()종료
2026-02-13 16:09:23.102 INFO  k.co.seoulit.common.aop.LoggerAspect - Controller  : kr.co.seoulit.reception.controller.ReservationController.getReservations()종료
2026-02-13 16:09:32.693 INFO  k.co.seoulit.common.aop.LoggerAspect - Controller  : kr.co.seoulit.reception.controller.MenuController.getMenus()시작
2026-02-13 16:09:32.694 INFO  k.co.seoulit.common.aop.LoggerAspect - Controller  : kr.co.seoulit.reception.controller.MenuController.getMenus()종료
2026-02-13 16:09:32.702 INFO  k.co.seoulit.common.aop.LoggerAspect - Controller  : kr.co.seoulit.reception.controller.MenuController.getMenus()시작
2026-02-13 16:09:32.703 INFO  k.co.seoulit.common.aop.LoggerAspect - Controller  : kr.co.seoulit.reception.controller.MenuController.getMenus()종료
2026-02-13 16:09:32.703 INFO  k.co.seoulit.common.aop.LoggerAspect - Controller  : kr.co.seoulit.reception.controller.ReservationController.getReservation()시작
2026-02-13 16:09:32.704 INFO  k.c.s.r.c.ReservationController - 예약 조회 요청: id=1
2026-02-13 16:09:32.714 INFO  k.co.seoulit.common.aop.LoggerAspect - ServiceImpl  : kr.co.seoulit.reception.service.ReservationServiceImpl.getReservation()시작
2026-02-13 16:09:32.718 DEBUG org.hibernate.SQL - select re1_0.reservation_id,re1_0.cancel_reason_code,re1_0.cancel_reason_text,re1_0.canceled_at,re1_0.created_at,re1_0.created_by,re1_0.department_id,re1_0.department_name,re1_0.doctor_id,re1_0.doctor_name,re1_0.inactive_at,re1_0.inactive_reason_code,re1_0.inactive_reason_text,re1_0.is_active,re1_0.note,re1_0.patient_id,re1_0.patient_name,re1_0.reservation_no,re1_0.reserved_at,re1_0.status,re1_0.updated_at,re1_0.updated_by from reservation re1_0 where re1_0.reservation_id=?
2026-02-13 16:09:32.719 TRACE org.hibernate.orm.jdbc.bind - binding parameter (1:BIGINT) <- [1]
2026-02-13 16:09:32.739 INFO  k.co.seoulit.common.aop.LoggerAspect - kr.co.seoulit.reception.mapstruct.ReservationResMapStructImpl.toDto()시작
2026-02-13 16:09:32.739 INFO  k.co.seoulit.common.aop.LoggerAspect - kr.co.seoulit.reception.mapstruct.ReservationResMapStructImpl.toDto()종료
2026-02-13 16:09:32.739 INFO  k.co.seoulit.common.aop.LoggerAspect - ServiceImpl  : kr.co.seoulit.reception.service.ReservationServiceImpl.getReservation()종료
2026-02-13 16:09:32.748 INFO  k.co.seoulit.common.aop.LoggerAspect - Controller  : kr.co.seoulit.reception.controller.ReservationController.getReservation()종료
2026-02-13 16:09:32.772 INFO  k.co.seoulit.common.aop.LoggerAspect - Controller  : kr.co.seoulit.reception.controller.ReservationController.getReservation()시작
2026-02-13 16:09:32.772 INFO  k.c.s.r.c.ReservationController - 예약 조회 요청: id=1
2026-02-13 16:09:32.783 INFO  k.co.seoulit.common.aop.LoggerAspect - ServiceImpl  : kr.co.seoulit.reception.service.ReservationServiceImpl.getReservation()시작
2026-02-13 16:09:32.784 DEBUG org.hibernate.SQL - select re1_0.reservation_id,re1_0.cancel_reason_code,re1_0.cancel_reason_text,re1_0.canceled_at,re1_0.created_at,re1_0.created_by,re1_0.department_id,re1_0.department_name,re1_0.doctor_id,re1_0.doctor_name,re1_0.inactive_at,re1_0.inactive_reason_code,re1_0.inactive_reason_text,re1_0.is_active,re1_0.note,re1_0.patient_id,re1_0.patient_name,re1_0.reservation_no,re1_0.reserved_at,re1_0.status,re1_0.updated_at,re1_0.updated_by from reservation re1_0 where re1_0.reservation_id=?
2026-02-13 16:09:32.786 TRACE org.hibernate.orm.jdbc.bind - binding parameter (1:BIGINT) <- [1]
2026-02-13 16:09:32.794 INFO  k.co.seoulit.common.aop.LoggerAspect - kr.co.seoulit.reception.mapstruct.ReservationResMapStructImpl.toDto()시작
2026-02-13 16:09:32.794 INFO  k.co.seoulit.common.aop.LoggerAspect - kr.co.seoulit.reception.mapstruct.ReservationResMapStructImpl.toDto()종료
2026-02-13 16:09:32.794 INFO  k.co.seoulit.common.aop.LoggerAspect - ServiceImpl  : kr.co.seoulit.reception.service.ReservationServiceImpl.getReservation()종료
2026-02-13 16:09:32.801 INFO  k.co.seoulit.common.aop.LoggerAspect - Controller  : kr.co.seoulit.reception.controller.ReservationController.getReservation()종료
2026-02-13 16:09:34.896 INFO  k.co.seoulit.common.aop.LoggerAspect - Controller  : kr.co.seoulit.reception.controller.MenuController.getMenus()시작
2026-02-13 16:09:34.896 INFO  k.co.seoulit.common.aop.LoggerAspect - Controller  : kr.co.seoulit.reception.controller.MenuController.getMenus()종료
2026-02-13 16:09:34.918 INFO  k.co.seoulit.common.aop.LoggerAspect - Controller  : kr.co.seoulit.reception.controller.MenuController.getMenus()시작
2026-02-13 16:09:34.918 INFO  k.co.seoulit.common.aop.LoggerAspect - Controller  : kr.co.seoulit.reception.controller.MenuController.getMenus()종료
2026-02-13 16:09:34.928 INFO  k.co.seoulit.common.aop.LoggerAspect - Controller  : kr.co.seoulit.reception.controller.ReservationController.getReservations()시작
2026-02-13 16:09:34.929 INFO  k.c.s.r.c.ReservationController - 예약 목록 요청: searchType=null, searchValue=null
2026-02-13 16:09:34.936 INFO  k.co.seoulit.common.aop.LoggerAspect - ServiceImpl  : kr.co.seoulit.reception.service.ReservationServiceImpl.getReservationList()시작
2026-02-13 16:09:34.946 INFO  k.co.seoulit.common.aop.LoggerAspect - ServiceImpl  : kr.co.seoulit.reception.service.ReservationServiceImpl.getReservationList()종료
2026-02-13 16:09:34.956 INFO  k.co.seoulit.common.aop.LoggerAspect - Controller  : kr.co.seoulit.reception.controller.ReservationController.getReservations()종료
2026-02-13 16:09:34.984 INFO  k.co.seoulit.common.aop.LoggerAspect - Controller  : kr.co.seoulit.reception.controller.ReservationController.getReservations()시작
2026-02-13 16:09:34.986 INFO  k.c.s.r.c.ReservationController - 예약 목록 요청: searchType=null, searchValue=null
2026-02-13 16:09:35.002 INFO  k.co.seoulit.common.aop.LoggerAspect - ServiceImpl  : kr.co.seoulit.reception.service.ReservationServiceImpl.getReservationList()시작
2026-02-13 16:09:35.019 INFO  k.co.seoulit.common.aop.LoggerAspect - ServiceImpl  : kr.co.seoulit.reception.service.ReservationServiceImpl.getReservationList()종료
2026-02-13 16:09:35.026 INFO  k.co.seoulit.common.aop.LoggerAspect - Controller  : kr.co.seoulit.reception.controller.ReservationController.getReservations()종료
2026-02-13 16:09:38.520 INFO  k.co.seoulit.common.aop.LoggerAspect - Controller  : kr.co.seoulit.reception.controller.MenuController.getMenus()시작
2026-02-13 16:09:38.571 INFO  k.co.seoulit.common.aop.LoggerAspect - Controller  : kr.co.seoulit.reception.controller.MenuController.getMenus()종료
2026-02-13 16:09:38.575 INFO  k.co.seoulit.common.aop.LoggerAspect - Controller  : kr.co.seoulit.reception.controller.ReservationController.getReservations()시작
2026-02-13 16:09:38.575 INFO  k.c.s.r.c.ReservationController - 예약 목록 요청: searchType=status, searchValue=CANCELED
2026-02-13 16:09:38.624 INFO  k.co.seoulit.common.aop.LoggerAspect - Controller  : kr.co.seoulit.reception.controller.MenuController.getMenus()시작
2026-02-13 16:09:38.626 INFO  k.co.seoulit.common.aop.LoggerAspect - Controller  : kr.co.seoulit.reception.controller.MenuController.getMenus()종료
2026-02-13 16:09:38.644 INFO  k.co.seoulit.common.aop.LoggerAspect - ServiceImpl  : kr.co.seoulit.reception.service.ReservationServiceImpl.getReservationList()시작
2026-02-13 16:09:38.704 INFO  k.co.seoulit.common.aop.LoggerAspect - ServiceImpl  : kr.co.seoulit.reception.service.ReservationServiceImpl.getReservationList()종료
2026-02-13 16:09:38.714 INFO  k.co.seoulit.common.aop.LoggerAspect - Controller  : kr.co.seoulit.reception.controller.ReservationController.getReservations()종료
2026-02-13 16:09:38.743 INFO  k.co.seoulit.common.aop.LoggerAspect - Controller  : kr.co.seoulit.reception.controller.ReservationController.getReservations()시작
2026-02-13 16:09:38.747 INFO  k.c.s.r.c.ReservationController - 예약 목록 요청: searchType=status, searchValue=CANCELED
2026-02-13 16:09:38.778 INFO  k.co.seoulit.common.aop.LoggerAspect - ServiceImpl  : kr.co.seoulit.reception.service.ReservationServiceImpl.getReservationList()시작
2026-02-13 16:09:38.792 INFO  k.co.seoulit.common.aop.LoggerAspect - ServiceImpl  : kr.co.seoulit.reception.service.ReservationServiceImpl.getReservationList()종료
2026-02-13 16:09:38.804 INFO  k.co.seoulit.common.aop.LoggerAspect - Controller  : kr.co.seoulit.reception.controller.ReservationController.getReservations()종료
2026-02-13 16:09:40.747 INFO  k.co.seoulit.common.aop.LoggerAspect - Controller  : kr.co.seoulit.reception.controller.MenuController.getMenus()시작
2026-02-13 16:09:40.747 INFO  k.co.seoulit.common.aop.LoggerAspect - Controller  : kr.co.seoulit.reception.controller.MenuController.getMenus()종료
2026-02-13 16:09:40.755 INFO  k.co.seoulit.common.aop.LoggerAspect - Controller  : kr.co.seoulit.reception.controller.MenuController.getMenus()시작
2026-02-13 16:09:40.758 INFO  k.co.seoulit.common.aop.LoggerAspect - Controller  : kr.co.seoulit.reception.controller.ReservationController.getReservations()시작
2026-02-13 16:09:41.356 INFO  k.c.s.r.c.ReservationController - 예약 목록 요청: searchType=null, searchValue=null
2026-02-13 16:09:41.356 INFO  k.co.seoulit.common.aop.LoggerAspect - Controller  : kr.co.seoulit.reception.controller.MenuController.getMenus()종료
2026-02-13 16:09:41.365 INFO  k.co.seoulit.common.aop.LoggerAspect - ServiceImpl  : kr.co.seoulit.reception.service.ReservationServiceImpl.getReservationList()시작
2026-02-13 16:09:41.377 INFO  k.co.seoulit.common.aop.LoggerAspect - ServiceImpl  : kr.co.seoulit.reception.service.ReservationServiceImpl.getReservationList()종료
2026-02-13 16:09:41.387 INFO  k.co.seoulit.common.aop.LoggerAspect - Controller  : kr.co.seoulit.reception.controller.ReservationController.getReservations()종료
2026-02-13 16:09:41.491 INFO  k.co.seoulit.common.aop.LoggerAspect - Controller  : kr.co.seoulit.reception.controller.ReservationController.getReservations()시작
2026-02-13 16:09:41.724 INFO  k.c.s.r.c.ReservationController - 예약 목록 요청: searchType=null, searchValue=null
2026-02-13 16:09:41.725 INFO  k.co.seoulit.common.aop.LoggerAspect - ServiceImpl  : kr.co.seoulit.reception.service.ReservationServiceImpl.getReservationList()시작
2026-02-13 16:09:41.735 INFO  k.co.seoulit.common.aop.LoggerAspect - ServiceImpl  : kr.co.seoulit.reception.service.ReservationServiceImpl.getReservationList()종료
2026-02-13 16:09:41.852 INFO  k.co.seoulit.common.aop.LoggerAspect - Controller  : kr.co.seoulit.reception.controller.ReservationController.getReservations()종료
2026-02-13 16:09:46.960 INFO  k.co.seoulit.common.aop.LoggerAspect - Controller  : kr.co.seoulit.reception.controller.MenuController.getMenus()시작
2026-02-13 16:09:46.992 INFO  k.co.seoulit.common.aop.LoggerAspect - Controller  : kr.co.seoulit.reception.controller.ReservationController.getReservation()시작
2026-02-13 16:09:51.452 INFO  k.c.s.r.c.ReservationController - 예약 조회 요청: id=4
2026-02-13 16:09:51.452 INFO  k.co.seoulit.common.aop.LoggerAspect - Controller  : kr.co.seoulit.reception.controller.MenuController.getMenus()종료
2026-02-13 16:09:51.458 INFO  k.co.seoulit.common.aop.LoggerAspect - Controller  : kr.co.seoulit.reception.controller.MenuController.getMenus()시작
2026-02-13 16:09:51.459 INFO  k.co.seoulit.common.aop.LoggerAspect - Controller  : kr.co.seoulit.reception.controller.MenuController.getMenus()종료
2026-02-13 16:09:51.466 INFO  k.co.seoulit.common.aop.LoggerAspect - ServiceImpl  : kr.co.seoulit.reception.service.ReservationServiceImpl.getReservation()시작
2026-02-13 16:09:51.468 DEBUG org.hibernate.SQL - select re1_0.reservation_id,re1_0.cancel_reason_code,re1_0.cancel_reason_text,re1_0.canceled_at,re1_0.created_at,re1_0.created_by,re1_0.department_id,re1_0.department_name,re1_0.doctor_id,re1_0.doctor_name,re1_0.inactive_at,re1_0.inactive_reason_code,re1_0.inactive_reason_text,re1_0.is_active,re1_0.note,re1_0.patient_id,re1_0.patient_name,re1_0.reservation_no,re1_0.reserved_at,re1_0.status,re1_0.updated_at,re1_0.updated_by from reservation re1_0 where re1_0.reservation_id=?
2026-02-13 16:09:51.469 TRACE org.hibernate.orm.jdbc.bind - binding parameter (1:BIGINT) <- [4]
2026-02-13 16:09:51.475 INFO  k.co.seoulit.common.aop.LoggerAspect - kr.co.seoulit.reception.mapstruct.ReservationResMapStructImpl.toDto()시작
2026-02-13 16:09:51.476 INFO  k.co.seoulit.common.aop.LoggerAspect - kr.co.seoulit.reception.mapstruct.ReservationResMapStructImpl.toDto()종료
2026-02-13 16:09:51.476 INFO  k.co.seoulit.common.aop.LoggerAspect - ServiceImpl  : kr.co.seoulit.reception.service.ReservationServiceImpl.getReservation()종료
2026-02-13 16:09:51.481 INFO  k.co.seoulit.common.aop.LoggerAspect - Controller  : kr.co.seoulit.reception.controller.ReservationController.getReservation()종료
2026-02-13 16:09:51.499 INFO  k.co.seoulit.common.aop.LoggerAspect - Controller  : kr.co.seoulit.reception.controller.ReservationController.getReservation()시작
2026-02-13 16:09:51.499 INFO  k.c.s.r.c.ReservationController - 예약 조회 요청: id=4
2026-02-13 16:09:51.514 INFO  k.co.seoulit.common.aop.LoggerAspect - ServiceImpl  : kr.co.seoulit.reception.service.ReservationServiceImpl.getReservation()시작
2026-02-13 16:09:51.517 DEBUG org.hibernate.SQL - select re1_0.reservation_id,re1_0.cancel_reason_code,re1_0.cancel_reason_text,re1_0.canceled_at,re1_0.created_at,re1_0.created_by,re1_0.department_id,re1_0.department_name,re1_0.doctor_id,re1_0.doctor_name,re1_0.inactive_at,re1_0.inactive_reason_code,re1_0.inactive_reason_text,re1_0.is_active,re1_0.note,re1_0.patient_id,re1_0.patient_name,re1_0.reservation_no,re1_0.reserved_at,re1_0.status,re1_0.updated_at,re1_0.updated_by from reservation re1_0 where re1_0.reservation_id=?
2026-02-13 16:09:51.519 TRACE org.hibernate.orm.jdbc.bind - binding parameter (1:BIGINT) <- [4]
2026-02-13 16:09:51.527 INFO  k.co.seoulit.common.aop.LoggerAspect - kr.co.seoulit.reception.mapstruct.ReservationResMapStructImpl.toDto()시작
2026-02-13 16:09:51.527 INFO  k.co.seoulit.common.aop.LoggerAspect - kr.co.seoulit.reception.mapstruct.ReservationResMapStructImpl.toDto()종료
2026-02-13 16:09:51.527 INFO  k.co.seoulit.common.aop.LoggerAspect - ServiceImpl  : kr.co.seoulit.reception.service.ReservationServiceImpl.getReservation()종료
2026-02-13 16:09:51.533 INFO  k.co.seoulit.common.aop.LoggerAspect - Controller  : kr.co.seoulit.reception.controller.ReservationController.getReservation()종료
2026-02-13 16:09:56.704 INFO  k.co.seoulit.common.aop.LoggerAspect - Controller  : kr.co.seoulit.reception.controller.MenuController.getMenus()시작
2026-02-13 16:09:56.704 INFO  k.co.seoulit.common.aop.LoggerAspect - Controller  : kr.co.seoulit.reception.controller.MenuController.getMenus()종료
2026-02-13 16:09:56.720 INFO  k.co.seoulit.common.aop.LoggerAspect - Controller  : kr.co.seoulit.reception.controller.MenuController.getMenus()시작
2026-02-13 16:09:56.722 INFO  k.co.seoulit.common.aop.LoggerAspect - Controller  : kr.co.seoulit.reception.controller.MenuController.getMenus()종료
2026-02-13 16:09:56.741 INFO  k.co.seoulit.common.aop.LoggerAspect - Controller  : kr.co.seoulit.reception.controller.PatientController.getPatients()시작
2026-02-13 16:09:56.743 INFO  k.co.seoulit.common.aop.LoggerAspect - Controller  : kr.co.seoulit.reception.controller.ReservationController.getReservation()시작
2026-02-13 16:09:56.744 INFO  k.c.s.r.c.ReservationController - 예약 조회 요청: id=4
2026-02-13 16:09:56.757 INFO  k.co.seoulit.common.aop.LoggerAspect - ServiceImpl  : kr.co.seoulit.reception.service.ReservationServiceImpl.getReservation()시작
2026-02-13 16:09:56.758 DEBUG org.hibernate.SQL - select re1_0.reservation_id,re1_0.cancel_reason_code,re1_0.cancel_reason_text,re1_0.canceled_at,re1_0.created_at,re1_0.created_by,re1_0.department_id,re1_0.department_name,re1_0.doctor_id,re1_0.doctor_name,re1_0.inactive_at,re1_0.inactive_reason_code,re1_0.inactive_reason_text,re1_0.is_active,re1_0.note,re1_0.patient_id,re1_0.patient_name,re1_0.reservation_no,re1_0.reserved_at,re1_0.status,re1_0.updated_at,re1_0.updated_by from reservation re1_0 where re1_0.reservation_id=?
2026-02-13 16:09:56.760 TRACE org.hibernate.orm.jdbc.bind - binding parameter (1:BIGINT) <- [4]
2026-02-13 16:09:56.771 INFO  k.co.seoulit.common.aop.LoggerAspect - kr.co.seoulit.reception.mapstruct.ReservationResMapStructImpl.toDto()시작
2026-02-13 16:09:56.772 INFO  k.co.seoulit.common.aop.LoggerAspect - kr.co.seoulit.reception.mapstruct.ReservationResMapStructImpl.toDto()종료
2026-02-13 16:09:56.772 INFO  k.co.seoulit.common.aop.LoggerAspect - ServiceImpl  : kr.co.seoulit.reception.service.ReservationServiceImpl.getReservation()종료
2026-02-13 16:09:56.773 DEBUG org.hibernate.SQL - select pe1_0.patient_id,pe1_0.patient_name from patient pe1_0
2026-02-13 16:09:56.787 INFO  k.co.seoulit.common.aop.LoggerAspect - Controller  : kr.co.seoulit.reception.controller.ReservationController.getReservation()종료
2026-02-13 16:09:56.817 INFO  k.co.seoulit.common.aop.LoggerAspect - Controller  : kr.co.seoulit.reception.controller.ReservationController.getReservation()시작
2026-02-13 16:09:56.817 INFO  k.c.s.r.c.ReservationController - 예약 조회 요청: id=4
2026-02-13 16:09:56.822 INFO  k.co.seoulit.common.aop.LoggerAspect - Controller  : kr.co.seoulit.reception.controller.PatientController.getPatients()종료
2026-02-13 16:09:56.852 INFO  k.co.seoulit.common.aop.LoggerAspect - ServiceImpl  : kr.co.seoulit.reception.service.ReservationServiceImpl.getReservation()시작
2026-02-13 16:09:56.854 DEBUG org.hibernate.SQL - select re1_0.reservation_id,re1_0.cancel_reason_code,re1_0.cancel_reason_text,re1_0.canceled_at,re1_0.created_at,re1_0.created_by,re1_0.department_id,re1_0.department_name,re1_0.doctor_id,re1_0.doctor_name,re1_0.inactive_at,re1_0.inactive_reason_code,re1_0.inactive_reason_text,re1_0.is_active,re1_0.note,re1_0.patient_id,re1_0.patient_name,re1_0.reservation_no,re1_0.reserved_at,re1_0.status,re1_0.updated_at,re1_0.updated_by from reservation re1_0 where re1_0.reservation_id=?
2026-02-13 16:09:56.857 INFO  k.co.seoulit.common.aop.LoggerAspect - Controller  : kr.co.seoulit.reception.controller.PatientController.getPatients()시작
2026-02-13 16:09:56.857 TRACE org.hibernate.orm.jdbc.bind - binding parameter (1:BIGINT) <- [4]
2026-02-13 16:09:56.866 DEBUG org.hibernate.SQL - select pe1_0.patient_id,pe1_0.patient_name from patient pe1_0
2026-02-13 16:09:56.868 INFO  k.co.seoulit.common.aop.LoggerAspect - kr.co.seoulit.reception.mapstruct.ReservationResMapStructImpl.toDto()시작
2026-02-13 16:09:56.869 INFO  k.co.seoulit.common.aop.LoggerAspect - kr.co.seoulit.reception.mapstruct.ReservationResMapStructImpl.toDto()종료
2026-02-13 16:09:56.869 INFO  k.co.seoulit.common.aop.LoggerAspect - ServiceImpl  : kr.co.seoulit.reception.service.ReservationServiceImpl.getReservation()종료
2026-02-13 16:09:56.882 INFO  k.co.seoulit.common.aop.LoggerAspect - Controller  : kr.co.seoulit.reception.controller.ReservationController.getReservation()종료
2026-02-13 16:09:56.895 INFO  k.co.seoulit.common.aop.LoggerAspect - Controller  : kr.co.seoulit.reception.controller.PatientController.getPatients()종료
2026-02-13 16:10:08.402 INFO  k.co.seoulit.common.aop.LoggerAspect - Controller  : kr.co.seoulit.reception.controller.ReservationController.updateReservation()시작
2026-02-13 16:10:08.402 INFO  k.c.s.r.c.ReservationController - 예약 수정 요청: id=4
2026-02-13 16:10:08.409 INFO  k.co.seoulit.common.aop.LoggerAspect - ServiceImpl  : kr.co.seoulit.reception.service.ReservationServiceImpl.updateReservation()시작
2026-02-13 16:10:08.410 DEBUG org.hibernate.SQL - select re1_0.reservation_id,re1_0.cancel_reason_code,re1_0.cancel_reason_text,re1_0.canceled_at,re1_0.created_at,re1_0.created_by,re1_0.department_id,re1_0.department_name,re1_0.doctor_id,re1_0.doctor_name,re1_0.inactive_at,re1_0.inactive_reason_code,re1_0.inactive_reason_text,re1_0.is_active,re1_0.note,re1_0.patient_id,re1_0.patient_name,re1_0.reservation_no,re1_0.reserved_at,re1_0.status,re1_0.updated_at,re1_0.updated_by from reservation re1_0 where re1_0.reservation_id=?
2026-02-13 16:10:08.411 TRACE org.hibernate.orm.jdbc.bind - binding parameter (1:BIGINT) <- [4]
2026-02-13 16:10:08.417 INFO  k.co.seoulit.common.aop.LoggerAspect - kr.co.seoulit.reception.mapstruct.ReservationResMapStructImpl.toDto()시작
2026-02-13 16:10:08.417 INFO  k.co.seoulit.common.aop.LoggerAspect - kr.co.seoulit.reception.mapstruct.ReservationResMapStructImpl.toDto()종료
2026-02-13 16:10:08.418 INFO  k.co.seoulit.common.aop.LoggerAspect - kr.co.seoulit.reception.mapstruct.ReservationResMapStructImpl.toDto()시작
2026-02-13 16:10:08.418 INFO  k.co.seoulit.common.aop.LoggerAspect - kr.co.seoulit.reception.mapstruct.ReservationResMapStructImpl.toDto()종료
2026-02-13 16:10:08.419 DEBUG org.hibernate.SQL - select seq_audit_log.nextval from dual
2026-02-13 16:10:08.427 INFO  k.co.seoulit.common.aop.LoggerAspect - ServiceImpl  : kr.co.seoulit.reception.service.ReservationServiceImpl.updateReservation()종료
2026-02-13 16:10:08.428 DEBUG org.hibernate.SQL - insert into audit_log (action,actor_id,after_json,before_json,diff_json,entity_id,entity_type,occurred_at,reason_code,reason_text,audit_log_id) values (?,?,?,?,?,?,?,?,?,?,?)
2026-02-13 16:10:08.429 TRACE org.hibernate.orm.jdbc.bind - binding parameter (1:VARCHAR) <- [UPDATE]
2026-02-13 16:10:08.429 TRACE org.hibernate.orm.jdbc.bind - binding parameter (2:BIGINT) <- [null]
2026-02-13 16:10:08.429 TRACE org.hibernate.orm.jdbc.bind - binding parameter (3:VARCHAR) <- [{"reservationId":4,"reservationNo":"20260212-103","patientId":16,"patientName":"박영토","departmentId":4,"departmentName":"신경외과","doctorId":4,"doctorName":"최효정","reservedAt":"2026-02-13T20:34:00","status":"CANCELED","note":null,"isActive":true,"inactiveAt":null,"inactiveReasonCode":null,"inactiveReasonText":null,"canceledAt":null,"cancelReasonCode":null,"cancelReasonText":null,"createdBy":null,"updatedBy":null,"createdAt":"2026-02-12T20:34:11.469152","updatedAt":"2026-02-12T20:41:20.106"}]
2026-02-13 16:10:08.429 TRACE org.hibernate.orm.jdbc.bind - binding parameter (4:VARCHAR) <- [{"reservationId":4,"reservationNo":"20260212-103","patientId":16,"patientName":"박영토","departmentId":4,"departmentName":"신경외과","doctorId":4,"doctorName":"최효정","reservedAt":"2026-02-13T20:34:00","status":"COMPLETED","note":null,"isActive":true,"inactiveAt":null,"inactiveReasonCode":null,"inactiveReasonText":null,"canceledAt":null,"cancelReasonCode":null,"cancelReasonText":null,"createdBy":null,"updatedBy":null,"createdAt":"2026-02-12T20:34:11.469152","updatedAt":"2026-02-12T20:41:20.106"}]
2026-02-13 16:10:08.429 TRACE org.hibernate.orm.jdbc.bind - binding parameter (5:VARCHAR) <- [null]
2026-02-13 16:10:08.430 TRACE org.hibernate.orm.jdbc.bind - binding parameter (6:BIGINT) <- [4]
2026-02-13 16:10:08.430 TRACE org.hibernate.orm.jdbc.bind - binding parameter (7:VARCHAR) <- [RESERVATION]
2026-02-13 16:10:08.430 TRACE org.hibernate.orm.jdbc.bind - binding parameter (8:TIMESTAMP) <- [2026-02-13T16:10:08.428769]
2026-02-13 16:10:08.430 TRACE org.hibernate.orm.jdbc.bind - binding parameter (9:VARCHAR) <- [null]
2026-02-13 16:10:08.430 TRACE org.hibernate.orm.jdbc.bind - binding parameter (10:VARCHAR) <- [null]
2026-02-13 16:10:08.430 TRACE org.hibernate.orm.jdbc.bind - binding parameter (11:BIGINT) <- [52]
2026-02-13 16:10:08.437 DEBUG org.hibernate.SQL - update reservation set cancel_reason_code=?,cancel_reason_text=?,canceled_at=?,created_by=?,department_id=?,department_name=?,doctor_id=?,doctor_name=?,inactive_at=?,inactive_reason_code=?,inactive_reason_text=?,is_active=?,note=?,patient_id=?,patient_name=?,reservation_no=?,reserved_at=?,status=?,updated_at=?,updated_by=? where reservation_id=?
2026-02-13 16:10:08.438 TRACE org.hibernate.orm.jdbc.bind - binding parameter (1:VARCHAR) <- [null]
2026-02-13 16:10:08.438 TRACE org.hibernate.orm.jdbc.bind - binding parameter (2:VARCHAR) <- [null]
2026-02-13 16:10:08.438 TRACE org.hibernate.orm.jdbc.bind - binding parameter (3:TIMESTAMP) <- [null]
2026-02-13 16:10:08.439 TRACE org.hibernate.orm.jdbc.bind - binding parameter (4:BIGINT) <- [null]
2026-02-13 16:10:08.439 TRACE org.hibernate.orm.jdbc.bind - binding parameter (5:BIGINT) <- [4]
2026-02-13 16:10:08.439 TRACE org.hibernate.orm.jdbc.bind - binding parameter (6:VARCHAR) <- [신경외과]
2026-02-13 16:10:08.439 TRACE org.hibernate.orm.jdbc.bind - binding parameter (7:BIGINT) <- [4]
2026-02-13 16:10:08.439 TRACE org.hibernate.orm.jdbc.bind - binding parameter (8:VARCHAR) <- [최효정]
2026-02-13 16:10:08.439 TRACE org.hibernate.orm.jdbc.bind - binding parameter (9:TIMESTAMP) <- [null]
2026-02-13 16:10:08.439 TRACE org.hibernate.orm.jdbc.bind - binding parameter (10:VARCHAR) <- [null]
2026-02-13 16:10:08.439 TRACE org.hibernate.orm.jdbc.bind - binding parameter (11:VARCHAR) <- [null]
2026-02-13 16:10:08.440 TRACE org.hibernate.orm.jdbc.bind - binding parameter (12:BOOLEAN) <- [true]
2026-02-13 16:10:08.440 TRACE org.hibernate.orm.jdbc.bind - binding parameter (13:VARCHAR) <- [null]
2026-02-13 16:10:08.440 TRACE org.hibernate.orm.jdbc.bind - binding parameter (14:BIGINT) <- [16]
2026-02-13 16:10:08.440 TRACE org.hibernate.orm.jdbc.bind - binding parameter (15:VARCHAR) <- [박영토]
2026-02-13 16:10:08.441 TRACE org.hibernate.orm.jdbc.bind - binding parameter (16:VARCHAR) <- [20260212-103]
2026-02-13 16:10:08.441 TRACE org.hibernate.orm.jdbc.bind - binding parameter (17:TIMESTAMP) <- [2026-02-13T20:34]
2026-02-13 16:10:08.441 TRACE org.hibernate.orm.jdbc.bind - binding parameter (18:VARCHAR) <- [CANCELED]
2026-02-13 16:10:08.441 TRACE org.hibernate.orm.jdbc.bind - binding parameter (19:TIMESTAMP) <- [2026-02-13T16:10:08.437771]
2026-02-13 16:10:08.443 TRACE org.hibernate.orm.jdbc.bind - binding parameter (20:BIGINT) <- [null]
2026-02-13 16:10:08.445 TRACE org.hibernate.orm.jdbc.bind - binding parameter (21:BIGINT) <- [4]
2026-02-13 16:10:08.465 INFO  k.co.seoulit.common.aop.LoggerAspect - Controller  : kr.co.seoulit.reception.controller.ReservationController.updateReservation()종료
2026-02-13 16:10:08.566 INFO  k.co.seoulit.common.aop.LoggerAspect - Controller  : kr.co.seoulit.reception.controller.ReservationController.getReservations()시작
2026-02-13 16:10:08.566 INFO  k.c.s.r.c.ReservationController - 예약 목록 요청: searchType=null, searchValue=null
2026-02-13 16:10:08.573 INFO  k.co.seoulit.common.aop.LoggerAspect - ServiceImpl  : kr.co.seoulit.reception.service.ReservationServiceImpl.getReservationList()시작
2026-02-13 16:10:08.588 INFO  k.co.seoulit.common.aop.LoggerAspect - ServiceImpl  : kr.co.seoulit.reception.service.ReservationServiceImpl.getReservationList()종료
2026-02-13 16:10:08.596 INFO  k.co.seoulit.common.aop.LoggerAspect - Controller  : kr.co.seoulit.reception.controller.ReservationController.getReservations()종료
2026-02-13 16:10:09.136 INFO  k.co.seoulit.common.aop.LoggerAspect - Controller  : kr.co.seoulit.reception.controller.MenuController.getMenus()시작
2026-02-13 16:10:09.137 INFO  k.co.seoulit.common.aop.LoggerAspect - Controller  : kr.co.seoulit.reception.controller.MenuController.getMenus()종료
2026-02-13 16:10:09.143 INFO  k.co.seoulit.common.aop.LoggerAspect - Controller  : kr.co.seoulit.reception.controller.ReservationController.getReservation()시작
2026-02-13 16:10:09.167 INFO  k.c.s.r.c.ReservationController - 예약 조회 요청: id=4
2026-02-13 16:10:09.174 INFO  k.co.seoulit.common.aop.LoggerAspect - Controller  : kr.co.seoulit.reception.controller.MenuController.getMenus()시작
2026-02-13 16:10:09.175 INFO  k.co.seoulit.common.aop.LoggerAspect - Controller  : kr.co.seoulit.reception.controller.MenuController.getMenus()종료
2026-02-13 16:10:09.203 INFO  k.co.seoulit.common.aop.LoggerAspect - ServiceImpl  : kr.co.seoulit.reception.service.ReservationServiceImpl.getReservation()시작
2026-02-13 16:10:09.218 DEBUG org.hibernate.SQL - select re1_0.reservation_id,re1_0.cancel_reason_code,re1_0.cancel_reason_text,re1_0.canceled_at,re1_0.created_at,re1_0.created_by,re1_0.department_id,re1_0.department_name,re1_0.doctor_id,re1_0.doctor_name,re1_0.inactive_at,re1_0.inactive_reason_code,re1_0.inactive_reason_text,re1_0.is_active,re1_0.note,re1_0.patient_id,re1_0.patient_name,re1_0.reservation_no,re1_0.reserved_at,re1_0.status,re1_0.updated_at,re1_0.updated_by from reservation re1_0 where re1_0.reservation_id=?
2026-02-13 16:10:09.225 TRACE org.hibernate.orm.jdbc.bind - binding parameter (1:BIGINT) <- [4]
2026-02-13 16:10:09.245 INFO  k.co.seoulit.common.aop.LoggerAspect - kr.co.seoulit.reception.mapstruct.ReservationResMapStructImpl.toDto()시작
2026-02-13 16:10:09.246 INFO  k.co.seoulit.common.aop.LoggerAspect - kr.co.seoulit.reception.mapstruct.ReservationResMapStructImpl.toDto()종료
2026-02-13 16:10:09.248 INFO  k.co.seoulit.common.aop.LoggerAspect - ServiceImpl  : kr.co.seoulit.reception.service.ReservationServiceImpl.getReservation()종료
2026-02-13 16:10:09.258 INFO  k.co.seoulit.common.aop.LoggerAspect - Controller  : kr.co.seoulit.reception.controller.ReservationController.getReservation()종료
2026-02-13 16:10:09.296 INFO  k.co.seoulit.common.aop.LoggerAspect - Controller  : kr.co.seoulit.reception.controller.ReservationController.getReservation()시작
2026-02-13 16:10:09.297 INFO  k.c.s.r.c.ReservationController - 예약 조회 요청: id=4
2026-02-13 16:10:09.353 INFO  k.co.seoulit.common.aop.LoggerAspect - ServiceImpl  : kr.co.seoulit.reception.service.ReservationServiceImpl.getReservation()시작
2026-02-13 16:10:09.354 DEBUG org.hibernate.SQL - select re1_0.reservation_id,re1_0.cancel_reason_code,re1_0.cancel_reason_text,re1_0.canceled_at,re1_0.created_at,re1_0.created_by,re1_0.department_id,re1_0.department_name,re1_0.doctor_id,re1_0.doctor_name,re1_0.inactive_at,re1_0.inactive_reason_code,re1_0.inactive_reason_text,re1_0.is_active,re1_0.note,re1_0.patient_id,re1_0.patient_name,re1_0.reservation_no,re1_0.reserved_at,re1_0.status,re1_0.updated_at,re1_0.updated_by from reservation re1_0 where re1_0.reservation_id=?
2026-02-13 16:10:09.355 TRACE org.hibernate.orm.jdbc.bind - binding parameter (1:BIGINT) <- [4]
2026-02-13 16:10:09.372 INFO  k.co.seoulit.common.aop.LoggerAspect - kr.co.seoulit.reception.mapstruct.ReservationResMapStructImpl.toDto()시작
2026-02-13 16:10:09.373 INFO  k.co.seoulit.common.aop.LoggerAspect - kr.co.seoulit.reception.mapstruct.ReservationResMapStructImpl.toDto()종료
2026-02-13 16:10:09.373 INFO  k.co.seoulit.common.aop.LoggerAspect - ServiceImpl  : kr.co.seoulit.reception.service.ReservationServiceImpl.getReservation()종료
2026-02-13 16:10:09.383 INFO  k.co.seoulit.common.aop.LoggerAspect - Controller  : kr.co.seoulit.reception.controller.ReservationController.getReservation()종료
2026-02-13 16:10:12.503 INFO  k.co.seoulit.common.aop.LoggerAspect - Controller  : kr.co.seoulit.reception.controller.MenuController.getMenus()시작
2026-02-13 16:10:12.503 INFO  k.co.seoulit.common.aop.LoggerAspect - Controller  : kr.co.seoulit.reception.controller.MenuController.getMenus()종료
2026-02-13 16:10:12.509 INFO  k.co.seoulit.common.aop.LoggerAspect - Controller  : kr.co.seoulit.reception.controller.MenuController.getMenus()시작
2026-02-13 16:10:12.509 INFO  k.co.seoulit.common.aop.LoggerAspect - Controller  : kr.co.seoulit.reception.controller.MenuController.getMenus()종료
2026-02-13 16:10:12.529 INFO  k.co.seoulit.common.aop.LoggerAspect - Controller  : kr.co.seoulit.reception.controller.ReservationController.getReservations()시작
2026-02-13 16:10:12.529 INFO  k.c.s.r.c.ReservationController - 예약 목록 요청: searchType=status, searchValue=CANCELED
2026-02-13 16:10:12.551 INFO  k.co.seoulit.common.aop.LoggerAspect - ServiceImpl  : kr.co.seoulit.reception.service.ReservationServiceImpl.getReservationList()시작
2026-02-13 16:10:12.573 INFO  k.co.seoulit.common.aop.LoggerAspect - ServiceImpl  : kr.co.seoulit.reception.service.ReservationServiceImpl.getReservationList()종료
2026-02-13 16:10:12.582 INFO  k.co.seoulit.common.aop.LoggerAspect - Controller  : kr.co.seoulit.reception.controller.ReservationController.getReservations()종료
2026-02-13 16:10:12.617 INFO  k.co.seoulit.common.aop.LoggerAspect - Controller  : kr.co.seoulit.reception.controller.ReservationController.getReservations()시작
2026-02-13 16:10:12.617 INFO  k.c.s.r.c.ReservationController - 예약 목록 요청: searchType=status, searchValue=CANCELED
2026-02-13 16:10:12.625 INFO  k.co.seoulit.common.aop.LoggerAspect - ServiceImpl  : kr.co.seoulit.reception.service.ReservationServiceImpl.getReservationList()시작
2026-02-13 16:10:12.634 INFO  k.co.seoulit.common.aop.LoggerAspect - ServiceImpl  : kr.co.seoulit.reception.service.ReservationServiceImpl.getReservationList()종료
2026-02-13 16:10:12.644 INFO  k.co.seoulit.common.aop.LoggerAspect - Controller  : kr.co.seoulit.reception.controller.ReservationController.getReservations()종료
2026-02-13 16:10:16.739 INFO  k.co.seoulit.common.aop.LoggerAspect - Controller  : kr.co.seoulit.reception.controller.MenuController.getMenus()시작
2026-02-13 16:10:16.739 INFO  k.co.seoulit.common.aop.LoggerAspect - Controller  : kr.co.seoulit.reception.controller.MenuController.getMenus()종료
2026-02-13 16:10:16.764 INFO  k.co.seoulit.common.aop.LoggerAspect - Controller  : kr.co.seoulit.reception.controller.ReservationController.getReservations()시작
2026-02-13 16:10:16.764 INFO  k.co.seoulit.common.aop.LoggerAspect - Controller  : kr.co.seoulit.reception.controller.MenuController.getMenus()시작
2026-02-13 16:10:16.765 INFO  k.co.seoulit.common.aop.LoggerAspect - Controller  : kr.co.seoulit.reception.controller.MenuController.getMenus()종료
2026-02-13 16:10:16.767 INFO  k.c.s.r.c.ReservationController - 예약 목록 요청: searchType=status, searchValue=COMPLETED
2026-02-13 16:10:16.813 INFO  k.co.seoulit.common.aop.LoggerAspect - ServiceImpl  : kr.co.seoulit.reception.service.ReservationServiceImpl.getReservationList()시작
2026-02-13 16:10:16.828 INFO  k.co.seoulit.common.aop.LoggerAspect - ServiceImpl  : kr.co.seoulit.reception.service.ReservationServiceImpl.getReservationList()종료
2026-02-13 16:10:16.846 INFO  k.co.seoulit.common.aop.LoggerAspect - Controller  : kr.co.seoulit.reception.controller.ReservationController.getReservations()종료
2026-02-13 16:10:16.869 INFO  k.co.seoulit.common.aop.LoggerAspect - Controller  : kr.co.seoulit.reception.controller.ReservationController.getReservations()시작
2026-02-13 16:10:16.869 INFO  k.c.s.r.c.ReservationController - 예약 목록 요청: searchType=status, searchValue=COMPLETED
2026-02-13 16:10:16.885 INFO  k.co.seoulit.common.aop.LoggerAspect - ServiceImpl  : kr.co.seoulit.reception.service.ReservationServiceImpl.getReservationList()시작
2026-02-13 16:10:16.899 INFO  k.co.seoulit.common.aop.LoggerAspect - ServiceImpl  : kr.co.seoulit.reception.service.ReservationServiceImpl.getReservationList()종료
2026-02-13 16:10:16.906 INFO  k.co.seoulit.common.aop.LoggerAspect - Controller  : kr.co.seoulit.reception.controller.ReservationController.getReservations()종료
2026-02-13 16:10:21.703 INFO  k.co.seoulit.common.aop.LoggerAspect - Controller  : kr.co.seoulit.reception.controller.MenuController.getMenus()시작
2026-02-13 16:10:21.711 INFO  k.co.seoulit.common.aop.LoggerAspect - Controller  : kr.co.seoulit.reception.controller.ReservationController.getReservation()시작
2026-02-13 16:10:21.722 INFO  k.c.s.r.c.ReservationController - 예약 조회 요청: id=2
2026-02-13 16:10:21.723 INFO  k.co.seoulit.common.aop.LoggerAspect - Controller  : kr.co.seoulit.reception.controller.MenuController.getMenus()종료
2026-02-13 16:10:21.745 INFO  k.co.seoulit.common.aop.LoggerAspect - ServiceImpl  : kr.co.seoulit.reception.service.ReservationServiceImpl.getReservation()시작
2026-02-13 16:10:21.748 INFO  k.co.seoulit.common.aop.LoggerAspect - Controller  : kr.co.seoulit.reception.controller.MenuController.getMenus()시작
2026-02-13 16:10:21.749 INFO  k.co.seoulit.common.aop.LoggerAspect - Controller  : kr.co.seoulit.reception.controller.MenuController.getMenus()종료
2026-02-13 16:10:21.750 DEBUG org.hibernate.SQL - select re1_0.reservation_id,re1_0.cancel_reason_code,re1_0.cancel_reason_text,re1_0.canceled_at,re1_0.created_at,re1_0.created_by,re1_0.department_id,re1_0.department_name,re1_0.doctor_id,re1_0.doctor_name,re1_0.inactive_at,re1_0.inactive_reason_code,re1_0.inactive_reason_text,re1_0.is_active,re1_0.note,re1_0.patient_id,re1_0.patient_name,re1_0.reservation_no,re1_0.reserved_at,re1_0.status,re1_0.updated_at,re1_0.updated_by from reservation re1_0 where re1_0.reservation_id=?
2026-02-13 16:10:21.751 TRACE org.hibernate.orm.jdbc.bind - binding parameter (1:BIGINT) <- [2]
2026-02-13 16:10:21.762 INFO  k.co.seoulit.common.aop.LoggerAspect - kr.co.seoulit.reception.mapstruct.ReservationResMapStructImpl.toDto()시작
2026-02-13 16:10:21.762 INFO  k.co.seoulit.common.aop.LoggerAspect - kr.co.seoulit.reception.mapstruct.ReservationResMapStructImpl.toDto()종료
2026-02-13 16:10:21.762 INFO  k.co.seoulit.common.aop.LoggerAspect - ServiceImpl  : kr.co.seoulit.reception.service.ReservationServiceImpl.getReservation()종료
2026-02-13 16:10:21.770 INFO  k.co.seoulit.common.aop.LoggerAspect - Controller  : kr.co.seoulit.reception.controller.ReservationController.getReservation()종료
2026-02-13 16:10:21.792 INFO  k.co.seoulit.common.aop.LoggerAspect - Controller  : kr.co.seoulit.reception.controller.ReservationController.getReservation()시작
2026-02-13 16:10:21.792 INFO  k.c.s.r.c.ReservationController - 예약 조회 요청: id=2
2026-02-13 16:10:21.801 INFO  k.co.seoulit.common.aop.LoggerAspect - ServiceImpl  : kr.co.seoulit.reception.service.ReservationServiceImpl.getReservation()시작
2026-02-13 16:10:21.802 DEBUG org.hibernate.SQL - select re1_0.reservation_id,re1_0.cancel_reason_code,re1_0.cancel_reason_text,re1_0.canceled_at,re1_0.created_at,re1_0.created_by,re1_0.department_id,re1_0.department_name,re1_0.doctor_id,re1_0.doctor_name,re1_0.inactive_at,re1_0.inactive_reason_code,re1_0.inactive_reason_text,re1_0.is_active,re1_0.note,re1_0.patient_id,re1_0.patient_name,re1_0.reservation_no,re1_0.reserved_at,re1_0.status,re1_0.updated_at,re1_0.updated_by from reservation re1_0 where re1_0.reservation_id=?
2026-02-13 16:10:21.803 TRACE org.hibernate.orm.jdbc.bind - binding parameter (1:BIGINT) <- [2]
2026-02-13 16:10:21.815 INFO  k.co.seoulit.common.aop.LoggerAspect - kr.co.seoulit.reception.mapstruct.ReservationResMapStructImpl.toDto()시작
2026-02-13 16:10:21.815 INFO  k.co.seoulit.common.aop.LoggerAspect - kr.co.seoulit.reception.mapstruct.ReservationResMapStructImpl.toDto()종료
2026-02-13 16:10:21.815 INFO  k.co.seoulit.common.aop.LoggerAspect - ServiceImpl  : kr.co.seoulit.reception.service.ReservationServiceImpl.getReservation()종료
2026-02-13 16:10:21.820 INFO  k.co.seoulit.common.aop.LoggerAspect - Controller  : kr.co.seoulit.reception.controller.ReservationController.getReservation()종료
2026-02-13 16:10:23.173 INFO  k.co.seoulit.common.aop.LoggerAspect - Controller  : kr.co.seoulit.reception.controller.MenuController.getMenus()시작
2026-02-13 16:10:23.174 INFO  k.co.seoulit.common.aop.LoggerAspect - Controller  : kr.co.seoulit.reception.controller.MenuController.getMenus()종료
2026-02-13 16:10:23.187 INFO  k.co.seoulit.common.aop.LoggerAspect - Controller  : kr.co.seoulit.reception.controller.MenuController.getMenus()시작
2026-02-13 16:10:23.188 INFO  k.co.seoulit.common.aop.LoggerAspect - Controller  : kr.co.seoulit.reception.controller.MenuController.getMenus()종료
2026-02-13 16:10:23.201 INFO  k.co.seoulit.common.aop.LoggerAspect - Controller  : kr.co.seoulit.reception.controller.PatientController.getPatients()시작
2026-02-13 16:10:23.203 INFO  k.co.seoulit.common.aop.LoggerAspect - Controller  : kr.co.seoulit.reception.controller.ReservationController.getReservation()시작
2026-02-13 16:10:23.203 INFO  k.c.s.r.c.ReservationController - 예약 조회 요청: id=2
2026-02-13 16:10:23.209 INFO  k.co.seoulit.common.aop.LoggerAspect - ServiceImpl  : kr.co.seoulit.reception.service.ReservationServiceImpl.getReservation()시작
2026-02-13 16:10:23.210 DEBUG org.hibernate.SQL - select re1_0.reservation_id,re1_0.cancel_reason_code,re1_0.cancel_reason_text,re1_0.canceled_at,re1_0.created_at,re1_0.created_by,re1_0.department_id,re1_0.department_name,re1_0.doctor_id,re1_0.doctor_name,re1_0.inactive_at,re1_0.inactive_reason_code,re1_0.inactive_reason_text,re1_0.is_active,re1_0.note,re1_0.patient_id,re1_0.patient_name,re1_0.reservation_no,re1_0.reserved_at,re1_0.status,re1_0.updated_at,re1_0.updated_by from reservation re1_0 where re1_0.reservation_id=?
2026-02-13 16:10:23.211 TRACE org.hibernate.orm.jdbc.bind - binding parameter (1:BIGINT) <- [2]
2026-02-13 16:10:23.211 DEBUG org.hibernate.SQL - select pe1_0.patient_id,pe1_0.patient_name from patient pe1_0
2026-02-13 16:10:23.227 INFO  k.co.seoulit.common.aop.LoggerAspect - kr.co.seoulit.reception.mapstruct.ReservationResMapStructImpl.toDto()시작
2026-02-13 16:10:23.227 INFO  k.co.seoulit.common.aop.LoggerAspect - kr.co.seoulit.reception.mapstruct.ReservationResMapStructImpl.toDto()종료
2026-02-13 16:10:23.227 INFO  k.co.seoulit.common.aop.LoggerAspect - ServiceImpl  : kr.co.seoulit.reception.service.ReservationServiceImpl.getReservation()종료
2026-02-13 16:10:23.232 INFO  k.co.seoulit.common.aop.LoggerAspect - Controller  : kr.co.seoulit.reception.controller.ReservationController.getReservation()종료
2026-02-13 16:10:23.239 INFO  k.co.seoulit.common.aop.LoggerAspect - Controller  : kr.co.seoulit.reception.controller.PatientController.getPatients()종료
2026-02-13 16:10:23.248 INFO  k.co.seoulit.common.aop.LoggerAspect - Controller  : kr.co.seoulit.reception.controller.ReservationController.getReservation()시작
2026-02-13 16:10:23.249 INFO  k.c.s.r.c.ReservationController - 예약 조회 요청: id=2
2026-02-13 16:10:23.249 INFO  k.co.seoulit.common.aop.LoggerAspect - ServiceImpl  : kr.co.seoulit.reception.service.ReservationServiceImpl.getReservation()시작
2026-02-13 16:10:23.250 DEBUG org.hibernate.SQL - select re1_0.reservation_id,re1_0.cancel_reason_code,re1_0.cancel_reason_text,re1_0.canceled_at,re1_0.created_at,re1_0.created_by,re1_0.department_id,re1_0.department_name,re1_0.doctor_id,re1_0.doctor_name,re1_0.inactive_at,re1_0.inactive_reason_code,re1_0.inactive_reason_text,re1_0.is_active,re1_0.note,re1_0.patient_id,re1_0.patient_name,re1_0.reservation_no,re1_0.reserved_at,re1_0.status,re1_0.updated_at,re1_0.updated_by from reservation re1_0 where re1_0.reservation_id=?
2026-02-13 16:10:23.250 TRACE org.hibernate.orm.jdbc.bind - binding parameter (1:BIGINT) <- [2]
2026-02-13 16:10:23.258 INFO  k.co.seoulit.common.aop.LoggerAspect - kr.co.seoulit.reception.mapstruct.ReservationResMapStructImpl.toDto()시작
2026-02-13 16:10:23.258 INFO  k.co.seoulit.common.aop.LoggerAspect - kr.co.seoulit.reception.mapstruct.ReservationResMapStructImpl.toDto()종료
2026-02-13 16:10:23.258 INFO  k.co.seoulit.common.aop.LoggerAspect - ServiceImpl  : kr.co.seoulit.reception.service.ReservationServiceImpl.getReservation()종료
2026-02-13 16:10:23.259 INFO  k.co.seoulit.common.aop.LoggerAspect - Controller  : kr.co.seoulit.reception.controller.PatientController.getPatients()시작
2026-02-13 16:10:23.265 INFO  k.co.seoulit.common.aop.LoggerAspect - Controller  : kr.co.seoulit.reception.controller.ReservationController.getReservation()종료
2026-02-13 16:10:23.267 DEBUG org.hibernate.SQL - select pe1_0.patient_id,pe1_0.patient_name from patient pe1_0
2026-02-13 16:10:23.291 INFO  k.co.seoulit.common.aop.LoggerAspect - Controller  : kr.co.seoulit.reception.controller.PatientController.getPatients()종료
2026-02-13 16:10:26.158 INFO  k.co.seoulit.common.aop.LoggerAspect - Controller  : kr.co.seoulit.reception.controller.MenuController.getMenus()시작
2026-02-13 16:10:26.161 INFO  k.co.seoulit.common.aop.LoggerAspect - Controller  : kr.co.seoulit.reception.controller.MenuController.getMenus()종료
2026-02-13 16:10:26.172 INFO  k.co.seoulit.common.aop.LoggerAspect - Controller  : kr.co.seoulit.reception.controller.MenuController.getMenus()시작
2026-02-13 16:10:26.176 INFO  k.co.seoulit.common.aop.LoggerAspect - Controller  : kr.co.seoulit.reception.controller.ReservationController.getReservation()시작
2026-02-13 16:10:26.176 INFO  k.co.seoulit.common.aop.LoggerAspect - Controller  : kr.co.seoulit.reception.controller.MenuController.getMenus()종료
2026-02-13 16:10:26.176 INFO  k.c.s.r.c.ReservationController - 예약 조회 요청: id=2
2026-02-13 16:10:26.194 INFO  k.co.seoulit.common.aop.LoggerAspect - ServiceImpl  : kr.co.seoulit.reception.service.ReservationServiceImpl.getReservation()시작
2026-02-13 16:10:26.195 DEBUG org.hibernate.SQL - select re1_0.reservation_id,re1_0.cancel_reason_code,re1_0.cancel_reason_text,re1_0.canceled_at,re1_0.created_at,re1_0.created_by,re1_0.department_id,re1_0.department_name,re1_0.doctor_id,re1_0.doctor_name,re1_0.inactive_at,re1_0.inactive_reason_code,re1_0.inactive_reason_text,re1_0.is_active,re1_0.note,re1_0.patient_id,re1_0.patient_name,re1_0.reservation_no,re1_0.reserved_at,re1_0.status,re1_0.updated_at,re1_0.updated_by from reservation re1_0 where re1_0.reservation_id=?
2026-02-13 16:10:26.196 TRACE org.hibernate.orm.jdbc.bind - binding parameter (1:BIGINT) <- [2]
2026-02-13 16:10:26.208 INFO  k.co.seoulit.common.aop.LoggerAspect - kr.co.seoulit.reception.mapstruct.ReservationResMapStructImpl.toDto()시작
2026-02-13 16:10:26.208 INFO  k.co.seoulit.common.aop.LoggerAspect - kr.co.seoulit.reception.mapstruct.ReservationResMapStructImpl.toDto()종료
2026-02-13 16:10:26.208 INFO  k.co.seoulit.common.aop.LoggerAspect - ServiceImpl  : kr.co.seoulit.reception.service.ReservationServiceImpl.getReservation()종료
2026-02-13 16:10:26.213 INFO  k.co.seoulit.common.aop.LoggerAspect - Controller  : kr.co.seoulit.reception.controller.ReservationController.getReservation()종료
2026-02-13 16:10:26.238 INFO  k.co.seoulit.common.aop.LoggerAspect - Controller  : kr.co.seoulit.reception.controller.ReservationController.getReservation()시작
2026-02-13 16:10:26.239 INFO  k.c.s.r.c.ReservationController - 예약 조회 요청: id=2
2026-02-13 16:10:26.245 INFO  k.co.seoulit.common.aop.LoggerAspect - ServiceImpl  : kr.co.seoulit.reception.service.ReservationServiceImpl.getReservation()시작
2026-02-13 16:10:26.247 DEBUG org.hibernate.SQL - select re1_0.reservation_id,re1_0.cancel_reason_code,re1_0.cancel_reason_text,re1_0.canceled_at,re1_0.created_at,re1_0.created_by,re1_0.department_id,re1_0.department_name,re1_0.doctor_id,re1_0.doctor_name,re1_0.inactive_at,re1_0.inactive_reason_code,re1_0.inactive_reason_text,re1_0.is_active,re1_0.note,re1_0.patient_id,re1_0.patient_name,re1_0.reservation_no,re1_0.reserved_at,re1_0.status,re1_0.updated_at,re1_0.updated_by from reservation re1_0 where re1_0.reservation_id=?
2026-02-13 16:10:26.248 TRACE org.hibernate.orm.jdbc.bind - binding parameter (1:BIGINT) <- [2]
2026-02-13 16:10:26.254 INFO  k.co.seoulit.common.aop.LoggerAspect - kr.co.seoulit.reception.mapstruct.ReservationResMapStructImpl.toDto()시작
2026-02-13 16:10:26.255 INFO  k.co.seoulit.common.aop.LoggerAspect - kr.co.seoulit.reception.mapstruct.ReservationResMapStructImpl.toDto()종료
2026-02-13 16:10:26.255 INFO  k.co.seoulit.common.aop.LoggerAspect - ServiceImpl  : kr.co.seoulit.reception.service.ReservationServiceImpl.getReservation()종료
2026-02-13 16:10:26.260 INFO  k.co.seoulit.common.aop.LoggerAspect - Controller  : kr.co.seoulit.reception.controller.ReservationController.getReservation()종료
2026-02-13 16:10:30.061 INFO  k.co.seoulit.common.aop.LoggerAspect - Controller  : kr.co.seoulit.reception.controller.MenuController.getMenus()시작
2026-02-13 16:10:30.062 INFO  k.co.seoulit.common.aop.LoggerAspect - Controller  : kr.co.seoulit.reception.controller.MenuController.getMenus()종료
2026-02-13 16:10:30.069 INFO  k.co.seoulit.common.aop.LoggerAspect - Controller  : kr.co.seoulit.reception.controller.MenuController.getMenus()시작
2026-02-13 16:10:30.069 INFO  k.co.seoulit.common.aop.LoggerAspect - Controller  : kr.co.seoulit.reception.controller.MenuController.getMenus()종료
2026-02-13 16:10:30.080 INFO  k.co.seoulit.common.aop.LoggerAspect - Controller  : kr.co.seoulit.reception.controller.PatientController.getPatients()시작
2026-02-13 16:10:30.097 DEBUG org.hibernate.SQL - select pe1_0.patient_id,pe1_0.patient_name from patient pe1_0
2026-02-13 16:10:30.128 INFO  k.co.seoulit.common.aop.LoggerAspect - Controller  : kr.co.seoulit.reception.controller.PatientController.getPatients()종료
2026-02-13 16:10:30.148 INFO  k.co.seoulit.common.aop.LoggerAspect - Controller  : kr.co.seoulit.reception.controller.PatientController.getPatients()시작
2026-02-13 16:10:30.164 DEBUG org.hibernate.SQL - select pe1_0.patient_id,pe1_0.patient_name from patient pe1_0
2026-02-13 16:10:30.188 INFO  k.co.seoulit.common.aop.LoggerAspect - Controller  : kr.co.seoulit.reception.controller.PatientController.getPatients()종료
2026-02-13 16:10:33.316 INFO  k.co.seoulit.common.aop.LoggerAspect - Controller  : kr.co.seoulit.reception.controller.MenuController.getMenus()시작
2026-02-13 16:10:33.316 INFO  k.co.seoulit.common.aop.LoggerAspect - Controller  : kr.co.seoulit.reception.controller.MenuController.getMenus()종료
2026-02-13 16:10:33.334 INFO  k.co.seoulit.common.aop.LoggerAspect - Controller  : kr.co.seoulit.reception.controller.MenuController.getMenus()시작
2026-02-13 16:10:33.335 INFO  k.co.seoulit.common.aop.LoggerAspect - Controller  : kr.co.seoulit.reception.controller.MenuController.getMenus()종료
2026-02-13 16:10:33.359 INFO  k.co.seoulit.common.aop.LoggerAspect - Controller  : kr.co.seoulit.reception.controller.ReservationController.getReservations()시작
2026-02-13 16:10:33.362 INFO  k.c.s.r.c.ReservationController - 예약 목록 요청: searchType=status, searchValue=COMPLETED
2026-02-13 16:10:33.377 INFO  k.co.seoulit.common.aop.LoggerAspect - ServiceImpl  : kr.co.seoulit.reception.service.ReservationServiceImpl.getReservationList()시작
2026-02-13 16:10:33.391 INFO  k.co.seoulit.common.aop.LoggerAspect - ServiceImpl  : kr.co.seoulit.reception.service.ReservationServiceImpl.getReservationList()종료
2026-02-13 16:10:33.398 INFO  k.co.seoulit.common.aop.LoggerAspect - Controller  : kr.co.seoulit.reception.controller.ReservationController.getReservations()종료
2026-02-13 16:10:33.425 INFO  k.co.seoulit.common.aop.LoggerAspect - Controller  : kr.co.seoulit.reception.controller.ReservationController.getReservations()시작
2026-02-13 16:10:33.425 INFO  k.c.s.r.c.ReservationController - 예약 목록 요청: searchType=status, searchValue=COMPLETED
2026-02-13 16:10:33.440 INFO  k.co.seoulit.common.aop.LoggerAspect - ServiceImpl  : kr.co.seoulit.reception.service.ReservationServiceImpl.getReservationList()시작
2026-02-13 16:10:33.450 INFO  k.co.seoulit.common.aop.LoggerAspect - ServiceImpl  : kr.co.seoulit.reception.service.ReservationServiceImpl.getReservationList()종료
2026-02-13 16:10:33.461 INFO  k.co.seoulit.common.aop.LoggerAspect - Controller  : kr.co.seoulit.reception.controller.ReservationController.getReservations()종료
2026-02-13 16:11:42.022 INFO  k.co.seoulit.common.aop.LoggerAspect - Controller  : kr.co.seoulit.reception.controller.MenuController.getMenus()시작
2026-02-13 16:11:42.022 INFO  k.co.seoulit.common.aop.LoggerAspect - Controller  : kr.co.seoulit.reception.controller.MenuController.getMenus()종료
2026-02-13 16:11:42.035 INFO  k.co.seoulit.common.aop.LoggerAspect - Controller  : kr.co.seoulit.reception.controller.ReservationController.getReservations()시작
2026-02-13 16:11:42.035 INFO  k.c.s.r.c.ReservationController - 예약 목록 요청: searchType=null, searchValue=null
2026-02-13 16:11:42.037 INFO  k.co.seoulit.common.aop.LoggerAspect - Controller  : kr.co.seoulit.reception.controller.MenuController.getMenus()시작
2026-02-13 16:11:42.037 INFO  k.co.seoulit.common.aop.LoggerAspect - Controller  : kr.co.seoulit.reception.controller.MenuController.getMenus()종료
2026-02-13 16:11:42.094 INFO  k.co.seoulit.common.aop.LoggerAspect - ServiceImpl  : kr.co.seoulit.reception.service.ReservationServiceImpl.getReservationList()시작
2026-02-13 16:11:42.122 INFO  k.co.seoulit.common.aop.LoggerAspect - ServiceImpl  : kr.co.seoulit.reception.service.ReservationServiceImpl.getReservationList()종료
2026-02-13 16:11:42.136 INFO  k.co.seoulit.common.aop.LoggerAspect - Controller  : kr.co.seoulit.reception.controller.ReservationController.getReservations()종료
2026-02-13 16:11:42.169 INFO  k.co.seoulit.common.aop.LoggerAspect - Controller  : kr.co.seoulit.reception.controller.ReservationController.getReservations()시작
2026-02-13 16:11:42.169 INFO  k.c.s.r.c.ReservationController - 예약 목록 요청: searchType=null, searchValue=null
2026-02-13 16:11:42.186 INFO  k.co.seoulit.common.aop.LoggerAspect - ServiceImpl  : kr.co.seoulit.reception.service.ReservationServiceImpl.getReservationList()시작
2026-02-13 16:11:42.207 INFO  k.co.seoulit.common.aop.LoggerAspect - ServiceImpl  : kr.co.seoulit.reception.service.ReservationServiceImpl.getReservationList()종료
2026-02-13 16:11:42.215 INFO  k.co.seoulit.common.aop.LoggerAspect - Controller  : kr.co.seoulit.reception.controller.ReservationController.getReservations()종료
2026-02-13 16:11:45.992 INFO  k.co.seoulit.common.aop.LoggerAspect - Controller  : kr.co.seoulit.reception.controller.MenuController.getMenus()시작
2026-02-13 16:11:45.992 INFO  k.co.seoulit.common.aop.LoggerAspect - Controller  : kr.co.seoulit.reception.controller.MenuController.getMenus()종료
2026-02-13 16:11:46.007 INFO  k.co.seoulit.common.aop.LoggerAspect - Controller  : kr.co.seoulit.reception.controller.MenuController.getMenus()시작
2026-02-13 16:11:46.007 INFO  k.co.seoulit.common.aop.LoggerAspect - Controller  : kr.co.seoulit.reception.controller.MenuController.getMenus()종료
2026-02-13 16:11:46.017 INFO  k.co.seoulit.common.aop.LoggerAspect - Controller  : kr.co.seoulit.reception.controller.ReservationController.getReservation()시작
2026-02-13 16:11:46.017 INFO  k.c.s.r.c.ReservationController - 예약 조회 요청: id=2
2026-02-13 16:11:46.071 INFO  k.co.seoulit.common.aop.LoggerAspect - ServiceImpl  : kr.co.seoulit.reception.service.ReservationServiceImpl.getReservation()시작
2026-02-13 16:11:46.072 DEBUG org.hibernate.SQL - select re1_0.reservation_id,re1_0.cancel_reason_code,re1_0.cancel_reason_text,re1_0.canceled_at,re1_0.created_at,re1_0.created_by,re1_0.department_id,re1_0.department_name,re1_0.doctor_id,re1_0.doctor_name,re1_0.inactive_at,re1_0.inactive_reason_code,re1_0.inactive_reason_text,re1_0.is_active,re1_0.note,re1_0.patient_id,re1_0.patient_name,re1_0.reservation_no,re1_0.reserved_at,re1_0.status,re1_0.updated_at,re1_0.updated_by from reservation re1_0 where re1_0.reservation_id=?
2026-02-13 16:11:46.083 TRACE org.hibernate.orm.jdbc.bind - binding parameter (1:BIGINT) <- [2]
2026-02-13 16:11:46.091 INFO  k.co.seoulit.common.aop.LoggerAspect - kr.co.seoulit.reception.mapstruct.ReservationResMapStructImpl.toDto()시작
2026-02-13 16:11:46.091 INFO  k.co.seoulit.common.aop.LoggerAspect - kr.co.seoulit.reception.mapstruct.ReservationResMapStructImpl.toDto()종료
2026-02-13 16:11:46.092 INFO  k.co.seoulit.common.aop.LoggerAspect - ServiceImpl  : kr.co.seoulit.reception.service.ReservationServiceImpl.getReservation()종료
2026-02-13 16:11:46.116 INFO  k.co.seoulit.common.aop.LoggerAspect - Controller  : kr.co.seoulit.reception.controller.ReservationController.getReservation()종료
2026-02-13 16:11:46.148 INFO  k.co.seoulit.common.aop.LoggerAspect - Controller  : kr.co.seoulit.reception.controller.ReservationController.getReservation()시작
2026-02-13 16:11:46.148 INFO  k.c.s.r.c.ReservationController - 예약 조회 요청: id=2
2026-02-13 16:11:46.188 INFO  k.co.seoulit.common.aop.LoggerAspect - ServiceImpl  : kr.co.seoulit.reception.service.ReservationServiceImpl.getReservation()시작
2026-02-13 16:11:46.189 DEBUG org.hibernate.SQL - select re1_0.reservation_id,re1_0.cancel_reason_code,re1_0.cancel_reason_text,re1_0.canceled_at,re1_0.created_at,re1_0.created_by,re1_0.department_id,re1_0.department_name,re1_0.doctor_id,re1_0.doctor_name,re1_0.inactive_at,re1_0.inactive_reason_code,re1_0.inactive_reason_text,re1_0.is_active,re1_0.note,re1_0.patient_id,re1_0.patient_name,re1_0.reservation_no,re1_0.reserved_at,re1_0.status,re1_0.updated_at,re1_0.updated_by from reservation re1_0 where re1_0.reservation_id=?
2026-02-13 16:11:46.190 TRACE org.hibernate.orm.jdbc.bind - binding parameter (1:BIGINT) <- [2]
2026-02-13 16:11:46.199 INFO  k.co.seoulit.common.aop.LoggerAspect - kr.co.seoulit.reception.mapstruct.ReservationResMapStructImpl.toDto()시작
2026-02-13 16:11:46.199 INFO  k.co.seoulit.common.aop.LoggerAspect - kr.co.seoulit.reception.mapstruct.ReservationResMapStructImpl.toDto()종료
2026-02-13 16:11:46.200 INFO  k.co.seoulit.common.aop.LoggerAspect - ServiceImpl  : kr.co.seoulit.reception.service.ReservationServiceImpl.getReservation()종료
2026-02-13 16:11:46.205 INFO  k.co.seoulit.common.aop.LoggerAspect - Controller  : kr.co.seoulit.reception.controller.ReservationController.getReservation()종료
2026-02-13 16:11:47.593 INFO  k.co.seoulit.common.aop.LoggerAspect - Controller  : kr.co.seoulit.reception.controller.ReservationController.getReservation()시작
2026-02-13 16:11:47.593 INFO  k.c.s.r.c.ReservationController - 예약 조회 요청: id=2
2026-02-13 16:11:47.608 INFO  k.co.seoulit.common.aop.LoggerAspect - Controller  : kr.co.seoulit.reception.controller.MenuController.getMenus()시작
2026-02-13 16:11:47.608 INFO  k.co.seoulit.common.aop.LoggerAspect - Controller  : kr.co.seoulit.reception.controller.PatientController.getPatients()시작
2026-02-13 16:11:47.608 INFO  k.co.seoulit.common.aop.LoggerAspect - Controller  : kr.co.seoulit.reception.controller.MenuController.getMenus()종료
2026-02-13 16:11:47.616 INFO  k.co.seoulit.common.aop.LoggerAspect - Controller  : kr.co.seoulit.reception.controller.MenuController.getMenus()시작
2026-02-13 16:11:47.616 INFO  k.co.seoulit.common.aop.LoggerAspect - Controller  : kr.co.seoulit.reception.controller.MenuController.getMenus()종료
2026-02-13 16:11:47.637 INFO  k.co.seoulit.common.aop.LoggerAspect - ServiceImpl  : kr.co.seoulit.reception.service.ReservationServiceImpl.getReservation()시작
2026-02-13 16:11:47.638 DEBUG org.hibernate.SQL - select re1_0.reservation_id,re1_0.cancel_reason_code,re1_0.cancel_reason_text,re1_0.canceled_at,re1_0.created_at,re1_0.created_by,re1_0.department_id,re1_0.department_name,re1_0.doctor_id,re1_0.doctor_name,re1_0.inactive_at,re1_0.inactive_reason_code,re1_0.inactive_reason_text,re1_0.is_active,re1_0.note,re1_0.patient_id,re1_0.patient_name,re1_0.reservation_no,re1_0.reserved_at,re1_0.status,re1_0.updated_at,re1_0.updated_by from reservation re1_0 where re1_0.reservation_id=?
2026-02-13 16:11:47.638 TRACE org.hibernate.orm.jdbc.bind - binding parameter (1:BIGINT) <- [2]
2026-02-13 16:11:47.650 INFO  k.co.seoulit.common.aop.LoggerAspect - kr.co.seoulit.reception.mapstruct.ReservationResMapStructImpl.toDto()시작
2026-02-13 16:11:47.650 INFO  k.co.seoulit.common.aop.LoggerAspect - kr.co.seoulit.reception.mapstruct.ReservationResMapStructImpl.toDto()종료
2026-02-13 16:11:47.650 INFO  k.co.seoulit.common.aop.LoggerAspect - ServiceImpl  : kr.co.seoulit.reception.service.ReservationServiceImpl.getReservation()종료
2026-02-13 16:11:47.646 DEBUG org.hibernate.SQL - select pe1_0.patient_id,pe1_0.patient_name from patient pe1_0
2026-02-13 16:11:47.657 INFO  k.co.seoulit.common.aop.LoggerAspect - Controller  : kr.co.seoulit.reception.controller.ReservationController.getReservation()종료
2026-02-13 16:11:47.699 INFO  k.co.seoulit.common.aop.LoggerAspect - Controller  : kr.co.seoulit.reception.controller.PatientController.getPatients()종료
2026-02-13 16:11:47.727 INFO  k.co.seoulit.common.aop.LoggerAspect - Controller  : kr.co.seoulit.reception.controller.PatientController.getPatients()시작
2026-02-13 16:11:47.782 INFO  k.co.seoulit.common.aop.LoggerAspect - Controller  : kr.co.seoulit.reception.controller.ReservationController.getReservation()시작
2026-02-13 16:11:47.783 INFO  k.c.s.r.c.ReservationController - 예약 조회 요청: id=2
2026-02-13 16:11:47.846 DEBUG org.hibernate.SQL - select pe1_0.patient_id,pe1_0.patient_name from patient pe1_0
2026-02-13 16:11:47.883 INFO  k.co.seoulit.common.aop.LoggerAspect - Controller  : kr.co.seoulit.reception.controller.PatientController.getPatients()종료
2026-02-13 16:11:47.923 INFO  k.co.seoulit.common.aop.LoggerAspect - ServiceImpl  : kr.co.seoulit.reception.service.ReservationServiceImpl.getReservation()시작
2026-02-13 16:11:47.924 DEBUG org.hibernate.SQL - select re1_0.reservation_id,re1_0.cancel_reason_code,re1_0.cancel_reason_text,re1_0.canceled_at,re1_0.created_at,re1_0.created_by,re1_0.department_id,re1_0.department_name,re1_0.doctor_id,re1_0.doctor_name,re1_0.inactive_at,re1_0.inactive_reason_code,re1_0.inactive_reason_text,re1_0.is_active,re1_0.note,re1_0.patient_id,re1_0.patient_name,re1_0.reservation_no,re1_0.reserved_at,re1_0.status,re1_0.updated_at,re1_0.updated_by from reservation re1_0 where re1_0.reservation_id=?
2026-02-13 16:11:47.941 TRACE org.hibernate.orm.jdbc.bind - binding parameter (1:BIGINT) <- [2]
2026-02-13 16:11:47.952 INFO  k.co.seoulit.common.aop.LoggerAspect - kr.co.seoulit.reception.mapstruct.ReservationResMapStructImpl.toDto()시작
2026-02-13 16:11:47.952 INFO  k.co.seoulit.common.aop.LoggerAspect - kr.co.seoulit.reception.mapstruct.ReservationResMapStructImpl.toDto()종료
2026-02-13 16:11:47.952 INFO  k.co.seoulit.common.aop.LoggerAspect - ServiceImpl  : kr.co.seoulit.reception.service.ReservationServiceImpl.getReservation()종료
2026-02-13 16:11:47.958 INFO  k.co.seoulit.common.aop.LoggerAspect - Controller  : kr.co.seoulit.reception.controller.ReservationController.getReservation()종료
2026-02-13 16:11:50.655 INFO  k.co.seoulit.common.aop.LoggerAspect - Controller  : kr.co.seoulit.reception.controller.MenuController.getMenus()시작
2026-02-13 16:11:50.655 INFO  k.co.seoulit.common.aop.LoggerAspect - Controller  : kr.co.seoulit.reception.controller.MenuController.getMenus()종료
2026-02-13 16:11:50.668 INFO  k.co.seoulit.common.aop.LoggerAspect - Controller  : kr.co.seoulit.reception.controller.MenuController.getMenus()시작
2026-02-13 16:11:50.668 INFO  k.co.seoulit.common.aop.LoggerAspect - Controller  : kr.co.seoulit.reception.controller.MenuController.getMenus()종료
2026-02-13 16:11:50.675 INFO  k.co.seoulit.common.aop.LoggerAspect - Controller  : kr.co.seoulit.reception.controller.ReservationController.getReservation()시작
2026-02-13 16:11:50.675 INFO  k.c.s.r.c.ReservationController - 예약 조회 요청: id=2
2026-02-13 16:11:50.684 INFO  k.co.seoulit.common.aop.LoggerAspect - ServiceImpl  : kr.co.seoulit.reception.service.ReservationServiceImpl.getReservation()시작
2026-02-13 16:11:50.686 DEBUG org.hibernate.SQL - select re1_0.reservation_id,re1_0.cancel_reason_code,re1_0.cancel_reason_text,re1_0.canceled_at,re1_0.created_at,re1_0.created_by,re1_0.department_id,re1_0.department_name,re1_0.doctor_id,re1_0.doctor_name,re1_0.inactive_at,re1_0.inactive_reason_code,re1_0.inactive_reason_text,re1_0.is_active,re1_0.note,re1_0.patient_id,re1_0.patient_name,re1_0.reservation_no,re1_0.reserved_at,re1_0.status,re1_0.updated_at,re1_0.updated_by from reservation re1_0 where re1_0.reservation_id=?
2026-02-13 16:11:50.687 TRACE org.hibernate.orm.jdbc.bind - binding parameter (1:BIGINT) <- [2]
2026-02-13 16:11:50.697 INFO  k.co.seoulit.common.aop.LoggerAspect - kr.co.seoulit.reception.mapstruct.ReservationResMapStructImpl.toDto()시작
2026-02-13 16:11:50.697 INFO  k.co.seoulit.common.aop.LoggerAspect - kr.co.seoulit.reception.mapstruct.ReservationResMapStructImpl.toDto()종료
2026-02-13 16:11:50.698 INFO  k.co.seoulit.common.aop.LoggerAspect - ServiceImpl  : kr.co.seoulit.reception.service.ReservationServiceImpl.getReservation()종료
2026-02-13 16:11:50.705 INFO  k.co.seoulit.common.aop.LoggerAspect - Controller  : kr.co.seoulit.reception.controller.ReservationController.getReservation()종료
2026-02-13 16:11:50.733 INFO  k.co.seoulit.common.aop.LoggerAspect - Controller  : kr.co.seoulit.reception.controller.ReservationController.getReservation()시작
2026-02-13 16:11:50.734 INFO  k.c.s.r.c.ReservationController - 예약 조회 요청: id=2
2026-02-13 16:11:50.750 INFO  k.co.seoulit.common.aop.LoggerAspect - ServiceImpl  : kr.co.seoulit.reception.service.ReservationServiceImpl.getReservation()시작
2026-02-13 16:11:50.751 DEBUG org.hibernate.SQL - select re1_0.reservation_id,re1_0.cancel_reason_code,re1_0.cancel_reason_text,re1_0.canceled_at,re1_0.created_at,re1_0.created_by,re1_0.department_id,re1_0.department_name,re1_0.doctor_id,re1_0.doctor_name,re1_0.inactive_at,re1_0.inactive_reason_code,re1_0.inactive_reason_text,re1_0.is_active,re1_0.note,re1_0.patient_id,re1_0.patient_name,re1_0.reservation_no,re1_0.reserved_at,re1_0.status,re1_0.updated_at,re1_0.updated_by from reservation re1_0 where re1_0.reservation_id=?
2026-02-13 16:11:50.752 TRACE org.hibernate.orm.jdbc.bind - binding parameter (1:BIGINT) <- [2]
2026-02-13 16:11:50.769 INFO  k.co.seoulit.common.aop.LoggerAspect - kr.co.seoulit.reception.mapstruct.ReservationResMapStructImpl.toDto()시작
2026-02-13 16:11:50.769 INFO  k.co.seoulit.common.aop.LoggerAspect - kr.co.seoulit.reception.mapstruct.ReservationResMapStructImpl.toDto()종료
2026-02-13 16:11:50.769 INFO  k.co.seoulit.common.aop.LoggerAspect - ServiceImpl  : kr.co.seoulit.reception.service.ReservationServiceImpl.getReservation()종료
2026-02-13 16:11:50.776 INFO  k.co.seoulit.common.aop.LoggerAspect - Controller  : kr.co.seoulit.reception.controller.ReservationController.getReservation()종료
2026-02-13 16:11:51.592 INFO  k.co.seoulit.common.aop.LoggerAspect - Controller  : kr.co.seoulit.reception.controller.MenuController.getMenus()시작
2026-02-13 16:11:51.592 INFO  k.co.seoulit.common.aop.LoggerAspect - Controller  : kr.co.seoulit.reception.controller.MenuController.getMenus()종료
2026-02-13 16:11:51.610 INFO  k.co.seoulit.common.aop.LoggerAspect - Controller  : kr.co.seoulit.reception.controller.MenuController.getMenus()시작
2026-02-13 16:11:51.610 INFO  k.co.seoulit.common.aop.LoggerAspect - Controller  : kr.co.seoulit.reception.controller.MenuController.getMenus()종료
2026-02-13 16:11:51.621 INFO  k.co.seoulit.common.aop.LoggerAspect - Controller  : kr.co.seoulit.reception.controller.ReservationController.getReservations()시작
2026-02-13 16:11:51.622 INFO  k.c.s.r.c.ReservationController - 예약 목록 요청: searchType=null, searchValue=null
2026-02-13 16:11:51.630 INFO  k.co.seoulit.common.aop.LoggerAspect - ServiceImpl  : kr.co.seoulit.reception.service.ReservationServiceImpl.getReservationList()시작
2026-02-13 16:11:51.652 INFO  k.co.seoulit.common.aop.LoggerAspect - ServiceImpl  : kr.co.seoulit.reception.service.ReservationServiceImpl.getReservationList()종료
2026-02-13 16:11:51.657 INFO  k.co.seoulit.common.aop.LoggerAspect - Controller  : kr.co.seoulit.reception.controller.ReservationController.getReservations()종료
2026-02-13 16:11:51.674 INFO  k.co.seoulit.common.aop.LoggerAspect - Controller  : kr.co.seoulit.reception.controller.ReservationController.getReservations()시작
2026-02-13 16:11:51.674 INFO  k.c.s.r.c.ReservationController - 예약 목록 요청: searchType=null, searchValue=null
2026-02-13 16:11:51.682 INFO  k.co.seoulit.common.aop.LoggerAspect - ServiceImpl  : kr.co.seoulit.reception.service.ReservationServiceImpl.getReservationList()시작
2026-02-13 16:11:51.691 INFO  k.co.seoulit.common.aop.LoggerAspect - ServiceImpl  : kr.co.seoulit.reception.service.ReservationServiceImpl.getReservationList()종료
2026-02-13 16:11:51.696 INFO  k.co.seoulit.common.aop.LoggerAspect - Controller  : kr.co.seoulit.reception.controller.ReservationController.getReservations()종료
2026-02-13 16:27:48.162 INFO  k.co.seoulit.common.aop.LoggerAspect - Controller  : kr.co.seoulit.reception.controller.MenuController.getMenus()시작
2026-02-13 16:27:48.162 INFO  k.co.seoulit.common.aop.LoggerAspect - Controller  : kr.co.seoulit.reception.controller.MenuController.getMenus()종료
2026-02-13 16:27:48.206 INFO  k.co.seoulit.common.aop.LoggerAspect - Controller  : kr.co.seoulit.reception.controller.ReservationController.getReservations()시작
2026-02-13 16:27:48.207 INFO  k.c.s.r.c.ReservationController - 예약 목록 요청: searchType=null, searchValue=null
2026-02-13 16:27:48.226 INFO  k.co.seoulit.common.aop.LoggerAspect - ServiceImpl  : kr.co.seoulit.reception.service.ReservationServiceImpl.getReservationList()시작
2026-02-13 16:27:48.245 INFO  k.co.seoulit.common.aop.LoggerAspect - ServiceImpl  : kr.co.seoulit.reception.service.ReservationServiceImpl.getReservationList()종료
2026-02-13 16:27:48.254 INFO  k.co.seoulit.common.aop.LoggerAspect - Controller  : kr.co.seoulit.reception.controller.ReservationController.getReservations()종료
2026-02-13 16:27:50.438 INFO  k.co.seoulit.common.aop.LoggerAspect - Controller  : kr.co.seoulit.reception.controller.MenuController.getMenus()시작
2026-02-13 16:27:50.439 INFO  k.co.seoulit.common.aop.LoggerAspect - Controller  : kr.co.seoulit.reception.controller.MenuController.getMenus()종료
2026-02-13 16:27:50.464 INFO  k.co.seoulit.common.aop.LoggerAspect - Controller  : kr.co.seoulit.reception.controller.ReservationController.getReservations()시작
2026-02-13 16:27:50.465 INFO  k.c.s.r.c.ReservationController - 예약 목록 요청: searchType=null, searchValue=null
2026-02-13 16:27:50.475 INFO  k.co.seoulit.common.aop.LoggerAspect - ServiceImpl  : kr.co.seoulit.reception.service.ReservationServiceImpl.getReservationList()시작
2026-02-13 16:27:50.491 INFO  k.co.seoulit.common.aop.LoggerAspect - ServiceImpl  : kr.co.seoulit.reception.service.ReservationServiceImpl.getReservationList()종료
2026-02-13 16:27:50.500 INFO  k.co.seoulit.common.aop.LoggerAspect - Controller  : kr.co.seoulit.reception.controller.ReservationController.getReservations()종료
2026-02-13 16:37:11.875 INFO  k.co.seoulit.common.aop.LoggerAspect - Controller  : kr.co.seoulit.reception.controller.MenuController.getMenus()시작
2026-02-13 16:37:11.875 INFO  k.co.seoulit.common.aop.LoggerAspect - Controller  : kr.co.seoulit.reception.controller.MenuController.getMenus()종료
2026-02-13 16:37:11.888 INFO  k.co.seoulit.common.aop.LoggerAspect - Controller  : kr.co.seoulit.reception.controller.MenuController.getMenus()시작
2026-02-13 16:37:11.888 INFO  k.co.seoulit.common.aop.LoggerAspect - Controller  : kr.co.seoulit.reception.controller.MenuController.getMenus()종료
2026-02-13 16:37:11.945 INFO  k.co.seoulit.common.aop.LoggerAspect - Controller  : kr.co.seoulit.reception.controller.ReceptionController.getReceptions()시작
2026-02-13 16:37:11.945 INFO  k.c.s.r.c.ReceptionController - 접수 목록 요청: searchType=null, searchValue=null
2026-02-13 16:37:11.951 INFO  k.co.seoulit.common.aop.LoggerAspect - Controller  : kr.co.seoulit.reception.controller.ReceptionController.getReceptions()시작
2026-02-13 16:37:11.952 INFO  k.c.s.r.c.ReceptionController - 접수 목록 요청: searchType=null, searchValue=null
2026-02-13 16:37:11.956 INFO  k.co.seoulit.common.aop.LoggerAspect - ServiceImpl  : kr.co.seoulit.reception.service.ReceptionServiceImpl.getReceptionList()시작
2026-02-13 16:37:11.960 INFO  k.co.seoulit.common.aop.LoggerAspect - ServiceImpl  : kr.co.seoulit.reception.service.ReceptionServiceImpl.getReceptionList()시작
2026-02-13 16:37:11.977 INFO  k.co.seoulit.common.aop.LoggerAspect - ServiceImpl  : kr.co.seoulit.reception.service.ReceptionServiceImpl.getReceptionList()종료
2026-02-13 16:37:11.977 INFO  k.co.seoulit.common.aop.LoggerAspect - ServiceImpl  : kr.co.seoulit.reception.service.ReceptionServiceImpl.getReceptionList()종료
2026-02-13 16:37:11.983 INFO  k.co.seoulit.common.aop.LoggerAspect - Controller  : kr.co.seoulit.reception.controller.ReceptionController.getReceptions()종료
2026-02-13 16:37:11.983 INFO  k.co.seoulit.common.aop.LoggerAspect - Controller  : kr.co.seoulit.reception.controller.ReceptionController.getReceptions()종료
2026-02-13 16:37:19.446 INFO  k.co.seoulit.common.aop.LoggerAspect - Controller  : kr.co.seoulit.reception.controller.MenuController.getMenus()시작
2026-02-13 16:37:19.446 INFO  k.co.seoulit.common.aop.LoggerAspect - Controller  : kr.co.seoulit.reception.controller.MenuController.getMenus()종료
2026-02-13 16:37:19.458 INFO  k.co.seoulit.common.aop.LoggerAspect - Controller  : kr.co.seoulit.reception.controller.MenuController.getMenus()시작
2026-02-13 16:37:19.459 INFO  k.co.seoulit.common.aop.LoggerAspect - Controller  : kr.co.seoulit.reception.controller.MenuController.getMenus()종료
2026-02-13 16:37:19.496 INFO  k.co.seoulit.common.aop.LoggerAspect - Controller  : kr.co.seoulit.reception.controller.ReservationController.getReservations()시작
2026-02-13 16:37:19.497 INFO  k.c.s.r.c.ReservationController - 예약 목록 요청: searchType=null, searchValue=null
2026-02-13 16:37:19.515 INFO  k.co.seoulit.common.aop.LoggerAspect - ServiceImpl  : kr.co.seoulit.reception.service.ReservationServiceImpl.getReservationList()시작
2026-02-13 16:37:19.545 INFO  k.co.seoulit.common.aop.LoggerAspect - ServiceImpl  : kr.co.seoulit.reception.service.ReservationServiceImpl.getReservationList()종료
2026-02-13 16:37:19.584 INFO  k.co.seoulit.common.aop.LoggerAspect - Controller  : kr.co.seoulit.reception.controller.ReservationController.getReservations()종료
2026-02-13 16:37:19.629 INFO  k.co.seoulit.common.aop.LoggerAspect - Controller  : kr.co.seoulit.reception.controller.ReservationController.getReservations()시작
2026-02-13 16:37:19.630 INFO  k.c.s.r.c.ReservationController - 예약 목록 요청: searchType=null, searchValue=null
2026-02-13 16:37:19.631 INFO  k.co.seoulit.common.aop.LoggerAspect - ServiceImpl  : kr.co.seoulit.reception.service.ReservationServiceImpl.getReservationList()시작
2026-02-13 16:37:19.644 INFO  k.co.seoulit.common.aop.LoggerAspect - ServiceImpl  : kr.co.seoulit.reception.service.ReservationServiceImpl.getReservationList()종료
2026-02-13 16:37:19.651 INFO  k.co.seoulit.common.aop.LoggerAspect - Controller  : kr.co.seoulit.reception.controller.ReservationController.getReservations()종료
2026-02-13 16:37:25.226 INFO  k.co.seoulit.common.aop.LoggerAspect - Controller  : kr.co.seoulit.reception.controller.MenuController.getMenus()시작
2026-02-13 16:37:25.227 INFO  k.co.seoulit.common.aop.LoggerAspect - Controller  : kr.co.seoulit.reception.controller.MenuController.getMenus()종료
2026-02-13 16:37:25.230 INFO  k.co.seoulit.common.aop.LoggerAspect - Controller  : kr.co.seoulit.reception.controller.MenuController.getMenus()시작
2026-02-13 16:37:25.232 INFO  k.co.seoulit.common.aop.LoggerAspect - Controller  : kr.co.seoulit.reception.controller.MenuController.getMenus()종료
2026-02-13 16:37:25.237 INFO  k.co.seoulit.common.aop.LoggerAspect - Controller  : kr.co.seoulit.reception.controller.ReservationController.getReservations()시작
2026-02-13 16:37:25.238 INFO  k.c.s.r.c.ReservationController - 예약 목록 요청: searchType=status, searchValue=COMPLETED
2026-02-13 16:37:25.249 INFO  k.co.seoulit.common.aop.LoggerAspect - ServiceImpl  : kr.co.seoulit.reception.service.ReservationServiceImpl.getReservationList()시작
2026-02-13 16:37:25.259 INFO  k.co.seoulit.common.aop.LoggerAspect - ServiceImpl  : kr.co.seoulit.reception.service.ReservationServiceImpl.getReservationList()종료
2026-02-13 16:37:25.264 INFO  k.co.seoulit.common.aop.LoggerAspect - Controller  : kr.co.seoulit.reception.controller.ReservationController.getReservations()종료
2026-02-13 16:37:25.290 INFO  k.co.seoulit.common.aop.LoggerAspect - Controller  : kr.co.seoulit.reception.controller.ReservationController.getReservations()시작
2026-02-13 16:37:25.291 INFO  k.c.s.r.c.ReservationController - 예약 목록 요청: searchType=status, searchValue=COMPLETED
2026-02-13 16:37:25.291 INFO  k.co.seoulit.common.aop.LoggerAspect - ServiceImpl  : kr.co.seoulit.reception.service.ReservationServiceImpl.getReservationList()시작
2026-02-13 16:37:25.298 INFO  k.co.seoulit.common.aop.LoggerAspect - ServiceImpl  : kr.co.seoulit.reception.service.ReservationServiceImpl.getReservationList()종료
2026-02-13 16:37:25.304 INFO  k.co.seoulit.common.aop.LoggerAspect - Controller  : kr.co.seoulit.reception.controller.ReservationController.getReservations()종료
2026-02-13 16:37:27.086 INFO  k.co.seoulit.common.aop.LoggerAspect - Controller  : kr.co.seoulit.reception.controller.MenuController.getMenus()시작
2026-02-13 16:37:27.087 INFO  k.co.seoulit.common.aop.LoggerAspect - Controller  : kr.co.seoulit.reception.controller.MenuController.getMenus()종료
2026-02-13 16:37:27.092 INFO  k.co.seoulit.common.aop.LoggerAspect - Controller  : kr.co.seoulit.reception.controller.MenuController.getMenus()시작
2026-02-13 16:37:27.093 INFO  k.co.seoulit.common.aop.LoggerAspect - Controller  : kr.co.seoulit.reception.controller.MenuController.getMenus()종료
2026-02-13 16:37:27.122 INFO  k.co.seoulit.common.aop.LoggerAspect - Controller  : kr.co.seoulit.reception.controller.ReservationController.getReservations()시작
2026-02-13 16:37:27.124 INFO  k.c.s.r.c.ReservationController - 예약 목록 요청: searchType=null, searchValue=null
2026-02-13 16:37:27.134 INFO  k.co.seoulit.common.aop.LoggerAspect - ServiceImpl  : kr.co.seoulit.reception.service.ReservationServiceImpl.getReservationList()시작
2026-02-13 16:37:27.142 INFO  k.co.seoulit.common.aop.LoggerAspect - ServiceImpl  : kr.co.seoulit.reception.service.ReservationServiceImpl.getReservationList()종료
2026-02-13 16:37:27.147 INFO  k.co.seoulit.common.aop.LoggerAspect - Controller  : kr.co.seoulit.reception.controller.ReservationController.getReservations()종료
2026-02-13 16:37:27.167 INFO  k.co.seoulit.common.aop.LoggerAspect - Controller  : kr.co.seoulit.reception.controller.ReservationController.getReservations()시작
2026-02-13 16:37:27.168 INFO  k.c.s.r.c.ReservationController - 예약 목록 요청: searchType=null, searchValue=null
2026-02-13 16:37:27.168 INFO  k.co.seoulit.common.aop.LoggerAspect - ServiceImpl  : kr.co.seoulit.reception.service.ReservationServiceImpl.getReservationList()시작
2026-02-13 16:37:27.181 INFO  k.co.seoulit.common.aop.LoggerAspect - ServiceImpl  : kr.co.seoulit.reception.service.ReservationServiceImpl.getReservationList()종료
2026-02-13 16:37:27.187 INFO  k.co.seoulit.common.aop.LoggerAspect - Controller  : kr.co.seoulit.reception.controller.ReservationController.getReservations()종료
2026-02-13 16:37:31.480 INFO  k.co.seoulit.common.aop.LoggerAspect - Controller  : kr.co.seoulit.reception.controller.ReservationController.updateReservation()시작
2026-02-13 16:37:31.480 INFO  k.c.s.r.c.ReservationController - 예약 수정 요청: id=1
2026-02-13 16:37:31.487 INFO  k.co.seoulit.common.aop.LoggerAspect - ServiceImpl  : kr.co.seoulit.reception.service.ReservationServiceImpl.updateReservation()시작
2026-02-13 16:37:31.488 DEBUG org.hibernate.SQL - select re1_0.reservation_id,re1_0.cancel_reason_code,re1_0.cancel_reason_text,re1_0.canceled_at,re1_0.created_at,re1_0.created_by,re1_0.department_id,re1_0.department_name,re1_0.doctor_id,re1_0.doctor_name,re1_0.inactive_at,re1_0.inactive_reason_code,re1_0.inactive_reason_text,re1_0.is_active,re1_0.note,re1_0.patient_id,re1_0.patient_name,re1_0.reservation_no,re1_0.reserved_at,re1_0.status,re1_0.updated_at,re1_0.updated_by from reservation re1_0 where re1_0.reservation_id=?
2026-02-13 16:37:31.488 TRACE org.hibernate.orm.jdbc.bind - binding parameter (1:BIGINT) <- [1]
2026-02-13 16:37:31.497 INFO  k.co.seoulit.common.aop.LoggerAspect - kr.co.seoulit.reception.mapstruct.ReservationResMapStructImpl.toDto()시작
2026-02-13 16:37:31.497 INFO  k.co.seoulit.common.aop.LoggerAspect - kr.co.seoulit.reception.mapstruct.ReservationResMapStructImpl.toDto()종료
2026-02-13 16:37:31.499 INFO  k.co.seoulit.common.aop.LoggerAspect - kr.co.seoulit.reception.mapstruct.ReservationResMapStructImpl.toDto()시작
2026-02-13 16:37:31.499 INFO  k.co.seoulit.common.aop.LoggerAspect - kr.co.seoulit.reception.mapstruct.ReservationResMapStructImpl.toDto()종료
2026-02-13 16:37:31.500 DEBUG org.hibernate.SQL - select seq_audit_log.nextval from dual
2026-02-13 16:37:31.516 INFO  k.co.seoulit.common.aop.LoggerAspect - ServiceImpl  : kr.co.seoulit.reception.service.ReservationServiceImpl.updateReservation()종료
2026-02-13 16:37:31.517 DEBUG org.hibernate.SQL - insert into audit_log (action,actor_id,after_json,before_json,diff_json,entity_id,entity_type,occurred_at,reason_code,reason_text,audit_log_id) values (?,?,?,?,?,?,?,?,?,?,?)
2026-02-13 16:37:31.517 TRACE org.hibernate.orm.jdbc.bind - binding parameter (1:VARCHAR) <- [UPDATE]
2026-02-13 16:37:31.517 TRACE org.hibernate.orm.jdbc.bind - binding parameter (2:BIGINT) <- [null]
2026-02-13 16:37:31.517 TRACE org.hibernate.orm.jdbc.bind - binding parameter (3:VARCHAR) <- [{"reservationId":1,"reservationNo":"20260212-101","patientId":9,"patientName":"박영섭","departmentId":1,"departmentName":"내과","doctorId":1,"doctorName":"송태민","reservedAt":"2026-02-13T20:16:00","status":"COMPLETED","note":null,"isActive":true,"inactiveAt":null,"inactiveReasonCode":null,"inactiveReasonText":null,"canceledAt":null,"cancelReasonCode":null,"cancelReasonText":null,"createdBy":null,"updatedBy":null,"createdAt":"2026-02-12T20:16:45.480864","updatedAt":"2026-02-12T20:16:45.480864"}]
2026-02-13 16:37:31.518 TRACE org.hibernate.orm.jdbc.bind - binding parameter (4:VARCHAR) <- [{"reservationId":1,"reservationNo":"20260212-101","patientId":9,"patientName":"박영섭","departmentId":1,"departmentName":"내과","doctorId":1,"doctorName":"송태민","reservedAt":"2026-02-13T20:16:00","status":"RESERVED","note":null,"isActive":true,"inactiveAt":null,"inactiveReasonCode":null,"inactiveReasonText":null,"canceledAt":null,"cancelReasonCode":null,"cancelReasonText":null,"createdBy":null,"updatedBy":null,"createdAt":"2026-02-12T20:16:45.480864","updatedAt":"2026-02-12T20:16:45.480864"}]
2026-02-13 16:37:31.518 TRACE org.hibernate.orm.jdbc.bind - binding parameter (5:VARCHAR) <- [null]
2026-02-13 16:37:31.518 TRACE org.hibernate.orm.jdbc.bind - binding parameter (6:BIGINT) <- [1]
2026-02-13 16:37:31.518 TRACE org.hibernate.orm.jdbc.bind - binding parameter (7:VARCHAR) <- [RESERVATION]
2026-02-13 16:37:31.518 TRACE org.hibernate.orm.jdbc.bind - binding parameter (8:TIMESTAMP) <- [2026-02-13T16:37:31.517258]
2026-02-13 16:37:31.518 TRACE org.hibernate.orm.jdbc.bind - binding parameter (9:VARCHAR) <- [null]
2026-02-13 16:37:31.518 TRACE org.hibernate.orm.jdbc.bind - binding parameter (10:VARCHAR) <- [null]
2026-02-13 16:37:31.518 TRACE org.hibernate.orm.jdbc.bind - binding parameter (11:BIGINT) <- [53]
2026-02-13 16:37:31.537 DEBUG org.hibernate.SQL - update reservation set cancel_reason_code=?,cancel_reason_text=?,canceled_at=?,created_by=?,department_id=?,department_name=?,doctor_id=?,doctor_name=?,inactive_at=?,inactive_reason_code=?,inactive_reason_text=?,is_active=?,note=?,patient_id=?,patient_name=?,reservation_no=?,reserved_at=?,status=?,updated_at=?,updated_by=? where reservation_id=?
2026-02-13 16:37:31.538 TRACE org.hibernate.orm.jdbc.bind - binding parameter (1:VARCHAR) <- [null]
2026-02-13 16:37:31.538 TRACE org.hibernate.orm.jdbc.bind - binding parameter (2:VARCHAR) <- [null]
2026-02-13 16:37:31.538 TRACE org.hibernate.orm.jdbc.bind - binding parameter (3:TIMESTAMP) <- [null]
2026-02-13 16:37:31.538 TRACE org.hibernate.orm.jdbc.bind - binding parameter (4:BIGINT) <- [null]
2026-02-13 16:37:31.538 TRACE org.hibernate.orm.jdbc.bind - binding parameter (5:BIGINT) <- [1]
2026-02-13 16:37:31.538 TRACE org.hibernate.orm.jdbc.bind - binding parameter (6:VARCHAR) <- [내과]
2026-02-13 16:37:31.538 TRACE org.hibernate.orm.jdbc.bind - binding parameter (7:BIGINT) <- [1]
2026-02-13 16:37:31.539 TRACE org.hibernate.orm.jdbc.bind - binding parameter (8:VARCHAR) <- [송태민]
2026-02-13 16:37:31.539 TRACE org.hibernate.orm.jdbc.bind - binding parameter (9:TIMESTAMP) <- [null]
2026-02-13 16:37:31.539 TRACE org.hibernate.orm.jdbc.bind - binding parameter (10:VARCHAR) <- [null]
2026-02-13 16:37:31.539 TRACE org.hibernate.orm.jdbc.bind - binding parameter (11:VARCHAR) <- [null]
2026-02-13 16:37:31.539 TRACE org.hibernate.orm.jdbc.bind - binding parameter (12:BOOLEAN) <- [true]
2026-02-13 16:37:31.539 TRACE org.hibernate.orm.jdbc.bind - binding parameter (13:VARCHAR) <- [null]
2026-02-13 16:37:31.539 TRACE org.hibernate.orm.jdbc.bind - binding parameter (14:BIGINT) <- [9]
2026-02-13 16:37:31.539 TRACE org.hibernate.orm.jdbc.bind - binding parameter (15:VARCHAR) <- [박영섭]
2026-02-13 16:37:31.539 TRACE org.hibernate.orm.jdbc.bind - binding parameter (16:VARCHAR) <- [20260212-101]
2026-02-13 16:37:31.539 TRACE org.hibernate.orm.jdbc.bind - binding parameter (17:TIMESTAMP) <- [2026-02-13T20:16]
2026-02-13 16:37:31.540 TRACE org.hibernate.orm.jdbc.bind - binding parameter (18:VARCHAR) <- [COMPLETED]
2026-02-13 16:37:31.540 TRACE org.hibernate.orm.jdbc.bind - binding parameter (19:TIMESTAMP) <- [2026-02-13T16:37:31.536280]
2026-02-13 16:37:31.540 TRACE org.hibernate.orm.jdbc.bind - binding parameter (20:BIGINT) <- [null]
2026-02-13 16:37:31.540 TRACE org.hibernate.orm.jdbc.bind - binding parameter (21:BIGINT) <- [1]
2026-02-13 16:37:31.555 INFO  k.co.seoulit.common.aop.LoggerAspect - Controller  : kr.co.seoulit.reception.controller.ReservationController.updateReservation()종료
2026-02-13 16:37:31.578 INFO  k.co.seoulit.common.aop.LoggerAspect - Controller  : kr.co.seoulit.reception.controller.ReservationController.getReservations()시작
2026-02-13 16:37:31.578 INFO  k.c.s.r.c.ReservationController - 예약 목록 요청: searchType=null, searchValue=null
2026-02-13 16:37:31.578 INFO  k.co.seoulit.common.aop.LoggerAspect - ServiceImpl  : kr.co.seoulit.reception.service.ReservationServiceImpl.getReservationList()시작
2026-02-13 16:37:31.586 INFO  k.co.seoulit.common.aop.LoggerAspect - ServiceImpl  : kr.co.seoulit.reception.service.ReservationServiceImpl.getReservationList()종료
2026-02-13 16:37:31.592 INFO  k.co.seoulit.common.aop.LoggerAspect - Controller  : kr.co.seoulit.reception.controller.ReservationController.getReservations()종료
2026-02-13 16:37:34.549 INFO  k.co.seoulit.common.aop.LoggerAspect - Controller  : kr.co.seoulit.reception.controller.MenuController.getMenus()시작
2026-02-13 16:37:34.549 INFO  k.co.seoulit.common.aop.LoggerAspect - Controller  : kr.co.seoulit.reception.controller.MenuController.getMenus()종료
2026-02-13 16:37:34.556 INFO  k.co.seoulit.common.aop.LoggerAspect - Controller  : kr.co.seoulit.reception.controller.MenuController.getMenus()시작
2026-02-13 16:37:34.556 INFO  k.co.seoulit.common.aop.LoggerAspect - Controller  : kr.co.seoulit.reception.controller.MenuController.getMenus()종료
2026-02-13 16:37:34.576 INFO  k.co.seoulit.common.aop.LoggerAspect - Controller  : kr.co.seoulit.reception.controller.ReservationController.getReservations()시작
2026-02-13 16:37:34.576 INFO  k.c.s.r.c.ReservationController - 예약 목록 요청: searchType=status, searchValue=COMPLETED
2026-02-13 16:37:34.584 INFO  k.co.seoulit.common.aop.LoggerAspect - ServiceImpl  : kr.co.seoulit.reception.service.ReservationServiceImpl.getReservationList()시작
2026-02-13 16:37:34.595 INFO  k.co.seoulit.common.aop.LoggerAspect - ServiceImpl  : kr.co.seoulit.reception.service.ReservationServiceImpl.getReservationList()종료
2026-02-13 16:37:34.602 INFO  k.co.seoulit.common.aop.LoggerAspect - Controller  : kr.co.seoulit.reception.controller.ReservationController.getReservations()종료
2026-02-13 16:37:34.623 INFO  k.co.seoulit.common.aop.LoggerAspect - Controller  : kr.co.seoulit.reception.controller.ReservationController.getReservations()시작
2026-02-13 16:37:34.623 INFO  k.c.s.r.c.ReservationController - 예약 목록 요청: searchType=status, searchValue=COMPLETED
2026-02-13 16:37:34.623 INFO  k.co.seoulit.common.aop.LoggerAspect - ServiceImpl  : kr.co.seoulit.reception.service.ReservationServiceImpl.getReservationList()시작
2026-02-13 16:37:34.633 INFO  k.co.seoulit.common.aop.LoggerAspect - ServiceImpl  : kr.co.seoulit.reception.service.ReservationServiceImpl.getReservationList()종료
2026-02-13 16:37:34.641 INFO  k.co.seoulit.common.aop.LoggerAspect - Controller  : kr.co.seoulit.reception.controller.ReservationController.getReservations()종료
2026-02-13 16:37:35.938 INFO  k.co.seoulit.common.aop.LoggerAspect - Controller  : kr.co.seoulit.reception.controller.MenuController.getMenus()시작
2026-02-13 16:37:35.938 INFO  k.co.seoulit.common.aop.LoggerAspect - Controller  : kr.co.seoulit.reception.controller.MenuController.getMenus()종료
2026-02-13 16:37:35.942 INFO  k.co.seoulit.common.aop.LoggerAspect - Controller  : kr.co.seoulit.reception.controller.MenuController.getMenus()시작
2026-02-13 16:37:35.942 INFO  k.co.seoulit.common.aop.LoggerAspect - Controller  : kr.co.seoulit.reception.controller.MenuController.getMenus()종료
2026-02-13 16:37:35.947 INFO  k.co.seoulit.common.aop.LoggerAspect - Controller  : kr.co.seoulit.reception.controller.ReservationController.getReservations()시작
2026-02-13 16:37:35.948 INFO  k.c.s.r.c.ReservationController - 예약 목록 요청: searchType=null, searchValue=null
2026-02-13 16:37:35.955 INFO  k.co.seoulit.common.aop.LoggerAspect - ServiceImpl  : kr.co.seoulit.reception.service.ReservationServiceImpl.getReservationList()시작
2026-02-13 16:37:35.962 INFO  k.co.seoulit.common.aop.LoggerAspect - ServiceImpl  : kr.co.seoulit.reception.service.ReservationServiceImpl.getReservationList()종료
2026-02-13 16:37:35.968 INFO  k.co.seoulit.common.aop.LoggerAspect - Controller  : kr.co.seoulit.reception.controller.ReservationController.getReservations()종료
2026-02-13 16:37:35.984 INFO  k.co.seoulit.common.aop.LoggerAspect - Controller  : kr.co.seoulit.reception.controller.ReservationController.getReservations()시작
2026-02-13 16:37:35.984 INFO  k.c.s.r.c.ReservationController - 예약 목록 요청: searchType=null, searchValue=null
2026-02-13 16:37:35.985 INFO  k.co.seoulit.common.aop.LoggerAspect - ServiceImpl  : kr.co.seoulit.reception.service.ReservationServiceImpl.getReservationList()시작
2026-02-13 16:37:35.992 INFO  k.co.seoulit.common.aop.LoggerAspect - ServiceImpl  : kr.co.seoulit.reception.service.ReservationServiceImpl.getReservationList()종료
2026-02-13 16:37:35.998 INFO  k.co.seoulit.common.aop.LoggerAspect - Controller  : kr.co.seoulit.reception.controller.ReservationController.getReservations()종료
2026-02-13 16:37:58.335 INFO  k.co.seoulit.common.aop.LoggerAspect - Controller  : kr.co.seoulit.reception.controller.MenuController.getMenus()시작
2026-02-13 16:37:58.335 INFO  k.co.seoulit.common.aop.LoggerAspect - Controller  : kr.co.seoulit.reception.controller.MenuController.getMenus()종료
2026-02-13 16:37:58.350 INFO  k.co.seoulit.common.aop.LoggerAspect - Controller  : kr.co.seoulit.reception.controller.MenuController.getMenus()시작
2026-02-13 16:37:58.350 INFO  k.co.seoulit.common.aop.LoggerAspect - Controller  : kr.co.seoulit.reception.controller.MenuController.getMenus()종료
2026-02-13 16:37:58.375 INFO  k.co.seoulit.common.aop.LoggerAspect - Controller  : kr.co.seoulit.reception.controller.ReservationController.getReservations()시작
2026-02-13 16:37:58.375 INFO  k.c.s.r.c.ReservationController - 예약 목록 요청: searchType=status, searchValue=COMPLETED
2026-02-13 16:37:58.384 INFO  k.co.seoulit.common.aop.LoggerAspect - ServiceImpl  : kr.co.seoulit.reception.service.ReservationServiceImpl.getReservationList()시작
2026-02-13 16:37:58.405 INFO  k.co.seoulit.common.aop.LoggerAspect - ServiceImpl  : kr.co.seoulit.reception.service.ReservationServiceImpl.getReservationList()종료
2026-02-13 16:37:58.411 INFO  k.co.seoulit.common.aop.LoggerAspect - Controller  : kr.co.seoulit.reception.controller.ReservationController.getReservations()종료
2026-02-13 16:37:58.481 INFO  k.co.seoulit.common.aop.LoggerAspect - Controller  : kr.co.seoulit.reception.controller.ReservationController.getReservations()시작
2026-02-13 16:37:58.483 INFO  k.c.s.r.c.ReservationController - 예약 목록 요청: searchType=status, searchValue=COMPLETED
2026-02-13 16:37:58.484 INFO  k.co.seoulit.common.aop.LoggerAspect - ServiceImpl  : kr.co.seoulit.reception.service.ReservationServiceImpl.getReservationList()시작
2026-02-13 16:37:58.498 INFO  k.co.seoulit.common.aop.LoggerAspect - ServiceImpl  : kr.co.seoulit.reception.service.ReservationServiceImpl.getReservationList()종료
2026-02-13 16:37:58.506 INFO  k.co.seoulit.common.aop.LoggerAspect - Controller  : kr.co.seoulit.reception.controller.ReservationController.getReservations()종료
2026-02-13 16:38:43.534 INFO  k.co.seoulit.common.aop.LoggerAspect - Controller  : kr.co.seoulit.reception.controller.MenuController.getMenus()시작
2026-02-13 16:38:43.534 INFO  k.co.seoulit.common.aop.LoggerAspect - Controller  : kr.co.seoulit.reception.controller.MenuController.getMenus()종료
2026-02-13 16:38:43.548 INFO  k.co.seoulit.common.aop.LoggerAspect - Controller  : kr.co.seoulit.reception.controller.MenuController.getMenus()시작
2026-02-13 16:38:43.548 INFO  k.co.seoulit.common.aop.LoggerAspect - Controller  : kr.co.seoulit.reception.controller.MenuController.getMenus()종료
2026-02-13 16:38:43.675 INFO  k.co.seoulit.common.aop.LoggerAspect - Controller  : kr.co.seoulit.reception.controller.ReservationController.getReservations()시작
2026-02-13 16:38:43.675 INFO  k.c.s.r.c.ReservationController - 예약 목록 요청: searchType=null, searchValue=null
2026-02-13 16:38:43.768 INFO  k.co.seoulit.common.aop.LoggerAspect - ServiceImpl  : kr.co.seoulit.reception.service.ReservationServiceImpl.getReservationList()시작
2026-02-13 16:38:43.800 INFO  k.co.seoulit.common.aop.LoggerAspect - ServiceImpl  : kr.co.seoulit.reception.service.ReservationServiceImpl.getReservationList()종료
2026-02-13 16:38:43.808 INFO  k.co.seoulit.common.aop.LoggerAspect - Controller  : kr.co.seoulit.reception.controller.ReservationController.getReservations()종료
2026-02-13 16:38:44.044 INFO  k.co.seoulit.common.aop.LoggerAspect - Controller  : kr.co.seoulit.reception.controller.ReservationController.getReservations()시작
2026-02-13 16:38:44.050 INFO  k.c.s.r.c.ReservationController - 예약 목록 요청: searchType=null, searchValue=null
2026-02-13 16:38:44.109 INFO  k.co.seoulit.common.aop.LoggerAspect - ServiceImpl  : kr.co.seoulit.reception.service.ReservationServiceImpl.getReservationList()시작
2026-02-13 16:38:44.149 INFO  k.co.seoulit.common.aop.LoggerAspect - ServiceImpl  : kr.co.seoulit.reception.service.ReservationServiceImpl.getReservationList()종료
2026-02-13 16:38:44.164 INFO  k.co.seoulit.common.aop.LoggerAspect - Controller  : kr.co.seoulit.reception.controller.ReservationController.getReservations()종료
2026-02-13 16:59:38.033 INFO  k.co.seoulit.common.aop.LoggerAspect - Controller  : kr.co.seoulit.reception.controller.MenuController.getMenus()시작
2026-02-13 16:59:38.033 INFO  k.co.seoulit.common.aop.LoggerAspect - Controller  : kr.co.seoulit.reception.controller.MenuController.getMenus()종료
2026-02-13 16:59:38.041 INFO  k.co.seoulit.common.aop.LoggerAspect - Controller  : kr.co.seoulit.reception.controller.ReservationController.getReservations()시작
2026-02-13 16:59:38.041 INFO  k.c.s.r.c.ReservationController - 예약 목록 요청: searchType=null, searchValue=null
2026-02-13 16:59:38.056 INFO  k.co.seoulit.common.aop.LoggerAspect - ServiceImpl  : kr.co.seoulit.reception.service.ReservationServiceImpl.getReservationList()시작
2026-02-13 16:59:38.070 INFO  k.co.seoulit.common.aop.LoggerAspect - ServiceImpl  : kr.co.seoulit.reception.service.ReservationServiceImpl.getReservationList()종료
2026-02-13 16:59:38.075 INFO  k.co.seoulit.common.aop.LoggerAspect - Controller  : kr.co.seoulit.reception.controller.ReservationController.getReservations()종료
2026-02-13 16:59:40.083 INFO  k.co.seoulit.common.aop.LoggerAspect - Controller  : kr.co.seoulit.reception.controller.MenuController.getMenus()시작
2026-02-13 16:59:40.083 INFO  k.co.seoulit.common.aop.LoggerAspect - Controller  : kr.co.seoulit.reception.controller.MenuController.getMenus()종료
2026-02-13 16:59:40.089 INFO  k.co.seoulit.common.aop.LoggerAspect - Controller  : kr.co.seoulit.reception.controller.MenuController.getMenus()시작
2026-02-13 16:59:40.089 INFO  k.co.seoulit.common.aop.LoggerAspect - Controller  : kr.co.seoulit.reception.controller.MenuController.getMenus()종료
2026-02-13 16:59:40.094 INFO  k.co.seoulit.common.aop.LoggerAspect - Controller  : kr.co.seoulit.reception.controller.ReservationController.getReservations()시작
2026-02-13 16:59:40.094 INFO  k.c.s.r.c.ReservationController - 예약 목록 요청: searchType=status, searchValue=COMPLETED
2026-02-13 16:59:40.102 INFO  k.co.seoulit.common.aop.LoggerAspect - ServiceImpl  : kr.co.seoulit.reception.service.ReservationServiceImpl.getReservationList()시작
2026-02-13 16:59:40.123 INFO  k.co.seoulit.common.aop.LoggerAspect - ServiceImpl  : kr.co.seoulit.reception.service.ReservationServiceImpl.getReservationList()종료
2026-02-13 16:59:40.128 INFO  k.co.seoulit.common.aop.LoggerAspect - Controller  : kr.co.seoulit.reception.controller.ReservationController.getReservations()종료
2026-02-13 16:59:40.145 INFO  k.co.seoulit.common.aop.LoggerAspect - Controller  : kr.co.seoulit.reception.controller.ReservationController.getReservations()시작
2026-02-13 16:59:40.146 INFO  k.c.s.r.c.ReservationController - 예약 목록 요청: searchType=status, searchValue=COMPLETED
2026-02-13 16:59:40.146 INFO  k.co.seoulit.common.aop.LoggerAspect - ServiceImpl  : kr.co.seoulit.reception.service.ReservationServiceImpl.getReservationList()시작
2026-02-13 16:59:40.156 INFO  k.co.seoulit.common.aop.LoggerAspect - ServiceImpl  : kr.co.seoulit.reception.service.ReservationServiceImpl.getReservationList()종료
2026-02-13 16:59:40.160 INFO  k.co.seoulit.common.aop.LoggerAspect - Controller  : kr.co.seoulit.reception.controller.ReservationController.getReservations()종료
2026-02-13 16:59:46.441 INFO  k.co.seoulit.common.aop.LoggerAspect - Controller  : kr.co.seoulit.reception.controller.MenuController.getMenus()시작
2026-02-13 16:59:46.443 INFO  k.co.seoulit.common.aop.LoggerAspect - Controller  : kr.co.seoulit.reception.controller.MenuController.getMenus()종료
2026-02-13 16:59:46.453 INFO  k.co.seoulit.common.aop.LoggerAspect - Controller  : kr.co.seoulit.reception.controller.MenuController.getMenus()시작
2026-02-13 16:59:46.453 INFO  k.co.seoulit.common.aop.LoggerAspect - Controller  : kr.co.seoulit.reception.controller.MenuController.getMenus()종료
2026-02-13 16:59:46.472 INFO  k.co.seoulit.common.aop.LoggerAspect - Controller  : kr.co.seoulit.reception.controller.ReservationController.getReservation()시작
2026-02-13 16:59:46.473 INFO  k.c.s.r.c.ReservationController - 예약 조회 요청: id=1
2026-02-13 16:59:46.482 INFO  k.co.seoulit.common.aop.LoggerAspect - ServiceImpl  : kr.co.seoulit.reception.service.ReservationServiceImpl.getReservation()시작
2026-02-13 16:59:46.486 DEBUG org.hibernate.SQL - select re1_0.reservation_id,re1_0.cancel_reason_code,re1_0.cancel_reason_text,re1_0.canceled_at,re1_0.created_at,re1_0.created_by,re1_0.department_id,re1_0.department_name,re1_0.doctor_id,re1_0.doctor_name,re1_0.inactive_at,re1_0.inactive_reason_code,re1_0.inactive_reason_text,re1_0.is_active,re1_0.note,re1_0.patient_id,re1_0.patient_name,re1_0.reservation_no,re1_0.reserved_at,re1_0.status,re1_0.updated_at,re1_0.updated_by from reservation re1_0 where re1_0.reservation_id=?
2026-02-13 16:59:46.487 TRACE org.hibernate.orm.jdbc.bind - binding parameter (1:BIGINT) <- [1]
2026-02-13 16:59:46.494 INFO  k.co.seoulit.common.aop.LoggerAspect - kr.co.seoulit.reception.mapstruct.ReservationResMapStructImpl.toDto()시작
2026-02-13 16:59:46.494 INFO  k.co.seoulit.common.aop.LoggerAspect - kr.co.seoulit.reception.mapstruct.ReservationResMapStructImpl.toDto()종료
2026-02-13 16:59:46.494 INFO  k.co.seoulit.common.aop.LoggerAspect - ServiceImpl  : kr.co.seoulit.reception.service.ReservationServiceImpl.getReservation()종료
2026-02-13 16:59:46.499 INFO  k.co.seoulit.common.aop.LoggerAspect - Controller  : kr.co.seoulit.reception.controller.ReservationController.getReservation()종료
2026-02-13 16:59:46.513 INFO  k.co.seoulit.common.aop.LoggerAspect - Controller  : kr.co.seoulit.reception.controller.ReservationController.getReservation()시작
2026-02-13 16:59:46.513 INFO  k.c.s.r.c.ReservationController - 예약 조회 요청: id=1
2026-02-13 16:59:46.515 INFO  k.co.seoulit.common.aop.LoggerAspect - ServiceImpl  : kr.co.seoulit.reception.service.ReservationServiceImpl.getReservation()시작
2026-02-13 16:59:46.516 DEBUG org.hibernate.SQL - select re1_0.reservation_id,re1_0.cancel_reason_code,re1_0.cancel_reason_text,re1_0.canceled_at,re1_0.created_at,re1_0.created_by,re1_0.department_id,re1_0.department_name,re1_0.doctor_id,re1_0.doctor_name,re1_0.inactive_at,re1_0.inactive_reason_code,re1_0.inactive_reason_text,re1_0.is_active,re1_0.note,re1_0.patient_id,re1_0.patient_name,re1_0.reservation_no,re1_0.reserved_at,re1_0.status,re1_0.updated_at,re1_0.updated_by from reservation re1_0 where re1_0.reservation_id=?
2026-02-13 16:59:46.517 TRACE org.hibernate.orm.jdbc.bind - binding parameter (1:BIGINT) <- [1]
2026-02-13 16:59:46.524 INFO  k.co.seoulit.common.aop.LoggerAspect - kr.co.seoulit.reception.mapstruct.ReservationResMapStructImpl.toDto()시작
2026-02-13 16:59:46.524 INFO  k.co.seoulit.common.aop.LoggerAspect - kr.co.seoulit.reception.mapstruct.ReservationResMapStructImpl.toDto()종료
2026-02-13 16:59:46.524 INFO  k.co.seoulit.common.aop.LoggerAspect - ServiceImpl  : kr.co.seoulit.reception.service.ReservationServiceImpl.getReservation()종료
2026-02-13 16:59:46.529 INFO  k.co.seoulit.common.aop.LoggerAspect - Controller  : kr.co.seoulit.reception.controller.ReservationController.getReservation()종료
2026-02-13 16:59:50.061 INFO  k.co.seoulit.common.aop.LoggerAspect - Controller  : kr.co.seoulit.reception.controller.MenuController.getMenus()시작
2026-02-13 16:59:50.062 INFO  k.co.seoulit.common.aop.LoggerAspect - Controller  : kr.co.seoulit.reception.controller.MenuController.getMenus()종료
2026-02-13 16:59:50.078 INFO  k.co.seoulit.common.aop.LoggerAspect - Controller  : kr.co.seoulit.reception.controller.MenuController.getMenus()시작
2026-02-13 16:59:50.079 INFO  k.co.seoulit.common.aop.LoggerAspect - Controller  : kr.co.seoulit.reception.controller.MenuController.getMenus()종료
2026-02-13 16:59:50.098 INFO  k.co.seoulit.common.aop.LoggerAspect - Controller  : kr.co.seoulit.reception.controller.ReservationController.getReservations()시작
2026-02-13 16:59:50.099 INFO  k.c.s.r.c.ReservationController - 예약 목록 요청: searchType=status, searchValue=COMPLETED
2026-02-13 16:59:50.109 INFO  k.co.seoulit.common.aop.LoggerAspect - ServiceImpl  : kr.co.seoulit.reception.service.ReservationServiceImpl.getReservationList()시작
2026-02-13 16:59:50.117 INFO  k.co.seoulit.common.aop.LoggerAspect - ServiceImpl  : kr.co.seoulit.reception.service.ReservationServiceImpl.getReservationList()종료
2026-02-13 16:59:50.124 INFO  k.co.seoulit.common.aop.LoggerAspect - Controller  : kr.co.seoulit.reception.controller.ReservationController.getReservations()종료
2026-02-13 16:59:50.139 INFO  k.co.seoulit.common.aop.LoggerAspect - Controller  : kr.co.seoulit.reception.controller.ReservationController.getReservations()시작
2026-02-13 16:59:50.139 INFO  k.c.s.r.c.ReservationController - 예약 목록 요청: searchType=status, searchValue=COMPLETED
2026-02-13 16:59:50.139 INFO  k.co.seoulit.common.aop.LoggerAspect - ServiceImpl  : kr.co.seoulit.reception.service.ReservationServiceImpl.getReservationList()시작
2026-02-13 16:59:50.147 INFO  k.co.seoulit.common.aop.LoggerAspect - ServiceImpl  : kr.co.seoulit.reception.service.ReservationServiceImpl.getReservationList()종료
2026-02-13 16:59:50.153 INFO  k.co.seoulit.common.aop.LoggerAspect - Controller  : kr.co.seoulit.reception.controller.ReservationController.getReservations()종료
2026-02-13 16:59:57.756 INFO  k.co.seoulit.common.aop.LoggerAspect - Controller  : kr.co.seoulit.reception.controller.MenuController.getMenus()시작
2026-02-13 16:59:57.756 INFO  k.co.seoulit.common.aop.LoggerAspect - Controller  : kr.co.seoulit.reception.controller.MenuController.getMenus()종료
2026-02-13 16:59:57.773 INFO  k.co.seoulit.common.aop.LoggerAspect - Controller  : kr.co.seoulit.reception.controller.ReservationController.getReservations()시작
2026-02-13 16:59:57.775 INFO  k.c.s.r.c.ReservationController - 예약 목록 요청: searchType=status, searchValue=COMPLETED
2026-02-13 16:59:57.788 INFO  k.co.seoulit.common.aop.LoggerAspect - ServiceImpl  : kr.co.seoulit.reception.service.ReservationServiceImpl.getReservationList()시작
2026-02-13 16:59:57.806 INFO  k.co.seoulit.common.aop.LoggerAspect - ServiceImpl  : kr.co.seoulit.reception.service.ReservationServiceImpl.getReservationList()종료
2026-02-13 16:59:57.812 INFO  k.co.seoulit.common.aop.LoggerAspect - Controller  : kr.co.seoulit.reception.controller.ReservationController.getReservations()종료
2026-02-13 17:00:02.642 INFO  k.co.seoulit.common.aop.LoggerAspect - Controller  : kr.co.seoulit.reception.controller.MenuController.getMenus()시작
2026-02-13 17:00:02.642 INFO  k.co.seoulit.common.aop.LoggerAspect - Controller  : kr.co.seoulit.reception.controller.MenuController.getMenus()종료
2026-02-13 17:00:02.667 INFO  k.co.seoulit.common.aop.LoggerAspect - Controller  : kr.co.seoulit.reception.controller.ReservationController.getReservations()시작
2026-02-13 17:00:02.668 INFO  k.c.s.r.c.ReservationController - 예약 목록 요청: searchType=status, searchValue=COMPLETED
2026-02-13 17:00:02.677 INFO  k.co.seoulit.common.aop.LoggerAspect - ServiceImpl  : kr.co.seoulit.reception.service.ReservationServiceImpl.getReservationList()시작
2026-02-13 17:00:02.685 INFO  k.co.seoulit.common.aop.LoggerAspect - ServiceImpl  : kr.co.seoulit.reception.service.ReservationServiceImpl.getReservationList()종료
2026-02-13 17:00:02.701 INFO  k.co.seoulit.common.aop.LoggerAspect - Controller  : kr.co.seoulit.reception.controller.ReservationController.getReservations()종료
2026-02-13 17:05:01.153 INFO  k.co.seoulit.common.aop.LoggerAspect - Controller  : kr.co.seoulit.reception.controller.MenuController.getMenus()시작
2026-02-13 17:05:01.167 INFO  k.co.seoulit.common.aop.LoggerAspect - Controller  : kr.co.seoulit.reception.controller.MenuController.getMenus()종료
2026-02-13 17:05:01.190 INFO  k.co.seoulit.common.aop.LoggerAspect - Controller  : kr.co.seoulit.reception.controller.MenuController.getMenus()시작
2026-02-13 17:05:01.190 INFO  k.co.seoulit.common.aop.LoggerAspect - Controller  : kr.co.seoulit.reception.controller.MenuController.getMenus()종료
2026-02-13 17:05:01.538 INFO  k.co.seoulit.common.aop.LoggerAspect - Controller  : kr.co.seoulit.reception.controller.ReceptionController.getReceptions()시작
2026-02-13 17:05:01.538 INFO  k.c.s.r.c.ReceptionController - 접수 목록 요청: searchType=null, searchValue=null
2026-02-13 17:05:01.542 INFO  k.co.seoulit.common.aop.LoggerAspect - Controller  : kr.co.seoulit.reception.controller.ReceptionController.getReceptions()시작
2026-02-13 17:05:01.543 INFO  k.c.s.r.c.ReceptionController - 접수 목록 요청: searchType=null, searchValue=null
2026-02-13 17:05:01.575 INFO  k.co.seoulit.common.aop.LoggerAspect - ServiceImpl  : kr.co.seoulit.reception.service.ReceptionServiceImpl.getReceptionList()시작
2026-02-13 17:05:01.595 INFO  k.co.seoulit.common.aop.LoggerAspect - ServiceImpl  : kr.co.seoulit.reception.service.ReceptionServiceImpl.getReceptionList()시작
2026-02-13 17:05:01.598 INFO  k.co.seoulit.common.aop.LoggerAspect - ServiceImpl  : kr.co.seoulit.reception.service.ReceptionServiceImpl.getReceptionList()종료
2026-02-13 17:05:01.609 INFO  k.co.seoulit.common.aop.LoggerAspect - Controller  : kr.co.seoulit.reception.controller.ReceptionController.getReceptions()종료
2026-02-13 17:05:01.611 INFO  k.co.seoulit.common.aop.LoggerAspect - ServiceImpl  : kr.co.seoulit.reception.service.ReceptionServiceImpl.getReceptionList()종료
2026-02-13 17:05:01.633 INFO  k.co.seoulit.common.aop.LoggerAspect - Controller  : kr.co.seoulit.reception.controller.ReceptionController.getReceptions()종료
2026-02-13 17:05:05.769 INFO  k.co.seoulit.common.aop.LoggerAspect - Controller  : kr.co.seoulit.reception.controller.MenuController.getMenus()시작
2026-02-13 17:05:05.770 INFO  k.co.seoulit.common.aop.LoggerAspect - Controller  : kr.co.seoulit.reception.controller.MenuController.getMenus()종료
2026-02-13 17:05:05.789 INFO  k.co.seoulit.common.aop.LoggerAspect - Controller  : kr.co.seoulit.reception.controller.MenuController.getMenus()시작
2026-02-13 17:05:05.790 INFO  k.co.seoulit.common.aop.LoggerAspect - Controller  : kr.co.seoulit.reception.controller.MenuController.getMenus()종료
2026-02-13 17:05:05.823 INFO  k.co.seoulit.common.aop.LoggerAspect - Controller  : kr.co.seoulit.reception.controller.ReservationController.getReservations()시작
2026-02-13 17:05:05.823 INFO  k.c.s.r.c.ReservationController - 예약 목록 요청: searchType=null, searchValue=null
2026-02-13 17:05:05.842 INFO  k.co.seoulit.common.aop.LoggerAspect - ServiceImpl  : kr.co.seoulit.reception.service.ReservationServiceImpl.getReservationList()시작
2026-02-13 17:05:05.856 INFO  k.co.seoulit.common.aop.LoggerAspect - ServiceImpl  : kr.co.seoulit.reception.service.ReservationServiceImpl.getReservationList()종료
2026-02-13 17:05:05.863 INFO  k.co.seoulit.common.aop.LoggerAspect - Controller  : kr.co.seoulit.reception.controller.ReservationController.getReservations()종료
2026-02-13 17:05:05.887 INFO  k.co.seoulit.common.aop.LoggerAspect - Controller  : kr.co.seoulit.reception.controller.ReservationController.getReservations()시작
2026-02-13 17:05:05.887 INFO  k.c.s.r.c.ReservationController - 예약 목록 요청: searchType=null, searchValue=null
2026-02-13 17:05:05.888 INFO  k.co.seoulit.common.aop.LoggerAspect - ServiceImpl  : kr.co.seoulit.reception.service.ReservationServiceImpl.getReservationList()시작
2026-02-13 17:05:05.898 INFO  k.co.seoulit.common.aop.LoggerAspect - ServiceImpl  : kr.co.seoulit.reception.service.ReservationServiceImpl.getReservationList()종료
2026-02-13 17:05:05.909 INFO  k.co.seoulit.common.aop.LoggerAspect - Controller  : kr.co.seoulit.reception.controller.ReservationController.getReservations()종료
2026-02-13 17:05:08.246 INFO  k.co.seoulit.common.aop.LoggerAspect - Controller  : kr.co.seoulit.reception.controller.MenuController.getMenus()시작
2026-02-13 17:05:08.246 INFO  k.co.seoulit.common.aop.LoggerAspect - Controller  : kr.co.seoulit.reception.controller.MenuController.getMenus()종료
2026-02-13 17:05:08.254 INFO  k.co.seoulit.common.aop.LoggerAspect - Controller  : kr.co.seoulit.reception.controller.MenuController.getMenus()시작
2026-02-13 17:05:08.254 INFO  k.co.seoulit.common.aop.LoggerAspect - Controller  : kr.co.seoulit.reception.controller.MenuController.getMenus()종료
2026-02-13 17:05:08.260 INFO  k.co.seoulit.common.aop.LoggerAspect - Controller  : kr.co.seoulit.reception.controller.ReservationController.getReservations()시작
2026-02-13 17:05:08.260 INFO  k.c.s.r.c.ReservationController - 예약 목록 요청: searchType=status, searchValue=COMPLETED
2026-02-13 17:05:08.272 INFO  k.co.seoulit.common.aop.LoggerAspect - ServiceImpl  : kr.co.seoulit.reception.service.ReservationServiceImpl.getReservationList()시작
2026-02-13 17:05:08.287 INFO  k.co.seoulit.common.aop.LoggerAspect - ServiceImpl  : kr.co.seoulit.reception.service.ReservationServiceImpl.getReservationList()종료
2026-02-13 17:05:08.292 INFO  k.co.seoulit.common.aop.LoggerAspect - Controller  : kr.co.seoulit.reception.controller.ReservationController.getReservations()종료
2026-02-13 17:05:08.314 INFO  k.co.seoulit.common.aop.LoggerAspect - Controller  : kr.co.seoulit.reception.controller.ReservationController.getReservations()시작
2026-02-13 17:05:08.314 INFO  k.c.s.r.c.ReservationController - 예약 목록 요청: searchType=status, searchValue=COMPLETED
2026-02-13 17:05:08.314 INFO  k.co.seoulit.common.aop.LoggerAspect - ServiceImpl  : kr.co.seoulit.reception.service.ReservationServiceImpl.getReservationList()시작
2026-02-13 17:05:08.324 INFO  k.co.seoulit.common.aop.LoggerAspect - ServiceImpl  : kr.co.seoulit.reception.service.ReservationServiceImpl.getReservationList()종료
2026-02-13 17:05:08.329 INFO  k.co.seoulit.common.aop.LoggerAspect - Controller  : kr.co.seoulit.reception.controller.ReservationController.getReservations()종료
2026-02-13 17:05:11.576 INFO  k.co.seoulit.common.aop.LoggerAspect - Controller  : kr.co.seoulit.reception.controller.MenuController.getMenus()시작
2026-02-13 17:05:11.577 INFO  k.co.seoulit.common.aop.LoggerAspect - Controller  : kr.co.seoulit.reception.controller.MenuController.getMenus()종료
2026-02-13 17:05:11.593 INFO  k.co.seoulit.common.aop.LoggerAspect - Controller  : kr.co.seoulit.reception.controller.MenuController.getMenus()시작
2026-02-13 17:05:11.593 INFO  k.co.seoulit.common.aop.LoggerAspect - Controller  : kr.co.seoulit.reception.controller.MenuController.getMenus()종료
2026-02-13 17:05:11.641 INFO  k.co.seoulit.common.aop.LoggerAspect - Controller  : kr.co.seoulit.reception.controller.ReservationController.getReservation()시작
2026-02-13 17:05:11.641 INFO  k.c.s.r.c.ReservationController - 예약 조회 요청: id=1
2026-02-13 17:05:11.651 INFO  k.co.seoulit.common.aop.LoggerAspect - ServiceImpl  : kr.co.seoulit.reception.service.ReservationServiceImpl.getReservation()시작
2026-02-13 17:05:11.653 DEBUG org.hibernate.SQL - select re1_0.reservation_id,re1_0.cancel_reason_code,re1_0.cancel_reason_text,re1_0.canceled_at,re1_0.created_at,re1_0.created_by,re1_0.department_id,re1_0.department_name,re1_0.doctor_id,re1_0.doctor_name,re1_0.inactive_at,re1_0.inactive_reason_code,re1_0.inactive_reason_text,re1_0.is_active,re1_0.note,re1_0.patient_id,re1_0.patient_name,re1_0.reservation_no,re1_0.reserved_at,re1_0.status,re1_0.updated_at,re1_0.updated_by from reservation re1_0 where re1_0.reservation_id=?
2026-02-13 17:05:11.654 TRACE org.hibernate.orm.jdbc.bind - binding parameter (1:BIGINT) <- [1]
2026-02-13 17:05:11.663 INFO  k.co.seoulit.common.aop.LoggerAspect - kr.co.seoulit.reception.mapstruct.ReservationResMapStructImpl.toDto()시작
2026-02-13 17:05:11.663 INFO  k.co.seoulit.common.aop.LoggerAspect - kr.co.seoulit.reception.mapstruct.ReservationResMapStructImpl.toDto()종료
2026-02-13 17:05:11.663 INFO  k.co.seoulit.common.aop.LoggerAspect - ServiceImpl  : kr.co.seoulit.reception.service.ReservationServiceImpl.getReservation()종료
2026-02-13 17:05:11.668 INFO  k.co.seoulit.common.aop.LoggerAspect - Controller  : kr.co.seoulit.reception.controller.ReservationController.getReservation()종료
2026-02-13 17:05:11.690 INFO  k.co.seoulit.common.aop.LoggerAspect - Controller  : kr.co.seoulit.reception.controller.ReservationController.getReservation()시작
2026-02-13 17:05:11.691 INFO  k.c.s.r.c.ReservationController - 예약 조회 요청: id=1
2026-02-13 17:05:11.691 INFO  k.co.seoulit.common.aop.LoggerAspect - ServiceImpl  : kr.co.seoulit.reception.service.ReservationServiceImpl.getReservation()시작
2026-02-13 17:05:11.692 DEBUG org.hibernate.SQL - select re1_0.reservation_id,re1_0.cancel_reason_code,re1_0.cancel_reason_text,re1_0.canceled_at,re1_0.created_at,re1_0.created_by,re1_0.department_id,re1_0.department_name,re1_0.doctor_id,re1_0.doctor_name,re1_0.inactive_at,re1_0.inactive_reason_code,re1_0.inactive_reason_text,re1_0.is_active,re1_0.note,re1_0.patient_id,re1_0.patient_name,re1_0.reservation_no,re1_0.reserved_at,re1_0.status,re1_0.updated_at,re1_0.updated_by from reservation re1_0 where re1_0.reservation_id=?
2026-02-13 17:05:11.693 TRACE org.hibernate.orm.jdbc.bind - binding parameter (1:BIGINT) <- [1]
2026-02-13 17:05:11.702 INFO  k.co.seoulit.common.aop.LoggerAspect - kr.co.seoulit.reception.mapstruct.ReservationResMapStructImpl.toDto()시작
2026-02-13 17:05:11.703 INFO  k.co.seoulit.common.aop.LoggerAspect - kr.co.seoulit.reception.mapstruct.ReservationResMapStructImpl.toDto()종료
2026-02-13 17:05:11.703 INFO  k.co.seoulit.common.aop.LoggerAspect - ServiceImpl  : kr.co.seoulit.reception.service.ReservationServiceImpl.getReservation()종료
2026-02-13 17:05:11.709 INFO  k.co.seoulit.common.aop.LoggerAspect - Controller  : kr.co.seoulit.reception.controller.ReservationController.getReservation()종료
2026-02-13 17:05:14.835 INFO  k.co.seoulit.common.aop.LoggerAspect - Controller  : kr.co.seoulit.reception.controller.MenuController.getMenus()시작
2026-02-13 17:05:14.836 INFO  k.co.seoulit.common.aop.LoggerAspect - Controller  : kr.co.seoulit.reception.controller.MenuController.getMenus()종료
2026-02-13 17:05:14.848 INFO  k.co.seoulit.common.aop.LoggerAspect - Controller  : kr.co.seoulit.reception.controller.MenuController.getMenus()시작
2026-02-13 17:05:14.848 INFO  k.co.seoulit.common.aop.LoggerAspect - Controller  : kr.co.seoulit.reception.controller.MenuController.getMenus()종료
2026-02-13 17:05:14.880 INFO  k.co.seoulit.common.aop.LoggerAspect - Controller  : kr.co.seoulit.reception.controller.PatientController.getPatients()시작
2026-02-13 17:05:14.888 INFO  k.co.seoulit.common.aop.LoggerAspect - Controller  : kr.co.seoulit.reception.controller.ReservationController.getReservation()시작
2026-02-13 17:05:14.888 INFO  k.c.s.r.c.ReservationController - 예약 조회 요청: id=1
2026-02-13 17:05:14.899 INFO  k.co.seoulit.common.aop.LoggerAspect - ServiceImpl  : kr.co.seoulit.reception.service.ReservationServiceImpl.getReservation()시작
2026-02-13 17:05:14.901 DEBUG org.hibernate.SQL - select re1_0.reservation_id,re1_0.cancel_reason_code,re1_0.cancel_reason_text,re1_0.canceled_at,re1_0.created_at,re1_0.created_by,re1_0.department_id,re1_0.department_name,re1_0.doctor_id,re1_0.doctor_name,re1_0.inactive_at,re1_0.inactive_reason_code,re1_0.inactive_reason_text,re1_0.is_active,re1_0.note,re1_0.patient_id,re1_0.patient_name,re1_0.reservation_no,re1_0.reserved_at,re1_0.status,re1_0.updated_at,re1_0.updated_by from reservation re1_0 where re1_0.reservation_id=?
2026-02-13 17:05:14.902 DEBUG org.hibernate.SQL - select pe1_0.patient_id,pe1_0.patient_name from patient pe1_0
2026-02-13 17:05:14.902 TRACE org.hibernate.orm.jdbc.bind - binding parameter (1:BIGINT) <- [1]
2026-02-13 17:05:14.910 INFO  k.co.seoulit.common.aop.LoggerAspect - kr.co.seoulit.reception.mapstruct.ReservationResMapStructImpl.toDto()시작
2026-02-13 17:05:14.910 INFO  k.co.seoulit.common.aop.LoggerAspect - kr.co.seoulit.reception.mapstruct.ReservationResMapStructImpl.toDto()종료
2026-02-13 17:05:14.911 INFO  k.co.seoulit.common.aop.LoggerAspect - ServiceImpl  : kr.co.seoulit.reception.service.ReservationServiceImpl.getReservation()종료
2026-02-13 17:05:14.926 INFO  k.co.seoulit.common.aop.LoggerAspect - Controller  : kr.co.seoulit.reception.controller.ReservationController.getReservation()종료
2026-02-13 17:05:14.943 INFO  k.co.seoulit.common.aop.LoggerAspect - Controller  : kr.co.seoulit.reception.controller.ReservationController.getReservation()시작
2026-02-13 17:05:14.943 INFO  k.c.s.r.c.ReservationController - 예약 조회 요청: id=1
2026-02-13 17:05:14.944 INFO  k.co.seoulit.common.aop.LoggerAspect - ServiceImpl  : kr.co.seoulit.reception.service.ReservationServiceImpl.getReservation()시작
2026-02-13 17:05:14.944 DEBUG org.hibernate.SQL - select re1_0.reservation_id,re1_0.cancel_reason_code,re1_0.cancel_reason_text,re1_0.canceled_at,re1_0.created_at,re1_0.created_by,re1_0.department_id,re1_0.department_name,re1_0.doctor_id,re1_0.doctor_name,re1_0.inactive_at,re1_0.inactive_reason_code,re1_0.inactive_reason_text,re1_0.is_active,re1_0.note,re1_0.patient_id,re1_0.patient_name,re1_0.reservation_no,re1_0.reserved_at,re1_0.status,re1_0.updated_at,re1_0.updated_by from reservation re1_0 where re1_0.reservation_id=?
2026-02-13 17:05:14.946 TRACE org.hibernate.orm.jdbc.bind - binding parameter (1:BIGINT) <- [1]
2026-02-13 17:05:14.949 INFO  k.co.seoulit.common.aop.LoggerAspect - Controller  : kr.co.seoulit.reception.controller.PatientController.getPatients()종료
2026-02-13 17:05:14.955 INFO  k.co.seoulit.common.aop.LoggerAspect - kr.co.seoulit.reception.mapstruct.ReservationResMapStructImpl.toDto()시작
2026-02-13 17:05:14.955 INFO  k.co.seoulit.common.aop.LoggerAspect - kr.co.seoulit.reception.mapstruct.ReservationResMapStructImpl.toDto()종료
2026-02-13 17:05:14.955 INFO  k.co.seoulit.common.aop.LoggerAspect - ServiceImpl  : kr.co.seoulit.reception.service.ReservationServiceImpl.getReservation()종료
2026-02-13 17:05:14.961 INFO  k.co.seoulit.common.aop.LoggerAspect - Controller  : kr.co.seoulit.reception.controller.ReservationController.getReservation()종료
2026-02-13 17:05:14.973 INFO  k.co.seoulit.common.aop.LoggerAspect - Controller  : kr.co.seoulit.reception.controller.PatientController.getPatients()시작
2026-02-13 17:05:14.975 DEBUG org.hibernate.SQL - select pe1_0.patient_id,pe1_0.patient_name from patient pe1_0
2026-02-13 17:05:15.000 INFO  k.co.seoulit.common.aop.LoggerAspect - Controller  : kr.co.seoulit.reception.controller.PatientController.getPatients()종료
2026-02-13 17:05:21.142 INFO  k.co.seoulit.common.aop.LoggerAspect - Controller  : kr.co.seoulit.reception.controller.ReservationController.updateReservation()시작
2026-02-13 17:05:21.142 INFO  k.c.s.r.c.ReservationController - 예약 수정 요청: id=1
2026-02-13 17:05:21.155 INFO  k.co.seoulit.common.aop.LoggerAspect - ServiceImpl  : kr.co.seoulit.reception.service.ReservationServiceImpl.updateReservation()시작
2026-02-13 17:05:21.155 DEBUG org.hibernate.SQL - select re1_0.reservation_id,re1_0.cancel_reason_code,re1_0.cancel_reason_text,re1_0.canceled_at,re1_0.created_at,re1_0.created_by,re1_0.department_id,re1_0.department_name,re1_0.doctor_id,re1_0.doctor_name,re1_0.inactive_at,re1_0.inactive_reason_code,re1_0.inactive_reason_text,re1_0.is_active,re1_0.note,re1_0.patient_id,re1_0.patient_name,re1_0.reservation_no,re1_0.reserved_at,re1_0.status,re1_0.updated_at,re1_0.updated_by from reservation re1_0 where re1_0.reservation_id=?
2026-02-13 17:05:21.156 TRACE org.hibernate.orm.jdbc.bind - binding parameter (1:BIGINT) <- [1]
2026-02-13 17:05:21.163 INFO  k.co.seoulit.common.aop.LoggerAspect - kr.co.seoulit.reception.mapstruct.ReservationResMapStructImpl.toDto()시작
2026-02-13 17:05:21.163 INFO  k.co.seoulit.common.aop.LoggerAspect - kr.co.seoulit.reception.mapstruct.ReservationResMapStructImpl.toDto()종료
2026-02-13 17:05:21.164 INFO  k.co.seoulit.common.aop.LoggerAspect - kr.co.seoulit.reception.mapstruct.ReservationResMapStructImpl.toDto()시작
2026-02-13 17:05:21.164 INFO  k.co.seoulit.common.aop.LoggerAspect - kr.co.seoulit.reception.mapstruct.ReservationResMapStructImpl.toDto()종료
2026-02-13 17:05:21.164 DEBUG org.hibernate.SQL - select seq_audit_log.nextval from dual
2026-02-13 17:05:21.175 INFO  k.co.seoulit.common.aop.LoggerAspect - ServiceImpl  : kr.co.seoulit.reception.service.ReservationServiceImpl.updateReservation()종료
2026-02-13 17:05:21.176 DEBUG org.hibernate.SQL - insert into audit_log (action,actor_id,after_json,before_json,diff_json,entity_id,entity_type,occurred_at,reason_code,reason_text,audit_log_id) values (?,?,?,?,?,?,?,?,?,?,?)
2026-02-13 17:05:21.176 TRACE org.hibernate.orm.jdbc.bind - binding parameter (1:VARCHAR) <- [UPDATE]
2026-02-13 17:05:21.176 TRACE org.hibernate.orm.jdbc.bind - binding parameter (2:BIGINT) <- [null]
2026-02-13 17:05:21.176 TRACE org.hibernate.orm.jdbc.bind - binding parameter (3:VARCHAR) <- [{"reservationId":1,"reservationNo":"20260212-101","patientId":9,"patientName":"박영섭","departmentId":1,"departmentName":"내과","doctorId":1,"doctorName":"송태민","reservedAt":"2026-02-13T20:16:00","status":"RESERVED","note":null,"isActive":true,"inactiveAt":null,"inactiveReasonCode":null,"inactiveReasonText":null,"canceledAt":null,"cancelReasonCode":null,"cancelReasonText":null,"createdBy":null,"updatedBy":null,"createdAt":"2026-02-12T20:16:45.480864","updatedAt":"2026-02-13T16:37:31.63"}]
2026-02-13 17:05:21.176 TRACE org.hibernate.orm.jdbc.bind - binding parameter (4:VARCHAR) <- [{"reservationId":1,"reservationNo":"20260212-101","patientId":9,"patientName":"박영섭","departmentId":1,"departmentName":"내과","doctorId":1,"doctorName":"송태민","reservedAt":"2026-02-13T20:16:00","status":"COMPLETED","note":null,"isActive":true,"inactiveAt":null,"inactiveReasonCode":null,"inactiveReasonText":null,"canceledAt":null,"cancelReasonCode":null,"cancelReasonText":null,"createdBy":null,"updatedBy":null,"createdAt":"2026-02-12T20:16:45.480864","updatedAt":"2026-02-13T16:37:31.63"}]
2026-02-13 17:05:21.176 TRACE org.hibernate.orm.jdbc.bind - binding parameter (5:VARCHAR) <- [null]
2026-02-13 17:05:21.177 TRACE org.hibernate.orm.jdbc.bind - binding parameter (6:BIGINT) <- [1]
2026-02-13 17:05:21.177 TRACE org.hibernate.orm.jdbc.bind - binding parameter (7:VARCHAR) <- [RESERVATION]
2026-02-13 17:05:21.177 TRACE org.hibernate.orm.jdbc.bind - binding parameter (8:TIMESTAMP) <- [2026-02-13T17:05:21.175602]
2026-02-13 17:05:21.177 TRACE org.hibernate.orm.jdbc.bind - binding parameter (9:VARCHAR) <- [null]
2026-02-13 17:05:21.177 TRACE org.hibernate.orm.jdbc.bind - binding parameter (10:VARCHAR) <- [null]
2026-02-13 17:05:21.177 TRACE org.hibernate.orm.jdbc.bind - binding parameter (11:BIGINT) <- [54]
2026-02-13 17:05:21.219 DEBUG org.hibernate.SQL - update reservation set cancel_reason_code=?,cancel_reason_text=?,canceled_at=?,created_by=?,department_id=?,department_name=?,doctor_id=?,doctor_name=?,inactive_at=?,inactive_reason_code=?,inactive_reason_text=?,is_active=?,note=?,patient_id=?,patient_name=?,reservation_no=?,reserved_at=?,status=?,updated_at=?,updated_by=? where reservation_id=?
2026-02-13 17:05:21.220 TRACE org.hibernate.orm.jdbc.bind - binding parameter (1:VARCHAR) <- [null]
2026-02-13 17:05:21.220 TRACE org.hibernate.orm.jdbc.bind - binding parameter (2:VARCHAR) <- [null]
2026-02-13 17:05:21.220 TRACE org.hibernate.orm.jdbc.bind - binding parameter (3:TIMESTAMP) <- [null]
2026-02-13 17:05:21.220 TRACE org.hibernate.orm.jdbc.bind - binding parameter (4:BIGINT) <- [null]
2026-02-13 17:05:21.220 TRACE org.hibernate.orm.jdbc.bind - binding parameter (5:BIGINT) <- [1]
2026-02-13 17:05:21.220 TRACE org.hibernate.orm.jdbc.bind - binding parameter (6:VARCHAR) <- [내과]
2026-02-13 17:05:21.220 TRACE org.hibernate.orm.jdbc.bind - binding parameter (7:BIGINT) <- [1]
2026-02-13 17:05:21.221 TRACE org.hibernate.orm.jdbc.bind - binding parameter (8:VARCHAR) <- [송태민]
2026-02-13 17:05:21.221 TRACE org.hibernate.orm.jdbc.bind - binding parameter (9:TIMESTAMP) <- [null]
2026-02-13 17:05:21.221 TRACE org.hibernate.orm.jdbc.bind - binding parameter (10:VARCHAR) <- [null]
2026-02-13 17:05:21.221 TRACE org.hibernate.orm.jdbc.bind - binding parameter (11:VARCHAR) <- [null]
2026-02-13 17:05:21.221 TRACE org.hibernate.orm.jdbc.bind - binding parameter (12:BOOLEAN) <- [true]
2026-02-13 17:05:21.221 TRACE org.hibernate.orm.jdbc.bind - binding parameter (13:VARCHAR) <- [null]
2026-02-13 17:05:21.221 TRACE org.hibernate.orm.jdbc.bind - binding parameter (14:BIGINT) <- [9]
2026-02-13 17:05:21.221 TRACE org.hibernate.orm.jdbc.bind - binding parameter (15:VARCHAR) <- [박영섭]
2026-02-13 17:05:21.221 TRACE org.hibernate.orm.jdbc.bind - binding parameter (16:VARCHAR) <- [20260212-101]
2026-02-13 17:05:21.222 TRACE org.hibernate.orm.jdbc.bind - binding parameter (17:TIMESTAMP) <- [2026-02-13T20:16]
2026-02-13 17:05:21.222 TRACE org.hibernate.orm.jdbc.bind - binding parameter (18:VARCHAR) <- [RESERVED]
2026-02-13 17:05:21.222 TRACE org.hibernate.orm.jdbc.bind - binding parameter (19:TIMESTAMP) <- [2026-02-13T17:05:21.218614]
2026-02-13 17:05:21.222 TRACE org.hibernate.orm.jdbc.bind - binding parameter (20:BIGINT) <- [null]
2026-02-13 17:05:21.222 TRACE org.hibernate.orm.jdbc.bind - binding parameter (21:BIGINT) <- [1]
2026-02-13 17:05:21.244 INFO  k.co.seoulit.common.aop.LoggerAspect - Controller  : kr.co.seoulit.reception.controller.ReservationController.updateReservation()종료
2026-02-13 17:05:21.273 INFO  k.co.seoulit.common.aop.LoggerAspect - Controller  : kr.co.seoulit.reception.controller.ReservationController.getReservations()시작
2026-02-13 17:05:21.275 INFO  k.c.s.r.c.ReservationController - 예약 목록 요청: searchType=null, searchValue=null
2026-02-13 17:05:21.281 INFO  k.co.seoulit.common.aop.LoggerAspect - ServiceImpl  : kr.co.seoulit.reception.service.ReservationServiceImpl.getReservationList()시작
2026-02-13 17:05:21.290 INFO  k.co.seoulit.common.aop.LoggerAspect - ServiceImpl  : kr.co.seoulit.reception.service.ReservationServiceImpl.getReservationList()종료
2026-02-13 17:05:21.296 INFO  k.co.seoulit.common.aop.LoggerAspect - Controller  : kr.co.seoulit.reception.controller.ReservationController.getReservations()종료
2026-02-13 17:05:21.592 INFO  k.co.seoulit.common.aop.LoggerAspect - Controller  : kr.co.seoulit.reception.controller.MenuController.getMenus()시작
2026-02-13 17:05:21.593 INFO  k.co.seoulit.common.aop.LoggerAspect - Controller  : kr.co.seoulit.reception.controller.MenuController.getMenus()종료
2026-02-13 17:05:21.605 INFO  k.co.seoulit.common.aop.LoggerAspect - Controller  : kr.co.seoulit.reception.controller.MenuController.getMenus()시작
2026-02-13 17:05:21.605 INFO  k.co.seoulit.common.aop.LoggerAspect - Controller  : kr.co.seoulit.reception.controller.MenuController.getMenus()종료
2026-02-13 17:05:21.617 INFO  k.co.seoulit.common.aop.LoggerAspect - Controller  : kr.co.seoulit.reception.controller.ReservationController.getReservation()시작
2026-02-13 17:05:21.617 INFO  k.c.s.r.c.ReservationController - 예약 조회 요청: id=1
2026-02-13 17:05:21.619 INFO  k.co.seoulit.common.aop.LoggerAspect - ServiceImpl  : kr.co.seoulit.reception.service.ReservationServiceImpl.getReservation()시작
2026-02-13 17:05:21.620 DEBUG org.hibernate.SQL - select re1_0.reservation_id,re1_0.cancel_reason_code,re1_0.cancel_reason_text,re1_0.canceled_at,re1_0.created_at,re1_0.created_by,re1_0.department_id,re1_0.department_name,re1_0.doctor_id,re1_0.doctor_name,re1_0.inactive_at,re1_0.inactive_reason_code,re1_0.inactive_reason_text,re1_0.is_active,re1_0.note,re1_0.patient_id,re1_0.patient_name,re1_0.reservation_no,re1_0.reserved_at,re1_0.status,re1_0.updated_at,re1_0.updated_by from reservation re1_0 where re1_0.reservation_id=?
2026-02-13 17:05:21.621 TRACE org.hibernate.orm.jdbc.bind - binding parameter (1:BIGINT) <- [1]
2026-02-13 17:05:21.631 INFO  k.co.seoulit.common.aop.LoggerAspect - kr.co.seoulit.reception.mapstruct.ReservationResMapStructImpl.toDto()시작
2026-02-13 17:05:21.631 INFO  k.co.seoulit.common.aop.LoggerAspect - kr.co.seoulit.reception.mapstruct.ReservationResMapStructImpl.toDto()종료
2026-02-13 17:05:21.631 INFO  k.co.seoulit.common.aop.LoggerAspect - ServiceImpl  : kr.co.seoulit.reception.service.ReservationServiceImpl.getReservation()종료
2026-02-13 17:05:21.638 INFO  k.co.seoulit.common.aop.LoggerAspect - Controller  : kr.co.seoulit.reception.controller.ReservationController.getReservation()종료
2026-02-13 17:05:21.671 INFO  k.co.seoulit.common.aop.LoggerAspect - Controller  : kr.co.seoulit.reception.controller.ReservationController.getReservation()시작
2026-02-13 17:05:21.671 INFO  k.c.s.r.c.ReservationController - 예약 조회 요청: id=1
2026-02-13 17:05:21.672 INFO  k.co.seoulit.common.aop.LoggerAspect - ServiceImpl  : kr.co.seoulit.reception.service.ReservationServiceImpl.getReservation()시작
2026-02-13 17:05:21.673 DEBUG org.hibernate.SQL - select re1_0.reservation_id,re1_0.cancel_reason_code,re1_0.cancel_reason_text,re1_0.canceled_at,re1_0.created_at,re1_0.created_by,re1_0.department_id,re1_0.department_name,re1_0.doctor_id,re1_0.doctor_name,re1_0.inactive_at,re1_0.inactive_reason_code,re1_0.inactive_reason_text,re1_0.is_active,re1_0.note,re1_0.patient_id,re1_0.patient_name,re1_0.reservation_no,re1_0.reserved_at,re1_0.status,re1_0.updated_at,re1_0.updated_by from reservation re1_0 where re1_0.reservation_id=?
2026-02-13 17:05:21.675 TRACE org.hibernate.orm.jdbc.bind - binding parameter (1:BIGINT) <- [1]
2026-02-13 17:05:21.686 INFO  k.co.seoulit.common.aop.LoggerAspect - kr.co.seoulit.reception.mapstruct.ReservationResMapStructImpl.toDto()시작
2026-02-13 17:05:21.686 INFO  k.co.seoulit.common.aop.LoggerAspect - kr.co.seoulit.reception.mapstruct.ReservationResMapStructImpl.toDto()종료
2026-02-13 17:05:21.686 INFO  k.co.seoulit.common.aop.LoggerAspect - ServiceImpl  : kr.co.seoulit.reception.service.ReservationServiceImpl.getReservation()종료
2026-02-13 17:05:21.699 INFO  k.co.seoulit.common.aop.LoggerAspect - Controller  : kr.co.seoulit.reception.controller.ReservationController.getReservation()종료
2026-02-13 17:05:24.891 INFO  k.co.seoulit.common.aop.LoggerAspect - Controller  : kr.co.seoulit.reception.controller.MenuController.getMenus()시작
2026-02-13 17:05:24.891 INFO  k.co.seoulit.common.aop.LoggerAspect - Controller  : kr.co.seoulit.reception.controller.MenuController.getMenus()종료
2026-02-13 17:05:24.897 INFO  k.co.seoulit.common.aop.LoggerAspect - Controller  : kr.co.seoulit.reception.controller.MenuController.getMenus()시작
2026-02-13 17:05:24.897 INFO  k.co.seoulit.common.aop.LoggerAspect - Controller  : kr.co.seoulit.reception.controller.MenuController.getMenus()종료
2026-02-13 17:05:24.907 INFO  k.co.seoulit.common.aop.LoggerAspect - Controller  : kr.co.seoulit.reception.controller.ReservationController.getReservations()시작
2026-02-13 17:05:24.908 INFO  k.c.s.r.c.ReservationController - 예약 목록 요청: searchType=status, searchValue=COMPLETED
2026-02-13 17:05:24.914 INFO  k.co.seoulit.common.aop.LoggerAspect - ServiceImpl  : kr.co.seoulit.reception.service.ReservationServiceImpl.getReservationList()시작
2026-02-13 17:05:24.926 INFO  k.co.seoulit.common.aop.LoggerAspect - ServiceImpl  : kr.co.seoulit.reception.service.ReservationServiceImpl.getReservationList()종료
2026-02-13 17:05:24.932 INFO  k.co.seoulit.common.aop.LoggerAspect - Controller  : kr.co.seoulit.reception.controller.ReservationController.getReservations()종료
2026-02-13 17:05:24.959 INFO  k.co.seoulit.common.aop.LoggerAspect - Controller  : kr.co.seoulit.reception.controller.ReservationController.getReservations()시작
2026-02-13 17:05:24.960 INFO  k.c.s.r.c.ReservationController - 예약 목록 요청: searchType=status, searchValue=COMPLETED
2026-02-13 17:05:24.984 INFO  k.co.seoulit.common.aop.LoggerAspect - ServiceImpl  : kr.co.seoulit.reception.service.ReservationServiceImpl.getReservationList()시작
2026-02-13 17:05:24.996 INFO  k.co.seoulit.common.aop.LoggerAspect - ServiceImpl  : kr.co.seoulit.reception.service.ReservationServiceImpl.getReservationList()종료
2026-02-13 17:05:25.002 INFO  k.co.seoulit.common.aop.LoggerAspect - Controller  : kr.co.seoulit.reception.controller.ReservationController.getReservations()종료
2026-02-13 17:05:26.672 INFO  k.co.seoulit.common.aop.LoggerAspect - Controller  : kr.co.seoulit.reception.controller.MenuController.getMenus()시작
2026-02-13 17:05:26.672 INFO  k.co.seoulit.common.aop.LoggerAspect - Controller  : kr.co.seoulit.reception.controller.MenuController.getMenus()종료
2026-02-13 17:05:26.676 INFO  k.co.seoulit.common.aop.LoggerAspect - Controller  : kr.co.seoulit.reception.controller.MenuController.getMenus()시작
2026-02-13 17:05:26.677 INFO  k.co.seoulit.common.aop.LoggerAspect - Controller  : kr.co.seoulit.reception.controller.MenuController.getMenus()종료
2026-02-13 17:05:26.686 INFO  k.co.seoulit.common.aop.LoggerAspect - Controller  : kr.co.seoulit.reception.controller.ReservationController.getReservations()시작
2026-02-13 17:05:26.687 INFO  k.c.s.r.c.ReservationController - 예약 목록 요청: searchType=null, searchValue=null
2026-02-13 17:05:26.695 INFO  k.co.seoulit.common.aop.LoggerAspect - ServiceImpl  : kr.co.seoulit.reception.service.ReservationServiceImpl.getReservationList()시작
2026-02-13 17:05:26.703 INFO  k.co.seoulit.common.aop.LoggerAspect - ServiceImpl  : kr.co.seoulit.reception.service.ReservationServiceImpl.getReservationList()종료
2026-02-13 17:05:26.707 INFO  k.co.seoulit.common.aop.LoggerAspect - Controller  : kr.co.seoulit.reception.controller.ReservationController.getReservations()종료
2026-02-13 17:05:26.731 INFO  k.co.seoulit.common.aop.LoggerAspect - Controller  : kr.co.seoulit.reception.controller.ReservationController.getReservations()시작
2026-02-13 17:05:26.731 INFO  k.c.s.r.c.ReservationController - 예약 목록 요청: searchType=null, searchValue=null
2026-02-13 17:05:26.731 INFO  k.co.seoulit.common.aop.LoggerAspect - ServiceImpl  : kr.co.seoulit.reception.service.ReservationServiceImpl.getReservationList()시작
2026-02-13 17:05:26.750 INFO  k.co.seoulit.common.aop.LoggerAspect - ServiceImpl  : kr.co.seoulit.reception.service.ReservationServiceImpl.getReservationList()종료
2026-02-13 17:05:26.758 INFO  k.co.seoulit.common.aop.LoggerAspect - Controller  : kr.co.seoulit.reception.controller.ReservationController.getReservations()종료
2026-02-13 17:05:30.890 INFO  k.co.seoulit.common.aop.LoggerAspect - Controller  : kr.co.seoulit.reception.controller.MenuController.getMenus()시작
2026-02-13 17:05:30.891 INFO  k.co.seoulit.common.aop.LoggerAspect - Controller  : kr.co.seoulit.reception.controller.MenuController.getMenus()종료
2026-02-13 17:05:30.897 INFO  k.co.seoulit.common.aop.LoggerAspect - Controller  : kr.co.seoulit.reception.controller.MenuController.getMenus()시작
2026-02-13 17:05:30.898 INFO  k.co.seoulit.common.aop.LoggerAspect - Controller  : kr.co.seoulit.reception.controller.MenuController.getMenus()종료
2026-02-13 17:05:30.903 INFO  k.co.seoulit.common.aop.LoggerAspect - Controller  : kr.co.seoulit.reception.controller.ReceptionController.getReceptions()시작
2026-02-13 17:05:30.903 INFO  k.c.s.r.c.ReceptionController - 접수 목록 요청: searchType=null, searchValue=null
2026-02-13 17:05:30.912 INFO  k.co.seoulit.common.aop.LoggerAspect - Controller  : kr.co.seoulit.reception.controller.ReceptionController.getReceptions()시작
2026-02-13 17:05:30.913 INFO  k.c.s.r.c.ReceptionController - 접수 목록 요청: searchType=null, searchValue=null
2026-02-13 17:05:30.919 INFO  k.co.seoulit.common.aop.LoggerAspect - ServiceImpl  : kr.co.seoulit.reception.service.ReceptionServiceImpl.getReceptionList()시작
2026-02-13 17:05:30.978 INFO  k.co.seoulit.common.aop.LoggerAspect - ServiceImpl  : kr.co.seoulit.reception.service.ReceptionServiceImpl.getReceptionList()시작
2026-02-13 17:05:30.986 INFO  k.co.seoulit.common.aop.LoggerAspect - ServiceImpl  : kr.co.seoulit.reception.service.ReceptionServiceImpl.getReceptionList()종료
2026-02-13 17:05:31.063 INFO  k.co.seoulit.common.aop.LoggerAspect - Controller  : kr.co.seoulit.reception.controller.ReceptionController.getReceptions()종료
2026-02-13 17:05:31.067 INFO  k.co.seoulit.common.aop.LoggerAspect - ServiceImpl  : kr.co.seoulit.reception.service.ReceptionServiceImpl.getReceptionList()종료
2026-02-13 17:05:31.104 INFO  k.co.seoulit.common.aop.LoggerAspect - Controller  : kr.co.seoulit.reception.controller.ReceptionController.getReceptions()종료
2026-02-13 17:05:34.839 INFO  k.co.seoulit.common.aop.LoggerAspect - Controller  : kr.co.seoulit.reception.controller.MenuController.getMenus()시작
2026-02-13 17:05:34.839 INFO  k.co.seoulit.common.aop.LoggerAspect - Controller  : kr.co.seoulit.reception.controller.MenuController.getMenus()종료
2026-02-13 17:05:34.848 INFO  k.co.seoulit.common.aop.LoggerAspect - Controller  : kr.co.seoulit.reception.controller.MenuController.getMenus()시작
2026-02-13 17:05:34.848 INFO  k.co.seoulit.common.aop.LoggerAspect - Controller  : kr.co.seoulit.reception.controller.MenuController.getMenus()종료
2026-02-13 17:05:34.870 INFO  k.co.seoulit.common.aop.LoggerAspect - Controller  : kr.co.seoulit.reception.controller.ReceptionController.getReceptions()시작
2026-02-13 17:05:34.870 INFO  k.c.s.r.c.ReceptionController - 접수 목록 요청: searchType=null, searchValue=null
2026-02-13 17:05:35.605 INFO  k.co.seoulit.common.aop.LoggerAspect - ServiceImpl  : kr.co.seoulit.reception.service.ReceptionServiceImpl.getReceptionList()시작
2026-02-13 17:05:35.651 INFO  k.co.seoulit.common.aop.LoggerAspect - ServiceImpl  : kr.co.seoulit.reception.service.ReceptionServiceImpl.getReceptionList()종료
2026-02-13 17:05:35.672 INFO  k.co.seoulit.common.aop.LoggerAspect - Controller  : kr.co.seoulit.reception.controller.ReceptionController.getReceptions()종료
2026-02-13 17:05:35.682 INFO  k.co.seoulit.common.aop.LoggerAspect - Controller  : kr.co.seoulit.reception.controller.ReceptionController.getReceptions()시작
2026-02-13 17:05:35.682 INFO  k.c.s.r.c.ReceptionController - 접수 목록 요청: searchType=null, searchValue=null
2026-02-13 17:05:35.718 INFO  k.co.seoulit.common.aop.LoggerAspect - ServiceImpl  : kr.co.seoulit.reception.service.ReceptionServiceImpl.getReceptionList()시작
2026-02-13 17:05:35.756 INFO  k.co.seoulit.common.aop.LoggerAspect - ServiceImpl  : kr.co.seoulit.reception.service.ReceptionServiceImpl.getReceptionList()종료
2026-02-13 17:05:35.772 INFO  k.co.seoulit.common.aop.LoggerAspect - Controller  : kr.co.seoulit.reception.controller.ReceptionController.getReceptions()종료
2026-02-13 17:05:35.837 INFO  k.co.seoulit.common.aop.LoggerAspect - Controller  : kr.co.seoulit.reception.controller.ReceptionController.getReception()시작
2026-02-13 17:05:35.837 INFO  k.c.s.r.c.ReceptionController - 접수 조회 요청: id=5
2026-02-13 17:05:35.838 INFO  k.co.seoulit.common.aop.LoggerAspect - ServiceImpl  : kr.co.seoulit.reception.service.ReceptionServiceImpl.getReception()시작
2026-02-13 17:05:35.839 DEBUG org.hibernate.SQL - select re1_0.reception_id,re1_0.arrived_at,re1_0.cancel_reason_code,re1_0.cancel_reason_text,re1_0.created_at,re1_0.created_by,re1_0.department_id,re1_0.department_name,re1_0.doctor_id,re1_0.doctor_name,re1_0.hold_reason_code,re1_0.hold_reason_text,re1_0.inactive_at,re1_0.inactive_reason_code,re1_0.inactive_reason_text,re1_0.is_active,re1_0.note,re1_0.patient_id,re1_0.patient_name,re1_0.reception_no,re1_0.reservation_id,re1_0.scheduled_at,re1_0.status,re1_0.updated_at,re1_0.updated_by,re1_0.visit_type from reception re1_0 where re1_0.reception_id=?
2026-02-13 17:05:35.840 TRACE org.hibernate.orm.jdbc.bind - binding parameter (1:BIGINT) <- [5]
2026-02-13 17:05:35.877 INFO  k.co.seoulit.common.aop.LoggerAspect - kr.co.seoulit.reception.mapstruct.ReceptionResMapStructImpl.toDto()시작
2026-02-13 17:05:35.877 INFO  k.co.seoulit.common.aop.LoggerAspect - kr.co.seoulit.reception.mapstruct.ReceptionResMapStructImpl.toDto()종료
2026-02-13 17:05:35.877 INFO  k.co.seoulit.common.aop.LoggerAspect - ServiceImpl  : kr.co.seoulit.reception.service.ReceptionServiceImpl.getReception()종료
2026-02-13 17:05:35.908 INFO  k.co.seoulit.common.aop.LoggerAspect - Controller  : kr.co.seoulit.reception.controller.ReceptionController.getReception()종료
2026-02-13 17:05:37.795 INFO  k.co.seoulit.common.aop.LoggerAspect - Controller  : kr.co.seoulit.reception.controller.MenuController.getMenus()시작
2026-02-13 17:05:37.795 INFO  k.co.seoulit.common.aop.LoggerAspect - Controller  : kr.co.seoulit.reception.controller.MenuController.getMenus()종료
2026-02-13 17:05:37.801 INFO  k.co.seoulit.common.aop.LoggerAspect - Controller  : kr.co.seoulit.reception.controller.MenuController.getMenus()시작
2026-02-13 17:05:37.802 INFO  k.co.seoulit.common.aop.LoggerAspect - Controller  : kr.co.seoulit.reception.controller.MenuController.getMenus()종료
2026-02-13 17:05:37.821 INFO  k.co.seoulit.common.aop.LoggerAspect - Controller  : kr.co.seoulit.reception.controller.ReceptionController.getReceptions()시작
2026-02-13 17:05:37.822 INFO  k.c.s.r.c.ReceptionController - 접수 목록 요청: searchType=null, searchValue=null
2026-02-13 17:05:37.833 INFO  k.co.seoulit.common.aop.LoggerAspect - ServiceImpl  : kr.co.seoulit.reception.service.ReceptionServiceImpl.getReceptionList()시작
2026-02-13 17:05:37.833 INFO  k.co.seoulit.common.aop.LoggerAspect - Controller  : kr.co.seoulit.reception.controller.ReceptionController.getReceptions()시작
2026-02-13 17:05:37.834 INFO  k.c.s.r.c.ReceptionController - 접수 목록 요청: searchType=null, searchValue=null
2026-02-13 17:05:37.842 INFO  k.co.seoulit.common.aop.LoggerAspect - ServiceImpl  : kr.co.seoulit.reception.service.ReceptionServiceImpl.getReceptionList()종료
2026-02-13 17:05:37.842 INFO  k.co.seoulit.common.aop.LoggerAspect - ServiceImpl  : kr.co.seoulit.reception.service.ReceptionServiceImpl.getReceptionList()시작
2026-02-13 17:05:37.849 INFO  k.co.seoulit.common.aop.LoggerAspect - Controller  : kr.co.seoulit.reception.controller.ReceptionController.getReceptions()종료
2026-02-13 17:05:37.856 INFO  k.co.seoulit.common.aop.LoggerAspect - ServiceImpl  : kr.co.seoulit.reception.service.ReceptionServiceImpl.getReceptionList()종료
2026-02-13 17:05:37.866 INFO  k.co.seoulit.common.aop.LoggerAspect - Controller  : kr.co.seoulit.reception.controller.ReceptionController.getReceptions()종료
2026-02-13 17:06:12.531 INFO  k.co.seoulit.common.aop.LoggerAspect - Controller  : kr.co.seoulit.reception.controller.MenuController.getMenus()시작
2026-02-13 17:06:12.532 INFO  k.co.seoulit.common.aop.LoggerAspect - Controller  : kr.co.seoulit.reception.controller.MenuController.getMenus()종료
2026-02-13 17:06:12.544 INFO  k.co.seoulit.common.aop.LoggerAspect - Controller  : kr.co.seoulit.reception.controller.MenuController.getMenus()시작
2026-02-13 17:06:12.544 INFO  k.co.seoulit.common.aop.LoggerAspect - Controller  : kr.co.seoulit.reception.controller.MenuController.getMenus()종료
2026-02-13 17:06:12.661 INFO  k.co.seoulit.common.aop.LoggerAspect - Controller  : kr.co.seoulit.reception.controller.ReceptionController.getReceptions()시작
2026-02-13 17:06:12.662 INFO  k.c.s.r.c.ReceptionController - 접수 목록 요청: searchType=null, searchValue=null
2026-02-13 17:06:12.872 INFO  k.co.seoulit.common.aop.LoggerAspect - ServiceImpl  : kr.co.seoulit.reception.service.ReceptionServiceImpl.getReceptionList()시작
2026-02-13 17:06:13.120 INFO  k.co.seoulit.common.aop.LoggerAspect - ServiceImpl  : kr.co.seoulit.reception.service.ReceptionServiceImpl.getReceptionList()종료
2026-02-13 17:06:13.125 INFO  k.co.seoulit.common.aop.LoggerAspect - Controller  : kr.co.seoulit.reception.controller.ReceptionController.getReceptions()종료
2026-02-13 17:06:13.198 INFO  k.co.seoulit.common.aop.LoggerAspect - Controller  : kr.co.seoulit.reception.controller.ReceptionController.getReceptions()시작
2026-02-13 17:06:13.198 INFO  k.c.s.r.c.ReceptionController - 접수 목록 요청: searchType=null, searchValue=null
2026-02-13 17:06:13.402 INFO  k.co.seoulit.common.aop.LoggerAspect - ServiceImpl  : kr.co.seoulit.reception.service.ReceptionServiceImpl.getReceptionList()시작
2026-02-13 17:06:13.419 INFO  k.co.seoulit.common.aop.LoggerAspect - ServiceImpl  : kr.co.seoulit.reception.service.ReceptionServiceImpl.getReceptionList()종료
2026-02-13 17:06:13.425 INFO  k.co.seoulit.common.aop.LoggerAspect - Controller  : kr.co.seoulit.reception.controller.ReceptionController.getReceptions()종료
2026-02-13 17:06:14.953 INFO  k.co.seoulit.common.aop.LoggerAspect - Controller  : kr.co.seoulit.reception.controller.ReceptionController.getReception()시작
2026-02-13 17:06:14.953 INFO  k.c.s.r.c.ReceptionController - 접수 조회 요청: id=6
2026-02-13 17:06:15.010 INFO  k.co.seoulit.common.aop.LoggerAspect - ServiceImpl  : kr.co.seoulit.reception.service.ReceptionServiceImpl.getReception()시작
2026-02-13 17:06:15.010 DEBUG org.hibernate.SQL - select re1_0.reception_id,re1_0.arrived_at,re1_0.cancel_reason_code,re1_0.cancel_reason_text,re1_0.created_at,re1_0.created_by,re1_0.department_id,re1_0.department_name,re1_0.doctor_id,re1_0.doctor_name,re1_0.hold_reason_code,re1_0.hold_reason_text,re1_0.inactive_at,re1_0.inactive_reason_code,re1_0.inactive_reason_text,re1_0.is_active,re1_0.note,re1_0.patient_id,re1_0.patient_name,re1_0.reception_no,re1_0.reservation_id,re1_0.scheduled_at,re1_0.status,re1_0.updated_at,re1_0.updated_by,re1_0.visit_type from reception re1_0 where re1_0.reception_id=?
2026-02-13 17:06:15.012 TRACE org.hibernate.orm.jdbc.bind - binding parameter (1:BIGINT) <- [6]
2026-02-13 17:06:15.018 INFO  k.co.seoulit.common.aop.LoggerAspect - kr.co.seoulit.reception.mapstruct.ReceptionResMapStructImpl.toDto()시작
2026-02-13 17:06:15.020 INFO  k.co.seoulit.common.aop.LoggerAspect - kr.co.seoulit.reception.mapstruct.ReceptionResMapStructImpl.toDto()종료
2026-02-13 17:06:15.020 INFO  k.co.seoulit.common.aop.LoggerAspect - ServiceImpl  : kr.co.seoulit.reception.service.ReceptionServiceImpl.getReception()종료
2026-02-13 17:06:15.025 INFO  k.co.seoulit.common.aop.LoggerAspect - Controller  : kr.co.seoulit.reception.controller.ReceptionController.getReception()종료
2026-02-13 17:06:15.578 INFO  k.co.seoulit.common.aop.LoggerAspect - Controller  : kr.co.seoulit.reception.controller.ReceptionController.getReception()시작
2026-02-13 17:06:15.579 INFO  k.c.s.r.c.ReceptionController - 접수 조회 요청: id=7
2026-02-13 17:06:15.610 INFO  k.co.seoulit.common.aop.LoggerAspect - ServiceImpl  : kr.co.seoulit.reception.service.ReceptionServiceImpl.getReception()시작
2026-02-13 17:06:15.610 DEBUG org.hibernate.SQL - select re1_0.reception_id,re1_0.arrived_at,re1_0.cancel_reason_code,re1_0.cancel_reason_text,re1_0.created_at,re1_0.created_by,re1_0.department_id,re1_0.department_name,re1_0.doctor_id,re1_0.doctor_name,re1_0.hold_reason_code,re1_0.hold_reason_text,re1_0.inactive_at,re1_0.inactive_reason_code,re1_0.inactive_reason_text,re1_0.is_active,re1_0.note,re1_0.patient_id,re1_0.patient_name,re1_0.reception_no,re1_0.reservation_id,re1_0.scheduled_at,re1_0.status,re1_0.updated_at,re1_0.updated_by,re1_0.visit_type from reception re1_0 where re1_0.reception_id=?
2026-02-13 17:06:15.611 TRACE org.hibernate.orm.jdbc.bind - binding parameter (1:BIGINT) <- [7]
2026-02-13 17:06:15.618 INFO  k.co.seoulit.common.aop.LoggerAspect - kr.co.seoulit.reception.mapstruct.ReceptionResMapStructImpl.toDto()시작
2026-02-13 17:06:15.619 INFO  k.co.seoulit.common.aop.LoggerAspect - kr.co.seoulit.reception.mapstruct.ReceptionResMapStructImpl.toDto()종료
2026-02-13 17:06:15.619 INFO  k.co.seoulit.common.aop.LoggerAspect - ServiceImpl  : kr.co.seoulit.reception.service.ReceptionServiceImpl.getReception()종료
2026-02-13 17:06:15.623 INFO  k.co.seoulit.common.aop.LoggerAspect - Controller  : kr.co.seoulit.reception.controller.ReceptionController.getReception()종료
2026-02-13 17:06:16.062 INFO  k.co.seoulit.common.aop.LoggerAspect - Controller  : kr.co.seoulit.reception.controller.ReceptionController.getReception()시작
2026-02-13 17:06:16.062 INFO  k.c.s.r.c.ReceptionController - 접수 조회 요청: id=8
2026-02-13 17:06:16.063 INFO  k.co.seoulit.common.aop.LoggerAspect - ServiceImpl  : kr.co.seoulit.reception.service.ReceptionServiceImpl.getReception()시작
2026-02-13 17:06:16.064 DEBUG org.hibernate.SQL - select re1_0.reception_id,re1_0.arrived_at,re1_0.cancel_reason_code,re1_0.cancel_reason_text,re1_0.created_at,re1_0.created_by,re1_0.department_id,re1_0.department_name,re1_0.doctor_id,re1_0.doctor_name,re1_0.hold_reason_code,re1_0.hold_reason_text,re1_0.inactive_at,re1_0.inactive_reason_code,re1_0.inactive_reason_text,re1_0.is_active,re1_0.note,re1_0.patient_id,re1_0.patient_name,re1_0.reception_no,re1_0.reservation_id,re1_0.scheduled_at,re1_0.status,re1_0.updated_at,re1_0.updated_by,re1_0.visit_type from reception re1_0 where re1_0.reception_id=?
2026-02-13 17:06:16.064 TRACE org.hibernate.orm.jdbc.bind - binding parameter (1:BIGINT) <- [8]
2026-02-13 17:06:16.076 INFO  k.co.seoulit.common.aop.LoggerAspect - kr.co.seoulit.reception.mapstruct.ReceptionResMapStructImpl.toDto()시작
2026-02-13 17:06:16.076 INFO  k.co.seoulit.common.aop.LoggerAspect - kr.co.seoulit.reception.mapstruct.ReceptionResMapStructImpl.toDto()종료
2026-02-13 17:06:16.076 INFO  k.co.seoulit.common.aop.LoggerAspect - ServiceImpl  : kr.co.seoulit.reception.service.ReceptionServiceImpl.getReception()종료
2026-02-13 17:06:16.090 INFO  k.co.seoulit.common.aop.LoggerAspect - Controller  : kr.co.seoulit.reception.controller.ReceptionController.getReception()종료
2026-02-13 17:06:19.799 INFO  k.co.seoulit.common.aop.LoggerAspect - Controller  : kr.co.seoulit.reception.controller.MenuController.getMenus()시작
2026-02-13 17:06:19.799 INFO  k.co.seoulit.common.aop.LoggerAspect - Controller  : kr.co.seoulit.reception.controller.MenuController.getMenus()종료
2026-02-13 17:06:19.806 INFO  k.co.seoulit.common.aop.LoggerAspect - Controller  : kr.co.seoulit.reception.controller.MenuController.getMenus()시작
2026-02-13 17:06:19.806 INFO  k.co.seoulit.common.aop.LoggerAspect - Controller  : kr.co.seoulit.reception.controller.MenuController.getMenus()종료
2026-02-13 17:06:45.343 INFO  k.co.seoulit.common.aop.LoggerAspect - Controller  : kr.co.seoulit.reception.controller.MenuController.getMenus()시작
2026-02-13 17:06:45.343 INFO  k.co.seoulit.common.aop.LoggerAspect - Controller  : kr.co.seoulit.reception.controller.MenuController.getMenus()종료
2026-02-13 17:06:45.357 INFO  k.co.seoulit.common.aop.LoggerAspect - Controller  : kr.co.seoulit.reception.controller.MenuController.getMenus()시작
2026-02-13 17:06:45.357 INFO  k.co.seoulit.common.aop.LoggerAspect - Controller  : kr.co.seoulit.reception.controller.MenuController.getMenus()종료
2026-02-13 17:06:45.371 INFO  k.co.seoulit.common.aop.LoggerAspect - Controller  : kr.co.seoulit.reception.controller.ReservationController.getReservations()시작
2026-02-13 17:06:45.372 INFO  k.c.s.r.c.ReservationController - 예약 목록 요청: searchType=status, searchValue=COMPLETED
2026-02-13 17:06:45.382 INFO  k.co.seoulit.common.aop.LoggerAspect - ServiceImpl  : kr.co.seoulit.reception.service.ReservationServiceImpl.getReservationList()시작
2026-02-13 17:06:45.402 INFO  k.co.seoulit.common.aop.LoggerAspect - ServiceImpl  : kr.co.seoulit.reception.service.ReservationServiceImpl.getReservationList()종료
2026-02-13 17:06:45.417 INFO  k.co.seoulit.common.aop.LoggerAspect - Controller  : kr.co.seoulit.reception.controller.ReservationController.getReservations()종료
2026-02-13 17:06:45.436 INFO  k.co.seoulit.common.aop.LoggerAspect - Controller  : kr.co.seoulit.reception.controller.ReservationController.getReservations()시작
2026-02-13 17:06:45.436 INFO  k.c.s.r.c.ReservationController - 예약 목록 요청: searchType=status, searchValue=COMPLETED
2026-02-13 17:06:45.436 INFO  k.co.seoulit.common.aop.LoggerAspect - ServiceImpl  : kr.co.seoulit.reception.service.ReservationServiceImpl.getReservationList()시작
2026-02-13 17:06:45.446 INFO  k.co.seoulit.common.aop.LoggerAspect - ServiceImpl  : kr.co.seoulit.reception.service.ReservationServiceImpl.getReservationList()종료
2026-02-13 17:06:45.454 INFO  k.co.seoulit.common.aop.LoggerAspect - Controller  : kr.co.seoulit.reception.controller.ReservationController.getReservations()종료
2026-02-13 17:06:48.837 INFO  k.co.seoulit.common.aop.LoggerAspect - Controller  : kr.co.seoulit.reception.controller.MenuController.getMenus()시작
2026-02-13 17:06:48.837 INFO  k.co.seoulit.common.aop.LoggerAspect - Controller  : kr.co.seoulit.reception.controller.MenuController.getMenus()종료
2026-02-13 17:06:48.842 INFO  k.co.seoulit.common.aop.LoggerAspect - Controller  : kr.co.seoulit.reception.controller.MenuController.getMenus()시작
2026-02-13 17:06:48.842 INFO  k.co.seoulit.common.aop.LoggerAspect - Controller  : kr.co.seoulit.reception.controller.MenuController.getMenus()종료
2026-02-13 17:06:48.853 INFO  k.co.seoulit.common.aop.LoggerAspect - Controller  : kr.co.seoulit.reception.controller.ReservationController.getReservations()시작
2026-02-13 17:06:48.853 INFO  k.c.s.r.c.ReservationController - 예약 목록 요청: searchType=status, searchValue=CANCELED
2026-02-13 17:06:48.860 INFO  k.co.seoulit.common.aop.LoggerAspect - ServiceImpl  : kr.co.seoulit.reception.service.ReservationServiceImpl.getReservationList()시작
2026-02-13 17:06:48.868 INFO  k.co.seoulit.common.aop.LoggerAspect - ServiceImpl  : kr.co.seoulit.reception.service.ReservationServiceImpl.getReservationList()종료
2026-02-13 17:06:48.875 INFO  k.co.seoulit.common.aop.LoggerAspect - Controller  : kr.co.seoulit.reception.controller.ReservationController.getReservations()종료
2026-02-13 17:06:48.897 INFO  k.co.seoulit.common.aop.LoggerAspect - Controller  : kr.co.seoulit.reception.controller.ReservationController.getReservations()시작
2026-02-13 17:06:48.898 INFO  k.c.s.r.c.ReservationController - 예약 목록 요청: searchType=status, searchValue=CANCELED
2026-02-13 17:06:48.899 INFO  k.co.seoulit.common.aop.LoggerAspect - ServiceImpl  : kr.co.seoulit.reception.service.ReservationServiceImpl.getReservationList()시작
2026-02-13 17:06:48.906 INFO  k.co.seoulit.common.aop.LoggerAspect - ServiceImpl  : kr.co.seoulit.reception.service.ReservationServiceImpl.getReservationList()종료
2026-02-13 17:06:48.911 INFO  k.co.seoulit.common.aop.LoggerAspect - Controller  : kr.co.seoulit.reception.controller.ReservationController.getReservations()종료
2026-02-13 17:06:58.523 INFO  k.co.seoulit.common.aop.LoggerAspect - Controller  : kr.co.seoulit.reception.controller.MenuController.getMenus()시작
2026-02-13 17:06:58.523 INFO  k.co.seoulit.common.aop.LoggerAspect - Controller  : kr.co.seoulit.reception.controller.MenuController.getMenus()종료
2026-02-13 17:06:58.527 INFO  k.co.seoulit.common.aop.LoggerAspect - Controller  : kr.co.seoulit.reception.controller.MenuController.getMenus()시작
2026-02-13 17:06:58.527 INFO  k.co.seoulit.common.aop.LoggerAspect - Controller  : kr.co.seoulit.reception.controller.MenuController.getMenus()종료
2026-02-13 17:06:58.538 INFO  k.co.seoulit.common.aop.LoggerAspect - Controller  : kr.co.seoulit.reception.controller.ReservationController.getReservations()시작
2026-02-13 17:06:58.538 INFO  k.c.s.r.c.ReservationController - 예약 목록 요청: searchType=null, searchValue=null
2026-02-13 17:06:58.547 INFO  k.co.seoulit.common.aop.LoggerAspect - ServiceImpl  : kr.co.seoulit.reception.service.ReservationServiceImpl.getReservationList()시작
2026-02-13 17:06:58.561 INFO  k.co.seoulit.common.aop.LoggerAspect - ServiceImpl  : kr.co.seoulit.reception.service.ReservationServiceImpl.getReservationList()종료
2026-02-13 17:06:58.571 INFO  k.co.seoulit.common.aop.LoggerAspect - Controller  : kr.co.seoulit.reception.controller.ReservationController.getReservations()종료
2026-02-13 17:06:58.587 INFO  k.co.seoulit.common.aop.LoggerAspect - Controller  : kr.co.seoulit.reception.controller.ReservationController.getReservations()시작
2026-02-13 17:06:58.587 INFO  k.c.s.r.c.ReservationController - 예약 목록 요청: searchType=null, searchValue=null
2026-02-13 17:06:58.594 INFO  k.co.seoulit.common.aop.LoggerAspect - ServiceImpl  : kr.co.seoulit.reception.service.ReservationServiceImpl.getReservationList()시작
2026-02-13 17:06:58.602 INFO  k.co.seoulit.common.aop.LoggerAspect - ServiceImpl  : kr.co.seoulit.reception.service.ReservationServiceImpl.getReservationList()종료
2026-02-13 17:06:58.608 INFO  k.co.seoulit.common.aop.LoggerAspect - Controller  : kr.co.seoulit.reception.controller.ReservationController.getReservations()종료
2026-02-13 17:07:00.959 INFO  k.co.seoulit.common.aop.LoggerAspect - Controller  : kr.co.seoulit.reception.controller.MenuController.getMenus()시작
2026-02-13 17:07:00.959 INFO  k.co.seoulit.common.aop.LoggerAspect - Controller  : kr.co.seoulit.reception.controller.MenuController.getMenus()종료
2026-02-13 17:07:00.964 INFO  k.co.seoulit.common.aop.LoggerAspect - Controller  : kr.co.seoulit.reception.controller.MenuController.getMenus()시작
2026-02-13 17:07:00.964 INFO  k.co.seoulit.common.aop.LoggerAspect - Controller  : kr.co.seoulit.reception.controller.MenuController.getMenus()종료
2026-02-13 17:07:00.987 INFO  k.co.seoulit.common.aop.LoggerAspect - Controller  : kr.co.seoulit.reception.controller.PatientController.getPatients()시작
2026-02-13 17:07:00.999 DEBUG org.hibernate.SQL - select pe1_0.patient_id,pe1_0.patient_name from patient pe1_0
2026-02-13 17:07:01.026 INFO  k.co.seoulit.common.aop.LoggerAspect - Controller  : kr.co.seoulit.reception.controller.PatientController.getPatients()종료
2026-02-13 17:07:01.044 INFO  k.co.seoulit.common.aop.LoggerAspect - Controller  : kr.co.seoulit.reception.controller.PatientController.getPatients()시작
2026-02-13 17:07:01.053 DEBUG org.hibernate.SQL - select pe1_0.patient_id,pe1_0.patient_name from patient pe1_0
2026-02-13 17:07:01.088 INFO  k.co.seoulit.common.aop.LoggerAspect - Controller  : kr.co.seoulit.reception.controller.PatientController.getPatients()종료
2026-02-13 17:52:09.235 INFO  o.s.o.j.LocalContainerEntityManagerFactoryBean - Closing JPA EntityManagerFactory for persistence unit 'default'
2026-02-13 17:52:09.242 INFO  com.zaxxer.hikari.HikariDataSource - HikariPool-1 - Shutdown initiated...
2026-02-13 17:52:09.362 INFO  com.zaxxer.hikari.HikariDataSource - HikariPool-1 - Shutdown completed.
