2026-02-25 09:34:19.882 INFO  o.h.validator.internal.util.Version - HV000001: Hibernate Validator 8.0.1.Final
2026-02-25 09:34:20.213 INFO  kr.co.seoulit.ReceptionApplication - Starting ReceptionApplication using Java 17.0.12 with PID 43112 (D:\서울IT교육센터\dev\teamwork\project\backend\hospital_reception_backend\reception_back\build\classes\java\main started by USER in D:\서울IT교육센터\dev\teamwork\project\backend\hospital_reception_backend\reception_back)
2026-02-25 09:34:20.217 INFO  kr.co.seoulit.ReceptionApplication - No active profile set, falling back to 1 default profile: "default"
2026-02-25 09:34:24.463 INFO  o.s.d.r.c.RepositoryConfigurationDelegate - Multiple Spring Data modules found, entering strict repository configuration mode
2026-02-25 09:34:24.465 INFO  o.s.d.r.c.RepositoryConfigurationDelegate - Bootstrapping Spring Data JPA repositories in DEFAULT mode.
2026-02-25 09:34:25.015 INFO  o.s.d.r.c.RepositoryConfigurationDelegate - Finished Spring Data repository scanning in 507 ms. Found 9 JPA repository interfaces.
2026-02-25 09:34:25.115 INFO  o.s.d.r.c.RepositoryConfigurationDelegate - Multiple Spring Data modules found, entering strict repository configuration mode
2026-02-25 09:34:25.117 INFO  o.s.d.r.c.RepositoryConfigurationDelegate - Bootstrapping Spring Data Redis repositories in DEFAULT mode.
2026-02-25 09:34:25.145 INFO  o.s.d.r.c.RepositoryConfigurationExtensionSupport - Spring Data Redis - Could not safely identify store assignment for repository candidate interface kr.co.seoulit.common.audit.AuditLogRepository; If you want this repository to be a Redis repository, consider annotating your entities with one of these annotations: org.springframework.data.redis.core.RedisHash (preferred), or consider extending one of the following types with your repository: org.springframework.data.keyvalue.repository.KeyValueRepository
2026-02-25 09:34:25.145 INFO  o.s.d.r.c.RepositoryConfigurationExtensionSupport - Spring Data Redis - Could not safely identify store assignment for repository candidate interface kr.co.seoulit.reception.repository.DepartmentRepository; If you want this repository to be a Redis repository, consider annotating your entities with one of these annotations: org.springframework.data.redis.core.RedisHash (preferred), or consider extending one of the following types with your repository: org.springframework.data.keyvalue.repository.KeyValueRepository
2026-02-25 09:34:25.145 INFO  o.s.d.r.c.RepositoryConfigurationExtensionSupport - Spring Data Redis - Could not safely identify store assignment for repository candidate interface kr.co.seoulit.reception.repository.DoctorRepository; If you want this repository to be a Redis repository, consider annotating your entities with one of these annotations: org.springframework.data.redis.core.RedisHash (preferred), or consider extending one of the following types with your repository: org.springframework.data.keyvalue.repository.KeyValueRepository
2026-02-25 09:34:25.145 INFO  o.s.d.r.c.RepositoryConfigurationExtensionSupport - Spring Data Redis - Could not safely identify store assignment for repository candidate interface kr.co.seoulit.reception.repository.PatientRepository; If you want this repository to be a Redis repository, consider annotating your entities with one of these annotations: org.springframework.data.redis.core.RedisHash (preferred), or consider extending one of the following types with your repository: org.springframework.data.keyvalue.repository.KeyValueRepository
2026-02-25 09:34:25.146 INFO  o.s.d.r.c.RepositoryConfigurationExtensionSupport - Spring Data Redis - Could not safely identify store assignment for repository candidate interface kr.co.seoulit.reception.repository.ReceptionEmergencyRepository; If you want this repository to be a Redis repository, consider annotating your entities with one of these annotations: org.springframework.data.redis.core.RedisHash (preferred), or consider extending one of the following types with your repository: org.springframework.data.keyvalue.repository.KeyValueRepository
2026-02-25 09:34:25.146 INFO  o.s.d.r.c.RepositoryConfigurationExtensionSupport - Spring Data Redis - Could not safely identify store assignment for repository candidate interface kr.co.seoulit.reception.repository.ReceptionInpatientRepository; If you want this repository to be a Redis repository, consider annotating your entities with one of these annotations: org.springframework.data.redis.core.RedisHash (preferred), or consider extending one of the following types with your repository: org.springframework.data.keyvalue.repository.KeyValueRepository
2026-02-25 09:34:25.147 INFO  o.s.d.r.c.RepositoryConfigurationExtensionSupport - Spring Data Redis - Could not safely identify store assignment for repository candidate interface kr.co.seoulit.reception.repository.ReceptionRepository; If you want this repository to be a Redis repository, consider annotating your entities with one of these annotations: org.springframework.data.redis.core.RedisHash (preferred), or consider extending one of the following types with your repository: org.springframework.data.keyvalue.repository.KeyValueRepository
2026-02-25 09:34:25.147 INFO  o.s.d.r.c.RepositoryConfigurationExtensionSupport - Spring Data Redis - Could not safely identify store assignment for repository candidate interface kr.co.seoulit.reception.repository.ReceptionStatusHistoryRepository; If you want this repository to be a Redis repository, consider annotating your entities with one of these annotations: org.springframework.data.redis.core.RedisHash (preferred), or consider extending one of the following types with your repository: org.springframework.data.keyvalue.repository.KeyValueRepository
2026-02-25 09:34:25.148 INFO  o.s.d.r.c.RepositoryConfigurationExtensionSupport - Spring Data Redis - Could not safely identify store assignment for repository candidate interface kr.co.seoulit.reception.repository.ReservationRepository; If you want this repository to be a Redis repository, consider annotating your entities with one of these annotations: org.springframework.data.redis.core.RedisHash (preferred), or consider extending one of the following types with your repository: org.springframework.data.keyvalue.repository.KeyValueRepository
2026-02-25 09:34:25.148 INFO  o.s.d.r.c.RepositoryConfigurationDelegate - Finished Spring Data repository scanning in 15 ms. Found 0 Redis repository interfaces.
2026-02-25 09:34:27.317 INFO  o.s.b.w.e.tomcat.TomcatWebServer - Tomcat initialized with port 8283 (http)
2026-02-25 09:34:27.333 INFO  o.a.coyote.http11.Http11NioProtocol - Initializing ProtocolHandler ["http-nio-8283"]
2026-02-25 09:34:27.336 INFO  o.a.catalina.core.StandardService - Starting service [Tomcat]
2026-02-25 09:34:27.337 INFO  o.a.catalina.core.StandardEngine - Starting Servlet engine: [Apache Tomcat/10.1.26]
2026-02-25 09:34:27.503 INFO  o.a.c.c.C.[Tomcat].[localhost].[/] - Initializing Spring embedded WebApplicationContext
2026-02-25 09:34:27.503 INFO  o.s.b.w.s.c.ServletWebServerApplicationContext - Root WebApplicationContext: initialization completed in 7061 ms
2026-02-25 09:34:28.288 INFO  o.h.jpa.internal.util.LogHelper - HHH000204: Processing PersistenceUnitInfo [name: default]
2026-02-25 09:34:28.596 INFO  org.hibernate.Version - HHH000412: Hibernate ORM core version 6.5.2.Final
2026-02-25 09:34:28.845 INFO  o.h.c.i.RegionFactoryInitiator - HHH000026: Second-level cache disabled
2026-02-25 09:34:29.644 INFO  o.s.o.j.p.SpringPersistenceUnitInfo - No LoadTimeWeaver setup: ignoring JPA class transformer
2026-02-25 09:34:29.759 INFO  com.zaxxer.hikari.HikariDataSource - HikariPool-1 - Starting...
2026-02-25 09:34:30.705 INFO  com.zaxxer.hikari.pool.HikariPool - HikariPool-1 - Added connection oracle.jdbc.driver.T4CConnection@6df31abf
2026-02-25 09:34:30.708 INFO  com.zaxxer.hikari.HikariDataSource - HikariPool-1 - Start completed.
2026-02-25 09:34:30.844 WARN  org.hibernate.orm.deprecation - HHH90000026: Oracle10gDialect has been deprecated; use org.hibernate.community.dialect.OracleLegacyDialect instead
2026-02-25 09:34:34.689 INFO  o.h.e.t.j.p.i.JtaPlatformInitiator - HHH000489: No JTA platform available (set 'hibernate.transaction.jta.platform' to enable JTA platform integration)
2026-02-25 09:34:34.693 INFO  o.s.o.j.LocalContainerEntityManagerFactoryBean - Initialized JPA EntityManagerFactory for persistence unit 'default'
2026-02-25 09:34:38.140 WARN  o.s.b.a.o.j.JpaBaseConfiguration$JpaWebConfiguration - spring.jpa.open-in-view is enabled by default. Therefore, database queries may be performed during view rendering. Explicitly configure spring.jpa.open-in-view to disable this warning
2026-02-25 09:34:38.221 INFO  o.s.b.a.w.s.WelcomePageHandlerMapping - Adding welcome page: class path resource [static/index.html]
2026-02-25 09:34:41.462 INFO  o.a.coyote.http11.Http11NioProtocol - Starting ProtocolHandler ["http-nio-8283"]
2026-02-25 09:34:41.500 INFO  o.s.b.w.e.tomcat.TomcatWebServer - Tomcat started on port 8283 (http) with context path '/'
2026-02-25 09:34:41.513 INFO  kr.co.seoulit.ReceptionApplication - Started ReceptionApplication in 23.016 seconds (process running for 29.386)
2026-02-25 09:45:28.751 INFO  o.a.c.c.C.[Tomcat].[localhost].[/] - Initializing Spring DispatcherServlet 'dispatcherServlet'
2026-02-25 09:45:28.752 INFO  o.s.web.servlet.DispatcherServlet - Initializing Servlet 'dispatcherServlet'
2026-02-25 09:45:28.757 INFO  o.s.web.servlet.DispatcherServlet - Completed initialization in 5 ms
2026-02-25 09:45:28.930 INFO  k.co.seoulit.common.aop.LoggerAspect - Controller  : kr.co.seoulit.reception.controller.ReceptionController.getReceptions()시작
2026-02-25 09:45:28.931 INFO  k.c.s.r.c.ReceptionController - Reception list request: searchType=null, searchValue=null
2026-02-25 09:45:28.967 INFO  k.co.seoulit.common.aop.LoggerAspect - ServiceImpl  : kr.co.seoulit.reception.service.ReceptionServiceImpl.getReceptionList()시작
2026-02-25 09:45:29.177 INFO  k.co.seoulit.common.aop.LoggerAspect - ServiceImpl  : kr.co.seoulit.reception.service.ReceptionServiceImpl.getReceptionList()종료
2026-02-25 09:45:29.214 INFO  k.co.seoulit.common.aop.LoggerAspect - Controller  : kr.co.seoulit.reception.controller.ReceptionController.getReceptions()종료
2026-02-25 09:45:29.331 INFO  k.co.seoulit.common.aop.LoggerAspect - Controller  : kr.co.seoulit.reception.controller.ReceptionController.getReceptions()시작
2026-02-25 09:45:29.331 INFO  k.c.s.r.c.ReceptionController - Reception list request: searchType=null, searchValue=null
2026-02-25 09:45:29.332 INFO  k.co.seoulit.common.aop.LoggerAspect - ServiceImpl  : kr.co.seoulit.reception.service.ReceptionServiceImpl.getReceptionList()시작
2026-02-25 09:45:29.376 INFO  k.co.seoulit.common.aop.LoggerAspect - ServiceImpl  : kr.co.seoulit.reception.service.ReceptionServiceImpl.getReceptionList()종료
2026-02-25 09:45:29.387 INFO  k.co.seoulit.common.aop.LoggerAspect - Controller  : kr.co.seoulit.reception.controller.ReceptionController.getReceptions()종료
2026-02-25 09:45:29.490 INFO  k.co.seoulit.common.aop.LoggerAspect - Controller  : kr.co.seoulit.reception.controller.ReceptionController.getReception()시작
2026-02-25 09:45:29.491 INFO  k.c.s.r.c.ReceptionController - Get reception request: id=17
2026-02-25 09:45:29.498 INFO  k.co.seoulit.common.aop.LoggerAspect - ServiceImpl  : kr.co.seoulit.reception.service.ReceptionServiceImpl.getReception()시작
2026-02-25 09:45:29.650 DEBUG org.hibernate.SQL - select re1_0.reception_id,re1_0.arrived_at,re1_0.cancel_reason_code,re1_0.cancel_reason_text,re1_0.created_at,re1_0.created_by,re1_0.department_id,re1_0.department_name,re1_0.doctor_id,re1_0.doctor_name,re1_0.hold_reason_code,re1_0.hold_reason_text,re1_0.inactive_at,re1_0.inactive_reason_code,re1_0.inactive_reason_text,re1_0.is_active,re1_0.note,re1_0.patient_id,re1_0.patient_name,re1_0.reception_no,re1_0.reservation_id,re1_0.scheduled_at,re1_0.status,re1_0.updated_at,re1_0.updated_by,re1_0.visit_type from reception re1_0 where re1_0.reception_id=?
2026-02-25 09:45:29.652 TRACE org.hibernate.orm.jdbc.bind - binding parameter (1:BIGINT) <- [17]
2026-02-25 09:45:29.726 INFO  k.co.seoulit.common.aop.LoggerAspect - kr.co.seoulit.reception.mapstruct.ReceptionResMapStructImpl.toDto()시작
2026-02-25 09:45:29.726 INFO  k.co.seoulit.common.aop.LoggerAspect - kr.co.seoulit.reception.mapstruct.ReceptionResMapStructImpl.toDto()종료
2026-02-25 09:45:29.726 INFO  k.co.seoulit.common.aop.LoggerAspect - ServiceImpl  : kr.co.seoulit.reception.service.ReceptionServiceImpl.getReception()종료
2026-02-25 09:45:29.749 INFO  k.co.seoulit.common.aop.LoggerAspect - Controller  : kr.co.seoulit.reception.controller.ReceptionController.getReception()종료
2026-02-25 09:57:01.121 INFO  k.co.seoulit.common.aop.LoggerAspect - Controller  : kr.co.seoulit.reception.controller.ReceptionController.getReceptions()시작
2026-02-25 09:57:01.122 INFO  k.c.s.r.c.ReceptionController - Reception list request: searchType=null, searchValue=null
2026-02-25 09:57:01.132 INFO  k.co.seoulit.common.aop.LoggerAspect - ServiceImpl  : kr.co.seoulit.reception.service.ReceptionServiceImpl.getReceptionList()시작
2026-02-25 09:57:01.146 INFO  k.co.seoulit.common.aop.LoggerAspect - ServiceImpl  : kr.co.seoulit.reception.service.ReceptionServiceImpl.getReceptionList()종료
2026-02-25 09:57:01.151 INFO  k.co.seoulit.common.aop.LoggerAspect - Controller  : kr.co.seoulit.reception.controller.ReceptionController.getReceptions()종료
2026-02-25 09:57:01.256 INFO  k.co.seoulit.common.aop.LoggerAspect - Controller  : kr.co.seoulit.reception.controller.ReceptionController.createReception()시작
2026-02-25 09:57:01.256 INFO  k.c.s.r.c.ReceptionController - Create reception request: receptionNo=20260225-001
2026-02-25 09:57:01.256 INFO  k.co.seoulit.common.aop.LoggerAspect - ServiceImpl  : kr.co.seoulit.reception.service.ReceptionServiceImpl.createReception()시작
2026-02-25 09:57:01.482 DEBUG org.hibernate.SQL - select * from (select re1_0.reception_id c0,rownum rn from reception re1_0 where re1_0.reception_no=?) r_0_ where r_0_.rn<=? order by r_0_.rn
2026-02-25 09:57:01.483 TRACE org.hibernate.orm.jdbc.bind - binding parameter (1:VARCHAR) <- [20260225-001]
2026-02-25 09:57:01.483 TRACE org.hibernate.orm.jdbc.bind - binding parameter (2:INTEGER) <- [1]
2026-02-25 09:57:01.564 INFO  k.co.seoulit.common.aop.LoggerAspect - kr.co.seoulit.reception.mapstruct.ReceptionReqMapStructImpl.toEntity()시작
2026-02-25 09:57:01.565 INFO  k.co.seoulit.common.aop.LoggerAspect - kr.co.seoulit.reception.mapstruct.ReceptionReqMapStructImpl.toEntity()종료
2026-02-25 09:57:01.582 DEBUG org.hibernate.SQL - select seq_reception.nextval from dual
2026-02-25 09:57:01.615 INFO  k.co.seoulit.common.aop.LoggerAspect - kr.co.seoulit.reception.mapstruct.ReceptionResMapStructImpl.toDto()시작
2026-02-25 09:57:01.615 INFO  k.co.seoulit.common.aop.LoggerAspect - kr.co.seoulit.reception.mapstruct.ReceptionResMapStructImpl.toDto()종료
2026-02-25 09:57:01.618 DEBUG org.hibernate.SQL - select seq_audit_log.nextval from dual
2026-02-25 09:57:01.629 INFO  k.co.seoulit.common.aop.LoggerAspect - ServiceImpl  : kr.co.seoulit.reception.service.ReceptionServiceImpl.createReception()종료
2026-02-25 09:57:01.649 DEBUG org.hibernate.SQL - insert into reception (arrived_at,cancel_reason_code,cancel_reason_text,created_at,created_by,department_id,department_name,doctor_id,doctor_name,hold_reason_code,hold_reason_text,inactive_at,inactive_reason_code,inactive_reason_text,is_active,note,patient_id,patient_name,reception_no,reservation_id,scheduled_at,status,updated_at,updated_by,visit_type,reception_id) values (?,?,?,?,?,?,?,?,?,?,?,?,?,?,?,?,?,?,?,?,?,?,?,?,?,?)
2026-02-25 09:57:01.652 TRACE org.hibernate.orm.jdbc.bind - binding parameter (1:TIMESTAMP) <- [2026-02-25T00:57:01]
2026-02-25 09:57:01.653 TRACE org.hibernate.orm.jdbc.bind - binding parameter (2:VARCHAR) <- [null]
2026-02-25 09:57:01.653 TRACE org.hibernate.orm.jdbc.bind - binding parameter (3:VARCHAR) <- [null]
2026-02-25 09:57:01.654 TRACE org.hibernate.orm.jdbc.bind - binding parameter (4:TIMESTAMP) <- [2026-02-25T09:57:01.641558]
2026-02-25 09:57:01.654 TRACE org.hibernate.orm.jdbc.bind - binding parameter (5:BIGINT) <- [null]
2026-02-25 09:57:01.654 TRACE org.hibernate.orm.jdbc.bind - binding parameter (6:BIGINT) <- [1]
2026-02-25 09:57:01.654 TRACE org.hibernate.orm.jdbc.bind - binding parameter (7:VARCHAR) <- [내과]
2026-02-25 09:57:01.654 TRACE org.hibernate.orm.jdbc.bind - binding parameter (8:BIGINT) <- [1]
2026-02-25 09:57:01.654 TRACE org.hibernate.orm.jdbc.bind - binding parameter (9:VARCHAR) <- [송태민]
2026-02-25 09:57:01.654 TRACE org.hibernate.orm.jdbc.bind - binding parameter (10:VARCHAR) <- [null]
2026-02-25 09:57:01.655 TRACE org.hibernate.orm.jdbc.bind - binding parameter (11:VARCHAR) <- [null]
2026-02-25 09:57:01.655 TRACE org.hibernate.orm.jdbc.bind - binding parameter (12:TIMESTAMP) <- [null]
2026-02-25 09:57:01.655 TRACE org.hibernate.orm.jdbc.bind - binding parameter (13:VARCHAR) <- [null]
2026-02-25 09:57:01.655 TRACE org.hibernate.orm.jdbc.bind - binding parameter (14:VARCHAR) <- [null]
2026-02-25 09:57:01.655 TRACE org.hibernate.orm.jdbc.bind - binding parameter (15:BOOLEAN) <- [true]
2026-02-25 09:57:01.656 TRACE org.hibernate.orm.jdbc.bind - binding parameter (16:VARCHAR) <- [신규 환자 등록 후 접수]
2026-02-25 09:57:01.656 TRACE org.hibernate.orm.jdbc.bind - binding parameter (17:BIGINT) <- [18]
2026-02-25 09:57:01.656 TRACE org.hibernate.orm.jdbc.bind - binding parameter (18:VARCHAR) <- [송샘]
2026-02-25 09:57:01.657 TRACE org.hibernate.orm.jdbc.bind - binding parameter (19:VARCHAR) <- [20260225-001]
2026-02-25 09:57:01.657 TRACE org.hibernate.orm.jdbc.bind - binding parameter (20:BIGINT) <- [null]
2026-02-25 09:57:01.657 TRACE org.hibernate.orm.jdbc.bind - binding parameter (21:TIMESTAMP) <- [null]
2026-02-25 09:57:01.657 TRACE org.hibernate.orm.jdbc.bind - binding parameter (22:VARCHAR) <- [WAITING]
2026-02-25 09:57:01.657 TRACE org.hibernate.orm.jdbc.bind - binding parameter (23:TIMESTAMP) <- [2026-02-25T09:57:01.641558]
2026-02-25 09:57:01.657 TRACE org.hibernate.orm.jdbc.bind - binding parameter (24:BIGINT) <- [null]
2026-02-25 09:57:01.657 TRACE org.hibernate.orm.jdbc.bind - binding parameter (25:VARCHAR) <- [OUTPATIENT]
2026-02-25 09:57:01.657 TRACE org.hibernate.orm.jdbc.bind - binding parameter (26:BIGINT) <- [22]
2026-02-25 09:57:01.670 DEBUG org.hibernate.SQL - insert into audit_log (action,actor_id,after_json,before_json,diff_json,entity_id,entity_type,occurred_at,reason_code,reason_text,audit_log_id) values (?,?,?,?,?,?,?,?,?,?,?)
2026-02-25 09:57:01.671 TRACE org.hibernate.orm.jdbc.bind - binding parameter (1:VARCHAR) <- [CREATE]
2026-02-25 09:57:01.671 TRACE org.hibernate.orm.jdbc.bind - binding parameter (2:BIGINT) <- [null]
2026-02-25 09:57:01.671 TRACE org.hibernate.orm.jdbc.bind - binding parameter (3:VARCHAR) <- [{"receptionId":22,"receptionNo":"20260225-001","patientId":18,"patientName":"송샘","visitType":"OUTPATIENT","departmentId":1,"departmentName":"내과","doctorId":1,"doctorName":"송태민","reservationId":null,"scheduledAt":null,"arrivedAt":"2026-02-25T00:57:01","status":"WAITING","note":"신규 환자 등록 후 접수","isActive":true,"inactiveAt":null,"inactiveReasonCode":null,"inactiveReasonText":null,"cancelReasonCode":null,"cancelReasonText":null,"holdReasonCode":null,"holdReasonText":null,"createdBy":null,"updatedBy":null,"createdAt":null,"updatedAt":null}]
2026-02-25 09:57:01.671 TRACE org.hibernate.orm.jdbc.bind - binding parameter (4:VARCHAR) <- [null]
2026-02-25 09:57:01.671 TRACE org.hibernate.orm.jdbc.bind - binding parameter (5:VARCHAR) <- [null]
2026-02-25 09:57:01.671 TRACE org.hibernate.orm.jdbc.bind - binding parameter (6:BIGINT) <- [22]
2026-02-25 09:57:01.671 TRACE org.hibernate.orm.jdbc.bind - binding parameter (7:VARCHAR) <- [RECEPTION]
2026-02-25 09:57:01.671 TRACE org.hibernate.orm.jdbc.bind - binding parameter (8:TIMESTAMP) <- [2026-02-25T09:57:01.670121]
2026-02-25 09:57:01.672 TRACE org.hibernate.orm.jdbc.bind - binding parameter (9:VARCHAR) <- [null]
2026-02-25 09:57:01.672 TRACE org.hibernate.orm.jdbc.bind - binding parameter (10:VARCHAR) <- [null]
2026-02-25 09:57:01.672 TRACE org.hibernate.orm.jdbc.bind - binding parameter (11:BIGINT) <- [77]
2026-02-25 09:57:01.691 INFO  k.co.seoulit.common.aop.LoggerAspect - Controller  : kr.co.seoulit.reception.controller.ReceptionController.createReception()종료
2026-02-25 09:57:01.998 INFO  k.co.seoulit.common.aop.LoggerAspect - Controller  : kr.co.seoulit.reception.controller.ReceptionController.getReceptions()시작
2026-02-25 09:57:01.999 INFO  k.c.s.r.c.ReceptionController - Reception list request: searchType=null, searchValue=null
2026-02-25 09:57:02.000 INFO  k.co.seoulit.common.aop.LoggerAspect - ServiceImpl  : kr.co.seoulit.reception.service.ReceptionServiceImpl.getReceptionList()시작
2026-02-25 09:57:02.023 INFO  k.co.seoulit.common.aop.LoggerAspect - ServiceImpl  : kr.co.seoulit.reception.service.ReceptionServiceImpl.getReceptionList()종료
2026-02-25 09:57:02.032 INFO  k.co.seoulit.common.aop.LoggerAspect - Controller  : kr.co.seoulit.reception.controller.ReceptionController.getReceptions()종료
2026-02-25 09:57:02.060 INFO  k.co.seoulit.common.aop.LoggerAspect - Controller  : kr.co.seoulit.reception.controller.ReceptionController.getReceptions()시작
2026-02-25 09:57:02.061 INFO  k.c.s.r.c.ReceptionController - Reception list request: searchType=null, searchValue=null
2026-02-25 09:57:02.061 INFO  k.co.seoulit.common.aop.LoggerAspect - ServiceImpl  : kr.co.seoulit.reception.service.ReceptionServiceImpl.getReceptionList()시작
2026-02-25 09:57:02.077 INFO  k.co.seoulit.common.aop.LoggerAspect - ServiceImpl  : kr.co.seoulit.reception.service.ReceptionServiceImpl.getReceptionList()종료
2026-02-25 09:57:02.085 INFO  k.co.seoulit.common.aop.LoggerAspect - Controller  : kr.co.seoulit.reception.controller.ReceptionController.getReceptions()종료
2026-02-25 09:57:27.037 INFO  k.co.seoulit.common.aop.LoggerAspect - Controller  : kr.co.seoulit.reception.controller.ReceptionController.getReceptions()시작
2026-02-25 09:57:27.037 INFO  k.c.s.r.c.ReceptionController - Reception list request: searchType=null, searchValue=null
2026-02-25 09:57:27.045 INFO  k.co.seoulit.common.aop.LoggerAspect - ServiceImpl  : kr.co.seoulit.reception.service.ReceptionServiceImpl.getReceptionList()시작
2026-02-25 09:57:27.058 INFO  k.co.seoulit.common.aop.LoggerAspect - ServiceImpl  : kr.co.seoulit.reception.service.ReceptionServiceImpl.getReceptionList()종료
2026-02-25 09:57:27.071 INFO  k.co.seoulit.common.aop.LoggerAspect - Controller  : kr.co.seoulit.reception.controller.ReceptionController.getReceptions()종료
2026-02-25 09:57:27.141 INFO  k.co.seoulit.common.aop.LoggerAspect - Controller  : kr.co.seoulit.reception.controller.ReceptionController.createReception()시작
2026-02-25 09:57:27.141 INFO  k.c.s.r.c.ReceptionController - Create reception request: receptionNo=20260225-002
2026-02-25 09:57:27.142 INFO  k.co.seoulit.common.aop.LoggerAspect - ServiceImpl  : kr.co.seoulit.reception.service.ReceptionServiceImpl.createReception()시작
2026-02-25 09:57:27.144 DEBUG org.hibernate.SQL - select * from (select re1_0.reception_id c0,rownum rn from reception re1_0 where re1_0.reception_no=?) r_0_ where r_0_.rn<=? order by r_0_.rn
2026-02-25 09:57:27.144 TRACE org.hibernate.orm.jdbc.bind - binding parameter (1:VARCHAR) <- [20260225-002]
2026-02-25 09:57:27.144 TRACE org.hibernate.orm.jdbc.bind - binding parameter (2:INTEGER) <- [1]
2026-02-25 09:57:27.157 INFO  k.co.seoulit.common.aop.LoggerAspect - kr.co.seoulit.reception.mapstruct.ReceptionReqMapStructImpl.toEntity()시작
2026-02-25 09:57:27.158 INFO  k.co.seoulit.common.aop.LoggerAspect - kr.co.seoulit.reception.mapstruct.ReceptionReqMapStructImpl.toEntity()종료
2026-02-25 09:57:27.158 DEBUG org.hibernate.SQL - select seq_reception.nextval from dual
2026-02-25 09:57:27.169 INFO  k.co.seoulit.common.aop.LoggerAspect - kr.co.seoulit.reception.mapstruct.ReceptionResMapStructImpl.toDto()시작
2026-02-25 09:57:27.170 INFO  k.co.seoulit.common.aop.LoggerAspect - kr.co.seoulit.reception.mapstruct.ReceptionResMapStructImpl.toDto()종료
2026-02-25 09:57:27.171 DEBUG org.hibernate.SQL - select seq_audit_log.nextval from dual
2026-02-25 09:57:27.180 INFO  k.co.seoulit.common.aop.LoggerAspect - ServiceImpl  : kr.co.seoulit.reception.service.ReceptionServiceImpl.createReception()종료
2026-02-25 09:57:27.181 DEBUG org.hibernate.SQL - insert into reception (arrived_at,cancel_reason_code,cancel_reason_text,created_at,created_by,department_id,department_name,doctor_id,doctor_name,hold_reason_code,hold_reason_text,inactive_at,inactive_reason_code,inactive_reason_text,is_active,note,patient_id,patient_name,reception_no,reservation_id,scheduled_at,status,updated_at,updated_by,visit_type,reception_id) values (?,?,?,?,?,?,?,?,?,?,?,?,?,?,?,?,?,?,?,?,?,?,?,?,?,?)
2026-02-25 09:57:27.182 TRACE org.hibernate.orm.jdbc.bind - binding parameter (1:TIMESTAMP) <- [2026-02-25T00:57:27]
2026-02-25 09:57:27.182 TRACE org.hibernate.orm.jdbc.bind - binding parameter (2:VARCHAR) <- [null]
2026-02-25 09:57:27.182 TRACE org.hibernate.orm.jdbc.bind - binding parameter (3:VARCHAR) <- [null]
2026-02-25 09:57:27.182 TRACE org.hibernate.orm.jdbc.bind - binding parameter (4:TIMESTAMP) <- [2026-02-25T09:57:27.181838]
2026-02-25 09:57:27.182 TRACE org.hibernate.orm.jdbc.bind - binding parameter (5:BIGINT) <- [null]
2026-02-25 09:57:27.182 TRACE org.hibernate.orm.jdbc.bind - binding parameter (6:BIGINT) <- [1]
2026-02-25 09:57:27.182 TRACE org.hibernate.orm.jdbc.bind - binding parameter (7:VARCHAR) <- [내과]
2026-02-25 09:57:27.183 TRACE org.hibernate.orm.jdbc.bind - binding parameter (8:BIGINT) <- [1]
2026-02-25 09:57:27.183 TRACE org.hibernate.orm.jdbc.bind - binding parameter (9:VARCHAR) <- [송태민]
2026-02-25 09:57:27.183 TRACE org.hibernate.orm.jdbc.bind - binding parameter (10:VARCHAR) <- [null]
2026-02-25 09:57:27.183 TRACE org.hibernate.orm.jdbc.bind - binding parameter (11:VARCHAR) <- [null]
2026-02-25 09:57:27.183 TRACE org.hibernate.orm.jdbc.bind - binding parameter (12:TIMESTAMP) <- [null]
2026-02-25 09:57:27.183 TRACE org.hibernate.orm.jdbc.bind - binding parameter (13:VARCHAR) <- [null]
2026-02-25 09:57:27.183 TRACE org.hibernate.orm.jdbc.bind - binding parameter (14:VARCHAR) <- [null]
2026-02-25 09:57:27.183 TRACE org.hibernate.orm.jdbc.bind - binding parameter (15:BOOLEAN) <- [true]
2026-02-25 09:57:27.183 TRACE org.hibernate.orm.jdbc.bind - binding parameter (16:VARCHAR) <- [환자 상세 화면에서 접수 등록]
2026-02-25 09:57:27.183 TRACE org.hibernate.orm.jdbc.bind - binding parameter (17:BIGINT) <- [4]
2026-02-25 09:57:27.184 TRACE org.hibernate.orm.jdbc.bind - binding parameter (18:VARCHAR) <- [김자바]
2026-02-25 09:57:27.184 TRACE org.hibernate.orm.jdbc.bind - binding parameter (19:VARCHAR) <- [20260225-002]
2026-02-25 09:57:27.184 TRACE org.hibernate.orm.jdbc.bind - binding parameter (20:BIGINT) <- [null]
2026-02-25 09:57:27.184 TRACE org.hibernate.orm.jdbc.bind - binding parameter (21:TIMESTAMP) <- [null]
2026-02-25 09:57:27.184 TRACE org.hibernate.orm.jdbc.bind - binding parameter (22:VARCHAR) <- [WAITING]
2026-02-25 09:57:27.184 TRACE org.hibernate.orm.jdbc.bind - binding parameter (23:TIMESTAMP) <- [2026-02-25T09:57:27.181838]
2026-02-25 09:57:27.184 TRACE org.hibernate.orm.jdbc.bind - binding parameter (24:BIGINT) <- [null]
2026-02-25 09:57:27.184 TRACE org.hibernate.orm.jdbc.bind - binding parameter (25:VARCHAR) <- [OUTPATIENT]
2026-02-25 09:57:27.185 TRACE org.hibernate.orm.jdbc.bind - binding parameter (26:BIGINT) <- [23]
2026-02-25 09:57:27.191 DEBUG org.hibernate.SQL - insert into audit_log (action,actor_id,after_json,before_json,diff_json,entity_id,entity_type,occurred_at,reason_code,reason_text,audit_log_id) values (?,?,?,?,?,?,?,?,?,?,?)
2026-02-25 09:57:27.192 TRACE org.hibernate.orm.jdbc.bind - binding parameter (1:VARCHAR) <- [CREATE]
2026-02-25 09:57:27.192 TRACE org.hibernate.orm.jdbc.bind - binding parameter (2:BIGINT) <- [null]
2026-02-25 09:57:27.192 TRACE org.hibernate.orm.jdbc.bind - binding parameter (3:VARCHAR) <- [{"receptionId":23,"receptionNo":"20260225-002","patientId":4,"patientName":"김자바","visitType":"OUTPATIENT","departmentId":1,"departmentName":"내과","doctorId":1,"doctorName":"송태민","reservationId":null,"scheduledAt":null,"arrivedAt":"2026-02-25T00:57:27","status":"WAITING","note":"환자 상세 화면에서 접수 등록","isActive":true,"inactiveAt":null,"inactiveReasonCode":null,"inactiveReasonText":null,"cancelReasonCode":null,"cancelReasonText":null,"holdReasonCode":null,"holdReasonText":null,"createdBy":null,"updatedBy":null,"createdAt":null,"updatedAt":null}]
2026-02-25 09:57:27.192 TRACE org.hibernate.orm.jdbc.bind - binding parameter (4:VARCHAR) <- [null]
2026-02-25 09:57:27.192 TRACE org.hibernate.orm.jdbc.bind - binding parameter (5:VARCHAR) <- [null]
2026-02-25 09:57:27.193 TRACE org.hibernate.orm.jdbc.bind - binding parameter (6:BIGINT) <- [23]
2026-02-25 09:57:27.193 TRACE org.hibernate.orm.jdbc.bind - binding parameter (7:VARCHAR) <- [RECEPTION]
2026-02-25 09:57:27.193 TRACE org.hibernate.orm.jdbc.bind - binding parameter (8:TIMESTAMP) <- [2026-02-25T09:57:27.191817]
2026-02-25 09:57:27.193 TRACE org.hibernate.orm.jdbc.bind - binding parameter (9:VARCHAR) <- [null]
2026-02-25 09:57:27.193 TRACE org.hibernate.orm.jdbc.bind - binding parameter (10:VARCHAR) <- [null]
2026-02-25 09:57:27.193 TRACE org.hibernate.orm.jdbc.bind - binding parameter (11:BIGINT) <- [78]
2026-02-25 09:57:27.210 INFO  k.co.seoulit.common.aop.LoggerAspect - Controller  : kr.co.seoulit.reception.controller.ReceptionController.createReception()종료
2026-02-25 09:57:27.583 INFO  k.co.seoulit.common.aop.LoggerAspect - Controller  : kr.co.seoulit.reception.controller.ReceptionController.getReceptions()시작
2026-02-25 09:57:27.584 INFO  k.c.s.r.c.ReceptionController - Reception list request: searchType=null, searchValue=null
2026-02-25 09:57:27.584 INFO  k.co.seoulit.common.aop.LoggerAspect - ServiceImpl  : kr.co.seoulit.reception.service.ReceptionServiceImpl.getReceptionList()시작
2026-02-25 09:57:27.602 INFO  k.co.seoulit.common.aop.LoggerAspect - ServiceImpl  : kr.co.seoulit.reception.service.ReceptionServiceImpl.getReceptionList()종료
2026-02-25 09:57:27.609 INFO  k.co.seoulit.common.aop.LoggerAspect - Controller  : kr.co.seoulit.reception.controller.ReceptionController.getReceptions()종료
2026-02-25 09:57:27.620 INFO  k.co.seoulit.common.aop.LoggerAspect - Controller  : kr.co.seoulit.reception.controller.ReceptionController.getReceptions()시작
2026-02-25 09:57:27.620 INFO  k.c.s.r.c.ReceptionController - Reception list request: searchType=null, searchValue=null
2026-02-25 09:57:27.621 INFO  k.co.seoulit.common.aop.LoggerAspect - ServiceImpl  : kr.co.seoulit.reception.service.ReceptionServiceImpl.getReceptionList()시작
2026-02-25 09:57:27.638 INFO  k.co.seoulit.common.aop.LoggerAspect - ServiceImpl  : kr.co.seoulit.reception.service.ReceptionServiceImpl.getReceptionList()종료
2026-02-25 09:57:27.647 INFO  k.co.seoulit.common.aop.LoggerAspect - Controller  : kr.co.seoulit.reception.controller.ReceptionController.getReceptions()종료
2026-02-25 09:58:00.352 INFO  k.co.seoulit.common.aop.LoggerAspect - Controller  : kr.co.seoulit.reception.controller.ReservationController.getReservations()시작
2026-02-25 09:58:00.352 INFO  k.c.s.r.c.ReservationController - 예약 목록 요청: searchType=null, searchValue=null
2026-02-25 09:58:00.472 INFO  k.co.seoulit.common.aop.LoggerAspect - ServiceImpl  : kr.co.seoulit.reception.service.ReservationServiceImpl.getReservationList()시작
2026-02-25 09:58:00.516 INFO  k.co.seoulit.common.aop.LoggerAspect - ServiceImpl  : kr.co.seoulit.reception.service.ReservationServiceImpl.getReservationList()종료
2026-02-25 09:58:00.521 INFO  k.co.seoulit.common.aop.LoggerAspect - Controller  : kr.co.seoulit.reception.controller.ReservationController.getReservations()종료
2026-02-25 09:58:00.536 INFO  k.co.seoulit.common.aop.LoggerAspect - Controller  : kr.co.seoulit.reception.controller.ReservationController.getReservations()시작
2026-02-25 09:58:00.537 INFO  k.c.s.r.c.ReservationController - 예약 목록 요청: searchType=null, searchValue=null
2026-02-25 09:58:00.537 INFO  k.co.seoulit.common.aop.LoggerAspect - ServiceImpl  : kr.co.seoulit.reception.service.ReservationServiceImpl.getReservationList()시작
2026-02-25 09:58:00.555 INFO  k.co.seoulit.common.aop.LoggerAspect - ServiceImpl  : kr.co.seoulit.reception.service.ReservationServiceImpl.getReservationList()종료
2026-02-25 09:58:00.569 INFO  k.co.seoulit.common.aop.LoggerAspect - Controller  : kr.co.seoulit.reception.controller.ReservationController.getReservations()종료
2026-02-25 09:58:08.084 INFO  k.co.seoulit.common.aop.LoggerAspect - Controller  : kr.co.seoulit.reception.controller.ReservationController.getReservations()시작
2026-02-25 09:58:08.084 INFO  k.c.s.r.c.ReservationController - 예약 목록 요청: searchType=null, searchValue=null
2026-02-25 09:58:08.096 INFO  k.co.seoulit.common.aop.LoggerAspect - ServiceImpl  : kr.co.seoulit.reception.service.ReservationServiceImpl.getReservationList()시작
2026-02-25 09:58:08.110 INFO  k.co.seoulit.common.aop.LoggerAspect - ServiceImpl  : kr.co.seoulit.reception.service.ReservationServiceImpl.getReservationList()종료
2026-02-25 09:58:08.118 INFO  k.co.seoulit.common.aop.LoggerAspect - Controller  : kr.co.seoulit.reception.controller.ReservationController.getReservations()종료
2026-02-25 09:58:08.128 INFO  k.co.seoulit.common.aop.LoggerAspect - Controller  : kr.co.seoulit.reception.controller.ReservationController.getReservations()시작
2026-02-25 09:58:08.128 INFO  k.c.s.r.c.ReservationController - 예약 목록 요청: searchType=null, searchValue=null
2026-02-25 09:58:08.129 INFO  k.co.seoulit.common.aop.LoggerAspect - ServiceImpl  : kr.co.seoulit.reception.service.ReservationServiceImpl.getReservationList()시작
2026-02-25 09:58:08.138 INFO  k.co.seoulit.common.aop.LoggerAspect - ServiceImpl  : kr.co.seoulit.reception.service.ReservationServiceImpl.getReservationList()종료
2026-02-25 09:58:08.143 INFO  k.co.seoulit.common.aop.LoggerAspect - Controller  : kr.co.seoulit.reception.controller.ReservationController.getReservations()종료
2026-02-25 09:58:14.868 INFO  k.co.seoulit.common.aop.LoggerAspect - Controller  : kr.co.seoulit.reception.controller.ReceptionController.getReceptions()시작
2026-02-25 09:58:14.868 INFO  k.c.s.r.c.ReceptionController - Reception list request: searchType=null, searchValue=null
2026-02-25 09:58:14.877 INFO  k.co.seoulit.common.aop.LoggerAspect - ServiceImpl  : kr.co.seoulit.reception.service.ReceptionServiceImpl.getReceptionList()시작
2026-02-25 09:58:14.892 INFO  k.co.seoulit.common.aop.LoggerAspect - ServiceImpl  : kr.co.seoulit.reception.service.ReceptionServiceImpl.getReceptionList()종료
2026-02-25 09:58:14.898 INFO  k.co.seoulit.common.aop.LoggerAspect - Controller  : kr.co.seoulit.reception.controller.ReceptionController.getReceptions()종료
2026-02-25 09:58:14.908 INFO  k.co.seoulit.common.aop.LoggerAspect - Controller  : kr.co.seoulit.reception.controller.ReceptionController.getReceptions()시작
2026-02-25 09:58:14.909 INFO  k.c.s.r.c.ReceptionController - Reception list request: searchType=null, searchValue=null
2026-02-25 09:58:14.909 INFO  k.co.seoulit.common.aop.LoggerAspect - ServiceImpl  : kr.co.seoulit.reception.service.ReceptionServiceImpl.getReceptionList()시작
2026-02-25 09:58:14.919 INFO  k.co.seoulit.common.aop.LoggerAspect - ServiceImpl  : kr.co.seoulit.reception.service.ReceptionServiceImpl.getReceptionList()종료
2026-02-25 09:58:14.925 INFO  k.co.seoulit.common.aop.LoggerAspect - Controller  : kr.co.seoulit.reception.controller.ReceptionController.getReceptions()종료
2026-02-25 10:00:42.126 INFO  k.co.seoulit.common.aop.LoggerAspect - Controller  : kr.co.seoulit.reception.controller.ReceptionController.getReceptions()시작
2026-02-25 10:00:42.127 INFO  k.c.s.r.c.ReceptionController - Reception list request: searchType=null, searchValue=null
2026-02-25 10:00:42.147 INFO  k.co.seoulit.common.aop.LoggerAspect - ServiceImpl  : kr.co.seoulit.reception.service.ReceptionServiceImpl.getReceptionList()시작
2026-02-25 10:00:42.166 INFO  k.co.seoulit.common.aop.LoggerAspect - ServiceImpl  : kr.co.seoulit.reception.service.ReceptionServiceImpl.getReceptionList()종료
2026-02-25 10:00:42.175 INFO  k.co.seoulit.common.aop.LoggerAspect - Controller  : kr.co.seoulit.reception.controller.ReceptionController.getReceptions()종료
2026-02-25 10:00:42.464 INFO  k.co.seoulit.common.aop.LoggerAspect - Controller  : kr.co.seoulit.reception.controller.ReceptionController.getReception()시작
2026-02-25 10:00:42.465 INFO  k.c.s.r.c.ReceptionController - Get reception request: id=17
2026-02-25 10:00:42.465 INFO  k.co.seoulit.common.aop.LoggerAspect - ServiceImpl  : kr.co.seoulit.reception.service.ReceptionServiceImpl.getReception()시작
2026-02-25 10:00:42.467 DEBUG org.hibernate.SQL - select re1_0.reception_id,re1_0.arrived_at,re1_0.cancel_reason_code,re1_0.cancel_reason_text,re1_0.created_at,re1_0.created_by,re1_0.department_id,re1_0.department_name,re1_0.doctor_id,re1_0.doctor_name,re1_0.hold_reason_code,re1_0.hold_reason_text,re1_0.inactive_at,re1_0.inactive_reason_code,re1_0.inactive_reason_text,re1_0.is_active,re1_0.note,re1_0.patient_id,re1_0.patient_name,re1_0.reception_no,re1_0.reservation_id,re1_0.scheduled_at,re1_0.status,re1_0.updated_at,re1_0.updated_by,re1_0.visit_type from reception re1_0 where re1_0.reception_id=?
2026-02-25 10:00:42.467 TRACE org.hibernate.orm.jdbc.bind - binding parameter (1:BIGINT) <- [17]
2026-02-25 10:00:42.484 INFO  k.co.seoulit.common.aop.LoggerAspect - kr.co.seoulit.reception.mapstruct.ReceptionResMapStructImpl.toDto()시작
2026-02-25 10:00:42.484 INFO  k.co.seoulit.common.aop.LoggerAspect - kr.co.seoulit.reception.mapstruct.ReceptionResMapStructImpl.toDto()종료
2026-02-25 10:00:42.485 INFO  k.co.seoulit.common.aop.LoggerAspect - ServiceImpl  : kr.co.seoulit.reception.service.ReceptionServiceImpl.getReception()종료
2026-02-25 10:00:42.494 INFO  k.co.seoulit.common.aop.LoggerAspect - Controller  : kr.co.seoulit.reception.controller.ReceptionController.getReception()종료
2026-02-25 10:00:49.666 INFO  k.co.seoulit.common.aop.LoggerAspect - Controller  : kr.co.seoulit.reception.controller.ReceptionController.getReceptions()시작
2026-02-25 10:00:49.668 INFO  k.c.s.r.c.ReceptionController - Reception list request: searchType=null, searchValue=null
2026-02-25 10:00:49.682 INFO  k.co.seoulit.common.aop.LoggerAspect - ServiceImpl  : kr.co.seoulit.reception.service.ReceptionServiceImpl.getReceptionList()시작
2026-02-25 10:00:49.695 INFO  k.co.seoulit.common.aop.LoggerAspect - ServiceImpl  : kr.co.seoulit.reception.service.ReceptionServiceImpl.getReceptionList()종료
2026-02-25 10:00:49.701 INFO  k.co.seoulit.common.aop.LoggerAspect - Controller  : kr.co.seoulit.reception.controller.ReceptionController.getReceptions()종료
2026-02-25 10:00:49.865 INFO  k.co.seoulit.common.aop.LoggerAspect - Controller  : kr.co.seoulit.reception.controller.ReceptionController.getReception()시작
2026-02-25 10:00:49.865 INFO  k.c.s.r.c.ReceptionController - Get reception request: id=17
2026-02-25 10:00:49.866 INFO  k.co.seoulit.common.aop.LoggerAspect - ServiceImpl  : kr.co.seoulit.reception.service.ReceptionServiceImpl.getReception()시작
2026-02-25 10:00:49.866 DEBUG org.hibernate.SQL - select re1_0.reception_id,re1_0.arrived_at,re1_0.cancel_reason_code,re1_0.cancel_reason_text,re1_0.created_at,re1_0.created_by,re1_0.department_id,re1_0.department_name,re1_0.doctor_id,re1_0.doctor_name,re1_0.hold_reason_code,re1_0.hold_reason_text,re1_0.inactive_at,re1_0.inactive_reason_code,re1_0.inactive_reason_text,re1_0.is_active,re1_0.note,re1_0.patient_id,re1_0.patient_name,re1_0.reception_no,re1_0.reservation_id,re1_0.scheduled_at,re1_0.status,re1_0.updated_at,re1_0.updated_by,re1_0.visit_type from reception re1_0 where re1_0.reception_id=?
2026-02-25 10:00:49.867 TRACE org.hibernate.orm.jdbc.bind - binding parameter (1:BIGINT) <- [17]
2026-02-25 10:00:49.878 INFO  k.co.seoulit.common.aop.LoggerAspect - kr.co.seoulit.reception.mapstruct.ReceptionResMapStructImpl.toDto()시작
2026-02-25 10:00:49.879 INFO  k.co.seoulit.common.aop.LoggerAspect - kr.co.seoulit.reception.mapstruct.ReceptionResMapStructImpl.toDto()종료
2026-02-25 10:00:49.879 INFO  k.co.seoulit.common.aop.LoggerAspect - ServiceImpl  : kr.co.seoulit.reception.service.ReceptionServiceImpl.getReception()종료
2026-02-25 10:00:49.885 INFO  k.co.seoulit.common.aop.LoggerAspect - Controller  : kr.co.seoulit.reception.controller.ReceptionController.getReception()종료
2026-02-25 10:00:53.585 INFO  k.co.seoulit.common.aop.LoggerAspect - Controller  : kr.co.seoulit.reception.controller.ReceptionController.getReceptions()시작
2026-02-25 10:00:53.585 INFO  k.c.s.r.c.ReceptionController - Reception list request: searchType=null, searchValue=null
2026-02-25 10:00:53.597 INFO  k.co.seoulit.common.aop.LoggerAspect - ServiceImpl  : kr.co.seoulit.reception.service.ReceptionServiceImpl.getReceptionList()시작
2026-02-25 10:00:53.611 INFO  k.co.seoulit.common.aop.LoggerAspect - ServiceImpl  : kr.co.seoulit.reception.service.ReceptionServiceImpl.getReceptionList()종료
2026-02-25 10:00:53.617 INFO  k.co.seoulit.common.aop.LoggerAspect - Controller  : kr.co.seoulit.reception.controller.ReceptionController.getReceptions()종료
2026-02-25 10:00:53.761 INFO  k.co.seoulit.common.aop.LoggerAspect - Controller  : kr.co.seoulit.reception.controller.ReceptionController.getReception()시작
2026-02-25 10:00:53.761 INFO  k.c.s.r.c.ReceptionController - Get reception request: id=17
2026-02-25 10:00:53.762 INFO  k.co.seoulit.common.aop.LoggerAspect - ServiceImpl  : kr.co.seoulit.reception.service.ReceptionServiceImpl.getReception()시작
2026-02-25 10:00:53.763 DEBUG org.hibernate.SQL - select re1_0.reception_id,re1_0.arrived_at,re1_0.cancel_reason_code,re1_0.cancel_reason_text,re1_0.created_at,re1_0.created_by,re1_0.department_id,re1_0.department_name,re1_0.doctor_id,re1_0.doctor_name,re1_0.hold_reason_code,re1_0.hold_reason_text,re1_0.inactive_at,re1_0.inactive_reason_code,re1_0.inactive_reason_text,re1_0.is_active,re1_0.note,re1_0.patient_id,re1_0.patient_name,re1_0.reception_no,re1_0.reservation_id,re1_0.scheduled_at,re1_0.status,re1_0.updated_at,re1_0.updated_by,re1_0.visit_type from reception re1_0 where re1_0.reception_id=?
2026-02-25 10:00:53.764 TRACE org.hibernate.orm.jdbc.bind - binding parameter (1:BIGINT) <- [17]
2026-02-25 10:00:53.774 INFO  k.co.seoulit.common.aop.LoggerAspect - kr.co.seoulit.reception.mapstruct.ReceptionResMapStructImpl.toDto()시작
2026-02-25 10:00:53.774 INFO  k.co.seoulit.common.aop.LoggerAspect - kr.co.seoulit.reception.mapstruct.ReceptionResMapStructImpl.toDto()종료
2026-02-25 10:00:53.774 INFO  k.co.seoulit.common.aop.LoggerAspect - ServiceImpl  : kr.co.seoulit.reception.service.ReceptionServiceImpl.getReception()종료
2026-02-25 10:00:53.781 INFO  k.co.seoulit.common.aop.LoggerAspect - Controller  : kr.co.seoulit.reception.controller.ReceptionController.getReception()종료
2026-02-25 10:01:04.445 INFO  k.co.seoulit.common.aop.LoggerAspect - Controller  : kr.co.seoulit.reception.controller.ReceptionController.getReception()시작
2026-02-25 10:01:04.445 INFO  k.c.s.r.c.ReceptionController - Get reception request: id=20
2026-02-25 10:01:04.452 INFO  k.co.seoulit.common.aop.LoggerAspect - ServiceImpl  : kr.co.seoulit.reception.service.ReceptionServiceImpl.getReception()시작
2026-02-25 10:01:04.453 DEBUG org.hibernate.SQL - select re1_0.reception_id,re1_0.arrived_at,re1_0.cancel_reason_code,re1_0.cancel_reason_text,re1_0.created_at,re1_0.created_by,re1_0.department_id,re1_0.department_name,re1_0.doctor_id,re1_0.doctor_name,re1_0.hold_reason_code,re1_0.hold_reason_text,re1_0.inactive_at,re1_0.inactive_reason_code,re1_0.inactive_reason_text,re1_0.is_active,re1_0.note,re1_0.patient_id,re1_0.patient_name,re1_0.reception_no,re1_0.reservation_id,re1_0.scheduled_at,re1_0.status,re1_0.updated_at,re1_0.updated_by,re1_0.visit_type from reception re1_0 where re1_0.reception_id=?
2026-02-25 10:01:04.453 TRACE org.hibernate.orm.jdbc.bind - binding parameter (1:BIGINT) <- [20]
2026-02-25 10:01:04.461 INFO  k.co.seoulit.common.aop.LoggerAspect - kr.co.seoulit.reception.mapstruct.ReceptionResMapStructImpl.toDto()시작
2026-02-25 10:01:04.461 INFO  k.co.seoulit.common.aop.LoggerAspect - kr.co.seoulit.reception.mapstruct.ReceptionResMapStructImpl.toDto()종료
2026-02-25 10:01:04.461 INFO  k.co.seoulit.common.aop.LoggerAspect - ServiceImpl  : kr.co.seoulit.reception.service.ReceptionServiceImpl.getReception()종료
2026-02-25 10:01:04.467 INFO  k.co.seoulit.common.aop.LoggerAspect - Controller  : kr.co.seoulit.reception.controller.ReceptionController.getReception()종료
2026-02-25 10:01:06.603 INFO  k.co.seoulit.common.aop.LoggerAspect - Controller  : kr.co.seoulit.reception.controller.ReceptionController.getReceptions()시작
2026-02-25 10:01:06.603 INFO  k.c.s.r.c.ReceptionController - Reception list request: searchType=null, searchValue=null
2026-02-25 10:01:06.615 INFO  k.co.seoulit.common.aop.LoggerAspect - ServiceImpl  : kr.co.seoulit.reception.service.ReceptionServiceImpl.getReceptionList()시작
2026-02-25 10:01:06.638 INFO  k.co.seoulit.common.aop.LoggerAspect - ServiceImpl  : kr.co.seoulit.reception.service.ReceptionServiceImpl.getReceptionList()종료
2026-02-25 10:01:06.643 INFO  k.co.seoulit.common.aop.LoggerAspect - Controller  : kr.co.seoulit.reception.controller.ReceptionController.getReceptions()종료
2026-02-25 10:01:06.776 INFO  k.co.seoulit.common.aop.LoggerAspect - Controller  : kr.co.seoulit.reception.controller.ReceptionController.getReception()시작
2026-02-25 10:01:06.777 INFO  k.c.s.r.c.ReceptionController - Get reception request: id=17
2026-02-25 10:01:06.778 INFO  k.co.seoulit.common.aop.LoggerAspect - ServiceImpl  : kr.co.seoulit.reception.service.ReceptionServiceImpl.getReception()시작
2026-02-25 10:01:06.779 DEBUG org.hibernate.SQL - select re1_0.reception_id,re1_0.arrived_at,re1_0.cancel_reason_code,re1_0.cancel_reason_text,re1_0.created_at,re1_0.created_by,re1_0.department_id,re1_0.department_name,re1_0.doctor_id,re1_0.doctor_name,re1_0.hold_reason_code,re1_0.hold_reason_text,re1_0.inactive_at,re1_0.inactive_reason_code,re1_0.inactive_reason_text,re1_0.is_active,re1_0.note,re1_0.patient_id,re1_0.patient_name,re1_0.reception_no,re1_0.reservation_id,re1_0.scheduled_at,re1_0.status,re1_0.updated_at,re1_0.updated_by,re1_0.visit_type from reception re1_0 where re1_0.reception_id=?
2026-02-25 10:01:06.780 TRACE org.hibernate.orm.jdbc.bind - binding parameter (1:BIGINT) <- [17]
2026-02-25 10:01:06.795 INFO  k.co.seoulit.common.aop.LoggerAspect - kr.co.seoulit.reception.mapstruct.ReceptionResMapStructImpl.toDto()시작
2026-02-25 10:01:06.795 INFO  k.co.seoulit.common.aop.LoggerAspect - kr.co.seoulit.reception.mapstruct.ReceptionResMapStructImpl.toDto()종료
2026-02-25 10:01:06.796 INFO  k.co.seoulit.common.aop.LoggerAspect - ServiceImpl  : kr.co.seoulit.reception.service.ReceptionServiceImpl.getReception()종료
2026-02-25 10:01:06.801 INFO  k.co.seoulit.common.aop.LoggerAspect - Controller  : kr.co.seoulit.reception.controller.ReceptionController.getReception()종료
2026-02-25 10:01:23.413 INFO  k.co.seoulit.common.aop.LoggerAspect - Controller  : kr.co.seoulit.reception.controller.ReceptionController.getReceptions()시작
2026-02-25 10:01:23.414 INFO  k.c.s.r.c.ReceptionController - Reception list request: searchType=null, searchValue=null
2026-02-25 10:01:23.424 INFO  k.co.seoulit.common.aop.LoggerAspect - ServiceImpl  : kr.co.seoulit.reception.service.ReceptionServiceImpl.getReceptionList()시작
2026-02-25 10:01:23.436 INFO  k.co.seoulit.common.aop.LoggerAspect - ServiceImpl  : kr.co.seoulit.reception.service.ReceptionServiceImpl.getReceptionList()종료
2026-02-25 10:01:23.444 INFO  k.co.seoulit.common.aop.LoggerAspect - Controller  : kr.co.seoulit.reception.controller.ReceptionController.getReceptions()종료
2026-02-25 10:01:23.614 INFO  k.co.seoulit.common.aop.LoggerAspect - Controller  : kr.co.seoulit.reception.controller.ReceptionController.getReception()시작
2026-02-25 10:01:23.614 INFO  k.c.s.r.c.ReceptionController - Get reception request: id=17
2026-02-25 10:01:23.614 INFO  k.co.seoulit.common.aop.LoggerAspect - ServiceImpl  : kr.co.seoulit.reception.service.ReceptionServiceImpl.getReception()시작
2026-02-25 10:01:23.615 DEBUG org.hibernate.SQL - select re1_0.reception_id,re1_0.arrived_at,re1_0.cancel_reason_code,re1_0.cancel_reason_text,re1_0.created_at,re1_0.created_by,re1_0.department_id,re1_0.department_name,re1_0.doctor_id,re1_0.doctor_name,re1_0.hold_reason_code,re1_0.hold_reason_text,re1_0.inactive_at,re1_0.inactive_reason_code,re1_0.inactive_reason_text,re1_0.is_active,re1_0.note,re1_0.patient_id,re1_0.patient_name,re1_0.reception_no,re1_0.reservation_id,re1_0.scheduled_at,re1_0.status,re1_0.updated_at,re1_0.updated_by,re1_0.visit_type from reception re1_0 where re1_0.reception_id=?
2026-02-25 10:01:23.615 TRACE org.hibernate.orm.jdbc.bind - binding parameter (1:BIGINT) <- [17]
2026-02-25 10:01:23.623 INFO  k.co.seoulit.common.aop.LoggerAspect - kr.co.seoulit.reception.mapstruct.ReceptionResMapStructImpl.toDto()시작
2026-02-25 10:01:23.624 INFO  k.co.seoulit.common.aop.LoggerAspect - kr.co.seoulit.reception.mapstruct.ReceptionResMapStructImpl.toDto()종료
2026-02-25 10:01:23.624 INFO  k.co.seoulit.common.aop.LoggerAspect - ServiceImpl  : kr.co.seoulit.reception.service.ReceptionServiceImpl.getReception()종료
2026-02-25 10:01:23.634 INFO  k.co.seoulit.common.aop.LoggerAspect - Controller  : kr.co.seoulit.reception.controller.ReceptionController.getReception()종료
2026-02-25 10:06:38.036 INFO  k.co.seoulit.common.aop.LoggerAspect - Controller  : kr.co.seoulit.reception.controller.ReceptionController.getReceptions()시작
2026-02-25 10:06:38.037 INFO  k.c.s.r.c.ReceptionController - Reception list request: searchType=null, searchValue=null
2026-02-25 10:06:38.044 INFO  k.co.seoulit.common.aop.LoggerAspect - ServiceImpl  : kr.co.seoulit.reception.service.ReceptionServiceImpl.getReceptionList()시작
2026-02-25 10:06:38.066 INFO  k.co.seoulit.common.aop.LoggerAspect - ServiceImpl  : kr.co.seoulit.reception.service.ReceptionServiceImpl.getReceptionList()종료
2026-02-25 10:06:38.072 INFO  k.co.seoulit.common.aop.LoggerAspect - Controller  : kr.co.seoulit.reception.controller.ReceptionController.getReceptions()종료
2026-02-25 10:06:38.200 INFO  k.co.seoulit.common.aop.LoggerAspect - Controller  : kr.co.seoulit.reception.controller.ReceptionController.getReception()시작
2026-02-25 10:06:38.200 INFO  k.c.s.r.c.ReceptionController - Get reception request: id=17
2026-02-25 10:06:38.201 INFO  k.co.seoulit.common.aop.LoggerAspect - ServiceImpl  : kr.co.seoulit.reception.service.ReceptionServiceImpl.getReception()시작
2026-02-25 10:06:38.202 DEBUG org.hibernate.SQL - select re1_0.reception_id,re1_0.arrived_at,re1_0.cancel_reason_code,re1_0.cancel_reason_text,re1_0.created_at,re1_0.created_by,re1_0.department_id,re1_0.department_name,re1_0.doctor_id,re1_0.doctor_name,re1_0.hold_reason_code,re1_0.hold_reason_text,re1_0.inactive_at,re1_0.inactive_reason_code,re1_0.inactive_reason_text,re1_0.is_active,re1_0.note,re1_0.patient_id,re1_0.patient_name,re1_0.reception_no,re1_0.reservation_id,re1_0.scheduled_at,re1_0.status,re1_0.updated_at,re1_0.updated_by,re1_0.visit_type from reception re1_0 where re1_0.reception_id=?
2026-02-25 10:06:38.202 TRACE org.hibernate.orm.jdbc.bind - binding parameter (1:BIGINT) <- [17]
2026-02-25 10:06:38.210 INFO  k.co.seoulit.common.aop.LoggerAspect - kr.co.seoulit.reception.mapstruct.ReceptionResMapStructImpl.toDto()시작
2026-02-25 10:06:38.210 INFO  k.co.seoulit.common.aop.LoggerAspect - kr.co.seoulit.reception.mapstruct.ReceptionResMapStructImpl.toDto()종료
2026-02-25 10:06:38.211 INFO  k.co.seoulit.common.aop.LoggerAspect - ServiceImpl  : kr.co.seoulit.reception.service.ReceptionServiceImpl.getReception()종료
2026-02-25 10:06:38.217 INFO  k.co.seoulit.common.aop.LoggerAspect - Controller  : kr.co.seoulit.reception.controller.ReceptionController.getReception()종료
2026-02-25 10:07:08.836 INFO  k.co.seoulit.common.aop.LoggerAspect - Controller  : kr.co.seoulit.reception.controller.ReceptionController.getReceptions()시작
2026-02-25 10:07:08.836 INFO  k.c.s.r.c.ReceptionController - Reception list request: searchType=null, searchValue=null
2026-02-25 10:07:08.869 INFO  k.co.seoulit.common.aop.LoggerAspect - ServiceImpl  : kr.co.seoulit.reception.service.ReceptionServiceImpl.getReceptionList()시작
2026-02-25 10:07:08.886 INFO  k.co.seoulit.common.aop.LoggerAspect - ServiceImpl  : kr.co.seoulit.reception.service.ReceptionServiceImpl.getReceptionList()종료
2026-02-25 10:07:08.896 INFO  k.co.seoulit.common.aop.LoggerAspect - Controller  : kr.co.seoulit.reception.controller.ReceptionController.getReceptions()종료
2026-02-25 10:07:09.037 INFO  k.co.seoulit.common.aop.LoggerAspect - Controller  : kr.co.seoulit.reception.controller.ReceptionController.getReception()시작
2026-02-25 10:07:09.037 INFO  k.c.s.r.c.ReceptionController - Get reception request: id=17
2026-02-25 10:07:09.037 INFO  k.co.seoulit.common.aop.LoggerAspect - ServiceImpl  : kr.co.seoulit.reception.service.ReceptionServiceImpl.getReception()시작
2026-02-25 10:07:09.038 DEBUG org.hibernate.SQL - select re1_0.reception_id,re1_0.arrived_at,re1_0.cancel_reason_code,re1_0.cancel_reason_text,re1_0.created_at,re1_0.created_by,re1_0.department_id,re1_0.department_name,re1_0.doctor_id,re1_0.doctor_name,re1_0.hold_reason_code,re1_0.hold_reason_text,re1_0.inactive_at,re1_0.inactive_reason_code,re1_0.inactive_reason_text,re1_0.is_active,re1_0.note,re1_0.patient_id,re1_0.patient_name,re1_0.reception_no,re1_0.reservation_id,re1_0.scheduled_at,re1_0.status,re1_0.updated_at,re1_0.updated_by,re1_0.visit_type from reception re1_0 where re1_0.reception_id=?
2026-02-25 10:07:09.044 TRACE org.hibernate.orm.jdbc.bind - binding parameter (1:BIGINT) <- [17]
2026-02-25 10:07:09.064 INFO  k.co.seoulit.common.aop.LoggerAspect - kr.co.seoulit.reception.mapstruct.ReceptionResMapStructImpl.toDto()시작
2026-02-25 10:07:09.064 INFO  k.co.seoulit.common.aop.LoggerAspect - kr.co.seoulit.reception.mapstruct.ReceptionResMapStructImpl.toDto()종료
2026-02-25 10:07:09.064 INFO  k.co.seoulit.common.aop.LoggerAspect - ServiceImpl  : kr.co.seoulit.reception.service.ReceptionServiceImpl.getReception()종료
2026-02-25 10:07:09.081 INFO  k.co.seoulit.common.aop.LoggerAspect - Controller  : kr.co.seoulit.reception.controller.ReceptionController.getReception()종료
2026-02-25 10:08:48.528 INFO  k.co.seoulit.common.aop.LoggerAspect - Controller  : kr.co.seoulit.reception.controller.ReceptionController.getReceptions()시작
2026-02-25 10:08:48.529 INFO  k.c.s.r.c.ReceptionController - Reception list request: searchType=null, searchValue=null
2026-02-25 10:08:48.541 INFO  k.co.seoulit.common.aop.LoggerAspect - ServiceImpl  : kr.co.seoulit.reception.service.ReceptionServiceImpl.getReceptionList()시작
2026-02-25 10:08:48.552 INFO  k.co.seoulit.common.aop.LoggerAspect - ServiceImpl  : kr.co.seoulit.reception.service.ReceptionServiceImpl.getReceptionList()종료
2026-02-25 10:08:48.564 INFO  k.co.seoulit.common.aop.LoggerAspect - Controller  : kr.co.seoulit.reception.controller.ReceptionController.getReceptions()종료
2026-02-25 10:08:48.758 INFO  k.co.seoulit.common.aop.LoggerAspect - Controller  : kr.co.seoulit.reception.controller.ReceptionController.getReception()시작
2026-02-25 10:08:48.759 INFO  k.c.s.r.c.ReceptionController - Get reception request: id=17
2026-02-25 10:08:48.760 INFO  k.co.seoulit.common.aop.LoggerAspect - ServiceImpl  : kr.co.seoulit.reception.service.ReceptionServiceImpl.getReception()시작
2026-02-25 10:08:48.762 DEBUG org.hibernate.SQL - select re1_0.reception_id,re1_0.arrived_at,re1_0.cancel_reason_code,re1_0.cancel_reason_text,re1_0.created_at,re1_0.created_by,re1_0.department_id,re1_0.department_name,re1_0.doctor_id,re1_0.doctor_name,re1_0.hold_reason_code,re1_0.hold_reason_text,re1_0.inactive_at,re1_0.inactive_reason_code,re1_0.inactive_reason_text,re1_0.is_active,re1_0.note,re1_0.patient_id,re1_0.patient_name,re1_0.reception_no,re1_0.reservation_id,re1_0.scheduled_at,re1_0.status,re1_0.updated_at,re1_0.updated_by,re1_0.visit_type from reception re1_0 where re1_0.reception_id=?
2026-02-25 10:08:48.763 TRACE org.hibernate.orm.jdbc.bind - binding parameter (1:BIGINT) <- [17]
2026-02-25 10:08:48.814 INFO  k.co.seoulit.common.aop.LoggerAspect - kr.co.seoulit.reception.mapstruct.ReceptionResMapStructImpl.toDto()시작
2026-02-25 10:08:48.814 INFO  k.co.seoulit.common.aop.LoggerAspect - kr.co.seoulit.reception.mapstruct.ReceptionResMapStructImpl.toDto()종료
2026-02-25 10:08:48.814 INFO  k.co.seoulit.common.aop.LoggerAspect - ServiceImpl  : kr.co.seoulit.reception.service.ReceptionServiceImpl.getReception()종료
2026-02-25 10:08:48.882 INFO  k.co.seoulit.common.aop.LoggerAspect - Controller  : kr.co.seoulit.reception.controller.ReceptionController.getReception()종료
2026-02-25 10:12:47.063 INFO  k.co.seoulit.common.aop.LoggerAspect - Controller  : kr.co.seoulit.reception.controller.ReceptionController.getReceptions()시작
2026-02-25 10:12:47.065 INFO  k.c.s.r.c.ReceptionController - Reception list request: searchType=null, searchValue=null
2026-02-25 10:12:47.080 INFO  k.co.seoulit.common.aop.LoggerAspect - ServiceImpl  : kr.co.seoulit.reception.service.ReceptionServiceImpl.getReceptionList()시작
2026-02-25 10:12:47.097 INFO  k.co.seoulit.common.aop.LoggerAspect - ServiceImpl  : kr.co.seoulit.reception.service.ReceptionServiceImpl.getReceptionList()종료
2026-02-25 10:12:47.106 INFO  k.co.seoulit.common.aop.LoggerAspect - Controller  : kr.co.seoulit.reception.controller.ReceptionController.getReceptions()종료
2026-02-25 10:12:47.117 INFO  k.co.seoulit.common.aop.LoggerAspect - Controller  : kr.co.seoulit.reception.controller.ReceptionController.getReceptions()시작
2026-02-25 10:12:47.118 INFO  k.c.s.r.c.ReceptionController - Reception list request: searchType=null, searchValue=null
2026-02-25 10:12:47.119 INFO  k.co.seoulit.common.aop.LoggerAspect - ServiceImpl  : kr.co.seoulit.reception.service.ReceptionServiceImpl.getReceptionList()시작
2026-02-25 10:12:47.131 INFO  k.co.seoulit.common.aop.LoggerAspect - ServiceImpl  : kr.co.seoulit.reception.service.ReceptionServiceImpl.getReceptionList()종료
2026-02-25 10:12:47.136 INFO  k.co.seoulit.common.aop.LoggerAspect - Controller  : kr.co.seoulit.reception.controller.ReceptionController.getReceptions()종료
2026-02-25 10:12:47.287 INFO  k.co.seoulit.common.aop.LoggerAspect - Controller  : kr.co.seoulit.reception.controller.ReceptionController.getReception()시작
2026-02-25 10:12:47.287 INFO  k.c.s.r.c.ReceptionController - Get reception request: id=17
2026-02-25 10:12:47.287 INFO  k.co.seoulit.common.aop.LoggerAspect - ServiceImpl  : kr.co.seoulit.reception.service.ReceptionServiceImpl.getReception()시작
2026-02-25 10:12:47.288 DEBUG org.hibernate.SQL - select re1_0.reception_id,re1_0.arrived_at,re1_0.cancel_reason_code,re1_0.cancel_reason_text,re1_0.created_at,re1_0.created_by,re1_0.department_id,re1_0.department_name,re1_0.doctor_id,re1_0.doctor_name,re1_0.hold_reason_code,re1_0.hold_reason_text,re1_0.inactive_at,re1_0.inactive_reason_code,re1_0.inactive_reason_text,re1_0.is_active,re1_0.note,re1_0.patient_id,re1_0.patient_name,re1_0.reception_no,re1_0.reservation_id,re1_0.scheduled_at,re1_0.status,re1_0.updated_at,re1_0.updated_by,re1_0.visit_type from reception re1_0 where re1_0.reception_id=?
2026-02-25 10:12:47.289 TRACE org.hibernate.orm.jdbc.bind - binding parameter (1:BIGINT) <- [17]
2026-02-25 10:12:47.296 INFO  k.co.seoulit.common.aop.LoggerAspect - kr.co.seoulit.reception.mapstruct.ReceptionResMapStructImpl.toDto()시작
2026-02-25 10:12:47.296 INFO  k.co.seoulit.common.aop.LoggerAspect - kr.co.seoulit.reception.mapstruct.ReceptionResMapStructImpl.toDto()종료
2026-02-25 10:12:47.296 INFO  k.co.seoulit.common.aop.LoggerAspect - ServiceImpl  : kr.co.seoulit.reception.service.ReceptionServiceImpl.getReception()종료
2026-02-25 10:12:47.301 INFO  k.co.seoulit.common.aop.LoggerAspect - Controller  : kr.co.seoulit.reception.controller.ReceptionController.getReception()종료
2026-02-25 10:13:20.891 INFO  k.co.seoulit.common.aop.LoggerAspect - Controller  : kr.co.seoulit.reception.controller.ReservationController.getReservations()시작
2026-02-25 10:13:20.891 INFO  k.c.s.r.c.ReservationController - 예약 목록 요청: searchType=null, searchValue=null
2026-02-25 10:13:21.025 INFO  k.co.seoulit.common.aop.LoggerAspect - ServiceImpl  : kr.co.seoulit.reception.service.ReservationServiceImpl.getReservationList()시작
2026-02-25 10:13:21.051 INFO  k.co.seoulit.common.aop.LoggerAspect - ServiceImpl  : kr.co.seoulit.reception.service.ReservationServiceImpl.getReservationList()종료
2026-02-25 10:13:21.067 INFO  k.co.seoulit.common.aop.LoggerAspect - Controller  : kr.co.seoulit.reception.controller.ReservationController.getReservations()종료
2026-02-25 10:13:21.081 INFO  k.co.seoulit.common.aop.LoggerAspect - Controller  : kr.co.seoulit.reception.controller.ReservationController.getReservations()시작
2026-02-25 10:13:21.081 INFO  k.c.s.r.c.ReservationController - 예약 목록 요청: searchType=null, searchValue=null
2026-02-25 10:13:21.114 INFO  k.co.seoulit.common.aop.LoggerAspect - ServiceImpl  : kr.co.seoulit.reception.service.ReservationServiceImpl.getReservationList()시작
2026-02-25 10:13:21.141 INFO  k.co.seoulit.common.aop.LoggerAspect - ServiceImpl  : kr.co.seoulit.reception.service.ReservationServiceImpl.getReservationList()종료
2026-02-25 10:13:21.150 INFO  k.co.seoulit.common.aop.LoggerAspect - Controller  : kr.co.seoulit.reception.controller.ReservationController.getReservations()종료
2026-02-25 10:19:22.717 INFO  k.co.seoulit.common.aop.LoggerAspect - Controller  : kr.co.seoulit.reception.controller.ReceptionController.getReceptions()시작
2026-02-25 10:19:22.717 INFO  k.c.s.r.c.ReceptionController - Reception list request: searchType=null, searchValue=null
2026-02-25 10:19:22.732 INFO  k.co.seoulit.common.aop.LoggerAspect - ServiceImpl  : kr.co.seoulit.reception.service.ReceptionServiceImpl.getReceptionList()시작
2026-02-25 10:19:22.750 INFO  k.co.seoulit.common.aop.LoggerAspect - ServiceImpl  : kr.co.seoulit.reception.service.ReceptionServiceImpl.getReceptionList()종료
2026-02-25 10:19:22.762 INFO  k.co.seoulit.common.aop.LoggerAspect - Controller  : kr.co.seoulit.reception.controller.ReceptionController.getReceptions()종료
2026-02-25 10:19:22.771 INFO  k.co.seoulit.common.aop.LoggerAspect - Controller  : kr.co.seoulit.reception.controller.ReceptionController.getReceptions()시작
2026-02-25 10:19:22.774 INFO  k.c.s.r.c.ReceptionController - Reception list request: searchType=null, searchValue=null
2026-02-25 10:19:22.777 INFO  k.co.seoulit.common.aop.LoggerAspect - ServiceImpl  : kr.co.seoulit.reception.service.ReceptionServiceImpl.getReceptionList()시작
2026-02-25 10:19:22.791 INFO  k.co.seoulit.common.aop.LoggerAspect - ServiceImpl  : kr.co.seoulit.reception.service.ReceptionServiceImpl.getReceptionList()종료
2026-02-25 10:19:22.802 INFO  k.co.seoulit.common.aop.LoggerAspect - Controller  : kr.co.seoulit.reception.controller.ReceptionController.getReceptions()종료
2026-02-25 10:46:38.572 INFO  k.co.seoulit.common.aop.LoggerAspect - Controller  : kr.co.seoulit.reception.controller.ReceptionController.getReceptions()시작
2026-02-25 10:46:38.588 INFO  k.c.s.r.c.ReceptionController - Reception list request: searchType=null, searchValue=null
2026-02-25 10:46:38.615 INFO  k.co.seoulit.common.aop.LoggerAspect - ServiceImpl  : kr.co.seoulit.reception.service.ReceptionServiceImpl.getReceptionList()시작
2026-02-25 10:46:38.635 INFO  k.co.seoulit.common.aop.LoggerAspect - ServiceImpl  : kr.co.seoulit.reception.service.ReceptionServiceImpl.getReceptionList()종료
2026-02-25 10:46:38.645 INFO  k.co.seoulit.common.aop.LoggerAspect - Controller  : kr.co.seoulit.reception.controller.ReceptionController.getReceptions()종료
2026-02-25 10:46:38.657 INFO  k.co.seoulit.common.aop.LoggerAspect - Controller  : kr.co.seoulit.reception.controller.ReceptionController.getReceptions()시작
2026-02-25 10:46:38.657 INFO  k.c.s.r.c.ReceptionController - Reception list request: searchType=null, searchValue=null
2026-02-25 10:46:38.657 INFO  k.co.seoulit.common.aop.LoggerAspect - ServiceImpl  : kr.co.seoulit.reception.service.ReceptionServiceImpl.getReceptionList()시작
2026-02-25 10:46:38.681 INFO  k.co.seoulit.common.aop.LoggerAspect - ServiceImpl  : kr.co.seoulit.reception.service.ReceptionServiceImpl.getReceptionList()종료
2026-02-25 10:46:38.691 INFO  k.co.seoulit.common.aop.LoggerAspect - Controller  : kr.co.seoulit.reception.controller.ReceptionController.getReceptions()종료
2026-02-25 10:47:10.003 INFO  k.co.seoulit.common.aop.LoggerAspect - Controller  : kr.co.seoulit.reception.controller.ReceptionController.createReception()시작
2026-02-25 10:47:10.003 INFO  k.c.s.r.c.ReceptionController - Create reception request: receptionNo=20260225-003
2026-02-25 10:47:10.012 INFO  k.co.seoulit.common.aop.LoggerAspect - ServiceImpl  : kr.co.seoulit.reception.service.ReceptionServiceImpl.createReception()시작
2026-02-25 10:47:10.027 DEBUG org.hibernate.SQL - select * from (select re1_0.reception_id c0,rownum rn from reception re1_0 where re1_0.reception_no=?) r_0_ where r_0_.rn<=? order by r_0_.rn
2026-02-25 10:47:10.029 TRACE org.hibernate.orm.jdbc.bind - binding parameter (1:VARCHAR) <- [20260225-003]
2026-02-25 10:47:10.030 TRACE org.hibernate.orm.jdbc.bind - binding parameter (2:INTEGER) <- [1]
2026-02-25 10:47:10.042 INFO  k.co.seoulit.common.aop.LoggerAspect - kr.co.seoulit.reception.mapstruct.ReceptionReqMapStructImpl.toEntity()시작
2026-02-25 10:47:10.043 INFO  k.co.seoulit.common.aop.LoggerAspect - kr.co.seoulit.reception.mapstruct.ReceptionReqMapStructImpl.toEntity()종료
2026-02-25 10:47:10.047 DEBUG org.hibernate.SQL - select seq_reception.nextval from dual
2026-02-25 10:47:10.060 INFO  k.co.seoulit.common.aop.LoggerAspect - kr.co.seoulit.reception.mapstruct.ReceptionResMapStructImpl.toDto()시작
2026-02-25 10:47:10.060 INFO  k.co.seoulit.common.aop.LoggerAspect - kr.co.seoulit.reception.mapstruct.ReceptionResMapStructImpl.toDto()종료
2026-02-25 10:47:10.065 DEBUG org.hibernate.SQL - select seq_audit_log.nextval from dual
2026-02-25 10:47:10.077 INFO  k.co.seoulit.common.aop.LoggerAspect - ServiceImpl  : kr.co.seoulit.reception.service.ReceptionServiceImpl.createReception()종료
2026-02-25 10:47:10.084 DEBUG org.hibernate.SQL - insert into reception (arrived_at,cancel_reason_code,cancel_reason_text,created_at,created_by,department_id,department_name,doctor_id,doctor_name,hold_reason_code,hold_reason_text,inactive_at,inactive_reason_code,inactive_reason_text,is_active,note,patient_id,patient_name,reception_no,reservation_id,scheduled_at,status,updated_at,updated_by,visit_type,reception_id) values (?,?,?,?,?,?,?,?,?,?,?,?,?,?,?,?,?,?,?,?,?,?,?,?,?,?)
2026-02-25 10:47:10.086 TRACE org.hibernate.orm.jdbc.bind - binding parameter (1:TIMESTAMP) <- [2026-02-25T10:48]
2026-02-25 10:47:10.088 TRACE org.hibernate.orm.jdbc.bind - binding parameter (2:VARCHAR) <- [null]
2026-02-25 10:47:10.089 TRACE org.hibernate.orm.jdbc.bind - binding parameter (3:VARCHAR) <- [null]
2026-02-25 10:47:10.089 TRACE org.hibernate.orm.jdbc.bind - binding parameter (4:TIMESTAMP) <- [2026-02-25T10:47:10.083373]
2026-02-25 10:47:10.089 TRACE org.hibernate.orm.jdbc.bind - binding parameter (5:BIGINT) <- [null]
2026-02-25 10:47:10.089 TRACE org.hibernate.orm.jdbc.bind - binding parameter (6:BIGINT) <- [2]
2026-02-25 10:47:10.089 TRACE org.hibernate.orm.jdbc.bind - binding parameter (7:VARCHAR) <- [외과]
2026-02-25 10:47:10.089 TRACE org.hibernate.orm.jdbc.bind - binding parameter (8:BIGINT) <- [2]
2026-02-25 10:47:10.090 TRACE org.hibernate.orm.jdbc.bind - binding parameter (9:VARCHAR) <- [이현석]
2026-02-25 10:47:10.090 TRACE org.hibernate.orm.jdbc.bind - binding parameter (10:VARCHAR) <- [null]
2026-02-25 10:47:10.090 TRACE org.hibernate.orm.jdbc.bind - binding parameter (11:VARCHAR) <- [null]
2026-02-25 10:47:10.090 TRACE org.hibernate.orm.jdbc.bind - binding parameter (12:TIMESTAMP) <- [null]
2026-02-25 10:47:10.090 TRACE org.hibernate.orm.jdbc.bind - binding parameter (13:VARCHAR) <- [null]
2026-02-25 10:47:10.090 TRACE org.hibernate.orm.jdbc.bind - binding parameter (14:VARCHAR) <- [null]
2026-02-25 10:47:10.090 TRACE org.hibernate.orm.jdbc.bind - binding parameter (15:BOOLEAN) <- [true]
2026-02-25 10:47:10.090 TRACE org.hibernate.orm.jdbc.bind - binding parameter (16:VARCHAR) <- [null]
2026-02-25 10:47:10.091 TRACE org.hibernate.orm.jdbc.bind - binding parameter (17:BIGINT) <- [18]
2026-02-25 10:47:10.098 TRACE org.hibernate.orm.jdbc.bind - binding parameter (18:VARCHAR) <- [김가루]
2026-02-25 10:47:10.098 TRACE org.hibernate.orm.jdbc.bind - binding parameter (19:VARCHAR) <- [20260225-003]
2026-02-25 10:47:10.099 TRACE org.hibernate.orm.jdbc.bind - binding parameter (20:BIGINT) <- [null]
2026-02-25 10:47:10.101 TRACE org.hibernate.orm.jdbc.bind - binding parameter (21:TIMESTAMP) <- [null]
2026-02-25 10:47:10.102 TRACE org.hibernate.orm.jdbc.bind - binding parameter (22:VARCHAR) <- [WAITING]
2026-02-25 10:47:10.102 TRACE org.hibernate.orm.jdbc.bind - binding parameter (23:TIMESTAMP) <- [2026-02-25T10:47:10.083373]
2026-02-25 10:47:10.103 TRACE org.hibernate.orm.jdbc.bind - binding parameter (24:BIGINT) <- [null]
2026-02-25 10:47:10.104 TRACE org.hibernate.orm.jdbc.bind - binding parameter (25:VARCHAR) <- [OUTPATIENT]
2026-02-25 10:47:10.104 TRACE org.hibernate.orm.jdbc.bind - binding parameter (26:BIGINT) <- [24]
2026-02-25 10:47:10.118 DEBUG org.hibernate.SQL - insert into audit_log (action,actor_id,after_json,before_json,diff_json,entity_id,entity_type,occurred_at,reason_code,reason_text,audit_log_id) values (?,?,?,?,?,?,?,?,?,?,?)
2026-02-25 10:47:10.119 TRACE org.hibernate.orm.jdbc.bind - binding parameter (1:VARCHAR) <- [CREATE]
2026-02-25 10:47:10.119 TRACE org.hibernate.orm.jdbc.bind - binding parameter (2:BIGINT) <- [null]
2026-02-25 10:47:10.120 TRACE org.hibernate.orm.jdbc.bind - binding parameter (3:VARCHAR) <- [{"receptionId":24,"receptionNo":"20260225-003","patientId":18,"patientName":"김가루","visitType":"OUTPATIENT","departmentId":2,"departmentName":"외과","doctorId":2,"doctorName":"이현석","reservationId":null,"scheduledAt":null,"arrivedAt":"2026-02-25T10:48:00","status":"WAITING","note":null,"isActive":true,"inactiveAt":null,"inactiveReasonCode":null,"inactiveReasonText":null,"cancelReasonCode":null,"cancelReasonText":null,"holdReasonCode":null,"holdReasonText":null,"createdBy":null,"updatedBy":null,"createdAt":null,"updatedAt":null}]
2026-02-25 10:47:10.120 TRACE org.hibernate.orm.jdbc.bind - binding parameter (4:VARCHAR) <- [null]
2026-02-25 10:47:10.120 TRACE org.hibernate.orm.jdbc.bind - binding parameter (5:VARCHAR) <- [null]
2026-02-25 10:47:10.121 TRACE org.hibernate.orm.jdbc.bind - binding parameter (6:BIGINT) <- [24]
2026-02-25 10:47:10.121 TRACE org.hibernate.orm.jdbc.bind - binding parameter (7:VARCHAR) <- [RECEPTION]
2026-02-25 10:47:10.122 TRACE org.hibernate.orm.jdbc.bind - binding parameter (8:TIMESTAMP) <- [2026-02-25T10:47:10.118401]
2026-02-25 10:47:10.122 TRACE org.hibernate.orm.jdbc.bind - binding parameter (9:VARCHAR) <- [null]
2026-02-25 10:47:10.122 TRACE org.hibernate.orm.jdbc.bind - binding parameter (10:VARCHAR) <- [null]
2026-02-25 10:47:10.122 TRACE org.hibernate.orm.jdbc.bind - binding parameter (11:BIGINT) <- [79]
2026-02-25 10:47:10.142 INFO  k.co.seoulit.common.aop.LoggerAspect - Controller  : kr.co.seoulit.reception.controller.ReceptionController.createReception()종료
2026-02-25 10:47:10.187 INFO  k.co.seoulit.common.aop.LoggerAspect - Controller  : kr.co.seoulit.reception.controller.ReceptionController.getReceptions()시작
2026-02-25 10:47:10.188 INFO  k.c.s.r.c.ReceptionController - Reception list request: searchType=null, searchValue=null
2026-02-25 10:47:10.188 INFO  k.co.seoulit.common.aop.LoggerAspect - ServiceImpl  : kr.co.seoulit.reception.service.ReceptionServiceImpl.getReceptionList()시작
2026-02-25 10:47:10.201 INFO  k.co.seoulit.common.aop.LoggerAspect - ServiceImpl  : kr.co.seoulit.reception.service.ReceptionServiceImpl.getReceptionList()종료
2026-02-25 10:47:10.209 INFO  k.co.seoulit.common.aop.LoggerAspect - Controller  : kr.co.seoulit.reception.controller.ReceptionController.getReceptions()종료
2026-02-25 10:47:10.605 INFO  k.co.seoulit.common.aop.LoggerAspect - Controller  : kr.co.seoulit.reception.controller.ReceptionController.getReceptions()시작
2026-02-25 10:47:10.605 INFO  k.c.s.r.c.ReceptionController - Reception list request: searchType=null, searchValue=null
2026-02-25 10:47:10.605 INFO  k.co.seoulit.common.aop.LoggerAspect - ServiceImpl  : kr.co.seoulit.reception.service.ReceptionServiceImpl.getReceptionList()시작
2026-02-25 10:47:10.621 INFO  k.co.seoulit.common.aop.LoggerAspect - ServiceImpl  : kr.co.seoulit.reception.service.ReceptionServiceImpl.getReceptionList()종료
2026-02-25 10:47:10.631 INFO  k.co.seoulit.common.aop.LoggerAspect - Controller  : kr.co.seoulit.reception.controller.ReceptionController.getReceptions()종료
2026-02-25 10:47:10.638 INFO  k.co.seoulit.common.aop.LoggerAspect - Controller  : kr.co.seoulit.reception.controller.ReceptionController.getReceptions()시작
2026-02-25 10:47:10.639 INFO  k.c.s.r.c.ReceptionController - Reception list request: searchType=null, searchValue=null
2026-02-25 10:47:10.640 INFO  k.co.seoulit.common.aop.LoggerAspect - ServiceImpl  : kr.co.seoulit.reception.service.ReceptionServiceImpl.getReceptionList()시작
2026-02-25 10:47:10.661 INFO  k.co.seoulit.common.aop.LoggerAspect - ServiceImpl  : kr.co.seoulit.reception.service.ReceptionServiceImpl.getReceptionList()종료
2026-02-25 10:47:10.670 INFO  k.co.seoulit.common.aop.LoggerAspect - Controller  : kr.co.seoulit.reception.controller.ReceptionController.getReceptions()종료
2026-02-25 11:08:17.355 INFO  k.co.seoulit.common.aop.LoggerAspect - Controller  : kr.co.seoulit.reception.controller.ReceptionController.getReceptions()시작
2026-02-25 11:08:17.355 INFO  k.c.s.r.c.ReceptionController - Reception list request: searchType=null, searchValue=null
2026-02-25 11:08:17.367 INFO  k.co.seoulit.common.aop.LoggerAspect - ServiceImpl  : kr.co.seoulit.reception.service.ReceptionServiceImpl.getReceptionList()시작
2026-02-25 11:08:17.414 INFO  k.co.seoulit.common.aop.LoggerAspect - ServiceImpl  : kr.co.seoulit.reception.service.ReceptionServiceImpl.getReceptionList()종료
2026-02-25 11:08:17.430 INFO  k.co.seoulit.common.aop.LoggerAspect - Controller  : kr.co.seoulit.reception.controller.ReceptionController.getReceptions()종료
2026-02-25 11:08:17.442 INFO  k.co.seoulit.common.aop.LoggerAspect - Controller  : kr.co.seoulit.reception.controller.ReceptionController.createReception()시작
2026-02-25 11:08:17.442 INFO  k.c.s.r.c.ReceptionController - Create reception request: receptionNo=20260225-004
2026-02-25 11:08:17.443 INFO  k.co.seoulit.common.aop.LoggerAspect - ServiceImpl  : kr.co.seoulit.reception.service.ReceptionServiceImpl.createReception()시작
2026-02-25 11:08:17.447 DEBUG org.hibernate.SQL - select * from (select re1_0.reception_id c0,rownum rn from reception re1_0 where re1_0.reception_no=?) r_0_ where r_0_.rn<=? order by r_0_.rn
2026-02-25 11:08:17.447 TRACE org.hibernate.orm.jdbc.bind - binding parameter (1:VARCHAR) <- [20260225-004]
2026-02-25 11:08:17.447 TRACE org.hibernate.orm.jdbc.bind - binding parameter (2:INTEGER) <- [1]
2026-02-25 11:08:17.457 INFO  k.co.seoulit.common.aop.LoggerAspect - kr.co.seoulit.reception.mapstruct.ReceptionReqMapStructImpl.toEntity()시작
2026-02-25 11:08:17.457 INFO  k.co.seoulit.common.aop.LoggerAspect - kr.co.seoulit.reception.mapstruct.ReceptionReqMapStructImpl.toEntity()종료
2026-02-25 11:08:17.457 DEBUG org.hibernate.SQL - select seq_reception.nextval from dual
2026-02-25 11:08:17.469 INFO  k.co.seoulit.common.aop.LoggerAspect - kr.co.seoulit.reception.mapstruct.ReceptionResMapStructImpl.toDto()시작
2026-02-25 11:08:17.469 INFO  k.co.seoulit.common.aop.LoggerAspect - kr.co.seoulit.reception.mapstruct.ReceptionResMapStructImpl.toDto()종료
2026-02-25 11:08:17.472 DEBUG org.hibernate.SQL - select seq_audit_log.nextval from dual
2026-02-25 11:08:17.482 INFO  k.co.seoulit.common.aop.LoggerAspect - ServiceImpl  : kr.co.seoulit.reception.service.ReceptionServiceImpl.createReception()종료
2026-02-25 11:08:17.483 DEBUG org.hibernate.SQL - insert into reception (arrived_at,cancel_reason_code,cancel_reason_text,created_at,created_by,department_id,department_name,doctor_id,doctor_name,hold_reason_code,hold_reason_text,inactive_at,inactive_reason_code,inactive_reason_text,is_active,note,patient_id,patient_name,reception_no,reservation_id,scheduled_at,status,updated_at,updated_by,visit_type,reception_id) values (?,?,?,?,?,?,?,?,?,?,?,?,?,?,?,?,?,?,?,?,?,?,?,?,?,?)
2026-02-25 11:08:17.483 TRACE org.hibernate.orm.jdbc.bind - binding parameter (1:TIMESTAMP) <- [2026-02-25T02:08:17]
2026-02-25 11:08:17.483 TRACE org.hibernate.orm.jdbc.bind - binding parameter (2:VARCHAR) <- [null]
2026-02-25 11:08:17.483 TRACE org.hibernate.orm.jdbc.bind - binding parameter (3:VARCHAR) <- [null]
2026-02-25 11:08:17.483 TRACE org.hibernate.orm.jdbc.bind - binding parameter (4:TIMESTAMP) <- [2026-02-25T11:08:17.482517]
2026-02-25 11:08:17.483 TRACE org.hibernate.orm.jdbc.bind - binding parameter (5:BIGINT) <- [null]
2026-02-25 11:08:17.483 TRACE org.hibernate.orm.jdbc.bind - binding parameter (6:BIGINT) <- [1]
2026-02-25 11:08:17.483 TRACE org.hibernate.orm.jdbc.bind - binding parameter (7:VARCHAR) <- [내과]
2026-02-25 11:08:17.483 TRACE org.hibernate.orm.jdbc.bind - binding parameter (8:BIGINT) <- [1]
2026-02-25 11:08:17.483 TRACE org.hibernate.orm.jdbc.bind - binding parameter (9:VARCHAR) <- [송태민]
2026-02-25 11:08:17.483 TRACE org.hibernate.orm.jdbc.bind - binding parameter (10:VARCHAR) <- [null]
2026-02-25 11:08:17.483 TRACE org.hibernate.orm.jdbc.bind - binding parameter (11:VARCHAR) <- [null]
2026-02-25 11:08:17.484 TRACE org.hibernate.orm.jdbc.bind - binding parameter (12:TIMESTAMP) <- [null]
2026-02-25 11:08:17.484 TRACE org.hibernate.orm.jdbc.bind - binding parameter (13:VARCHAR) <- [null]
2026-02-25 11:08:17.484 TRACE org.hibernate.orm.jdbc.bind - binding parameter (14:VARCHAR) <- [null]
2026-02-25 11:08:17.484 TRACE org.hibernate.orm.jdbc.bind - binding parameter (15:BOOLEAN) <- [true]
2026-02-25 11:08:17.484 TRACE org.hibernate.orm.jdbc.bind - binding parameter (16:VARCHAR) <- [신규 환자 등록 후 접수]
2026-02-25 11:08:17.484 TRACE org.hibernate.orm.jdbc.bind - binding parameter (17:BIGINT) <- [19]
2026-02-25 11:08:17.484 TRACE org.hibernate.orm.jdbc.bind - binding parameter (18:VARCHAR) <- [김김]
2026-02-25 11:08:17.484 TRACE org.hibernate.orm.jdbc.bind - binding parameter (19:VARCHAR) <- [20260225-004]
2026-02-25 11:08:17.484 TRACE org.hibernate.orm.jdbc.bind - binding parameter (20:BIGINT) <- [null]
2026-02-25 11:08:17.484 TRACE org.hibernate.orm.jdbc.bind - binding parameter (21:TIMESTAMP) <- [null]
2026-02-25 11:08:17.484 TRACE org.hibernate.orm.jdbc.bind - binding parameter (22:VARCHAR) <- [WAITING]
2026-02-25 11:08:17.484 TRACE org.hibernate.orm.jdbc.bind - binding parameter (23:TIMESTAMP) <- [2026-02-25T11:08:17.482517]
2026-02-25 11:08:17.484 TRACE org.hibernate.orm.jdbc.bind - binding parameter (24:BIGINT) <- [null]
2026-02-25 11:08:17.484 TRACE org.hibernate.orm.jdbc.bind - binding parameter (25:VARCHAR) <- [OUTPATIENT]
2026-02-25 11:08:17.484 TRACE org.hibernate.orm.jdbc.bind - binding parameter (26:BIGINT) <- [25]
2026-02-25 11:08:17.495 DEBUG org.hibernate.SQL - insert into audit_log (action,actor_id,after_json,before_json,diff_json,entity_id,entity_type,occurred_at,reason_code,reason_text,audit_log_id) values (?,?,?,?,?,?,?,?,?,?,?)
2026-02-25 11:08:17.495 TRACE org.hibernate.orm.jdbc.bind - binding parameter (1:VARCHAR) <- [CREATE]
2026-02-25 11:08:17.495 TRACE org.hibernate.orm.jdbc.bind - binding parameter (2:BIGINT) <- [null]
2026-02-25 11:08:17.496 TRACE org.hibernate.orm.jdbc.bind - binding parameter (3:VARCHAR) <- [{"receptionId":25,"receptionNo":"20260225-004","patientId":19,"patientName":"김김","visitType":"OUTPATIENT","departmentId":1,"departmentName":"내과","doctorId":1,"doctorName":"송태민","reservationId":null,"scheduledAt":null,"arrivedAt":"2026-02-25T02:08:17","status":"WAITING","note":"신규 환자 등록 후 접수","isActive":true,"inactiveAt":null,"inactiveReasonCode":null,"inactiveReasonText":null,"cancelReasonCode":null,"cancelReasonText":null,"holdReasonCode":null,"holdReasonText":null,"createdBy":null,"updatedBy":null,"createdAt":null,"updatedAt":null}]
2026-02-25 11:08:17.496 TRACE org.hibernate.orm.jdbc.bind - binding parameter (4:VARCHAR) <- [null]
2026-02-25 11:08:17.496 TRACE org.hibernate.orm.jdbc.bind - binding parameter (5:VARCHAR) <- [null]
2026-02-25 11:08:17.496 TRACE org.hibernate.orm.jdbc.bind - binding parameter (6:BIGINT) <- [25]
2026-02-25 11:08:17.496 TRACE org.hibernate.orm.jdbc.bind - binding parameter (7:VARCHAR) <- [RECEPTION]
2026-02-25 11:08:17.496 TRACE org.hibernate.orm.jdbc.bind - binding parameter (8:TIMESTAMP) <- [2026-02-25T11:08:17.495526]
2026-02-25 11:08:17.496 TRACE org.hibernate.orm.jdbc.bind - binding parameter (9:VARCHAR) <- [null]
2026-02-25 11:08:17.496 TRACE org.hibernate.orm.jdbc.bind - binding parameter (10:VARCHAR) <- [null]
2026-02-25 11:08:17.496 TRACE org.hibernate.orm.jdbc.bind - binding parameter (11:BIGINT) <- [80]
2026-02-25 11:08:17.515 INFO  k.co.seoulit.common.aop.LoggerAspect - Controller  : kr.co.seoulit.reception.controller.ReceptionController.createReception()종료
2026-02-25 11:08:17.858 INFO  k.co.seoulit.common.aop.LoggerAspect - Controller  : kr.co.seoulit.reception.controller.ReceptionController.getReceptions()시작
2026-02-25 11:08:17.858 INFO  k.c.s.r.c.ReceptionController - Reception list request: searchType=null, searchValue=null
2026-02-25 11:08:17.861 INFO  k.co.seoulit.common.aop.LoggerAspect - ServiceImpl  : kr.co.seoulit.reception.service.ReceptionServiceImpl.getReceptionList()시작
2026-02-25 11:08:17.891 INFO  k.co.seoulit.common.aop.LoggerAspect - ServiceImpl  : kr.co.seoulit.reception.service.ReceptionServiceImpl.getReceptionList()종료
2026-02-25 11:08:17.899 INFO  k.co.seoulit.common.aop.LoggerAspect - Controller  : kr.co.seoulit.reception.controller.ReceptionController.getReceptions()종료
2026-02-25 11:08:17.906 INFO  k.co.seoulit.common.aop.LoggerAspect - Controller  : kr.co.seoulit.reception.controller.ReceptionController.getReceptions()시작
2026-02-25 11:08:17.906 INFO  k.c.s.r.c.ReceptionController - Reception list request: searchType=null, searchValue=null
2026-02-25 11:08:17.907 INFO  k.co.seoulit.common.aop.LoggerAspect - ServiceImpl  : kr.co.seoulit.reception.service.ReceptionServiceImpl.getReceptionList()시작
2026-02-25 11:08:17.930 INFO  k.co.seoulit.common.aop.LoggerAspect - ServiceImpl  : kr.co.seoulit.reception.service.ReceptionServiceImpl.getReceptionList()종료
2026-02-25 11:08:17.939 INFO  k.co.seoulit.common.aop.LoggerAspect - Controller  : kr.co.seoulit.reception.controller.ReceptionController.getReceptions()종료
2026-02-25 11:11:08.196 INFO  k.co.seoulit.common.aop.LoggerAspect - Controller  : kr.co.seoulit.reception.controller.ReceptionController.getReceptions()시작
2026-02-25 11:11:08.196 INFO  k.c.s.r.c.ReceptionController - Reception list request: searchType=null, searchValue=null
2026-02-25 11:11:08.235 INFO  k.co.seoulit.common.aop.LoggerAspect - ServiceImpl  : kr.co.seoulit.reception.service.ReceptionServiceImpl.getReceptionList()시작
2026-02-25 11:11:08.312 INFO  k.co.seoulit.common.aop.LoggerAspect - ServiceImpl  : kr.co.seoulit.reception.service.ReceptionServiceImpl.getReceptionList()종료
2026-02-25 11:11:08.349 INFO  k.co.seoulit.common.aop.LoggerAspect - Controller  : kr.co.seoulit.reception.controller.ReceptionController.getReceptions()종료
2026-02-25 11:11:08.359 INFO  k.co.seoulit.common.aop.LoggerAspect - Controller  : kr.co.seoulit.reception.controller.ReceptionController.createReception()시작
2026-02-25 11:11:08.359 INFO  k.c.s.r.c.ReceptionController - Create reception request: receptionNo=20260225-005
2026-02-25 11:11:08.359 INFO  k.co.seoulit.common.aop.LoggerAspect - ServiceImpl  : kr.co.seoulit.reception.service.ReceptionServiceImpl.createReception()시작
2026-02-25 11:11:08.362 DEBUG org.hibernate.SQL - select * from (select re1_0.reception_id c0,rownum rn from reception re1_0 where re1_0.reception_no=?) r_0_ where r_0_.rn<=? order by r_0_.rn
2026-02-25 11:11:08.362 TRACE org.hibernate.orm.jdbc.bind - binding parameter (1:VARCHAR) <- [20260225-005]
2026-02-25 11:11:08.362 TRACE org.hibernate.orm.jdbc.bind - binding parameter (2:INTEGER) <- [1]
2026-02-25 11:11:08.401 INFO  k.co.seoulit.common.aop.LoggerAspect - kr.co.seoulit.reception.mapstruct.ReceptionReqMapStructImpl.toEntity()시작
2026-02-25 11:11:08.401 INFO  k.co.seoulit.common.aop.LoggerAspect - kr.co.seoulit.reception.mapstruct.ReceptionReqMapStructImpl.toEntity()종료
2026-02-25 11:11:08.402 DEBUG org.hibernate.SQL - select seq_reception.nextval from dual
2026-02-25 11:11:08.443 INFO  k.co.seoulit.common.aop.LoggerAspect - kr.co.seoulit.reception.mapstruct.ReceptionResMapStructImpl.toDto()시작
2026-02-25 11:11:08.445 INFO  k.co.seoulit.common.aop.LoggerAspect - kr.co.seoulit.reception.mapstruct.ReceptionResMapStructImpl.toDto()종료
2026-02-25 11:11:08.446 DEBUG org.hibernate.SQL - select seq_audit_log.nextval from dual
2026-02-25 11:11:08.484 INFO  k.co.seoulit.common.aop.LoggerAspect - ServiceImpl  : kr.co.seoulit.reception.service.ReceptionServiceImpl.createReception()종료
2026-02-25 11:11:08.485 DEBUG org.hibernate.SQL - insert into reception (arrived_at,cancel_reason_code,cancel_reason_text,created_at,created_by,department_id,department_name,doctor_id,doctor_name,hold_reason_code,hold_reason_text,inactive_at,inactive_reason_code,inactive_reason_text,is_active,note,patient_id,patient_name,reception_no,reservation_id,scheduled_at,status,updated_at,updated_by,visit_type,reception_id) values (?,?,?,?,?,?,?,?,?,?,?,?,?,?,?,?,?,?,?,?,?,?,?,?,?,?)
2026-02-25 11:11:08.485 TRACE org.hibernate.orm.jdbc.bind - binding parameter (1:TIMESTAMP) <- [2026-02-25T02:11:08]
2026-02-25 11:11:08.486 TRACE org.hibernate.orm.jdbc.bind - binding parameter (2:VARCHAR) <- [null]
2026-02-25 11:11:08.486 TRACE org.hibernate.orm.jdbc.bind - binding parameter (3:VARCHAR) <- [null]
2026-02-25 11:11:08.486 TRACE org.hibernate.orm.jdbc.bind - binding parameter (4:TIMESTAMP) <- [2026-02-25T11:11:08.485279]
2026-02-25 11:11:08.486 TRACE org.hibernate.orm.jdbc.bind - binding parameter (5:BIGINT) <- [null]
2026-02-25 11:11:08.486 TRACE org.hibernate.orm.jdbc.bind - binding parameter (6:BIGINT) <- [1]
2026-02-25 11:11:08.486 TRACE org.hibernate.orm.jdbc.bind - binding parameter (7:VARCHAR) <- [내과]
2026-02-25 11:11:08.486 TRACE org.hibernate.orm.jdbc.bind - binding parameter (8:BIGINT) <- [1]
2026-02-25 11:11:08.486 TRACE org.hibernate.orm.jdbc.bind - binding parameter (9:VARCHAR) <- [송태민]
2026-02-25 11:11:08.486 TRACE org.hibernate.orm.jdbc.bind - binding parameter (10:VARCHAR) <- [null]
2026-02-25 11:11:08.486 TRACE org.hibernate.orm.jdbc.bind - binding parameter (11:VARCHAR) <- [null]
2026-02-25 11:11:08.486 TRACE org.hibernate.orm.jdbc.bind - binding parameter (12:TIMESTAMP) <- [null]
2026-02-25 11:11:08.486 TRACE org.hibernate.orm.jdbc.bind - binding parameter (13:VARCHAR) <- [null]
2026-02-25 11:11:08.486 TRACE org.hibernate.orm.jdbc.bind - binding parameter (14:VARCHAR) <- [null]
2026-02-25 11:11:08.487 TRACE org.hibernate.orm.jdbc.bind - binding parameter (15:BOOLEAN) <- [true]
2026-02-25 11:11:08.487 TRACE org.hibernate.orm.jdbc.bind - binding parameter (16:VARCHAR) <- [환자 상세 화면에서 접수 등록]
2026-02-25 11:11:08.487 TRACE org.hibernate.orm.jdbc.bind - binding parameter (17:BIGINT) <- [7]
2026-02-25 11:11:08.487 TRACE org.hibernate.orm.jdbc.bind - binding parameter (18:VARCHAR) <- [이현석]
2026-02-25 11:11:08.487 TRACE org.hibernate.orm.jdbc.bind - binding parameter (19:VARCHAR) <- [20260225-005]
2026-02-25 11:11:08.487 TRACE org.hibernate.orm.jdbc.bind - binding parameter (20:BIGINT) <- [null]
2026-02-25 11:11:08.487 TRACE org.hibernate.orm.jdbc.bind - binding parameter (21:TIMESTAMP) <- [null]
2026-02-25 11:11:08.487 TRACE org.hibernate.orm.jdbc.bind - binding parameter (22:VARCHAR) <- [WAITING]
2026-02-25 11:11:08.487 TRACE org.hibernate.orm.jdbc.bind - binding parameter (23:TIMESTAMP) <- [2026-02-25T11:11:08.485279]
2026-02-25 11:11:08.487 TRACE org.hibernate.orm.jdbc.bind - binding parameter (24:BIGINT) <- [null]
2026-02-25 11:11:08.487 TRACE org.hibernate.orm.jdbc.bind - binding parameter (25:VARCHAR) <- [OUTPATIENT]
2026-02-25 11:11:08.488 TRACE org.hibernate.orm.jdbc.bind - binding parameter (26:BIGINT) <- [26]
2026-02-25 11:11:08.525 DEBUG org.hibernate.SQL - insert into audit_log (action,actor_id,after_json,before_json,diff_json,entity_id,entity_type,occurred_at,reason_code,reason_text,audit_log_id) values (?,?,?,?,?,?,?,?,?,?,?)
2026-02-25 11:11:08.526 TRACE org.hibernate.orm.jdbc.bind - binding parameter (1:VARCHAR) <- [CREATE]
2026-02-25 11:11:08.526 TRACE org.hibernate.orm.jdbc.bind - binding parameter (2:BIGINT) <- [null]
2026-02-25 11:11:08.526 TRACE org.hibernate.orm.jdbc.bind - binding parameter (3:VARCHAR) <- [{"receptionId":26,"receptionNo":"20260225-005","patientId":7,"patientName":"이현석","visitType":"OUTPATIENT","departmentId":1,"departmentName":"내과","doctorId":1,"doctorName":"송태민","reservationId":null,"scheduledAt":null,"arrivedAt":"2026-02-25T02:11:08","status":"WAITING","note":"환자 상세 화면에서 접수 등록","isActive":true,"inactiveAt":null,"inactiveReasonCode":null,"inactiveReasonText":null,"cancelReasonCode":null,"cancelReasonText":null,"holdReasonCode":null,"holdReasonText":null,"createdBy":null,"updatedBy":null,"createdAt":null,"updatedAt":null}]
2026-02-25 11:11:08.526 TRACE org.hibernate.orm.jdbc.bind - binding parameter (4:VARCHAR) <- [null]
2026-02-25 11:11:08.526 TRACE org.hibernate.orm.jdbc.bind - binding parameter (5:VARCHAR) <- [null]
2026-02-25 11:11:08.526 TRACE org.hibernate.orm.jdbc.bind - binding parameter (6:BIGINT) <- [26]
2026-02-25 11:11:08.526 TRACE org.hibernate.orm.jdbc.bind - binding parameter (7:VARCHAR) <- [RECEPTION]
2026-02-25 11:11:08.526 TRACE org.hibernate.orm.jdbc.bind - binding parameter (8:TIMESTAMP) <- [2026-02-25T11:11:08.525814]
2026-02-25 11:11:08.526 TRACE org.hibernate.orm.jdbc.bind - binding parameter (9:VARCHAR) <- [null]
2026-02-25 11:11:08.526 TRACE org.hibernate.orm.jdbc.bind - binding parameter (10:VARCHAR) <- [null]
2026-02-25 11:11:08.527 TRACE org.hibernate.orm.jdbc.bind - binding parameter (11:BIGINT) <- [81]
2026-02-25 11:11:08.545 INFO  k.co.seoulit.common.aop.LoggerAspect - Controller  : kr.co.seoulit.reception.controller.ReceptionController.createReception()종료
2026-02-25 11:11:08.820 INFO  k.co.seoulit.common.aop.LoggerAspect - Controller  : kr.co.seoulit.reception.controller.ReceptionController.getReceptions()시작
2026-02-25 11:11:08.820 INFO  k.c.s.r.c.ReceptionController - Reception list request: searchType=null, searchValue=null
2026-02-25 11:11:08.821 INFO  k.co.seoulit.common.aop.LoggerAspect - ServiceImpl  : kr.co.seoulit.reception.service.ReceptionServiceImpl.getReceptionList()시작
2026-02-25 11:11:08.853 INFO  k.co.seoulit.common.aop.LoggerAspect - ServiceImpl  : kr.co.seoulit.reception.service.ReceptionServiceImpl.getReceptionList()종료
2026-02-25 11:11:08.861 INFO  k.co.seoulit.common.aop.LoggerAspect - Controller  : kr.co.seoulit.reception.controller.ReceptionController.getReceptions()종료
2026-02-25 11:11:08.868 INFO  k.co.seoulit.common.aop.LoggerAspect - Controller  : kr.co.seoulit.reception.controller.ReceptionController.getReceptions()시작
2026-02-25 11:11:08.868 INFO  k.c.s.r.c.ReceptionController - Reception list request: searchType=null, searchValue=null
2026-02-25 11:11:08.868 INFO  k.co.seoulit.common.aop.LoggerAspect - ServiceImpl  : kr.co.seoulit.reception.service.ReceptionServiceImpl.getReceptionList()시작
2026-02-25 11:11:08.887 INFO  k.co.seoulit.common.aop.LoggerAspect - ServiceImpl  : kr.co.seoulit.reception.service.ReceptionServiceImpl.getReceptionList()종료
2026-02-25 11:11:08.894 INFO  k.co.seoulit.common.aop.LoggerAspect - Controller  : kr.co.seoulit.reception.controller.ReceptionController.getReceptions()종료
2026-02-25 11:11:12.656 INFO  k.co.seoulit.common.aop.LoggerAspect - Controller  : kr.co.seoulit.reception.controller.ReceptionController.getReception()시작
2026-02-25 11:11:12.656 INFO  k.c.s.r.c.ReceptionController - Get reception request: id=26
2026-02-25 11:11:12.671 INFO  k.co.seoulit.common.aop.LoggerAspect - ServiceImpl  : kr.co.seoulit.reception.service.ReceptionServiceImpl.getReception()시작
2026-02-25 11:11:12.674 DEBUG org.hibernate.SQL - select re1_0.reception_id,re1_0.arrived_at,re1_0.cancel_reason_code,re1_0.cancel_reason_text,re1_0.created_at,re1_0.created_by,re1_0.department_id,re1_0.department_name,re1_0.doctor_id,re1_0.doctor_name,re1_0.hold_reason_code,re1_0.hold_reason_text,re1_0.inactive_at,re1_0.inactive_reason_code,re1_0.inactive_reason_text,re1_0.is_active,re1_0.note,re1_0.patient_id,re1_0.patient_name,re1_0.reception_no,re1_0.reservation_id,re1_0.scheduled_at,re1_0.status,re1_0.updated_at,re1_0.updated_by,re1_0.visit_type from reception re1_0 where re1_0.reception_id=?
2026-02-25 11:11:12.674 TRACE org.hibernate.orm.jdbc.bind - binding parameter (1:BIGINT) <- [26]
2026-02-25 11:11:12.684 INFO  k.co.seoulit.common.aop.LoggerAspect - kr.co.seoulit.reception.mapstruct.ReceptionResMapStructImpl.toDto()시작
2026-02-25 11:11:12.685 INFO  k.co.seoulit.common.aop.LoggerAspect - kr.co.seoulit.reception.mapstruct.ReceptionResMapStructImpl.toDto()종료
2026-02-25 11:11:12.685 INFO  k.co.seoulit.common.aop.LoggerAspect - ServiceImpl  : kr.co.seoulit.reception.service.ReceptionServiceImpl.getReception()종료
2026-02-25 11:11:12.692 INFO  k.co.seoulit.common.aop.LoggerAspect - Controller  : kr.co.seoulit.reception.controller.ReceptionController.getReception()종료
2026-02-25 11:11:16.547 INFO  k.co.seoulit.common.aop.LoggerAspect - Controller  : kr.co.seoulit.reception.controller.ReceptionController.updateReceptionStatus()시작
2026-02-25 11:11:16.548 INFO  k.c.s.r.c.ReceptionController - Update reception status request: id=26, status=CANCELED
2026-02-25 11:11:16.562 INFO  k.co.seoulit.common.aop.LoggerAspect - ServiceImpl  : kr.co.seoulit.reception.service.ReceptionServiceImpl.updateReceptionStatus()시작
2026-02-25 11:11:16.563 DEBUG org.hibernate.SQL - select re1_0.reception_id,re1_0.arrived_at,re1_0.cancel_reason_code,re1_0.cancel_reason_text,re1_0.created_at,re1_0.created_by,re1_0.department_id,re1_0.department_name,re1_0.doctor_id,re1_0.doctor_name,re1_0.hold_reason_code,re1_0.hold_reason_text,re1_0.inactive_at,re1_0.inactive_reason_code,re1_0.inactive_reason_text,re1_0.is_active,re1_0.note,re1_0.patient_id,re1_0.patient_name,re1_0.reception_no,re1_0.reservation_id,re1_0.scheduled_at,re1_0.status,re1_0.updated_at,re1_0.updated_by,re1_0.visit_type from reception re1_0 where re1_0.reception_id=?
2026-02-25 11:11:16.564 TRACE org.hibernate.orm.jdbc.bind - binding parameter (1:BIGINT) <- [26]
2026-02-25 11:11:16.579 INFO  k.co.seoulit.common.aop.LoggerAspect - kr.co.seoulit.reception.mapstruct.ReceptionResMapStructImpl.toDto()시작
2026-02-25 11:11:16.579 INFO  k.co.seoulit.common.aop.LoggerAspect - kr.co.seoulit.reception.mapstruct.ReceptionResMapStructImpl.toDto()종료
2026-02-25 11:11:16.637 DEBUG org.hibernate.SQL - select seq_reception_status_history.nextval from dual
2026-02-25 11:11:16.650 INFO  k.co.seoulit.common.aop.LoggerAspect - kr.co.seoulit.reception.mapstruct.ReceptionResMapStructImpl.toDto()시작
2026-02-25 11:11:16.651 INFO  k.co.seoulit.common.aop.LoggerAspect - kr.co.seoulit.reception.mapstruct.ReceptionResMapStructImpl.toDto()종료
2026-02-25 11:11:16.652 DEBUG org.hibernate.SQL - select seq_audit_log.nextval from dual
2026-02-25 11:11:16.665 INFO  k.co.seoulit.common.aop.LoggerAspect - kr.co.seoulit.reception.mapstruct.ReceptionResMapStructImpl.toDto()시작
2026-02-25 11:11:16.665 INFO  k.co.seoulit.common.aop.LoggerAspect - kr.co.seoulit.reception.mapstruct.ReceptionResMapStructImpl.toDto()종료
2026-02-25 11:11:16.666 INFO  k.co.seoulit.common.aop.LoggerAspect - ServiceImpl  : kr.co.seoulit.reception.service.ReceptionServiceImpl.updateReceptionStatus()종료
2026-02-25 11:11:16.685 DEBUG org.hibernate.SQL - insert into reception_status_history (changed_at,changed_by,from_status,reason_code,reason_text,reception_id,to_status,status_history_id) values (?,?,?,?,?,?,?,?)
2026-02-25 11:11:16.686 TRACE org.hibernate.orm.jdbc.bind - binding parameter (1:TIMESTAMP) <- [2026-02-25T11:11:16.685132]
2026-02-25 11:11:16.686 TRACE org.hibernate.orm.jdbc.bind - binding parameter (2:BIGINT) <- [null]
2026-02-25 11:11:16.686 TRACE org.hibernate.orm.jdbc.bind - binding parameter (3:VARCHAR) <- [WAITING]
2026-02-25 11:11:16.686 TRACE org.hibernate.orm.jdbc.bind - binding parameter (4:VARCHAR) <- [null]
2026-02-25 11:11:16.686 TRACE org.hibernate.orm.jdbc.bind - binding parameter (5:VARCHAR) <- [null]
2026-02-25 11:11:16.687 TRACE org.hibernate.orm.jdbc.bind - binding parameter (6:BIGINT) <- [26]
2026-02-25 11:11:16.687 TRACE org.hibernate.orm.jdbc.bind - binding parameter (7:VARCHAR) <- [CANCELED]
2026-02-25 11:11:16.687 TRACE org.hibernate.orm.jdbc.bind - binding parameter (8:BIGINT) <- [31]
2026-02-25 11:11:16.699 DEBUG org.hibernate.SQL - insert into audit_log (action,actor_id,after_json,before_json,diff_json,entity_id,entity_type,occurred_at,reason_code,reason_text,audit_log_id) values (?,?,?,?,?,?,?,?,?,?,?)
2026-02-25 11:11:16.700 TRACE org.hibernate.orm.jdbc.bind - binding parameter (1:VARCHAR) <- [STATUS_CHANGE]
2026-02-25 11:11:16.701 TRACE org.hibernate.orm.jdbc.bind - binding parameter (2:BIGINT) <- [null]
2026-02-25 11:11:16.701 TRACE org.hibernate.orm.jdbc.bind - binding parameter (3:VARCHAR) <- [{"receptionId":26,"receptionNo":"20260225-005","patientId":7,"patientName":"이현석","visitType":"OUTPATIENT","departmentId":1,"departmentName":"내과","doctorId":1,"doctorName":"송태민","reservationId":null,"scheduledAt":null,"arrivedAt":"2026-02-25T02:11:08","status":"CANCELED","note":"환자 상세 화면에서 접수 등록","isActive":true,"inactiveAt":null,"inactiveReasonCode":null,"inactiveReasonText":null,"cancelReasonCode":null,"cancelReasonText":null,"holdReasonCode":null,"holdReasonText":null,"createdBy":null,"updatedBy":null,"createdAt":"2026-02-25T11:11:08.485279","updatedAt":"2026-02-25T11:11:08.485279"}]
2026-02-25 11:11:16.701 TRACE org.hibernate.orm.jdbc.bind - binding parameter (4:VARCHAR) <- [{"receptionId":26,"receptionNo":"20260225-005","patientId":7,"patientName":"이현석","visitType":"OUTPATIENT","departmentId":1,"departmentName":"내과","doctorId":1,"doctorName":"송태민","reservationId":null,"scheduledAt":null,"arrivedAt":"2026-02-25T02:11:08","status":"WAITING","note":"환자 상세 화면에서 접수 등록","isActive":true,"inactiveAt":null,"inactiveReasonCode":null,"inactiveReasonText":null,"cancelReasonCode":null,"cancelReasonText":null,"holdReasonCode":null,"holdReasonText":null,"createdBy":null,"updatedBy":null,"createdAt":"2026-02-25T11:11:08.485279","updatedAt":"2026-02-25T11:11:08.485279"}]
2026-02-25 11:11:16.701 TRACE org.hibernate.orm.jdbc.bind - binding parameter (5:VARCHAR) <- [null]
2026-02-25 11:11:16.701 TRACE org.hibernate.orm.jdbc.bind - binding parameter (6:BIGINT) <- [26]
2026-02-25 11:11:16.701 TRACE org.hibernate.orm.jdbc.bind - binding parameter (7:VARCHAR) <- [RECEPTION]
2026-02-25 11:11:16.701 TRACE org.hibernate.orm.jdbc.bind - binding parameter (8:TIMESTAMP) <- [2026-02-25T11:11:16.699138]
2026-02-25 11:11:16.701 TRACE org.hibernate.orm.jdbc.bind - binding parameter (9:VARCHAR) <- [null]
2026-02-25 11:11:16.702 TRACE org.hibernate.orm.jdbc.bind - binding parameter (10:VARCHAR) <- [null]
2026-02-25 11:11:16.702 TRACE org.hibernate.orm.jdbc.bind - binding parameter (11:BIGINT) <- [82]
2026-02-25 11:11:16.738 DEBUG org.hibernate.SQL - update reception set arrived_at=?,cancel_reason_code=?,cancel_reason_text=?,created_by=?,department_id=?,department_name=?,doctor_id=?,doctor_name=?,hold_reason_code=?,hold_reason_text=?,inactive_at=?,inactive_reason_code=?,inactive_reason_text=?,is_active=?,note=?,patient_id=?,patient_name=?,reception_no=?,reservation_id=?,scheduled_at=?,status=?,updated_at=?,updated_by=?,visit_type=? where reception_id=?
2026-02-25 11:11:16.739 TRACE org.hibernate.orm.jdbc.bind - binding parameter (1:TIMESTAMP) <- [2026-02-25T02:11:08]
2026-02-25 11:11:16.739 TRACE org.hibernate.orm.jdbc.bind - binding parameter (2:VARCHAR) <- [null]
2026-02-25 11:11:16.739 TRACE org.hibernate.orm.jdbc.bind - binding parameter (3:VARCHAR) <- [null]
2026-02-25 11:11:16.739 TRACE org.hibernate.orm.jdbc.bind - binding parameter (4:BIGINT) <- [null]
2026-02-25 11:11:16.739 TRACE org.hibernate.orm.jdbc.bind - binding parameter (5:BIGINT) <- [1]
2026-02-25 11:11:16.739 TRACE org.hibernate.orm.jdbc.bind - binding parameter (6:VARCHAR) <- [내과]
2026-02-25 11:11:16.739 TRACE org.hibernate.orm.jdbc.bind - binding parameter (7:BIGINT) <- [1]
2026-02-25 11:11:16.740 TRACE org.hibernate.orm.jdbc.bind - binding parameter (8:VARCHAR) <- [송태민]
2026-02-25 11:11:16.740 TRACE org.hibernate.orm.jdbc.bind - binding parameter (9:VARCHAR) <- [null]
2026-02-25 11:11:16.740 TRACE org.hibernate.orm.jdbc.bind - binding parameter (10:VARCHAR) <- [null]
2026-02-25 11:11:16.740 TRACE org.hibernate.orm.jdbc.bind - binding parameter (11:TIMESTAMP) <- [null]
2026-02-25 11:11:16.740 TRACE org.hibernate.orm.jdbc.bind - binding parameter (12:VARCHAR) <- [null]
2026-02-25 11:11:16.740 TRACE org.hibernate.orm.jdbc.bind - binding parameter (13:VARCHAR) <- [null]
2026-02-25 11:11:16.741 TRACE org.hibernate.orm.jdbc.bind - binding parameter (14:BOOLEAN) <- [true]
2026-02-25 11:11:16.741 TRACE org.hibernate.orm.jdbc.bind - binding parameter (15:VARCHAR) <- [환자 상세 화면에서 접수 등록]
2026-02-25 11:11:16.741 TRACE org.hibernate.orm.jdbc.bind - binding parameter (16:BIGINT) <- [7]
2026-02-25 11:11:16.741 TRACE org.hibernate.orm.jdbc.bind - binding parameter (17:VARCHAR) <- [이현석]
2026-02-25 11:11:16.741 TRACE org.hibernate.orm.jdbc.bind - binding parameter (18:VARCHAR) <- [20260225-005]
2026-02-25 11:11:16.741 TRACE org.hibernate.orm.jdbc.bind - binding parameter (19:BIGINT) <- [null]
2026-02-25 11:11:16.741 TRACE org.hibernate.orm.jdbc.bind - binding parameter (20:TIMESTAMP) <- [null]
2026-02-25 11:11:16.741 TRACE org.hibernate.orm.jdbc.bind - binding parameter (21:VARCHAR) <- [CANCELED]
2026-02-25 11:11:16.741 TRACE org.hibernate.orm.jdbc.bind - binding parameter (22:TIMESTAMP) <- [2026-02-25T11:11:16.718903]
2026-02-25 11:11:16.742 TRACE org.hibernate.orm.jdbc.bind - binding parameter (23:BIGINT) <- [null]
2026-02-25 11:11:16.742 TRACE org.hibernate.orm.jdbc.bind - binding parameter (24:VARCHAR) <- [OUTPATIENT]
2026-02-25 11:11:16.742 TRACE org.hibernate.orm.jdbc.bind - binding parameter (25:BIGINT) <- [26]
2026-02-25 11:11:16.762 INFO  k.co.seoulit.common.aop.LoggerAspect - Controller  : kr.co.seoulit.reception.controller.ReceptionController.updateReceptionStatus()종료
2026-02-25 11:11:16.840 INFO  k.co.seoulit.common.aop.LoggerAspect - Controller  : kr.co.seoulit.reception.controller.ReceptionController.getReception()시작
2026-02-25 11:11:16.840 INFO  k.c.s.r.c.ReceptionController - Get reception request: id=17
2026-02-25 11:11:16.840 INFO  k.co.seoulit.common.aop.LoggerAspect - ServiceImpl  : kr.co.seoulit.reception.service.ReceptionServiceImpl.getReception()시작
2026-02-25 11:11:16.841 DEBUG org.hibernate.SQL - select re1_0.reception_id,re1_0.arrived_at,re1_0.cancel_reason_code,re1_0.cancel_reason_text,re1_0.created_at,re1_0.created_by,re1_0.department_id,re1_0.department_name,re1_0.doctor_id,re1_0.doctor_name,re1_0.hold_reason_code,re1_0.hold_reason_text,re1_0.inactive_at,re1_0.inactive_reason_code,re1_0.inactive_reason_text,re1_0.is_active,re1_0.note,re1_0.patient_id,re1_0.patient_name,re1_0.reception_no,re1_0.reservation_id,re1_0.scheduled_at,re1_0.status,re1_0.updated_at,re1_0.updated_by,re1_0.visit_type from reception re1_0 where re1_0.reception_id=?
2026-02-25 11:11:16.841 TRACE org.hibernate.orm.jdbc.bind - binding parameter (1:BIGINT) <- [17]
2026-02-25 11:11:16.854 INFO  k.co.seoulit.common.aop.LoggerAspect - kr.co.seoulit.reception.mapstruct.ReceptionResMapStructImpl.toDto()시작
2026-02-25 11:11:16.855 INFO  k.co.seoulit.common.aop.LoggerAspect - kr.co.seoulit.reception.mapstruct.ReceptionResMapStructImpl.toDto()종료
2026-02-25 11:11:16.855 INFO  k.co.seoulit.common.aop.LoggerAspect - ServiceImpl  : kr.co.seoulit.reception.service.ReceptionServiceImpl.getReception()종료
2026-02-25 11:11:16.865 INFO  k.co.seoulit.common.aop.LoggerAspect - Controller  : kr.co.seoulit.reception.controller.ReceptionController.getReception()종료
2026-02-25 11:13:30.650 INFO  k.co.seoulit.common.aop.LoggerAspect - Controller  : kr.co.seoulit.reception.controller.ReceptionController.getReceptions()시작
2026-02-25 11:13:30.650 INFO  k.c.s.r.c.ReceptionController - Reception list request: searchType=null, searchValue=null
2026-02-25 11:13:30.660 INFO  k.co.seoulit.common.aop.LoggerAspect - ServiceImpl  : kr.co.seoulit.reception.service.ReceptionServiceImpl.getReceptionList()시작
2026-02-25 11:13:30.689 INFO  k.co.seoulit.common.aop.LoggerAspect - ServiceImpl  : kr.co.seoulit.reception.service.ReceptionServiceImpl.getReceptionList()종료
2026-02-25 11:13:30.698 INFO  k.co.seoulit.common.aop.LoggerAspect - Controller  : kr.co.seoulit.reception.controller.ReceptionController.getReceptions()종료
2026-02-25 11:13:30.707 INFO  k.co.seoulit.common.aop.LoggerAspect - Controller  : kr.co.seoulit.reception.controller.ReceptionController.getReceptions()시작
2026-02-25 11:13:30.707 INFO  k.c.s.r.c.ReceptionController - Reception list request: searchType=null, searchValue=null
2026-02-25 11:13:30.707 INFO  k.co.seoulit.common.aop.LoggerAspect - ServiceImpl  : kr.co.seoulit.reception.service.ReceptionServiceImpl.getReceptionList()시작
2026-02-25 11:13:30.731 INFO  k.co.seoulit.common.aop.LoggerAspect - ServiceImpl  : kr.co.seoulit.reception.service.ReceptionServiceImpl.getReceptionList()종료
2026-02-25 11:13:30.740 INFO  k.co.seoulit.common.aop.LoggerAspect - Controller  : kr.co.seoulit.reception.controller.ReceptionController.getReceptions()종료
2026-02-25 11:13:40.522 INFO  k.co.seoulit.common.aop.LoggerAspect - Controller  : kr.co.seoulit.reception.controller.ReceptionController.getReception()시작
2026-02-25 11:13:40.522 INFO  k.c.s.r.c.ReceptionController - Get reception request: id=17
2026-02-25 11:13:40.534 INFO  k.co.seoulit.common.aop.LoggerAspect - ServiceImpl  : kr.co.seoulit.reception.service.ReceptionServiceImpl.getReception()시작
2026-02-25 11:13:40.534 DEBUG org.hibernate.SQL - select re1_0.reception_id,re1_0.arrived_at,re1_0.cancel_reason_code,re1_0.cancel_reason_text,re1_0.created_at,re1_0.created_by,re1_0.department_id,re1_0.department_name,re1_0.doctor_id,re1_0.doctor_name,re1_0.hold_reason_code,re1_0.hold_reason_text,re1_0.inactive_at,re1_0.inactive_reason_code,re1_0.inactive_reason_text,re1_0.is_active,re1_0.note,re1_0.patient_id,re1_0.patient_name,re1_0.reception_no,re1_0.reservation_id,re1_0.scheduled_at,re1_0.status,re1_0.updated_at,re1_0.updated_by,re1_0.visit_type from reception re1_0 where re1_0.reception_id=?
2026-02-25 11:13:40.535 TRACE org.hibernate.orm.jdbc.bind - binding parameter (1:BIGINT) <- [17]
2026-02-25 11:13:40.552 INFO  k.co.seoulit.common.aop.LoggerAspect - kr.co.seoulit.reception.mapstruct.ReceptionResMapStructImpl.toDto()시작
2026-02-25 11:13:40.552 INFO  k.co.seoulit.common.aop.LoggerAspect - kr.co.seoulit.reception.mapstruct.ReceptionResMapStructImpl.toDto()종료
2026-02-25 11:13:40.553 INFO  k.co.seoulit.common.aop.LoggerAspect - ServiceImpl  : kr.co.seoulit.reception.service.ReceptionServiceImpl.getReception()종료
2026-02-25 11:13:40.560 INFO  k.co.seoulit.common.aop.LoggerAspect - Controller  : kr.co.seoulit.reception.controller.ReceptionController.getReception()종료
2026-02-25 11:13:40.568 INFO  k.co.seoulit.common.aop.LoggerAspect - Controller  : kr.co.seoulit.reception.controller.ReceptionController.getReception()시작
2026-02-25 11:13:40.568 INFO  k.c.s.r.c.ReceptionController - Get reception request: id=17
2026-02-25 11:13:40.568 INFO  k.co.seoulit.common.aop.LoggerAspect - ServiceImpl  : kr.co.seoulit.reception.service.ReceptionServiceImpl.getReception()시작
2026-02-25 11:13:40.571 DEBUG org.hibernate.SQL - select re1_0.reception_id,re1_0.arrived_at,re1_0.cancel_reason_code,re1_0.cancel_reason_text,re1_0.created_at,re1_0.created_by,re1_0.department_id,re1_0.department_name,re1_0.doctor_id,re1_0.doctor_name,re1_0.hold_reason_code,re1_0.hold_reason_text,re1_0.inactive_at,re1_0.inactive_reason_code,re1_0.inactive_reason_text,re1_0.is_active,re1_0.note,re1_0.patient_id,re1_0.patient_name,re1_0.reception_no,re1_0.reservation_id,re1_0.scheduled_at,re1_0.status,re1_0.updated_at,re1_0.updated_by,re1_0.visit_type from reception re1_0 where re1_0.reception_id=?
2026-02-25 11:13:40.571 TRACE org.hibernate.orm.jdbc.bind - binding parameter (1:BIGINT) <- [17]
2026-02-25 11:13:40.583 INFO  k.co.seoulit.common.aop.LoggerAspect - kr.co.seoulit.reception.mapstruct.ReceptionResMapStructImpl.toDto()시작
2026-02-25 11:13:40.583 INFO  k.co.seoulit.common.aop.LoggerAspect - kr.co.seoulit.reception.mapstruct.ReceptionResMapStructImpl.toDto()종료
2026-02-25 11:13:40.583 INFO  k.co.seoulit.common.aop.LoggerAspect - ServiceImpl  : kr.co.seoulit.reception.service.ReceptionServiceImpl.getReception()종료
2026-02-25 11:13:40.593 INFO  k.co.seoulit.common.aop.LoggerAspect - Controller  : kr.co.seoulit.reception.controller.ReceptionController.getReception()종료
2026-02-25 11:13:47.030 INFO  k.co.seoulit.common.aop.LoggerAspect - Controller  : kr.co.seoulit.reception.controller.ReceptionController.getReceptions()시작
2026-02-25 11:13:47.030 INFO  k.c.s.r.c.ReceptionController - Reception list request: searchType=null, searchValue=null
2026-02-25 11:13:47.044 INFO  k.co.seoulit.common.aop.LoggerAspect - ServiceImpl  : kr.co.seoulit.reception.service.ReceptionServiceImpl.getReceptionList()시작
2026-02-25 11:13:47.142 INFO  k.co.seoulit.common.aop.LoggerAspect - ServiceImpl  : kr.co.seoulit.reception.service.ReceptionServiceImpl.getReceptionList()종료
2026-02-25 11:13:47.219 INFO  k.co.seoulit.common.aop.LoggerAspect - Controller  : kr.co.seoulit.reception.controller.ReceptionController.getReceptions()종료
2026-02-25 11:13:47.224 INFO  k.co.seoulit.common.aop.LoggerAspect - Controller  : kr.co.seoulit.reception.controller.ReceptionController.getReceptions()시작
2026-02-25 11:13:47.224 INFO  k.c.s.r.c.ReceptionController - Reception list request: searchType=null, searchValue=null
2026-02-25 11:13:47.224 INFO  k.co.seoulit.common.aop.LoggerAspect - ServiceImpl  : kr.co.seoulit.reception.service.ReceptionServiceImpl.getReceptionList()시작
2026-02-25 11:13:47.312 INFO  k.co.seoulit.common.aop.LoggerAspect - ServiceImpl  : kr.co.seoulit.reception.service.ReceptionServiceImpl.getReceptionList()종료
2026-02-25 11:13:47.359 INFO  k.co.seoulit.common.aop.LoggerAspect - Controller  : kr.co.seoulit.reception.controller.ReceptionController.getReceptions()종료
2026-02-25 11:17:49.104 INFO  k.co.seoulit.common.aop.LoggerAspect - Controller  : kr.co.seoulit.reception.controller.ReceptionController.getReceptions()시작
2026-02-25 11:17:49.104 INFO  k.c.s.r.c.ReceptionController - Reception list request: searchType=null, searchValue=null
2026-02-25 11:17:49.120 INFO  k.co.seoulit.common.aop.LoggerAspect - ServiceImpl  : kr.co.seoulit.reception.service.ReceptionServiceImpl.getReceptionList()시작
2026-02-25 11:17:49.151 INFO  k.co.seoulit.common.aop.LoggerAspect - ServiceImpl  : kr.co.seoulit.reception.service.ReceptionServiceImpl.getReceptionList()종료
2026-02-25 11:17:49.161 INFO  k.co.seoulit.common.aop.LoggerAspect - Controller  : kr.co.seoulit.reception.controller.ReceptionController.getReceptions()종료
2026-02-25 11:17:49.171 INFO  k.co.seoulit.common.aop.LoggerAspect - Controller  : kr.co.seoulit.reception.controller.ReceptionController.getReceptions()시작
2026-02-25 11:17:49.171 INFO  k.c.s.r.c.ReceptionController - Reception list request: searchType=null, searchValue=null
2026-02-25 11:17:49.172 INFO  k.co.seoulit.common.aop.LoggerAspect - ServiceImpl  : kr.co.seoulit.reception.service.ReceptionServiceImpl.getReceptionList()시작
2026-02-25 11:17:49.210 INFO  k.co.seoulit.common.aop.LoggerAspect - ServiceImpl  : kr.co.seoulit.reception.service.ReceptionServiceImpl.getReceptionList()종료
2026-02-25 11:17:49.218 INFO  k.co.seoulit.common.aop.LoggerAspect - Controller  : kr.co.seoulit.reception.controller.ReceptionController.getReceptions()종료
2026-02-25 11:18:04.602 INFO  k.co.seoulit.common.aop.LoggerAspect - Controller  : kr.co.seoulit.reception.controller.ReceptionController.createReception()시작
2026-02-25 11:18:04.602 INFO  k.c.s.r.c.ReceptionController - Create reception request: receptionNo=20260225-006
2026-02-25 11:18:04.621 INFO  k.co.seoulit.common.aop.LoggerAspect - ServiceImpl  : kr.co.seoulit.reception.service.ReceptionServiceImpl.createReception()시작
2026-02-25 11:18:04.623 DEBUG org.hibernate.SQL - select * from (select re1_0.reception_id c0,rownum rn from reception re1_0 where re1_0.reception_no=?) r_0_ where r_0_.rn<=? order by r_0_.rn
2026-02-25 11:18:04.623 TRACE org.hibernate.orm.jdbc.bind - binding parameter (1:VARCHAR) <- [20260225-006]
2026-02-25 11:18:04.623 TRACE org.hibernate.orm.jdbc.bind - binding parameter (2:INTEGER) <- [1]
2026-02-25 11:18:04.632 INFO  k.co.seoulit.common.aop.LoggerAspect - kr.co.seoulit.reception.mapstruct.ReceptionReqMapStructImpl.toEntity()시작
2026-02-25 11:18:04.632 INFO  k.co.seoulit.common.aop.LoggerAspect - kr.co.seoulit.reception.mapstruct.ReceptionReqMapStructImpl.toEntity()종료
2026-02-25 11:18:04.632 DEBUG org.hibernate.SQL - select seq_reception.nextval from dual
2026-02-25 11:18:04.644 INFO  k.co.seoulit.common.aop.LoggerAspect - kr.co.seoulit.reception.mapstruct.ReceptionResMapStructImpl.toDto()시작
2026-02-25 11:18:04.645 INFO  k.co.seoulit.common.aop.LoggerAspect - kr.co.seoulit.reception.mapstruct.ReceptionResMapStructImpl.toDto()종료
2026-02-25 11:18:04.645 DEBUG org.hibernate.SQL - select seq_audit_log.nextval from dual
2026-02-25 11:18:04.655 INFO  k.co.seoulit.common.aop.LoggerAspect - ServiceImpl  : kr.co.seoulit.reception.service.ReceptionServiceImpl.createReception()종료
2026-02-25 11:18:04.656 DEBUG org.hibernate.SQL - insert into reception (arrived_at,cancel_reason_code,cancel_reason_text,created_at,created_by,department_id,department_name,doctor_id,doctor_name,hold_reason_code,hold_reason_text,inactive_at,inactive_reason_code,inactive_reason_text,is_active,note,patient_id,patient_name,reception_no,reservation_id,scheduled_at,status,updated_at,updated_by,visit_type,reception_id) values (?,?,?,?,?,?,?,?,?,?,?,?,?,?,?,?,?,?,?,?,?,?,?,?,?,?)
2026-02-25 11:18:04.656 TRACE org.hibernate.orm.jdbc.bind - binding parameter (1:TIMESTAMP) <- [2026-02-26T11:18]
2026-02-25 11:18:04.657 TRACE org.hibernate.orm.jdbc.bind - binding parameter (2:VARCHAR) <- [null]
2026-02-25 11:18:04.657 TRACE org.hibernate.orm.jdbc.bind - binding parameter (3:VARCHAR) <- [null]
2026-02-25 11:18:04.657 TRACE org.hibernate.orm.jdbc.bind - binding parameter (4:TIMESTAMP) <- [2026-02-25T11:18:04.656916]
2026-02-25 11:18:04.657 TRACE org.hibernate.orm.jdbc.bind - binding parameter (5:BIGINT) <- [null]
2026-02-25 11:18:04.657 TRACE org.hibernate.orm.jdbc.bind - binding parameter (6:BIGINT) <- [1]
2026-02-25 11:18:04.658 TRACE org.hibernate.orm.jdbc.bind - binding parameter (7:VARCHAR) <- [내과]
2026-02-25 11:18:04.658 TRACE org.hibernate.orm.jdbc.bind - binding parameter (8:BIGINT) <- [1]
2026-02-25 11:18:04.658 TRACE org.hibernate.orm.jdbc.bind - binding parameter (9:VARCHAR) <- [송태민]
2026-02-25 11:18:04.658 TRACE org.hibernate.orm.jdbc.bind - binding parameter (10:VARCHAR) <- [null]
2026-02-25 11:18:04.658 TRACE org.hibernate.orm.jdbc.bind - binding parameter (11:VARCHAR) <- [null]
2026-02-25 11:18:04.658 TRACE org.hibernate.orm.jdbc.bind - binding parameter (12:TIMESTAMP) <- [null]
2026-02-25 11:18:04.658 TRACE org.hibernate.orm.jdbc.bind - binding parameter (13:VARCHAR) <- [null]
2026-02-25 11:18:04.658 TRACE org.hibernate.orm.jdbc.bind - binding parameter (14:VARCHAR) <- [null]
2026-02-25 11:18:04.658 TRACE org.hibernate.orm.jdbc.bind - binding parameter (15:BOOLEAN) <- [true]
2026-02-25 11:18:04.658 TRACE org.hibernate.orm.jdbc.bind - binding parameter (16:VARCHAR) <- [null]
2026-02-25 11:18:04.658 TRACE org.hibernate.orm.jdbc.bind - binding parameter (17:BIGINT) <- [20]
2026-02-25 11:18:04.658 TRACE org.hibernate.orm.jdbc.bind - binding parameter (18:VARCHAR) <- [송나라]
2026-02-25 11:18:04.658 TRACE org.hibernate.orm.jdbc.bind - binding parameter (19:VARCHAR) <- [20260225-006]
2026-02-25 11:18:04.658 TRACE org.hibernate.orm.jdbc.bind - binding parameter (20:BIGINT) <- [null]
2026-02-25 11:18:04.658 TRACE org.hibernate.orm.jdbc.bind - binding parameter (21:TIMESTAMP) <- [null]
2026-02-25 11:18:04.658 TRACE org.hibernate.orm.jdbc.bind - binding parameter (22:VARCHAR) <- [WAITING]
2026-02-25 11:18:04.658 TRACE org.hibernate.orm.jdbc.bind - binding parameter (23:TIMESTAMP) <- [2026-02-25T11:18:04.656916]
2026-02-25 11:18:04.658 TRACE org.hibernate.orm.jdbc.bind - binding parameter (24:BIGINT) <- [null]
2026-02-25 11:18:04.659 TRACE org.hibernate.orm.jdbc.bind - binding parameter (25:VARCHAR) <- [OUTPATIENT]
2026-02-25 11:18:04.659 TRACE org.hibernate.orm.jdbc.bind - binding parameter (26:BIGINT) <- [27]
2026-02-25 11:18:04.672 DEBUG org.hibernate.SQL - insert into audit_log (action,actor_id,after_json,before_json,diff_json,entity_id,entity_type,occurred_at,reason_code,reason_text,audit_log_id) values (?,?,?,?,?,?,?,?,?,?,?)
2026-02-25 11:18:04.672 TRACE org.hibernate.orm.jdbc.bind - binding parameter (1:VARCHAR) <- [CREATE]
2026-02-25 11:18:04.672 TRACE org.hibernate.orm.jdbc.bind - binding parameter (2:BIGINT) <- [null]
2026-02-25 11:18:04.672 TRACE org.hibernate.orm.jdbc.bind - binding parameter (3:VARCHAR) <- [{"receptionId":27,"receptionNo":"20260225-006","patientId":20,"patientName":"송나라","visitType":"OUTPATIENT","departmentId":1,"departmentName":"내과","doctorId":1,"doctorName":"송태민","reservationId":null,"scheduledAt":null,"arrivedAt":"2026-02-26T11:18:00","status":"WAITING","note":null,"isActive":true,"inactiveAt":null,"inactiveReasonCode":null,"inactiveReasonText":null,"cancelReasonCode":null,"cancelReasonText":null,"holdReasonCode":null,"holdReasonText":null,"createdBy":null,"updatedBy":null,"createdAt":null,"updatedAt":null}]
2026-02-25 11:18:04.672 TRACE org.hibernate.orm.jdbc.bind - binding parameter (4:VARCHAR) <- [null]
2026-02-25 11:18:04.672 TRACE org.hibernate.orm.jdbc.bind - binding parameter (5:VARCHAR) <- [null]
2026-02-25 11:18:04.672 TRACE org.hibernate.orm.jdbc.bind - binding parameter (6:BIGINT) <- [27]
2026-02-25 11:18:04.672 TRACE org.hibernate.orm.jdbc.bind - binding parameter (7:VARCHAR) <- [RECEPTION]
2026-02-25 11:18:04.672 TRACE org.hibernate.orm.jdbc.bind - binding parameter (8:TIMESTAMP) <- [2026-02-25T11:18:04.671915]
2026-02-25 11:18:04.673 TRACE org.hibernate.orm.jdbc.bind - binding parameter (9:VARCHAR) <- [null]
2026-02-25 11:18:04.673 TRACE org.hibernate.orm.jdbc.bind - binding parameter (10:VARCHAR) <- [null]
2026-02-25 11:18:04.673 TRACE org.hibernate.orm.jdbc.bind - binding parameter (11:BIGINT) <- [83]
2026-02-25 11:18:04.691 INFO  k.co.seoulit.common.aop.LoggerAspect - Controller  : kr.co.seoulit.reception.controller.ReceptionController.createReception()종료
2026-02-25 11:18:04.757 INFO  k.co.seoulit.common.aop.LoggerAspect - Controller  : kr.co.seoulit.reception.controller.ReceptionController.getReceptions()시작
2026-02-25 11:18:04.758 INFO  k.c.s.r.c.ReceptionController - Reception list request: searchType=null, searchValue=null
2026-02-25 11:18:04.758 INFO  k.co.seoulit.common.aop.LoggerAspect - ServiceImpl  : kr.co.seoulit.reception.service.ReceptionServiceImpl.getReceptionList()시작
2026-02-25 11:18:04.788 INFO  k.co.seoulit.common.aop.LoggerAspect - ServiceImpl  : kr.co.seoulit.reception.service.ReceptionServiceImpl.getReceptionList()종료
2026-02-25 11:18:04.796 INFO  k.co.seoulit.common.aop.LoggerAspect - Controller  : kr.co.seoulit.reception.controller.ReceptionController.getReceptions()종료
2026-02-25 11:18:05.392 INFO  k.co.seoulit.common.aop.LoggerAspect - Controller  : kr.co.seoulit.reception.controller.ReceptionController.getReception()시작
2026-02-25 11:18:05.392 INFO  k.c.s.r.c.ReceptionController - Get reception request: id=17
2026-02-25 11:18:05.404 INFO  k.co.seoulit.common.aop.LoggerAspect - Controller  : kr.co.seoulit.reception.controller.ReceptionController.getReceptions()시작
2026-02-25 11:18:05.404 INFO  k.c.s.r.c.ReceptionController - Reception list request: searchType=null, searchValue=null
2026-02-25 11:18:05.430 INFO  k.co.seoulit.common.aop.LoggerAspect - ServiceImpl  : kr.co.seoulit.reception.service.ReceptionServiceImpl.getReception()시작
2026-02-25 11:18:05.433 DEBUG org.hibernate.SQL - select re1_0.reception_id,re1_0.arrived_at,re1_0.cancel_reason_code,re1_0.cancel_reason_text,re1_0.created_at,re1_0.created_by,re1_0.department_id,re1_0.department_name,re1_0.doctor_id,re1_0.doctor_name,re1_0.hold_reason_code,re1_0.hold_reason_text,re1_0.inactive_at,re1_0.inactive_reason_code,re1_0.inactive_reason_text,re1_0.is_active,re1_0.note,re1_0.patient_id,re1_0.patient_name,re1_0.reception_no,re1_0.reservation_id,re1_0.scheduled_at,re1_0.status,re1_0.updated_at,re1_0.updated_by,re1_0.visit_type from reception re1_0 where re1_0.reception_id=?
2026-02-25 11:18:05.433 TRACE org.hibernate.orm.jdbc.bind - binding parameter (1:BIGINT) <- [17]
2026-02-25 11:18:05.446 INFO  k.co.seoulit.common.aop.LoggerAspect - kr.co.seoulit.reception.mapstruct.ReceptionResMapStructImpl.toDto()시작
2026-02-25 11:18:05.446 INFO  k.co.seoulit.common.aop.LoggerAspect - kr.co.seoulit.reception.mapstruct.ReceptionResMapStructImpl.toDto()종료
2026-02-25 11:18:05.446 INFO  k.co.seoulit.common.aop.LoggerAspect - ServiceImpl  : kr.co.seoulit.reception.service.ReceptionServiceImpl.getReception()종료
2026-02-25 11:18:05.454 INFO  k.co.seoulit.common.aop.LoggerAspect - ServiceImpl  : kr.co.seoulit.reception.service.ReceptionServiceImpl.getReceptionList()시작
2026-02-25 11:18:05.457 INFO  k.co.seoulit.common.aop.LoggerAspect - Controller  : kr.co.seoulit.reception.controller.ReceptionController.getReception()종료
2026-02-25 11:18:05.465 INFO  k.co.seoulit.common.aop.LoggerAspect - Controller  : kr.co.seoulit.reception.controller.ReceptionController.getReception()시작
2026-02-25 11:18:05.466 INFO  k.c.s.r.c.ReceptionController - Get reception request: id=17
2026-02-25 11:18:05.467 INFO  k.co.seoulit.common.aop.LoggerAspect - ServiceImpl  : kr.co.seoulit.reception.service.ReceptionServiceImpl.getReception()시작
2026-02-25 11:18:05.469 DEBUG org.hibernate.SQL - select re1_0.reception_id,re1_0.arrived_at,re1_0.cancel_reason_code,re1_0.cancel_reason_text,re1_0.created_at,re1_0.created_by,re1_0.department_id,re1_0.department_name,re1_0.doctor_id,re1_0.doctor_name,re1_0.hold_reason_code,re1_0.hold_reason_text,re1_0.inactive_at,re1_0.inactive_reason_code,re1_0.inactive_reason_text,re1_0.is_active,re1_0.note,re1_0.patient_id,re1_0.patient_name,re1_0.reception_no,re1_0.reservation_id,re1_0.scheduled_at,re1_0.status,re1_0.updated_at,re1_0.updated_by,re1_0.visit_type from reception re1_0 where re1_0.reception_id=?
2026-02-25 11:18:05.470 TRACE org.hibernate.orm.jdbc.bind - binding parameter (1:BIGINT) <- [17]
2026-02-25 11:18:05.482 INFO  k.co.seoulit.common.aop.LoggerAspect - kr.co.seoulit.reception.mapstruct.ReceptionResMapStructImpl.toDto()시작
2026-02-25 11:18:05.482 INFO  k.co.seoulit.common.aop.LoggerAspect - kr.co.seoulit.reception.mapstruct.ReceptionResMapStructImpl.toDto()종료
2026-02-25 11:18:05.486 INFO  k.co.seoulit.common.aop.LoggerAspect - ServiceImpl  : kr.co.seoulit.reception.service.ReceptionServiceImpl.getReception()종료
2026-02-25 11:18:05.488 INFO  k.co.seoulit.common.aop.LoggerAspect - ServiceImpl  : kr.co.seoulit.reception.service.ReceptionServiceImpl.getReceptionList()종료
2026-02-25 11:18:05.509 INFO  k.co.seoulit.common.aop.LoggerAspect - Controller  : kr.co.seoulit.reception.controller.ReceptionController.getReception()종료
2026-02-25 11:18:05.511 INFO  k.co.seoulit.common.aop.LoggerAspect - Controller  : kr.co.seoulit.reception.controller.ReceptionController.getReceptions()종료
2026-02-25 11:18:05.544 INFO  k.co.seoulit.common.aop.LoggerAspect - Controller  : kr.co.seoulit.reception.controller.ReceptionController.getReceptions()시작
2026-02-25 11:18:05.545 INFO  k.c.s.r.c.ReceptionController - Reception list request: searchType=null, searchValue=null
2026-02-25 11:18:05.549 INFO  k.co.seoulit.common.aop.LoggerAspect - ServiceImpl  : kr.co.seoulit.reception.service.ReceptionServiceImpl.getReceptionList()시작
2026-02-25 11:18:05.577 INFO  k.co.seoulit.common.aop.LoggerAspect - ServiceImpl  : kr.co.seoulit.reception.service.ReceptionServiceImpl.getReceptionList()종료
2026-02-25 11:18:05.585 INFO  k.co.seoulit.common.aop.LoggerAspect - Controller  : kr.co.seoulit.reception.controller.ReceptionController.getReceptions()종료
2026-02-25 11:20:36.576 INFO  k.co.seoulit.common.aop.LoggerAspect - Controller  : kr.co.seoulit.reception.controller.ReceptionController.getReceptions()시작
2026-02-25 11:20:36.576 INFO  k.c.s.r.c.ReceptionController - Reception list request: searchType=null, searchValue=null
2026-02-25 11:20:36.590 INFO  k.co.seoulit.common.aop.LoggerAspect - ServiceImpl  : kr.co.seoulit.reception.service.ReceptionServiceImpl.getReceptionList()시작
2026-02-25 11:20:36.614 INFO  k.co.seoulit.common.aop.LoggerAspect - ServiceImpl  : kr.co.seoulit.reception.service.ReceptionServiceImpl.getReceptionList()종료
2026-02-25 11:20:36.623 INFO  k.co.seoulit.common.aop.LoggerAspect - Controller  : kr.co.seoulit.reception.controller.ReceptionController.getReceptions()종료
2026-02-25 11:20:36.631 INFO  k.co.seoulit.common.aop.LoggerAspect - Controller  : kr.co.seoulit.reception.controller.ReceptionController.getReceptions()시작
2026-02-25 11:20:36.631 INFO  k.c.s.r.c.ReceptionController - Reception list request: searchType=null, searchValue=null
2026-02-25 11:20:36.632 INFO  k.co.seoulit.common.aop.LoggerAspect - ServiceImpl  : kr.co.seoulit.reception.service.ReceptionServiceImpl.getReceptionList()시작
2026-02-25 11:20:36.651 INFO  k.co.seoulit.common.aop.LoggerAspect - ServiceImpl  : kr.co.seoulit.reception.service.ReceptionServiceImpl.getReceptionList()종료
2026-02-25 11:20:36.659 INFO  k.co.seoulit.common.aop.LoggerAspect - Controller  : kr.co.seoulit.reception.controller.ReceptionController.getReceptions()종료
2026-02-25 11:20:40.649 INFO  k.co.seoulit.common.aop.LoggerAspect - Controller  : kr.co.seoulit.reception.controller.ReceptionController.getReception()시작
2026-02-25 11:20:40.649 INFO  k.c.s.r.c.ReceptionController - Get reception request: id=17
2026-02-25 11:20:40.656 INFO  k.co.seoulit.common.aop.LoggerAspect - Controller  : kr.co.seoulit.reception.controller.ReceptionController.getStatusHistory()시작
2026-02-25 11:20:40.734 INFO  k.co.seoulit.common.aop.LoggerAspect - ServiceImpl  : kr.co.seoulit.reception.service.ReceptionServiceImpl.getReceptionStatusHistory()시작
2026-02-25 11:20:40.736 INFO  k.co.seoulit.common.aop.LoggerAspect - ServiceImpl  : kr.co.seoulit.reception.service.ReceptionServiceImpl.getReception()시작
2026-02-25 11:20:40.737 DEBUG org.hibernate.SQL - select re1_0.reception_id,re1_0.arrived_at,re1_0.cancel_reason_code,re1_0.cancel_reason_text,re1_0.created_at,re1_0.created_by,re1_0.department_id,re1_0.department_name,re1_0.doctor_id,re1_0.doctor_name,re1_0.hold_reason_code,re1_0.hold_reason_text,re1_0.inactive_at,re1_0.inactive_reason_code,re1_0.inactive_reason_text,re1_0.is_active,re1_0.note,re1_0.patient_id,re1_0.patient_name,re1_0.reception_no,re1_0.reservation_id,re1_0.scheduled_at,re1_0.status,re1_0.updated_at,re1_0.updated_by,re1_0.visit_type from reception re1_0 where re1_0.reception_id=?
2026-02-25 11:20:40.737 TRACE org.hibernate.orm.jdbc.bind - binding parameter (1:BIGINT) <- [17]
2026-02-25 11:20:40.750 INFO  k.co.seoulit.common.aop.LoggerAspect - kr.co.seoulit.reception.mapstruct.ReceptionResMapStructImpl.toDto()시작
2026-02-25 11:20:40.750 INFO  k.co.seoulit.common.aop.LoggerAspect - kr.co.seoulit.reception.mapstruct.ReceptionResMapStructImpl.toDto()종료
2026-02-25 11:20:40.757 INFO  k.co.seoulit.common.aop.LoggerAspect - ServiceImpl  : kr.co.seoulit.reception.service.ReceptionServiceImpl.getReception()종료
2026-02-25 11:20:40.774 INFO  k.co.seoulit.common.aop.LoggerAspect - Controller  : kr.co.seoulit.reception.controller.ReceptionController.getReception()종료
2026-02-25 11:20:40.818 INFO  k.co.seoulit.common.aop.LoggerAspect - Controller  : kr.co.seoulit.reception.controller.ReceptionController.getReception()시작
2026-02-25 11:20:40.818 INFO  k.c.s.r.c.ReceptionController - Get reception request: id=17
2026-02-25 11:20:40.818 INFO  k.co.seoulit.common.aop.LoggerAspect - ServiceImpl  : kr.co.seoulit.reception.service.ReceptionServiceImpl.getReception()시작
2026-02-25 11:20:40.819 DEBUG org.hibernate.SQL - select re1_0.reception_id,re1_0.arrived_at,re1_0.cancel_reason_code,re1_0.cancel_reason_text,re1_0.created_at,re1_0.created_by,re1_0.department_id,re1_0.department_name,re1_0.doctor_id,re1_0.doctor_name,re1_0.hold_reason_code,re1_0.hold_reason_text,re1_0.inactive_at,re1_0.inactive_reason_code,re1_0.inactive_reason_text,re1_0.is_active,re1_0.note,re1_0.patient_id,re1_0.patient_name,re1_0.reception_no,re1_0.reservation_id,re1_0.scheduled_at,re1_0.status,re1_0.updated_at,re1_0.updated_by,re1_0.visit_type from reception re1_0 where re1_0.reception_id=?
2026-02-25 11:20:40.819 TRACE org.hibernate.orm.jdbc.bind - binding parameter (1:BIGINT) <- [17]
2026-02-25 11:20:40.835 INFO  k.co.seoulit.common.aop.LoggerAspect - kr.co.seoulit.reception.mapstruct.ReceptionResMapStructImpl.toDto()시작
2026-02-25 11:20:40.835 INFO  k.co.seoulit.common.aop.LoggerAspect - kr.co.seoulit.reception.mapstruct.ReceptionResMapStructImpl.toDto()종료
2026-02-25 11:20:40.835 INFO  k.co.seoulit.common.aop.LoggerAspect - ServiceImpl  : kr.co.seoulit.reception.service.ReceptionServiceImpl.getReception()종료
2026-02-25 11:20:40.842 DEBUG org.hibernate.SQL - select rshe1_0.status_history_id,rshe1_0.changed_at,rshe1_0.changed_by,rshe1_0.from_status,rshe1_0.reason_code,rshe1_0.reason_text,rshe1_0.reception_id,rshe1_0.to_status from reception_status_history rshe1_0 where rshe1_0.reception_id=? order by rshe1_0.changed_at
2026-02-25 11:20:40.843 TRACE org.hibernate.orm.jdbc.bind - binding parameter (1:BIGINT) <- [17]
2026-02-25 11:20:40.843 DEBUG org.hibernate.SQL - select ale1_0.audit_log_id,ale1_0.action,ale1_0.actor_id,ale1_0.after_json,ale1_0.before_json,ale1_0.diff_json,ale1_0.entity_id,ale1_0.entity_type,ale1_0.occurred_at,ale1_0.reason_code,ale1_0.reason_text from audit_log ale1_0 where ale1_0.entity_type=? and ale1_0.entity_id=? order by ale1_0.occurred_at desc
2026-02-25 11:20:40.844 TRACE org.hibernate.orm.jdbc.bind - binding parameter (1:VARCHAR) <- [RECEPTION]
2026-02-25 11:20:40.844 TRACE org.hibernate.orm.jdbc.bind - binding parameter (2:BIGINT) <- [17]
2026-02-25 11:20:40.845 INFO  k.co.seoulit.common.aop.LoggerAspect - Controller  : kr.co.seoulit.reception.controller.ReceptionController.getReception()종료
2026-02-25 11:20:40.854 INFO  k.co.seoulit.common.aop.LoggerAspect - ServiceImpl  : kr.co.seoulit.reception.service.ReceptionServiceImpl.getReceptionStatusHistory()종료
2026-02-25 11:20:40.864 INFO  k.co.seoulit.common.aop.LoggerAspect - Controller  : kr.co.seoulit.reception.controller.ReceptionController.getStatusHistory()종료
2026-02-25 11:20:40.874 INFO  k.co.seoulit.common.aop.LoggerAspect - Controller  : kr.co.seoulit.reception.controller.ReceptionController.getStatusHistory()시작
2026-02-25 11:20:40.875 INFO  k.co.seoulit.common.aop.LoggerAspect - ServiceImpl  : kr.co.seoulit.reception.service.ReceptionServiceImpl.getReceptionStatusHistory()시작
2026-02-25 11:20:40.886 DEBUG org.hibernate.SQL - select rshe1_0.status_history_id,rshe1_0.changed_at,rshe1_0.changed_by,rshe1_0.from_status,rshe1_0.reason_code,rshe1_0.reason_text,rshe1_0.reception_id,rshe1_0.to_status from reception_status_history rshe1_0 where rshe1_0.reception_id=? order by rshe1_0.changed_at
2026-02-25 11:20:40.887 TRACE org.hibernate.orm.jdbc.bind - binding parameter (1:BIGINT) <- [17]
2026-02-25 11:20:40.897 INFO  k.co.seoulit.common.aop.LoggerAspect - ServiceImpl  : kr.co.seoulit.reception.service.ReceptionServiceImpl.getReceptionStatusHistory()종료
2026-02-25 11:20:40.909 INFO  k.co.seoulit.common.aop.LoggerAspect - Controller  : kr.co.seoulit.reception.controller.ReceptionController.getStatusHistory()종료
2026-02-25 11:20:40.912 DEBUG org.hibernate.SQL - select ale1_0.audit_log_id,ale1_0.action,ale1_0.actor_id,ale1_0.after_json,ale1_0.before_json,ale1_0.diff_json,ale1_0.entity_id,ale1_0.entity_type,ale1_0.occurred_at,ale1_0.reason_code,ale1_0.reason_text from audit_log ale1_0 where ale1_0.entity_type=? and ale1_0.entity_id=? order by ale1_0.occurred_at desc
2026-02-25 11:20:40.913 TRACE org.hibernate.orm.jdbc.bind - binding parameter (1:VARCHAR) <- [RECEPTION]
2026-02-25 11:20:40.913 TRACE org.hibernate.orm.jdbc.bind - binding parameter (2:BIGINT) <- [17]
2026-02-25 11:21:11.564 INFO  k.co.seoulit.common.aop.LoggerAspect - Controller  : kr.co.seoulit.reception.controller.ReceptionController.getReceptions()시작
2026-02-25 11:21:11.564 INFO  k.c.s.r.c.ReceptionController - Reception list request: searchType=null, searchValue=null
2026-02-25 11:21:11.604 INFO  k.co.seoulit.common.aop.LoggerAspect - ServiceImpl  : kr.co.seoulit.reception.service.ReceptionServiceImpl.getReceptionList()시작
2026-02-25 11:21:11.676 INFO  k.co.seoulit.common.aop.LoggerAspect - ServiceImpl  : kr.co.seoulit.reception.service.ReceptionServiceImpl.getReceptionList()종료
2026-02-25 11:21:11.716 INFO  k.co.seoulit.common.aop.LoggerAspect - Controller  : kr.co.seoulit.reception.controller.ReceptionController.getReceptions()종료
2026-02-25 11:21:11.724 INFO  k.co.seoulit.common.aop.LoggerAspect - Controller  : kr.co.seoulit.reception.controller.ReceptionController.getReceptions()시작
2026-02-25 11:21:11.724 INFO  k.c.s.r.c.ReceptionController - Reception list request: searchType=null, searchValue=null
2026-02-25 11:21:11.725 INFO  k.co.seoulit.common.aop.LoggerAspect - ServiceImpl  : kr.co.seoulit.reception.service.ReceptionServiceImpl.getReceptionList()시작
2026-02-25 11:21:11.823 INFO  k.co.seoulit.common.aop.LoggerAspect - ServiceImpl  : kr.co.seoulit.reception.service.ReceptionServiceImpl.getReceptionList()종료
2026-02-25 11:21:11.861 INFO  k.co.seoulit.common.aop.LoggerAspect - Controller  : kr.co.seoulit.reception.controller.ReceptionController.getReceptions()종료
2026-02-25 11:22:41.143 INFO  k.co.seoulit.common.aop.LoggerAspect - Controller  : kr.co.seoulit.reception.controller.ReceptionController.getReceptions()시작
2026-02-25 11:22:41.143 INFO  k.c.s.r.c.ReceptionController - Reception list request: searchType=null, searchValue=null
2026-02-25 11:22:41.209 INFO  k.co.seoulit.common.aop.LoggerAspect - ServiceImpl  : kr.co.seoulit.reception.service.ReceptionServiceImpl.getReceptionList()시작
2026-02-25 11:22:41.319 INFO  k.co.seoulit.common.aop.LoggerAspect - ServiceImpl  : kr.co.seoulit.reception.service.ReceptionServiceImpl.getReceptionList()종료
2026-02-25 11:22:41.357 INFO  k.co.seoulit.common.aop.LoggerAspect - Controller  : kr.co.seoulit.reception.controller.ReceptionController.getReceptions()종료
2026-02-25 11:24:54.830 INFO  k.co.seoulit.common.aop.LoggerAspect - Controller  : kr.co.seoulit.reception.controller.ReceptionController.getReceptions()시작
2026-02-25 11:24:54.831 INFO  k.c.s.r.c.ReceptionController - Reception list request: searchType=null, searchValue=null
2026-02-25 11:24:54.850 INFO  k.co.seoulit.common.aop.LoggerAspect - ServiceImpl  : kr.co.seoulit.reception.service.ReceptionServiceImpl.getReceptionList()시작
2026-02-25 11:24:54.876 INFO  k.co.seoulit.common.aop.LoggerAspect - ServiceImpl  : kr.co.seoulit.reception.service.ReceptionServiceImpl.getReceptionList()종료
2026-02-25 11:24:54.885 INFO  k.co.seoulit.common.aop.LoggerAspect - Controller  : kr.co.seoulit.reception.controller.ReceptionController.getReceptions()종료
2026-02-25 11:24:55.120 INFO  k.co.seoulit.common.aop.LoggerAspect - Controller  : kr.co.seoulit.reception.controller.ReceptionController.getReception()시작
2026-02-25 11:24:55.120 INFO  k.c.s.r.c.ReceptionController - Get reception request: id=17
2026-02-25 11:24:55.131 INFO  k.co.seoulit.common.aop.LoggerAspect - ServiceImpl  : kr.co.seoulit.reception.service.ReceptionServiceImpl.getReception()시작
2026-02-25 11:24:55.132 DEBUG org.hibernate.SQL - select re1_0.reception_id,re1_0.arrived_at,re1_0.cancel_reason_code,re1_0.cancel_reason_text,re1_0.created_at,re1_0.created_by,re1_0.department_id,re1_0.department_name,re1_0.doctor_id,re1_0.doctor_name,re1_0.hold_reason_code,re1_0.hold_reason_text,re1_0.inactive_at,re1_0.inactive_reason_code,re1_0.inactive_reason_text,re1_0.is_active,re1_0.note,re1_0.patient_id,re1_0.patient_name,re1_0.reception_no,re1_0.reservation_id,re1_0.scheduled_at,re1_0.status,re1_0.updated_at,re1_0.updated_by,re1_0.visit_type from reception re1_0 where re1_0.reception_id=?
2026-02-25 11:24:55.134 TRACE org.hibernate.orm.jdbc.bind - binding parameter (1:BIGINT) <- [17]
2026-02-25 11:24:55.144 INFO  k.co.seoulit.common.aop.LoggerAspect - kr.co.seoulit.reception.mapstruct.ReceptionResMapStructImpl.toDto()시작
2026-02-25 11:24:55.145 INFO  k.co.seoulit.common.aop.LoggerAspect - kr.co.seoulit.reception.mapstruct.ReceptionResMapStructImpl.toDto()종료
2026-02-25 11:24:55.145 INFO  k.co.seoulit.common.aop.LoggerAspect - ServiceImpl  : kr.co.seoulit.reception.service.ReceptionServiceImpl.getReception()종료
2026-02-25 11:24:55.154 INFO  k.co.seoulit.common.aop.LoggerAspect - Controller  : kr.co.seoulit.reception.controller.ReceptionController.getReception()종료
2026-02-25 11:35:29.886 INFO  k.co.seoulit.common.aop.LoggerAspect - Controller  : kr.co.seoulit.reception.controller.ReservationController.getReservations()시작
2026-02-25 11:35:29.886 INFO  k.c.s.r.c.ReservationController - 예약 목록 요청: searchType=null, searchValue=null
2026-02-25 11:35:29.902 INFO  k.co.seoulit.common.aop.LoggerAspect - ServiceImpl  : kr.co.seoulit.reception.service.ReservationServiceImpl.getReservationList()시작
2026-02-25 11:35:29.912 INFO  k.co.seoulit.common.aop.LoggerAspect - ServiceImpl  : kr.co.seoulit.reception.service.ReservationServiceImpl.getReservationList()종료
2026-02-25 11:35:29.920 INFO  k.co.seoulit.common.aop.LoggerAspect - Controller  : kr.co.seoulit.reception.controller.ReservationController.getReservations()종료
2026-02-25 11:35:29.927 INFO  k.co.seoulit.common.aop.LoggerAspect - Controller  : kr.co.seoulit.reception.controller.ReservationController.getReservations()시작
2026-02-25 11:35:29.928 INFO  k.c.s.r.c.ReservationController - 예약 목록 요청: searchType=null, searchValue=null
2026-02-25 11:35:29.932 INFO  k.co.seoulit.common.aop.LoggerAspect - ServiceImpl  : kr.co.seoulit.reception.service.ReservationServiceImpl.getReservationList()시작
2026-02-25 11:35:29.945 INFO  k.co.seoulit.common.aop.LoggerAspect - ServiceImpl  : kr.co.seoulit.reception.service.ReservationServiceImpl.getReservationList()종료
2026-02-25 11:35:29.958 INFO  k.co.seoulit.common.aop.LoggerAspect - Controller  : kr.co.seoulit.reception.controller.ReservationController.getReservations()종료
2026-02-25 11:36:17.965 INFO  k.co.seoulit.common.aop.LoggerAspect - Controller  : kr.co.seoulit.reception.controller.ReservationController.createReservation()시작
2026-02-25 11:36:17.965 INFO  k.c.s.r.c.ReservationController - 예약 등록 요청: reservationNo=20260225-301
2026-02-25 11:36:17.976 INFO  k.co.seoulit.common.aop.LoggerAspect - ServiceImpl  : kr.co.seoulit.reception.service.ReservationServiceImpl.createReservation()시작
2026-02-25 11:36:17.978 DEBUG org.hibernate.SQL - select * from (select re1_0.reservation_id c0,rownum rn from reservation re1_0 where re1_0.reservation_no=?) r_0_ where r_0_.rn<=? order by r_0_.rn
2026-02-25 11:36:17.978 TRACE org.hibernate.orm.jdbc.bind - binding parameter (1:VARCHAR) <- [20260225-301]
2026-02-25 11:36:17.978 TRACE org.hibernate.orm.jdbc.bind - binding parameter (2:INTEGER) <- [1]
2026-02-25 11:36:17.990 INFO  k.co.seoulit.common.aop.LoggerAspect - kr.co.seoulit.reception.mapstruct.ReservationReqMapStructImpl.toEntity()시작
2026-02-25 11:36:17.990 INFO  k.co.seoulit.common.aop.LoggerAspect - kr.co.seoulit.reception.mapstruct.ReservationReqMapStructImpl.toEntity()종료
2026-02-25 11:36:17.992 DEBUG org.hibernate.SQL - select seq_reservation.nextval from dual
2026-02-25 11:36:18.006 INFO  k.co.seoulit.common.aop.LoggerAspect - kr.co.seoulit.reception.mapstruct.ReservationResMapStructImpl.toDto()시작
2026-02-25 11:36:18.006 INFO  k.co.seoulit.common.aop.LoggerAspect - kr.co.seoulit.reception.mapstruct.ReservationResMapStructImpl.toDto()종료
2026-02-25 11:36:18.009 DEBUG org.hibernate.SQL - select seq_audit_log.nextval from dual
2026-02-25 11:36:18.020 INFO  k.co.seoulit.common.aop.LoggerAspect - ServiceImpl  : kr.co.seoulit.reception.service.ReservationServiceImpl.createReservation()종료
2026-02-25 11:36:18.021 DEBUG org.hibernate.SQL - insert into reservation (cancel_reason_code,cancel_reason_text,canceled_at,created_at,created_by,department_id,department_name,doctor_id,doctor_name,inactive_at,inactive_reason_code,inactive_reason_text,is_active,note,patient_id,patient_name,reservation_no,reserved_at,status,updated_at,updated_by,reservation_id) values (?,?,?,?,?,?,?,?,?,?,?,?,?,?,?,?,?,?,?,?,?,?)
2026-02-25 11:36:18.021 TRACE org.hibernate.orm.jdbc.bind - binding parameter (1:VARCHAR) <- [null]
2026-02-25 11:36:18.021 TRACE org.hibernate.orm.jdbc.bind - binding parameter (2:VARCHAR) <- [null]
2026-02-25 11:36:18.021 TRACE org.hibernate.orm.jdbc.bind - binding parameter (3:TIMESTAMP) <- [null]
2026-02-25 11:36:18.021 TRACE org.hibernate.orm.jdbc.bind - binding parameter (4:TIMESTAMP) <- [2026-02-25T11:36:18.020201]
2026-02-25 11:36:18.022 TRACE org.hibernate.orm.jdbc.bind - binding parameter (5:BIGINT) <- [null]
2026-02-25 11:36:18.022 TRACE org.hibernate.orm.jdbc.bind - binding parameter (6:BIGINT) <- [2]
2026-02-25 11:36:18.022 TRACE org.hibernate.orm.jdbc.bind - binding parameter (7:VARCHAR) <- [외과]
2026-02-25 11:36:18.022 TRACE org.hibernate.orm.jdbc.bind - binding parameter (8:BIGINT) <- [2]
2026-02-25 11:36:18.022 TRACE org.hibernate.orm.jdbc.bind - binding parameter (9:VARCHAR) <- [이현석]
2026-02-25 11:36:18.022 TRACE org.hibernate.orm.jdbc.bind - binding parameter (10:TIMESTAMP) <- [null]
2026-02-25 11:36:18.022 TRACE org.hibernate.orm.jdbc.bind - binding parameter (11:VARCHAR) <- [null]
2026-02-25 11:36:18.022 TRACE org.hibernate.orm.jdbc.bind - binding parameter (12:VARCHAR) <- [null]
2026-02-25 11:36:18.022 TRACE org.hibernate.orm.jdbc.bind - binding parameter (13:BOOLEAN) <- [true]
2026-02-25 11:36:18.022 TRACE org.hibernate.orm.jdbc.bind - binding parameter (14:VARCHAR) <- [null]
2026-02-25 11:36:18.022 TRACE org.hibernate.orm.jdbc.bind - binding parameter (15:BIGINT) <- [21]
2026-02-25 11:36:18.022 TRACE org.hibernate.orm.jdbc.bind - binding parameter (16:VARCHAR) <- [이선생]
2026-02-25 11:36:18.022 TRACE org.hibernate.orm.jdbc.bind - binding parameter (17:VARCHAR) <- [20260225-301]
2026-02-25 11:36:18.022 TRACE org.hibernate.orm.jdbc.bind - binding parameter (18:TIMESTAMP) <- [2026-02-26T11:36]
2026-02-25 11:36:18.023 TRACE org.hibernate.orm.jdbc.bind - binding parameter (19:VARCHAR) <- [RESERVED]
2026-02-25 11:36:18.023 TRACE org.hibernate.orm.jdbc.bind - binding parameter (20:TIMESTAMP) <- [2026-02-25T11:36:18.020201]
2026-02-25 11:36:18.023 TRACE org.hibernate.orm.jdbc.bind - binding parameter (21:BIGINT) <- [null]
2026-02-25 11:36:18.023 TRACE org.hibernate.orm.jdbc.bind - binding parameter (22:BIGINT) <- [6]
2026-02-25 11:36:18.040 DEBUG org.hibernate.SQL - insert into audit_log (action,actor_id,after_json,before_json,diff_json,entity_id,entity_type,occurred_at,reason_code,reason_text,audit_log_id) values (?,?,?,?,?,?,?,?,?,?,?)
2026-02-25 11:36:18.041 TRACE org.hibernate.orm.jdbc.bind - binding parameter (1:VARCHAR) <- [CREATE]
2026-02-25 11:36:18.041 TRACE org.hibernate.orm.jdbc.bind - binding parameter (2:BIGINT) <- [null]
2026-02-25 11:36:18.041 TRACE org.hibernate.orm.jdbc.bind - binding parameter (3:VARCHAR) <- [{"reservationId":6,"reservationNo":"20260225-301","patientId":21,"patientName":"이선생","departmentId":2,"departmentName":"외과","doctorId":2,"doctorName":"이현석","reservedAt":"2026-02-26T11:36:00","status":"RESERVED","note":null,"isActive":true,"inactiveAt":null,"inactiveReasonCode":null,"inactiveReasonText":null,"canceledAt":null,"cancelReasonCode":null,"cancelReasonText":null,"createdBy":null,"updatedBy":null,"createdAt":null,"updatedAt":null}]
2026-02-25 11:36:18.041 TRACE org.hibernate.orm.jdbc.bind - binding parameter (4:VARCHAR) <- [null]
2026-02-25 11:36:18.041 TRACE org.hibernate.orm.jdbc.bind - binding parameter (5:VARCHAR) <- [null]
2026-02-25 11:36:18.041 TRACE org.hibernate.orm.jdbc.bind - binding parameter (6:BIGINT) <- [6]
2026-02-25 11:36:18.041 TRACE org.hibernate.orm.jdbc.bind - binding parameter (7:VARCHAR) <- [RESERVATION]
2026-02-25 11:36:18.041 TRACE org.hibernate.orm.jdbc.bind - binding parameter (8:TIMESTAMP) <- [2026-02-25T11:36:18.040194]
2026-02-25 11:36:18.041 TRACE org.hibernate.orm.jdbc.bind - binding parameter (9:VARCHAR) <- [null]
2026-02-25 11:36:18.041 TRACE org.hibernate.orm.jdbc.bind - binding parameter (10:VARCHAR) <- [null]
2026-02-25 11:36:18.042 TRACE org.hibernate.orm.jdbc.bind - binding parameter (11:BIGINT) <- [84]
2026-02-25 11:36:18.059 INFO  k.co.seoulit.common.aop.LoggerAspect - Controller  : kr.co.seoulit.reception.controller.ReservationController.createReservation()종료
2026-02-25 11:36:18.099 INFO  k.co.seoulit.common.aop.LoggerAspect - Controller  : kr.co.seoulit.reception.controller.ReservationController.getReservations()시작
2026-02-25 11:36:18.100 INFO  k.c.s.r.c.ReservationController - 예약 목록 요청: searchType=null, searchValue=null
2026-02-25 11:36:18.100 INFO  k.co.seoulit.common.aop.LoggerAspect - ServiceImpl  : kr.co.seoulit.reception.service.ReservationServiceImpl.getReservationList()시작
2026-02-25 11:36:18.111 INFO  k.co.seoulit.common.aop.LoggerAspect - ServiceImpl  : kr.co.seoulit.reception.service.ReservationServiceImpl.getReservationList()종료
2026-02-25 11:36:18.119 INFO  k.co.seoulit.common.aop.LoggerAspect - Controller  : kr.co.seoulit.reception.controller.ReservationController.getReservations()종료
2026-02-25 11:36:18.490 INFO  k.co.seoulit.common.aop.LoggerAspect - Controller  : kr.co.seoulit.reception.controller.ReservationController.getReservations()시작
2026-02-25 11:36:18.490 INFO  k.c.s.r.c.ReservationController - 예약 목록 요청: searchType=null, searchValue=null
2026-02-25 11:36:18.491 INFO  k.co.seoulit.common.aop.LoggerAspect - ServiceImpl  : kr.co.seoulit.reception.service.ReservationServiceImpl.getReservationList()시작
2026-02-25 11:36:18.508 INFO  k.co.seoulit.common.aop.LoggerAspect - ServiceImpl  : kr.co.seoulit.reception.service.ReservationServiceImpl.getReservationList()종료
2026-02-25 11:36:18.539 INFO  k.co.seoulit.common.aop.LoggerAspect - Controller  : kr.co.seoulit.reception.controller.ReservationController.getReservations()종료
2026-02-25 11:36:18.588 INFO  k.co.seoulit.common.aop.LoggerAspect - Controller  : kr.co.seoulit.reception.controller.ReservationController.getReservations()시작
2026-02-25 11:36:18.589 INFO  k.c.s.r.c.ReservationController - 예약 목록 요청: searchType=null, searchValue=null
2026-02-25 11:36:18.589 INFO  k.co.seoulit.common.aop.LoggerAspect - ServiceImpl  : kr.co.seoulit.reception.service.ReservationServiceImpl.getReservationList()시작
2026-02-25 11:36:18.604 INFO  k.co.seoulit.common.aop.LoggerAspect - ServiceImpl  : kr.co.seoulit.reception.service.ReservationServiceImpl.getReservationList()종료
2026-02-25 11:36:18.621 INFO  k.co.seoulit.common.aop.LoggerAspect - Controller  : kr.co.seoulit.reception.controller.ReservationController.getReservations()종료
2026-02-25 11:36:22.611 INFO  k.co.seoulit.common.aop.LoggerAspect - Controller  : kr.co.seoulit.reception.controller.ReceptionController.getReceptions()시작
2026-02-25 11:36:22.612 INFO  k.c.s.r.c.ReceptionController - Reception list request: searchType=null, searchValue=null
2026-02-25 11:36:22.626 INFO  k.co.seoulit.common.aop.LoggerAspect - ServiceImpl  : kr.co.seoulit.reception.service.ReceptionServiceImpl.getReceptionList()시작
2026-02-25 11:36:22.649 INFO  k.co.seoulit.common.aop.LoggerAspect - ServiceImpl  : kr.co.seoulit.reception.service.ReceptionServiceImpl.getReceptionList()종료
2026-02-25 11:36:22.659 INFO  k.co.seoulit.common.aop.LoggerAspect - Controller  : kr.co.seoulit.reception.controller.ReceptionController.getReceptions()종료
2026-02-25 11:36:22.667 INFO  k.co.seoulit.common.aop.LoggerAspect - Controller  : kr.co.seoulit.reception.controller.ReceptionController.getReceptions()시작
2026-02-25 11:36:22.669 INFO  k.c.s.r.c.ReceptionController - Reception list request: searchType=null, searchValue=null
2026-02-25 11:36:22.669 INFO  k.co.seoulit.common.aop.LoggerAspect - ServiceImpl  : kr.co.seoulit.reception.service.ReceptionServiceImpl.getReceptionList()시작
2026-02-25 11:36:22.690 INFO  k.co.seoulit.common.aop.LoggerAspect - ServiceImpl  : kr.co.seoulit.reception.service.ReceptionServiceImpl.getReceptionList()종료
2026-02-25 11:36:22.699 INFO  k.co.seoulit.common.aop.LoggerAspect - Controller  : kr.co.seoulit.reception.controller.ReceptionController.getReceptions()종료
2026-02-25 11:36:24.053 INFO  k.co.seoulit.common.aop.LoggerAspect - Controller  : kr.co.seoulit.reception.controller.ReservationController.getReservations()시작
2026-02-25 11:36:24.054 INFO  k.c.s.r.c.ReservationController - 예약 목록 요청: searchType=null, searchValue=null
2026-02-25 11:36:24.066 INFO  k.co.seoulit.common.aop.LoggerAspect - ServiceImpl  : kr.co.seoulit.reception.service.ReservationServiceImpl.getReservationList()시작
2026-02-25 11:36:24.082 INFO  k.co.seoulit.common.aop.LoggerAspect - ServiceImpl  : kr.co.seoulit.reception.service.ReservationServiceImpl.getReservationList()종료
2026-02-25 11:36:24.090 INFO  k.co.seoulit.common.aop.LoggerAspect - Controller  : kr.co.seoulit.reception.controller.ReservationController.getReservations()종료
2026-02-25 11:36:24.098 INFO  k.co.seoulit.common.aop.LoggerAspect - Controller  : kr.co.seoulit.reception.controller.ReservationController.getReservations()시작
2026-02-25 11:36:24.099 INFO  k.c.s.r.c.ReservationController - 예약 목록 요청: searchType=null, searchValue=null
2026-02-25 11:36:24.102 INFO  k.co.seoulit.common.aop.LoggerAspect - ServiceImpl  : kr.co.seoulit.reception.service.ReservationServiceImpl.getReservationList()시작
2026-02-25 11:36:24.112 INFO  k.co.seoulit.common.aop.LoggerAspect - ServiceImpl  : kr.co.seoulit.reception.service.ReservationServiceImpl.getReservationList()종료
2026-02-25 11:36:24.127 INFO  k.co.seoulit.common.aop.LoggerAspect - Controller  : kr.co.seoulit.reception.controller.ReservationController.getReservations()종료
2026-02-25 11:37:13.408 INFO  k.co.seoulit.common.aop.LoggerAspect - Controller  : kr.co.seoulit.reception.controller.ReceptionController.getReceptions()시작
2026-02-25 11:37:13.409 INFO  k.c.s.r.c.ReceptionController - Reception list request: searchType=null, searchValue=null
2026-02-25 11:37:13.453 INFO  k.co.seoulit.common.aop.LoggerAspect - ServiceImpl  : kr.co.seoulit.reception.service.ReceptionServiceImpl.getReceptionList()시작
2026-02-25 11:37:13.499 INFO  k.co.seoulit.common.aop.LoggerAspect - ServiceImpl  : kr.co.seoulit.reception.service.ReceptionServiceImpl.getReceptionList()종료
2026-02-25 11:37:13.537 INFO  k.co.seoulit.common.aop.LoggerAspect - Controller  : kr.co.seoulit.reception.controller.ReceptionController.getReceptions()종료
2026-02-25 11:37:13.542 INFO  k.co.seoulit.common.aop.LoggerAspect - Controller  : kr.co.seoulit.reception.controller.ReceptionController.getReceptions()시작
2026-02-25 11:37:13.542 INFO  k.c.s.r.c.ReceptionController - Reception list request: searchType=null, searchValue=null
2026-02-25 11:37:13.543 INFO  k.co.seoulit.common.aop.LoggerAspect - ServiceImpl  : kr.co.seoulit.reception.service.ReceptionServiceImpl.getReceptionList()시작
2026-02-25 11:37:13.565 INFO  k.co.seoulit.common.aop.LoggerAspect - ServiceImpl  : kr.co.seoulit.reception.service.ReceptionServiceImpl.getReceptionList()종료
2026-02-25 11:37:13.583 INFO  k.co.seoulit.common.aop.LoggerAspect - Controller  : kr.co.seoulit.reception.controller.ReceptionController.getReceptions()종료
2026-02-25 11:41:31.511 INFO  k.co.seoulit.common.aop.LoggerAspect - Controller  : kr.co.seoulit.reception.controller.ReceptionController.getReceptions()시작
2026-02-25 11:41:31.516 INFO  k.co.seoulit.common.aop.LoggerAspect - Controller  : kr.co.seoulit.reception.controller.ReceptionController.getReception()시작
2026-02-25 11:41:31.522 INFO  k.c.s.r.c.ReceptionController - Get reception request: id=22
2026-02-25 11:41:31.522 INFO  k.c.s.r.c.ReceptionController - Reception list request: searchType=null, searchValue=null
2026-02-25 11:41:31.548 INFO  k.co.seoulit.common.aop.LoggerAspect - ServiceImpl  : kr.co.seoulit.reception.service.ReceptionServiceImpl.getReception()시작
2026-02-25 11:41:31.549 DEBUG org.hibernate.SQL - select re1_0.reception_id,re1_0.arrived_at,re1_0.cancel_reason_code,re1_0.cancel_reason_text,re1_0.created_at,re1_0.created_by,re1_0.department_id,re1_0.department_name,re1_0.doctor_id,re1_0.doctor_name,re1_0.hold_reason_code,re1_0.hold_reason_text,re1_0.inactive_at,re1_0.inactive_reason_code,re1_0.inactive_reason_text,re1_0.is_active,re1_0.note,re1_0.patient_id,re1_0.patient_name,re1_0.reception_no,re1_0.reservation_id,re1_0.scheduled_at,re1_0.status,re1_0.updated_at,re1_0.updated_by,re1_0.visit_type from reception re1_0 where re1_0.reception_id=?
2026-02-25 11:41:31.549 TRACE org.hibernate.orm.jdbc.bind - binding parameter (1:BIGINT) <- [22]
2026-02-25 11:41:31.562 INFO  k.co.seoulit.common.aop.LoggerAspect - ServiceImpl  : kr.co.seoulit.reception.service.ReceptionServiceImpl.getReceptionList()시작
2026-02-25 11:41:31.565 INFO  k.co.seoulit.common.aop.LoggerAspect - kr.co.seoulit.reception.mapstruct.ReceptionResMapStructImpl.toDto()시작
2026-02-25 11:41:31.566 INFO  k.co.seoulit.common.aop.LoggerAspect - kr.co.seoulit.reception.mapstruct.ReceptionResMapStructImpl.toDto()종료
2026-02-25 11:41:31.566 INFO  k.co.seoulit.common.aop.LoggerAspect - ServiceImpl  : kr.co.seoulit.reception.service.ReceptionServiceImpl.getReception()종료
2026-02-25 11:41:31.575 INFO  k.co.seoulit.common.aop.LoggerAspect - Controller  : kr.co.seoulit.reception.controller.ReceptionController.getReception()종료
2026-02-25 11:41:31.595 INFO  k.co.seoulit.common.aop.LoggerAspect - ServiceImpl  : kr.co.seoulit.reception.service.ReceptionServiceImpl.getReceptionList()종료
2026-02-25 11:41:31.606 INFO  k.co.seoulit.common.aop.LoggerAspect - Controller  : kr.co.seoulit.reception.controller.ReceptionController.getReceptions()종료
2026-02-25 11:45:28.504 INFO  k.co.seoulit.common.aop.LoggerAspect - Controller  : kr.co.seoulit.reception.controller.ReservationController.getReservations()시작
2026-02-25 11:45:28.504 INFO  k.c.s.r.c.ReservationController - 예약 목록 요청: searchType=null, searchValue=null
2026-02-25 11:45:28.514 INFO  k.co.seoulit.common.aop.LoggerAspect - ServiceImpl  : kr.co.seoulit.reception.service.ReservationServiceImpl.getReservationList()시작
2026-02-25 11:45:28.526 INFO  k.co.seoulit.common.aop.LoggerAspect - ServiceImpl  : kr.co.seoulit.reception.service.ReservationServiceImpl.getReservationList()종료
2026-02-25 11:45:28.544 INFO  k.co.seoulit.common.aop.LoggerAspect - Controller  : kr.co.seoulit.reception.controller.ReservationController.getReservations()종료
2026-02-25 11:45:28.549 INFO  k.co.seoulit.common.aop.LoggerAspect - Controller  : kr.co.seoulit.reception.controller.ReservationController.getReservations()시작
2026-02-25 11:45:28.550 INFO  k.c.s.r.c.ReservationController - 예약 목록 요청: searchType=null, searchValue=null
2026-02-25 11:45:28.551 INFO  k.co.seoulit.common.aop.LoggerAspect - ServiceImpl  : kr.co.seoulit.reception.service.ReservationServiceImpl.getReservationList()시작
2026-02-25 11:45:28.575 INFO  k.co.seoulit.common.aop.LoggerAspect - ServiceImpl  : kr.co.seoulit.reception.service.ReservationServiceImpl.getReservationList()종료
2026-02-25 11:45:28.587 INFO  k.co.seoulit.common.aop.LoggerAspect - Controller  : kr.co.seoulit.reception.controller.ReservationController.getReservations()종료
2026-02-25 11:45:31.660 INFO  k.co.seoulit.common.aop.LoggerAspect - Controller  : kr.co.seoulit.reception.controller.ReceptionController.getReceptions()시작
2026-02-25 11:45:31.660 INFO  k.c.s.r.c.ReceptionController - Reception list request: searchType=null, searchValue=null
2026-02-25 11:45:31.680 INFO  k.co.seoulit.common.aop.LoggerAspect - ServiceImpl  : kr.co.seoulit.reception.service.ReceptionServiceImpl.getReceptionList()시작
2026-02-25 11:45:31.724 INFO  k.co.seoulit.common.aop.LoggerAspect - ServiceImpl  : kr.co.seoulit.reception.service.ReceptionServiceImpl.getReceptionList()종료
2026-02-25 11:45:31.733 INFO  k.co.seoulit.common.aop.LoggerAspect - Controller  : kr.co.seoulit.reception.controller.ReceptionController.getReceptions()종료
2026-02-25 11:45:31.741 INFO  k.co.seoulit.common.aop.LoggerAspect - Controller  : kr.co.seoulit.reception.controller.ReceptionController.getReceptions()시작
2026-02-25 11:45:31.741 INFO  k.c.s.r.c.ReceptionController - Reception list request: searchType=null, searchValue=null
2026-02-25 11:45:31.741 INFO  k.co.seoulit.common.aop.LoggerAspect - ServiceImpl  : kr.co.seoulit.reception.service.ReceptionServiceImpl.getReceptionList()시작
2026-02-25 11:45:31.764 INFO  k.co.seoulit.common.aop.LoggerAspect - ServiceImpl  : kr.co.seoulit.reception.service.ReceptionServiceImpl.getReceptionList()종료
2026-02-25 11:45:31.773 INFO  k.co.seoulit.common.aop.LoggerAspect - Controller  : kr.co.seoulit.reception.controller.ReceptionController.getReceptions()종료
2026-02-25 11:45:33.853 INFO  k.co.seoulit.common.aop.LoggerAspect - Controller  : kr.co.seoulit.reception.controller.ReservationController.getReservations()시작
2026-02-25 11:45:33.853 INFO  k.c.s.r.c.ReservationController - 예약 목록 요청: searchType=null, searchValue=null
2026-02-25 11:45:33.864 INFO  k.co.seoulit.common.aop.LoggerAspect - ServiceImpl  : kr.co.seoulit.reception.service.ReservationServiceImpl.getReservationList()시작
2026-02-25 11:45:33.875 INFO  k.co.seoulit.common.aop.LoggerAspect - ServiceImpl  : kr.co.seoulit.reception.service.ReservationServiceImpl.getReservationList()종료
2026-02-25 11:45:33.884 INFO  k.co.seoulit.common.aop.LoggerAspect - Controller  : kr.co.seoulit.reception.controller.ReservationController.getReservations()종료
2026-02-25 11:45:33.890 INFO  k.co.seoulit.common.aop.LoggerAspect - Controller  : kr.co.seoulit.reception.controller.ReservationController.getReservations()시작
2026-02-25 11:45:33.890 INFO  k.c.s.r.c.ReservationController - 예약 목록 요청: searchType=null, searchValue=null
2026-02-25 11:45:33.891 INFO  k.co.seoulit.common.aop.LoggerAspect - ServiceImpl  : kr.co.seoulit.reception.service.ReservationServiceImpl.getReservationList()시작
2026-02-25 11:45:33.901 INFO  k.co.seoulit.common.aop.LoggerAspect - ServiceImpl  : kr.co.seoulit.reception.service.ReservationServiceImpl.getReservationList()종료
2026-02-25 11:45:33.910 INFO  k.co.seoulit.common.aop.LoggerAspect - Controller  : kr.co.seoulit.reception.controller.ReservationController.getReservations()종료
2026-02-25 11:51:08.348 INFO  k.co.seoulit.common.aop.LoggerAspect - Controller  : kr.co.seoulit.reception.controller.EmergencyReceptionController.getEmergencyReceptions()시작
2026-02-25 11:51:08.349 INFO  k.c.s.r.c.EmergencyReceptionController - 응급 접수 목록 요청: searchType=null, searchValue=null
2026-02-25 11:51:08.486 INFO  k.co.seoulit.common.aop.LoggerAspect - ServiceImpl  : kr.co.seoulit.reception.service.EmergencyReceptionServiceImpl.getEmergencyReceptionList()시작
2026-02-25 11:51:08.658 INFO  k.co.seoulit.common.aop.LoggerAspect - ServiceImpl  : kr.co.seoulit.reception.service.EmergencyReceptionServiceImpl.getEmergencyReceptionList()종료
2026-02-25 11:51:08.713 INFO  k.co.seoulit.common.aop.LoggerAspect - Controller  : kr.co.seoulit.reception.controller.EmergencyReceptionController.getEmergencyReceptions()종료
2026-02-25 11:51:08.724 INFO  k.co.seoulit.common.aop.LoggerAspect - Controller  : kr.co.seoulit.reception.controller.EmergencyReceptionController.getEmergencyReceptions()시작
2026-02-25 11:51:08.724 INFO  k.c.s.r.c.EmergencyReceptionController - 응급 접수 목록 요청: searchType=null, searchValue=null
2026-02-25 11:51:08.727 INFO  k.co.seoulit.common.aop.LoggerAspect - ServiceImpl  : kr.co.seoulit.reception.service.EmergencyReceptionServiceImpl.getEmergencyReceptionList()시작
2026-02-25 11:51:08.812 INFO  k.co.seoulit.common.aop.LoggerAspect - ServiceImpl  : kr.co.seoulit.reception.service.EmergencyReceptionServiceImpl.getEmergencyReceptionList()종료
2026-02-25 11:51:08.854 INFO  k.co.seoulit.common.aop.LoggerAspect - Controller  : kr.co.seoulit.reception.controller.EmergencyReceptionController.getEmergencyReceptions()종료
2026-02-25 11:51:10.280 INFO  k.co.seoulit.common.aop.LoggerAspect - Controller  : kr.co.seoulit.reception.controller.ReservationController.getReservations()시작
2026-02-25 11:51:10.286 INFO  k.c.s.r.c.ReservationController - 예약 목록 요청: searchType=null, searchValue=null
2026-02-25 11:51:10.343 INFO  k.co.seoulit.common.aop.LoggerAspect - ServiceImpl  : kr.co.seoulit.reception.service.ReservationServiceImpl.getReservationList()시작
2026-02-25 11:51:10.396 INFO  k.co.seoulit.common.aop.LoggerAspect - ServiceImpl  : kr.co.seoulit.reception.service.ReservationServiceImpl.getReservationList()종료
2026-02-25 11:51:10.459 INFO  k.co.seoulit.common.aop.LoggerAspect - Controller  : kr.co.seoulit.reception.controller.ReservationController.getReservations()종료
2026-02-25 11:51:10.467 INFO  k.co.seoulit.common.aop.LoggerAspect - Controller  : kr.co.seoulit.reception.controller.ReservationController.getReservations()시작
2026-02-25 11:51:10.468 INFO  k.c.s.r.c.ReservationController - 예약 목록 요청: searchType=null, searchValue=null
2026-02-25 11:51:10.468 INFO  k.co.seoulit.common.aop.LoggerAspect - ServiceImpl  : kr.co.seoulit.reception.service.ReservationServiceImpl.getReservationList()시작
2026-02-25 11:51:10.506 INFO  k.co.seoulit.common.aop.LoggerAspect - ServiceImpl  : kr.co.seoulit.reception.service.ReservationServiceImpl.getReservationList()종료
2026-02-25 11:51:10.549 INFO  k.co.seoulit.common.aop.LoggerAspect - Controller  : kr.co.seoulit.reception.controller.ReservationController.getReservations()종료
2026-02-25 11:52:24.535 INFO  k.co.seoulit.common.aop.LoggerAspect - Controller  : kr.co.seoulit.reception.controller.ReceptionController.getReceptions()시작
2026-02-25 11:52:24.535 INFO  k.c.s.r.c.ReceptionController - Reception list request: searchType=null, searchValue=null
2026-02-25 11:52:24.537 INFO  k.co.seoulit.common.aop.LoggerAspect - Controller  : kr.co.seoulit.reception.controller.ReservationController.getReservations()시작
2026-02-25 11:52:24.537 INFO  k.c.s.r.c.ReservationController - 예약 목록 요청: searchType=null, searchValue=null
2026-02-25 11:52:24.551 INFO  k.co.seoulit.common.aop.LoggerAspect - ServiceImpl  : kr.co.seoulit.reception.service.ReceptionServiceImpl.getReceptionList()시작
2026-02-25 11:52:24.551 INFO  k.co.seoulit.common.aop.LoggerAspect - ServiceImpl  : kr.co.seoulit.reception.service.ReservationServiceImpl.getReservationList()시작
2026-02-25 11:52:24.562 INFO  k.co.seoulit.common.aop.LoggerAspect - ServiceImpl  : kr.co.seoulit.reception.service.ReservationServiceImpl.getReservationList()종료
2026-02-25 11:52:24.570 INFO  k.co.seoulit.common.aop.LoggerAspect - Controller  : kr.co.seoulit.reception.controller.ReservationController.getReservations()종료
2026-02-25 11:52:24.577 INFO  k.co.seoulit.common.aop.LoggerAspect - Controller  : kr.co.seoulit.reception.controller.ReservationController.getReservations()시작
2026-02-25 11:52:24.577 INFO  k.c.s.r.c.ReservationController - 예약 목록 요청: searchType=null, searchValue=null
2026-02-25 11:52:24.578 INFO  k.co.seoulit.common.aop.LoggerAspect - ServiceImpl  : kr.co.seoulit.reception.service.ReservationServiceImpl.getReservationList()시작
2026-02-25 11:52:24.578 INFO  k.co.seoulit.common.aop.LoggerAspect - ServiceImpl  : kr.co.seoulit.reception.service.ReceptionServiceImpl.getReceptionList()종료
2026-02-25 11:52:24.588 INFO  k.co.seoulit.common.aop.LoggerAspect - Controller  : kr.co.seoulit.reception.controller.ReceptionController.getReceptions()종료
2026-02-25 11:52:24.589 INFO  k.co.seoulit.common.aop.LoggerAspect - ServiceImpl  : kr.co.seoulit.reception.service.ReservationServiceImpl.getReservationList()종료
2026-02-25 11:52:24.598 INFO  k.co.seoulit.common.aop.LoggerAspect - Controller  : kr.co.seoulit.reception.controller.ReservationController.getReservations()종료
2026-02-25 11:52:24.599 INFO  k.co.seoulit.common.aop.LoggerAspect - Controller  : kr.co.seoulit.reception.controller.ReceptionController.getReceptions()시작
2026-02-25 11:52:24.599 INFO  k.c.s.r.c.ReceptionController - Reception list request: searchType=null, searchValue=null
2026-02-25 11:52:24.601 INFO  k.co.seoulit.common.aop.LoggerAspect - ServiceImpl  : kr.co.seoulit.reception.service.ReceptionServiceImpl.getReceptionList()시작
2026-02-25 11:52:24.625 INFO  k.co.seoulit.common.aop.LoggerAspect - ServiceImpl  : kr.co.seoulit.reception.service.ReceptionServiceImpl.getReceptionList()종료
2026-02-25 11:52:24.632 INFO  k.co.seoulit.common.aop.LoggerAspect - Controller  : kr.co.seoulit.reception.controller.ReceptionController.getReceptions()종료
2026-02-25 11:52:24.657 INFO  k.co.seoulit.common.aop.LoggerAspect - Controller  : kr.co.seoulit.reception.controller.ReceptionController.getReceptions()시작
2026-02-25 11:52:24.659 INFO  k.c.s.r.c.ReceptionController - Reception list request: searchType=null, searchValue=null
2026-02-25 11:52:24.661 INFO  k.co.seoulit.common.aop.LoggerAspect - ServiceImpl  : kr.co.seoulit.reception.service.ReceptionServiceImpl.getReceptionList()시작
2026-02-25 11:52:24.692 INFO  k.co.seoulit.common.aop.LoggerAspect - ServiceImpl  : kr.co.seoulit.reception.service.ReceptionServiceImpl.getReceptionList()종료
2026-02-25 11:52:24.702 INFO  k.co.seoulit.common.aop.LoggerAspect - Controller  : kr.co.seoulit.reception.controller.ReceptionController.getReceptions()종료
2026-02-25 11:52:24.822 INFO  k.co.seoulit.common.aop.LoggerAspect - Controller  : kr.co.seoulit.reception.controller.ReceptionController.getReceptions()시작
2026-02-25 11:52:24.822 INFO  k.c.s.r.c.ReceptionController - Reception list request: searchType=null, searchValue=null
2026-02-25 11:52:24.822 INFO  k.co.seoulit.common.aop.LoggerAspect - ServiceImpl  : kr.co.seoulit.reception.service.ReceptionServiceImpl.getReceptionList()시작
2026-02-25 11:52:24.851 INFO  k.co.seoulit.common.aop.LoggerAspect - ServiceImpl  : kr.co.seoulit.reception.service.ReceptionServiceImpl.getReceptionList()종료
2026-02-25 11:52:24.860 INFO  k.co.seoulit.common.aop.LoggerAspect - Controller  : kr.co.seoulit.reception.controller.ReceptionController.getReceptions()종료
2026-02-25 11:52:26.227 INFO  k.co.seoulit.common.aop.LoggerAspect - Controller  : kr.co.seoulit.reception.controller.ReservationController.getReservations()시작
2026-02-25 11:52:26.228 INFO  k.c.s.r.c.ReservationController - 예약 목록 요청: searchType=null, searchValue=null
2026-02-25 11:52:26.240 INFO  k.co.seoulit.common.aop.LoggerAspect - ServiceImpl  : kr.co.seoulit.reception.service.ReservationServiceImpl.getReservationList()시작
2026-02-25 11:52:26.253 INFO  k.co.seoulit.common.aop.LoggerAspect - ServiceImpl  : kr.co.seoulit.reception.service.ReservationServiceImpl.getReservationList()종료
2026-02-25 11:52:26.263 INFO  k.co.seoulit.common.aop.LoggerAspect - Controller  : kr.co.seoulit.reception.controller.ReservationController.getReservations()종료
2026-02-25 11:52:26.271 INFO  k.co.seoulit.common.aop.LoggerAspect - Controller  : kr.co.seoulit.reception.controller.ReservationController.getReservations()시작
2026-02-25 11:52:26.271 INFO  k.c.s.r.c.ReservationController - 예약 목록 요청: searchType=null, searchValue=null
2026-02-25 11:52:26.271 INFO  k.co.seoulit.common.aop.LoggerAspect - ServiceImpl  : kr.co.seoulit.reception.service.ReservationServiceImpl.getReservationList()시작
2026-02-25 11:52:26.290 INFO  k.co.seoulit.common.aop.LoggerAspect - ServiceImpl  : kr.co.seoulit.reception.service.ReservationServiceImpl.getReservationList()종료
2026-02-25 11:52:26.301 INFO  k.co.seoulit.common.aop.LoggerAspect - Controller  : kr.co.seoulit.reception.controller.ReservationController.getReservations()종료
2026-02-25 11:52:30.223 INFO  k.co.seoulit.common.aop.LoggerAspect - Controller  : kr.co.seoulit.reception.controller.EmergencyReceptionController.getEmergencyReceptions()시작
2026-02-25 11:52:30.223 INFO  k.c.s.r.c.EmergencyReceptionController - 응급 접수 목록 요청: searchType=null, searchValue=null
2026-02-25 11:52:30.230 INFO  k.co.seoulit.common.aop.LoggerAspect - ServiceImpl  : kr.co.seoulit.reception.service.EmergencyReceptionServiceImpl.getEmergencyReceptionList()시작
2026-02-25 11:52:30.258 INFO  k.co.seoulit.common.aop.LoggerAspect - ServiceImpl  : kr.co.seoulit.reception.service.EmergencyReceptionServiceImpl.getEmergencyReceptionList()종료
2026-02-25 11:52:30.268 INFO  k.co.seoulit.common.aop.LoggerAspect - Controller  : kr.co.seoulit.reception.controller.EmergencyReceptionController.getEmergencyReceptions()종료
2026-02-25 11:52:30.274 INFO  k.co.seoulit.common.aop.LoggerAspect - Controller  : kr.co.seoulit.reception.controller.EmergencyReceptionController.getEmergencyReceptions()시작
2026-02-25 11:52:30.274 INFO  k.c.s.r.c.EmergencyReceptionController - 응급 접수 목록 요청: searchType=null, searchValue=null
2026-02-25 11:52:30.276 INFO  k.co.seoulit.common.aop.LoggerAspect - ServiceImpl  : kr.co.seoulit.reception.service.EmergencyReceptionServiceImpl.getEmergencyReceptionList()시작
2026-02-25 11:52:30.326 INFO  k.co.seoulit.common.aop.LoggerAspect - ServiceImpl  : kr.co.seoulit.reception.service.EmergencyReceptionServiceImpl.getEmergencyReceptionList()종료
2026-02-25 11:52:30.336 INFO  k.co.seoulit.common.aop.LoggerAspect - Controller  : kr.co.seoulit.reception.controller.EmergencyReceptionController.getEmergencyReceptions()종료
2026-02-25 11:52:31.860 INFO  k.co.seoulit.common.aop.LoggerAspect - Controller  : kr.co.seoulit.reception.controller.ReservationController.getReservations()시작
2026-02-25 11:52:31.860 INFO  k.c.s.r.c.ReservationController - 예약 목록 요청: searchType=null, searchValue=null
2026-02-25 11:52:31.871 INFO  k.co.seoulit.common.aop.LoggerAspect - ServiceImpl  : kr.co.seoulit.reception.service.ReservationServiceImpl.getReservationList()시작
2026-02-25 11:52:31.886 INFO  k.co.seoulit.common.aop.LoggerAspect - ServiceImpl  : kr.co.seoulit.reception.service.ReservationServiceImpl.getReservationList()종료
2026-02-25 11:52:31.897 INFO  k.co.seoulit.common.aop.LoggerAspect - Controller  : kr.co.seoulit.reception.controller.ReservationController.getReservations()종료
2026-02-25 11:52:31.905 INFO  k.co.seoulit.common.aop.LoggerAspect - Controller  : kr.co.seoulit.reception.controller.ReservationController.getReservations()시작
2026-02-25 11:52:31.905 INFO  k.c.s.r.c.ReservationController - 예약 목록 요청: searchType=null, searchValue=null
2026-02-25 11:52:31.916 INFO  k.co.seoulit.common.aop.LoggerAspect - ServiceImpl  : kr.co.seoulit.reception.service.ReservationServiceImpl.getReservationList()시작
2026-02-25 11:52:31.926 INFO  k.co.seoulit.common.aop.LoggerAspect - ServiceImpl  : kr.co.seoulit.reception.service.ReservationServiceImpl.getReservationList()종료
2026-02-25 11:52:31.936 INFO  k.co.seoulit.common.aop.LoggerAspect - Controller  : kr.co.seoulit.reception.controller.ReservationController.getReservations()종료
2026-02-25 11:52:34.167 INFO  k.co.seoulit.common.aop.LoggerAspect - Controller  : kr.co.seoulit.reception.controller.EmergencyReceptionController.getEmergencyReceptions()시작
2026-02-25 11:52:34.168 INFO  k.c.s.r.c.EmergencyReceptionController - 응급 접수 목록 요청: searchType=null, searchValue=null
2026-02-25 11:52:34.207 INFO  k.co.seoulit.common.aop.LoggerAspect - ServiceImpl  : kr.co.seoulit.reception.service.EmergencyReceptionServiceImpl.getEmergencyReceptionList()시작
2026-02-25 11:52:34.259 INFO  k.co.seoulit.common.aop.LoggerAspect - ServiceImpl  : kr.co.seoulit.reception.service.EmergencyReceptionServiceImpl.getEmergencyReceptionList()종료
2026-02-25 11:52:34.266 INFO  k.co.seoulit.common.aop.LoggerAspect - Controller  : kr.co.seoulit.reception.controller.EmergencyReceptionController.getEmergencyReceptions()종료
2026-02-25 11:52:34.270 INFO  k.co.seoulit.common.aop.LoggerAspect - Controller  : kr.co.seoulit.reception.controller.EmergencyReceptionController.getEmergencyReceptions()시작
2026-02-25 11:52:34.270 INFO  k.c.s.r.c.EmergencyReceptionController - 응급 접수 목록 요청: searchType=null, searchValue=null
2026-02-25 11:52:34.279 INFO  k.co.seoulit.common.aop.LoggerAspect - ServiceImpl  : kr.co.seoulit.reception.service.EmergencyReceptionServiceImpl.getEmergencyReceptionList()시작
2026-02-25 11:52:34.308 INFO  k.co.seoulit.common.aop.LoggerAspect - ServiceImpl  : kr.co.seoulit.reception.service.EmergencyReceptionServiceImpl.getEmergencyReceptionList()종료
2026-02-25 11:52:34.316 INFO  k.co.seoulit.common.aop.LoggerAspect - Controller  : kr.co.seoulit.reception.controller.EmergencyReceptionController.getEmergencyReceptions()종료
2026-02-25 11:52:35.727 INFO  k.co.seoulit.common.aop.LoggerAspect - Controller  : kr.co.seoulit.reception.controller.InpatientReceptionController.getInpatientReceptions()시작
2026-02-25 11:52:35.728 INFO  k.c.s.r.c.InpatientReceptionController - 입원 접수 목록 요청: searchType=null, searchValue=null
2026-02-25 11:52:35.742 INFO  k.co.seoulit.common.aop.LoggerAspect - ServiceImpl  : kr.co.seoulit.reception.service.InpatientReceptionServiceImpl.getInpatientReceptionList()시작
2026-02-25 11:52:35.776 INFO  k.co.seoulit.common.aop.LoggerAspect - ServiceImpl  : kr.co.seoulit.reception.service.InpatientReceptionServiceImpl.getInpatientReceptionList()종료
2026-02-25 11:52:35.792 INFO  k.co.seoulit.common.aop.LoggerAspect - Controller  : kr.co.seoulit.reception.controller.InpatientReceptionController.getInpatientReceptions()종료
2026-02-25 11:52:35.799 INFO  k.co.seoulit.common.aop.LoggerAspect - Controller  : kr.co.seoulit.reception.controller.InpatientReceptionController.getInpatientReceptions()시작
2026-02-25 11:52:35.799 INFO  k.c.s.r.c.InpatientReceptionController - 입원 접수 목록 요청: searchType=null, searchValue=null
2026-02-25 11:52:35.817 INFO  k.co.seoulit.common.aop.LoggerAspect - ServiceImpl  : kr.co.seoulit.reception.service.InpatientReceptionServiceImpl.getInpatientReceptionList()시작
2026-02-25 11:52:35.837 INFO  k.co.seoulit.common.aop.LoggerAspect - ServiceImpl  : kr.co.seoulit.reception.service.InpatientReceptionServiceImpl.getInpatientReceptionList()종료
2026-02-25 11:52:35.848 INFO  k.co.seoulit.common.aop.LoggerAspect - Controller  : kr.co.seoulit.reception.controller.InpatientReceptionController.getInpatientReceptions()종료
2026-02-25 11:52:51.927 INFO  k.co.seoulit.common.aop.LoggerAspect - Controller  : kr.co.seoulit.reception.controller.ReservationController.getReservations()시작
2026-02-25 11:52:51.927 INFO  k.c.s.r.c.ReservationController - 예약 목록 요청: searchType=null, searchValue=null
2026-02-25 11:52:51.936 INFO  k.co.seoulit.common.aop.LoggerAspect - ServiceImpl  : kr.co.seoulit.reception.service.ReservationServiceImpl.getReservationList()시작
2026-02-25 11:52:51.949 INFO  k.co.seoulit.common.aop.LoggerAspect - ServiceImpl  : kr.co.seoulit.reception.service.ReservationServiceImpl.getReservationList()종료
2026-02-25 11:52:51.958 INFO  k.co.seoulit.common.aop.LoggerAspect - Controller  : kr.co.seoulit.reception.controller.ReservationController.getReservations()종료
2026-02-25 11:52:51.964 INFO  k.co.seoulit.common.aop.LoggerAspect - Controller  : kr.co.seoulit.reception.controller.ReservationController.getReservations()시작
2026-02-25 11:52:51.965 INFO  k.c.s.r.c.ReservationController - 예약 목록 요청: searchType=null, searchValue=null
2026-02-25 11:52:51.965 INFO  k.co.seoulit.common.aop.LoggerAspect - ServiceImpl  : kr.co.seoulit.reception.service.ReservationServiceImpl.getReservationList()시작
2026-02-25 11:52:51.985 INFO  k.co.seoulit.common.aop.LoggerAspect - ServiceImpl  : kr.co.seoulit.reception.service.ReservationServiceImpl.getReservationList()종료
2026-02-25 11:52:51.993 INFO  k.co.seoulit.common.aop.LoggerAspect - Controller  : kr.co.seoulit.reception.controller.ReservationController.getReservations()종료
2026-02-25 11:53:08.336 INFO  k.co.seoulit.common.aop.LoggerAspect - Controller  : kr.co.seoulit.reception.controller.ReservationController.createReservation()시작
2026-02-25 11:53:08.336 INFO  k.c.s.r.c.ReservationController - 예약 등록 요청: reservationNo=20260225-302
2026-02-25 11:53:08.347 INFO  k.co.seoulit.common.aop.LoggerAspect - ServiceImpl  : kr.co.seoulit.reception.service.ReservationServiceImpl.createReservation()시작
2026-02-25 11:53:08.349 DEBUG org.hibernate.SQL - select * from (select re1_0.reservation_id c0,rownum rn from reservation re1_0 where re1_0.reservation_no=?) r_0_ where r_0_.rn<=? order by r_0_.rn
2026-02-25 11:53:08.349 TRACE org.hibernate.orm.jdbc.bind - binding parameter (1:VARCHAR) <- [20260225-302]
2026-02-25 11:53:08.349 TRACE org.hibernate.orm.jdbc.bind - binding parameter (2:INTEGER) <- [1]
2026-02-25 11:53:08.360 INFO  k.co.seoulit.common.aop.LoggerAspect - kr.co.seoulit.reception.mapstruct.ReservationReqMapStructImpl.toEntity()시작
2026-02-25 11:53:08.360 INFO  k.co.seoulit.common.aop.LoggerAspect - kr.co.seoulit.reception.mapstruct.ReservationReqMapStructImpl.toEntity()종료
2026-02-25 11:53:08.360 DEBUG org.hibernate.SQL - select seq_reservation.nextval from dual
2026-02-25 11:53:08.374 INFO  k.co.seoulit.common.aop.LoggerAspect - kr.co.seoulit.reception.mapstruct.ReservationResMapStructImpl.toDto()시작
2026-02-25 11:53:08.375 INFO  k.co.seoulit.common.aop.LoggerAspect - kr.co.seoulit.reception.mapstruct.ReservationResMapStructImpl.toDto()종료
2026-02-25 11:53:08.375 DEBUG org.hibernate.SQL - select seq_audit_log.nextval from dual
2026-02-25 11:53:08.385 INFO  k.co.seoulit.common.aop.LoggerAspect - ServiceImpl  : kr.co.seoulit.reception.service.ReservationServiceImpl.createReservation()종료
2026-02-25 11:53:08.386 DEBUG org.hibernate.SQL - insert into reservation (cancel_reason_code,cancel_reason_text,canceled_at,created_at,created_by,department_id,department_name,doctor_id,doctor_name,inactive_at,inactive_reason_code,inactive_reason_text,is_active,note,patient_id,patient_name,reservation_no,reserved_at,status,updated_at,updated_by,reservation_id) values (?,?,?,?,?,?,?,?,?,?,?,?,?,?,?,?,?,?,?,?,?,?)
2026-02-25 11:53:08.387 TRACE org.hibernate.orm.jdbc.bind - binding parameter (1:VARCHAR) <- [null]
2026-02-25 11:53:08.387 TRACE org.hibernate.orm.jdbc.bind - binding parameter (2:VARCHAR) <- [null]
2026-02-25 11:53:08.387 TRACE org.hibernate.orm.jdbc.bind - binding parameter (3:TIMESTAMP) <- [null]
2026-02-25 11:53:08.387 TRACE org.hibernate.orm.jdbc.bind - binding parameter (4:TIMESTAMP) <- [2026-02-25T11:53:08.385696]
2026-02-25 11:53:08.387 TRACE org.hibernate.orm.jdbc.bind - binding parameter (5:BIGINT) <- [null]
2026-02-25 11:53:08.388 TRACE org.hibernate.orm.jdbc.bind - binding parameter (6:BIGINT) <- [3]
2026-02-25 11:53:08.388 TRACE org.hibernate.orm.jdbc.bind - binding parameter (7:VARCHAR) <- [정형외과]
2026-02-25 11:53:08.389 TRACE org.hibernate.orm.jdbc.bind - binding parameter (8:BIGINT) <- [3]
2026-02-25 11:53:08.389 TRACE org.hibernate.orm.jdbc.bind - binding parameter (9:VARCHAR) <- [성숙희]
2026-02-25 11:53:08.389 TRACE org.hibernate.orm.jdbc.bind - binding parameter (10:TIMESTAMP) <- [null]
2026-02-25 11:53:08.389 TRACE org.hibernate.orm.jdbc.bind - binding parameter (11:VARCHAR) <- [null]
2026-02-25 11:53:08.389 TRACE org.hibernate.orm.jdbc.bind - binding parameter (12:VARCHAR) <- [null]
2026-02-25 11:53:08.389 TRACE org.hibernate.orm.jdbc.bind - binding parameter (13:BOOLEAN) <- [true]
2026-02-25 11:53:08.389 TRACE org.hibernate.orm.jdbc.bind - binding parameter (14:VARCHAR) <- [null]
2026-02-25 11:53:08.389 TRACE org.hibernate.orm.jdbc.bind - binding parameter (15:BIGINT) <- [22]
2026-02-25 11:53:08.389 TRACE org.hibernate.orm.jdbc.bind - binding parameter (16:VARCHAR) <- [이이육]
2026-02-25 11:53:08.389 TRACE org.hibernate.orm.jdbc.bind - binding parameter (17:VARCHAR) <- [20260225-302]
2026-02-25 11:53:08.389 TRACE org.hibernate.orm.jdbc.bind - binding parameter (18:TIMESTAMP) <- [2026-02-26T11:52]
2026-02-25 11:53:08.389 TRACE org.hibernate.orm.jdbc.bind - binding parameter (19:VARCHAR) <- [RESERVED]
2026-02-25 11:53:08.389 TRACE org.hibernate.orm.jdbc.bind - binding parameter (20:TIMESTAMP) <- [2026-02-25T11:53:08.385696]
2026-02-25 11:53:08.390 TRACE org.hibernate.orm.jdbc.bind - binding parameter (21:BIGINT) <- [null]
2026-02-25 11:53:08.390 TRACE org.hibernate.orm.jdbc.bind - binding parameter (22:BIGINT) <- [7]
2026-02-25 11:53:08.399 DEBUG org.hibernate.SQL - insert into audit_log (action,actor_id,after_json,before_json,diff_json,entity_id,entity_type,occurred_at,reason_code,reason_text,audit_log_id) values (?,?,?,?,?,?,?,?,?,?,?)
2026-02-25 11:53:08.399 TRACE org.hibernate.orm.jdbc.bind - binding parameter (1:VARCHAR) <- [CREATE]
2026-02-25 11:53:08.400 TRACE org.hibernate.orm.jdbc.bind - binding parameter (2:BIGINT) <- [null]
2026-02-25 11:53:08.400 TRACE org.hibernate.orm.jdbc.bind - binding parameter (3:VARCHAR) <- [{"reservationId":7,"reservationNo":"20260225-302","patientId":22,"patientName":"이이육","departmentId":3,"departmentName":"정형외과","doctorId":3,"doctorName":"성숙희","reservedAt":"2026-02-26T11:52:00","status":"RESERVED","note":null,"isActive":true,"inactiveAt":null,"inactiveReasonCode":null,"inactiveReasonText":null,"canceledAt":null,"cancelReasonCode":null,"cancelReasonText":null,"createdBy":null,"updatedBy":null,"createdAt":null,"updatedAt":null}]
2026-02-25 11:53:08.400 TRACE org.hibernate.orm.jdbc.bind - binding parameter (4:VARCHAR) <- [null]
2026-02-25 11:53:08.400 TRACE org.hibernate.orm.jdbc.bind - binding parameter (5:VARCHAR) <- [null]
2026-02-25 11:53:08.400 TRACE org.hibernate.orm.jdbc.bind - binding parameter (6:BIGINT) <- [7]
2026-02-25 11:53:08.400 TRACE org.hibernate.orm.jdbc.bind - binding parameter (7:VARCHAR) <- [RESERVATION]
2026-02-25 11:53:08.400 TRACE org.hibernate.orm.jdbc.bind - binding parameter (8:TIMESTAMP) <- [2026-02-25T11:53:08.399743]
2026-02-25 11:53:08.400 TRACE org.hibernate.orm.jdbc.bind - binding parameter (9:VARCHAR) <- [null]
2026-02-25 11:53:08.400 TRACE org.hibernate.orm.jdbc.bind - binding parameter (10:VARCHAR) <- [null]
2026-02-25 11:53:08.400 TRACE org.hibernate.orm.jdbc.bind - binding parameter (11:BIGINT) <- [85]
2026-02-25 11:53:08.429 INFO  k.co.seoulit.common.aop.LoggerAspect - Controller  : kr.co.seoulit.reception.controller.ReservationController.createReservation()종료
2026-02-25 11:53:08.492 INFO  k.co.seoulit.common.aop.LoggerAspect - Controller  : kr.co.seoulit.reception.controller.ReservationController.getReservations()시작
2026-02-25 11:53:08.492 INFO  k.c.s.r.c.ReservationController - 예약 목록 요청: searchType=null, searchValue=null
2026-02-25 11:53:08.504 INFO  k.co.seoulit.common.aop.LoggerAspect - ServiceImpl  : kr.co.seoulit.reception.service.ReservationServiceImpl.getReservationList()시작
2026-02-25 11:53:08.514 INFO  k.co.seoulit.common.aop.LoggerAspect - ServiceImpl  : kr.co.seoulit.reception.service.ReservationServiceImpl.getReservationList()종료
2026-02-25 11:53:08.522 INFO  k.co.seoulit.common.aop.LoggerAspect - Controller  : kr.co.seoulit.reception.controller.ReservationController.getReservations()종료
2026-02-25 11:53:08.806 INFO  k.co.seoulit.common.aop.LoggerAspect - Controller  : kr.co.seoulit.reception.controller.ReservationController.getReservations()시작
2026-02-25 11:53:08.806 INFO  k.c.s.r.c.ReservationController - 예약 목록 요청: searchType=null, searchValue=null
2026-02-25 11:53:08.806 INFO  k.co.seoulit.common.aop.LoggerAspect - ServiceImpl  : kr.co.seoulit.reception.service.ReservationServiceImpl.getReservationList()시작
2026-02-25 11:53:08.816 INFO  k.co.seoulit.common.aop.LoggerAspect - ServiceImpl  : kr.co.seoulit.reception.service.ReservationServiceImpl.getReservationList()종료
2026-02-25 11:53:08.834 INFO  k.co.seoulit.common.aop.LoggerAspect - Controller  : kr.co.seoulit.reception.controller.ReservationController.getReservations()종료
2026-02-25 11:53:08.840 INFO  k.co.seoulit.common.aop.LoggerAspect - Controller  : kr.co.seoulit.reception.controller.ReservationController.getReservations()시작
2026-02-25 11:53:08.840 INFO  k.c.s.r.c.ReservationController - 예약 목록 요청: searchType=null, searchValue=null
2026-02-25 11:53:08.840 INFO  k.co.seoulit.common.aop.LoggerAspect - ServiceImpl  : kr.co.seoulit.reception.service.ReservationServiceImpl.getReservationList()시작
2026-02-25 11:53:08.854 INFO  k.co.seoulit.common.aop.LoggerAspect - ServiceImpl  : kr.co.seoulit.reception.service.ReservationServiceImpl.getReservationList()종료
2026-02-25 11:53:08.864 INFO  k.co.seoulit.common.aop.LoggerAspect - Controller  : kr.co.seoulit.reception.controller.ReservationController.getReservations()종료
2026-02-25 11:54:04.180 INFO  k.co.seoulit.common.aop.LoggerAspect - Controller  : kr.co.seoulit.reception.controller.ReceptionController.getReceptions()시작
2026-02-25 11:54:04.181 INFO  k.c.s.r.c.ReceptionController - Reception list request: searchType=null, searchValue=null
2026-02-25 11:54:04.190 INFO  k.co.seoulit.common.aop.LoggerAspect - ServiceImpl  : kr.co.seoulit.reception.service.ReceptionServiceImpl.getReceptionList()시작
2026-02-25 11:54:04.213 INFO  k.co.seoulit.common.aop.LoggerAspect - ServiceImpl  : kr.co.seoulit.reception.service.ReceptionServiceImpl.getReceptionList()종료
2026-02-25 11:54:04.223 INFO  k.co.seoulit.common.aop.LoggerAspect - Controller  : kr.co.seoulit.reception.controller.ReceptionController.getReceptions()종료
2026-02-25 11:54:04.229 INFO  k.co.seoulit.common.aop.LoggerAspect - Controller  : kr.co.seoulit.reception.controller.ReceptionController.getReceptions()시작
2026-02-25 11:54:04.229 INFO  k.c.s.r.c.ReceptionController - Reception list request: searchType=null, searchValue=null
2026-02-25 11:54:04.242 INFO  k.co.seoulit.common.aop.LoggerAspect - ServiceImpl  : kr.co.seoulit.reception.service.ReceptionServiceImpl.getReceptionList()시작
2026-02-25 11:54:04.279 INFO  k.co.seoulit.common.aop.LoggerAspect - ServiceImpl  : kr.co.seoulit.reception.service.ReceptionServiceImpl.getReceptionList()종료
2026-02-25 11:54:04.289 INFO  k.co.seoulit.common.aop.LoggerAspect - Controller  : kr.co.seoulit.reception.controller.ReceptionController.getReceptions()종료
2026-02-25 11:54:33.306 INFO  k.co.seoulit.common.aop.LoggerAspect - Controller  : kr.co.seoulit.reception.controller.ReservationController.getReservations()시작
2026-02-25 11:54:33.306 INFO  k.c.s.r.c.ReservationController - 예약 목록 요청: searchType=null, searchValue=null
2026-02-25 11:54:33.341 INFO  k.co.seoulit.common.aop.LoggerAspect - ServiceImpl  : kr.co.seoulit.reception.service.ReservationServiceImpl.getReservationList()시작
2026-02-25 11:54:33.353 INFO  k.co.seoulit.common.aop.LoggerAspect - ServiceImpl  : kr.co.seoulit.reception.service.ReservationServiceImpl.getReservationList()종료
2026-02-25 11:54:33.360 INFO  k.co.seoulit.common.aop.LoggerAspect - Controller  : kr.co.seoulit.reception.controller.ReservationController.getReservations()종료
2026-02-25 11:54:33.385 INFO  k.co.seoulit.common.aop.LoggerAspect - Controller  : kr.co.seoulit.reception.controller.ReservationController.getReservations()시작
2026-02-25 11:54:33.396 INFO  k.c.s.r.c.ReservationController - 예약 목록 요청: searchType=null, searchValue=null
2026-02-25 11:54:33.397 INFO  k.co.seoulit.common.aop.LoggerAspect - ServiceImpl  : kr.co.seoulit.reception.service.ReservationServiceImpl.getReservationList()시작
2026-02-25 11:54:33.411 INFO  k.co.seoulit.common.aop.LoggerAspect - ServiceImpl  : kr.co.seoulit.reception.service.ReservationServiceImpl.getReservationList()종료
2026-02-25 11:54:33.429 INFO  k.co.seoulit.common.aop.LoggerAspect - Controller  : kr.co.seoulit.reception.controller.ReservationController.getReservations()종료
2026-02-25 11:54:46.831 INFO  k.co.seoulit.common.aop.LoggerAspect - Controller  : kr.co.seoulit.reception.controller.ReservationController.createReservation()시작
2026-02-25 11:54:46.832 INFO  k.c.s.r.c.ReservationController - 예약 등록 요청: reservationNo=20260225-303
2026-02-25 11:54:46.844 INFO  k.co.seoulit.common.aop.LoggerAspect - ServiceImpl  : kr.co.seoulit.reception.service.ReservationServiceImpl.createReservation()시작
2026-02-25 11:54:46.845 DEBUG org.hibernate.SQL - select * from (select re1_0.reservation_id c0,rownum rn from reservation re1_0 where re1_0.reservation_no=?) r_0_ where r_0_.rn<=? order by r_0_.rn
2026-02-25 11:54:46.846 TRACE org.hibernate.orm.jdbc.bind - binding parameter (1:VARCHAR) <- [20260225-303]
2026-02-25 11:54:46.846 TRACE org.hibernate.orm.jdbc.bind - binding parameter (2:INTEGER) <- [1]
2026-02-25 11:54:46.856 INFO  k.co.seoulit.common.aop.LoggerAspect - kr.co.seoulit.reception.mapstruct.ReservationReqMapStructImpl.toEntity()시작
2026-02-25 11:54:46.856 INFO  k.co.seoulit.common.aop.LoggerAspect - kr.co.seoulit.reception.mapstruct.ReservationReqMapStructImpl.toEntity()종료
2026-02-25 11:54:46.856 DEBUG org.hibernate.SQL - select seq_reservation.nextval from dual
2026-02-25 11:54:46.870 INFO  k.co.seoulit.common.aop.LoggerAspect - kr.co.seoulit.reception.mapstruct.ReservationResMapStructImpl.toDto()시작
2026-02-25 11:54:46.871 INFO  k.co.seoulit.common.aop.LoggerAspect - kr.co.seoulit.reception.mapstruct.ReservationResMapStructImpl.toDto()종료
2026-02-25 11:54:46.871 DEBUG org.hibernate.SQL - select seq_audit_log.nextval from dual
2026-02-25 11:54:46.881 INFO  k.co.seoulit.common.aop.LoggerAspect - ServiceImpl  : kr.co.seoulit.reception.service.ReservationServiceImpl.createReservation()종료
2026-02-25 11:54:46.882 DEBUG org.hibernate.SQL - insert into reservation (cancel_reason_code,cancel_reason_text,canceled_at,created_at,created_by,department_id,department_name,doctor_id,doctor_name,inactive_at,inactive_reason_code,inactive_reason_text,is_active,note,patient_id,patient_name,reservation_no,reserved_at,status,updated_at,updated_by,reservation_id) values (?,?,?,?,?,?,?,?,?,?,?,?,?,?,?,?,?,?,?,?,?,?)
2026-02-25 11:54:46.882 TRACE org.hibernate.orm.jdbc.bind - binding parameter (1:VARCHAR) <- [null]
2026-02-25 11:54:46.882 TRACE org.hibernate.orm.jdbc.bind - binding parameter (2:VARCHAR) <- [null]
2026-02-25 11:54:46.882 TRACE org.hibernate.orm.jdbc.bind - binding parameter (3:TIMESTAMP) <- [null]
2026-02-25 11:54:46.882 TRACE org.hibernate.orm.jdbc.bind - binding parameter (4:TIMESTAMP) <- [2026-02-25T11:54:46.881654]
2026-02-25 11:54:46.882 TRACE org.hibernate.orm.jdbc.bind - binding parameter (5:BIGINT) <- [null]
2026-02-25 11:54:46.882 TRACE org.hibernate.orm.jdbc.bind - binding parameter (6:BIGINT) <- [2]
2026-02-25 11:54:46.882 TRACE org.hibernate.orm.jdbc.bind - binding parameter (7:VARCHAR) <- [외과]
2026-02-25 11:54:46.883 TRACE org.hibernate.orm.jdbc.bind - binding parameter (8:BIGINT) <- [2]
2026-02-25 11:54:46.883 TRACE org.hibernate.orm.jdbc.bind - binding parameter (9:VARCHAR) <- [이현석]
2026-02-25 11:54:46.883 TRACE org.hibernate.orm.jdbc.bind - binding parameter (10:TIMESTAMP) <- [null]
2026-02-25 11:54:46.883 TRACE org.hibernate.orm.jdbc.bind - binding parameter (11:VARCHAR) <- [null]
2026-02-25 11:54:46.883 TRACE org.hibernate.orm.jdbc.bind - binding parameter (12:VARCHAR) <- [null]
2026-02-25 11:54:46.883 TRACE org.hibernate.orm.jdbc.bind - binding parameter (13:BOOLEAN) <- [true]
2026-02-25 11:54:46.883 TRACE org.hibernate.orm.jdbc.bind - binding parameter (14:VARCHAR) <- [null]
2026-02-25 11:54:46.883 TRACE org.hibernate.orm.jdbc.bind - binding parameter (15:BIGINT) <- [24]
2026-02-25 11:54:46.883 TRACE org.hibernate.orm.jdbc.bind - binding parameter (16:VARCHAR) <- [이이사]
2026-02-25 11:54:46.883 TRACE org.hibernate.orm.jdbc.bind - binding parameter (17:VARCHAR) <- [20260225-303]
2026-02-25 11:54:46.883 TRACE org.hibernate.orm.jdbc.bind - binding parameter (18:TIMESTAMP) <- [2026-02-24T11:54]
2026-02-25 11:54:46.884 TRACE org.hibernate.orm.jdbc.bind - binding parameter (19:VARCHAR) <- [RESERVED]
2026-02-25 11:54:46.884 TRACE org.hibernate.orm.jdbc.bind - binding parameter (20:TIMESTAMP) <- [2026-02-25T11:54:46.881654]
2026-02-25 11:54:46.884 TRACE org.hibernate.orm.jdbc.bind - binding parameter (21:BIGINT) <- [null]
2026-02-25 11:54:46.884 TRACE org.hibernate.orm.jdbc.bind - binding parameter (22:BIGINT) <- [8]
2026-02-25 11:54:46.894 DEBUG org.hibernate.SQL - insert into audit_log (action,actor_id,after_json,before_json,diff_json,entity_id,entity_type,occurred_at,reason_code,reason_text,audit_log_id) values (?,?,?,?,?,?,?,?,?,?,?)
2026-02-25 11:54:46.895 TRACE org.hibernate.orm.jdbc.bind - binding parameter (1:VARCHAR) <- [CREATE]
2026-02-25 11:54:46.895 TRACE org.hibernate.orm.jdbc.bind - binding parameter (2:BIGINT) <- [null]
2026-02-25 11:54:46.895 TRACE org.hibernate.orm.jdbc.bind - binding parameter (3:VARCHAR) <- [{"reservationId":8,"reservationNo":"20260225-303","patientId":24,"patientName":"이이사","departmentId":2,"departmentName":"외과","doctorId":2,"doctorName":"이현석","reservedAt":"2026-02-24T11:54:00","status":"RESERVED","note":null,"isActive":true,"inactiveAt":null,"inactiveReasonCode":null,"inactiveReasonText":null,"canceledAt":null,"cancelReasonCode":null,"cancelReasonText":null,"createdBy":null,"updatedBy":null,"createdAt":null,"updatedAt":null}]
2026-02-25 11:54:46.895 TRACE org.hibernate.orm.jdbc.bind - binding parameter (4:VARCHAR) <- [null]
2026-02-25 11:54:46.895 TRACE org.hibernate.orm.jdbc.bind - binding parameter (5:VARCHAR) <- [null]
2026-02-25 11:54:46.895 TRACE org.hibernate.orm.jdbc.bind - binding parameter (6:BIGINT) <- [8]
2026-02-25 11:54:46.895 TRACE org.hibernate.orm.jdbc.bind - binding parameter (7:VARCHAR) <- [RESERVATION]
2026-02-25 11:54:46.895 TRACE org.hibernate.orm.jdbc.bind - binding parameter (8:TIMESTAMP) <- [2026-02-25T11:54:46.894652]
2026-02-25 11:54:46.895 TRACE org.hibernate.orm.jdbc.bind - binding parameter (9:VARCHAR) <- [null]
2026-02-25 11:54:46.895 TRACE org.hibernate.orm.jdbc.bind - binding parameter (10:VARCHAR) <- [null]
2026-02-25 11:54:46.895 TRACE org.hibernate.orm.jdbc.bind - binding parameter (11:BIGINT) <- [86]
2026-02-25 11:54:46.916 INFO  k.co.seoulit.common.aop.LoggerAspect - Controller  : kr.co.seoulit.reception.controller.ReservationController.createReservation()종료
2026-02-25 11:54:47.006 INFO  k.co.seoulit.common.aop.LoggerAspect - Controller  : kr.co.seoulit.reception.controller.ReservationController.getReservations()시작
2026-02-25 11:54:47.006 INFO  k.c.s.r.c.ReservationController - 예약 목록 요청: searchType=null, searchValue=null
2026-02-25 11:54:47.018 INFO  k.co.seoulit.common.aop.LoggerAspect - ServiceImpl  : kr.co.seoulit.reception.service.ReservationServiceImpl.getReservationList()시작
2026-02-25 11:54:47.028 INFO  k.co.seoulit.common.aop.LoggerAspect - ServiceImpl  : kr.co.seoulit.reception.service.ReservationServiceImpl.getReservationList()종료
2026-02-25 11:54:47.036 INFO  k.co.seoulit.common.aop.LoggerAspect - Controller  : kr.co.seoulit.reception.controller.ReservationController.getReservations()종료
2026-02-25 11:54:47.475 INFO  k.co.seoulit.common.aop.LoggerAspect - Controller  : kr.co.seoulit.reception.controller.ReservationController.getReservations()시작
2026-02-25 11:54:47.475 INFO  k.c.s.r.c.ReservationController - 예약 목록 요청: searchType=null, searchValue=null
2026-02-25 11:54:47.504 INFO  k.co.seoulit.common.aop.LoggerAspect - ServiceImpl  : kr.co.seoulit.reception.service.ReservationServiceImpl.getReservationList()시작
2026-02-25 11:54:47.514 INFO  k.co.seoulit.common.aop.LoggerAspect - ServiceImpl  : kr.co.seoulit.reception.service.ReservationServiceImpl.getReservationList()종료
2026-02-25 11:54:47.525 INFO  k.co.seoulit.common.aop.LoggerAspect - Controller  : kr.co.seoulit.reception.controller.ReservationController.getReservations()종료
2026-02-25 11:54:47.536 INFO  k.co.seoulit.common.aop.LoggerAspect - Controller  : kr.co.seoulit.reception.controller.ReservationController.getReservations()시작
2026-02-25 11:54:47.536 INFO  k.c.s.r.c.ReservationController - 예약 목록 요청: searchType=null, searchValue=null
2026-02-25 11:54:47.539 INFO  k.co.seoulit.common.aop.LoggerAspect - ServiceImpl  : kr.co.seoulit.reception.service.ReservationServiceImpl.getReservationList()시작
2026-02-25 11:54:47.550 INFO  k.co.seoulit.common.aop.LoggerAspect - ServiceImpl  : kr.co.seoulit.reception.service.ReservationServiceImpl.getReservationList()종료
2026-02-25 11:54:47.561 INFO  k.co.seoulit.common.aop.LoggerAspect - Controller  : kr.co.seoulit.reception.controller.ReservationController.getReservations()종료
2026-02-25 12:00:08.209 INFO  k.co.seoulit.common.aop.LoggerAspect - Controller  : kr.co.seoulit.reception.controller.ReservationController.getReservations()시작
2026-02-25 12:00:08.210 INFO  k.c.s.r.c.ReservationController - 예약 목록 요청: searchType=null, searchValue=null
2026-02-25 12:00:08.233 INFO  k.co.seoulit.common.aop.LoggerAspect - ServiceImpl  : kr.co.seoulit.reception.service.ReservationServiceImpl.getReservationList()시작
2026-02-25 12:00:08.245 INFO  k.co.seoulit.common.aop.LoggerAspect - ServiceImpl  : kr.co.seoulit.reception.service.ReservationServiceImpl.getReservationList()종료
2026-02-25 12:00:08.256 INFO  k.co.seoulit.common.aop.LoggerAspect - Controller  : kr.co.seoulit.reception.controller.ReservationController.getReservations()종료
2026-02-25 12:00:12.706 INFO  k.co.seoulit.common.aop.LoggerAspect - Controller  : kr.co.seoulit.reception.controller.ReservationController.updateReservation()시작
2026-02-25 12:00:12.706 INFO  k.c.s.r.c.ReservationController - 예약 수정 요청: id=8
2026-02-25 12:00:12.716 INFO  k.co.seoulit.common.aop.LoggerAspect - ServiceImpl  : kr.co.seoulit.reception.service.ReservationServiceImpl.updateReservation()시작
2026-02-25 12:00:12.718 DEBUG org.hibernate.SQL - select re1_0.reservation_id,re1_0.cancel_reason_code,re1_0.cancel_reason_text,re1_0.canceled_at,re1_0.created_at,re1_0.created_by,re1_0.department_id,re1_0.department_name,re1_0.doctor_id,re1_0.doctor_name,re1_0.inactive_at,re1_0.inactive_reason_code,re1_0.inactive_reason_text,re1_0.is_active,re1_0.note,re1_0.patient_id,re1_0.patient_name,re1_0.reservation_no,re1_0.reserved_at,re1_0.status,re1_0.updated_at,re1_0.updated_by from reservation re1_0 where re1_0.reservation_id=?
2026-02-25 12:00:12.719 TRACE org.hibernate.orm.jdbc.bind - binding parameter (1:BIGINT) <- [8]
2026-02-25 12:00:12.731 INFO  k.co.seoulit.common.aop.LoggerAspect - kr.co.seoulit.reception.mapstruct.ReservationResMapStructImpl.toDto()시작
2026-02-25 12:00:12.731 INFO  k.co.seoulit.common.aop.LoggerAspect - kr.co.seoulit.reception.mapstruct.ReservationResMapStructImpl.toDto()종료
2026-02-25 12:00:12.733 INFO  k.co.seoulit.common.aop.LoggerAspect - kr.co.seoulit.reception.mapstruct.ReservationResMapStructImpl.toDto()시작
2026-02-25 12:00:12.733 INFO  k.co.seoulit.common.aop.LoggerAspect - kr.co.seoulit.reception.mapstruct.ReservationResMapStructImpl.toDto()종료
2026-02-25 12:00:12.734 DEBUG org.hibernate.SQL - select seq_audit_log.nextval from dual
2026-02-25 12:00:12.747 INFO  k.co.seoulit.common.aop.LoggerAspect - ServiceImpl  : kr.co.seoulit.reception.service.ReservationServiceImpl.updateReservation()종료
2026-02-25 12:00:12.748 DEBUG org.hibernate.SQL - insert into audit_log (action,actor_id,after_json,before_json,diff_json,entity_id,entity_type,occurred_at,reason_code,reason_text,audit_log_id) values (?,?,?,?,?,?,?,?,?,?,?)
2026-02-25 12:00:12.749 TRACE org.hibernate.orm.jdbc.bind - binding parameter (1:VARCHAR) <- [UPDATE]
2026-02-25 12:00:12.749 TRACE org.hibernate.orm.jdbc.bind - binding parameter (2:BIGINT) <- [null]
2026-02-25 12:00:12.749 TRACE org.hibernate.orm.jdbc.bind - binding parameter (3:VARCHAR) <- [{"reservationId":8,"reservationNo":"20260225-303","patientId":24,"patientName":"이이사","departmentId":2,"departmentName":"외과","doctorId":2,"doctorName":"이현석","reservedAt":"2026-02-24T11:54:00","status":"CANCELED","note":null,"isActive":true,"inactiveAt":null,"inactiveReasonCode":null,"inactiveReasonText":null,"canceledAt":null,"cancelReasonCode":null,"cancelReasonText":null,"createdBy":null,"updatedBy":null,"createdAt":"2026-02-25T11:54:46.881654","updatedAt":"2026-02-25T11:54:46.881654"}]
2026-02-25 12:00:12.749 TRACE org.hibernate.orm.jdbc.bind - binding parameter (4:VARCHAR) <- [{"reservationId":8,"reservationNo":"20260225-303","patientId":24,"patientName":"이이사","departmentId":2,"departmentName":"외과","doctorId":2,"doctorName":"이현석","reservedAt":"2026-02-24T11:54:00","status":"RESERVED","note":null,"isActive":true,"inactiveAt":null,"inactiveReasonCode":null,"inactiveReasonText":null,"canceledAt":null,"cancelReasonCode":null,"cancelReasonText":null,"createdBy":null,"updatedBy":null,"createdAt":"2026-02-25T11:54:46.881654","updatedAt":"2026-02-25T11:54:46.881654"}]
2026-02-25 12:00:12.749 TRACE org.hibernate.orm.jdbc.bind - binding parameter (5:VARCHAR) <- [null]
2026-02-25 12:00:12.749 TRACE org.hibernate.orm.jdbc.bind - binding parameter (6:BIGINT) <- [8]
2026-02-25 12:00:12.749 TRACE org.hibernate.orm.jdbc.bind - binding parameter (7:VARCHAR) <- [RESERVATION]
2026-02-25 12:00:12.749 TRACE org.hibernate.orm.jdbc.bind - binding parameter (8:TIMESTAMP) <- [2026-02-25T12:00:12.748266]
2026-02-25 12:00:12.749 TRACE org.hibernate.orm.jdbc.bind - binding parameter (9:VARCHAR) <- [null]
2026-02-25 12:00:12.750 TRACE org.hibernate.orm.jdbc.bind - binding parameter (10:VARCHAR) <- [null]
2026-02-25 12:00:12.750 TRACE org.hibernate.orm.jdbc.bind - binding parameter (11:BIGINT) <- [87]
2026-02-25 12:00:12.761 DEBUG org.hibernate.SQL - update reservation set cancel_reason_code=?,cancel_reason_text=?,canceled_at=?,created_by=?,department_id=?,department_name=?,doctor_id=?,doctor_name=?,inactive_at=?,inactive_reason_code=?,inactive_reason_text=?,is_active=?,note=?,patient_id=?,patient_name=?,reservation_no=?,reserved_at=?,status=?,updated_at=?,updated_by=? where reservation_id=?
2026-02-25 12:00:12.762 TRACE org.hibernate.orm.jdbc.bind - binding parameter (1:VARCHAR) <- [null]
2026-02-25 12:00:12.762 TRACE org.hibernate.orm.jdbc.bind - binding parameter (2:VARCHAR) <- [null]
2026-02-25 12:00:12.762 TRACE org.hibernate.orm.jdbc.bind - binding parameter (3:TIMESTAMP) <- [null]
2026-02-25 12:00:12.762 TRACE org.hibernate.orm.jdbc.bind - binding parameter (4:BIGINT) <- [null]
2026-02-25 12:00:12.762 TRACE org.hibernate.orm.jdbc.bind - binding parameter (5:BIGINT) <- [2]
2026-02-25 12:00:12.762 TRACE org.hibernate.orm.jdbc.bind - binding parameter (6:VARCHAR) <- [외과]
2026-02-25 12:00:12.762 TRACE org.hibernate.orm.jdbc.bind - binding parameter (7:BIGINT) <- [2]
2026-02-25 12:00:12.762 TRACE org.hibernate.orm.jdbc.bind - binding parameter (8:VARCHAR) <- [이현석]
2026-02-25 12:00:12.762 TRACE org.hibernate.orm.jdbc.bind - binding parameter (9:TIMESTAMP) <- [null]
2026-02-25 12:00:12.763 TRACE org.hibernate.orm.jdbc.bind - binding parameter (10:VARCHAR) <- [null]
2026-02-25 12:00:12.763 TRACE org.hibernate.orm.jdbc.bind - binding parameter (11:VARCHAR) <- [null]
2026-02-25 12:00:12.763 TRACE org.hibernate.orm.jdbc.bind - binding parameter (12:BOOLEAN) <- [true]
2026-02-25 12:00:12.763 TRACE org.hibernate.orm.jdbc.bind - binding parameter (13:VARCHAR) <- [null]
2026-02-25 12:00:12.763 TRACE org.hibernate.orm.jdbc.bind - binding parameter (14:BIGINT) <- [24]
2026-02-25 12:00:12.763 TRACE org.hibernate.orm.jdbc.bind - binding parameter (15:VARCHAR) <- [이이사]
2026-02-25 12:00:12.763 TRACE org.hibernate.orm.jdbc.bind - binding parameter (16:VARCHAR) <- [20260225-303]
2026-02-25 12:00:12.763 TRACE org.hibernate.orm.jdbc.bind - binding parameter (17:TIMESTAMP) <- [2026-02-24T11:54]
2026-02-25 12:00:12.763 TRACE org.hibernate.orm.jdbc.bind - binding parameter (18:VARCHAR) <- [CANCELED]
2026-02-25 12:00:12.763 TRACE org.hibernate.orm.jdbc.bind - binding parameter (19:TIMESTAMP) <- [2026-02-25T12:00:12.761906]
2026-02-25 12:00:12.763 TRACE org.hibernate.orm.jdbc.bind - binding parameter (20:BIGINT) <- [null]
2026-02-25 12:00:12.763 TRACE org.hibernate.orm.jdbc.bind - binding parameter (21:BIGINT) <- [8]
2026-02-25 12:00:12.794 INFO  k.co.seoulit.common.aop.LoggerAspect - Controller  : kr.co.seoulit.reception.controller.ReservationController.updateReservation()종료
2026-02-25 12:00:12.802 INFO  k.co.seoulit.common.aop.LoggerAspect - Controller  : kr.co.seoulit.reception.controller.ReservationController.getReservations()시작
2026-02-25 12:00:12.803 INFO  k.c.s.r.c.ReservationController - 예약 목록 요청: searchType=null, searchValue=null
2026-02-25 12:00:12.803 INFO  k.co.seoulit.common.aop.LoggerAspect - ServiceImpl  : kr.co.seoulit.reception.service.ReservationServiceImpl.getReservationList()시작
2026-02-25 12:00:12.812 INFO  k.co.seoulit.common.aop.LoggerAspect - ServiceImpl  : kr.co.seoulit.reception.service.ReservationServiceImpl.getReservationList()종료
2026-02-25 12:00:12.819 INFO  k.co.seoulit.common.aop.LoggerAspect - Controller  : kr.co.seoulit.reception.controller.ReservationController.getReservations()종료
2026-02-25 12:07:41.353 INFO  k.co.seoulit.common.aop.LoggerAspect - Controller  : kr.co.seoulit.reception.controller.ReceptionController.getReceptions()시작
2026-02-25 12:07:41.353 INFO  k.c.s.r.c.ReceptionController - Reception list request: searchType=null, searchValue=null
2026-02-25 12:07:41.363 INFO  k.co.seoulit.common.aop.LoggerAspect - ServiceImpl  : kr.co.seoulit.reception.service.ReceptionServiceImpl.getReceptionList()시작
2026-02-25 12:07:41.390 INFO  k.co.seoulit.common.aop.LoggerAspect - ServiceImpl  : kr.co.seoulit.reception.service.ReceptionServiceImpl.getReceptionList()종료
2026-02-25 12:07:41.398 INFO  k.co.seoulit.common.aop.LoggerAspect - Controller  : kr.co.seoulit.reception.controller.ReceptionController.getReceptions()종료
2026-02-25 12:07:41.478 INFO  k.co.seoulit.common.aop.LoggerAspect - Controller  : kr.co.seoulit.reception.controller.ReceptionController.createReception()시작
2026-02-25 12:07:41.479 INFO  k.c.s.r.c.ReceptionController - Create reception request: receptionNo=20260225-007
2026-02-25 12:07:41.482 INFO  k.co.seoulit.common.aop.LoggerAspect - ServiceImpl  : kr.co.seoulit.reception.service.ReceptionServiceImpl.createReception()시작
2026-02-25 12:07:41.485 DEBUG org.hibernate.SQL - select * from (select re1_0.reception_id c0,rownum rn from reception re1_0 where re1_0.reception_no=?) r_0_ where r_0_.rn<=? order by r_0_.rn
2026-02-25 12:07:41.485 TRACE org.hibernate.orm.jdbc.bind - binding parameter (1:VARCHAR) <- [20260225-007]
2026-02-25 12:07:41.485 TRACE org.hibernate.orm.jdbc.bind - binding parameter (2:INTEGER) <- [1]
2026-02-25 12:07:41.495 INFO  k.co.seoulit.common.aop.LoggerAspect - kr.co.seoulit.reception.mapstruct.ReceptionReqMapStructImpl.toEntity()시작
2026-02-25 12:07:41.495 INFO  k.co.seoulit.common.aop.LoggerAspect - kr.co.seoulit.reception.mapstruct.ReceptionReqMapStructImpl.toEntity()종료
2026-02-25 12:07:41.496 DEBUG org.hibernate.SQL - select seq_reception.nextval from dual
2026-02-25 12:07:41.508 INFO  k.co.seoulit.common.aop.LoggerAspect - kr.co.seoulit.reception.mapstruct.ReceptionResMapStructImpl.toDto()시작
2026-02-25 12:07:41.509 INFO  k.co.seoulit.common.aop.LoggerAspect - kr.co.seoulit.reception.mapstruct.ReceptionResMapStructImpl.toDto()종료
2026-02-25 12:07:41.509 DEBUG org.hibernate.SQL - select seq_audit_log.nextval from dual
2026-02-25 12:07:41.519 INFO  k.co.seoulit.common.aop.LoggerAspect - ServiceImpl  : kr.co.seoulit.reception.service.ReceptionServiceImpl.createReception()종료
2026-02-25 12:07:41.520 DEBUG org.hibernate.SQL - insert into reception (arrived_at,cancel_reason_code,cancel_reason_text,created_at,created_by,department_id,department_name,doctor_id,doctor_name,hold_reason_code,hold_reason_text,inactive_at,inactive_reason_code,inactive_reason_text,is_active,note,patient_id,patient_name,reception_no,reservation_id,scheduled_at,status,updated_at,updated_by,visit_type,reception_id) values (?,?,?,?,?,?,?,?,?,?,?,?,?,?,?,?,?,?,?,?,?,?,?,?,?,?)
2026-02-25 12:07:41.520 TRACE org.hibernate.orm.jdbc.bind - binding parameter (1:TIMESTAMP) <- [2026-02-25T03:07:41]
2026-02-25 12:07:41.521 TRACE org.hibernate.orm.jdbc.bind - binding parameter (2:VARCHAR) <- [null]
2026-02-25 12:07:41.521 TRACE org.hibernate.orm.jdbc.bind - binding parameter (3:VARCHAR) <- [null]
2026-02-25 12:07:41.521 TRACE org.hibernate.orm.jdbc.bind - binding parameter (4:TIMESTAMP) <- [2026-02-25T12:07:41.520113]
2026-02-25 12:07:41.521 TRACE org.hibernate.orm.jdbc.bind - binding parameter (5:BIGINT) <- [null]
2026-02-25 12:07:41.521 TRACE org.hibernate.orm.jdbc.bind - binding parameter (6:BIGINT) <- [1]
2026-02-25 12:07:41.521 TRACE org.hibernate.orm.jdbc.bind - binding parameter (7:VARCHAR) <- [내과]
2026-02-25 12:07:41.521 TRACE org.hibernate.orm.jdbc.bind - binding parameter (8:BIGINT) <- [1]
2026-02-25 12:07:41.521 TRACE org.hibernate.orm.jdbc.bind - binding parameter (9:VARCHAR) <- [송태민]
2026-02-25 12:07:41.521 TRACE org.hibernate.orm.jdbc.bind - binding parameter (10:VARCHAR) <- [null]
2026-02-25 12:07:41.521 TRACE org.hibernate.orm.jdbc.bind - binding parameter (11:VARCHAR) <- [null]
2026-02-25 12:07:41.521 TRACE org.hibernate.orm.jdbc.bind - binding parameter (12:TIMESTAMP) <- [null]
2026-02-25 12:07:41.521 TRACE org.hibernate.orm.jdbc.bind - binding parameter (13:VARCHAR) <- [null]
2026-02-25 12:07:41.522 TRACE org.hibernate.orm.jdbc.bind - binding parameter (14:VARCHAR) <- [null]
2026-02-25 12:07:41.522 TRACE org.hibernate.orm.jdbc.bind - binding parameter (15:BOOLEAN) <- [true]
2026-02-25 12:07:41.522 TRACE org.hibernate.orm.jdbc.bind - binding parameter (16:VARCHAR) <- [환자 상세 화면에서 접수 등록]
2026-02-25 12:07:41.522 TRACE org.hibernate.orm.jdbc.bind - binding parameter (17:BIGINT) <- [23]
2026-02-25 12:07:41.522 TRACE org.hibernate.orm.jdbc.bind - binding parameter (18:VARCHAR) <- [이이사]
2026-02-25 12:07:41.522 TRACE org.hibernate.orm.jdbc.bind - binding parameter (19:VARCHAR) <- [20260225-007]
2026-02-25 12:07:41.522 TRACE org.hibernate.orm.jdbc.bind - binding parameter (20:BIGINT) <- [null]
2026-02-25 12:07:41.522 TRACE org.hibernate.orm.jdbc.bind - binding parameter (21:TIMESTAMP) <- [null]
2026-02-25 12:07:41.522 TRACE org.hibernate.orm.jdbc.bind - binding parameter (22:VARCHAR) <- [WAITING]
2026-02-25 12:07:41.522 TRACE org.hibernate.orm.jdbc.bind - binding parameter (23:TIMESTAMP) <- [2026-02-25T12:07:41.520113]
2026-02-25 12:07:41.522 TRACE org.hibernate.orm.jdbc.bind - binding parameter (24:BIGINT) <- [null]
2026-02-25 12:07:41.522 TRACE org.hibernate.orm.jdbc.bind - binding parameter (25:VARCHAR) <- [OUTPATIENT]
2026-02-25 12:07:41.522 TRACE org.hibernate.orm.jdbc.bind - binding parameter (26:BIGINT) <- [28]
2026-02-25 12:07:41.531 DEBUG org.hibernate.SQL - insert into audit_log (action,actor_id,after_json,before_json,diff_json,entity_id,entity_type,occurred_at,reason_code,reason_text,audit_log_id) values (?,?,?,?,?,?,?,?,?,?,?)
2026-02-25 12:07:41.532 TRACE org.hibernate.orm.jdbc.bind - binding parameter (1:VARCHAR) <- [CREATE]
2026-02-25 12:07:41.532 TRACE org.hibernate.orm.jdbc.bind - binding parameter (2:BIGINT) <- [null]
2026-02-25 12:07:41.532 TRACE org.hibernate.orm.jdbc.bind - binding parameter (3:VARCHAR) <- [{"receptionId":28,"receptionNo":"20260225-007","patientId":23,"patientName":"이이사","visitType":"OUTPATIENT","departmentId":1,"departmentName":"내과","doctorId":1,"doctorName":"송태민","reservationId":null,"scheduledAt":null,"arrivedAt":"2026-02-25T03:07:41","status":"WAITING","note":"환자 상세 화면에서 접수 등록","isActive":true,"inactiveAt":null,"inactiveReasonCode":null,"inactiveReasonText":null,"cancelReasonCode":null,"cancelReasonText":null,"holdReasonCode":null,"holdReasonText":null,"createdBy":null,"updatedBy":null,"createdAt":null,"updatedAt":null}]
2026-02-25 12:07:41.532 TRACE org.hibernate.orm.jdbc.bind - binding parameter (4:VARCHAR) <- [null]
2026-02-25 12:07:41.533 TRACE org.hibernate.orm.jdbc.bind - binding parameter (5:VARCHAR) <- [null]
2026-02-25 12:07:41.533 TRACE org.hibernate.orm.jdbc.bind - binding parameter (6:BIGINT) <- [28]
2026-02-25 12:07:41.533 TRACE org.hibernate.orm.jdbc.bind - binding parameter (7:VARCHAR) <- [RECEPTION]
2026-02-25 12:07:41.533 TRACE org.hibernate.orm.jdbc.bind - binding parameter (8:TIMESTAMP) <- [2026-02-25T12:07:41.531120]
2026-02-25 12:07:41.533 TRACE org.hibernate.orm.jdbc.bind - binding parameter (9:VARCHAR) <- [null]
2026-02-25 12:07:41.533 TRACE org.hibernate.orm.jdbc.bind - binding parameter (10:VARCHAR) <- [null]
2026-02-25 12:07:41.534 TRACE org.hibernate.orm.jdbc.bind - binding parameter (11:BIGINT) <- [88]
2026-02-25 12:07:41.552 INFO  k.co.seoulit.common.aop.LoggerAspect - Controller  : kr.co.seoulit.reception.controller.ReceptionController.createReception()종료
2026-02-25 12:07:42.557 INFO  k.co.seoulit.common.aop.LoggerAspect - Controller  : kr.co.seoulit.reception.controller.ReservationController.getReservations()시작
2026-02-25 12:07:42.557 INFO  k.c.s.r.c.ReservationController - 예약 목록 요청: searchType=null, searchValue=null
2026-02-25 12:07:42.589 INFO  k.co.seoulit.common.aop.LoggerAspect - Controller  : kr.co.seoulit.reception.controller.ReceptionController.getReceptions()시작
2026-02-25 12:07:42.590 INFO  k.c.s.r.c.ReceptionController - Reception list request: searchType=null, searchValue=null
2026-02-25 12:07:42.627 INFO  k.co.seoulit.common.aop.LoggerAspect - ServiceImpl  : kr.co.seoulit.reception.service.ReceptionServiceImpl.getReceptionList()시작
2026-02-25 12:07:42.627 INFO  k.co.seoulit.common.aop.LoggerAspect - ServiceImpl  : kr.co.seoulit.reception.service.ReservationServiceImpl.getReservationList()시작
2026-02-25 12:07:42.666 INFO  k.co.seoulit.common.aop.LoggerAspect - ServiceImpl  : kr.co.seoulit.reception.service.ReservationServiceImpl.getReservationList()종료
2026-02-25 12:07:42.697 INFO  k.co.seoulit.common.aop.LoggerAspect - Controller  : kr.co.seoulit.reception.controller.ReservationController.getReservations()종료
2026-02-25 12:07:42.697 INFO  k.co.seoulit.common.aop.LoggerAspect - ServiceImpl  : kr.co.seoulit.reception.service.ReceptionServiceImpl.getReceptionList()종료
2026-02-25 12:07:42.704 INFO  k.co.seoulit.common.aop.LoggerAspect - Controller  : kr.co.seoulit.reception.controller.ReservationController.getReservations()시작
2026-02-25 12:07:42.704 INFO  k.c.s.r.c.ReservationController - 예약 목록 요청: searchType=null, searchValue=null
2026-02-25 12:07:42.705 INFO  k.co.seoulit.common.aop.LoggerAspect - ServiceImpl  : kr.co.seoulit.reception.service.ReservationServiceImpl.getReservationList()시작
2026-02-25 12:07:42.739 INFO  k.co.seoulit.common.aop.LoggerAspect - Controller  : kr.co.seoulit.reception.controller.ReceptionController.getReceptions()종료
2026-02-25 12:07:42.746 INFO  k.co.seoulit.common.aop.LoggerAspect - Controller  : kr.co.seoulit.reception.controller.ReceptionController.getReceptions()시작
2026-02-25 12:07:42.747 INFO  k.c.s.r.c.ReceptionController - Reception list request: searchType=null, searchValue=null
2026-02-25 12:07:42.747 INFO  k.co.seoulit.common.aop.LoggerAspect - ServiceImpl  : kr.co.seoulit.reception.service.ReceptionServiceImpl.getReceptionList()시작
2026-02-25 12:07:42.760 INFO  k.co.seoulit.common.aop.LoggerAspect - ServiceImpl  : kr.co.seoulit.reception.service.ReservationServiceImpl.getReservationList()종료
2026-02-25 12:07:42.794 INFO  k.co.seoulit.common.aop.LoggerAspect - Controller  : kr.co.seoulit.reception.controller.ReservationController.getReservations()종료
2026-02-25 12:07:42.795 INFO  k.co.seoulit.common.aop.LoggerAspect - ServiceImpl  : kr.co.seoulit.reception.service.ReceptionServiceImpl.getReceptionList()종료
2026-02-25 12:07:42.831 INFO  k.co.seoulit.common.aop.LoggerAspect - Controller  : kr.co.seoulit.reception.controller.ReceptionController.getReceptions()종료
2026-02-25 12:07:42.839 INFO  k.co.seoulit.common.aop.LoggerAspect - Controller  : kr.co.seoulit.reception.controller.ReceptionController.getReceptions()시작
2026-02-25 12:07:42.839 INFO  k.c.s.r.c.ReceptionController - Reception list request: searchType=null, searchValue=null
2026-02-25 12:07:42.841 INFO  k.co.seoulit.common.aop.LoggerAspect - ServiceImpl  : kr.co.seoulit.reception.service.ReceptionServiceImpl.getReceptionList()시작
2026-02-25 12:07:42.914 INFO  k.co.seoulit.common.aop.LoggerAspect - ServiceImpl  : kr.co.seoulit.reception.service.ReceptionServiceImpl.getReceptionList()종료
2026-02-25 12:07:42.944 INFO  k.co.seoulit.common.aop.LoggerAspect - Controller  : kr.co.seoulit.reception.controller.ReceptionController.getReceptions()종료
2026-02-25 12:07:42.951 INFO  k.co.seoulit.common.aop.LoggerAspect - Controller  : kr.co.seoulit.reception.controller.ReceptionController.getReceptions()시작
2026-02-25 12:07:42.951 INFO  k.c.s.r.c.ReceptionController - Reception list request: searchType=null, searchValue=null
2026-02-25 12:07:42.952 INFO  k.co.seoulit.common.aop.LoggerAspect - ServiceImpl  : kr.co.seoulit.reception.service.ReceptionServiceImpl.getReceptionList()시작
2026-02-25 12:07:42.997 INFO  k.co.seoulit.common.aop.LoggerAspect - ServiceImpl  : kr.co.seoulit.reception.service.ReceptionServiceImpl.getReceptionList()종료
2026-02-25 12:07:43.005 INFO  k.co.seoulit.common.aop.LoggerAspect - Controller  : kr.co.seoulit.reception.controller.ReceptionController.getReceptions()종료
2026-02-25 12:07:43.148 INFO  k.co.seoulit.common.aop.LoggerAspect - Controller  : kr.co.seoulit.reception.controller.ReceptionController.getReception()시작
2026-02-25 12:07:43.148 INFO  k.c.s.r.c.ReceptionController - Get reception request: id=22
2026-02-25 12:07:43.148 INFO  k.co.seoulit.common.aop.LoggerAspect - ServiceImpl  : kr.co.seoulit.reception.service.ReceptionServiceImpl.getReception()시작
2026-02-25 12:07:43.149 DEBUG org.hibernate.SQL - select re1_0.reception_id,re1_0.arrived_at,re1_0.cancel_reason_code,re1_0.cancel_reason_text,re1_0.created_at,re1_0.created_by,re1_0.department_id,re1_0.department_name,re1_0.doctor_id,re1_0.doctor_name,re1_0.hold_reason_code,re1_0.hold_reason_text,re1_0.inactive_at,re1_0.inactive_reason_code,re1_0.inactive_reason_text,re1_0.is_active,re1_0.note,re1_0.patient_id,re1_0.patient_name,re1_0.reception_no,re1_0.reservation_id,re1_0.scheduled_at,re1_0.status,re1_0.updated_at,re1_0.updated_by,re1_0.visit_type from reception re1_0 where re1_0.reception_id=?
2026-02-25 12:07:43.149 TRACE org.hibernate.orm.jdbc.bind - binding parameter (1:BIGINT) <- [22]
2026-02-25 12:07:43.160 INFO  k.co.seoulit.common.aop.LoggerAspect - kr.co.seoulit.reception.mapstruct.ReceptionResMapStructImpl.toDto()시작
2026-02-25 12:07:43.160 INFO  k.co.seoulit.common.aop.LoggerAspect - kr.co.seoulit.reception.mapstruct.ReceptionResMapStructImpl.toDto()종료
2026-02-25 12:07:43.160 INFO  k.co.seoulit.common.aop.LoggerAspect - ServiceImpl  : kr.co.seoulit.reception.service.ReceptionServiceImpl.getReception()종료
2026-02-25 12:07:43.168 INFO  k.co.seoulit.common.aop.LoggerAspect - Controller  : kr.co.seoulit.reception.controller.ReceptionController.getReception()종료
2026-02-25 12:08:50.856 ERROR k.c.s.c.h.GlobalExceptionHandler - Unhandled server error
org.springframework.http.converter.HttpMessageNotReadableException: JSON parse error: Cannot deserialize value of type `java.lang.Long` from String "patient-detail": not a valid `java.lang.Long` value
	at org.springframework.http.converter.json.AbstractJackson2HttpMessageConverter.readJavaType(AbstractJackson2HttpMessageConverter.java:406)
	at org.springframework.http.converter.json.AbstractJackson2HttpMessageConverter.read(AbstractJackson2HttpMessageConverter.java:354)
	at org.springframework.web.servlet.mvc.method.annotation.AbstractMessageConverterMethodArgumentResolver.readWithMessageConverters(AbstractMessageConverterMethodArgumentResolver.java:184)
	at org.springframework.web.servlet.mvc.method.annotation.RequestResponseBodyMethodProcessor.readWithMessageConverters(RequestResponseBodyMethodProcessor.java:161)
	at org.springframework.web.servlet.mvc.method.annotation.RequestResponseBodyMethodProcessor.resolveArgument(RequestResponseBodyMethodProcessor.java:135)
	at org.springframework.web.method.support.HandlerMethodArgumentResolverComposite.resolveArgument(HandlerMethodArgumentResolverComposite.java:122)
	at org.springframework.web.method.support.InvocableHandlerMethod.getMethodArgumentValues(InvocableHandlerMethod.java:224)
	at org.springframework.web.method.support.InvocableHandlerMethod.invokeForRequest(InvocableHandlerMethod.java:178)
	at org.springframework.web.servlet.mvc.method.annotation.ServletInvocableHandlerMethod.invokeAndHandle(ServletInvocableHandlerMethod.java:118)
	at org.springframework.web.servlet.mvc.method.annotation.RequestMappingHandlerAdapter.invokeHandlerMethod(RequestMappingHandlerAdapter.java:926)
	at org.springframework.web.servlet.mvc.method.annotation.RequestMappingHandlerAdapter.handleInternal(RequestMappingHandlerAdapter.java:831)
	at org.springframework.web.servlet.mvc.method.AbstractHandlerMethodAdapter.handle(AbstractHandlerMethodAdapter.java:87)
	at org.springframework.web.servlet.DispatcherServlet.doDispatch(DispatcherServlet.java:1089)
	at org.springframework.web.servlet.DispatcherServlet.doService(DispatcherServlet.java:979)
	at org.springframework.web.servlet.FrameworkServlet.processRequest(FrameworkServlet.java:1014)
	at org.springframework.web.servlet.FrameworkServlet.doPost(FrameworkServlet.java:914)
	at jakarta.servlet.http.HttpServlet.service(HttpServlet.java:590)
	at org.springframework.web.servlet.FrameworkServlet.service(FrameworkServlet.java:885)
	at jakarta.servlet.http.HttpServlet.service(HttpServlet.java:658)
	at org.apache.catalina.core.ApplicationFilterChain.internalDoFilter(ApplicationFilterChain.java:195)
	at org.apache.catalina.core.ApplicationFilterChain.doFilter(ApplicationFilterChain.java:140)
	at org.apache.tomcat.websocket.server.WsFilter.doFilter(WsFilter.java:51)
	at org.apache.catalina.core.ApplicationFilterChain.internalDoFilter(ApplicationFilterChain.java:164)
	at org.apache.catalina.core.ApplicationFilterChain.doFilter(ApplicationFilterChain.java:140)
	at org.springframework.web.filter.CorsFilter.doFilterInternal(CorsFilter.java:91)
	at org.springframework.web.filter.OncePerRequestFilter.doFilter(OncePerRequestFilter.java:116)
	at org.apache.catalina.core.ApplicationFilterChain.internalDoFilter(ApplicationFilterChain.java:164)
	at org.apache.catalina.core.ApplicationFilterChain.doFilter(ApplicationFilterChain.java:140)
	at org.springframework.web.filter.RequestContextFilter.doFilterInternal(RequestContextFilter.java:100)
	at org.springframework.web.filter.OncePerRequestFilter.doFilter(OncePerRequestFilter.java:116)
	at org.apache.catalina.core.ApplicationFilterChain.internalDoFilter(ApplicationFilterChain.java:164)
	at org.apache.catalina.core.ApplicationFilterChain.doFilter(ApplicationFilterChain.java:140)
	at org.springframework.web.filter.FormContentFilter.doFilterInternal(FormContentFilter.java:93)
	at org.springframework.web.filter.OncePerRequestFilter.doFilter(OncePerRequestFilter.java:116)
	at org.apache.catalina.core.ApplicationFilterChain.internalDoFilter(ApplicationFilterChain.java:164)
	at org.apache.catalina.core.ApplicationFilterChain.doFilter(ApplicationFilterChain.java:140)
	at org.springframework.web.filter.CharacterEncodingFilter.doFilterInternal(CharacterEncodingFilter.java:201)
	at org.springframework.web.filter.OncePerRequestFilter.doFilter(OncePerRequestFilter.java:116)
	at org.apache.catalina.core.ApplicationFilterChain.internalDoFilter(ApplicationFilterChain.java:164)
	at org.apache.catalina.core.ApplicationFilterChain.doFilter(ApplicationFilterChain.java:140)
	at org.apache.catalina.core.StandardWrapperValve.invoke(StandardWrapperValve.java:167)
	at org.apache.catalina.core.StandardContextValve.invoke(StandardContextValve.java:90)
	at org.apache.catalina.authenticator.AuthenticatorBase.invoke(AuthenticatorBase.java:483)
	at org.apache.catalina.core.StandardHostValve.invoke(StandardHostValve.java:115)
	at org.apache.catalina.valves.ErrorReportValve.invoke(ErrorReportValve.java:93)
	at org.apache.catalina.core.StandardEngineValve.invoke(StandardEngineValve.java:74)
	at org.apache.catalina.connector.CoyoteAdapter.service(CoyoteAdapter.java:344)
	at org.apache.coyote.http11.Http11Processor.service(Http11Processor.java:389)
	at org.apache.coyote.AbstractProcessorLight.process(AbstractProcessorLight.java:63)
	at org.apache.coyote.AbstractProtocol$ConnectionHandler.process(AbstractProtocol.java:904)
	at org.apache.tomcat.util.net.NioEndpoint$SocketProcessor.doRun(NioEndpoint.java:1741)
	at org.apache.tomcat.util.net.SocketProcessorBase.run(SocketProcessorBase.java:52)
	at org.apache.tomcat.util.threads.ThreadPoolExecutor.runWorker(ThreadPoolExecutor.java:1190)
	at org.apache.tomcat.util.threads.ThreadPoolExecutor$Worker.run(ThreadPoolExecutor.java:659)
	at org.apache.tomcat.util.threads.TaskThread$WrappingRunnable.run(TaskThread.java:63)
	at java.base/java.lang.Thread.run(Thread.java:842)
Caused by: com.fasterxml.jackson.databind.exc.InvalidFormatException: Cannot deserialize value of type `java.lang.Long` from String "patient-detail": not a valid `java.lang.Long` value
 at [Source: REDACTED (`StreamReadFeature.INCLUDE_SOURCE_IN_LOCATION` disabled); line: 1, column: 204] (through reference chain: kr.co.seoulit.reception.dto.ReceptionDTO["createdBy"])
	at com.fasterxml.jackson.databind.exc.InvalidFormatException.from(InvalidFormatException.java:67)
	at com.fasterxml.jackson.databind.DeserializationContext.weirdStringException(DeserializationContext.java:1958)
	at com.fasterxml.jackson.databind.DeserializationContext.handleWeirdStringValue(DeserializationContext.java:1245)
	at com.fasterxml.jackson.databind.deser.std.StdDeserializer._parseLong(StdDeserializer.java:986)
	at com.fasterxml.jackson.databind.deser.std.StdDeserializer._parseLong(StdDeserializer.java:974)
	at com.fasterxml.jackson.databind.deser.std.NumberDeserializers$LongDeserializer.deserialize(NumberDeserializers.java:575)
	at com.fasterxml.jackson.databind.deser.std.NumberDeserializers$LongDeserializer.deserialize(NumberDeserializers.java:550)
	at com.fasterxml.jackson.databind.deser.impl.MethodProperty.deserializeAndSet(MethodProperty.java:129)
	at com.fasterxml.jackson.databind.deser.BeanDeserializer.deserializeFromObject(BeanDeserializer.java:399)
	at com.fasterxml.jackson.databind.deser.BeanDeserializer.deserialize(BeanDeserializer.java:185)
	at com.fasterxml.jackson.databind.deser.DefaultDeserializationContext.readRootValue(DefaultDeserializationContext.java:342)
	at com.fasterxml.jackson.databind.ObjectReader._bindAndClose(ObjectReader.java:2125)
	at com.fasterxml.jackson.databind.ObjectReader.readValue(ObjectReader.java:1501)
	at org.springframework.http.converter.json.AbstractJackson2HttpMessageConverter.readJavaType(AbstractJackson2HttpMessageConverter.java:395)
	... 55 common frames omitted
2026-02-25 12:08:58.134 ERROR k.c.s.c.h.GlobalExceptionHandler - Unhandled server error
org.springframework.http.converter.HttpMessageNotReadableException: JSON parse error: Cannot deserialize value of type `java.lang.Long` from String "patient-detail": not a valid `java.lang.Long` value
	at org.springframework.http.converter.json.AbstractJackson2HttpMessageConverter.readJavaType(AbstractJackson2HttpMessageConverter.java:406)
	at org.springframework.http.converter.json.AbstractJackson2HttpMessageConverter.read(AbstractJackson2HttpMessageConverter.java:354)
	at org.springframework.web.servlet.mvc.method.annotation.AbstractMessageConverterMethodArgumentResolver.readWithMessageConverters(AbstractMessageConverterMethodArgumentResolver.java:184)
	at org.springframework.web.servlet.mvc.method.annotation.RequestResponseBodyMethodProcessor.readWithMessageConverters(RequestResponseBodyMethodProcessor.java:161)
	at org.springframework.web.servlet.mvc.method.annotation.RequestResponseBodyMethodProcessor.resolveArgument(RequestResponseBodyMethodProcessor.java:135)
	at org.springframework.web.method.support.HandlerMethodArgumentResolverComposite.resolveArgument(HandlerMethodArgumentResolverComposite.java:122)
	at org.springframework.web.method.support.InvocableHandlerMethod.getMethodArgumentValues(InvocableHandlerMethod.java:224)
	at org.springframework.web.method.support.InvocableHandlerMethod.invokeForRequest(InvocableHandlerMethod.java:178)
	at org.springframework.web.servlet.mvc.method.annotation.ServletInvocableHandlerMethod.invokeAndHandle(ServletInvocableHandlerMethod.java:118)
	at org.springframework.web.servlet.mvc.method.annotation.RequestMappingHandlerAdapter.invokeHandlerMethod(RequestMappingHandlerAdapter.java:926)
	at org.springframework.web.servlet.mvc.method.annotation.RequestMappingHandlerAdapter.handleInternal(RequestMappingHandlerAdapter.java:831)
	at org.springframework.web.servlet.mvc.method.AbstractHandlerMethodAdapter.handle(AbstractHandlerMethodAdapter.java:87)
	at org.springframework.web.servlet.DispatcherServlet.doDispatch(DispatcherServlet.java:1089)
	at org.springframework.web.servlet.DispatcherServlet.doService(DispatcherServlet.java:979)
	at org.springframework.web.servlet.FrameworkServlet.processRequest(FrameworkServlet.java:1014)
	at org.springframework.web.servlet.FrameworkServlet.doPost(FrameworkServlet.java:914)
	at jakarta.servlet.http.HttpServlet.service(HttpServlet.java:590)
	at org.springframework.web.servlet.FrameworkServlet.service(FrameworkServlet.java:885)
	at jakarta.servlet.http.HttpServlet.service(HttpServlet.java:658)
	at org.apache.catalina.core.ApplicationFilterChain.internalDoFilter(ApplicationFilterChain.java:195)
	at org.apache.catalina.core.ApplicationFilterChain.doFilter(ApplicationFilterChain.java:140)
	at org.apache.tomcat.websocket.server.WsFilter.doFilter(WsFilter.java:51)
	at org.apache.catalina.core.ApplicationFilterChain.internalDoFilter(ApplicationFilterChain.java:164)
	at org.apache.catalina.core.ApplicationFilterChain.doFilter(ApplicationFilterChain.java:140)
	at org.springframework.web.filter.CorsFilter.doFilterInternal(CorsFilter.java:91)
	at org.springframework.web.filter.OncePerRequestFilter.doFilter(OncePerRequestFilter.java:116)
	at org.apache.catalina.core.ApplicationFilterChain.internalDoFilter(ApplicationFilterChain.java:164)
	at org.apache.catalina.core.ApplicationFilterChain.doFilter(ApplicationFilterChain.java:140)
	at org.springframework.web.filter.RequestContextFilter.doFilterInternal(RequestContextFilter.java:100)
	at org.springframework.web.filter.OncePerRequestFilter.doFilter(OncePerRequestFilter.java:116)
	at org.apache.catalina.core.ApplicationFilterChain.internalDoFilter(ApplicationFilterChain.java:164)
	at org.apache.catalina.core.ApplicationFilterChain.doFilter(ApplicationFilterChain.java:140)
	at org.springframework.web.filter.FormContentFilter.doFilterInternal(FormContentFilter.java:93)
	at org.springframework.web.filter.OncePerRequestFilter.doFilter(OncePerRequestFilter.java:116)
	at org.apache.catalina.core.ApplicationFilterChain.internalDoFilter(ApplicationFilterChain.java:164)
	at org.apache.catalina.core.ApplicationFilterChain.doFilter(ApplicationFilterChain.java:140)
	at org.springframework.web.filter.CharacterEncodingFilter.doFilterInternal(CharacterEncodingFilter.java:201)
	at org.springframework.web.filter.OncePerRequestFilter.doFilter(OncePerRequestFilter.java:116)
	at org.apache.catalina.core.ApplicationFilterChain.internalDoFilter(ApplicationFilterChain.java:164)
	at org.apache.catalina.core.ApplicationFilterChain.doFilter(ApplicationFilterChain.java:140)
	at org.apache.catalina.core.StandardWrapperValve.invoke(StandardWrapperValve.java:167)
	at org.apache.catalina.core.StandardContextValve.invoke(StandardContextValve.java:90)
	at org.apache.catalina.authenticator.AuthenticatorBase.invoke(AuthenticatorBase.java:483)
	at org.apache.catalina.core.StandardHostValve.invoke(StandardHostValve.java:115)
	at org.apache.catalina.valves.ErrorReportValve.invoke(ErrorReportValve.java:93)
	at org.apache.catalina.core.StandardEngineValve.invoke(StandardEngineValve.java:74)
	at org.apache.catalina.connector.CoyoteAdapter.service(CoyoteAdapter.java:344)
	at org.apache.coyote.http11.Http11Processor.service(Http11Processor.java:389)
	at org.apache.coyote.AbstractProcessorLight.process(AbstractProcessorLight.java:63)
	at org.apache.coyote.AbstractProtocol$ConnectionHandler.process(AbstractProtocol.java:904)
	at org.apache.tomcat.util.net.NioEndpoint$SocketProcessor.doRun(NioEndpoint.java:1741)
	at org.apache.tomcat.util.net.SocketProcessorBase.run(SocketProcessorBase.java:52)
	at org.apache.tomcat.util.threads.ThreadPoolExecutor.runWorker(ThreadPoolExecutor.java:1190)
	at org.apache.tomcat.util.threads.ThreadPoolExecutor$Worker.run(ThreadPoolExecutor.java:659)
	at org.apache.tomcat.util.threads.TaskThread$WrappingRunnable.run(TaskThread.java:63)
	at java.base/java.lang.Thread.run(Thread.java:842)
Caused by: com.fasterxml.jackson.databind.exc.InvalidFormatException: Cannot deserialize value of type `java.lang.Long` from String "patient-detail": not a valid `java.lang.Long` value
 at [Source: REDACTED (`StreamReadFeature.INCLUDE_SOURCE_IN_LOCATION` disabled); line: 1, column: 204] (through reference chain: kr.co.seoulit.reception.dto.ReceptionDTO["createdBy"])
	at com.fasterxml.jackson.databind.exc.InvalidFormatException.from(InvalidFormatException.java:67)
	at com.fasterxml.jackson.databind.DeserializationContext.weirdStringException(DeserializationContext.java:1958)
	at com.fasterxml.jackson.databind.DeserializationContext.handleWeirdStringValue(DeserializationContext.java:1245)
	at com.fasterxml.jackson.databind.deser.std.StdDeserializer._parseLong(StdDeserializer.java:986)
	at com.fasterxml.jackson.databind.deser.std.StdDeserializer._parseLong(StdDeserializer.java:974)
	at com.fasterxml.jackson.databind.deser.std.NumberDeserializers$LongDeserializer.deserialize(NumberDeserializers.java:575)
	at com.fasterxml.jackson.databind.deser.std.NumberDeserializers$LongDeserializer.deserialize(NumberDeserializers.java:550)
	at com.fasterxml.jackson.databind.deser.impl.MethodProperty.deserializeAndSet(MethodProperty.java:129)
	at com.fasterxml.jackson.databind.deser.BeanDeserializer.deserializeFromObject(BeanDeserializer.java:399)
	at com.fasterxml.jackson.databind.deser.BeanDeserializer.deserialize(BeanDeserializer.java:185)
	at com.fasterxml.jackson.databind.deser.DefaultDeserializationContext.readRootValue(DefaultDeserializationContext.java:342)
	at com.fasterxml.jackson.databind.ObjectReader._bindAndClose(ObjectReader.java:2125)
	at com.fasterxml.jackson.databind.ObjectReader.readValue(ObjectReader.java:1501)
	at org.springframework.http.converter.json.AbstractJackson2HttpMessageConverter.readJavaType(AbstractJackson2HttpMessageConverter.java:395)
	... 55 common frames omitted
2026-02-25 12:09:05.112 ERROR k.c.s.c.h.GlobalExceptionHandler - Unhandled server error
org.springframework.http.converter.HttpMessageNotReadableException: JSON parse error: Cannot deserialize value of type `java.lang.Long` from String "patient-detail": not a valid `java.lang.Long` value
	at org.springframework.http.converter.json.AbstractJackson2HttpMessageConverter.readJavaType(AbstractJackson2HttpMessageConverter.java:406)
	at org.springframework.http.converter.json.AbstractJackson2HttpMessageConverter.read(AbstractJackson2HttpMessageConverter.java:354)
	at org.springframework.web.servlet.mvc.method.annotation.AbstractMessageConverterMethodArgumentResolver.readWithMessageConverters(AbstractMessageConverterMethodArgumentResolver.java:184)
	at org.springframework.web.servlet.mvc.method.annotation.RequestResponseBodyMethodProcessor.readWithMessageConverters(RequestResponseBodyMethodProcessor.java:161)
	at org.springframework.web.servlet.mvc.method.annotation.RequestResponseBodyMethodProcessor.resolveArgument(RequestResponseBodyMethodProcessor.java:135)
	at org.springframework.web.method.support.HandlerMethodArgumentResolverComposite.resolveArgument(HandlerMethodArgumentResolverComposite.java:122)
	at org.springframework.web.method.support.InvocableHandlerMethod.getMethodArgumentValues(InvocableHandlerMethod.java:224)
	at org.springframework.web.method.support.InvocableHandlerMethod.invokeForRequest(InvocableHandlerMethod.java:178)
	at org.springframework.web.servlet.mvc.method.annotation.ServletInvocableHandlerMethod.invokeAndHandle(ServletInvocableHandlerMethod.java:118)
	at org.springframework.web.servlet.mvc.method.annotation.RequestMappingHandlerAdapter.invokeHandlerMethod(RequestMappingHandlerAdapter.java:926)
	at org.springframework.web.servlet.mvc.method.annotation.RequestMappingHandlerAdapter.handleInternal(RequestMappingHandlerAdapter.java:831)
	at org.springframework.web.servlet.mvc.method.AbstractHandlerMethodAdapter.handle(AbstractHandlerMethodAdapter.java:87)
	at org.springframework.web.servlet.DispatcherServlet.doDispatch(DispatcherServlet.java:1089)
	at org.springframework.web.servlet.DispatcherServlet.doService(DispatcherServlet.java:979)
	at org.springframework.web.servlet.FrameworkServlet.processRequest(FrameworkServlet.java:1014)
	at org.springframework.web.servlet.FrameworkServlet.doPost(FrameworkServlet.java:914)
	at jakarta.servlet.http.HttpServlet.service(HttpServlet.java:590)
	at org.springframework.web.servlet.FrameworkServlet.service(FrameworkServlet.java:885)
	at jakarta.servlet.http.HttpServlet.service(HttpServlet.java:658)
	at org.apache.catalina.core.ApplicationFilterChain.internalDoFilter(ApplicationFilterChain.java:195)
	at org.apache.catalina.core.ApplicationFilterChain.doFilter(ApplicationFilterChain.java:140)
	at org.apache.tomcat.websocket.server.WsFilter.doFilter(WsFilter.java:51)
	at org.apache.catalina.core.ApplicationFilterChain.internalDoFilter(ApplicationFilterChain.java:164)
	at org.apache.catalina.core.ApplicationFilterChain.doFilter(ApplicationFilterChain.java:140)
	at org.springframework.web.filter.CorsFilter.doFilterInternal(CorsFilter.java:91)
	at org.springframework.web.filter.OncePerRequestFilter.doFilter(OncePerRequestFilter.java:116)
	at org.apache.catalina.core.ApplicationFilterChain.internalDoFilter(ApplicationFilterChain.java:164)
	at org.apache.catalina.core.ApplicationFilterChain.doFilter(ApplicationFilterChain.java:140)
	at org.springframework.web.filter.RequestContextFilter.doFilterInternal(RequestContextFilter.java:100)
	at org.springframework.web.filter.OncePerRequestFilter.doFilter(OncePerRequestFilter.java:116)
	at org.apache.catalina.core.ApplicationFilterChain.internalDoFilter(ApplicationFilterChain.java:164)
	at org.apache.catalina.core.ApplicationFilterChain.doFilter(ApplicationFilterChain.java:140)
	at org.springframework.web.filter.FormContentFilter.doFilterInternal(FormContentFilter.java:93)
	at org.springframework.web.filter.OncePerRequestFilter.doFilter(OncePerRequestFilter.java:116)
	at org.apache.catalina.core.ApplicationFilterChain.internalDoFilter(ApplicationFilterChain.java:164)
	at org.apache.catalina.core.ApplicationFilterChain.doFilter(ApplicationFilterChain.java:140)
	at org.springframework.web.filter.CharacterEncodingFilter.doFilterInternal(CharacterEncodingFilter.java:201)
	at org.springframework.web.filter.OncePerRequestFilter.doFilter(OncePerRequestFilter.java:116)
	at org.apache.catalina.core.ApplicationFilterChain.internalDoFilter(ApplicationFilterChain.java:164)
	at org.apache.catalina.core.ApplicationFilterChain.doFilter(ApplicationFilterChain.java:140)
	at org.apache.catalina.core.StandardWrapperValve.invoke(StandardWrapperValve.java:167)
	at org.apache.catalina.core.StandardContextValve.invoke(StandardContextValve.java:90)
	at org.apache.catalina.authenticator.AuthenticatorBase.invoke(AuthenticatorBase.java:483)
	at org.apache.catalina.core.StandardHostValve.invoke(StandardHostValve.java:115)
	at org.apache.catalina.valves.ErrorReportValve.invoke(ErrorReportValve.java:93)
	at org.apache.catalina.core.StandardEngineValve.invoke(StandardEngineValve.java:74)
	at org.apache.catalina.connector.CoyoteAdapter.service(CoyoteAdapter.java:344)
	at org.apache.coyote.http11.Http11Processor.service(Http11Processor.java:389)
	at org.apache.coyote.AbstractProcessorLight.process(AbstractProcessorLight.java:63)
	at org.apache.coyote.AbstractProtocol$ConnectionHandler.process(AbstractProtocol.java:904)
	at org.apache.tomcat.util.net.NioEndpoint$SocketProcessor.doRun(NioEndpoint.java:1741)
	at org.apache.tomcat.util.net.SocketProcessorBase.run(SocketProcessorBase.java:52)
	at org.apache.tomcat.util.threads.ThreadPoolExecutor.runWorker(ThreadPoolExecutor.java:1190)
	at org.apache.tomcat.util.threads.ThreadPoolExecutor$Worker.run(ThreadPoolExecutor.java:659)
	at org.apache.tomcat.util.threads.TaskThread$WrappingRunnable.run(TaskThread.java:63)
	at java.base/java.lang.Thread.run(Thread.java:842)
Caused by: com.fasterxml.jackson.databind.exc.InvalidFormatException: Cannot deserialize value of type `java.lang.Long` from String "patient-detail": not a valid `java.lang.Long` value
 at [Source: REDACTED (`StreamReadFeature.INCLUDE_SOURCE_IN_LOCATION` disabled); line: 1, column: 204] (through reference chain: kr.co.seoulit.reception.dto.ReceptionDTO["createdBy"])
	at com.fasterxml.jackson.databind.exc.InvalidFormatException.from(InvalidFormatException.java:67)
	at com.fasterxml.jackson.databind.DeserializationContext.weirdStringException(DeserializationContext.java:1958)
	at com.fasterxml.jackson.databind.DeserializationContext.handleWeirdStringValue(DeserializationContext.java:1245)
	at com.fasterxml.jackson.databind.deser.std.StdDeserializer._parseLong(StdDeserializer.java:986)
	at com.fasterxml.jackson.databind.deser.std.StdDeserializer._parseLong(StdDeserializer.java:974)
	at com.fasterxml.jackson.databind.deser.std.NumberDeserializers$LongDeserializer.deserialize(NumberDeserializers.java:575)
	at com.fasterxml.jackson.databind.deser.std.NumberDeserializers$LongDeserializer.deserialize(NumberDeserializers.java:550)
	at com.fasterxml.jackson.databind.deser.impl.MethodProperty.deserializeAndSet(MethodProperty.java:129)
	at com.fasterxml.jackson.databind.deser.BeanDeserializer.deserializeFromObject(BeanDeserializer.java:399)
	at com.fasterxml.jackson.databind.deser.BeanDeserializer.deserialize(BeanDeserializer.java:185)
	at com.fasterxml.jackson.databind.deser.DefaultDeserializationContext.readRootValue(DefaultDeserializationContext.java:342)
	at com.fasterxml.jackson.databind.ObjectReader._bindAndClose(ObjectReader.java:2125)
	at com.fasterxml.jackson.databind.ObjectReader.readValue(ObjectReader.java:1501)
	at org.springframework.http.converter.json.AbstractJackson2HttpMessageConverter.readJavaType(AbstractJackson2HttpMessageConverter.java:395)
	... 55 common frames omitted
2026-02-25 12:14:24.446 INFO  k.co.seoulit.common.aop.LoggerAspect - Controller  : kr.co.seoulit.reception.controller.ReservationController.getReservations()시작
2026-02-25 12:14:24.446 INFO  k.c.s.r.c.ReservationController - 예약 목록 요청: searchType=null, searchValue=null
2026-02-25 12:14:24.474 INFO  k.co.seoulit.common.aop.LoggerAspect - ServiceImpl  : kr.co.seoulit.reception.service.ReservationServiceImpl.getReservationList()시작
2026-02-25 12:14:24.487 INFO  k.co.seoulit.common.aop.LoggerAspect - ServiceImpl  : kr.co.seoulit.reception.service.ReservationServiceImpl.getReservationList()종료
2026-02-25 12:14:24.498 INFO  k.co.seoulit.common.aop.LoggerAspect - Controller  : kr.co.seoulit.reception.controller.ReservationController.getReservations()종료
2026-02-25 12:14:24.507 INFO  k.co.seoulit.common.aop.LoggerAspect - Controller  : kr.co.seoulit.reception.controller.ReservationController.getReservations()시작
2026-02-25 12:14:24.507 INFO  k.c.s.r.c.ReservationController - 예약 목록 요청: searchType=null, searchValue=null
2026-02-25 12:14:24.509 INFO  k.co.seoulit.common.aop.LoggerAspect - ServiceImpl  : kr.co.seoulit.reception.service.ReservationServiceImpl.getReservationList()시작
2026-02-25 12:14:24.521 INFO  k.co.seoulit.common.aop.LoggerAspect - ServiceImpl  : kr.co.seoulit.reception.service.ReservationServiceImpl.getReservationList()종료
2026-02-25 12:14:24.532 INFO  k.co.seoulit.common.aop.LoggerAspect - Controller  : kr.co.seoulit.reception.controller.ReservationController.getReservations()종료
2026-02-25 12:14:33.878 INFO  k.co.seoulit.common.aop.LoggerAspect - Controller  : kr.co.seoulit.reception.controller.ReservationController.getReservations()시작
2026-02-25 12:14:33.878 INFO  k.co.seoulit.common.aop.LoggerAspect - Controller  : kr.co.seoulit.reception.controller.ReceptionController.getReceptions()시작
2026-02-25 12:14:33.879 INFO  k.c.s.r.c.ReceptionController - Reception list request: searchType=null, searchValue=null
2026-02-25 12:14:33.879 INFO  k.c.s.r.c.ReservationController - 예약 목록 요청: searchType=null, searchValue=null
2026-02-25 12:14:33.894 INFO  k.co.seoulit.common.aop.LoggerAspect - ServiceImpl  : kr.co.seoulit.reception.service.ReceptionServiceImpl.getReceptionList()시작
2026-02-25 12:14:33.894 INFO  k.co.seoulit.common.aop.LoggerAspect - ServiceImpl  : kr.co.seoulit.reception.service.ReservationServiceImpl.getReservationList()시작
2026-02-25 12:14:33.905 INFO  k.co.seoulit.common.aop.LoggerAspect - ServiceImpl  : kr.co.seoulit.reception.service.ReservationServiceImpl.getReservationList()종료
2026-02-25 12:14:33.913 INFO  k.co.seoulit.common.aop.LoggerAspect - Controller  : kr.co.seoulit.reception.controller.ReservationController.getReservations()종료
2026-02-25 12:14:33.921 INFO  k.co.seoulit.common.aop.LoggerAspect - ServiceImpl  : kr.co.seoulit.reception.service.ReceptionServiceImpl.getReceptionList()종료
2026-02-25 12:14:33.925 INFO  k.co.seoulit.common.aop.LoggerAspect - Controller  : kr.co.seoulit.reception.controller.ReservationController.getReservations()시작
2026-02-25 12:14:33.925 INFO  k.c.s.r.c.ReservationController - 예약 목록 요청: searchType=null, searchValue=null
2026-02-25 12:14:33.926 INFO  k.co.seoulit.common.aop.LoggerAspect - ServiceImpl  : kr.co.seoulit.reception.service.ReservationServiceImpl.getReservationList()시작
2026-02-25 12:14:33.929 INFO  k.co.seoulit.common.aop.LoggerAspect - Controller  : kr.co.seoulit.reception.controller.ReceptionController.getReceptions()종료
2026-02-25 12:14:33.938 INFO  k.co.seoulit.common.aop.LoggerAspect - Controller  : kr.co.seoulit.reception.controller.ReceptionController.getReceptions()시작
2026-02-25 12:14:33.939 INFO  k.c.s.r.c.ReceptionController - Reception list request: searchType=null, searchValue=null
2026-02-25 12:14:33.939 INFO  k.co.seoulit.common.aop.LoggerAspect - ServiceImpl  : kr.co.seoulit.reception.service.ReceptionServiceImpl.getReceptionList()시작
2026-02-25 12:14:33.939 INFO  k.co.seoulit.common.aop.LoggerAspect - ServiceImpl  : kr.co.seoulit.reception.service.ReservationServiceImpl.getReservationList()종료
2026-02-25 12:14:33.949 INFO  k.co.seoulit.common.aop.LoggerAspect - Controller  : kr.co.seoulit.reception.controller.ReservationController.getReservations()종료
2026-02-25 12:14:33.959 INFO  k.co.seoulit.common.aop.LoggerAspect - ServiceImpl  : kr.co.seoulit.reception.service.ReceptionServiceImpl.getReceptionList()종료
2026-02-25 12:14:33.966 INFO  k.co.seoulit.common.aop.LoggerAspect - Controller  : kr.co.seoulit.reception.controller.ReceptionController.getReceptions()종료
2026-02-25 12:14:34.018 INFO  k.co.seoulit.common.aop.LoggerAspect - Controller  : kr.co.seoulit.reception.controller.ReceptionController.getReceptions()시작
2026-02-25 12:14:34.019 INFO  k.c.s.r.c.ReceptionController - Reception list request: searchType=null, searchValue=null
2026-02-25 12:14:34.020 INFO  k.co.seoulit.common.aop.LoggerAspect - ServiceImpl  : kr.co.seoulit.reception.service.ReceptionServiceImpl.getReceptionList()시작
2026-02-25 12:14:34.039 INFO  k.co.seoulit.common.aop.LoggerAspect - ServiceImpl  : kr.co.seoulit.reception.service.ReceptionServiceImpl.getReceptionList()종료
2026-02-25 12:14:34.046 INFO  k.co.seoulit.common.aop.LoggerAspect - Controller  : kr.co.seoulit.reception.controller.ReceptionController.getReceptions()종료
2026-02-25 12:14:34.089 INFO  k.co.seoulit.common.aop.LoggerAspect - Controller  : kr.co.seoulit.reception.controller.ReceptionController.getReceptions()시작
2026-02-25 12:14:34.089 INFO  k.c.s.r.c.ReceptionController - Reception list request: searchType=null, searchValue=null
2026-02-25 12:14:34.089 INFO  k.co.seoulit.common.aop.LoggerAspect - ServiceImpl  : kr.co.seoulit.reception.service.ReceptionServiceImpl.getReceptionList()시작
2026-02-25 12:14:34.115 INFO  k.co.seoulit.common.aop.LoggerAspect - ServiceImpl  : kr.co.seoulit.reception.service.ReceptionServiceImpl.getReceptionList()종료
2026-02-25 12:14:34.122 INFO  k.co.seoulit.common.aop.LoggerAspect - Controller  : kr.co.seoulit.reception.controller.ReceptionController.getReceptions()종료
2026-02-25 12:15:38.415 ERROR k.c.s.c.h.GlobalExceptionHandler - Unhandled server error
org.springframework.http.converter.HttpMessageNotReadableException: JSON parse error: Cannot deserialize value of type `java.lang.Long` from String "patient-detail": not a valid `java.lang.Long` value
	at org.springframework.http.converter.json.AbstractJackson2HttpMessageConverter.readJavaType(AbstractJackson2HttpMessageConverter.java:406)
	at org.springframework.http.converter.json.AbstractJackson2HttpMessageConverter.read(AbstractJackson2HttpMessageConverter.java:354)
	at org.springframework.web.servlet.mvc.method.annotation.AbstractMessageConverterMethodArgumentResolver.readWithMessageConverters(AbstractMessageConverterMethodArgumentResolver.java:184)
	at org.springframework.web.servlet.mvc.method.annotation.RequestResponseBodyMethodProcessor.readWithMessageConverters(RequestResponseBodyMethodProcessor.java:161)
	at org.springframework.web.servlet.mvc.method.annotation.RequestResponseBodyMethodProcessor.resolveArgument(RequestResponseBodyMethodProcessor.java:135)
	at org.springframework.web.method.support.HandlerMethodArgumentResolverComposite.resolveArgument(HandlerMethodArgumentResolverComposite.java:122)
	at org.springframework.web.method.support.InvocableHandlerMethod.getMethodArgumentValues(InvocableHandlerMethod.java:224)
	at org.springframework.web.method.support.InvocableHandlerMethod.invokeForRequest(InvocableHandlerMethod.java:178)
	at org.springframework.web.servlet.mvc.method.annotation.ServletInvocableHandlerMethod.invokeAndHandle(ServletInvocableHandlerMethod.java:118)
	at org.springframework.web.servlet.mvc.method.annotation.RequestMappingHandlerAdapter.invokeHandlerMethod(RequestMappingHandlerAdapter.java:926)
	at org.springframework.web.servlet.mvc.method.annotation.RequestMappingHandlerAdapter.handleInternal(RequestMappingHandlerAdapter.java:831)
	at org.springframework.web.servlet.mvc.method.AbstractHandlerMethodAdapter.handle(AbstractHandlerMethodAdapter.java:87)
	at org.springframework.web.servlet.DispatcherServlet.doDispatch(DispatcherServlet.java:1089)
	at org.springframework.web.servlet.DispatcherServlet.doService(DispatcherServlet.java:979)
	at org.springframework.web.servlet.FrameworkServlet.processRequest(FrameworkServlet.java:1014)
	at org.springframework.web.servlet.FrameworkServlet.doPost(FrameworkServlet.java:914)
	at jakarta.servlet.http.HttpServlet.service(HttpServlet.java:590)
	at org.springframework.web.servlet.FrameworkServlet.service(FrameworkServlet.java:885)
	at jakarta.servlet.http.HttpServlet.service(HttpServlet.java:658)
	at org.apache.catalina.core.ApplicationFilterChain.internalDoFilter(ApplicationFilterChain.java:195)
	at org.apache.catalina.core.ApplicationFilterChain.doFilter(ApplicationFilterChain.java:140)
	at org.apache.tomcat.websocket.server.WsFilter.doFilter(WsFilter.java:51)
	at org.apache.catalina.core.ApplicationFilterChain.internalDoFilter(ApplicationFilterChain.java:164)
	at org.apache.catalina.core.ApplicationFilterChain.doFilter(ApplicationFilterChain.java:140)
	at org.springframework.web.filter.CorsFilter.doFilterInternal(CorsFilter.java:91)
	at org.springframework.web.filter.OncePerRequestFilter.doFilter(OncePerRequestFilter.java:116)
	at org.apache.catalina.core.ApplicationFilterChain.internalDoFilter(ApplicationFilterChain.java:164)
	at org.apache.catalina.core.ApplicationFilterChain.doFilter(ApplicationFilterChain.java:140)
	at org.springframework.web.filter.RequestContextFilter.doFilterInternal(RequestContextFilter.java:100)
	at org.springframework.web.filter.OncePerRequestFilter.doFilter(OncePerRequestFilter.java:116)
	at org.apache.catalina.core.ApplicationFilterChain.internalDoFilter(ApplicationFilterChain.java:164)
	at org.apache.catalina.core.ApplicationFilterChain.doFilter(ApplicationFilterChain.java:140)
	at org.springframework.web.filter.FormContentFilter.doFilterInternal(FormContentFilter.java:93)
	at org.springframework.web.filter.OncePerRequestFilter.doFilter(OncePerRequestFilter.java:116)
	at org.apache.catalina.core.ApplicationFilterChain.internalDoFilter(ApplicationFilterChain.java:164)
	at org.apache.catalina.core.ApplicationFilterChain.doFilter(ApplicationFilterChain.java:140)
	at org.springframework.web.filter.CharacterEncodingFilter.doFilterInternal(CharacterEncodingFilter.java:201)
	at org.springframework.web.filter.OncePerRequestFilter.doFilter(OncePerRequestFilter.java:116)
	at org.apache.catalina.core.ApplicationFilterChain.internalDoFilter(ApplicationFilterChain.java:164)
	at org.apache.catalina.core.ApplicationFilterChain.doFilter(ApplicationFilterChain.java:140)
	at org.apache.catalina.core.StandardWrapperValve.invoke(StandardWrapperValve.java:167)
	at org.apache.catalina.core.StandardContextValve.invoke(StandardContextValve.java:90)
	at org.apache.catalina.authenticator.AuthenticatorBase.invoke(AuthenticatorBase.java:483)
	at org.apache.catalina.core.StandardHostValve.invoke(StandardHostValve.java:115)
	at org.apache.catalina.valves.ErrorReportValve.invoke(ErrorReportValve.java:93)
	at org.apache.catalina.core.StandardEngineValve.invoke(StandardEngineValve.java:74)
	at org.apache.catalina.connector.CoyoteAdapter.service(CoyoteAdapter.java:344)
	at org.apache.coyote.http11.Http11Processor.service(Http11Processor.java:389)
	at org.apache.coyote.AbstractProcessorLight.process(AbstractProcessorLight.java:63)
	at org.apache.coyote.AbstractProtocol$ConnectionHandler.process(AbstractProtocol.java:904)
	at org.apache.tomcat.util.net.NioEndpoint$SocketProcessor.doRun(NioEndpoint.java:1741)
	at org.apache.tomcat.util.net.SocketProcessorBase.run(SocketProcessorBase.java:52)
	at org.apache.tomcat.util.threads.ThreadPoolExecutor.runWorker(ThreadPoolExecutor.java:1190)
	at org.apache.tomcat.util.threads.ThreadPoolExecutor$Worker.run(ThreadPoolExecutor.java:659)
	at org.apache.tomcat.util.threads.TaskThread$WrappingRunnable.run(TaskThread.java:63)
	at java.base/java.lang.Thread.run(Thread.java:842)
Caused by: com.fasterxml.jackson.databind.exc.InvalidFormatException: Cannot deserialize value of type `java.lang.Long` from String "patient-detail": not a valid `java.lang.Long` value
 at [Source: REDACTED (`StreamReadFeature.INCLUDE_SOURCE_IN_LOCATION` disabled); line: 1, column: 198] (through reference chain: kr.co.seoulit.reception.dto.ReceptionDTO["createdBy"])
	at com.fasterxml.jackson.databind.exc.InvalidFormatException.from(InvalidFormatException.java:67)
	at com.fasterxml.jackson.databind.DeserializationContext.weirdStringException(DeserializationContext.java:1958)
	at com.fasterxml.jackson.databind.DeserializationContext.handleWeirdStringValue(DeserializationContext.java:1245)
	at com.fasterxml.jackson.databind.deser.std.StdDeserializer._parseLong(StdDeserializer.java:986)
	at com.fasterxml.jackson.databind.deser.std.StdDeserializer._parseLong(StdDeserializer.java:974)
	at com.fasterxml.jackson.databind.deser.std.NumberDeserializers$LongDeserializer.deserialize(NumberDeserializers.java:575)
	at com.fasterxml.jackson.databind.deser.std.NumberDeserializers$LongDeserializer.deserialize(NumberDeserializers.java:550)
	at com.fasterxml.jackson.databind.deser.impl.MethodProperty.deserializeAndSet(MethodProperty.java:129)
	at com.fasterxml.jackson.databind.deser.BeanDeserializer.deserializeFromObject(BeanDeserializer.java:399)
	at com.fasterxml.jackson.databind.deser.BeanDeserializer.deserialize(BeanDeserializer.java:185)
	at com.fasterxml.jackson.databind.deser.DefaultDeserializationContext.readRootValue(DefaultDeserializationContext.java:342)
	at com.fasterxml.jackson.databind.ObjectReader._bindAndClose(ObjectReader.java:2125)
	at com.fasterxml.jackson.databind.ObjectReader.readValue(ObjectReader.java:1501)
	at org.springframework.http.converter.json.AbstractJackson2HttpMessageConverter.readJavaType(AbstractJackson2HttpMessageConverter.java:395)
	... 55 common frames omitted
2026-02-25 12:21:27.795 INFO  k.co.seoulit.common.aop.LoggerAspect - Controller  : kr.co.seoulit.reception.controller.ReservationController.getReservations()시작
2026-02-25 12:21:27.796 INFO  k.c.s.r.c.ReservationController - 예약 목록 요청: searchType=null, searchValue=null
2026-02-25 12:21:27.796 INFO  k.co.seoulit.common.aop.LoggerAspect - Controller  : kr.co.seoulit.reception.controller.ReceptionController.getReceptions()시작
2026-02-25 12:21:27.796 INFO  k.c.s.r.c.ReceptionController - Reception list request: searchType=null, searchValue=null
2026-02-25 12:21:27.812 INFO  k.co.seoulit.common.aop.LoggerAspect - ServiceImpl  : kr.co.seoulit.reception.service.ReservationServiceImpl.getReservationList()시작
2026-02-25 12:21:27.818 INFO  k.co.seoulit.common.aop.LoggerAspect - ServiceImpl  : kr.co.seoulit.reception.service.ReceptionServiceImpl.getReceptionList()시작
2026-02-25 12:21:27.839 INFO  k.co.seoulit.common.aop.LoggerAspect - ServiceImpl  : kr.co.seoulit.reception.service.ReservationServiceImpl.getReservationList()종료
2026-02-25 12:21:27.871 INFO  k.co.seoulit.common.aop.LoggerAspect - Controller  : kr.co.seoulit.reception.controller.ReservationController.getReservations()종료
2026-02-25 12:21:27.877 INFO  k.co.seoulit.common.aop.LoggerAspect - ServiceImpl  : kr.co.seoulit.reception.service.ReceptionServiceImpl.getReceptionList()종료
2026-02-25 12:21:27.877 INFO  k.co.seoulit.common.aop.LoggerAspect - Controller  : kr.co.seoulit.reception.controller.ReservationController.getReservations()시작
2026-02-25 12:21:27.878 INFO  k.c.s.r.c.ReservationController - 예약 목록 요청: searchType=null, searchValue=null
2026-02-25 12:21:27.878 INFO  k.co.seoulit.common.aop.LoggerAspect - ServiceImpl  : kr.co.seoulit.reception.service.ReservationServiceImpl.getReservationList()시작
2026-02-25 12:21:27.889 INFO  k.co.seoulit.common.aop.LoggerAspect - Controller  : kr.co.seoulit.reception.controller.ReceptionController.getReceptions()종료
2026-02-25 12:21:27.894 INFO  k.co.seoulit.common.aop.LoggerAspect - Controller  : kr.co.seoulit.reception.controller.ReceptionController.getReceptions()시작
2026-02-25 12:21:27.894 INFO  k.c.s.r.c.ReceptionController - Reception list request: searchType=null, searchValue=null
2026-02-25 12:21:27.895 INFO  k.co.seoulit.common.aop.LoggerAspect - ServiceImpl  : kr.co.seoulit.reception.service.ReceptionServiceImpl.getReceptionList()시작
2026-02-25 12:21:27.913 INFO  k.co.seoulit.common.aop.LoggerAspect - ServiceImpl  : kr.co.seoulit.reception.service.ReservationServiceImpl.getReservationList()종료
2026-02-25 12:21:27.955 INFO  k.co.seoulit.common.aop.LoggerAspect - Controller  : kr.co.seoulit.reception.controller.ReservationController.getReservations()종료
2026-02-25 12:21:27.986 INFO  k.co.seoulit.common.aop.LoggerAspect - ServiceImpl  : kr.co.seoulit.reception.service.ReceptionServiceImpl.getReceptionList()종료
2026-02-25 12:21:28.026 INFO  k.co.seoulit.common.aop.LoggerAspect - Controller  : kr.co.seoulit.reception.controller.ReceptionController.getReceptions()종료
2026-02-25 12:21:28.032 INFO  k.co.seoulit.common.aop.LoggerAspect - Controller  : kr.co.seoulit.reception.controller.ReceptionController.getReceptions()시작
2026-02-25 12:21:28.032 INFO  k.c.s.r.c.ReceptionController - Reception list request: searchType=null, searchValue=null
2026-02-25 12:21:28.034 INFO  k.co.seoulit.common.aop.LoggerAspect - ServiceImpl  : kr.co.seoulit.reception.service.ReceptionServiceImpl.getReceptionList()시작
2026-02-25 12:21:28.133 INFO  k.co.seoulit.common.aop.LoggerAspect - ServiceImpl  : kr.co.seoulit.reception.service.ReceptionServiceImpl.getReceptionList()종료
2026-02-25 12:21:28.172 INFO  k.co.seoulit.common.aop.LoggerAspect - Controller  : kr.co.seoulit.reception.controller.ReceptionController.getReceptions()종료
2026-02-25 12:21:28.180 INFO  k.co.seoulit.common.aop.LoggerAspect - Controller  : kr.co.seoulit.reception.controller.ReceptionController.getReceptions()시작
2026-02-25 12:21:28.180 INFO  k.c.s.r.c.ReceptionController - Reception list request: searchType=null, searchValue=null
2026-02-25 12:21:28.186 INFO  k.co.seoulit.common.aop.LoggerAspect - ServiceImpl  : kr.co.seoulit.reception.service.ReceptionServiceImpl.getReceptionList()시작
2026-02-25 12:21:28.233 INFO  k.co.seoulit.common.aop.LoggerAspect - ServiceImpl  : kr.co.seoulit.reception.service.ReceptionServiceImpl.getReceptionList()종료
2026-02-25 12:21:28.244 INFO  k.co.seoulit.common.aop.LoggerAspect - Controller  : kr.co.seoulit.reception.controller.ReceptionController.getReceptions()종료
2026-02-25 12:21:47.476 INFO  k.co.seoulit.common.aop.LoggerAspect - Controller  : kr.co.seoulit.reception.controller.ReceptionController.getReceptions()시작
2026-02-25 12:21:47.476 INFO  k.c.s.r.c.ReceptionController - Reception list request: searchType=null, searchValue=null
2026-02-25 12:21:47.476 INFO  k.co.seoulit.common.aop.LoggerAspect - Controller  : kr.co.seoulit.reception.controller.ReservationController.getReservations()시작
2026-02-25 12:21:47.476 INFO  k.c.s.r.c.ReservationController - 예약 목록 요청: searchType=null, searchValue=null
2026-02-25 12:21:47.500 INFO  k.co.seoulit.common.aop.LoggerAspect - ServiceImpl  : kr.co.seoulit.reception.service.ReceptionServiceImpl.getReceptionList()시작
2026-02-25 12:21:47.509 INFO  k.co.seoulit.common.aop.LoggerAspect - ServiceImpl  : kr.co.seoulit.reception.service.ReservationServiceImpl.getReservationList()시작
2026-02-25 12:21:47.525 INFO  k.co.seoulit.common.aop.LoggerAspect - ServiceImpl  : kr.co.seoulit.reception.service.ReservationServiceImpl.getReservationList()종료
2026-02-25 12:21:47.531 INFO  k.co.seoulit.common.aop.LoggerAspect - ServiceImpl  : kr.co.seoulit.reception.service.ReceptionServiceImpl.getReceptionList()종료
2026-02-25 12:21:47.539 INFO  k.co.seoulit.common.aop.LoggerAspect - Controller  : kr.co.seoulit.reception.controller.ReceptionController.getReceptions()종료
2026-02-25 12:21:47.539 INFO  k.co.seoulit.common.aop.LoggerAspect - Controller  : kr.co.seoulit.reception.controller.ReservationController.getReservations()종료
2026-02-25 12:21:47.547 INFO  k.co.seoulit.common.aop.LoggerAspect - Controller  : kr.co.seoulit.reception.controller.ReceptionController.getReceptions()시작
2026-02-25 12:21:47.547 INFO  k.c.s.r.c.ReceptionController - Reception list request: searchType=null, searchValue=null
2026-02-25 12:21:47.548 INFO  k.co.seoulit.common.aop.LoggerAspect - ServiceImpl  : kr.co.seoulit.reception.service.ReceptionServiceImpl.getReceptionList()시작
2026-02-25 12:21:47.575 INFO  k.co.seoulit.common.aop.LoggerAspect - Controller  : kr.co.seoulit.reception.controller.ReservationController.getReservations()시작
2026-02-25 12:21:47.575 INFO  k.c.s.r.c.ReservationController - 예약 목록 요청: searchType=null, searchValue=null
2026-02-25 12:21:47.583 INFO  k.co.seoulit.common.aop.LoggerAspect - ServiceImpl  : kr.co.seoulit.reception.service.ReservationServiceImpl.getReservationList()시작
2026-02-25 12:21:47.623 INFO  k.co.seoulit.common.aop.LoggerAspect - ServiceImpl  : kr.co.seoulit.reception.service.ReservationServiceImpl.getReservationList()종료
2026-02-25 12:21:47.623 INFO  k.co.seoulit.common.aop.LoggerAspect - ServiceImpl  : kr.co.seoulit.reception.service.ReceptionServiceImpl.getReceptionList()종료
2026-02-25 12:21:47.663 INFO  k.co.seoulit.common.aop.LoggerAspect - Controller  : kr.co.seoulit.reception.controller.ReservationController.getReservations()종료
2026-02-25 12:21:47.663 INFO  k.co.seoulit.common.aop.LoggerAspect - Controller  : kr.co.seoulit.reception.controller.ReceptionController.getReceptions()종료
2026-02-25 12:21:47.671 INFO  k.co.seoulit.common.aop.LoggerAspect - Controller  : kr.co.seoulit.reception.controller.ReceptionController.getReceptions()시작
2026-02-25 12:21:47.672 INFO  k.c.s.r.c.ReceptionController - Reception list request: searchType=null, searchValue=null
2026-02-25 12:21:47.674 INFO  k.co.seoulit.common.aop.LoggerAspect - ServiceImpl  : kr.co.seoulit.reception.service.ReceptionServiceImpl.getReceptionList()시작
2026-02-25 12:21:47.736 INFO  k.co.seoulit.common.aop.LoggerAspect - ServiceImpl  : kr.co.seoulit.reception.service.ReceptionServiceImpl.getReceptionList()종료
2026-02-25 12:21:47.773 INFO  k.co.seoulit.common.aop.LoggerAspect - Controller  : kr.co.seoulit.reception.controller.ReceptionController.getReceptions()종료
2026-02-25 12:21:47.811 INFO  k.co.seoulit.common.aop.LoggerAspect - Controller  : kr.co.seoulit.reception.controller.ReceptionController.getReceptions()시작
2026-02-25 12:21:47.812 INFO  k.c.s.r.c.ReceptionController - Reception list request: searchType=null, searchValue=null
2026-02-25 12:21:47.812 INFO  k.co.seoulit.common.aop.LoggerAspect - ServiceImpl  : kr.co.seoulit.reception.service.ReceptionServiceImpl.getReceptionList()시작
2026-02-25 12:21:47.889 INFO  k.co.seoulit.common.aop.LoggerAspect - ServiceImpl  : kr.co.seoulit.reception.service.ReceptionServiceImpl.getReceptionList()종료
2026-02-25 12:21:47.898 INFO  k.co.seoulit.common.aop.LoggerAspect - Controller  : kr.co.seoulit.reception.controller.ReceptionController.getReceptions()종료
2026-02-25 12:21:48.029 INFO  k.co.seoulit.common.aop.LoggerAspect - Controller  : kr.co.seoulit.reception.controller.ReceptionController.getReception()시작
2026-02-25 12:21:48.029 INFO  k.c.s.r.c.ReceptionController - Get reception request: id=22
2026-02-25 12:21:48.029 INFO  k.co.seoulit.common.aop.LoggerAspect - ServiceImpl  : kr.co.seoulit.reception.service.ReceptionServiceImpl.getReception()시작
2026-02-25 12:21:48.030 DEBUG org.hibernate.SQL - select re1_0.reception_id,re1_0.arrived_at,re1_0.cancel_reason_code,re1_0.cancel_reason_text,re1_0.created_at,re1_0.created_by,re1_0.department_id,re1_0.department_name,re1_0.doctor_id,re1_0.doctor_name,re1_0.hold_reason_code,re1_0.hold_reason_text,re1_0.inactive_at,re1_0.inactive_reason_code,re1_0.inactive_reason_text,re1_0.is_active,re1_0.note,re1_0.patient_id,re1_0.patient_name,re1_0.reception_no,re1_0.reservation_id,re1_0.scheduled_at,re1_0.status,re1_0.updated_at,re1_0.updated_by,re1_0.visit_type from reception re1_0 where re1_0.reception_id=?
2026-02-25 12:21:48.030 TRACE org.hibernate.orm.jdbc.bind - binding parameter (1:BIGINT) <- [22]
2026-02-25 12:21:48.070 INFO  k.co.seoulit.common.aop.LoggerAspect - kr.co.seoulit.reception.mapstruct.ReceptionResMapStructImpl.toDto()시작
2026-02-25 12:21:48.071 INFO  k.co.seoulit.common.aop.LoggerAspect - kr.co.seoulit.reception.mapstruct.ReceptionResMapStructImpl.toDto()종료
2026-02-25 12:21:48.071 INFO  k.co.seoulit.common.aop.LoggerAspect - ServiceImpl  : kr.co.seoulit.reception.service.ReceptionServiceImpl.getReception()종료
2026-02-25 12:21:48.079 INFO  k.co.seoulit.common.aop.LoggerAspect - Controller  : kr.co.seoulit.reception.controller.ReceptionController.getReception()종료
2026-02-25 12:49:47.810 INFO  o.s.o.j.LocalContainerEntityManagerFactoryBean - Closing JPA EntityManagerFactory for persistence unit 'default'
2026-02-25 12:49:47.844 INFO  com.zaxxer.hikari.HikariDataSource - HikariPool-1 - Shutdown initiated...
2026-02-25 12:49:47.927 INFO  com.zaxxer.hikari.HikariDataSource - HikariPool-1 - Shutdown completed.
2026-02-25 14:00:59.775 INFO  o.h.validator.internal.util.Version - HV000001: Hibernate Validator 8.0.1.Final
2026-02-25 14:00:59.846 INFO  kr.co.seoulit.ReceptionApplication - Starting ReceptionApplication using Java 17.0.12 with PID 109992 (D:\서울IT교육센터\dev\teamwork\project\backend\hospital_reception_backend\reception_back\build\classes\java\main started by USER in D:\서울IT교육센터\dev\teamwork\project\backend\hospital_reception_backend\reception_back)
2026-02-25 14:00:59.847 INFO  kr.co.seoulit.ReceptionApplication - No active profile set, falling back to 1 default profile: "default"
2026-02-25 14:01:02.601 INFO  o.s.d.r.c.RepositoryConfigurationDelegate - Multiple Spring Data modules found, entering strict repository configuration mode
2026-02-25 14:01:02.603 INFO  o.s.d.r.c.RepositoryConfigurationDelegate - Bootstrapping Spring Data JPA repositories in DEFAULT mode.
2026-02-25 14:01:02.885 INFO  o.s.d.r.c.RepositoryConfigurationDelegate - Finished Spring Data repository scanning in 273 ms. Found 9 JPA repository interfaces.
2026-02-25 14:01:02.904 INFO  o.s.d.r.c.RepositoryConfigurationDelegate - Multiple Spring Data modules found, entering strict repository configuration mode
2026-02-25 14:01:02.906 INFO  o.s.d.r.c.RepositoryConfigurationDelegate - Bootstrapping Spring Data Redis repositories in DEFAULT mode.
2026-02-25 14:01:02.923 INFO  o.s.d.r.c.RepositoryConfigurationExtensionSupport - Spring Data Redis - Could not safely identify store assignment for repository candidate interface kr.co.seoulit.common.audit.AuditLogRepository; If you want this repository to be a Redis repository, consider annotating your entities with one of these annotations: org.springframework.data.redis.core.RedisHash (preferred), or consider extending one of the following types with your repository: org.springframework.data.keyvalue.repository.KeyValueRepository
2026-02-25 14:01:02.924 INFO  o.s.d.r.c.RepositoryConfigurationExtensionSupport - Spring Data Redis - Could not safely identify store assignment for repository candidate interface kr.co.seoulit.reception.repository.DepartmentRepository; If you want this repository to be a Redis repository, consider annotating your entities with one of these annotations: org.springframework.data.redis.core.RedisHash (preferred), or consider extending one of the following types with your repository: org.springframework.data.keyvalue.repository.KeyValueRepository
2026-02-25 14:01:02.925 INFO  o.s.d.r.c.RepositoryConfigurationExtensionSupport - Spring Data Redis - Could not safely identify store assignment for repository candidate interface kr.co.seoulit.reception.repository.DoctorRepository; If you want this repository to be a Redis repository, consider annotating your entities with one of these annotations: org.springframework.data.redis.core.RedisHash (preferred), or consider extending one of the following types with your repository: org.springframework.data.keyvalue.repository.KeyValueRepository
2026-02-25 14:01:02.925 INFO  o.s.d.r.c.RepositoryConfigurationExtensionSupport - Spring Data Redis - Could not safely identify store assignment for repository candidate interface kr.co.seoulit.reception.repository.PatientRepository; If you want this repository to be a Redis repository, consider annotating your entities with one of these annotations: org.springframework.data.redis.core.RedisHash (preferred), or consider extending one of the following types with your repository: org.springframework.data.keyvalue.repository.KeyValueRepository
2026-02-25 14:01:02.926 INFO  o.s.d.r.c.RepositoryConfigurationExtensionSupport - Spring Data Redis - Could not safely identify store assignment for repository candidate interface kr.co.seoulit.reception.repository.ReceptionEmergencyRepository; If you want this repository to be a Redis repository, consider annotating your entities with one of these annotations: org.springframework.data.redis.core.RedisHash (preferred), or consider extending one of the following types with your repository: org.springframework.data.keyvalue.repository.KeyValueRepository
2026-02-25 14:01:02.926 INFO  o.s.d.r.c.RepositoryConfigurationExtensionSupport - Spring Data Redis - Could not safely identify store assignment for repository candidate interface kr.co.seoulit.reception.repository.ReceptionInpatientRepository; If you want this repository to be a Redis repository, consider annotating your entities with one of these annotations: org.springframework.data.redis.core.RedisHash (preferred), or consider extending one of the following types with your repository: org.springframework.data.keyvalue.repository.KeyValueRepository
2026-02-25 14:01:02.926 INFO  o.s.d.r.c.RepositoryConfigurationExtensionSupport - Spring Data Redis - Could not safely identify store assignment for repository candidate interface kr.co.seoulit.reception.repository.ReceptionRepository; If you want this repository to be a Redis repository, consider annotating your entities with one of these annotations: org.springframework.data.redis.core.RedisHash (preferred), or consider extending one of the following types with your repository: org.springframework.data.keyvalue.repository.KeyValueRepository
2026-02-25 14:01:02.927 INFO  o.s.d.r.c.RepositoryConfigurationExtensionSupport - Spring Data Redis - Could not safely identify store assignment for repository candidate interface kr.co.seoulit.reception.repository.ReceptionStatusHistoryRepository; If you want this repository to be a Redis repository, consider annotating your entities with one of these annotations: org.springframework.data.redis.core.RedisHash (preferred), or consider extending one of the following types with your repository: org.springframework.data.keyvalue.repository.KeyValueRepository
2026-02-25 14:01:02.927 INFO  o.s.d.r.c.RepositoryConfigurationExtensionSupport - Spring Data Redis - Could not safely identify store assignment for repository candidate interface kr.co.seoulit.reception.repository.ReservationRepository; If you want this repository to be a Redis repository, consider annotating your entities with one of these annotations: org.springframework.data.redis.core.RedisHash (preferred), or consider extending one of the following types with your repository: org.springframework.data.keyvalue.repository.KeyValueRepository
2026-02-25 14:01:02.927 INFO  o.s.d.r.c.RepositoryConfigurationDelegate - Finished Spring Data repository scanning in 12 ms. Found 0 Redis repository interfaces.
2026-02-25 14:01:04.288 INFO  o.s.b.w.e.tomcat.TomcatWebServer - Tomcat initialized with port 8283 (http)
2026-02-25 14:01:04.326 INFO  o.a.coyote.http11.Http11NioProtocol - Initializing ProtocolHandler ["http-nio-8283"]
2026-02-25 14:01:04.331 INFO  o.a.catalina.core.StandardService - Starting service [Tomcat]
2026-02-25 14:01:04.332 INFO  o.a.catalina.core.StandardEngine - Starting Servlet engine: [Apache Tomcat/10.1.26]
2026-02-25 14:01:04.582 INFO  o.a.c.c.C.[Tomcat].[localhost].[/] - Initializing Spring embedded WebApplicationContext
2026-02-25 14:01:04.584 INFO  o.s.b.w.s.c.ServletWebServerApplicationContext - Root WebApplicationContext: initialization completed in 4658 ms
2026-02-25 14:01:05.159 INFO  o.h.jpa.internal.util.LogHelper - HHH000204: Processing PersistenceUnitInfo [name: default]
2026-02-25 14:01:05.599 INFO  org.hibernate.Version - HHH000412: Hibernate ORM core version 6.5.2.Final
2026-02-25 14:01:05.916 INFO  o.h.c.i.RegionFactoryInitiator - HHH000026: Second-level cache disabled
2026-02-25 14:01:06.928 INFO  o.s.o.j.p.SpringPersistenceUnitInfo - No LoadTimeWeaver setup: ignoring JPA class transformer
2026-02-25 14:01:07.076 INFO  com.zaxxer.hikari.HikariDataSource - HikariPool-1 - Starting...
2026-02-25 14:01:07.672 INFO  com.zaxxer.hikari.pool.HikariPool - HikariPool-1 - Added connection oracle.jdbc.driver.T4CConnection@1c2fb9e8
2026-02-25 14:01:07.675 INFO  com.zaxxer.hikari.HikariDataSource - HikariPool-1 - Start completed.
2026-02-25 14:01:07.836 WARN  org.hibernate.orm.deprecation - HHH90000026: Oracle10gDialect has been deprecated; use org.hibernate.community.dialect.OracleLegacyDialect instead
2026-02-25 14:01:10.854 INFO  o.h.e.t.j.p.i.JtaPlatformInitiator - HHH000489: No JTA platform available (set 'hibernate.transaction.jta.platform' to enable JTA platform integration)
2026-02-25 14:01:10.879 INFO  o.s.o.j.LocalContainerEntityManagerFactoryBean - Initialized JPA EntityManagerFactory for persistence unit 'default'
2026-02-25 14:01:13.923 WARN  o.s.b.a.o.j.JpaBaseConfiguration$JpaWebConfiguration - spring.jpa.open-in-view is enabled by default. Therefore, database queries may be performed during view rendering. Explicitly configure spring.jpa.open-in-view to disable this warning
2026-02-25 14:01:14.008 INFO  o.s.b.a.w.s.WelcomePageHandlerMapping - Adding welcome page: class path resource [static/index.html]
2026-02-25 14:01:15.860 INFO  o.a.coyote.http11.Http11NioProtocol - Starting ProtocolHandler ["http-nio-8283"]
2026-02-25 14:01:15.910 INFO  o.s.b.w.e.tomcat.TomcatWebServer - Tomcat started on port 8283 (http) with context path '/'
2026-02-25 14:01:15.929 INFO  kr.co.seoulit.ReceptionApplication - Started ReceptionApplication in 16.96 seconds (process running for 22.331)
2026-02-25 14:02:02.709 INFO  o.a.c.c.C.[Tomcat].[localhost].[/] - Initializing Spring DispatcherServlet 'dispatcherServlet'
2026-02-25 14:02:02.709 INFO  o.s.web.servlet.DispatcherServlet - Initializing Servlet 'dispatcherServlet'
2026-02-25 14:02:02.713 INFO  o.s.web.servlet.DispatcherServlet - Completed initialization in 2 ms
2026-02-25 14:02:02.872 INFO  k.co.seoulit.common.aop.LoggerAspect - Controller  : kr.co.seoulit.reception.controller.ReceptionController.getReceptions()시작
2026-02-25 14:02:02.872 INFO  k.co.seoulit.common.aop.LoggerAspect - Controller  : kr.co.seoulit.reception.controller.ReservationController.getReservations()시작
2026-02-25 14:02:02.872 INFO  k.c.s.r.c.ReservationController - 예약 목록 요청: searchType=null, searchValue=null
2026-02-25 14:02:02.872 INFO  k.c.s.r.c.ReceptionController - Reception list request: searchType=null, searchValue=null
2026-02-25 14:02:02.884 INFO  k.co.seoulit.common.aop.LoggerAspect - ServiceImpl  : kr.co.seoulit.reception.service.ReceptionServiceImpl.getReceptionList()시작
2026-02-25 14:02:02.884 INFO  k.co.seoulit.common.aop.LoggerAspect - ServiceImpl  : kr.co.seoulit.reception.service.ReservationServiceImpl.getReservationList()시작
2026-02-25 14:02:03.069 INFO  k.co.seoulit.common.aop.LoggerAspect - ServiceImpl  : kr.co.seoulit.reception.service.ReservationServiceImpl.getReservationList()종료
2026-02-25 14:02:03.079 INFO  k.co.seoulit.common.aop.LoggerAspect - ServiceImpl  : kr.co.seoulit.reception.service.ReceptionServiceImpl.getReceptionList()종료
2026-02-25 14:02:03.084 INFO  k.co.seoulit.common.aop.LoggerAspect - Controller  : kr.co.seoulit.reception.controller.ReservationController.getReservations()종료
2026-02-25 14:02:03.087 INFO  k.co.seoulit.common.aop.LoggerAspect - Controller  : kr.co.seoulit.reception.controller.ReceptionController.getReceptions()종료
2026-02-25 14:02:03.207 INFO  k.co.seoulit.common.aop.LoggerAspect - Controller  : kr.co.seoulit.reception.controller.ReceptionController.getReceptions()시작
2026-02-25 14:02:03.208 INFO  k.c.s.r.c.ReceptionController - Reception list request: searchType=null, searchValue=null
2026-02-25 14:02:03.208 INFO  k.co.seoulit.common.aop.LoggerAspect - ServiceImpl  : kr.co.seoulit.reception.service.ReceptionServiceImpl.getReceptionList()시작
2026-02-25 14:02:03.241 INFO  k.co.seoulit.common.aop.LoggerAspect - ServiceImpl  : kr.co.seoulit.reception.service.ReceptionServiceImpl.getReceptionList()종료
2026-02-25 14:02:03.250 INFO  k.co.seoulit.common.aop.LoggerAspect - Controller  : kr.co.seoulit.reception.controller.ReceptionController.getReceptions()종료
2026-02-25 14:02:03.401 INFO  k.co.seoulit.common.aop.LoggerAspect - Controller  : kr.co.seoulit.reception.controller.ReceptionController.getReception()시작
2026-02-25 14:02:03.401 INFO  k.c.s.r.c.ReceptionController - Get reception request: id=22
2026-02-25 14:02:03.413 INFO  k.co.seoulit.common.aop.LoggerAspect - ServiceImpl  : kr.co.seoulit.reception.service.ReceptionServiceImpl.getReception()시작
2026-02-25 14:02:03.542 DEBUG org.hibernate.SQL - select re1_0.reception_id,re1_0.arrived_at,re1_0.cancel_reason_code,re1_0.cancel_reason_text,re1_0.created_at,re1_0.created_by,re1_0.department_id,re1_0.department_name,re1_0.doctor_id,re1_0.doctor_name,re1_0.hold_reason_code,re1_0.hold_reason_text,re1_0.inactive_at,re1_0.inactive_reason_code,re1_0.inactive_reason_text,re1_0.is_active,re1_0.note,re1_0.patient_id,re1_0.patient_name,re1_0.reception_no,re1_0.reservation_id,re1_0.scheduled_at,re1_0.status,re1_0.updated_at,re1_0.updated_by,re1_0.visit_type from reception re1_0 where re1_0.reception_id=?
2026-02-25 14:02:03.553 TRACE org.hibernate.orm.jdbc.bind - binding parameter (1:BIGINT) <- [22]
2026-02-25 14:02:03.608 INFO  k.co.seoulit.common.aop.LoggerAspect - kr.co.seoulit.reception.mapstruct.ReceptionResMapStructImpl.toDto()시작
2026-02-25 14:02:03.609 INFO  k.co.seoulit.common.aop.LoggerAspect - kr.co.seoulit.reception.mapstruct.ReceptionResMapStructImpl.toDto()종료
2026-02-25 14:02:03.610 INFO  k.co.seoulit.common.aop.LoggerAspect - ServiceImpl  : kr.co.seoulit.reception.service.ReceptionServiceImpl.getReception()종료
2026-02-25 14:02:03.620 INFO  k.co.seoulit.common.aop.LoggerAspect - Controller  : kr.co.seoulit.reception.controller.ReceptionController.getReception()종료
2026-02-25 14:14:51.989 INFO  k.co.seoulit.common.aop.LoggerAspect - Controller  : kr.co.seoulit.reception.controller.ReservationController.getReservations()시작
2026-02-25 14:14:51.990 INFO  k.c.s.r.c.ReservationController - 예약 목록 요청: searchType=null, searchValue=null
2026-02-25 14:14:52.050 INFO  k.co.seoulit.common.aop.LoggerAspect - ServiceImpl  : kr.co.seoulit.reception.service.ReservationServiceImpl.getReservationList()시작
2026-02-25 14:14:52.082 INFO  k.co.seoulit.common.aop.LoggerAspect - ServiceImpl  : kr.co.seoulit.reception.service.ReservationServiceImpl.getReservationList()종료
2026-02-25 14:14:52.092 INFO  k.co.seoulit.common.aop.LoggerAspect - Controller  : kr.co.seoulit.reception.controller.ReservationController.getReservations()종료
2026-02-25 14:14:52.113 INFO  k.co.seoulit.common.aop.LoggerAspect - Controller  : kr.co.seoulit.reception.controller.ReservationController.getReservations()시작
2026-02-25 14:14:52.114 INFO  k.c.s.r.c.ReservationController - 예약 목록 요청: searchType=null, searchValue=null
2026-02-25 14:14:52.116 INFO  k.co.seoulit.common.aop.LoggerAspect - ServiceImpl  : kr.co.seoulit.reception.service.ReservationServiceImpl.getReservationList()시작
2026-02-25 14:14:52.129 INFO  k.co.seoulit.common.aop.LoggerAspect - ServiceImpl  : kr.co.seoulit.reception.service.ReservationServiceImpl.getReservationList()종료
2026-02-25 14:14:52.139 INFO  k.co.seoulit.common.aop.LoggerAspect - Controller  : kr.co.seoulit.reception.controller.ReservationController.getReservations()종료
2026-02-25 14:15:29.910 ERROR k.c.s.c.h.GlobalExceptionHandler - Unhandled server error
org.springframework.http.converter.HttpMessageNotReadableException: JSON parse error: Cannot deserialize value of type `java.lang.Long` from String "patient-detail": not a valid `java.lang.Long` value
	at org.springframework.http.converter.json.AbstractJackson2HttpMessageConverter.readJavaType(AbstractJackson2HttpMessageConverter.java:406)
	at org.springframework.http.converter.json.AbstractJackson2HttpMessageConverter.read(AbstractJackson2HttpMessageConverter.java:354)
	at org.springframework.web.servlet.mvc.method.annotation.AbstractMessageConverterMethodArgumentResolver.readWithMessageConverters(AbstractMessageConverterMethodArgumentResolver.java:184)
	at org.springframework.web.servlet.mvc.method.annotation.RequestResponseBodyMethodProcessor.readWithMessageConverters(RequestResponseBodyMethodProcessor.java:161)
	at org.springframework.web.servlet.mvc.method.annotation.RequestResponseBodyMethodProcessor.resolveArgument(RequestResponseBodyMethodProcessor.java:135)
	at org.springframework.web.method.support.HandlerMethodArgumentResolverComposite.resolveArgument(HandlerMethodArgumentResolverComposite.java:122)
	at org.springframework.web.method.support.InvocableHandlerMethod.getMethodArgumentValues(InvocableHandlerMethod.java:224)
	at org.springframework.web.method.support.InvocableHandlerMethod.invokeForRequest(InvocableHandlerMethod.java:178)
	at org.springframework.web.servlet.mvc.method.annotation.ServletInvocableHandlerMethod.invokeAndHandle(ServletInvocableHandlerMethod.java:118)
	at org.springframework.web.servlet.mvc.method.annotation.RequestMappingHandlerAdapter.invokeHandlerMethod(RequestMappingHandlerAdapter.java:926)
	at org.springframework.web.servlet.mvc.method.annotation.RequestMappingHandlerAdapter.handleInternal(RequestMappingHandlerAdapter.java:831)
	at org.springframework.web.servlet.mvc.method.AbstractHandlerMethodAdapter.handle(AbstractHandlerMethodAdapter.java:87)
	at org.springframework.web.servlet.DispatcherServlet.doDispatch(DispatcherServlet.java:1089)
	at org.springframework.web.servlet.DispatcherServlet.doService(DispatcherServlet.java:979)
	at org.springframework.web.servlet.FrameworkServlet.processRequest(FrameworkServlet.java:1014)
	at org.springframework.web.servlet.FrameworkServlet.doPost(FrameworkServlet.java:914)
	at jakarta.servlet.http.HttpServlet.service(HttpServlet.java:590)
	at org.springframework.web.servlet.FrameworkServlet.service(FrameworkServlet.java:885)
	at jakarta.servlet.http.HttpServlet.service(HttpServlet.java:658)
	at org.apache.catalina.core.ApplicationFilterChain.internalDoFilter(ApplicationFilterChain.java:195)
	at org.apache.catalina.core.ApplicationFilterChain.doFilter(ApplicationFilterChain.java:140)
	at org.apache.tomcat.websocket.server.WsFilter.doFilter(WsFilter.java:51)
	at org.apache.catalina.core.ApplicationFilterChain.internalDoFilter(ApplicationFilterChain.java:164)
	at org.apache.catalina.core.ApplicationFilterChain.doFilter(ApplicationFilterChain.java:140)
	at org.springframework.web.filter.CorsFilter.doFilterInternal(CorsFilter.java:91)
	at org.springframework.web.filter.OncePerRequestFilter.doFilter(OncePerRequestFilter.java:116)
	at org.apache.catalina.core.ApplicationFilterChain.internalDoFilter(ApplicationFilterChain.java:164)
	at org.apache.catalina.core.ApplicationFilterChain.doFilter(ApplicationFilterChain.java:140)
	at org.springframework.web.filter.RequestContextFilter.doFilterInternal(RequestContextFilter.java:100)
	at org.springframework.web.filter.OncePerRequestFilter.doFilter(OncePerRequestFilter.java:116)
	at org.apache.catalina.core.ApplicationFilterChain.internalDoFilter(ApplicationFilterChain.java:164)
	at org.apache.catalina.core.ApplicationFilterChain.doFilter(ApplicationFilterChain.java:140)
	at org.springframework.web.filter.FormContentFilter.doFilterInternal(FormContentFilter.java:93)
	at org.springframework.web.filter.OncePerRequestFilter.doFilter(OncePerRequestFilter.java:116)
	at org.apache.catalina.core.ApplicationFilterChain.internalDoFilter(ApplicationFilterChain.java:164)
	at org.apache.catalina.core.ApplicationFilterChain.doFilter(ApplicationFilterChain.java:140)
	at org.springframework.web.filter.CharacterEncodingFilter.doFilterInternal(CharacterEncodingFilter.java:201)
	at org.springframework.web.filter.OncePerRequestFilter.doFilter(OncePerRequestFilter.java:116)
	at org.apache.catalina.core.ApplicationFilterChain.internalDoFilter(ApplicationFilterChain.java:164)
	at org.apache.catalina.core.ApplicationFilterChain.doFilter(ApplicationFilterChain.java:140)
	at org.apache.catalina.core.StandardWrapperValve.invoke(StandardWrapperValve.java:167)
	at org.apache.catalina.core.StandardContextValve.invoke(StandardContextValve.java:90)
	at org.apache.catalina.authenticator.AuthenticatorBase.invoke(AuthenticatorBase.java:483)
	at org.apache.catalina.core.StandardHostValve.invoke(StandardHostValve.java:115)
	at org.apache.catalina.valves.ErrorReportValve.invoke(ErrorReportValve.java:93)
	at org.apache.catalina.core.StandardEngineValve.invoke(StandardEngineValve.java:74)
	at org.apache.catalina.connector.CoyoteAdapter.service(CoyoteAdapter.java:344)
	at org.apache.coyote.http11.Http11Processor.service(Http11Processor.java:389)
	at org.apache.coyote.AbstractProcessorLight.process(AbstractProcessorLight.java:63)
	at org.apache.coyote.AbstractProtocol$ConnectionHandler.process(AbstractProtocol.java:904)
	at org.apache.tomcat.util.net.NioEndpoint$SocketProcessor.doRun(NioEndpoint.java:1741)
	at org.apache.tomcat.util.net.SocketProcessorBase.run(SocketProcessorBase.java:52)
	at org.apache.tomcat.util.threads.ThreadPoolExecutor.runWorker(ThreadPoolExecutor.java:1190)
	at org.apache.tomcat.util.threads.ThreadPoolExecutor$Worker.run(ThreadPoolExecutor.java:659)
	at org.apache.tomcat.util.threads.TaskThread$WrappingRunnable.run(TaskThread.java:63)
	at java.base/java.lang.Thread.run(Thread.java:842)
Caused by: com.fasterxml.jackson.databind.exc.InvalidFormatException: Cannot deserialize value of type `java.lang.Long` from String "patient-detail": not a valid `java.lang.Long` value
 at [Source: REDACTED (`StreamReadFeature.INCLUDE_SOURCE_IN_LOCATION` disabled); line: 1, column: 198] (through reference chain: kr.co.seoulit.reception.dto.ReceptionDTO["createdBy"])
	at com.fasterxml.jackson.databind.exc.InvalidFormatException.from(InvalidFormatException.java:67)
	at com.fasterxml.jackson.databind.DeserializationContext.weirdStringException(DeserializationContext.java:1958)
	at com.fasterxml.jackson.databind.DeserializationContext.handleWeirdStringValue(DeserializationContext.java:1245)
	at com.fasterxml.jackson.databind.deser.std.StdDeserializer._parseLong(StdDeserializer.java:986)
	at com.fasterxml.jackson.databind.deser.std.StdDeserializer._parseLong(StdDeserializer.java:974)
	at com.fasterxml.jackson.databind.deser.std.NumberDeserializers$LongDeserializer.deserialize(NumberDeserializers.java:575)
	at com.fasterxml.jackson.databind.deser.std.NumberDeserializers$LongDeserializer.deserialize(NumberDeserializers.java:550)
	at com.fasterxml.jackson.databind.deser.impl.MethodProperty.deserializeAndSet(MethodProperty.java:129)
	at com.fasterxml.jackson.databind.deser.BeanDeserializer.deserializeFromObject(BeanDeserializer.java:399)
	at com.fasterxml.jackson.databind.deser.BeanDeserializer.deserialize(BeanDeserializer.java:185)
	at com.fasterxml.jackson.databind.deser.DefaultDeserializationContext.readRootValue(DefaultDeserializationContext.java:342)
	at com.fasterxml.jackson.databind.ObjectReader._bindAndClose(ObjectReader.java:2125)
	at com.fasterxml.jackson.databind.ObjectReader.readValue(ObjectReader.java:1501)
	at org.springframework.http.converter.json.AbstractJackson2HttpMessageConverter.readJavaType(AbstractJackson2HttpMessageConverter.java:395)
	... 55 common frames omitted
2026-02-25 14:15:43.845 ERROR k.c.s.c.h.GlobalExceptionHandler - Unhandled server error
org.springframework.http.converter.HttpMessageNotReadableException: JSON parse error: Cannot deserialize value of type `java.lang.Long` from String "patient-detail": not a valid `java.lang.Long` value
	at org.springframework.http.converter.json.AbstractJackson2HttpMessageConverter.readJavaType(AbstractJackson2HttpMessageConverter.java:406)
	at org.springframework.http.converter.json.AbstractJackson2HttpMessageConverter.read(AbstractJackson2HttpMessageConverter.java:354)
	at org.springframework.web.servlet.mvc.method.annotation.AbstractMessageConverterMethodArgumentResolver.readWithMessageConverters(AbstractMessageConverterMethodArgumentResolver.java:184)
	at org.springframework.web.servlet.mvc.method.annotation.RequestResponseBodyMethodProcessor.readWithMessageConverters(RequestResponseBodyMethodProcessor.java:161)
	at org.springframework.web.servlet.mvc.method.annotation.RequestResponseBodyMethodProcessor.resolveArgument(RequestResponseBodyMethodProcessor.java:135)
	at org.springframework.web.method.support.HandlerMethodArgumentResolverComposite.resolveArgument(HandlerMethodArgumentResolverComposite.java:122)
	at org.springframework.web.method.support.InvocableHandlerMethod.getMethodArgumentValues(InvocableHandlerMethod.java:224)
	at org.springframework.web.method.support.InvocableHandlerMethod.invokeForRequest(InvocableHandlerMethod.java:178)
	at org.springframework.web.servlet.mvc.method.annotation.ServletInvocableHandlerMethod.invokeAndHandle(ServletInvocableHandlerMethod.java:118)
	at org.springframework.web.servlet.mvc.method.annotation.RequestMappingHandlerAdapter.invokeHandlerMethod(RequestMappingHandlerAdapter.java:926)
	at org.springframework.web.servlet.mvc.method.annotation.RequestMappingHandlerAdapter.handleInternal(RequestMappingHandlerAdapter.java:831)
	at org.springframework.web.servlet.mvc.method.AbstractHandlerMethodAdapter.handle(AbstractHandlerMethodAdapter.java:87)
	at org.springframework.web.servlet.DispatcherServlet.doDispatch(DispatcherServlet.java:1089)
	at org.springframework.web.servlet.DispatcherServlet.doService(DispatcherServlet.java:979)
	at org.springframework.web.servlet.FrameworkServlet.processRequest(FrameworkServlet.java:1014)
	at org.springframework.web.servlet.FrameworkServlet.doPost(FrameworkServlet.java:914)
	at jakarta.servlet.http.HttpServlet.service(HttpServlet.java:590)
	at org.springframework.web.servlet.FrameworkServlet.service(FrameworkServlet.java:885)
	at jakarta.servlet.http.HttpServlet.service(HttpServlet.java:658)
	at org.apache.catalina.core.ApplicationFilterChain.internalDoFilter(ApplicationFilterChain.java:195)
	at org.apache.catalina.core.ApplicationFilterChain.doFilter(ApplicationFilterChain.java:140)
	at org.apache.tomcat.websocket.server.WsFilter.doFilter(WsFilter.java:51)
	at org.apache.catalina.core.ApplicationFilterChain.internalDoFilter(ApplicationFilterChain.java:164)
	at org.apache.catalina.core.ApplicationFilterChain.doFilter(ApplicationFilterChain.java:140)
	at org.springframework.web.filter.CorsFilter.doFilterInternal(CorsFilter.java:91)
	at org.springframework.web.filter.OncePerRequestFilter.doFilter(OncePerRequestFilter.java:116)
	at org.apache.catalina.core.ApplicationFilterChain.internalDoFilter(ApplicationFilterChain.java:164)
	at org.apache.catalina.core.ApplicationFilterChain.doFilter(ApplicationFilterChain.java:140)
	at org.springframework.web.filter.RequestContextFilter.doFilterInternal(RequestContextFilter.java:100)
	at org.springframework.web.filter.OncePerRequestFilter.doFilter(OncePerRequestFilter.java:116)
	at org.apache.catalina.core.ApplicationFilterChain.internalDoFilter(ApplicationFilterChain.java:164)
	at org.apache.catalina.core.ApplicationFilterChain.doFilter(ApplicationFilterChain.java:140)
	at org.springframework.web.filter.FormContentFilter.doFilterInternal(FormContentFilter.java:93)
	at org.springframework.web.filter.OncePerRequestFilter.doFilter(OncePerRequestFilter.java:116)
	at org.apache.catalina.core.ApplicationFilterChain.internalDoFilter(ApplicationFilterChain.java:164)
	at org.apache.catalina.core.ApplicationFilterChain.doFilter(ApplicationFilterChain.java:140)
	at org.springframework.web.filter.CharacterEncodingFilter.doFilterInternal(CharacterEncodingFilter.java:201)
	at org.springframework.web.filter.OncePerRequestFilter.doFilter(OncePerRequestFilter.java:116)
	at org.apache.catalina.core.ApplicationFilterChain.internalDoFilter(ApplicationFilterChain.java:164)
	at org.apache.catalina.core.ApplicationFilterChain.doFilter(ApplicationFilterChain.java:140)
	at org.apache.catalina.core.StandardWrapperValve.invoke(StandardWrapperValve.java:167)
	at org.apache.catalina.core.StandardContextValve.invoke(StandardContextValve.java:90)
	at org.apache.catalina.authenticator.AuthenticatorBase.invoke(AuthenticatorBase.java:483)
	at org.apache.catalina.core.StandardHostValve.invoke(StandardHostValve.java:115)
	at org.apache.catalina.valves.ErrorReportValve.invoke(ErrorReportValve.java:93)
	at org.apache.catalina.core.StandardEngineValve.invoke(StandardEngineValve.java:74)
	at org.apache.catalina.connector.CoyoteAdapter.service(CoyoteAdapter.java:344)
	at org.apache.coyote.http11.Http11Processor.service(Http11Processor.java:389)
	at org.apache.coyote.AbstractProcessorLight.process(AbstractProcessorLight.java:63)
	at org.apache.coyote.AbstractProtocol$ConnectionHandler.process(AbstractProtocol.java:904)
	at org.apache.tomcat.util.net.NioEndpoint$SocketProcessor.doRun(NioEndpoint.java:1741)
	at org.apache.tomcat.util.net.SocketProcessorBase.run(SocketProcessorBase.java:52)
	at org.apache.tomcat.util.threads.ThreadPoolExecutor.runWorker(ThreadPoolExecutor.java:1190)
	at org.apache.tomcat.util.threads.ThreadPoolExecutor$Worker.run(ThreadPoolExecutor.java:659)
	at org.apache.tomcat.util.threads.TaskThread$WrappingRunnable.run(TaskThread.java:63)
	at java.base/java.lang.Thread.run(Thread.java:842)
Caused by: com.fasterxml.jackson.databind.exc.InvalidFormatException: Cannot deserialize value of type `java.lang.Long` from String "patient-detail": not a valid `java.lang.Long` value
 at [Source: REDACTED (`StreamReadFeature.INCLUDE_SOURCE_IN_LOCATION` disabled); line: 1, column: 198] (through reference chain: kr.co.seoulit.reception.dto.ReceptionDTO["createdBy"])
	at com.fasterxml.jackson.databind.exc.InvalidFormatException.from(InvalidFormatException.java:67)
	at com.fasterxml.jackson.databind.DeserializationContext.weirdStringException(DeserializationContext.java:1958)
	at com.fasterxml.jackson.databind.DeserializationContext.handleWeirdStringValue(DeserializationContext.java:1245)
	at com.fasterxml.jackson.databind.deser.std.StdDeserializer._parseLong(StdDeserializer.java:986)
	at com.fasterxml.jackson.databind.deser.std.StdDeserializer._parseLong(StdDeserializer.java:974)
	at com.fasterxml.jackson.databind.deser.std.NumberDeserializers$LongDeserializer.deserialize(NumberDeserializers.java:575)
	at com.fasterxml.jackson.databind.deser.std.NumberDeserializers$LongDeserializer.deserialize(NumberDeserializers.java:550)
	at com.fasterxml.jackson.databind.deser.impl.MethodProperty.deserializeAndSet(MethodProperty.java:129)
	at com.fasterxml.jackson.databind.deser.BeanDeserializer.deserializeFromObject(BeanDeserializer.java:399)
	at com.fasterxml.jackson.databind.deser.BeanDeserializer.deserialize(BeanDeserializer.java:185)
	at com.fasterxml.jackson.databind.deser.DefaultDeserializationContext.readRootValue(DefaultDeserializationContext.java:342)
	at com.fasterxml.jackson.databind.ObjectReader._bindAndClose(ObjectReader.java:2125)
	at com.fasterxml.jackson.databind.ObjectReader.readValue(ObjectReader.java:1501)
	at org.springframework.http.converter.json.AbstractJackson2HttpMessageConverter.readJavaType(AbstractJackson2HttpMessageConverter.java:395)
	... 55 common frames omitted
2026-02-25 14:21:16.738 INFO  k.co.seoulit.common.aop.LoggerAspect - Controller  : kr.co.seoulit.reception.controller.ReservationController.getReservations()시작
2026-02-25 14:21:16.738 INFO  k.c.s.r.c.ReservationController - 예약 목록 요청: searchType=null, searchValue=null
2026-02-25 14:21:16.750 INFO  k.co.seoulit.common.aop.LoggerAspect - ServiceImpl  : kr.co.seoulit.reception.service.ReservationServiceImpl.getReservationList()시작
2026-02-25 14:21:16.768 INFO  k.co.seoulit.common.aop.LoggerAspect - ServiceImpl  : kr.co.seoulit.reception.service.ReservationServiceImpl.getReservationList()종료
2026-02-25 14:21:16.782 INFO  k.co.seoulit.common.aop.LoggerAspect - Controller  : kr.co.seoulit.reception.controller.ReservationController.getReservations()종료
2026-02-25 14:21:16.863 INFO  k.co.seoulit.common.aop.LoggerAspect - Controller  : kr.co.seoulit.reception.controller.ReservationController.createReservation()시작
2026-02-25 14:21:16.863 INFO  k.c.s.r.c.ReservationController - 예약 등록 요청: reservationNo=20260225-304
2026-02-25 14:21:16.864 INFO  k.co.seoulit.common.aop.LoggerAspect - ServiceImpl  : kr.co.seoulit.reception.service.ReservationServiceImpl.createReservation()시작
2026-02-25 14:21:17.149 DEBUG org.hibernate.SQL - select * from (select re1_0.reservation_id c0,rownum rn from reservation re1_0 where re1_0.reservation_no=?) r_0_ where r_0_.rn<=? order by r_0_.rn
2026-02-25 14:21:17.150 TRACE org.hibernate.orm.jdbc.bind - binding parameter (1:VARCHAR) <- [20260225-304]
2026-02-25 14:21:17.150 TRACE org.hibernate.orm.jdbc.bind - binding parameter (2:INTEGER) <- [1]
2026-02-25 14:21:17.162 INFO  k.co.seoulit.common.aop.LoggerAspect - kr.co.seoulit.reception.mapstruct.ReservationReqMapStructImpl.toEntity()시작
2026-02-25 14:21:17.163 INFO  k.co.seoulit.common.aop.LoggerAspect - kr.co.seoulit.reception.mapstruct.ReservationReqMapStructImpl.toEntity()종료
2026-02-25 14:21:17.177 DEBUG org.hibernate.SQL - select seq_reservation.nextval from dual
2026-02-25 14:21:17.204 INFO  k.co.seoulit.common.aop.LoggerAspect - kr.co.seoulit.reception.mapstruct.ReservationResMapStructImpl.toDto()시작
2026-02-25 14:21:17.205 INFO  k.co.seoulit.common.aop.LoggerAspect - kr.co.seoulit.reception.mapstruct.ReservationResMapStructImpl.toDto()종료
2026-02-25 14:21:17.208 DEBUG org.hibernate.SQL - select seq_audit_log.nextval from dual
2026-02-25 14:21:17.243 INFO  k.co.seoulit.common.aop.LoggerAspect - ServiceImpl  : kr.co.seoulit.reception.service.ReservationServiceImpl.createReservation()종료
2026-02-25 14:21:17.265 DEBUG org.hibernate.SQL - insert into reservation (cancel_reason_code,cancel_reason_text,canceled_at,created_at,created_by,department_id,department_name,doctor_id,doctor_name,inactive_at,inactive_reason_code,inactive_reason_text,is_active,note,patient_id,patient_name,reservation_no,reserved_at,status,updated_at,updated_by,reservation_id) values (?,?,?,?,?,?,?,?,?,?,?,?,?,?,?,?,?,?,?,?,?,?)
2026-02-25 14:21:17.267 TRACE org.hibernate.orm.jdbc.bind - binding parameter (1:VARCHAR) <- [null]
2026-02-25 14:21:17.268 TRACE org.hibernate.orm.jdbc.bind - binding parameter (2:VARCHAR) <- [null]
2026-02-25 14:21:17.268 TRACE org.hibernate.orm.jdbc.bind - binding parameter (3:TIMESTAMP) <- [null]
2026-02-25 14:21:17.269 TRACE org.hibernate.orm.jdbc.bind - binding parameter (4:TIMESTAMP) <- [2026-02-25T14:21:17.256900]
2026-02-25 14:21:17.269 TRACE org.hibernate.orm.jdbc.bind - binding parameter (5:BIGINT) <- [null]
2026-02-25 14:21:17.269 TRACE org.hibernate.orm.jdbc.bind - binding parameter (6:BIGINT) <- [1]
2026-02-25 14:21:17.270 TRACE org.hibernate.orm.jdbc.bind - binding parameter (7:VARCHAR) <- [내과]
2026-02-25 14:21:17.270 TRACE org.hibernate.orm.jdbc.bind - binding parameter (8:BIGINT) <- [1]
2026-02-25 14:21:17.270 TRACE org.hibernate.orm.jdbc.bind - binding parameter (9:VARCHAR) <- [송태민]
2026-02-25 14:21:17.270 TRACE org.hibernate.orm.jdbc.bind - binding parameter (10:TIMESTAMP) <- [null]
2026-02-25 14:21:17.270 TRACE org.hibernate.orm.jdbc.bind - binding parameter (11:VARCHAR) <- [null]
2026-02-25 14:21:17.270 TRACE org.hibernate.orm.jdbc.bind - binding parameter (12:VARCHAR) <- [null]
2026-02-25 14:21:17.270 TRACE org.hibernate.orm.jdbc.bind - binding parameter (13:BOOLEAN) <- [true]
2026-02-25 14:21:17.271 TRACE org.hibernate.orm.jdbc.bind - binding parameter (14:VARCHAR) <- [null]
2026-02-25 14:21:17.271 TRACE org.hibernate.orm.jdbc.bind - binding parameter (15:BIGINT) <- [10]
2026-02-25 14:21:17.272 TRACE org.hibernate.orm.jdbc.bind - binding parameter (16:VARCHAR) <- [최효정]
2026-02-25 14:21:17.272 TRACE org.hibernate.orm.jdbc.bind - binding parameter (17:VARCHAR) <- [20260225-304]
2026-02-25 14:21:17.272 TRACE org.hibernate.orm.jdbc.bind - binding parameter (18:TIMESTAMP) <- [2026-02-27T14:21]
2026-02-25 14:21:17.272 TRACE org.hibernate.orm.jdbc.bind - binding parameter (19:VARCHAR) <- [RESERVED]
2026-02-25 14:21:17.272 TRACE org.hibernate.orm.jdbc.bind - binding parameter (20:TIMESTAMP) <- [2026-02-25T14:21:17.256900]
2026-02-25 14:21:17.272 TRACE org.hibernate.orm.jdbc.bind - binding parameter (21:BIGINT) <- [null]
2026-02-25 14:21:17.272 TRACE org.hibernate.orm.jdbc.bind - binding parameter (22:BIGINT) <- [9]
2026-02-25 14:21:17.318 DEBUG org.hibernate.SQL - insert into audit_log (action,actor_id,after_json,before_json,diff_json,entity_id,entity_type,occurred_at,reason_code,reason_text,audit_log_id) values (?,?,?,?,?,?,?,?,?,?,?)
2026-02-25 14:21:17.319 TRACE org.hibernate.orm.jdbc.bind - binding parameter (1:VARCHAR) <- [CREATE]
2026-02-25 14:21:17.320 TRACE org.hibernate.orm.jdbc.bind - binding parameter (2:BIGINT) <- [null]
2026-02-25 14:21:17.320 TRACE org.hibernate.orm.jdbc.bind - binding parameter (3:VARCHAR) <- [{"reservationId":9,"reservationNo":"20260225-304","patientId":10,"patientName":"최효정","departmentId":1,"departmentName":"내과","doctorId":1,"doctorName":"송태민","reservedAt":"2026-02-27T14:21:00","status":"RESERVED","note":null,"isActive":true,"inactiveAt":null,"inactiveReasonCode":null,"inactiveReasonText":null,"canceledAt":null,"cancelReasonCode":null,"cancelReasonText":null,"createdBy":null,"updatedBy":null,"createdAt":null,"updatedAt":null}]
2026-02-25 14:21:17.321 TRACE org.hibernate.orm.jdbc.bind - binding parameter (4:VARCHAR) <- [null]
2026-02-25 14:21:17.321 TRACE org.hibernate.orm.jdbc.bind - binding parameter (5:VARCHAR) <- [null]
2026-02-25 14:21:17.321 TRACE org.hibernate.orm.jdbc.bind - binding parameter (6:BIGINT) <- [9]
2026-02-25 14:21:17.322 TRACE org.hibernate.orm.jdbc.bind - binding parameter (7:VARCHAR) <- [RESERVATION]
2026-02-25 14:21:17.322 TRACE org.hibernate.orm.jdbc.bind - binding parameter (8:TIMESTAMP) <- [2026-02-25T14:21:17.317863]
2026-02-25 14:21:17.323 TRACE org.hibernate.orm.jdbc.bind - binding parameter (9:VARCHAR) <- [null]
2026-02-25 14:21:17.323 TRACE org.hibernate.orm.jdbc.bind - binding parameter (10:VARCHAR) <- [null]
2026-02-25 14:21:17.323 TRACE org.hibernate.orm.jdbc.bind - binding parameter (11:BIGINT) <- [89]
2026-02-25 14:21:17.382 INFO  k.co.seoulit.common.aop.LoggerAspect - Controller  : kr.co.seoulit.reception.controller.ReservationController.createReservation()종료
2026-02-25 14:21:34.576 INFO  k.co.seoulit.common.aop.LoggerAspect - Controller  : kr.co.seoulit.reception.controller.ReceptionController.getReceptions()시작
2026-02-25 14:21:34.577 INFO  k.c.s.r.c.ReceptionController - Reception list request: searchType=null, searchValue=null
2026-02-25 14:21:34.579 INFO  k.co.seoulit.common.aop.LoggerAspect - Controller  : kr.co.seoulit.reception.controller.ReservationController.getReservations()시작
2026-02-25 14:21:34.580 INFO  k.c.s.r.c.ReservationController - 예약 목록 요청: searchType=null, searchValue=null
2026-02-25 14:21:34.591 INFO  k.co.seoulit.common.aop.LoggerAspect - ServiceImpl  : kr.co.seoulit.reception.service.ReceptionServiceImpl.getReceptionList()시작
2026-02-25 14:21:34.591 INFO  k.co.seoulit.common.aop.LoggerAspect - ServiceImpl  : kr.co.seoulit.reception.service.ReservationServiceImpl.getReservationList()시작
2026-02-25 14:21:34.624 INFO  k.co.seoulit.common.aop.LoggerAspect - ServiceImpl  : kr.co.seoulit.reception.service.ReservationServiceImpl.getReservationList()종료
2026-02-25 14:21:34.657 INFO  k.co.seoulit.common.aop.LoggerAspect - Controller  : kr.co.seoulit.reception.controller.ReservationController.getReservations()종료
2026-02-25 14:21:34.673 INFO  k.co.seoulit.common.aop.LoggerAspect - ServiceImpl  : kr.co.seoulit.reception.service.ReceptionServiceImpl.getReceptionList()종료
2026-02-25 14:21:34.680 INFO  k.co.seoulit.common.aop.LoggerAspect - Controller  : kr.co.seoulit.reception.controller.ReservationController.getReservations()시작
2026-02-25 14:21:34.680 INFO  k.c.s.r.c.ReservationController - 예약 목록 요청: searchType=null, searchValue=null
2026-02-25 14:21:34.683 INFO  k.co.seoulit.common.aop.LoggerAspect - ServiceImpl  : kr.co.seoulit.reception.service.ReservationServiceImpl.getReservationList()시작
2026-02-25 14:21:34.695 INFO  k.co.seoulit.common.aop.LoggerAspect - Controller  : kr.co.seoulit.reception.controller.ReceptionController.getReceptions()종료
2026-02-25 14:21:34.696 INFO  k.co.seoulit.common.aop.LoggerAspect - ServiceImpl  : kr.co.seoulit.reception.service.ReservationServiceImpl.getReservationList()종료
2026-02-25 14:21:34.710 INFO  k.co.seoulit.common.aop.LoggerAspect - Controller  : kr.co.seoulit.reception.controller.ReceptionController.getReceptions()시작
2026-02-25 14:21:34.711 INFO  k.c.s.r.c.ReceptionController - Reception list request: searchType=null, searchValue=null
2026-02-25 14:21:34.711 INFO  k.co.seoulit.common.aop.LoggerAspect - ServiceImpl  : kr.co.seoulit.reception.service.ReceptionServiceImpl.getReceptionList()시작
2026-02-25 14:21:34.720 INFO  k.co.seoulit.common.aop.LoggerAspect - Controller  : kr.co.seoulit.reception.controller.ReservationController.getReservations()종료
2026-02-25 14:21:34.756 INFO  k.co.seoulit.common.aop.LoggerAspect - ServiceImpl  : kr.co.seoulit.reception.service.ReceptionServiceImpl.getReceptionList()종료
2026-02-25 14:21:34.773 INFO  k.co.seoulit.common.aop.LoggerAspect - Controller  : kr.co.seoulit.reception.controller.ReceptionController.getReceptions()종료
2026-02-25 14:21:34.777 INFO  k.co.seoulit.common.aop.LoggerAspect - Controller  : kr.co.seoulit.reception.controller.ReceptionController.getReceptions()시작
2026-02-25 14:21:34.777 INFO  k.c.s.r.c.ReceptionController - Reception list request: searchType=null, searchValue=null
2026-02-25 14:21:34.777 INFO  k.co.seoulit.common.aop.LoggerAspect - ServiceImpl  : kr.co.seoulit.reception.service.ReceptionServiceImpl.getReceptionList()시작
2026-02-25 14:21:34.850 INFO  k.co.seoulit.common.aop.LoggerAspect - ServiceImpl  : kr.co.seoulit.reception.service.ReceptionServiceImpl.getReceptionList()종료
2026-02-25 14:21:34.859 INFO  k.co.seoulit.common.aop.LoggerAspect - Controller  : kr.co.seoulit.reception.controller.ReceptionController.getReceptions()종료
2026-02-25 14:21:34.865 INFO  k.co.seoulit.common.aop.LoggerAspect - Controller  : kr.co.seoulit.reception.controller.ReceptionController.getReceptions()시작
2026-02-25 14:21:34.865 INFO  k.c.s.r.c.ReceptionController - Reception list request: searchType=null, searchValue=null
2026-02-25 14:21:34.865 INFO  k.co.seoulit.common.aop.LoggerAspect - ServiceImpl  : kr.co.seoulit.reception.service.ReceptionServiceImpl.getReceptionList()시작
2026-02-25 14:21:34.895 INFO  k.co.seoulit.common.aop.LoggerAspect - ServiceImpl  : kr.co.seoulit.reception.service.ReceptionServiceImpl.getReceptionList()종료
2026-02-25 14:21:34.905 INFO  k.co.seoulit.common.aop.LoggerAspect - Controller  : kr.co.seoulit.reception.controller.ReceptionController.getReceptions()종료
2026-02-25 14:21:34.983 INFO  k.co.seoulit.common.aop.LoggerAspect - Controller  : kr.co.seoulit.reception.controller.ReceptionController.getReception()시작
2026-02-25 14:21:34.983 INFO  k.c.s.r.c.ReceptionController - Get reception request: id=22
2026-02-25 14:21:34.983 INFO  k.co.seoulit.common.aop.LoggerAspect - ServiceImpl  : kr.co.seoulit.reception.service.ReceptionServiceImpl.getReception()시작
2026-02-25 14:21:34.984 DEBUG org.hibernate.SQL - select re1_0.reception_id,re1_0.arrived_at,re1_0.cancel_reason_code,re1_0.cancel_reason_text,re1_0.created_at,re1_0.created_by,re1_0.department_id,re1_0.department_name,re1_0.doctor_id,re1_0.doctor_name,re1_0.hold_reason_code,re1_0.hold_reason_text,re1_0.inactive_at,re1_0.inactive_reason_code,re1_0.inactive_reason_text,re1_0.is_active,re1_0.note,re1_0.patient_id,re1_0.patient_name,re1_0.reception_no,re1_0.reservation_id,re1_0.scheduled_at,re1_0.status,re1_0.updated_at,re1_0.updated_by,re1_0.visit_type from reception re1_0 where re1_0.reception_id=?
2026-02-25 14:21:34.985 TRACE org.hibernate.orm.jdbc.bind - binding parameter (1:BIGINT) <- [22]
2026-02-25 14:21:34.994 INFO  k.co.seoulit.common.aop.LoggerAspect - kr.co.seoulit.reception.mapstruct.ReceptionResMapStructImpl.toDto()시작
2026-02-25 14:21:34.994 INFO  k.co.seoulit.common.aop.LoggerAspect - kr.co.seoulit.reception.mapstruct.ReceptionResMapStructImpl.toDto()종료
2026-02-25 14:21:34.995 INFO  k.co.seoulit.common.aop.LoggerAspect - ServiceImpl  : kr.co.seoulit.reception.service.ReceptionServiceImpl.getReception()종료
2026-02-25 14:21:35.004 INFO  k.co.seoulit.common.aop.LoggerAspect - Controller  : kr.co.seoulit.reception.controller.ReceptionController.getReception()종료
2026-02-25 14:21:38.036 INFO  k.co.seoulit.common.aop.LoggerAspect - Controller  : kr.co.seoulit.reception.controller.ReservationController.getReservations()시작
2026-02-25 14:21:38.036 INFO  k.c.s.r.c.ReservationController - 예약 목록 요청: searchType=null, searchValue=null
2026-02-25 14:21:38.072 INFO  k.co.seoulit.common.aop.LoggerAspect - ServiceImpl  : kr.co.seoulit.reception.service.ReservationServiceImpl.getReservationList()시작
2026-02-25 14:21:38.099 INFO  k.co.seoulit.common.aop.LoggerAspect - ServiceImpl  : kr.co.seoulit.reception.service.ReservationServiceImpl.getReservationList()종료
2026-02-25 14:21:38.129 INFO  k.co.seoulit.common.aop.LoggerAspect - Controller  : kr.co.seoulit.reception.controller.ReservationController.getReservations()종료
2026-02-25 14:21:38.134 INFO  k.co.seoulit.common.aop.LoggerAspect - Controller  : kr.co.seoulit.reception.controller.ReservationController.getReservations()시작
2026-02-25 14:21:38.135 INFO  k.c.s.r.c.ReservationController - 예약 목록 요청: searchType=null, searchValue=null
2026-02-25 14:21:38.135 INFO  k.co.seoulit.common.aop.LoggerAspect - ServiceImpl  : kr.co.seoulit.reception.service.ReservationServiceImpl.getReservationList()시작
2026-02-25 14:21:38.163 INFO  k.co.seoulit.common.aop.LoggerAspect - ServiceImpl  : kr.co.seoulit.reception.service.ReservationServiceImpl.getReservationList()종료
2026-02-25 14:21:38.204 INFO  k.co.seoulit.common.aop.LoggerAspect - Controller  : kr.co.seoulit.reception.controller.ReservationController.getReservations()종료
2026-02-25 14:22:00.970 INFO  k.co.seoulit.common.aop.LoggerAspect - Controller  : kr.co.seoulit.reception.controller.ReservationController.getReservations()시작
2026-02-25 14:22:00.970 INFO  k.c.s.r.c.ReservationController - 예약 목록 요청: searchType=null, searchValue=null
2026-02-25 14:22:00.980 INFO  k.co.seoulit.common.aop.LoggerAspect - ServiceImpl  : kr.co.seoulit.reception.service.ReservationServiceImpl.getReservationList()시작
2026-02-25 14:22:01.020 INFO  k.co.seoulit.common.aop.LoggerAspect - ServiceImpl  : kr.co.seoulit.reception.service.ReservationServiceImpl.getReservationList()종료
2026-02-25 14:22:01.055 INFO  k.co.seoulit.common.aop.LoggerAspect - Controller  : kr.co.seoulit.reception.controller.ReservationController.getReservations()종료
2026-02-25 14:22:01.061 INFO  k.co.seoulit.common.aop.LoggerAspect - Controller  : kr.co.seoulit.reception.controller.ReservationController.getReservations()시작
2026-02-25 14:22:01.062 INFO  k.c.s.r.c.ReservationController - 예약 목록 요청: searchType=null, searchValue=null
2026-02-25 14:22:01.095 INFO  k.co.seoulit.common.aop.LoggerAspect - ServiceImpl  : kr.co.seoulit.reception.service.ReservationServiceImpl.getReservationList()시작
2026-02-25 14:22:01.137 INFO  k.co.seoulit.common.aop.LoggerAspect - ServiceImpl  : kr.co.seoulit.reception.service.ReservationServiceImpl.getReservationList()종료
2026-02-25 14:22:01.169 INFO  k.co.seoulit.common.aop.LoggerAspect - Controller  : kr.co.seoulit.reception.controller.ReservationController.getReservations()종료
2026-02-25 14:22:15.869 INFO  k.co.seoulit.common.aop.LoggerAspect - Controller  : kr.co.seoulit.reception.controller.ReceptionController.getReceptions()시작
2026-02-25 14:22:15.869 INFO  k.co.seoulit.common.aop.LoggerAspect - Controller  : kr.co.seoulit.reception.controller.ReservationController.getReservations()시작
2026-02-25 14:22:15.870 INFO  k.c.s.r.c.ReceptionController - Reception list request: searchType=null, searchValue=null
2026-02-25 14:22:15.870 INFO  k.c.s.r.c.ReservationController - 예약 목록 요청: searchType=null, searchValue=null
2026-02-25 14:22:15.903 INFO  k.co.seoulit.common.aop.LoggerAspect - ServiceImpl  : kr.co.seoulit.reception.service.ReservationServiceImpl.getReservationList()시작
2026-02-25 14:22:15.903 INFO  k.co.seoulit.common.aop.LoggerAspect - ServiceImpl  : kr.co.seoulit.reception.service.ReceptionServiceImpl.getReceptionList()시작
2026-02-25 14:22:15.942 INFO  k.co.seoulit.common.aop.LoggerAspect - ServiceImpl  : kr.co.seoulit.reception.service.ReservationServiceImpl.getReservationList()종료
2026-02-25 14:22:15.979 INFO  k.co.seoulit.common.aop.LoggerAspect - Controller  : kr.co.seoulit.reception.controller.ReservationController.getReservations()종료
2026-02-25 14:22:15.980 INFO  k.co.seoulit.common.aop.LoggerAspect - ServiceImpl  : kr.co.seoulit.reception.service.ReceptionServiceImpl.getReceptionList()종료
2026-02-25 14:22:15.989 INFO  k.co.seoulit.common.aop.LoggerAspect - Controller  : kr.co.seoulit.reception.controller.ReservationController.getReservations()시작
2026-02-25 14:22:15.989 INFO  k.c.s.r.c.ReservationController - 예약 목록 요청: searchType=null, searchValue=null
2026-02-25 14:22:15.989 INFO  k.co.seoulit.common.aop.LoggerAspect - ServiceImpl  : kr.co.seoulit.reception.service.ReservationServiceImpl.getReservationList()시작
2026-02-25 14:22:16.020 INFO  k.co.seoulit.common.aop.LoggerAspect - Controller  : kr.co.seoulit.reception.controller.ReceptionController.getReceptions()종료
2026-02-25 14:22:16.022 INFO  k.co.seoulit.common.aop.LoggerAspect - ServiceImpl  : kr.co.seoulit.reception.service.ReservationServiceImpl.getReservationList()종료
2026-02-25 14:22:16.026 INFO  k.co.seoulit.common.aop.LoggerAspect - Controller  : kr.co.seoulit.reception.controller.ReceptionController.getReceptions()시작
2026-02-25 14:22:16.027 INFO  k.c.s.r.c.ReceptionController - Reception list request: searchType=null, searchValue=null
2026-02-25 14:22:16.027 INFO  k.co.seoulit.common.aop.LoggerAspect - ServiceImpl  : kr.co.seoulit.reception.service.ReceptionServiceImpl.getReceptionList()시작
2026-02-25 14:22:16.053 INFO  k.co.seoulit.common.aop.LoggerAspect - Controller  : kr.co.seoulit.reception.controller.ReservationController.getReservations()종료
2026-02-25 14:22:16.090 INFO  k.co.seoulit.common.aop.LoggerAspect - ServiceImpl  : kr.co.seoulit.reception.service.ReceptionServiceImpl.getReceptionList()종료
2026-02-25 14:22:16.126 INFO  k.co.seoulit.common.aop.LoggerAspect - Controller  : kr.co.seoulit.reception.controller.ReceptionController.getReceptions()종료
2026-02-25 14:22:16.135 INFO  k.co.seoulit.common.aop.LoggerAspect - Controller  : kr.co.seoulit.reception.controller.ReceptionController.getReceptions()시작
2026-02-25 14:22:16.136 INFO  k.c.s.r.c.ReceptionController - Reception list request: searchType=null, searchValue=null
2026-02-25 14:22:16.137 INFO  k.co.seoulit.common.aop.LoggerAspect - ServiceImpl  : kr.co.seoulit.reception.service.ReceptionServiceImpl.getReceptionList()시작
2026-02-25 14:22:16.201 INFO  k.co.seoulit.common.aop.LoggerAspect - ServiceImpl  : kr.co.seoulit.reception.service.ReceptionServiceImpl.getReceptionList()종료
2026-02-25 14:22:16.241 INFO  k.co.seoulit.common.aop.LoggerAspect - Controller  : kr.co.seoulit.reception.controller.ReceptionController.getReceptions()종료
2026-02-25 14:22:16.247 INFO  k.co.seoulit.common.aop.LoggerAspect - Controller  : kr.co.seoulit.reception.controller.ReceptionController.getReceptions()시작
2026-02-25 14:22:16.249 INFO  k.c.s.r.c.ReceptionController - Reception list request: searchType=null, searchValue=null
2026-02-25 14:22:16.254 INFO  k.co.seoulit.common.aop.LoggerAspect - ServiceImpl  : kr.co.seoulit.reception.service.ReceptionServiceImpl.getReceptionList()시작
2026-02-25 14:22:16.321 INFO  k.co.seoulit.common.aop.LoggerAspect - ServiceImpl  : kr.co.seoulit.reception.service.ReceptionServiceImpl.getReceptionList()종료
2026-02-25 14:22:16.330 INFO  k.co.seoulit.common.aop.LoggerAspect - Controller  : kr.co.seoulit.reception.controller.ReceptionController.getReceptions()종료
2026-02-25 14:22:22.111 INFO  k.co.seoulit.common.aop.LoggerAspect - Controller  : kr.co.seoulit.reception.controller.ReceptionController.getStatusHistory()시작
2026-02-25 14:22:22.138 INFO  k.co.seoulit.common.aop.LoggerAspect - Controller  : kr.co.seoulit.reception.controller.ReceptionController.getReception()시작
2026-02-25 14:22:22.138 INFO  k.c.s.r.c.ReceptionController - Get reception request: id=22
2026-02-25 14:22:22.157 INFO  k.co.seoulit.common.aop.LoggerAspect - ServiceImpl  : kr.co.seoulit.reception.service.ReceptionServiceImpl.getReception()시작
2026-02-25 14:22:22.158 INFO  k.co.seoulit.common.aop.LoggerAspect - ServiceImpl  : kr.co.seoulit.reception.service.ReceptionServiceImpl.getReceptionStatusHistory()시작
2026-02-25 14:22:22.159 DEBUG org.hibernate.SQL - select re1_0.reception_id,re1_0.arrived_at,re1_0.cancel_reason_code,re1_0.cancel_reason_text,re1_0.created_at,re1_0.created_by,re1_0.department_id,re1_0.department_name,re1_0.doctor_id,re1_0.doctor_name,re1_0.hold_reason_code,re1_0.hold_reason_text,re1_0.inactive_at,re1_0.inactive_reason_code,re1_0.inactive_reason_text,re1_0.is_active,re1_0.note,re1_0.patient_id,re1_0.patient_name,re1_0.reception_no,re1_0.reservation_id,re1_0.scheduled_at,re1_0.status,re1_0.updated_at,re1_0.updated_by,re1_0.visit_type from reception re1_0 where re1_0.reception_id=?
2026-02-25 14:22:22.161 TRACE org.hibernate.orm.jdbc.bind - binding parameter (1:BIGINT) <- [22]
2026-02-25 14:22:22.173 INFO  k.co.seoulit.common.aop.LoggerAspect - kr.co.seoulit.reception.mapstruct.ReceptionResMapStructImpl.toDto()시작
2026-02-25 14:22:22.175 INFO  k.co.seoulit.common.aop.LoggerAspect - kr.co.seoulit.reception.mapstruct.ReceptionResMapStructImpl.toDto()종료
2026-02-25 14:22:22.175 INFO  k.co.seoulit.common.aop.LoggerAspect - ServiceImpl  : kr.co.seoulit.reception.service.ReceptionServiceImpl.getReception()종료
2026-02-25 14:22:22.191 INFO  k.co.seoulit.common.aop.LoggerAspect - Controller  : kr.co.seoulit.reception.controller.ReceptionController.getReception()종료
2026-02-25 14:22:22.204 DEBUG org.hibernate.SQL - select rshe1_0.status_history_id,rshe1_0.changed_at,rshe1_0.changed_by,rshe1_0.from_status,rshe1_0.reason_code,rshe1_0.reason_text,rshe1_0.reception_id,rshe1_0.to_status from reception_status_history rshe1_0 where rshe1_0.reception_id=? order by rshe1_0.changed_at
2026-02-25 14:22:22.206 TRACE org.hibernate.orm.jdbc.bind - binding parameter (1:BIGINT) <- [22]
2026-02-25 14:22:22.209 INFO  k.co.seoulit.common.aop.LoggerAspect - Controller  : kr.co.seoulit.reception.controller.ReceptionController.getReception()시작
2026-02-25 14:22:22.209 INFO  k.c.s.r.c.ReceptionController - Get reception request: id=22
2026-02-25 14:22:22.211 INFO  k.co.seoulit.common.aop.LoggerAspect - ServiceImpl  : kr.co.seoulit.reception.service.ReceptionServiceImpl.getReception()시작
2026-02-25 14:22:22.211 DEBUG org.hibernate.SQL - select re1_0.reception_id,re1_0.arrived_at,re1_0.cancel_reason_code,re1_0.cancel_reason_text,re1_0.created_at,re1_0.created_by,re1_0.department_id,re1_0.department_name,re1_0.doctor_id,re1_0.doctor_name,re1_0.hold_reason_code,re1_0.hold_reason_text,re1_0.inactive_at,re1_0.inactive_reason_code,re1_0.inactive_reason_text,re1_0.is_active,re1_0.note,re1_0.patient_id,re1_0.patient_name,re1_0.reception_no,re1_0.reservation_id,re1_0.scheduled_at,re1_0.status,re1_0.updated_at,re1_0.updated_by,re1_0.visit_type from reception re1_0 where re1_0.reception_id=?
2026-02-25 14:22:22.218 TRACE org.hibernate.orm.jdbc.bind - binding parameter (1:BIGINT) <- [22]
2026-02-25 14:22:22.219 INFO  k.co.seoulit.common.aop.LoggerAspect - ServiceImpl  : kr.co.seoulit.reception.service.ReceptionServiceImpl.getReceptionStatusHistory()종료
2026-02-25 14:22:22.214 DEBUG org.hibernate.SQL - select ale1_0.audit_log_id,ale1_0.action,ale1_0.actor_id,ale1_0.after_json,ale1_0.before_json,ale1_0.diff_json,ale1_0.entity_id,ale1_0.entity_type,ale1_0.occurred_at,ale1_0.reason_code,ale1_0.reason_text from audit_log ale1_0 where ale1_0.entity_type=? and ale1_0.entity_id=? order by ale1_0.occurred_at desc
2026-02-25 14:22:22.223 TRACE org.hibernate.orm.jdbc.bind - binding parameter (1:VARCHAR) <- [RECEPTION]
2026-02-25 14:22:22.224 TRACE org.hibernate.orm.jdbc.bind - binding parameter (2:BIGINT) <- [22]
2026-02-25 14:22:22.258 INFO  k.co.seoulit.common.aop.LoggerAspect - Controller  : kr.co.seoulit.reception.controller.ReceptionController.getStatusHistory()종료
2026-02-25 14:22:22.261 INFO  k.co.seoulit.common.aop.LoggerAspect - kr.co.seoulit.reception.mapstruct.ReceptionResMapStructImpl.toDto()시작
2026-02-25 14:22:22.262 INFO  k.co.seoulit.common.aop.LoggerAspect - kr.co.seoulit.reception.mapstruct.ReceptionResMapStructImpl.toDto()종료
2026-02-25 14:22:22.263 INFO  k.co.seoulit.common.aop.LoggerAspect - ServiceImpl  : kr.co.seoulit.reception.service.ReceptionServiceImpl.getReception()종료
2026-02-25 14:22:22.272 INFO  k.co.seoulit.common.aop.LoggerAspect - Controller  : kr.co.seoulit.reception.controller.ReceptionController.getReception()종료
2026-02-25 14:22:22.278 INFO  k.co.seoulit.common.aop.LoggerAspect - Controller  : kr.co.seoulit.reception.controller.ReceptionController.getStatusHistory()시작
2026-02-25 14:22:22.278 INFO  k.co.seoulit.common.aop.LoggerAspect - ServiceImpl  : kr.co.seoulit.reception.service.ReceptionServiceImpl.getReceptionStatusHistory()시작
2026-02-25 14:22:22.291 DEBUG org.hibernate.SQL - select rshe1_0.status_history_id,rshe1_0.changed_at,rshe1_0.changed_by,rshe1_0.from_status,rshe1_0.reason_code,rshe1_0.reason_text,rshe1_0.reception_id,rshe1_0.to_status from reception_status_history rshe1_0 where rshe1_0.reception_id=? order by rshe1_0.changed_at
2026-02-25 14:22:22.291 TRACE org.hibernate.orm.jdbc.bind - binding parameter (1:BIGINT) <- [22]
2026-02-25 14:22:22.303 INFO  k.co.seoulit.common.aop.LoggerAspect - ServiceImpl  : kr.co.seoulit.reception.service.ReceptionServiceImpl.getReceptionStatusHistory()종료
2026-02-25 14:22:22.312 INFO  k.co.seoulit.common.aop.LoggerAspect - Controller  : kr.co.seoulit.reception.controller.ReceptionController.getStatusHistory()종료
2026-02-25 14:22:22.322 DEBUG org.hibernate.SQL - select ale1_0.audit_log_id,ale1_0.action,ale1_0.actor_id,ale1_0.after_json,ale1_0.before_json,ale1_0.diff_json,ale1_0.entity_id,ale1_0.entity_type,ale1_0.occurred_at,ale1_0.reason_code,ale1_0.reason_text from audit_log ale1_0 where ale1_0.entity_type=? and ale1_0.entity_id=? order by ale1_0.occurred_at desc
2026-02-25 14:22:22.323 TRACE org.hibernate.orm.jdbc.bind - binding parameter (1:VARCHAR) <- [RECEPTION]
2026-02-25 14:22:22.324 TRACE org.hibernate.orm.jdbc.bind - binding parameter (2:BIGINT) <- [22]
2026-02-25 14:22:25.217 INFO  k.co.seoulit.common.aop.LoggerAspect - Controller  : kr.co.seoulit.reception.controller.ReceptionController.getReceptions()시작
2026-02-25 14:22:25.217 INFO  k.co.seoulit.common.aop.LoggerAspect - Controller  : kr.co.seoulit.reception.controller.ReservationController.getReservations()시작
2026-02-25 14:22:25.218 INFO  k.c.s.r.c.ReceptionController - Reception list request: searchType=null, searchValue=null
2026-02-25 14:22:25.218 INFO  k.c.s.r.c.ReservationController - 예약 목록 요청: searchType=null, searchValue=null
2026-02-25 14:22:25.235 INFO  k.co.seoulit.common.aop.LoggerAspect - ServiceImpl  : kr.co.seoulit.reception.service.ReservationServiceImpl.getReservationList()시작
2026-02-25 14:22:25.235 INFO  k.co.seoulit.common.aop.LoggerAspect - ServiceImpl  : kr.co.seoulit.reception.service.ReceptionServiceImpl.getReceptionList()시작
2026-02-25 14:22:25.270 INFO  k.co.seoulit.common.aop.LoggerAspect - ServiceImpl  : kr.co.seoulit.reception.service.ReservationServiceImpl.getReservationList()종료
2026-02-25 14:22:25.281 INFO  k.co.seoulit.common.aop.LoggerAspect - Controller  : kr.co.seoulit.reception.controller.ReservationController.getReservations()종료
2026-02-25 14:22:25.282 INFO  k.co.seoulit.common.aop.LoggerAspect - ServiceImpl  : kr.co.seoulit.reception.service.ReceptionServiceImpl.getReceptionList()종료
2026-02-25 14:22:25.285 INFO  k.co.seoulit.common.aop.LoggerAspect - Controller  : kr.co.seoulit.reception.controller.ReservationController.getReservations()시작
2026-02-25 14:22:25.285 INFO  k.c.s.r.c.ReservationController - 예약 목록 요청: searchType=null, searchValue=null
2026-02-25 14:22:25.286 INFO  k.co.seoulit.common.aop.LoggerAspect - ServiceImpl  : kr.co.seoulit.reception.service.ReservationServiceImpl.getReservationList()시작
2026-02-25 14:22:25.289 INFO  k.co.seoulit.common.aop.LoggerAspect - Controller  : kr.co.seoulit.reception.controller.ReceptionController.getReceptions()종료
2026-02-25 14:22:25.294 INFO  k.co.seoulit.common.aop.LoggerAspect - Controller  : kr.co.seoulit.reception.controller.ReceptionController.getReceptions()시작
2026-02-25 14:22:25.294 INFO  k.c.s.r.c.ReceptionController - Reception list request: searchType=null, searchValue=null
2026-02-25 14:22:25.294 INFO  k.co.seoulit.common.aop.LoggerAspect - ServiceImpl  : kr.co.seoulit.reception.service.ReceptionServiceImpl.getReceptionList()시작
2026-02-25 14:22:25.300 INFO  k.co.seoulit.common.aop.LoggerAspect - ServiceImpl  : kr.co.seoulit.reception.service.ReservationServiceImpl.getReservationList()종료
2026-02-25 14:22:25.311 INFO  k.co.seoulit.common.aop.LoggerAspect - Controller  : kr.co.seoulit.reception.controller.ReservationController.getReservations()종료
2026-02-25 14:22:25.333 INFO  k.co.seoulit.common.aop.LoggerAspect - ServiceImpl  : kr.co.seoulit.reception.service.ReceptionServiceImpl.getReceptionList()종료
2026-02-25 14:22:25.347 INFO  k.co.seoulit.common.aop.LoggerAspect - Controller  : kr.co.seoulit.reception.controller.ReceptionController.getReceptions()종료
2026-02-25 14:22:25.353 INFO  k.co.seoulit.common.aop.LoggerAspect - Controller  : kr.co.seoulit.reception.controller.ReceptionController.getReceptions()시작
2026-02-25 14:22:25.354 INFO  k.c.s.r.c.ReceptionController - Reception list request: searchType=null, searchValue=null
2026-02-25 14:22:25.354 INFO  k.co.seoulit.common.aop.LoggerAspect - ServiceImpl  : kr.co.seoulit.reception.service.ReceptionServiceImpl.getReceptionList()시작
2026-02-25 14:22:25.391 INFO  k.co.seoulit.common.aop.LoggerAspect - ServiceImpl  : kr.co.seoulit.reception.service.ReceptionServiceImpl.getReceptionList()종료
2026-02-25 14:22:25.428 INFO  k.co.seoulit.common.aop.LoggerAspect - Controller  : kr.co.seoulit.reception.controller.ReceptionController.getReceptions()종료
2026-02-25 14:22:25.435 INFO  k.co.seoulit.common.aop.LoggerAspect - Controller  : kr.co.seoulit.reception.controller.ReceptionController.getReceptions()시작
2026-02-25 14:22:25.435 INFO  k.c.s.r.c.ReceptionController - Reception list request: searchType=null, searchValue=null
2026-02-25 14:22:25.435 INFO  k.co.seoulit.common.aop.LoggerAspect - ServiceImpl  : kr.co.seoulit.reception.service.ReceptionServiceImpl.getReceptionList()시작
2026-02-25 14:22:25.461 INFO  k.co.seoulit.common.aop.LoggerAspect - ServiceImpl  : kr.co.seoulit.reception.service.ReceptionServiceImpl.getReceptionList()종료
2026-02-25 14:22:25.470 INFO  k.co.seoulit.common.aop.LoggerAspect - Controller  : kr.co.seoulit.reception.controller.ReceptionController.getReceptions()종료
2026-02-25 14:23:22.487 INFO  k.co.seoulit.common.aop.LoggerAspect - Controller  : kr.co.seoulit.reception.controller.ReservationController.getReservations()시작
2026-02-25 14:23:22.490 INFO  k.co.seoulit.common.aop.LoggerAspect - Controller  : kr.co.seoulit.reception.controller.ReceptionController.getReceptions()시작
2026-02-25 14:23:22.489 INFO  k.c.s.r.c.ReservationController - 예약 목록 요청: searchType=null, searchValue=null
2026-02-25 14:23:22.490 INFO  k.c.s.r.c.ReceptionController - Reception list request: searchType=null, searchValue=null
2026-02-25 14:23:22.516 INFO  k.co.seoulit.common.aop.LoggerAspect - ServiceImpl  : kr.co.seoulit.reception.service.ReservationServiceImpl.getReservationList()시작
2026-02-25 14:23:22.517 INFO  k.co.seoulit.common.aop.LoggerAspect - ServiceImpl  : kr.co.seoulit.reception.service.ReceptionServiceImpl.getReceptionList()시작
2026-02-25 14:23:22.533 INFO  k.co.seoulit.common.aop.LoggerAspect - ServiceImpl  : kr.co.seoulit.reception.service.ReservationServiceImpl.getReservationList()종료
2026-02-25 14:23:22.548 INFO  k.co.seoulit.common.aop.LoggerAspect - Controller  : kr.co.seoulit.reception.controller.ReservationController.getReservations()종료
2026-02-25 14:23:22.551 INFO  k.co.seoulit.common.aop.LoggerAspect - ServiceImpl  : kr.co.seoulit.reception.service.ReceptionServiceImpl.getReceptionList()종료
2026-02-25 14:23:22.559 INFO  k.co.seoulit.common.aop.LoggerAspect - Controller  : kr.co.seoulit.reception.controller.ReservationController.getReservations()시작
2026-02-25 14:23:22.559 INFO  k.c.s.r.c.ReservationController - 예약 목록 요청: searchType=null, searchValue=null
2026-02-25 14:23:22.561 INFO  k.co.seoulit.common.aop.LoggerAspect - Controller  : kr.co.seoulit.reception.controller.ReceptionController.getReceptions()종료
2026-02-25 14:23:22.567 INFO  k.co.seoulit.common.aop.LoggerAspect - Controller  : kr.co.seoulit.reception.controller.ReceptionController.getReceptions()시작
2026-02-25 14:23:22.568 INFO  k.c.s.r.c.ReceptionController - Reception list request: searchType=null, searchValue=null
2026-02-25 14:23:22.568 INFO  k.co.seoulit.common.aop.LoggerAspect - ServiceImpl  : kr.co.seoulit.reception.service.ReceptionServiceImpl.getReceptionList()시작
2026-02-25 14:23:22.569 INFO  k.co.seoulit.common.aop.LoggerAspect - ServiceImpl  : kr.co.seoulit.reception.service.ReservationServiceImpl.getReservationList()시작
2026-02-25 14:23:22.590 INFO  k.co.seoulit.common.aop.LoggerAspect - ServiceImpl  : kr.co.seoulit.reception.service.ReservationServiceImpl.getReservationList()종료
2026-02-25 14:23:22.602 INFO  k.co.seoulit.common.aop.LoggerAspect - Controller  : kr.co.seoulit.reception.controller.ReservationController.getReservations()종료
2026-02-25 14:23:22.602 INFO  k.co.seoulit.common.aop.LoggerAspect - ServiceImpl  : kr.co.seoulit.reception.service.ReceptionServiceImpl.getReceptionList()종료
2026-02-25 14:23:22.618 INFO  k.co.seoulit.common.aop.LoggerAspect - Controller  : kr.co.seoulit.reception.controller.ReceptionController.getReceptions()종료
2026-02-25 14:23:22.653 INFO  k.co.seoulit.common.aop.LoggerAspect - Controller  : kr.co.seoulit.reception.controller.ReceptionController.getReceptions()시작
2026-02-25 14:23:22.654 INFO  k.c.s.r.c.ReceptionController - Reception list request: searchType=null, searchValue=null
2026-02-25 14:23:22.654 INFO  k.co.seoulit.common.aop.LoggerAspect - ServiceImpl  : kr.co.seoulit.reception.service.ReceptionServiceImpl.getReceptionList()시작
2026-02-25 14:23:22.681 INFO  k.co.seoulit.common.aop.LoggerAspect - ServiceImpl  : kr.co.seoulit.reception.service.ReceptionServiceImpl.getReceptionList()종료
2026-02-25 14:23:22.689 INFO  k.co.seoulit.common.aop.LoggerAspect - Controller  : kr.co.seoulit.reception.controller.ReceptionController.getReceptions()종료
2026-02-25 14:23:22.833 INFO  k.co.seoulit.common.aop.LoggerAspect - Controller  : kr.co.seoulit.reception.controller.ReceptionController.getReceptions()시작
2026-02-25 14:23:22.834 INFO  k.c.s.r.c.ReceptionController - Reception list request: searchType=null, searchValue=null
2026-02-25 14:23:22.835 INFO  k.co.seoulit.common.aop.LoggerAspect - ServiceImpl  : kr.co.seoulit.reception.service.ReceptionServiceImpl.getReceptionList()시작
2026-02-25 14:23:22.864 INFO  k.co.seoulit.common.aop.LoggerAspect - ServiceImpl  : kr.co.seoulit.reception.service.ReceptionServiceImpl.getReceptionList()종료
2026-02-25 14:23:22.878 INFO  k.co.seoulit.common.aop.LoggerAspect - Controller  : kr.co.seoulit.reception.controller.ReceptionController.getReceptions()종료
2026-02-25 14:23:28.876 INFO  k.co.seoulit.common.aop.LoggerAspect - Controller  : kr.co.seoulit.reception.controller.ReceptionController.getReception()시작
2026-02-25 14:23:28.876 INFO  k.c.s.r.c.ReceptionController - Get reception request: id=22
2026-02-25 14:23:28.885 INFO  k.co.seoulit.common.aop.LoggerAspect - ServiceImpl  : kr.co.seoulit.reception.service.ReceptionServiceImpl.getReception()시작
2026-02-25 14:23:28.886 DEBUG org.hibernate.SQL - select re1_0.reception_id,re1_0.arrived_at,re1_0.cancel_reason_code,re1_0.cancel_reason_text,re1_0.created_at,re1_0.created_by,re1_0.department_id,re1_0.department_name,re1_0.doctor_id,re1_0.doctor_name,re1_0.hold_reason_code,re1_0.hold_reason_text,re1_0.inactive_at,re1_0.inactive_reason_code,re1_0.inactive_reason_text,re1_0.is_active,re1_0.note,re1_0.patient_id,re1_0.patient_name,re1_0.reception_no,re1_0.reservation_id,re1_0.scheduled_at,re1_0.status,re1_0.updated_at,re1_0.updated_by,re1_0.visit_type from reception re1_0 where re1_0.reception_id=?
2026-02-25 14:23:28.886 TRACE org.hibernate.orm.jdbc.bind - binding parameter (1:BIGINT) <- [22]
2026-02-25 14:23:28.900 INFO  k.co.seoulit.common.aop.LoggerAspect - kr.co.seoulit.reception.mapstruct.ReceptionResMapStructImpl.toDto()시작
2026-02-25 14:23:28.900 INFO  k.co.seoulit.common.aop.LoggerAspect - kr.co.seoulit.reception.mapstruct.ReceptionResMapStructImpl.toDto()종료
2026-02-25 14:23:28.900 INFO  k.co.seoulit.common.aop.LoggerAspect - ServiceImpl  : kr.co.seoulit.reception.service.ReceptionServiceImpl.getReception()종료
2026-02-25 14:23:28.910 INFO  k.co.seoulit.common.aop.LoggerAspect - Controller  : kr.co.seoulit.reception.controller.ReceptionController.getReception()종료
2026-02-25 14:23:31.568 INFO  k.co.seoulit.common.aop.LoggerAspect - Controller  : kr.co.seoulit.reception.controller.ReceptionController.getReception()시작
2026-02-25 14:23:31.571 INFO  k.c.s.r.c.ReceptionController - Get reception request: id=22
2026-02-25 14:23:31.575 INFO  k.co.seoulit.common.aop.LoggerAspect - Controller  : kr.co.seoulit.reception.controller.ReceptionController.getStatusHistory()시작
2026-02-25 14:23:31.590 INFO  k.co.seoulit.common.aop.LoggerAspect - ServiceImpl  : kr.co.seoulit.reception.service.ReceptionServiceImpl.getReception()시작
2026-02-25 14:23:31.591 INFO  k.co.seoulit.common.aop.LoggerAspect - ServiceImpl  : kr.co.seoulit.reception.service.ReceptionServiceImpl.getReceptionStatusHistory()시작
2026-02-25 14:23:31.593 DEBUG org.hibernate.SQL - select re1_0.reception_id,re1_0.arrived_at,re1_0.cancel_reason_code,re1_0.cancel_reason_text,re1_0.created_at,re1_0.created_by,re1_0.department_id,re1_0.department_name,re1_0.doctor_id,re1_0.doctor_name,re1_0.hold_reason_code,re1_0.hold_reason_text,re1_0.inactive_at,re1_0.inactive_reason_code,re1_0.inactive_reason_text,re1_0.is_active,re1_0.note,re1_0.patient_id,re1_0.patient_name,re1_0.reception_no,re1_0.reservation_id,re1_0.scheduled_at,re1_0.status,re1_0.updated_at,re1_0.updated_by,re1_0.visit_type from reception re1_0 where re1_0.reception_id=?
2026-02-25 14:23:31.595 TRACE org.hibernate.orm.jdbc.bind - binding parameter (1:BIGINT) <- [22]
2026-02-25 14:23:31.602 DEBUG org.hibernate.SQL - select ale1_0.audit_log_id,ale1_0.action,ale1_0.actor_id,ale1_0.after_json,ale1_0.before_json,ale1_0.diff_json,ale1_0.entity_id,ale1_0.entity_type,ale1_0.occurred_at,ale1_0.reason_code,ale1_0.reason_text from audit_log ale1_0 where ale1_0.entity_type=? and ale1_0.entity_id=? order by ale1_0.occurred_at desc
2026-02-25 14:23:31.605 TRACE org.hibernate.orm.jdbc.bind - binding parameter (1:VARCHAR) <- [RECEPTION]
2026-02-25 14:23:31.605 TRACE org.hibernate.orm.jdbc.bind - binding parameter (2:BIGINT) <- [22]
2026-02-25 14:23:31.606 DEBUG org.hibernate.SQL - select rshe1_0.status_history_id,rshe1_0.changed_at,rshe1_0.changed_by,rshe1_0.from_status,rshe1_0.reason_code,rshe1_0.reason_text,rshe1_0.reception_id,rshe1_0.to_status from reception_status_history rshe1_0 where rshe1_0.reception_id=? order by rshe1_0.changed_at
2026-02-25 14:23:31.607 TRACE org.hibernate.orm.jdbc.bind - binding parameter (1:BIGINT) <- [22]
2026-02-25 14:23:31.612 INFO  k.co.seoulit.common.aop.LoggerAspect - kr.co.seoulit.reception.mapstruct.ReceptionResMapStructImpl.toDto()시작
2026-02-25 14:23:31.613 INFO  k.co.seoulit.common.aop.LoggerAspect - kr.co.seoulit.reception.mapstruct.ReceptionResMapStructImpl.toDto()종료
2026-02-25 14:23:31.613 INFO  k.co.seoulit.common.aop.LoggerAspect - ServiceImpl  : kr.co.seoulit.reception.service.ReceptionServiceImpl.getReception()종료
2026-02-25 14:23:31.617 INFO  k.co.seoulit.common.aop.LoggerAspect - ServiceImpl  : kr.co.seoulit.reception.service.ReceptionServiceImpl.getReceptionStatusHistory()종료
2026-02-25 14:23:31.621 INFO  k.co.seoulit.common.aop.LoggerAspect - Controller  : kr.co.seoulit.reception.controller.ReceptionController.getReception()종료
2026-02-25 14:23:31.629 INFO  k.co.seoulit.common.aop.LoggerAspect - Controller  : kr.co.seoulit.reception.controller.ReceptionController.getStatusHistory()종료
2026-02-25 14:23:31.645 INFO  k.co.seoulit.common.aop.LoggerAspect - Controller  : kr.co.seoulit.reception.controller.ReceptionController.getReception()시작
2026-02-25 14:23:31.645 INFO  k.c.s.r.c.ReceptionController - Get reception request: id=22
2026-02-25 14:23:31.646 INFO  k.co.seoulit.common.aop.LoggerAspect - ServiceImpl  : kr.co.seoulit.reception.service.ReceptionServiceImpl.getReception()시작
2026-02-25 14:23:31.646 INFO  k.co.seoulit.common.aop.LoggerAspect - Controller  : kr.co.seoulit.reception.controller.ReceptionController.getStatusHistory()시작
2026-02-25 14:23:31.646 INFO  k.co.seoulit.common.aop.LoggerAspect - ServiceImpl  : kr.co.seoulit.reception.service.ReceptionServiceImpl.getReceptionStatusHistory()시작
2026-02-25 14:23:31.647 DEBUG org.hibernate.SQL - select re1_0.reception_id,re1_0.arrived_at,re1_0.cancel_reason_code,re1_0.cancel_reason_text,re1_0.created_at,re1_0.created_by,re1_0.department_id,re1_0.department_name,re1_0.doctor_id,re1_0.doctor_name,re1_0.hold_reason_code,re1_0.hold_reason_text,re1_0.inactive_at,re1_0.inactive_reason_code,re1_0.inactive_reason_text,re1_0.is_active,re1_0.note,re1_0.patient_id,re1_0.patient_name,re1_0.reception_no,re1_0.reservation_id,re1_0.scheduled_at,re1_0.status,re1_0.updated_at,re1_0.updated_by,re1_0.visit_type from reception re1_0 where re1_0.reception_id=?
2026-02-25 14:23:31.652 TRACE org.hibernate.orm.jdbc.bind - binding parameter (1:BIGINT) <- [22]
2026-02-25 14:23:31.655 DEBUG org.hibernate.SQL - select rshe1_0.status_history_id,rshe1_0.changed_at,rshe1_0.changed_by,rshe1_0.from_status,rshe1_0.reason_code,rshe1_0.reason_text,rshe1_0.reception_id,rshe1_0.to_status from reception_status_history rshe1_0 where rshe1_0.reception_id=? order by rshe1_0.changed_at
2026-02-25 14:23:31.656 TRACE org.hibernate.orm.jdbc.bind - binding parameter (1:BIGINT) <- [22]
2026-02-25 14:23:31.658 DEBUG org.hibernate.SQL - select ale1_0.audit_log_id,ale1_0.action,ale1_0.actor_id,ale1_0.after_json,ale1_0.before_json,ale1_0.diff_json,ale1_0.entity_id,ale1_0.entity_type,ale1_0.occurred_at,ale1_0.reason_code,ale1_0.reason_text from audit_log ale1_0 where ale1_0.entity_type=? and ale1_0.entity_id=? order by ale1_0.occurred_at desc
2026-02-25 14:23:31.659 TRACE org.hibernate.orm.jdbc.bind - binding parameter (1:VARCHAR) <- [RECEPTION]
2026-02-25 14:23:31.659 TRACE org.hibernate.orm.jdbc.bind - binding parameter (2:BIGINT) <- [22]
2026-02-25 14:23:31.669 INFO  k.co.seoulit.common.aop.LoggerAspect - kr.co.seoulit.reception.mapstruct.ReceptionResMapStructImpl.toDto()시작
2026-02-25 14:23:31.670 INFO  k.co.seoulit.common.aop.LoggerAspect - kr.co.seoulit.reception.mapstruct.ReceptionResMapStructImpl.toDto()종료
2026-02-25 14:23:31.670 INFO  k.co.seoulit.common.aop.LoggerAspect - ServiceImpl  : kr.co.seoulit.reception.service.ReceptionServiceImpl.getReception()종료
2026-02-25 14:23:31.680 INFO  k.co.seoulit.common.aop.LoggerAspect - ServiceImpl  : kr.co.seoulit.reception.service.ReceptionServiceImpl.getReceptionStatusHistory()종료
2026-02-25 14:23:31.680 INFO  k.co.seoulit.common.aop.LoggerAspect - Controller  : kr.co.seoulit.reception.controller.ReceptionController.getReception()종료
2026-02-25 14:23:31.705 INFO  k.co.seoulit.common.aop.LoggerAspect - Controller  : kr.co.seoulit.reception.controller.ReceptionController.getStatusHistory()종료
2026-02-25 14:23:33.455 INFO  k.co.seoulit.common.aop.LoggerAspect - Controller  : kr.co.seoulit.reception.controller.ReservationController.getReservations()시작
2026-02-25 14:23:33.456 INFO  k.co.seoulit.common.aop.LoggerAspect - Controller  : kr.co.seoulit.reception.controller.ReceptionController.getReceptions()시작
2026-02-25 14:23:33.456 INFO  k.c.s.r.c.ReservationController - 예약 목록 요청: searchType=null, searchValue=null
2026-02-25 14:23:33.456 INFO  k.c.s.r.c.ReceptionController - Reception list request: searchType=null, searchValue=null
2026-02-25 14:23:33.491 INFO  k.co.seoulit.common.aop.LoggerAspect - ServiceImpl  : kr.co.seoulit.reception.service.ReservationServiceImpl.getReservationList()시작
2026-02-25 14:23:33.491 INFO  k.co.seoulit.common.aop.LoggerAspect - ServiceImpl  : kr.co.seoulit.reception.service.ReceptionServiceImpl.getReceptionList()시작
2026-02-25 14:23:33.503 INFO  k.co.seoulit.common.aop.LoggerAspect - ServiceImpl  : kr.co.seoulit.reception.service.ReservationServiceImpl.getReservationList()종료
2026-02-25 14:23:33.514 INFO  k.co.seoulit.common.aop.LoggerAspect - Controller  : kr.co.seoulit.reception.controller.ReservationController.getReservations()종료
2026-02-25 14:23:33.514 INFO  k.co.seoulit.common.aop.LoggerAspect - ServiceImpl  : kr.co.seoulit.reception.service.ReceptionServiceImpl.getReceptionList()종료
2026-02-25 14:23:33.518 INFO  k.co.seoulit.common.aop.LoggerAspect - Controller  : kr.co.seoulit.reception.controller.ReservationController.getReservations()시작
2026-02-25 14:23:33.519 INFO  k.c.s.r.c.ReservationController - 예약 목록 요청: searchType=null, searchValue=null
2026-02-25 14:23:33.519 INFO  k.co.seoulit.common.aop.LoggerAspect - ServiceImpl  : kr.co.seoulit.reception.service.ReservationServiceImpl.getReservationList()시작
2026-02-25 14:23:33.520 INFO  k.co.seoulit.common.aop.LoggerAspect - Controller  : kr.co.seoulit.reception.controller.ReceptionController.getReceptions()종료
2026-02-25 14:23:33.526 INFO  k.co.seoulit.common.aop.LoggerAspect - Controller  : kr.co.seoulit.reception.controller.ReceptionController.getReceptions()시작
2026-02-25 14:23:33.526 INFO  k.c.s.r.c.ReceptionController - Reception list request: searchType=null, searchValue=null
2026-02-25 14:23:33.526 INFO  k.co.seoulit.common.aop.LoggerAspect - ServiceImpl  : kr.co.seoulit.reception.service.ReceptionServiceImpl.getReceptionList()시작
2026-02-25 14:23:33.527 INFO  k.co.seoulit.common.aop.LoggerAspect - ServiceImpl  : kr.co.seoulit.reception.service.ReservationServiceImpl.getReservationList()종료
2026-02-25 14:23:33.535 INFO  k.co.seoulit.common.aop.LoggerAspect - Controller  : kr.co.seoulit.reception.controller.ReservationController.getReservations()종료
2026-02-25 14:23:33.551 INFO  k.co.seoulit.common.aop.LoggerAspect - ServiceImpl  : kr.co.seoulit.reception.service.ReceptionServiceImpl.getReceptionList()종료
2026-02-25 14:23:33.559 INFO  k.co.seoulit.common.aop.LoggerAspect - Controller  : kr.co.seoulit.reception.controller.ReceptionController.getReceptions()종료
2026-02-25 14:23:33.565 INFO  k.co.seoulit.common.aop.LoggerAspect - Controller  : kr.co.seoulit.reception.controller.ReceptionController.getReceptions()시작
2026-02-25 14:23:33.565 INFO  k.c.s.r.c.ReceptionController - Reception list request: searchType=null, searchValue=null
2026-02-25 14:23:33.566 INFO  k.co.seoulit.common.aop.LoggerAspect - ServiceImpl  : kr.co.seoulit.reception.service.ReceptionServiceImpl.getReceptionList()시작
2026-02-25 14:23:33.645 INFO  k.co.seoulit.common.aop.LoggerAspect - ServiceImpl  : kr.co.seoulit.reception.service.ReceptionServiceImpl.getReceptionList()종료
2026-02-25 14:23:33.653 INFO  k.co.seoulit.common.aop.LoggerAspect - Controller  : kr.co.seoulit.reception.controller.ReceptionController.getReceptions()종료
2026-02-25 14:23:33.659 INFO  k.co.seoulit.common.aop.LoggerAspect - Controller  : kr.co.seoulit.reception.controller.ReceptionController.getReceptions()시작
2026-02-25 14:23:33.659 INFO  k.c.s.r.c.ReceptionController - Reception list request: searchType=null, searchValue=null
2026-02-25 14:23:33.659 INFO  k.co.seoulit.common.aop.LoggerAspect - ServiceImpl  : kr.co.seoulit.reception.service.ReceptionServiceImpl.getReceptionList()시작
2026-02-25 14:23:33.683 INFO  k.co.seoulit.common.aop.LoggerAspect - ServiceImpl  : kr.co.seoulit.reception.service.ReceptionServiceImpl.getReceptionList()종료
2026-02-25 14:23:33.720 INFO  k.co.seoulit.common.aop.LoggerAspect - Controller  : kr.co.seoulit.reception.controller.ReceptionController.getReceptions()종료
2026-02-25 14:24:10.330 INFO  k.co.seoulit.common.aop.LoggerAspect - Controller  : kr.co.seoulit.reception.controller.ReceptionController.getReception()시작
2026-02-25 14:24:10.331 INFO  k.c.s.r.c.ReceptionController - Get reception request: id=23
2026-02-25 14:24:10.342 INFO  k.co.seoulit.common.aop.LoggerAspect - ServiceImpl  : kr.co.seoulit.reception.service.ReceptionServiceImpl.getReception()시작
2026-02-25 14:24:10.344 DEBUG org.hibernate.SQL - select re1_0.reception_id,re1_0.arrived_at,re1_0.cancel_reason_code,re1_0.cancel_reason_text,re1_0.created_at,re1_0.created_by,re1_0.department_id,re1_0.department_name,re1_0.doctor_id,re1_0.doctor_name,re1_0.hold_reason_code,re1_0.hold_reason_text,re1_0.inactive_at,re1_0.inactive_reason_code,re1_0.inactive_reason_text,re1_0.is_active,re1_0.note,re1_0.patient_id,re1_0.patient_name,re1_0.reception_no,re1_0.reservation_id,re1_0.scheduled_at,re1_0.status,re1_0.updated_at,re1_0.updated_by,re1_0.visit_type from reception re1_0 where re1_0.reception_id=?
2026-02-25 14:24:10.344 TRACE org.hibernate.orm.jdbc.bind - binding parameter (1:BIGINT) <- [23]
2026-02-25 14:24:10.369 INFO  k.co.seoulit.common.aop.LoggerAspect - kr.co.seoulit.reception.mapstruct.ReceptionResMapStructImpl.toDto()시작
2026-02-25 14:24:10.369 INFO  k.co.seoulit.common.aop.LoggerAspect - kr.co.seoulit.reception.mapstruct.ReceptionResMapStructImpl.toDto()종료
2026-02-25 14:24:10.369 INFO  k.co.seoulit.common.aop.LoggerAspect - ServiceImpl  : kr.co.seoulit.reception.service.ReceptionServiceImpl.getReception()종료
2026-02-25 14:24:10.387 INFO  k.co.seoulit.common.aop.LoggerAspect - Controller  : kr.co.seoulit.reception.controller.ReceptionController.getReception()종료
2026-02-25 14:24:11.274 INFO  k.co.seoulit.common.aop.LoggerAspect - Controller  : kr.co.seoulit.reception.controller.ReceptionController.getReception()시작
2026-02-25 14:24:11.275 INFO  k.c.s.r.c.ReceptionController - Get reception request: id=24
2026-02-25 14:24:11.276 INFO  k.co.seoulit.common.aop.LoggerAspect - Controller  : kr.co.seoulit.reception.controller.ReceptionController.getStatusHistory()시작
2026-02-25 14:24:11.313 INFO  k.co.seoulit.common.aop.LoggerAspect - ServiceImpl  : kr.co.seoulit.reception.service.ReceptionServiceImpl.getReceptionStatusHistory()시작
2026-02-25 14:24:11.314 INFO  k.co.seoulit.common.aop.LoggerAspect - ServiceImpl  : kr.co.seoulit.reception.service.ReceptionServiceImpl.getReception()시작
2026-02-25 14:24:11.315 DEBUG org.hibernate.SQL - select re1_0.reception_id,re1_0.arrived_at,re1_0.cancel_reason_code,re1_0.cancel_reason_text,re1_0.created_at,re1_0.created_by,re1_0.department_id,re1_0.department_name,re1_0.doctor_id,re1_0.doctor_name,re1_0.hold_reason_code,re1_0.hold_reason_text,re1_0.inactive_at,re1_0.inactive_reason_code,re1_0.inactive_reason_text,re1_0.is_active,re1_0.note,re1_0.patient_id,re1_0.patient_name,re1_0.reception_no,re1_0.reservation_id,re1_0.scheduled_at,re1_0.status,re1_0.updated_at,re1_0.updated_by,re1_0.visit_type from reception re1_0 where re1_0.reception_id=?
2026-02-25 14:24:11.315 TRACE org.hibernate.orm.jdbc.bind - binding parameter (1:BIGINT) <- [24]
2026-02-25 14:24:11.322 DEBUG org.hibernate.SQL - select rshe1_0.status_history_id,rshe1_0.changed_at,rshe1_0.changed_by,rshe1_0.from_status,rshe1_0.reason_code,rshe1_0.reason_text,rshe1_0.reception_id,rshe1_0.to_status from reception_status_history rshe1_0 where rshe1_0.reception_id=? order by rshe1_0.changed_at
2026-02-25 14:24:11.324 TRACE org.hibernate.orm.jdbc.bind - binding parameter (1:BIGINT) <- [24]
2026-02-25 14:24:11.326 DEBUG org.hibernate.SQL - select ale1_0.audit_log_id,ale1_0.action,ale1_0.actor_id,ale1_0.after_json,ale1_0.before_json,ale1_0.diff_json,ale1_0.entity_id,ale1_0.entity_type,ale1_0.occurred_at,ale1_0.reason_code,ale1_0.reason_text from audit_log ale1_0 where ale1_0.entity_type=? and ale1_0.entity_id=? order by ale1_0.occurred_at desc
2026-02-25 14:24:11.327 TRACE org.hibernate.orm.jdbc.bind - binding parameter (1:VARCHAR) <- [RECEPTION]
2026-02-25 14:24:11.327 TRACE org.hibernate.orm.jdbc.bind - binding parameter (2:BIGINT) <- [24]
2026-02-25 14:24:11.345 INFO  k.co.seoulit.common.aop.LoggerAspect - kr.co.seoulit.reception.mapstruct.ReceptionResMapStructImpl.toDto()시작
2026-02-25 14:24:11.345 INFO  k.co.seoulit.common.aop.LoggerAspect - kr.co.seoulit.reception.mapstruct.ReceptionResMapStructImpl.toDto()종료
2026-02-25 14:24:11.345 INFO  k.co.seoulit.common.aop.LoggerAspect - ServiceImpl  : kr.co.seoulit.reception.service.ReceptionServiceImpl.getReception()종료
2026-02-25 14:24:11.344 INFO  k.co.seoulit.common.aop.LoggerAspect - ServiceImpl  : kr.co.seoulit.reception.service.ReceptionServiceImpl.getReceptionStatusHistory()종료
2026-02-25 14:24:11.372 INFO  k.co.seoulit.common.aop.LoggerAspect - Controller  : kr.co.seoulit.reception.controller.ReceptionController.getStatusHistory()종료
2026-02-25 14:24:11.372 INFO  k.co.seoulit.common.aop.LoggerAspect - Controller  : kr.co.seoulit.reception.controller.ReceptionController.getReception()종료
2026-02-25 14:24:11.380 INFO  k.co.seoulit.common.aop.LoggerAspect - Controller  : kr.co.seoulit.reception.controller.ReceptionController.getReception()시작
2026-02-25 14:24:11.380 INFO  k.c.s.r.c.ReceptionController - Get reception request: id=24
2026-02-25 14:24:11.383 INFO  k.co.seoulit.common.aop.LoggerAspect - Controller  : kr.co.seoulit.reception.controller.ReceptionController.getStatusHistory()시작
2026-02-25 14:24:11.384 INFO  k.co.seoulit.common.aop.LoggerAspect - ServiceImpl  : kr.co.seoulit.reception.service.ReceptionServiceImpl.getReception()시작
2026-02-25 14:24:11.384 INFO  k.co.seoulit.common.aop.LoggerAspect - ServiceImpl  : kr.co.seoulit.reception.service.ReceptionServiceImpl.getReceptionStatusHistory()시작
2026-02-25 14:24:11.388 DEBUG org.hibernate.SQL - select re1_0.reception_id,re1_0.arrived_at,re1_0.cancel_reason_code,re1_0.cancel_reason_text,re1_0.created_at,re1_0.created_by,re1_0.department_id,re1_0.department_name,re1_0.doctor_id,re1_0.doctor_name,re1_0.hold_reason_code,re1_0.hold_reason_text,re1_0.inactive_at,re1_0.inactive_reason_code,re1_0.inactive_reason_text,re1_0.is_active,re1_0.note,re1_0.patient_id,re1_0.patient_name,re1_0.reception_no,re1_0.reservation_id,re1_0.scheduled_at,re1_0.status,re1_0.updated_at,re1_0.updated_by,re1_0.visit_type from reception re1_0 where re1_0.reception_id=?
2026-02-25 14:24:11.389 TRACE org.hibernate.orm.jdbc.bind - binding parameter (1:BIGINT) <- [24]
2026-02-25 14:24:11.391 DEBUG org.hibernate.SQL - select rshe1_0.status_history_id,rshe1_0.changed_at,rshe1_0.changed_by,rshe1_0.from_status,rshe1_0.reason_code,rshe1_0.reason_text,rshe1_0.reception_id,rshe1_0.to_status from reception_status_history rshe1_0 where rshe1_0.reception_id=? order by rshe1_0.changed_at
2026-02-25 14:24:11.392 TRACE org.hibernate.orm.jdbc.bind - binding parameter (1:BIGINT) <- [24]
2026-02-25 14:24:11.403 INFO  k.co.seoulit.common.aop.LoggerAspect - ServiceImpl  : kr.co.seoulit.reception.service.ReceptionServiceImpl.getReceptionStatusHistory()종료
2026-02-25 14:24:11.408 INFO  k.co.seoulit.common.aop.LoggerAspect - kr.co.seoulit.reception.mapstruct.ReceptionResMapStructImpl.toDto()시작
2026-02-25 14:24:11.408 INFO  k.co.seoulit.common.aop.LoggerAspect - kr.co.seoulit.reception.mapstruct.ReceptionResMapStructImpl.toDto()종료
2026-02-25 14:24:11.408 INFO  k.co.seoulit.common.aop.LoggerAspect - ServiceImpl  : kr.co.seoulit.reception.service.ReceptionServiceImpl.getReception()종료
2026-02-25 14:24:11.414 DEBUG org.hibernate.SQL - select ale1_0.audit_log_id,ale1_0.action,ale1_0.actor_id,ale1_0.after_json,ale1_0.before_json,ale1_0.diff_json,ale1_0.entity_id,ale1_0.entity_type,ale1_0.occurred_at,ale1_0.reason_code,ale1_0.reason_text from audit_log ale1_0 where ale1_0.entity_type=? and ale1_0.entity_id=? order by ale1_0.occurred_at desc
2026-02-25 14:24:11.414 TRACE org.hibernate.orm.jdbc.bind - binding parameter (1:VARCHAR) <- [RECEPTION]
2026-02-25 14:24:11.414 TRACE org.hibernate.orm.jdbc.bind - binding parameter (2:BIGINT) <- [24]
2026-02-25 14:24:11.434 INFO  k.co.seoulit.common.aop.LoggerAspect - Controller  : kr.co.seoulit.reception.controller.ReceptionController.getStatusHistory()종료
2026-02-25 14:24:11.434 INFO  k.co.seoulit.common.aop.LoggerAspect - Controller  : kr.co.seoulit.reception.controller.ReceptionController.getReception()종료
2026-02-25 14:24:12.589 INFO  k.co.seoulit.common.aop.LoggerAspect - Controller  : kr.co.seoulit.reception.controller.ReservationController.getReservations()시작
2026-02-25 14:24:12.589 INFO  k.c.s.r.c.ReservationController - 예약 목록 요청: searchType=null, searchValue=null
2026-02-25 14:24:12.589 INFO  k.co.seoulit.common.aop.LoggerAspect - Controller  : kr.co.seoulit.reception.controller.ReceptionController.getReceptions()시작
2026-02-25 14:24:12.590 INFO  k.c.s.r.c.ReceptionController - Reception list request: searchType=null, searchValue=null
2026-02-25 14:24:12.613 INFO  k.co.seoulit.common.aop.LoggerAspect - ServiceImpl  : kr.co.seoulit.reception.service.ReceptionServiceImpl.getReceptionList()시작
2026-02-25 14:24:12.613 INFO  k.co.seoulit.common.aop.LoggerAspect - ServiceImpl  : kr.co.seoulit.reception.service.ReservationServiceImpl.getReservationList()시작
2026-02-25 14:24:12.641 INFO  k.co.seoulit.common.aop.LoggerAspect - ServiceImpl  : kr.co.seoulit.reception.service.ReservationServiceImpl.getReservationList()종료
2026-02-25 14:24:12.674 INFO  k.co.seoulit.common.aop.LoggerAspect - Controller  : kr.co.seoulit.reception.controller.ReservationController.getReservations()종료
2026-02-25 14:24:12.675 INFO  k.co.seoulit.common.aop.LoggerAspect - ServiceImpl  : kr.co.seoulit.reception.service.ReceptionServiceImpl.getReceptionList()종료
2026-02-25 14:24:12.684 INFO  k.co.seoulit.common.aop.LoggerAspect - Controller  : kr.co.seoulit.reception.controller.ReservationController.getReservations()시작
2026-02-25 14:24:12.684 INFO  k.c.s.r.c.ReservationController - 예약 목록 요청: searchType=null, searchValue=null
2026-02-25 14:24:12.685 INFO  k.co.seoulit.common.aop.LoggerAspect - ServiceImpl  : kr.co.seoulit.reception.service.ReservationServiceImpl.getReservationList()시작
2026-02-25 14:24:12.691 INFO  k.co.seoulit.common.aop.LoggerAspect - Controller  : kr.co.seoulit.reception.controller.ReceptionController.getReceptions()종료
2026-02-25 14:24:12.696 INFO  k.co.seoulit.common.aop.LoggerAspect - ServiceImpl  : kr.co.seoulit.reception.service.ReservationServiceImpl.getReservationList()종료
2026-02-25 14:24:12.700 INFO  k.co.seoulit.common.aop.LoggerAspect - Controller  : kr.co.seoulit.reception.controller.ReceptionController.getReceptions()시작
2026-02-25 14:24:12.701 INFO  k.c.s.r.c.ReceptionController - Reception list request: searchType=null, searchValue=null
2026-02-25 14:24:12.718 INFO  k.co.seoulit.common.aop.LoggerAspect - Controller  : kr.co.seoulit.reception.controller.ReservationController.getReservations()종료
2026-02-25 14:24:12.718 INFO  k.co.seoulit.common.aop.LoggerAspect - ServiceImpl  : kr.co.seoulit.reception.service.ReceptionServiceImpl.getReceptionList()시작
2026-02-25 14:24:12.792 INFO  k.co.seoulit.common.aop.LoggerAspect - ServiceImpl  : kr.co.seoulit.reception.service.ReceptionServiceImpl.getReceptionList()종료
2026-02-25 14:24:12.822 INFO  k.co.seoulit.common.aop.LoggerAspect - Controller  : kr.co.seoulit.reception.controller.ReceptionController.getReceptions()종료
2026-02-25 14:24:12.827 INFO  k.co.seoulit.common.aop.LoggerAspect - Controller  : kr.co.seoulit.reception.controller.ReceptionController.getReceptions()시작
2026-02-25 14:24:12.827 INFO  k.c.s.r.c.ReceptionController - Reception list request: searchType=null, searchValue=null
2026-02-25 14:24:12.828 INFO  k.co.seoulit.common.aop.LoggerAspect - ServiceImpl  : kr.co.seoulit.reception.service.ReceptionServiceImpl.getReceptionList()시작
2026-02-25 14:24:12.878 INFO  k.co.seoulit.common.aop.LoggerAspect - ServiceImpl  : kr.co.seoulit.reception.service.ReceptionServiceImpl.getReceptionList()종료
2026-02-25 14:24:12.886 INFO  k.co.seoulit.common.aop.LoggerAspect - Controller  : kr.co.seoulit.reception.controller.ReceptionController.getReceptions()종료
2026-02-25 14:24:12.892 INFO  k.co.seoulit.common.aop.LoggerAspect - Controller  : kr.co.seoulit.reception.controller.ReceptionController.getReceptions()시작
2026-02-25 14:24:12.892 INFO  k.c.s.r.c.ReceptionController - Reception list request: searchType=null, searchValue=null
2026-02-25 14:24:12.892 INFO  k.co.seoulit.common.aop.LoggerAspect - ServiceImpl  : kr.co.seoulit.reception.service.ReceptionServiceImpl.getReceptionList()시작
2026-02-25 14:24:12.912 INFO  k.co.seoulit.common.aop.LoggerAspect - ServiceImpl  : kr.co.seoulit.reception.service.ReceptionServiceImpl.getReceptionList()종료
2026-02-25 14:24:12.940 INFO  k.co.seoulit.common.aop.LoggerAspect - Controller  : kr.co.seoulit.reception.controller.ReceptionController.getReceptions()종료
2026-02-25 14:24:36.615 INFO  k.co.seoulit.common.aop.LoggerAspect - Controller  : kr.co.seoulit.reception.controller.ReceptionController.getReception()시작
2026-02-25 14:24:36.615 INFO  k.c.s.r.c.ReceptionController - Get reception request: id=23
2026-02-25 14:24:36.633 INFO  k.co.seoulit.common.aop.LoggerAspect - ServiceImpl  : kr.co.seoulit.reception.service.ReceptionServiceImpl.getReception()시작
2026-02-25 14:24:36.635 DEBUG org.hibernate.SQL - select re1_0.reception_id,re1_0.arrived_at,re1_0.cancel_reason_code,re1_0.cancel_reason_text,re1_0.created_at,re1_0.created_by,re1_0.department_id,re1_0.department_name,re1_0.doctor_id,re1_0.doctor_name,re1_0.hold_reason_code,re1_0.hold_reason_text,re1_0.inactive_at,re1_0.inactive_reason_code,re1_0.inactive_reason_text,re1_0.is_active,re1_0.note,re1_0.patient_id,re1_0.patient_name,re1_0.reception_no,re1_0.reservation_id,re1_0.scheduled_at,re1_0.status,re1_0.updated_at,re1_0.updated_by,re1_0.visit_type from reception re1_0 where re1_0.reception_id=?
2026-02-25 14:24:36.635 TRACE org.hibernate.orm.jdbc.bind - binding parameter (1:BIGINT) <- [23]
2026-02-25 14:24:36.647 INFO  k.co.seoulit.common.aop.LoggerAspect - kr.co.seoulit.reception.mapstruct.ReceptionResMapStructImpl.toDto()시작
2026-02-25 14:24:36.647 INFO  k.co.seoulit.common.aop.LoggerAspect - kr.co.seoulit.reception.mapstruct.ReceptionResMapStructImpl.toDto()종료
2026-02-25 14:24:36.647 INFO  k.co.seoulit.common.aop.LoggerAspect - ServiceImpl  : kr.co.seoulit.reception.service.ReceptionServiceImpl.getReception()종료
2026-02-25 14:24:36.655 INFO  k.co.seoulit.common.aop.LoggerAspect - Controller  : kr.co.seoulit.reception.controller.ReceptionController.getReception()종료
2026-02-25 14:24:39.718 INFO  k.co.seoulit.common.aop.LoggerAspect - Controller  : kr.co.seoulit.reception.controller.ReceptionController.updateReceptionStatus()시작
2026-02-25 14:24:39.718 INFO  k.c.s.r.c.ReceptionController - Update reception status request: id=23, status=CANCELED
2026-02-25 14:24:39.730 INFO  k.co.seoulit.common.aop.LoggerAspect - ServiceImpl  : kr.co.seoulit.reception.service.ReceptionServiceImpl.updateReceptionStatus()시작
2026-02-25 14:24:39.730 DEBUG org.hibernate.SQL - select re1_0.reception_id,re1_0.arrived_at,re1_0.cancel_reason_code,re1_0.cancel_reason_text,re1_0.created_at,re1_0.created_by,re1_0.department_id,re1_0.department_name,re1_0.doctor_id,re1_0.doctor_name,re1_0.hold_reason_code,re1_0.hold_reason_text,re1_0.inactive_at,re1_0.inactive_reason_code,re1_0.inactive_reason_text,re1_0.is_active,re1_0.note,re1_0.patient_id,re1_0.patient_name,re1_0.reception_no,re1_0.reservation_id,re1_0.scheduled_at,re1_0.status,re1_0.updated_at,re1_0.updated_by,re1_0.visit_type from reception re1_0 where re1_0.reception_id=?
2026-02-25 14:24:39.731 TRACE org.hibernate.orm.jdbc.bind - binding parameter (1:BIGINT) <- [23]
2026-02-25 14:24:39.742 INFO  k.co.seoulit.common.aop.LoggerAspect - kr.co.seoulit.reception.mapstruct.ReceptionResMapStructImpl.toDto()시작
2026-02-25 14:24:39.742 INFO  k.co.seoulit.common.aop.LoggerAspect - kr.co.seoulit.reception.mapstruct.ReceptionResMapStructImpl.toDto()종료
2026-02-25 14:24:39.748 DEBUG org.hibernate.SQL - select seq_reception_status_history.nextval from dual
2026-02-25 14:24:39.766 INFO  k.co.seoulit.common.aop.LoggerAspect - kr.co.seoulit.reception.mapstruct.ReceptionResMapStructImpl.toDto()시작
2026-02-25 14:24:39.766 INFO  k.co.seoulit.common.aop.LoggerAspect - kr.co.seoulit.reception.mapstruct.ReceptionResMapStructImpl.toDto()종료
2026-02-25 14:24:39.767 DEBUG org.hibernate.SQL - select seq_audit_log.nextval from dual
2026-02-25 14:24:39.784 INFO  k.co.seoulit.common.aop.LoggerAspect - kr.co.seoulit.reception.mapstruct.ReceptionResMapStructImpl.toDto()시작
2026-02-25 14:24:39.784 INFO  k.co.seoulit.common.aop.LoggerAspect - kr.co.seoulit.reception.mapstruct.ReceptionResMapStructImpl.toDto()종료
2026-02-25 14:24:39.785 INFO  k.co.seoulit.common.aop.LoggerAspect - ServiceImpl  : kr.co.seoulit.reception.service.ReceptionServiceImpl.updateReceptionStatus()종료
2026-02-25 14:24:39.788 DEBUG org.hibernate.SQL - insert into reception_status_history (changed_at,changed_by,from_status,reason_code,reason_text,reception_id,to_status,status_history_id) values (?,?,?,?,?,?,?,?)
2026-02-25 14:24:39.788 TRACE org.hibernate.orm.jdbc.bind - binding parameter (1:TIMESTAMP) <- [2026-02-25T14:24:39.788541]
2026-02-25 14:24:39.789 TRACE org.hibernate.orm.jdbc.bind - binding parameter (2:BIGINT) <- [null]
2026-02-25 14:24:39.789 TRACE org.hibernate.orm.jdbc.bind - binding parameter (3:VARCHAR) <- [WAITING]
2026-02-25 14:24:39.790 TRACE org.hibernate.orm.jdbc.bind - binding parameter (4:VARCHAR) <- [null]
2026-02-25 14:24:39.790 TRACE org.hibernate.orm.jdbc.bind - binding parameter (5:VARCHAR) <- [null]
2026-02-25 14:24:39.790 TRACE org.hibernate.orm.jdbc.bind - binding parameter (6:BIGINT) <- [23]
2026-02-25 14:24:39.790 TRACE org.hibernate.orm.jdbc.bind - binding parameter (7:VARCHAR) <- [CANCELED]
2026-02-25 14:24:39.790 TRACE org.hibernate.orm.jdbc.bind - binding parameter (8:BIGINT) <- [32]
2026-02-25 14:24:39.802 DEBUG org.hibernate.SQL - insert into audit_log (action,actor_id,after_json,before_json,diff_json,entity_id,entity_type,occurred_at,reason_code,reason_text,audit_log_id) values (?,?,?,?,?,?,?,?,?,?,?)
2026-02-25 14:24:39.804 TRACE org.hibernate.orm.jdbc.bind - binding parameter (1:VARCHAR) <- [STATUS_CHANGE]
2026-02-25 14:24:39.804 TRACE org.hibernate.orm.jdbc.bind - binding parameter (2:BIGINT) <- [null]
2026-02-25 14:24:39.804 TRACE org.hibernate.orm.jdbc.bind - binding parameter (3:VARCHAR) <- [{"receptionId":23,"receptionNo":"20260225-002","patientId":4,"patientName":"김자바","visitType":"OUTPATIENT","departmentId":1,"departmentName":"내과","doctorId":1,"doctorName":"송태민","reservationId":null,"scheduledAt":null,"arrivedAt":"2026-02-25T00:57:27","status":"CANCELED","note":"환자 상세 화면에서 접수 등록","isActive":true,"inactiveAt":null,"inactiveReasonCode":null,"inactiveReasonText":null,"cancelReasonCode":null,"cancelReasonText":null,"holdReasonCode":null,"holdReasonText":null,"createdBy":null,"updatedBy":null,"createdAt":"2026-02-25T09:57:27.181838","updatedAt":"2026-02-25T09:57:27.181838"}]
2026-02-25 14:24:39.804 TRACE org.hibernate.orm.jdbc.bind - binding parameter (4:VARCHAR) <- [{"receptionId":23,"receptionNo":"20260225-002","patientId":4,"patientName":"김자바","visitType":"OUTPATIENT","departmentId":1,"departmentName":"내과","doctorId":1,"doctorName":"송태민","reservationId":null,"scheduledAt":null,"arrivedAt":"2026-02-25T00:57:27","status":"WAITING","note":"환자 상세 화면에서 접수 등록","isActive":true,"inactiveAt":null,"inactiveReasonCode":null,"inactiveReasonText":null,"cancelReasonCode":null,"cancelReasonText":null,"holdReasonCode":null,"holdReasonText":null,"createdBy":null,"updatedBy":null,"createdAt":"2026-02-25T09:57:27.181838","updatedAt":"2026-02-25T09:57:27.181838"}]
2026-02-25 14:24:39.804 TRACE org.hibernate.orm.jdbc.bind - binding parameter (5:VARCHAR) <- [null]
2026-02-25 14:24:39.804 TRACE org.hibernate.orm.jdbc.bind - binding parameter (6:BIGINT) <- [23]
2026-02-25 14:24:39.804 TRACE org.hibernate.orm.jdbc.bind - binding parameter (7:VARCHAR) <- [RECEPTION]
2026-02-25 14:24:39.804 TRACE org.hibernate.orm.jdbc.bind - binding parameter (8:TIMESTAMP) <- [2026-02-25T14:24:39.802992]
2026-02-25 14:24:39.805 TRACE org.hibernate.orm.jdbc.bind - binding parameter (9:VARCHAR) <- [null]
2026-02-25 14:24:39.805 TRACE org.hibernate.orm.jdbc.bind - binding parameter (10:VARCHAR) <- [null]
2026-02-25 14:24:39.805 TRACE org.hibernate.orm.jdbc.bind - binding parameter (11:BIGINT) <- [90]
2026-02-25 14:24:39.824 DEBUG org.hibernate.SQL - update reception set arrived_at=?,cancel_reason_code=?,cancel_reason_text=?,created_by=?,department_id=?,department_name=?,doctor_id=?,doctor_name=?,hold_reason_code=?,hold_reason_text=?,inactive_at=?,inactive_reason_code=?,inactive_reason_text=?,is_active=?,note=?,patient_id=?,patient_name=?,reception_no=?,reservation_id=?,scheduled_at=?,status=?,updated_at=?,updated_by=?,visit_type=? where reception_id=?
2026-02-25 14:24:39.825 TRACE org.hibernate.orm.jdbc.bind - binding parameter (1:TIMESTAMP) <- [2026-02-25T00:57:27]
2026-02-25 14:24:39.825 TRACE org.hibernate.orm.jdbc.bind - binding parameter (2:VARCHAR) <- [null]
2026-02-25 14:24:39.825 TRACE org.hibernate.orm.jdbc.bind - binding parameter (3:VARCHAR) <- [null]
2026-02-25 14:24:39.825 TRACE org.hibernate.orm.jdbc.bind - binding parameter (4:BIGINT) <- [null]
2026-02-25 14:24:39.825 TRACE org.hibernate.orm.jdbc.bind - binding parameter (5:BIGINT) <- [1]
2026-02-25 14:24:39.825 TRACE org.hibernate.orm.jdbc.bind - binding parameter (6:VARCHAR) <- [내과]
2026-02-25 14:24:39.826 TRACE org.hibernate.orm.jdbc.bind - binding parameter (7:BIGINT) <- [1]
2026-02-25 14:24:39.826 TRACE org.hibernate.orm.jdbc.bind - binding parameter (8:VARCHAR) <- [송태민]
2026-02-25 14:24:39.826 TRACE org.hibernate.orm.jdbc.bind - binding parameter (9:VARCHAR) <- [null]
2026-02-25 14:24:39.826 TRACE org.hibernate.orm.jdbc.bind - binding parameter (10:VARCHAR) <- [null]
2026-02-25 14:24:39.826 TRACE org.hibernate.orm.jdbc.bind - binding parameter (11:TIMESTAMP) <- [null]
2026-02-25 14:24:39.826 TRACE org.hibernate.orm.jdbc.bind - binding parameter (12:VARCHAR) <- [null]
2026-02-25 14:24:39.826 TRACE org.hibernate.orm.jdbc.bind - binding parameter (13:VARCHAR) <- [null]
2026-02-25 14:24:39.826 TRACE org.hibernate.orm.jdbc.bind - binding parameter (14:BOOLEAN) <- [true]
2026-02-25 14:24:39.826 TRACE org.hibernate.orm.jdbc.bind - binding parameter (15:VARCHAR) <- [환자 상세 화면에서 접수 등록]
2026-02-25 14:24:39.826 TRACE org.hibernate.orm.jdbc.bind - binding parameter (16:BIGINT) <- [4]
2026-02-25 14:24:39.826 TRACE org.hibernate.orm.jdbc.bind - binding parameter (17:VARCHAR) <- [김자바]
2026-02-25 14:24:39.826 TRACE org.hibernate.orm.jdbc.bind - binding parameter (18:VARCHAR) <- [20260225-002]
2026-02-25 14:24:39.827 TRACE org.hibernate.orm.jdbc.bind - binding parameter (19:BIGINT) <- [null]
2026-02-25 14:24:39.827 TRACE org.hibernate.orm.jdbc.bind - binding parameter (20:TIMESTAMP) <- [null]
2026-02-25 14:24:39.827 TRACE org.hibernate.orm.jdbc.bind - binding parameter (21:VARCHAR) <- [CANCELED]
2026-02-25 14:24:39.827 TRACE org.hibernate.orm.jdbc.bind - binding parameter (22:TIMESTAMP) <- [2026-02-25T14:24:39.820572]
2026-02-25 14:24:39.827 TRACE org.hibernate.orm.jdbc.bind - binding parameter (23:BIGINT) <- [null]
2026-02-25 14:24:39.827 TRACE org.hibernate.orm.jdbc.bind - binding parameter (24:VARCHAR) <- [OUTPATIENT]
2026-02-25 14:24:39.827 TRACE org.hibernate.orm.jdbc.bind - binding parameter (25:BIGINT) <- [23]
2026-02-25 14:24:39.853 INFO  k.co.seoulit.common.aop.LoggerAspect - Controller  : kr.co.seoulit.reception.controller.ReceptionController.updateReceptionStatus()종료
2026-02-25 14:24:39.915 INFO  k.co.seoulit.common.aop.LoggerAspect - Controller  : kr.co.seoulit.reception.controller.ReceptionController.getReception()시작
2026-02-25 14:24:39.915 INFO  k.c.s.r.c.ReceptionController - Get reception request: id=22
2026-02-25 14:24:39.947 INFO  k.co.seoulit.common.aop.LoggerAspect - ServiceImpl  : kr.co.seoulit.reception.service.ReceptionServiceImpl.getReception()시작
2026-02-25 14:24:39.948 DEBUG org.hibernate.SQL - select re1_0.reception_id,re1_0.arrived_at,re1_0.cancel_reason_code,re1_0.cancel_reason_text,re1_0.created_at,re1_0.created_by,re1_0.department_id,re1_0.department_name,re1_0.doctor_id,re1_0.doctor_name,re1_0.hold_reason_code,re1_0.hold_reason_text,re1_0.inactive_at,re1_0.inactive_reason_code,re1_0.inactive_reason_text,re1_0.is_active,re1_0.note,re1_0.patient_id,re1_0.patient_name,re1_0.reception_no,re1_0.reservation_id,re1_0.scheduled_at,re1_0.status,re1_0.updated_at,re1_0.updated_by,re1_0.visit_type from reception re1_0 where re1_0.reception_id=?
2026-02-25 14:24:39.949 TRACE org.hibernate.orm.jdbc.bind - binding parameter (1:BIGINT) <- [22]
2026-02-25 14:24:39.988 INFO  k.co.seoulit.common.aop.LoggerAspect - kr.co.seoulit.reception.mapstruct.ReceptionResMapStructImpl.toDto()시작
2026-02-25 14:24:39.988 INFO  k.co.seoulit.common.aop.LoggerAspect - kr.co.seoulit.reception.mapstruct.ReceptionResMapStructImpl.toDto()종료
2026-02-25 14:24:39.988 INFO  k.co.seoulit.common.aop.LoggerAspect - ServiceImpl  : kr.co.seoulit.reception.service.ReceptionServiceImpl.getReception()종료
2026-02-25 14:24:40.016 INFO  k.co.seoulit.common.aop.LoggerAspect - Controller  : kr.co.seoulit.reception.controller.ReceptionController.getReception()종료
2026-02-25 14:24:44.644 INFO  k.co.seoulit.common.aop.LoggerAspect - Controller  : kr.co.seoulit.reception.controller.ReservationController.getReservations()시작
2026-02-25 14:24:44.644 INFO  k.c.s.r.c.ReservationController - 예약 목록 요청: searchType=null, searchValue=null
2026-02-25 14:24:44.668 INFO  k.co.seoulit.common.aop.LoggerAspect - ServiceImpl  : kr.co.seoulit.reception.service.ReservationServiceImpl.getReservationList()시작
2026-02-25 14:24:44.693 INFO  k.co.seoulit.common.aop.LoggerAspect - ServiceImpl  : kr.co.seoulit.reception.service.ReservationServiceImpl.getReservationList()종료
2026-02-25 14:24:44.723 INFO  k.co.seoulit.common.aop.LoggerAspect - Controller  : kr.co.seoulit.reception.controller.ReservationController.getReservations()종료
2026-02-25 14:24:44.730 INFO  k.co.seoulit.common.aop.LoggerAspect - Controller  : kr.co.seoulit.reception.controller.ReservationController.getReservations()시작
2026-02-25 14:24:44.730 INFO  k.c.s.r.c.ReservationController - 예약 목록 요청: searchType=null, searchValue=null
2026-02-25 14:24:44.754 INFO  k.co.seoulit.common.aop.LoggerAspect - ServiceImpl  : kr.co.seoulit.reception.service.ReservationServiceImpl.getReservationList()시작
2026-02-25 14:24:44.778 INFO  k.co.seoulit.common.aop.LoggerAspect - ServiceImpl  : kr.co.seoulit.reception.service.ReservationServiceImpl.getReservationList()종료
2026-02-25 14:24:44.811 INFO  k.co.seoulit.common.aop.LoggerAspect - Controller  : kr.co.seoulit.reception.controller.ReservationController.getReservations()종료
2026-02-25 14:25:58.100 INFO  k.co.seoulit.common.aop.LoggerAspect - Controller  : kr.co.seoulit.reception.controller.ReceptionController.getReceptions()시작
2026-02-25 14:25:58.100 INFO  k.c.s.r.c.ReceptionController - Reception list request: searchType=null, searchValue=null
2026-02-25 14:25:58.101 INFO  k.co.seoulit.common.aop.LoggerAspect - Controller  : kr.co.seoulit.reception.controller.ReservationController.getReservations()시작
2026-02-25 14:25:58.102 INFO  k.c.s.r.c.ReservationController - 예약 목록 요청: searchType=null, searchValue=null
2026-02-25 14:25:58.145 INFO  k.co.seoulit.common.aop.LoggerAspect - ServiceImpl  : kr.co.seoulit.reception.service.ReservationServiceImpl.getReservationList()시작
2026-02-25 14:25:58.145 INFO  k.co.seoulit.common.aop.LoggerAspect - ServiceImpl  : kr.co.seoulit.reception.service.ReceptionServiceImpl.getReceptionList()시작
2026-02-25 14:25:58.175 INFO  k.co.seoulit.common.aop.LoggerAspect - ServiceImpl  : kr.co.seoulit.reception.service.ReservationServiceImpl.getReservationList()종료
2026-02-25 14:25:58.195 INFO  k.co.seoulit.common.aop.LoggerAspect - Controller  : kr.co.seoulit.reception.controller.ReservationController.getReservations()종료
2026-02-25 14:25:58.195 INFO  k.co.seoulit.common.aop.LoggerAspect - ServiceImpl  : kr.co.seoulit.reception.service.ReceptionServiceImpl.getReceptionList()종료
2026-02-25 14:25:58.201 INFO  k.co.seoulit.common.aop.LoggerAspect - Controller  : kr.co.seoulit.reception.controller.ReservationController.getReservations()시작
2026-02-25 14:25:58.202 INFO  k.c.s.r.c.ReservationController - 예약 목록 요청: searchType=null, searchValue=null
2026-02-25 14:25:58.226 INFO  k.co.seoulit.common.aop.LoggerAspect - Controller  : kr.co.seoulit.reception.controller.ReceptionController.getReceptions()종료
2026-02-25 14:25:58.226 INFO  k.co.seoulit.common.aop.LoggerAspect - ServiceImpl  : kr.co.seoulit.reception.service.ReservationServiceImpl.getReservationList()시작
2026-02-25 14:25:58.233 INFO  k.co.seoulit.common.aop.LoggerAspect - Controller  : kr.co.seoulit.reception.controller.ReceptionController.getReceptions()시작
2026-02-25 14:25:58.233 INFO  k.c.s.r.c.ReceptionController - Reception list request: searchType=null, searchValue=null
2026-02-25 14:25:58.235 INFO  k.co.seoulit.common.aop.LoggerAspect - ServiceImpl  : kr.co.seoulit.reception.service.ReceptionServiceImpl.getReceptionList()시작
2026-02-25 14:25:58.285 INFO  k.co.seoulit.common.aop.LoggerAspect - ServiceImpl  : kr.co.seoulit.reception.service.ReservationServiceImpl.getReservationList()종료
2026-02-25 14:25:58.338 INFO  k.co.seoulit.common.aop.LoggerAspect - Controller  : kr.co.seoulit.reception.controller.ReservationController.getReservations()종료
2026-02-25 14:25:58.338 INFO  k.co.seoulit.common.aop.LoggerAspect - ServiceImpl  : kr.co.seoulit.reception.service.ReceptionServiceImpl.getReceptionList()종료
2026-02-25 14:25:58.400 INFO  k.co.seoulit.common.aop.LoggerAspect - Controller  : kr.co.seoulit.reception.controller.ReceptionController.getReceptions()종료
2026-02-25 14:25:58.409 INFO  k.co.seoulit.common.aop.LoggerAspect - Controller  : kr.co.seoulit.reception.controller.ReceptionController.getReceptions()시작
2026-02-25 14:25:58.409 INFO  k.c.s.r.c.ReceptionController - Reception list request: searchType=null, searchValue=null
2026-02-25 14:25:58.410 INFO  k.co.seoulit.common.aop.LoggerAspect - ServiceImpl  : kr.co.seoulit.reception.service.ReceptionServiceImpl.getReceptionList()시작
2026-02-25 14:25:58.523 INFO  k.co.seoulit.common.aop.LoggerAspect - ServiceImpl  : kr.co.seoulit.reception.service.ReceptionServiceImpl.getReceptionList()종료
2026-02-25 14:25:58.578 INFO  k.co.seoulit.common.aop.LoggerAspect - Controller  : kr.co.seoulit.reception.controller.ReceptionController.getReceptions()종료
2026-02-25 14:25:58.588 INFO  k.co.seoulit.common.aop.LoggerAspect - Controller  : kr.co.seoulit.reception.controller.ReceptionController.getReceptions()시작
2026-02-25 14:25:58.588 INFO  k.c.s.r.c.ReceptionController - Reception list request: searchType=null, searchValue=null
2026-02-25 14:25:58.592 INFO  k.co.seoulit.common.aop.LoggerAspect - ServiceImpl  : kr.co.seoulit.reception.service.ReceptionServiceImpl.getReceptionList()시작
2026-02-25 14:25:58.642 INFO  k.co.seoulit.common.aop.LoggerAspect - ServiceImpl  : kr.co.seoulit.reception.service.ReceptionServiceImpl.getReceptionList()종료
2026-02-25 14:25:58.679 INFO  k.co.seoulit.common.aop.LoggerAspect - Controller  : kr.co.seoulit.reception.controller.ReceptionController.getReceptions()종료
2026-02-25 14:36:34.170 INFO  k.co.seoulit.common.aop.LoggerAspect - Controller  : kr.co.seoulit.reception.controller.ReceptionController.getReceptions()시작
2026-02-25 14:36:34.170 INFO  k.co.seoulit.common.aop.LoggerAspect - Controller  : kr.co.seoulit.reception.controller.ReservationController.getReservations()시작
2026-02-25 14:36:34.171 INFO  k.c.s.r.c.ReceptionController - Reception list request: searchType=null, searchValue=null
2026-02-25 14:36:34.171 INFO  k.c.s.r.c.ReservationController - 예약 목록 요청: searchType=null, searchValue=null
2026-02-25 14:36:34.189 INFO  k.co.seoulit.common.aop.LoggerAspect - ServiceImpl  : kr.co.seoulit.reception.service.ReceptionServiceImpl.getReceptionList()시작
2026-02-25 14:36:34.189 INFO  k.co.seoulit.common.aop.LoggerAspect - ServiceImpl  : kr.co.seoulit.reception.service.ReservationServiceImpl.getReservationList()시작
2026-02-25 14:36:34.206 INFO  k.co.seoulit.common.aop.LoggerAspect - ServiceImpl  : kr.co.seoulit.reception.service.ReservationServiceImpl.getReservationList()종료
2026-02-25 14:36:34.217 INFO  k.co.seoulit.common.aop.LoggerAspect - ServiceImpl  : kr.co.seoulit.reception.service.ReceptionServiceImpl.getReceptionList()종료
2026-02-25 14:36:34.219 INFO  k.co.seoulit.common.aop.LoggerAspect - Controller  : kr.co.seoulit.reception.controller.ReservationController.getReservations()종료
2026-02-25 14:36:34.228 INFO  k.co.seoulit.common.aop.LoggerAspect - Controller  : kr.co.seoulit.reception.controller.ReservationController.getReservations()시작
2026-02-25 14:36:34.228 INFO  k.co.seoulit.common.aop.LoggerAspect - Controller  : kr.co.seoulit.reception.controller.ReceptionController.getReceptions()종료
2026-02-25 14:36:34.228 INFO  k.c.s.r.c.ReservationController - 예약 목록 요청: searchType=null, searchValue=null
2026-02-25 14:36:34.229 INFO  k.co.seoulit.common.aop.LoggerAspect - ServiceImpl  : kr.co.seoulit.reception.service.ReservationServiceImpl.getReservationList()시작
2026-02-25 14:36:34.240 INFO  k.co.seoulit.common.aop.LoggerAspect - Controller  : kr.co.seoulit.reception.controller.ReceptionController.getReceptions()시작
2026-02-25 14:36:34.240 INFO  k.c.s.r.c.ReceptionController - Reception list request: searchType=null, searchValue=null
2026-02-25 14:36:34.241 INFO  k.co.seoulit.common.aop.LoggerAspect - ServiceImpl  : kr.co.seoulit.reception.service.ReceptionServiceImpl.getReceptionList()시작
2026-02-25 14:36:34.241 INFO  k.co.seoulit.common.aop.LoggerAspect - ServiceImpl  : kr.co.seoulit.reception.service.ReservationServiceImpl.getReservationList()종료
2026-02-25 14:36:34.250 INFO  k.co.seoulit.common.aop.LoggerAspect - Controller  : kr.co.seoulit.reception.controller.ReservationController.getReservations()종료
2026-02-25 14:36:34.280 INFO  k.co.seoulit.common.aop.LoggerAspect - ServiceImpl  : kr.co.seoulit.reception.service.ReceptionServiceImpl.getReceptionList()종료
2026-02-25 14:36:34.288 INFO  k.co.seoulit.common.aop.LoggerAspect - Controller  : kr.co.seoulit.reception.controller.ReceptionController.getReceptions()종료
2026-02-25 14:36:34.310 INFO  k.co.seoulit.common.aop.LoggerAspect - Controller  : kr.co.seoulit.reception.controller.ReceptionController.getReceptions()시작
2026-02-25 14:36:34.310 INFO  k.c.s.r.c.ReceptionController - Reception list request: searchType=null, searchValue=null
2026-02-25 14:36:34.310 INFO  k.co.seoulit.common.aop.LoggerAspect - ServiceImpl  : kr.co.seoulit.reception.service.ReceptionServiceImpl.getReceptionList()시작
2026-02-25 14:36:34.333 INFO  k.co.seoulit.common.aop.LoggerAspect - ServiceImpl  : kr.co.seoulit.reception.service.ReceptionServiceImpl.getReceptionList()종료
2026-02-25 14:36:34.349 INFO  k.co.seoulit.common.aop.LoggerAspect - Controller  : kr.co.seoulit.reception.controller.ReceptionController.getReceptions()종료
2026-02-25 14:36:34.475 INFO  k.co.seoulit.common.aop.LoggerAspect - Controller  : kr.co.seoulit.reception.controller.ReceptionController.getReceptions()시작
2026-02-25 14:36:34.475 INFO  k.c.s.r.c.ReceptionController - Reception list request: searchType=null, searchValue=null
2026-02-25 14:36:34.476 INFO  k.co.seoulit.common.aop.LoggerAspect - ServiceImpl  : kr.co.seoulit.reception.service.ReceptionServiceImpl.getReceptionList()시작
2026-02-25 14:36:34.499 INFO  k.co.seoulit.common.aop.LoggerAspect - ServiceImpl  : kr.co.seoulit.reception.service.ReceptionServiceImpl.getReceptionList()종료
2026-02-25 14:36:34.515 INFO  k.co.seoulit.common.aop.LoggerAspect - Controller  : kr.co.seoulit.reception.controller.ReceptionController.getReceptions()종료
2026-02-25 14:47:55.893 INFO  k.co.seoulit.common.aop.LoggerAspect - Controller  : kr.co.seoulit.reception.controller.ReceptionController.getReceptions()시작
2026-02-25 14:47:55.893 INFO  k.c.s.r.c.ReceptionController - Reception list request: searchType=null, searchValue=null
2026-02-25 14:47:55.905 INFO  k.co.seoulit.common.aop.LoggerAspect - ServiceImpl  : kr.co.seoulit.reception.service.ReceptionServiceImpl.getReceptionList()시작
2026-02-25 14:47:55.943 INFO  k.co.seoulit.common.aop.LoggerAspect - ServiceImpl  : kr.co.seoulit.reception.service.ReceptionServiceImpl.getReceptionList()종료
2026-02-25 14:47:55.958 INFO  k.co.seoulit.common.aop.LoggerAspect - Controller  : kr.co.seoulit.reception.controller.ReceptionController.getReceptions()종료
2026-02-25 14:47:55.971 INFO  k.co.seoulit.common.aop.LoggerAspect - Controller  : kr.co.seoulit.reception.controller.ReceptionController.createReception()시작
2026-02-25 14:47:55.971 INFO  k.c.s.r.c.ReceptionController - Create reception request: receptionNo=20260225-008
2026-02-25 14:47:55.986 INFO  k.co.seoulit.common.aop.LoggerAspect - ServiceImpl  : kr.co.seoulit.reception.service.ReceptionServiceImpl.createReception()시작
2026-02-25 14:47:55.988 DEBUG org.hibernate.SQL - select * from (select re1_0.reception_id c0,rownum rn from reception re1_0 where re1_0.reception_no=?) r_0_ where r_0_.rn<=? order by r_0_.rn
2026-02-25 14:47:55.989 TRACE org.hibernate.orm.jdbc.bind - binding parameter (1:VARCHAR) <- [20260225-008]
2026-02-25 14:47:55.989 TRACE org.hibernate.orm.jdbc.bind - binding parameter (2:INTEGER) <- [1]
2026-02-25 14:47:56.015 INFO  k.co.seoulit.common.aop.LoggerAspect - kr.co.seoulit.reception.mapstruct.ReceptionReqMapStructImpl.toEntity()시작
2026-02-25 14:47:56.016 INFO  k.co.seoulit.common.aop.LoggerAspect - kr.co.seoulit.reception.mapstruct.ReceptionReqMapStructImpl.toEntity()종료
2026-02-25 14:47:56.016 DEBUG org.hibernate.SQL - select seq_reception.nextval from dual
2026-02-25 14:47:56.030 INFO  k.co.seoulit.common.aop.LoggerAspect - kr.co.seoulit.reception.mapstruct.ReceptionResMapStructImpl.toDto()시작
2026-02-25 14:47:56.031 INFO  k.co.seoulit.common.aop.LoggerAspect - kr.co.seoulit.reception.mapstruct.ReceptionResMapStructImpl.toDto()종료
2026-02-25 14:47:56.031 DEBUG org.hibernate.SQL - select seq_audit_log.nextval from dual
2026-02-25 14:47:56.049 INFO  k.co.seoulit.common.aop.LoggerAspect - ServiceImpl  : kr.co.seoulit.reception.service.ReceptionServiceImpl.createReception()종료
2026-02-25 14:47:56.053 DEBUG org.hibernate.SQL - insert into reception (arrived_at,cancel_reason_code,cancel_reason_text,created_at,created_by,department_id,department_name,doctor_id,doctor_name,hold_reason_code,hold_reason_text,inactive_at,inactive_reason_code,inactive_reason_text,is_active,note,patient_id,patient_name,reception_no,reservation_id,scheduled_at,status,updated_at,updated_by,visit_type,reception_id) values (?,?,?,?,?,?,?,?,?,?,?,?,?,?,?,?,?,?,?,?,?,?,?,?,?,?)
2026-02-25 14:47:56.054 TRACE org.hibernate.orm.jdbc.bind - binding parameter (1:TIMESTAMP) <- [2026-02-25T05:47:55]
2026-02-25 14:47:56.055 TRACE org.hibernate.orm.jdbc.bind - binding parameter (2:VARCHAR) <- [null]
2026-02-25 14:47:56.055 TRACE org.hibernate.orm.jdbc.bind - binding parameter (3:VARCHAR) <- [null]
2026-02-25 14:47:56.056 TRACE org.hibernate.orm.jdbc.bind - binding parameter (4:TIMESTAMP) <- [2026-02-25T14:47:56.051426]
2026-02-25 14:47:56.056 TRACE org.hibernate.orm.jdbc.bind - binding parameter (5:BIGINT) <- [null]
2026-02-25 14:47:56.057 TRACE org.hibernate.orm.jdbc.bind - binding parameter (6:BIGINT) <- [1]
2026-02-25 14:47:56.057 TRACE org.hibernate.orm.jdbc.bind - binding parameter (7:VARCHAR) <- [내과]
2026-02-25 14:47:56.058 TRACE org.hibernate.orm.jdbc.bind - binding parameter (8:BIGINT) <- [1]
2026-02-25 14:47:56.058 TRACE org.hibernate.orm.jdbc.bind - binding parameter (9:VARCHAR) <- [송태민]
2026-02-25 14:47:56.059 TRACE org.hibernate.orm.jdbc.bind - binding parameter (10:VARCHAR) <- [null]
2026-02-25 14:47:56.059 TRACE org.hibernate.orm.jdbc.bind - binding parameter (11:VARCHAR) <- [null]
2026-02-25 14:47:56.059 TRACE org.hibernate.orm.jdbc.bind - binding parameter (12:TIMESTAMP) <- [null]
2026-02-25 14:47:56.059 TRACE org.hibernate.orm.jdbc.bind - binding parameter (13:VARCHAR) <- [null]
2026-02-25 14:47:56.059 TRACE org.hibernate.orm.jdbc.bind - binding parameter (14:VARCHAR) <- [null]
2026-02-25 14:47:56.060 TRACE org.hibernate.orm.jdbc.bind - binding parameter (15:BOOLEAN) <- [true]
2026-02-25 14:47:56.060 TRACE org.hibernate.orm.jdbc.bind - binding parameter (16:VARCHAR) <- [환자 상세 화면에서 접수 등록]
2026-02-25 14:47:56.061 TRACE org.hibernate.orm.jdbc.bind - binding parameter (17:BIGINT) <- [11]
2026-02-25 14:47:56.061 TRACE org.hibernate.orm.jdbc.bind - binding parameter (18:VARCHAR) <- [성숙희]
2026-02-25 14:47:56.061 TRACE org.hibernate.orm.jdbc.bind - binding parameter (19:VARCHAR) <- [20260225-008]
2026-02-25 14:47:56.061 TRACE org.hibernate.orm.jdbc.bind - binding parameter (20:BIGINT) <- [null]
2026-02-25 14:47:56.062 TRACE org.hibernate.orm.jdbc.bind - binding parameter (21:TIMESTAMP) <- [null]
2026-02-25 14:47:56.062 TRACE org.hibernate.orm.jdbc.bind - binding parameter (22:VARCHAR) <- [WAITING]
2026-02-25 14:47:56.062 TRACE org.hibernate.orm.jdbc.bind - binding parameter (23:TIMESTAMP) <- [2026-02-25T14:47:56.051426]
2026-02-25 14:47:56.063 TRACE org.hibernate.orm.jdbc.bind - binding parameter (24:BIGINT) <- [null]
2026-02-25 14:47:56.063 TRACE org.hibernate.orm.jdbc.bind - binding parameter (25:VARCHAR) <- [OUTPATIENT]
2026-02-25 14:47:56.063 TRACE org.hibernate.orm.jdbc.bind - binding parameter (26:BIGINT) <- [29]
2026-02-25 14:47:56.080 DEBUG org.hibernate.SQL - insert into audit_log (action,actor_id,after_json,before_json,diff_json,entity_id,entity_type,occurred_at,reason_code,reason_text,audit_log_id) values (?,?,?,?,?,?,?,?,?,?,?)
2026-02-25 14:47:56.080 TRACE org.hibernate.orm.jdbc.bind - binding parameter (1:VARCHAR) <- [CREATE]
2026-02-25 14:47:56.080 TRACE org.hibernate.orm.jdbc.bind - binding parameter (2:BIGINT) <- [null]
2026-02-25 14:47:56.080 TRACE org.hibernate.orm.jdbc.bind - binding parameter (3:VARCHAR) <- [{"receptionId":29,"receptionNo":"20260225-008","patientId":11,"patientName":"성숙희","visitType":"OUTPATIENT","departmentId":1,"departmentName":"내과","doctorId":1,"doctorName":"송태민","reservationId":null,"scheduledAt":null,"arrivedAt":"2026-02-25T05:47:55","status":"WAITING","note":"환자 상세 화면에서 접수 등록","isActive":true,"inactiveAt":null,"inactiveReasonCode":null,"inactiveReasonText":null,"cancelReasonCode":null,"cancelReasonText":null,"holdReasonCode":null,"holdReasonText":null,"createdBy":null,"updatedBy":null,"createdAt":null,"updatedAt":null}]
2026-02-25 14:47:56.080 TRACE org.hibernate.orm.jdbc.bind - binding parameter (4:VARCHAR) <- [null]
2026-02-25 14:47:56.080 TRACE org.hibernate.orm.jdbc.bind - binding parameter (5:VARCHAR) <- [null]
2026-02-25 14:47:56.080 TRACE org.hibernate.orm.jdbc.bind - binding parameter (6:BIGINT) <- [29]
2026-02-25 14:47:56.081 TRACE org.hibernate.orm.jdbc.bind - binding parameter (7:VARCHAR) <- [RECEPTION]
2026-02-25 14:47:56.081 TRACE org.hibernate.orm.jdbc.bind - binding parameter (8:TIMESTAMP) <- [2026-02-25T14:47:56.079942]
2026-02-25 14:47:56.081 TRACE org.hibernate.orm.jdbc.bind - binding parameter (9:VARCHAR) <- [null]
2026-02-25 14:47:56.081 TRACE org.hibernate.orm.jdbc.bind - binding parameter (10:VARCHAR) <- [null]
2026-02-25 14:47:56.081 TRACE org.hibernate.orm.jdbc.bind - binding parameter (11:BIGINT) <- [91]
2026-02-25 14:47:56.110 INFO  k.co.seoulit.common.aop.LoggerAspect - Controller  : kr.co.seoulit.reception.controller.ReceptionController.createReception()종료
2026-02-25 14:47:56.347 INFO  k.co.seoulit.common.aop.LoggerAspect - Controller  : kr.co.seoulit.reception.controller.ReceptionController.getReceptions()시작
2026-02-25 14:47:56.347 INFO  k.c.s.r.c.ReceptionController - Reception list request: searchType=null, searchValue=null
2026-02-25 14:47:56.347 INFO  k.co.seoulit.common.aop.LoggerAspect - Controller  : kr.co.seoulit.reception.controller.ReservationController.getReservations()시작
2026-02-25 14:47:56.348 INFO  k.c.s.r.c.ReservationController - 예약 목록 요청: searchType=null, searchValue=null
2026-02-25 14:47:56.348 INFO  k.co.seoulit.common.aop.LoggerAspect - ServiceImpl  : kr.co.seoulit.reception.service.ReservationServiceImpl.getReservationList()시작
2026-02-25 14:47:56.349 INFO  k.co.seoulit.common.aop.LoggerAspect - ServiceImpl  : kr.co.seoulit.reception.service.ReceptionServiceImpl.getReceptionList()시작
2026-02-25 14:47:56.369 INFO  k.co.seoulit.common.aop.LoggerAspect - ServiceImpl  : kr.co.seoulit.reception.service.ReservationServiceImpl.getReservationList()종료
2026-02-25 14:47:56.382 INFO  k.co.seoulit.common.aop.LoggerAspect - Controller  : kr.co.seoulit.reception.controller.ReservationController.getReservations()종료
2026-02-25 14:47:56.385 INFO  k.co.seoulit.common.aop.LoggerAspect - ServiceImpl  : kr.co.seoulit.reception.service.ReceptionServiceImpl.getReceptionList()종료
2026-02-25 14:47:56.391 INFO  k.co.seoulit.common.aop.LoggerAspect - Controller  : kr.co.seoulit.reception.controller.ReservationController.getReservations()시작
2026-02-25 14:47:56.392 INFO  k.c.s.r.c.ReservationController - 예약 목록 요청: searchType=null, searchValue=null
2026-02-25 14:47:56.392 INFO  k.co.seoulit.common.aop.LoggerAspect - ServiceImpl  : kr.co.seoulit.reception.service.ReservationServiceImpl.getReservationList()시작
2026-02-25 14:47:56.403 INFO  k.co.seoulit.common.aop.LoggerAspect - Controller  : kr.co.seoulit.reception.controller.ReceptionController.getReceptions()종료
2026-02-25 14:47:56.412 INFO  k.co.seoulit.common.aop.LoggerAspect - Controller  : kr.co.seoulit.reception.controller.ReceptionController.getReceptions()시작
2026-02-25 14:47:56.412 INFO  k.c.s.r.c.ReceptionController - Reception list request: searchType=null, searchValue=null
2026-02-25 14:47:56.412 INFO  k.co.seoulit.common.aop.LoggerAspect - ServiceImpl  : kr.co.seoulit.reception.service.ReceptionServiceImpl.getReceptionList()시작
2026-02-25 14:47:56.414 INFO  k.co.seoulit.common.aop.LoggerAspect - ServiceImpl  : kr.co.seoulit.reception.service.ReservationServiceImpl.getReservationList()종료
2026-02-25 14:47:56.430 INFO  k.co.seoulit.common.aop.LoggerAspect - Controller  : kr.co.seoulit.reception.controller.ReservationController.getReservations()종료
2026-02-25 14:47:56.444 INFO  k.co.seoulit.common.aop.LoggerAspect - ServiceImpl  : kr.co.seoulit.reception.service.ReceptionServiceImpl.getReceptionList()종료
2026-02-25 14:47:56.453 INFO  k.co.seoulit.common.aop.LoggerAspect - Controller  : kr.co.seoulit.reception.controller.ReceptionController.getReceptions()종료
2026-02-25 14:47:56.459 INFO  k.co.seoulit.common.aop.LoggerAspect - Controller  : kr.co.seoulit.reception.controller.ReceptionController.getReceptions()시작
2026-02-25 14:47:56.462 INFO  k.c.s.r.c.ReceptionController - Reception list request: searchType=null, searchValue=null
2026-02-25 14:47:56.462 INFO  k.co.seoulit.common.aop.LoggerAspect - ServiceImpl  : kr.co.seoulit.reception.service.ReceptionServiceImpl.getReceptionList()시작
2026-02-25 14:47:56.501 INFO  k.co.seoulit.common.aop.LoggerAspect - ServiceImpl  : kr.co.seoulit.reception.service.ReceptionServiceImpl.getReceptionList()종료
2026-02-25 14:47:56.511 INFO  k.co.seoulit.common.aop.LoggerAspect - Controller  : kr.co.seoulit.reception.controller.ReceptionController.getReceptions()종료
2026-02-25 14:47:56.593 INFO  k.co.seoulit.common.aop.LoggerAspect - Controller  : kr.co.seoulit.reception.controller.ReceptionController.getReceptions()시작
2026-02-25 14:47:56.593 INFO  k.c.s.r.c.ReceptionController - Reception list request: searchType=null, searchValue=null
2026-02-25 14:47:56.594 INFO  k.co.seoulit.common.aop.LoggerAspect - ServiceImpl  : kr.co.seoulit.reception.service.ReceptionServiceImpl.getReceptionList()시작
2026-02-25 14:47:56.620 INFO  k.co.seoulit.common.aop.LoggerAspect - ServiceImpl  : kr.co.seoulit.reception.service.ReceptionServiceImpl.getReceptionList()종료
2026-02-25 14:47:56.629 INFO  k.co.seoulit.common.aop.LoggerAspect - Controller  : kr.co.seoulit.reception.controller.ReceptionController.getReceptions()종료
2026-02-25 14:49:35.943 INFO  k.co.seoulit.common.aop.LoggerAspect - Controller  : kr.co.seoulit.reception.controller.ReceptionController.getReceptions()시작
2026-02-25 14:49:35.943 INFO  k.c.s.r.c.ReceptionController - Reception list request: searchType=null, searchValue=null
2026-02-25 14:49:35.958 INFO  k.co.seoulit.common.aop.LoggerAspect - ServiceImpl  : kr.co.seoulit.reception.service.ReceptionServiceImpl.getReceptionList()시작
2026-02-25 14:49:35.980 INFO  k.co.seoulit.common.aop.LoggerAspect - ServiceImpl  : kr.co.seoulit.reception.service.ReceptionServiceImpl.getReceptionList()종료
2026-02-25 14:49:35.989 INFO  k.co.seoulit.common.aop.LoggerAspect - Controller  : kr.co.seoulit.reception.controller.ReceptionController.getReceptions()종료
2026-02-25 14:49:36.075 INFO  k.co.seoulit.common.aop.LoggerAspect - Controller  : kr.co.seoulit.reception.controller.ReceptionController.createReception()시작
2026-02-25 14:49:36.076 INFO  k.c.s.r.c.ReceptionController - Create reception request: receptionNo=20260225-009
2026-02-25 14:49:36.076 INFO  k.co.seoulit.common.aop.LoggerAspect - ServiceImpl  : kr.co.seoulit.reception.service.ReceptionServiceImpl.createReception()시작
2026-02-25 14:49:36.077 DEBUG org.hibernate.SQL - select * from (select re1_0.reception_id c0,rownum rn from reception re1_0 where re1_0.reception_no=?) r_0_ where r_0_.rn<=? order by r_0_.rn
2026-02-25 14:49:36.078 TRACE org.hibernate.orm.jdbc.bind - binding parameter (1:VARCHAR) <- [20260225-009]
2026-02-25 14:49:36.078 TRACE org.hibernate.orm.jdbc.bind - binding parameter (2:INTEGER) <- [1]
2026-02-25 14:49:36.088 INFO  k.co.seoulit.common.aop.LoggerAspect - kr.co.seoulit.reception.mapstruct.ReceptionReqMapStructImpl.toEntity()시작
2026-02-25 14:49:36.088 INFO  k.co.seoulit.common.aop.LoggerAspect - kr.co.seoulit.reception.mapstruct.ReceptionReqMapStructImpl.toEntity()종료
2026-02-25 14:49:36.088 DEBUG org.hibernate.SQL - select seq_reception.nextval from dual
2026-02-25 14:49:36.099 INFO  k.co.seoulit.common.aop.LoggerAspect - kr.co.seoulit.reception.mapstruct.ReceptionResMapStructImpl.toDto()시작
2026-02-25 14:49:36.100 INFO  k.co.seoulit.common.aop.LoggerAspect - kr.co.seoulit.reception.mapstruct.ReceptionResMapStructImpl.toDto()종료
2026-02-25 14:49:36.102 DEBUG org.hibernate.SQL - select seq_audit_log.nextval from dual
2026-02-25 14:49:36.114 INFO  k.co.seoulit.common.aop.LoggerAspect - ServiceImpl  : kr.co.seoulit.reception.service.ReceptionServiceImpl.createReception()종료
2026-02-25 14:49:36.114 DEBUG org.hibernate.SQL - insert into reception (arrived_at,cancel_reason_code,cancel_reason_text,created_at,created_by,department_id,department_name,doctor_id,doctor_name,hold_reason_code,hold_reason_text,inactive_at,inactive_reason_code,inactive_reason_text,is_active,note,patient_id,patient_name,reception_no,reservation_id,scheduled_at,status,updated_at,updated_by,visit_type,reception_id) values (?,?,?,?,?,?,?,?,?,?,?,?,?,?,?,?,?,?,?,?,?,?,?,?,?,?)
2026-02-25 14:49:36.115 TRACE org.hibernate.orm.jdbc.bind - binding parameter (1:TIMESTAMP) <- [2026-02-25T05:49:36]
2026-02-25 14:49:36.115 TRACE org.hibernate.orm.jdbc.bind - binding parameter (2:VARCHAR) <- [null]
2026-02-25 14:49:36.115 TRACE org.hibernate.orm.jdbc.bind - binding parameter (3:VARCHAR) <- [null]
2026-02-25 14:49:36.115 TRACE org.hibernate.orm.jdbc.bind - binding parameter (4:TIMESTAMP) <- [2026-02-25T14:49:36.114685]
2026-02-25 14:49:36.115 TRACE org.hibernate.orm.jdbc.bind - binding parameter (5:BIGINT) <- [null]
2026-02-25 14:49:36.115 TRACE org.hibernate.orm.jdbc.bind - binding parameter (6:BIGINT) <- [1]
2026-02-25 14:49:36.115 TRACE org.hibernate.orm.jdbc.bind - binding parameter (7:VARCHAR) <- [내과]
2026-02-25 14:49:36.115 TRACE org.hibernate.orm.jdbc.bind - binding parameter (8:BIGINT) <- [1]
2026-02-25 14:49:36.115 TRACE org.hibernate.orm.jdbc.bind - binding parameter (9:VARCHAR) <- [송태민]
2026-02-25 14:49:36.116 TRACE org.hibernate.orm.jdbc.bind - binding parameter (10:VARCHAR) <- [null]
2026-02-25 14:49:36.116 TRACE org.hibernate.orm.jdbc.bind - binding parameter (11:VARCHAR) <- [null]
2026-02-25 14:49:36.116 TRACE org.hibernate.orm.jdbc.bind - binding parameter (12:TIMESTAMP) <- [null]
2026-02-25 14:49:36.116 TRACE org.hibernate.orm.jdbc.bind - binding parameter (13:VARCHAR) <- [null]
2026-02-25 14:49:36.116 TRACE org.hibernate.orm.jdbc.bind - binding parameter (14:VARCHAR) <- [null]
2026-02-25 14:49:36.116 TRACE org.hibernate.orm.jdbc.bind - binding parameter (15:BOOLEAN) <- [true]
2026-02-25 14:49:36.116 TRACE org.hibernate.orm.jdbc.bind - binding parameter (16:VARCHAR) <- [환자 상세 화면에서 접수 등록]
2026-02-25 14:49:36.116 TRACE org.hibernate.orm.jdbc.bind - binding parameter (17:BIGINT) <- [11]
2026-02-25 14:49:36.116 TRACE org.hibernate.orm.jdbc.bind - binding parameter (18:VARCHAR) <- [성숙희]
2026-02-25 14:49:36.117 TRACE org.hibernate.orm.jdbc.bind - binding parameter (19:VARCHAR) <- [20260225-009]
2026-02-25 14:49:36.117 TRACE org.hibernate.orm.jdbc.bind - binding parameter (20:BIGINT) <- [null]
2026-02-25 14:49:36.117 TRACE org.hibernate.orm.jdbc.bind - binding parameter (21:TIMESTAMP) <- [null]
2026-02-25 14:49:36.117 TRACE org.hibernate.orm.jdbc.bind - binding parameter (22:VARCHAR) <- [WAITING]
2026-02-25 14:49:36.117 TRACE org.hibernate.orm.jdbc.bind - binding parameter (23:TIMESTAMP) <- [2026-02-25T14:49:36.114685]
2026-02-25 14:49:36.117 TRACE org.hibernate.orm.jdbc.bind - binding parameter (24:BIGINT) <- [null]
2026-02-25 14:49:36.117 TRACE org.hibernate.orm.jdbc.bind - binding parameter (25:VARCHAR) <- [OUTPATIENT]
2026-02-25 14:49:36.117 TRACE org.hibernate.orm.jdbc.bind - binding parameter (26:BIGINT) <- [30]
2026-02-25 14:49:36.130 DEBUG org.hibernate.SQL - insert into audit_log (action,actor_id,after_json,before_json,diff_json,entity_id,entity_type,occurred_at,reason_code,reason_text,audit_log_id) values (?,?,?,?,?,?,?,?,?,?,?)
2026-02-25 14:49:36.131 TRACE org.hibernate.orm.jdbc.bind - binding parameter (1:VARCHAR) <- [CREATE]
2026-02-25 14:49:36.131 TRACE org.hibernate.orm.jdbc.bind - binding parameter (2:BIGINT) <- [null]
2026-02-25 14:49:36.131 TRACE org.hibernate.orm.jdbc.bind - binding parameter (3:VARCHAR) <- [{"receptionId":30,"receptionNo":"20260225-009","patientId":11,"patientName":"성숙희","visitType":"OUTPATIENT","departmentId":1,"departmentName":"내과","doctorId":1,"doctorName":"송태민","reservationId":null,"scheduledAt":null,"arrivedAt":"2026-02-25T05:49:36","status":"WAITING","note":"환자 상세 화면에서 접수 등록","isActive":true,"inactiveAt":null,"inactiveReasonCode":null,"inactiveReasonText":null,"cancelReasonCode":null,"cancelReasonText":null,"holdReasonCode":null,"holdReasonText":null,"createdBy":null,"updatedBy":null,"createdAt":null,"updatedAt":null}]
2026-02-25 14:49:36.131 TRACE org.hibernate.orm.jdbc.bind - binding parameter (4:VARCHAR) <- [null]
2026-02-25 14:49:36.131 TRACE org.hibernate.orm.jdbc.bind - binding parameter (5:VARCHAR) <- [null]
2026-02-25 14:49:36.131 TRACE org.hibernate.orm.jdbc.bind - binding parameter (6:BIGINT) <- [30]
2026-02-25 14:49:36.131 TRACE org.hibernate.orm.jdbc.bind - binding parameter (7:VARCHAR) <- [RECEPTION]
2026-02-25 14:49:36.131 TRACE org.hibernate.orm.jdbc.bind - binding parameter (8:TIMESTAMP) <- [2026-02-25T14:49:36.130281]
2026-02-25 14:49:36.131 TRACE org.hibernate.orm.jdbc.bind - binding parameter (9:VARCHAR) <- [null]
2026-02-25 14:49:36.131 TRACE org.hibernate.orm.jdbc.bind - binding parameter (10:VARCHAR) <- [null]
2026-02-25 14:49:36.131 TRACE org.hibernate.orm.jdbc.bind - binding parameter (11:BIGINT) <- [92]
2026-02-25 14:49:36.149 INFO  k.co.seoulit.common.aop.LoggerAspect - Controller  : kr.co.seoulit.reception.controller.ReceptionController.createReception()종료
2026-02-25 14:49:36.464 INFO  k.co.seoulit.common.aop.LoggerAspect - Controller  : kr.co.seoulit.reception.controller.ReceptionController.getReceptions()시작
2026-02-25 14:49:36.465 INFO  k.co.seoulit.common.aop.LoggerAspect - Controller  : kr.co.seoulit.reception.controller.ReservationController.getReservations()시작
2026-02-25 14:49:36.466 INFO  k.c.s.r.c.ReservationController - 예약 목록 요청: searchType=null, searchValue=null
2026-02-25 14:49:36.466 INFO  k.c.s.r.c.ReceptionController - Reception list request: searchType=null, searchValue=null
2026-02-25 14:49:36.466 INFO  k.co.seoulit.common.aop.LoggerAspect - ServiceImpl  : kr.co.seoulit.reception.service.ReservationServiceImpl.getReservationList()시작
2026-02-25 14:49:36.479 INFO  k.co.seoulit.common.aop.LoggerAspect - ServiceImpl  : kr.co.seoulit.reception.service.ReceptionServiceImpl.getReceptionList()시작
2026-02-25 14:49:36.483 INFO  k.co.seoulit.common.aop.LoggerAspect - ServiceImpl  : kr.co.seoulit.reception.service.ReservationServiceImpl.getReservationList()종료
2026-02-25 14:49:36.492 INFO  k.co.seoulit.common.aop.LoggerAspect - Controller  : kr.co.seoulit.reception.controller.ReservationController.getReservations()종료
2026-02-25 14:49:36.497 INFO  k.co.seoulit.common.aop.LoggerAspect - Controller  : kr.co.seoulit.reception.controller.ReservationController.getReservations()시작
2026-02-25 14:49:36.498 INFO  k.c.s.r.c.ReservationController - 예약 목록 요청: searchType=null, searchValue=null
2026-02-25 14:49:36.498 INFO  k.co.seoulit.common.aop.LoggerAspect - ServiceImpl  : kr.co.seoulit.reception.service.ReservationServiceImpl.getReservationList()시작
2026-02-25 14:49:36.508 INFO  k.co.seoulit.common.aop.LoggerAspect - ServiceImpl  : kr.co.seoulit.reception.service.ReceptionServiceImpl.getReceptionList()종료
2026-02-25 14:49:36.515 INFO  k.co.seoulit.common.aop.LoggerAspect - Controller  : kr.co.seoulit.reception.controller.ReceptionController.getReceptions()종료
2026-02-25 14:49:36.516 INFO  k.co.seoulit.common.aop.LoggerAspect - ServiceImpl  : kr.co.seoulit.reception.service.ReservationServiceImpl.getReservationList()종료
2026-02-25 14:49:36.524 INFO  k.co.seoulit.common.aop.LoggerAspect - Controller  : kr.co.seoulit.reception.controller.ReceptionController.getReceptions()시작
2026-02-25 14:49:36.526 INFO  k.c.s.r.c.ReceptionController - Reception list request: searchType=null, searchValue=null
2026-02-25 14:49:36.526 INFO  k.co.seoulit.common.aop.LoggerAspect - ServiceImpl  : kr.co.seoulit.reception.service.ReceptionServiceImpl.getReceptionList()시작
2026-02-25 14:49:36.526 INFO  k.co.seoulit.common.aop.LoggerAspect - Controller  : kr.co.seoulit.reception.controller.ReservationController.getReservations()종료
2026-02-25 14:49:36.550 INFO  k.co.seoulit.common.aop.LoggerAspect - ServiceImpl  : kr.co.seoulit.reception.service.ReceptionServiceImpl.getReceptionList()종료
2026-02-25 14:49:36.560 INFO  k.co.seoulit.common.aop.LoggerAspect - Controller  : kr.co.seoulit.reception.controller.ReceptionController.getReceptions()종료
2026-02-25 14:49:36.590 INFO  k.co.seoulit.common.aop.LoggerAspect - Controller  : kr.co.seoulit.reception.controller.ReceptionController.getReceptions()시작
2026-02-25 14:49:36.591 INFO  k.c.s.r.c.ReceptionController - Reception list request: searchType=null, searchValue=null
2026-02-25 14:49:36.592 INFO  k.co.seoulit.common.aop.LoggerAspect - ServiceImpl  : kr.co.seoulit.reception.service.ReceptionServiceImpl.getReceptionList()시작
2026-02-25 14:49:36.624 INFO  k.co.seoulit.common.aop.LoggerAspect - ServiceImpl  : kr.co.seoulit.reception.service.ReceptionServiceImpl.getReceptionList()종료
2026-02-25 14:49:36.639 INFO  k.co.seoulit.common.aop.LoggerAspect - Controller  : kr.co.seoulit.reception.controller.ReceptionController.getReceptions()종료
2026-02-25 14:49:36.717 INFO  k.co.seoulit.common.aop.LoggerAspect - Controller  : kr.co.seoulit.reception.controller.ReceptionController.getReceptions()시작
2026-02-25 14:49:36.717 INFO  k.c.s.r.c.ReceptionController - Reception list request: searchType=null, searchValue=null
2026-02-25 14:49:36.723 INFO  k.co.seoulit.common.aop.LoggerAspect - ServiceImpl  : kr.co.seoulit.reception.service.ReceptionServiceImpl.getReceptionList()시작
2026-02-25 14:49:36.758 INFO  k.co.seoulit.common.aop.LoggerAspect - ServiceImpl  : kr.co.seoulit.reception.service.ReceptionServiceImpl.getReceptionList()종료
2026-02-25 14:49:36.775 INFO  k.co.seoulit.common.aop.LoggerAspect - Controller  : kr.co.seoulit.reception.controller.ReceptionController.getReceptions()종료
2026-02-25 15:00:24.324 INFO  k.co.seoulit.common.aop.LoggerAspect - Controller  : kr.co.seoulit.reception.controller.ReceptionController.getReceptions()시작
2026-02-25 15:00:24.327 INFO  k.c.s.r.c.ReceptionController - Reception list request: searchType=null, searchValue=null
2026-02-25 15:00:24.328 INFO  k.co.seoulit.common.aop.LoggerAspect - Controller  : kr.co.seoulit.reception.controller.ReservationController.getReservations()시작
2026-02-25 15:00:24.328 INFO  k.c.s.r.c.ReservationController - 예약 목록 요청: searchType=null, searchValue=null
2026-02-25 15:00:24.352 INFO  k.co.seoulit.common.aop.LoggerAspect - ServiceImpl  : kr.co.seoulit.reception.service.ReservationServiceImpl.getReservationList()시작
2026-02-25 15:00:24.354 INFO  k.co.seoulit.common.aop.LoggerAspect - ServiceImpl  : kr.co.seoulit.reception.service.ReceptionServiceImpl.getReceptionList()시작
2026-02-25 15:00:24.368 INFO  k.co.seoulit.common.aop.LoggerAspect - ServiceImpl  : kr.co.seoulit.reception.service.ReservationServiceImpl.getReservationList()종료
2026-02-25 15:00:24.376 INFO  k.co.seoulit.common.aop.LoggerAspect - Controller  : kr.co.seoulit.reception.controller.ReservationController.getReservations()종료
2026-02-25 15:00:24.385 INFO  k.co.seoulit.common.aop.LoggerAspect - ServiceImpl  : kr.co.seoulit.reception.service.ReceptionServiceImpl.getReceptionList()종료
2026-02-25 15:00:24.388 INFO  k.co.seoulit.common.aop.LoggerAspect - Controller  : kr.co.seoulit.reception.controller.ReservationController.getReservations()시작
2026-02-25 15:00:24.389 INFO  k.c.s.r.c.ReservationController - 예약 목록 요청: searchType=null, searchValue=null
2026-02-25 15:00:24.390 INFO  k.co.seoulit.common.aop.LoggerAspect - ServiceImpl  : kr.co.seoulit.reception.service.ReservationServiceImpl.getReservationList()시작
2026-02-25 15:00:24.409 INFO  k.co.seoulit.common.aop.LoggerAspect - Controller  : kr.co.seoulit.reception.controller.ReceptionController.getReceptions()종료
2026-02-25 15:00:24.410 INFO  k.co.seoulit.common.aop.LoggerAspect - ServiceImpl  : kr.co.seoulit.reception.service.ReservationServiceImpl.getReservationList()종료
2026-02-25 15:00:24.417 INFO  k.co.seoulit.common.aop.LoggerAspect - Controller  : kr.co.seoulit.reception.controller.ReceptionController.getReceptions()시작
2026-02-25 15:00:24.417 INFO  k.c.s.r.c.ReceptionController - Reception list request: searchType=null, searchValue=null
2026-02-25 15:00:24.417 INFO  k.co.seoulit.common.aop.LoggerAspect - ServiceImpl  : kr.co.seoulit.reception.service.ReceptionServiceImpl.getReceptionList()시작
2026-02-25 15:00:24.422 INFO  k.co.seoulit.common.aop.LoggerAspect - Controller  : kr.co.seoulit.reception.controller.ReservationController.getReservations()종료
2026-02-25 15:00:24.451 INFO  k.co.seoulit.common.aop.LoggerAspect - ServiceImpl  : kr.co.seoulit.reception.service.ReceptionServiceImpl.getReceptionList()종료
2026-02-25 15:00:24.461 INFO  k.co.seoulit.common.aop.LoggerAspect - Controller  : kr.co.seoulit.reception.controller.ReceptionController.getReceptions()종료
2026-02-25 15:00:24.466 INFO  k.co.seoulit.common.aop.LoggerAspect - Controller  : kr.co.seoulit.reception.controller.ReceptionController.getReceptions()시작
2026-02-25 15:00:24.466 INFO  k.c.s.r.c.ReceptionController - Reception list request: searchType=null, searchValue=null
2026-02-25 15:00:24.467 INFO  k.co.seoulit.common.aop.LoggerAspect - ServiceImpl  : kr.co.seoulit.reception.service.ReceptionServiceImpl.getReceptionList()시작
2026-02-25 15:00:24.494 INFO  k.co.seoulit.common.aop.LoggerAspect - ServiceImpl  : kr.co.seoulit.reception.service.ReceptionServiceImpl.getReceptionList()종료
2026-02-25 15:00:24.505 INFO  k.co.seoulit.common.aop.LoggerAspect - Controller  : kr.co.seoulit.reception.controller.ReceptionController.getReceptions()종료
2026-02-25 15:00:24.575 INFO  k.co.seoulit.common.aop.LoggerAspect - Controller  : kr.co.seoulit.reception.controller.ReceptionController.getReceptions()시작
2026-02-25 15:00:24.575 INFO  k.c.s.r.c.ReceptionController - Reception list request: searchType=null, searchValue=null
2026-02-25 15:00:24.576 INFO  k.co.seoulit.common.aop.LoggerAspect - ServiceImpl  : kr.co.seoulit.reception.service.ReceptionServiceImpl.getReceptionList()시작
2026-02-25 15:00:24.622 INFO  k.co.seoulit.common.aop.LoggerAspect - ServiceImpl  : kr.co.seoulit.reception.service.ReceptionServiceImpl.getReceptionList()종료
2026-02-25 15:00:24.641 INFO  k.co.seoulit.common.aop.LoggerAspect - Controller  : kr.co.seoulit.reception.controller.ReceptionController.getReceptions()종료
2026-02-25 15:00:24.746 INFO  k.co.seoulit.common.aop.LoggerAspect - Controller  : kr.co.seoulit.reception.controller.ReceptionController.getReception()시작
2026-02-25 15:00:24.746 INFO  k.c.s.r.c.ReceptionController - Get reception request: id=22
2026-02-25 15:00:24.748 INFO  k.co.seoulit.common.aop.LoggerAspect - ServiceImpl  : kr.co.seoulit.reception.service.ReceptionServiceImpl.getReception()시작
2026-02-25 15:00:24.749 DEBUG org.hibernate.SQL - select re1_0.reception_id,re1_0.arrived_at,re1_0.cancel_reason_code,re1_0.cancel_reason_text,re1_0.created_at,re1_0.created_by,re1_0.department_id,re1_0.department_name,re1_0.doctor_id,re1_0.doctor_name,re1_0.hold_reason_code,re1_0.hold_reason_text,re1_0.inactive_at,re1_0.inactive_reason_code,re1_0.inactive_reason_text,re1_0.is_active,re1_0.note,re1_0.patient_id,re1_0.patient_name,re1_0.reception_no,re1_0.reservation_id,re1_0.scheduled_at,re1_0.status,re1_0.updated_at,re1_0.updated_by,re1_0.visit_type from reception re1_0 where re1_0.reception_id=?
2026-02-25 15:00:24.750 TRACE org.hibernate.orm.jdbc.bind - binding parameter (1:BIGINT) <- [22]
2026-02-25 15:00:24.761 INFO  k.co.seoulit.common.aop.LoggerAspect - kr.co.seoulit.reception.mapstruct.ReceptionResMapStructImpl.toDto()시작
2026-02-25 15:00:24.761 INFO  k.co.seoulit.common.aop.LoggerAspect - kr.co.seoulit.reception.mapstruct.ReceptionResMapStructImpl.toDto()종료
2026-02-25 15:00:24.761 INFO  k.co.seoulit.common.aop.LoggerAspect - ServiceImpl  : kr.co.seoulit.reception.service.ReceptionServiceImpl.getReception()종료
2026-02-25 15:00:24.770 INFO  k.co.seoulit.common.aop.LoggerAspect - Controller  : kr.co.seoulit.reception.controller.ReceptionController.getReception()종료
2026-02-25 15:00:28.311 INFO  k.co.seoulit.common.aop.LoggerAspect - Controller  : kr.co.seoulit.reception.controller.ReceptionController.updateReceptionStatus()시작
2026-02-25 15:00:28.312 INFO  k.c.s.r.c.ReceptionController - Update reception status request: id=30, status=CANCELED
2026-02-25 15:00:28.323 INFO  k.co.seoulit.common.aop.LoggerAspect - ServiceImpl  : kr.co.seoulit.reception.service.ReceptionServiceImpl.updateReceptionStatus()시작
2026-02-25 15:00:28.324 DEBUG org.hibernate.SQL - select re1_0.reception_id,re1_0.arrived_at,re1_0.cancel_reason_code,re1_0.cancel_reason_text,re1_0.created_at,re1_0.created_by,re1_0.department_id,re1_0.department_name,re1_0.doctor_id,re1_0.doctor_name,re1_0.hold_reason_code,re1_0.hold_reason_text,re1_0.inactive_at,re1_0.inactive_reason_code,re1_0.inactive_reason_text,re1_0.is_active,re1_0.note,re1_0.patient_id,re1_0.patient_name,re1_0.reception_no,re1_0.reservation_id,re1_0.scheduled_at,re1_0.status,re1_0.updated_at,re1_0.updated_by,re1_0.visit_type from reception re1_0 where re1_0.reception_id=?
2026-02-25 15:00:28.324 TRACE org.hibernate.orm.jdbc.bind - binding parameter (1:BIGINT) <- [30]
2026-02-25 15:00:28.337 INFO  k.co.seoulit.common.aop.LoggerAspect - kr.co.seoulit.reception.mapstruct.ReceptionResMapStructImpl.toDto()시작
2026-02-25 15:00:28.337 INFO  k.co.seoulit.common.aop.LoggerAspect - kr.co.seoulit.reception.mapstruct.ReceptionResMapStructImpl.toDto()종료
2026-02-25 15:00:28.338 DEBUG org.hibernate.SQL - select seq_reception_status_history.nextval from dual
2026-02-25 15:00:28.354 INFO  k.co.seoulit.common.aop.LoggerAspect - kr.co.seoulit.reception.mapstruct.ReceptionResMapStructImpl.toDto()시작
2026-02-25 15:00:28.354 INFO  k.co.seoulit.common.aop.LoggerAspect - kr.co.seoulit.reception.mapstruct.ReceptionResMapStructImpl.toDto()종료
2026-02-25 15:00:28.355 DEBUG org.hibernate.SQL - select seq_audit_log.nextval from dual
2026-02-25 15:00:28.365 INFO  k.co.seoulit.common.aop.LoggerAspect - kr.co.seoulit.reception.mapstruct.ReceptionResMapStructImpl.toDto()시작
2026-02-25 15:00:28.365 INFO  k.co.seoulit.common.aop.LoggerAspect - kr.co.seoulit.reception.mapstruct.ReceptionResMapStructImpl.toDto()종료
2026-02-25 15:00:28.366 INFO  k.co.seoulit.common.aop.LoggerAspect - ServiceImpl  : kr.co.seoulit.reception.service.ReceptionServiceImpl.updateReceptionStatus()종료
2026-02-25 15:00:28.367 DEBUG org.hibernate.SQL - insert into reception_status_history (changed_at,changed_by,from_status,reason_code,reason_text,reception_id,to_status,status_history_id) values (?,?,?,?,?,?,?,?)
2026-02-25 15:00:28.368 TRACE org.hibernate.orm.jdbc.bind - binding parameter (1:TIMESTAMP) <- [2026-02-25T15:00:28.367858]
2026-02-25 15:00:28.369 TRACE org.hibernate.orm.jdbc.bind - binding parameter (2:BIGINT) <- [null]
2026-02-25 15:00:28.369 TRACE org.hibernate.orm.jdbc.bind - binding parameter (3:VARCHAR) <- [WAITING]
2026-02-25 15:00:28.369 TRACE org.hibernate.orm.jdbc.bind - binding parameter (4:VARCHAR) <- [null]
2026-02-25 15:00:28.369 TRACE org.hibernate.orm.jdbc.bind - binding parameter (5:VARCHAR) <- [null]
2026-02-25 15:00:28.370 TRACE org.hibernate.orm.jdbc.bind - binding parameter (6:BIGINT) <- [30]
2026-02-25 15:00:28.370 TRACE org.hibernate.orm.jdbc.bind - binding parameter (7:VARCHAR) <- [CANCELED]
2026-02-25 15:00:28.370 TRACE org.hibernate.orm.jdbc.bind - binding parameter (8:BIGINT) <- [33]
2026-02-25 15:00:28.379 DEBUG org.hibernate.SQL - insert into audit_log (action,actor_id,after_json,before_json,diff_json,entity_id,entity_type,occurred_at,reason_code,reason_text,audit_log_id) values (?,?,?,?,?,?,?,?,?,?,?)
2026-02-25 15:00:28.380 TRACE org.hibernate.orm.jdbc.bind - binding parameter (1:VARCHAR) <- [STATUS_CHANGE]
2026-02-25 15:00:28.381 TRACE org.hibernate.orm.jdbc.bind - binding parameter (2:BIGINT) <- [null]
2026-02-25 15:00:28.381 TRACE org.hibernate.orm.jdbc.bind - binding parameter (3:VARCHAR) <- [{"receptionId":30,"receptionNo":"20260225-009","patientId":11,"patientName":"성숙희","visitType":"OUTPATIENT","departmentId":1,"departmentName":"내과","doctorId":1,"doctorName":"송태민","reservationId":null,"scheduledAt":null,"arrivedAt":"2026-02-25T05:49:36","status":"CANCELED","note":"환자 상세 화면에서 접수 등록","isActive":true,"inactiveAt":null,"inactiveReasonCode":null,"inactiveReasonText":null,"cancelReasonCode":null,"cancelReasonText":null,"holdReasonCode":null,"holdReasonText":null,"createdBy":null,"updatedBy":null,"createdAt":"2026-02-25T14:49:36.114685","updatedAt":"2026-02-25T14:49:36.114685"}]
2026-02-25 15:00:28.382 TRACE org.hibernate.orm.jdbc.bind - binding parameter (4:VARCHAR) <- [{"receptionId":30,"receptionNo":"20260225-009","patientId":11,"patientName":"성숙희","visitType":"OUTPATIENT","departmentId":1,"departmentName":"내과","doctorId":1,"doctorName":"송태민","reservationId":null,"scheduledAt":null,"arrivedAt":"2026-02-25T05:49:36","status":"WAITING","note":"환자 상세 화면에서 접수 등록","isActive":true,"inactiveAt":null,"inactiveReasonCode":null,"inactiveReasonText":null,"cancelReasonCode":null,"cancelReasonText":null,"holdReasonCode":null,"holdReasonText":null,"createdBy":null,"updatedBy":null,"createdAt":"2026-02-25T14:49:36.114685","updatedAt":"2026-02-25T14:49:36.114685"}]
2026-02-25 15:00:28.382 TRACE org.hibernate.orm.jdbc.bind - binding parameter (5:VARCHAR) <- [null]
2026-02-25 15:00:28.382 TRACE org.hibernate.orm.jdbc.bind - binding parameter (6:BIGINT) <- [30]
2026-02-25 15:00:28.382 TRACE org.hibernate.orm.jdbc.bind - binding parameter (7:VARCHAR) <- [RECEPTION]
2026-02-25 15:00:28.382 TRACE org.hibernate.orm.jdbc.bind - binding parameter (8:TIMESTAMP) <- [2026-02-25T15:00:28.379874]
2026-02-25 15:00:28.382 TRACE org.hibernate.orm.jdbc.bind - binding parameter (9:VARCHAR) <- [null]
2026-02-25 15:00:28.382 TRACE org.hibernate.orm.jdbc.bind - binding parameter (10:VARCHAR) <- [null]
2026-02-25 15:00:28.383 TRACE org.hibernate.orm.jdbc.bind - binding parameter (11:BIGINT) <- [93]
2026-02-25 15:00:28.398 DEBUG org.hibernate.SQL - update reception set arrived_at=?,cancel_reason_code=?,cancel_reason_text=?,created_by=?,department_id=?,department_name=?,doctor_id=?,doctor_name=?,hold_reason_code=?,hold_reason_text=?,inactive_at=?,inactive_reason_code=?,inactive_reason_text=?,is_active=?,note=?,patient_id=?,patient_name=?,reception_no=?,reservation_id=?,scheduled_at=?,status=?,updated_at=?,updated_by=?,visit_type=? where reception_id=?
2026-02-25 15:00:28.399 TRACE org.hibernate.orm.jdbc.bind - binding parameter (1:TIMESTAMP) <- [2026-02-25T05:49:36]
2026-02-25 15:00:28.400 TRACE org.hibernate.orm.jdbc.bind - binding parameter (2:VARCHAR) <- [null]
2026-02-25 15:00:28.401 TRACE org.hibernate.orm.jdbc.bind - binding parameter (3:VARCHAR) <- [null]
2026-02-25 15:00:28.401 TRACE org.hibernate.orm.jdbc.bind - binding parameter (4:BIGINT) <- [null]
2026-02-25 15:00:28.401 TRACE org.hibernate.orm.jdbc.bind - binding parameter (5:BIGINT) <- [1]
2026-02-25 15:00:28.402 TRACE org.hibernate.orm.jdbc.bind - binding parameter (6:VARCHAR) <- [내과]
2026-02-25 15:00:28.402 TRACE org.hibernate.orm.jdbc.bind - binding parameter (7:BIGINT) <- [1]
2026-02-25 15:00:28.402 TRACE org.hibernate.orm.jdbc.bind - binding parameter (8:VARCHAR) <- [송태민]
2026-02-25 15:00:28.402 TRACE org.hibernate.orm.jdbc.bind - binding parameter (9:VARCHAR) <- [null]
2026-02-25 15:00:28.402 TRACE org.hibernate.orm.jdbc.bind - binding parameter (10:VARCHAR) <- [null]
2026-02-25 15:00:28.402 TRACE org.hibernate.orm.jdbc.bind - binding parameter (11:TIMESTAMP) <- [null]
2026-02-25 15:00:28.402 TRACE org.hibernate.orm.jdbc.bind - binding parameter (12:VARCHAR) <- [null]
2026-02-25 15:00:28.402 TRACE org.hibernate.orm.jdbc.bind - binding parameter (13:VARCHAR) <- [null]
2026-02-25 15:00:28.402 TRACE org.hibernate.orm.jdbc.bind - binding parameter (14:BOOLEAN) <- [true]
2026-02-25 15:00:28.402 TRACE org.hibernate.orm.jdbc.bind - binding parameter (15:VARCHAR) <- [환자 상세 화면에서 접수 등록]
2026-02-25 15:00:28.402 TRACE org.hibernate.orm.jdbc.bind - binding parameter (16:BIGINT) <- [11]
2026-02-25 15:00:28.402 TRACE org.hibernate.orm.jdbc.bind - binding parameter (17:VARCHAR) <- [성숙희]
2026-02-25 15:00:28.403 TRACE org.hibernate.orm.jdbc.bind - binding parameter (18:VARCHAR) <- [20260225-009]
2026-02-25 15:00:28.403 TRACE org.hibernate.orm.jdbc.bind - binding parameter (19:BIGINT) <- [null]
2026-02-25 15:00:28.403 TRACE org.hibernate.orm.jdbc.bind - binding parameter (20:TIMESTAMP) <- [null]
2026-02-25 15:00:28.403 TRACE org.hibernate.orm.jdbc.bind - binding parameter (21:VARCHAR) <- [CANCELED]
2026-02-25 15:00:28.403 TRACE org.hibernate.orm.jdbc.bind - binding parameter (22:TIMESTAMP) <- [2026-02-25T15:00:28.397437]
2026-02-25 15:00:28.403 TRACE org.hibernate.orm.jdbc.bind - binding parameter (23:BIGINT) <- [null]
2026-02-25 15:00:28.403 TRACE org.hibernate.orm.jdbc.bind - binding parameter (24:VARCHAR) <- [OUTPATIENT]
2026-02-25 15:00:28.403 TRACE org.hibernate.orm.jdbc.bind - binding parameter (25:BIGINT) <- [30]
2026-02-25 15:00:28.421 INFO  k.co.seoulit.common.aop.LoggerAspect - Controller  : kr.co.seoulit.reception.controller.ReceptionController.updateReceptionStatus()종료
2026-02-25 15:00:30.731 INFO  k.co.seoulit.common.aop.LoggerAspect - Controller  : kr.co.seoulit.reception.controller.ReceptionController.updateReceptionStatus()시작
2026-02-25 15:00:30.731 INFO  k.c.s.r.c.ReceptionController - Update reception status request: id=29, status=CANCELED
2026-02-25 15:00:30.741 INFO  k.co.seoulit.common.aop.LoggerAspect - ServiceImpl  : kr.co.seoulit.reception.service.ReceptionServiceImpl.updateReceptionStatus()시작
2026-02-25 15:00:30.746 DEBUG org.hibernate.SQL - select re1_0.reception_id,re1_0.arrived_at,re1_0.cancel_reason_code,re1_0.cancel_reason_text,re1_0.created_at,re1_0.created_by,re1_0.department_id,re1_0.department_name,re1_0.doctor_id,re1_0.doctor_name,re1_0.hold_reason_code,re1_0.hold_reason_text,re1_0.inactive_at,re1_0.inactive_reason_code,re1_0.inactive_reason_text,re1_0.is_active,re1_0.note,re1_0.patient_id,re1_0.patient_name,re1_0.reception_no,re1_0.reservation_id,re1_0.scheduled_at,re1_0.status,re1_0.updated_at,re1_0.updated_by,re1_0.visit_type from reception re1_0 where re1_0.reception_id=?
2026-02-25 15:00:30.747 TRACE org.hibernate.orm.jdbc.bind - binding parameter (1:BIGINT) <- [29]
2026-02-25 15:00:30.758 INFO  k.co.seoulit.common.aop.LoggerAspect - kr.co.seoulit.reception.mapstruct.ReceptionResMapStructImpl.toDto()시작
2026-02-25 15:00:30.758 INFO  k.co.seoulit.common.aop.LoggerAspect - kr.co.seoulit.reception.mapstruct.ReceptionResMapStructImpl.toDto()종료
2026-02-25 15:00:30.759 DEBUG org.hibernate.SQL - select seq_reception_status_history.nextval from dual
2026-02-25 15:00:30.770 INFO  k.co.seoulit.common.aop.LoggerAspect - kr.co.seoulit.reception.mapstruct.ReceptionResMapStructImpl.toDto()시작
2026-02-25 15:00:30.771 INFO  k.co.seoulit.common.aop.LoggerAspect - kr.co.seoulit.reception.mapstruct.ReceptionResMapStructImpl.toDto()종료
2026-02-25 15:00:30.771 DEBUG org.hibernate.SQL - select seq_audit_log.nextval from dual
2026-02-25 15:00:30.783 INFO  k.co.seoulit.common.aop.LoggerAspect - kr.co.seoulit.reception.mapstruct.ReceptionResMapStructImpl.toDto()시작
2026-02-25 15:00:30.783 INFO  k.co.seoulit.common.aop.LoggerAspect - kr.co.seoulit.reception.mapstruct.ReceptionResMapStructImpl.toDto()종료
2026-02-25 15:00:30.783 INFO  k.co.seoulit.common.aop.LoggerAspect - ServiceImpl  : kr.co.seoulit.reception.service.ReceptionServiceImpl.updateReceptionStatus()종료
2026-02-25 15:00:30.785 DEBUG org.hibernate.SQL - insert into reception_status_history (changed_at,changed_by,from_status,reason_code,reason_text,reception_id,to_status,status_history_id) values (?,?,?,?,?,?,?,?)
2026-02-25 15:00:30.785 TRACE org.hibernate.orm.jdbc.bind - binding parameter (1:TIMESTAMP) <- [2026-02-25T15:00:30.784245]
2026-02-25 15:00:30.785 TRACE org.hibernate.orm.jdbc.bind - binding parameter (2:BIGINT) <- [null]
2026-02-25 15:00:30.786 TRACE org.hibernate.orm.jdbc.bind - binding parameter (3:VARCHAR) <- [WAITING]
2026-02-25 15:00:30.786 TRACE org.hibernate.orm.jdbc.bind - binding parameter (4:VARCHAR) <- [null]
2026-02-25 15:00:30.786 TRACE org.hibernate.orm.jdbc.bind - binding parameter (5:VARCHAR) <- [null]
2026-02-25 15:00:30.787 TRACE org.hibernate.orm.jdbc.bind - binding parameter (6:BIGINT) <- [29]
2026-02-25 15:00:30.787 TRACE org.hibernate.orm.jdbc.bind - binding parameter (7:VARCHAR) <- [CANCELED]
2026-02-25 15:00:30.787 TRACE org.hibernate.orm.jdbc.bind - binding parameter (8:BIGINT) <- [34]
2026-02-25 15:00:30.795 DEBUG org.hibernate.SQL - insert into audit_log (action,actor_id,after_json,before_json,diff_json,entity_id,entity_type,occurred_at,reason_code,reason_text,audit_log_id) values (?,?,?,?,?,?,?,?,?,?,?)
2026-02-25 15:00:30.795 TRACE org.hibernate.orm.jdbc.bind - binding parameter (1:VARCHAR) <- [STATUS_CHANGE]
2026-02-25 15:00:30.795 TRACE org.hibernate.orm.jdbc.bind - binding parameter (2:BIGINT) <- [null]
2026-02-25 15:00:30.795 TRACE org.hibernate.orm.jdbc.bind - binding parameter (3:VARCHAR) <- [{"receptionId":29,"receptionNo":"20260225-008","patientId":11,"patientName":"성숙희","visitType":"OUTPATIENT","departmentId":1,"departmentName":"내과","doctorId":1,"doctorName":"송태민","reservationId":null,"scheduledAt":null,"arrivedAt":"2026-02-25T05:47:55","status":"CANCELED","note":"환자 상세 화면에서 접수 등록","isActive":true,"inactiveAt":null,"inactiveReasonCode":null,"inactiveReasonText":null,"cancelReasonCode":null,"cancelReasonText":null,"holdReasonCode":null,"holdReasonText":null,"createdBy":null,"updatedBy":null,"createdAt":"2026-02-25T14:47:56.051426","updatedAt":"2026-02-25T14:47:56.051426"}]
2026-02-25 15:00:30.795 TRACE org.hibernate.orm.jdbc.bind - binding parameter (4:VARCHAR) <- [{"receptionId":29,"receptionNo":"20260225-008","patientId":11,"patientName":"성숙희","visitType":"OUTPATIENT","departmentId":1,"departmentName":"내과","doctorId":1,"doctorName":"송태민","reservationId":null,"scheduledAt":null,"arrivedAt":"2026-02-25T05:47:55","status":"WAITING","note":"환자 상세 화면에서 접수 등록","isActive":true,"inactiveAt":null,"inactiveReasonCode":null,"inactiveReasonText":null,"cancelReasonCode":null,"cancelReasonText":null,"holdReasonCode":null,"holdReasonText":null,"createdBy":null,"updatedBy":null,"createdAt":"2026-02-25T14:47:56.051426","updatedAt":"2026-02-25T14:47:56.051426"}]
2026-02-25 15:00:30.796 TRACE org.hibernate.orm.jdbc.bind - binding parameter (5:VARCHAR) <- [null]
2026-02-25 15:00:30.796 TRACE org.hibernate.orm.jdbc.bind - binding parameter (6:BIGINT) <- [29]
2026-02-25 15:00:30.796 TRACE org.hibernate.orm.jdbc.bind - binding parameter (7:VARCHAR) <- [RECEPTION]
2026-02-25 15:00:30.796 TRACE org.hibernate.orm.jdbc.bind - binding parameter (8:TIMESTAMP) <- [2026-02-25T15:00:30.795243]
2026-02-25 15:00:30.796 TRACE org.hibernate.orm.jdbc.bind - binding parameter (9:VARCHAR) <- [null]
2026-02-25 15:00:30.796 TRACE org.hibernate.orm.jdbc.bind - binding parameter (10:VARCHAR) <- [null]
2026-02-25 15:00:30.796 TRACE org.hibernate.orm.jdbc.bind - binding parameter (11:BIGINT) <- [94]
2026-02-25 15:00:30.806 DEBUG org.hibernate.SQL - update reception set arrived_at=?,cancel_reason_code=?,cancel_reason_text=?,created_by=?,department_id=?,department_name=?,doctor_id=?,doctor_name=?,hold_reason_code=?,hold_reason_text=?,inactive_at=?,inactive_reason_code=?,inactive_reason_text=?,is_active=?,note=?,patient_id=?,patient_name=?,reception_no=?,reservation_id=?,scheduled_at=?,status=?,updated_at=?,updated_by=?,visit_type=? where reception_id=?
2026-02-25 15:00:30.806 TRACE org.hibernate.orm.jdbc.bind - binding parameter (1:TIMESTAMP) <- [2026-02-25T05:47:55]
2026-02-25 15:00:30.807 TRACE org.hibernate.orm.jdbc.bind - binding parameter (2:VARCHAR) <- [null]
2026-02-25 15:00:30.807 TRACE org.hibernate.orm.jdbc.bind - binding parameter (3:VARCHAR) <- [null]
2026-02-25 15:00:30.808 TRACE org.hibernate.orm.jdbc.bind - binding parameter (4:BIGINT) <- [null]
2026-02-25 15:00:30.808 TRACE org.hibernate.orm.jdbc.bind - binding parameter (5:BIGINT) <- [1]
2026-02-25 15:00:30.808 TRACE org.hibernate.orm.jdbc.bind - binding parameter (6:VARCHAR) <- [내과]
2026-02-25 15:00:30.808 TRACE org.hibernate.orm.jdbc.bind - binding parameter (7:BIGINT) <- [1]
2026-02-25 15:00:30.808 TRACE org.hibernate.orm.jdbc.bind - binding parameter (8:VARCHAR) <- [송태민]
2026-02-25 15:00:30.808 TRACE org.hibernate.orm.jdbc.bind - binding parameter (9:VARCHAR) <- [null]
2026-02-25 15:00:30.808 TRACE org.hibernate.orm.jdbc.bind - binding parameter (10:VARCHAR) <- [null]
2026-02-25 15:00:30.808 TRACE org.hibernate.orm.jdbc.bind - binding parameter (11:TIMESTAMP) <- [null]
2026-02-25 15:00:30.809 TRACE org.hibernate.orm.jdbc.bind - binding parameter (12:VARCHAR) <- [null]
2026-02-25 15:00:30.809 TRACE org.hibernate.orm.jdbc.bind - binding parameter (13:VARCHAR) <- [null]
2026-02-25 15:00:30.809 TRACE org.hibernate.orm.jdbc.bind - binding parameter (14:BOOLEAN) <- [true]
2026-02-25 15:00:30.809 TRACE org.hibernate.orm.jdbc.bind - binding parameter (15:VARCHAR) <- [환자 상세 화면에서 접수 등록]
2026-02-25 15:00:30.809 TRACE org.hibernate.orm.jdbc.bind - binding parameter (16:BIGINT) <- [11]
2026-02-25 15:00:30.809 TRACE org.hibernate.orm.jdbc.bind - binding parameter (17:VARCHAR) <- [성숙희]
2026-02-25 15:00:30.809 TRACE org.hibernate.orm.jdbc.bind - binding parameter (18:VARCHAR) <- [20260225-008]
2026-02-25 15:00:30.809 TRACE org.hibernate.orm.jdbc.bind - binding parameter (19:BIGINT) <- [null]
2026-02-25 15:00:30.809 TRACE org.hibernate.orm.jdbc.bind - binding parameter (20:TIMESTAMP) <- [null]
2026-02-25 15:00:30.809 TRACE org.hibernate.orm.jdbc.bind - binding parameter (21:VARCHAR) <- [CANCELED]
2026-02-25 15:00:30.809 TRACE org.hibernate.orm.jdbc.bind - binding parameter (22:TIMESTAMP) <- [2026-02-25T15:00:30.805763]
2026-02-25 15:00:30.809 TRACE org.hibernate.orm.jdbc.bind - binding parameter (23:BIGINT) <- [null]
2026-02-25 15:00:30.810 TRACE org.hibernate.orm.jdbc.bind - binding parameter (24:VARCHAR) <- [OUTPATIENT]
2026-02-25 15:00:30.810 TRACE org.hibernate.orm.jdbc.bind - binding parameter (25:BIGINT) <- [29]
2026-02-25 15:00:30.826 INFO  k.co.seoulit.common.aop.LoggerAspect - Controller  : kr.co.seoulit.reception.controller.ReceptionController.updateReceptionStatus()종료
2026-02-25 15:00:56.652 INFO  k.co.seoulit.common.aop.LoggerAspect - Controller  : kr.co.seoulit.reception.controller.ReceptionController.getReceptions()시작
2026-02-25 15:00:56.652 INFO  k.c.s.r.c.ReceptionController - Reception list request: searchType=null, searchValue=null
2026-02-25 15:00:56.662 INFO  k.co.seoulit.common.aop.LoggerAspect - ServiceImpl  : kr.co.seoulit.reception.service.ReceptionServiceImpl.getReceptionList()시작
2026-02-25 15:00:56.687 INFO  k.co.seoulit.common.aop.LoggerAspect - ServiceImpl  : kr.co.seoulit.reception.service.ReceptionServiceImpl.getReceptionList()종료
2026-02-25 15:00:56.695 INFO  k.co.seoulit.common.aop.LoggerAspect - Controller  : kr.co.seoulit.reception.controller.ReceptionController.getReceptions()종료
2026-02-25 15:00:56.777 INFO  k.co.seoulit.common.aop.LoggerAspect - Controller  : kr.co.seoulit.reception.controller.ReceptionController.createReception()시작
2026-02-25 15:00:56.777 INFO  k.c.s.r.c.ReceptionController - Create reception request: receptionNo=20260225-010
2026-02-25 15:00:56.777 INFO  k.co.seoulit.common.aop.LoggerAspect - ServiceImpl  : kr.co.seoulit.reception.service.ReceptionServiceImpl.createReception()시작
2026-02-25 15:00:56.779 DEBUG org.hibernate.SQL - select * from (select re1_0.reception_id c0,rownum rn from reception re1_0 where re1_0.reception_no=?) r_0_ where r_0_.rn<=? order by r_0_.rn
2026-02-25 15:00:56.779 TRACE org.hibernate.orm.jdbc.bind - binding parameter (1:VARCHAR) <- [20260225-010]
2026-02-25 15:00:56.779 TRACE org.hibernate.orm.jdbc.bind - binding parameter (2:INTEGER) <- [1]
2026-02-25 15:00:56.788 INFO  k.co.seoulit.common.aop.LoggerAspect - kr.co.seoulit.reception.mapstruct.ReceptionReqMapStructImpl.toEntity()시작
2026-02-25 15:00:56.789 INFO  k.co.seoulit.common.aop.LoggerAspect - kr.co.seoulit.reception.mapstruct.ReceptionReqMapStructImpl.toEntity()종료
2026-02-25 15:00:56.790 DEBUG org.hibernate.SQL - select seq_reception.nextval from dual
2026-02-25 15:00:56.805 INFO  k.co.seoulit.common.aop.LoggerAspect - kr.co.seoulit.reception.mapstruct.ReceptionResMapStructImpl.toDto()시작
2026-02-25 15:00:56.806 INFO  k.co.seoulit.common.aop.LoggerAspect - kr.co.seoulit.reception.mapstruct.ReceptionResMapStructImpl.toDto()종료
2026-02-25 15:00:56.809 DEBUG org.hibernate.SQL - select seq_audit_log.nextval from dual
2026-02-25 15:00:56.820 INFO  k.co.seoulit.common.aop.LoggerAspect - ServiceImpl  : kr.co.seoulit.reception.service.ReceptionServiceImpl.createReception()종료
2026-02-25 15:00:56.821 DEBUG org.hibernate.SQL - insert into reception (arrived_at,cancel_reason_code,cancel_reason_text,created_at,created_by,department_id,department_name,doctor_id,doctor_name,hold_reason_code,hold_reason_text,inactive_at,inactive_reason_code,inactive_reason_text,is_active,note,patient_id,patient_name,reception_no,reservation_id,scheduled_at,status,updated_at,updated_by,visit_type,reception_id) values (?,?,?,?,?,?,?,?,?,?,?,?,?,?,?,?,?,?,?,?,?,?,?,?,?,?)
2026-02-25 15:00:56.822 TRACE org.hibernate.orm.jdbc.bind - binding parameter (1:TIMESTAMP) <- [2026-02-25T16:00]
2026-02-25 15:00:56.822 TRACE org.hibernate.orm.jdbc.bind - binding parameter (2:VARCHAR) <- [null]
2026-02-25 15:00:56.823 TRACE org.hibernate.orm.jdbc.bind - binding parameter (3:VARCHAR) <- [null]
2026-02-25 15:00:56.823 TRACE org.hibernate.orm.jdbc.bind - binding parameter (4:TIMESTAMP) <- [2026-02-25T15:00:56.821698]
2026-02-25 15:00:56.823 TRACE org.hibernate.orm.jdbc.bind - binding parameter (5:BIGINT) <- [null]
2026-02-25 15:00:56.823 TRACE org.hibernate.orm.jdbc.bind - binding parameter (6:BIGINT) <- [1]
2026-02-25 15:00:56.823 TRACE org.hibernate.orm.jdbc.bind - binding parameter (7:VARCHAR) <- [내과]
2026-02-25 15:00:56.824 TRACE org.hibernate.orm.jdbc.bind - binding parameter (8:BIGINT) <- [1]
2026-02-25 15:00:56.824 TRACE org.hibernate.orm.jdbc.bind - binding parameter (9:VARCHAR) <- [송태민]
2026-02-25 15:00:56.824 TRACE org.hibernate.orm.jdbc.bind - binding parameter (10:VARCHAR) <- [null]
2026-02-25 15:00:56.824 TRACE org.hibernate.orm.jdbc.bind - binding parameter (11:VARCHAR) <- [null]
2026-02-25 15:00:56.824 TRACE org.hibernate.orm.jdbc.bind - binding parameter (12:TIMESTAMP) <- [null]
2026-02-25 15:00:56.824 TRACE org.hibernate.orm.jdbc.bind - binding parameter (13:VARCHAR) <- [null]
2026-02-25 15:00:56.824 TRACE org.hibernate.orm.jdbc.bind - binding parameter (14:VARCHAR) <- [null]
2026-02-25 15:00:56.825 TRACE org.hibernate.orm.jdbc.bind - binding parameter (15:BOOLEAN) <- [true]
2026-02-25 15:00:56.825 TRACE org.hibernate.orm.jdbc.bind - binding parameter (16:VARCHAR) <- [환자 상세 화면에서 접수 등록]
2026-02-25 15:00:56.825 TRACE org.hibernate.orm.jdbc.bind - binding parameter (17:BIGINT) <- [11]
2026-02-25 15:00:56.825 TRACE org.hibernate.orm.jdbc.bind - binding parameter (18:VARCHAR) <- [성숙희]
2026-02-25 15:00:56.825 TRACE org.hibernate.orm.jdbc.bind - binding parameter (19:VARCHAR) <- [20260225-010]
2026-02-25 15:00:56.825 TRACE org.hibernate.orm.jdbc.bind - binding parameter (20:BIGINT) <- [null]
2026-02-25 15:00:56.825 TRACE org.hibernate.orm.jdbc.bind - binding parameter (21:TIMESTAMP) <- [null]
2026-02-25 15:00:56.825 TRACE org.hibernate.orm.jdbc.bind - binding parameter (22:VARCHAR) <- [WAITING]
2026-02-25 15:00:56.826 TRACE org.hibernate.orm.jdbc.bind - binding parameter (23:TIMESTAMP) <- [2026-02-25T15:00:56.821698]
2026-02-25 15:00:56.826 TRACE org.hibernate.orm.jdbc.bind - binding parameter (24:BIGINT) <- [null]
2026-02-25 15:00:56.826 TRACE org.hibernate.orm.jdbc.bind - binding parameter (25:VARCHAR) <- [OUTPATIENT]
2026-02-25 15:00:56.826 TRACE org.hibernate.orm.jdbc.bind - binding parameter (26:BIGINT) <- [31]
2026-02-25 15:00:56.836 DEBUG org.hibernate.SQL - insert into audit_log (action,actor_id,after_json,before_json,diff_json,entity_id,entity_type,occurred_at,reason_code,reason_text,audit_log_id) values (?,?,?,?,?,?,?,?,?,?,?)
2026-02-25 15:00:56.837 TRACE org.hibernate.orm.jdbc.bind - binding parameter (1:VARCHAR) <- [CREATE]
2026-02-25 15:00:56.837 TRACE org.hibernate.orm.jdbc.bind - binding parameter (2:BIGINT) <- [null]
2026-02-25 15:00:56.837 TRACE org.hibernate.orm.jdbc.bind - binding parameter (3:VARCHAR) <- [{"receptionId":31,"receptionNo":"20260225-010","patientId":11,"patientName":"성숙희","visitType":"OUTPATIENT","departmentId":1,"departmentName":"내과","doctorId":1,"doctorName":"송태민","reservationId":null,"scheduledAt":null,"arrivedAt":"2026-02-25T16:00:00","status":"WAITING","note":"환자 상세 화면에서 접수 등록","isActive":true,"inactiveAt":null,"inactiveReasonCode":null,"inactiveReasonText":null,"cancelReasonCode":null,"cancelReasonText":null,"holdReasonCode":null,"holdReasonText":null,"createdBy":null,"updatedBy":null,"createdAt":null,"updatedAt":null}]
2026-02-25 15:00:56.837 TRACE org.hibernate.orm.jdbc.bind - binding parameter (4:VARCHAR) <- [null]
2026-02-25 15:00:56.837 TRACE org.hibernate.orm.jdbc.bind - binding parameter (5:VARCHAR) <- [null]
2026-02-25 15:00:56.837 TRACE org.hibernate.orm.jdbc.bind - binding parameter (6:BIGINT) <- [31]
2026-02-25 15:00:56.837 TRACE org.hibernate.orm.jdbc.bind - binding parameter (7:VARCHAR) <- [RECEPTION]
2026-02-25 15:00:56.838 TRACE org.hibernate.orm.jdbc.bind - binding parameter (8:TIMESTAMP) <- [2026-02-25T15:00:56.836388]
2026-02-25 15:00:56.838 TRACE org.hibernate.orm.jdbc.bind - binding parameter (9:VARCHAR) <- [null]
2026-02-25 15:00:56.838 TRACE org.hibernate.orm.jdbc.bind - binding parameter (10:VARCHAR) <- [null]
2026-02-25 15:00:56.838 TRACE org.hibernate.orm.jdbc.bind - binding parameter (11:BIGINT) <- [95]
2026-02-25 15:00:56.858 INFO  k.co.seoulit.common.aop.LoggerAspect - Controller  : kr.co.seoulit.reception.controller.ReceptionController.createReception()종료
2026-02-25 15:00:57.126 INFO  k.co.seoulit.common.aop.LoggerAspect - Controller  : kr.co.seoulit.reception.controller.ReceptionController.getReceptions()시작
2026-02-25 15:00:57.126 INFO  k.co.seoulit.common.aop.LoggerAspect - Controller  : kr.co.seoulit.reception.controller.ReservationController.getReservations()시작
2026-02-25 15:00:57.127 INFO  k.c.s.r.c.ReceptionController - Reception list request: searchType=null, searchValue=null
2026-02-25 15:00:57.127 INFO  k.c.s.r.c.ReservationController - 예약 목록 요청: searchType=null, searchValue=null
2026-02-25 15:00:57.127 INFO  k.co.seoulit.common.aop.LoggerAspect - ServiceImpl  : kr.co.seoulit.reception.service.ReceptionServiceImpl.getReceptionList()시작
2026-02-25 15:00:57.139 INFO  k.co.seoulit.common.aop.LoggerAspect - ServiceImpl  : kr.co.seoulit.reception.service.ReservationServiceImpl.getReservationList()시작
2026-02-25 15:00:57.150 INFO  k.co.seoulit.common.aop.LoggerAspect - ServiceImpl  : kr.co.seoulit.reception.service.ReceptionServiceImpl.getReceptionList()종료
2026-02-25 15:00:57.151 INFO  k.co.seoulit.common.aop.LoggerAspect - ServiceImpl  : kr.co.seoulit.reception.service.ReservationServiceImpl.getReservationList()종료
2026-02-25 15:00:57.162 INFO  k.co.seoulit.common.aop.LoggerAspect - Controller  : kr.co.seoulit.reception.controller.ReceptionController.getReceptions()종료
2026-02-25 15:00:57.163 INFO  k.co.seoulit.common.aop.LoggerAspect - Controller  : kr.co.seoulit.reception.controller.ReservationController.getReservations()종료
2026-02-25 15:00:57.173 INFO  k.co.seoulit.common.aop.LoggerAspect - Controller  : kr.co.seoulit.reception.controller.ReceptionController.getReceptions()시작
2026-02-25 15:00:57.174 INFO  k.c.s.r.c.ReceptionController - Reception list request: searchType=null, searchValue=null
2026-02-25 15:00:57.176 INFO  k.co.seoulit.common.aop.LoggerAspect - ServiceImpl  : kr.co.seoulit.reception.service.ReceptionServiceImpl.getReceptionList()시작
2026-02-25 15:00:57.182 INFO  k.co.seoulit.common.aop.LoggerAspect - Controller  : kr.co.seoulit.reception.controller.ReservationController.getReservations()시작
2026-02-25 15:00:57.182 INFO  k.c.s.r.c.ReservationController - 예약 목록 요청: searchType=null, searchValue=null
2026-02-25 15:00:57.183 INFO  k.co.seoulit.common.aop.LoggerAspect - ServiceImpl  : kr.co.seoulit.reception.service.ReservationServiceImpl.getReservationList()시작
2026-02-25 15:00:57.197 INFO  k.co.seoulit.common.aop.LoggerAspect - ServiceImpl  : kr.co.seoulit.reception.service.ReservationServiceImpl.getReservationList()종료
2026-02-25 15:00:57.215 INFO  k.co.seoulit.common.aop.LoggerAspect - Controller  : kr.co.seoulit.reception.controller.ReservationController.getReservations()종료
2026-02-25 15:00:57.216 INFO  k.co.seoulit.common.aop.LoggerAspect - ServiceImpl  : kr.co.seoulit.reception.service.ReceptionServiceImpl.getReceptionList()종료
2026-02-25 15:00:57.224 INFO  k.co.seoulit.common.aop.LoggerAspect - Controller  : kr.co.seoulit.reception.controller.ReceptionController.getReceptions()종료
2026-02-25 15:00:57.258 INFO  k.co.seoulit.common.aop.LoggerAspect - Controller  : kr.co.seoulit.reception.controller.ReceptionController.getReceptions()시작
2026-02-25 15:00:57.258 INFO  k.c.s.r.c.ReceptionController - Reception list request: searchType=null, searchValue=null
2026-02-25 15:00:57.259 INFO  k.co.seoulit.common.aop.LoggerAspect - ServiceImpl  : kr.co.seoulit.reception.service.ReceptionServiceImpl.getReceptionList()시작
2026-02-25 15:00:57.281 INFO  k.co.seoulit.common.aop.LoggerAspect - ServiceImpl  : kr.co.seoulit.reception.service.ReceptionServiceImpl.getReceptionList()종료
2026-02-25 15:00:57.291 INFO  k.co.seoulit.common.aop.LoggerAspect - Controller  : kr.co.seoulit.reception.controller.ReceptionController.getReceptions()종료
2026-02-25 15:00:57.310 INFO  k.co.seoulit.common.aop.LoggerAspect - Controller  : kr.co.seoulit.reception.controller.ReceptionController.getReceptions()시작
2026-02-25 15:00:57.310 INFO  k.c.s.r.c.ReceptionController - Reception list request: searchType=null, searchValue=null
2026-02-25 15:00:57.311 INFO  k.co.seoulit.common.aop.LoggerAspect - ServiceImpl  : kr.co.seoulit.reception.service.ReceptionServiceImpl.getReceptionList()시작
2026-02-25 15:00:57.333 INFO  k.co.seoulit.common.aop.LoggerAspect - ServiceImpl  : kr.co.seoulit.reception.service.ReceptionServiceImpl.getReceptionList()종료
2026-02-25 15:00:57.340 INFO  k.co.seoulit.common.aop.LoggerAspect - Controller  : kr.co.seoulit.reception.controller.ReceptionController.getReceptions()종료
2026-02-25 15:00:59.681 INFO  k.co.seoulit.common.aop.LoggerAspect - Controller  : kr.co.seoulit.reception.controller.ReceptionController.getReception()시작
2026-02-25 15:00:59.682 INFO  k.c.s.r.c.ReceptionController - Get reception request: id=31
2026-02-25 15:00:59.691 INFO  k.co.seoulit.common.aop.LoggerAspect - ServiceImpl  : kr.co.seoulit.reception.service.ReceptionServiceImpl.getReception()시작
2026-02-25 15:00:59.692 DEBUG org.hibernate.SQL - select re1_0.reception_id,re1_0.arrived_at,re1_0.cancel_reason_code,re1_0.cancel_reason_text,re1_0.created_at,re1_0.created_by,re1_0.department_id,re1_0.department_name,re1_0.doctor_id,re1_0.doctor_name,re1_0.hold_reason_code,re1_0.hold_reason_text,re1_0.inactive_at,re1_0.inactive_reason_code,re1_0.inactive_reason_text,re1_0.is_active,re1_0.note,re1_0.patient_id,re1_0.patient_name,re1_0.reception_no,re1_0.reservation_id,re1_0.scheduled_at,re1_0.status,re1_0.updated_at,re1_0.updated_by,re1_0.visit_type from reception re1_0 where re1_0.reception_id=?
2026-02-25 15:00:59.692 TRACE org.hibernate.orm.jdbc.bind - binding parameter (1:BIGINT) <- [31]
2026-02-25 15:00:59.702 INFO  k.co.seoulit.common.aop.LoggerAspect - kr.co.seoulit.reception.mapstruct.ReceptionResMapStructImpl.toDto()시작
2026-02-25 15:00:59.703 INFO  k.co.seoulit.common.aop.LoggerAspect - kr.co.seoulit.reception.mapstruct.ReceptionResMapStructImpl.toDto()종료
2026-02-25 15:00:59.703 INFO  k.co.seoulit.common.aop.LoggerAspect - ServiceImpl  : kr.co.seoulit.reception.service.ReceptionServiceImpl.getReception()종료
2026-02-25 15:00:59.712 INFO  k.co.seoulit.common.aop.LoggerAspect - Controller  : kr.co.seoulit.reception.controller.ReceptionController.getReception()종료
2026-02-25 15:12:12.942 INFO  k.co.seoulit.common.aop.LoggerAspect - Controller  : kr.co.seoulit.reception.controller.ReservationController.getReservations()시작
2026-02-25 15:12:12.942 INFO  k.c.s.r.c.ReservationController - 예약 목록 요청: searchType=null, searchValue=null
2026-02-25 15:12:12.966 INFO  k.co.seoulit.common.aop.LoggerAspect - ServiceImpl  : kr.co.seoulit.reception.service.ReservationServiceImpl.getReservationList()시작
2026-02-25 15:12:12.991 INFO  k.co.seoulit.common.aop.LoggerAspect - ServiceImpl  : kr.co.seoulit.reception.service.ReservationServiceImpl.getReservationList()종료
2026-02-25 15:12:13.009 INFO  k.co.seoulit.common.aop.LoggerAspect - Controller  : kr.co.seoulit.reception.controller.ReservationController.getReservations()종료
2026-02-25 15:12:13.026 INFO  k.co.seoulit.common.aop.LoggerAspect - Controller  : kr.co.seoulit.reception.controller.ReservationController.getReservations()시작
2026-02-25 15:12:13.027 INFO  k.c.s.r.c.ReservationController - 예약 목록 요청: searchType=null, searchValue=null
2026-02-25 15:12:13.062 INFO  k.co.seoulit.common.aop.LoggerAspect - ServiceImpl  : kr.co.seoulit.reception.service.ReservationServiceImpl.getReservationList()시작
2026-02-25 15:12:13.086 INFO  k.co.seoulit.common.aop.LoggerAspect - ServiceImpl  : kr.co.seoulit.reception.service.ReservationServiceImpl.getReservationList()종료
2026-02-25 15:12:13.098 INFO  k.co.seoulit.common.aop.LoggerAspect - Controller  : kr.co.seoulit.reception.controller.ReservationController.getReservations()종료
2026-02-25 15:12:19.809 INFO  k.co.seoulit.common.aop.LoggerAspect - Controller  : kr.co.seoulit.reception.controller.EmergencyReceptionController.getEmergencyReceptions()시작
2026-02-25 15:12:19.809 INFO  k.c.s.r.c.EmergencyReceptionController - 응급 접수 목록 요청: searchType=null, searchValue=null
2026-02-25 15:12:19.821 INFO  k.co.seoulit.common.aop.LoggerAspect - ServiceImpl  : kr.co.seoulit.reception.service.EmergencyReceptionServiceImpl.getEmergencyReceptionList()시작
2026-02-25 15:12:19.910 INFO  k.co.seoulit.common.aop.LoggerAspect - ServiceImpl  : kr.co.seoulit.reception.service.EmergencyReceptionServiceImpl.getEmergencyReceptionList()종료
2026-02-25 15:12:19.921 INFO  k.co.seoulit.common.aop.LoggerAspect - Controller  : kr.co.seoulit.reception.controller.EmergencyReceptionController.getEmergencyReceptions()종료
2026-02-25 15:12:19.928 INFO  k.co.seoulit.common.aop.LoggerAspect - Controller  : kr.co.seoulit.reception.controller.EmergencyReceptionController.getEmergencyReceptions()시작
2026-02-25 15:12:19.929 INFO  k.c.s.r.c.EmergencyReceptionController - 응급 접수 목록 요청: searchType=null, searchValue=null
2026-02-25 15:12:19.937 INFO  k.co.seoulit.common.aop.LoggerAspect - ServiceImpl  : kr.co.seoulit.reception.service.EmergencyReceptionServiceImpl.getEmergencyReceptionList()시작
2026-02-25 15:12:19.961 INFO  k.co.seoulit.common.aop.LoggerAspect - ServiceImpl  : kr.co.seoulit.reception.service.EmergencyReceptionServiceImpl.getEmergencyReceptionList()종료
2026-02-25 15:12:19.973 INFO  k.co.seoulit.common.aop.LoggerAspect - Controller  : kr.co.seoulit.reception.controller.EmergencyReceptionController.getEmergencyReceptions()종료
2026-02-25 15:12:26.048 INFO  k.co.seoulit.common.aop.LoggerAspect - Controller  : kr.co.seoulit.reception.controller.InpatientReceptionController.getInpatientReceptions()시작
2026-02-25 15:12:26.049 INFO  k.c.s.r.c.InpatientReceptionController - 입원 접수 목록 요청: searchType=null, searchValue=null
2026-02-25 15:12:26.114 INFO  k.co.seoulit.common.aop.LoggerAspect - ServiceImpl  : kr.co.seoulit.reception.service.InpatientReceptionServiceImpl.getInpatientReceptionList()시작
2026-02-25 15:12:26.161 INFO  k.co.seoulit.common.aop.LoggerAspect - ServiceImpl  : kr.co.seoulit.reception.service.InpatientReceptionServiceImpl.getInpatientReceptionList()종료
2026-02-25 15:12:26.171 INFO  k.co.seoulit.common.aop.LoggerAspect - Controller  : kr.co.seoulit.reception.controller.InpatientReceptionController.getInpatientReceptions()종료
2026-02-25 15:12:26.179 INFO  k.co.seoulit.common.aop.LoggerAspect - Controller  : kr.co.seoulit.reception.controller.InpatientReceptionController.getInpatientReceptions()시작
2026-02-25 15:12:26.179 INFO  k.c.s.r.c.InpatientReceptionController - 입원 접수 목록 요청: searchType=null, searchValue=null
2026-02-25 15:12:26.180 INFO  k.co.seoulit.common.aop.LoggerAspect - ServiceImpl  : kr.co.seoulit.reception.service.InpatientReceptionServiceImpl.getInpatientReceptionList()시작
2026-02-25 15:12:26.207 INFO  k.co.seoulit.common.aop.LoggerAspect - ServiceImpl  : kr.co.seoulit.reception.service.InpatientReceptionServiceImpl.getInpatientReceptionList()종료
2026-02-25 15:12:26.215 INFO  k.co.seoulit.common.aop.LoggerAspect - Controller  : kr.co.seoulit.reception.controller.InpatientReceptionController.getInpatientReceptions()종료
2026-02-25 15:12:27.230 INFO  k.co.seoulit.common.aop.LoggerAspect - Controller  : kr.co.seoulit.reception.controller.EmergencyReceptionController.getEmergencyReceptions()시작
2026-02-25 15:12:27.230 INFO  k.c.s.r.c.EmergencyReceptionController - 응급 접수 목록 요청: searchType=null, searchValue=null
2026-02-25 15:12:27.242 INFO  k.co.seoulit.common.aop.LoggerAspect - ServiceImpl  : kr.co.seoulit.reception.service.EmergencyReceptionServiceImpl.getEmergencyReceptionList()시작
2026-02-25 15:12:27.264 INFO  k.co.seoulit.common.aop.LoggerAspect - ServiceImpl  : kr.co.seoulit.reception.service.EmergencyReceptionServiceImpl.getEmergencyReceptionList()종료
2026-02-25 15:12:27.274 INFO  k.co.seoulit.common.aop.LoggerAspect - Controller  : kr.co.seoulit.reception.controller.EmergencyReceptionController.getEmergencyReceptions()종료
2026-02-25 15:12:27.280 INFO  k.co.seoulit.common.aop.LoggerAspect - Controller  : kr.co.seoulit.reception.controller.EmergencyReceptionController.getEmergencyReceptions()시작
2026-02-25 15:12:27.281 INFO  k.c.s.r.c.EmergencyReceptionController - 응급 접수 목록 요청: searchType=null, searchValue=null
2026-02-25 15:12:27.282 INFO  k.co.seoulit.common.aop.LoggerAspect - ServiceImpl  : kr.co.seoulit.reception.service.EmergencyReceptionServiceImpl.getEmergencyReceptionList()시작
2026-02-25 15:12:27.307 INFO  k.co.seoulit.common.aop.LoggerAspect - ServiceImpl  : kr.co.seoulit.reception.service.EmergencyReceptionServiceImpl.getEmergencyReceptionList()종료
2026-02-25 15:12:27.316 INFO  k.co.seoulit.common.aop.LoggerAspect - Controller  : kr.co.seoulit.reception.controller.EmergencyReceptionController.getEmergencyReceptions()종료
2026-02-25 15:20:12.623 INFO  k.co.seoulit.common.aop.LoggerAspect - Controller  : kr.co.seoulit.reception.controller.EmergencyReceptionController.getEmergencyReceptions()시작
2026-02-25 15:20:12.625 INFO  k.c.s.r.c.EmergencyReceptionController - 응급 접수 목록 요청: searchType=null, searchValue=null
2026-02-25 15:20:12.645 INFO  k.co.seoulit.common.aop.LoggerAspect - ServiceImpl  : kr.co.seoulit.reception.service.EmergencyReceptionServiceImpl.getEmergencyReceptionList()시작
2026-02-25 15:20:12.693 INFO  k.co.seoulit.common.aop.LoggerAspect - ServiceImpl  : kr.co.seoulit.reception.service.EmergencyReceptionServiceImpl.getEmergencyReceptionList()종료
2026-02-25 15:20:12.706 INFO  k.co.seoulit.common.aop.LoggerAspect - Controller  : kr.co.seoulit.reception.controller.EmergencyReceptionController.getEmergencyReceptions()종료
2026-02-25 15:20:12.713 INFO  k.co.seoulit.common.aop.LoggerAspect - Controller  : kr.co.seoulit.reception.controller.EmergencyReceptionController.getEmergencyReceptions()시작
2026-02-25 15:20:12.714 INFO  k.c.s.r.c.EmergencyReceptionController - 응급 접수 목록 요청: searchType=null, searchValue=null
2026-02-25 15:20:12.732 INFO  k.co.seoulit.common.aop.LoggerAspect - ServiceImpl  : kr.co.seoulit.reception.service.EmergencyReceptionServiceImpl.getEmergencyReceptionList()시작
2026-02-25 15:20:12.759 INFO  k.co.seoulit.common.aop.LoggerAspect - ServiceImpl  : kr.co.seoulit.reception.service.EmergencyReceptionServiceImpl.getEmergencyReceptionList()종료
2026-02-25 15:20:12.776 INFO  k.co.seoulit.common.aop.LoggerAspect - Controller  : kr.co.seoulit.reception.controller.EmergencyReceptionController.getEmergencyReceptions()종료
2026-02-25 15:30:03.063 INFO  k.co.seoulit.common.aop.LoggerAspect - Controller  : kr.co.seoulit.reception.controller.ReceptionController.getReceptions()시작
2026-02-25 15:30:03.063 INFO  k.c.s.r.c.ReceptionController - Reception list request: searchType=null, searchValue=null
2026-02-25 15:30:03.060 INFO  k.co.seoulit.common.aop.LoggerAspect - Controller  : kr.co.seoulit.reception.controller.ReservationController.getReservations()시작
2026-02-25 15:30:03.063 INFO  k.c.s.r.c.ReservationController - 예약 목록 요청: searchType=null, searchValue=null
2026-02-25 15:30:03.080 INFO  k.co.seoulit.common.aop.LoggerAspect - ServiceImpl  : kr.co.seoulit.reception.service.ReceptionServiceImpl.getReceptionList()시작
2026-02-25 15:30:03.087 INFO  k.co.seoulit.common.aop.LoggerAspect - ServiceImpl  : kr.co.seoulit.reception.service.ReservationServiceImpl.getReservationList()시작
2026-02-25 15:30:03.110 INFO  k.co.seoulit.common.aop.LoggerAspect - ServiceImpl  : kr.co.seoulit.reception.service.ReservationServiceImpl.getReservationList()종료
2026-02-25 15:30:03.114 INFO  k.co.seoulit.common.aop.LoggerAspect - ServiceImpl  : kr.co.seoulit.reception.service.ReceptionServiceImpl.getReceptionList()종료
2026-02-25 15:30:03.118 INFO  k.co.seoulit.common.aop.LoggerAspect - Controller  : kr.co.seoulit.reception.controller.ReservationController.getReservations()종료
2026-02-25 15:30:03.122 INFO  k.co.seoulit.common.aop.LoggerAspect - Controller  : kr.co.seoulit.reception.controller.ReceptionController.getReceptions()종료
2026-02-25 15:30:03.130 INFO  k.co.seoulit.common.aop.LoggerAspect - Controller  : kr.co.seoulit.reception.controller.ReservationController.getReservations()시작
2026-02-25 15:30:03.131 INFO  k.c.s.r.c.ReservationController - 예약 목록 요청: searchType=null, searchValue=null
2026-02-25 15:30:03.133 INFO  k.co.seoulit.common.aop.LoggerAspect - ServiceImpl  : kr.co.seoulit.reception.service.ReservationServiceImpl.getReservationList()시작
2026-02-25 15:30:03.140 INFO  k.co.seoulit.common.aop.LoggerAspect - Controller  : kr.co.seoulit.reception.controller.ReceptionController.getReceptions()시작
2026-02-25 15:30:03.141 INFO  k.c.s.r.c.ReceptionController - Reception list request: searchType=null, searchValue=null
2026-02-25 15:30:03.141 INFO  k.co.seoulit.common.aop.LoggerAspect - ServiceImpl  : kr.co.seoulit.reception.service.ReceptionServiceImpl.getReceptionList()시작
2026-02-25 15:30:03.148 INFO  k.co.seoulit.common.aop.LoggerAspect - ServiceImpl  : kr.co.seoulit.reception.service.ReservationServiceImpl.getReservationList()종료
2026-02-25 15:30:03.160 INFO  k.co.seoulit.common.aop.LoggerAspect - Controller  : kr.co.seoulit.reception.controller.ReservationController.getReservations()종료
2026-02-25 15:30:03.170 INFO  k.co.seoulit.common.aop.LoggerAspect - ServiceImpl  : kr.co.seoulit.reception.service.ReceptionServiceImpl.getReceptionList()종료
2026-02-25 15:30:03.185 INFO  k.co.seoulit.common.aop.LoggerAspect - Controller  : kr.co.seoulit.reception.controller.ReceptionController.getReceptions()종료
2026-02-25 15:30:03.193 INFO  k.co.seoulit.common.aop.LoggerAspect - Controller  : kr.co.seoulit.reception.controller.ReceptionController.getReceptions()시작
2026-02-25 15:30:03.193 INFO  k.c.s.r.c.ReceptionController - Reception list request: searchType=null, searchValue=null
2026-02-25 15:30:03.193 INFO  k.co.seoulit.common.aop.LoggerAspect - ServiceImpl  : kr.co.seoulit.reception.service.ReceptionServiceImpl.getReceptionList()시작
2026-02-25 15:30:03.216 INFO  k.co.seoulit.common.aop.LoggerAspect - ServiceImpl  : kr.co.seoulit.reception.service.ReceptionServiceImpl.getReceptionList()종료
2026-02-25 15:30:03.226 INFO  k.co.seoulit.common.aop.LoggerAspect - Controller  : kr.co.seoulit.reception.controller.ReceptionController.getReceptions()종료
2026-02-25 15:30:03.243 INFO  k.co.seoulit.common.aop.LoggerAspect - Controller  : kr.co.seoulit.reception.controller.ReceptionController.getReceptions()시작
2026-02-25 15:30:03.244 INFO  k.c.s.r.c.ReceptionController - Reception list request: searchType=null, searchValue=null
2026-02-25 15:30:03.245 INFO  k.co.seoulit.common.aop.LoggerAspect - ServiceImpl  : kr.co.seoulit.reception.service.ReceptionServiceImpl.getReceptionList()시작
2026-02-25 15:30:03.268 INFO  k.co.seoulit.common.aop.LoggerAspect - ServiceImpl  : kr.co.seoulit.reception.service.ReceptionServiceImpl.getReceptionList()종료
2026-02-25 15:30:03.276 INFO  k.co.seoulit.common.aop.LoggerAspect - Controller  : kr.co.seoulit.reception.controller.ReceptionController.getReceptions()종료
2026-02-25 15:30:03.489 INFO  k.co.seoulit.common.aop.LoggerAspect - Controller  : kr.co.seoulit.reception.controller.ReceptionController.getReception()시작
2026-02-25 15:30:03.489 INFO  k.c.s.r.c.ReceptionController - Get reception request: id=22
2026-02-25 15:30:03.490 INFO  k.co.seoulit.common.aop.LoggerAspect - ServiceImpl  : kr.co.seoulit.reception.service.ReceptionServiceImpl.getReception()시작
2026-02-25 15:30:03.492 DEBUG org.hibernate.SQL - select re1_0.reception_id,re1_0.arrived_at,re1_0.cancel_reason_code,re1_0.cancel_reason_text,re1_0.created_at,re1_0.created_by,re1_0.department_id,re1_0.department_name,re1_0.doctor_id,re1_0.doctor_name,re1_0.hold_reason_code,re1_0.hold_reason_text,re1_0.inactive_at,re1_0.inactive_reason_code,re1_0.inactive_reason_text,re1_0.is_active,re1_0.note,re1_0.patient_id,re1_0.patient_name,re1_0.reception_no,re1_0.reservation_id,re1_0.scheduled_at,re1_0.status,re1_0.updated_at,re1_0.updated_by,re1_0.visit_type from reception re1_0 where re1_0.reception_id=?
2026-02-25 15:30:03.493 TRACE org.hibernate.orm.jdbc.bind - binding parameter (1:BIGINT) <- [22]
2026-02-25 15:30:03.508 INFO  k.co.seoulit.common.aop.LoggerAspect - kr.co.seoulit.reception.mapstruct.ReceptionResMapStructImpl.toDto()시작
2026-02-25 15:30:03.508 INFO  k.co.seoulit.common.aop.LoggerAspect - kr.co.seoulit.reception.mapstruct.ReceptionResMapStructImpl.toDto()종료
2026-02-25 15:30:03.508 INFO  k.co.seoulit.common.aop.LoggerAspect - ServiceImpl  : kr.co.seoulit.reception.service.ReceptionServiceImpl.getReception()종료
2026-02-25 15:30:03.517 INFO  k.co.seoulit.common.aop.LoggerAspect - Controller  : kr.co.seoulit.reception.controller.ReceptionController.getReception()종료
2026-02-25 15:46:50.795 INFO  k.co.seoulit.common.aop.LoggerAspect - Controller  : kr.co.seoulit.reception.controller.EmergencyReceptionController.getEmergencyReceptions()시작
2026-02-25 15:46:50.795 INFO  k.c.s.r.c.EmergencyReceptionController - 응급 접수 목록 요청: searchType=null, searchValue=null
2026-02-25 15:46:50.816 INFO  k.co.seoulit.common.aop.LoggerAspect - ServiceImpl  : kr.co.seoulit.reception.service.EmergencyReceptionServiceImpl.getEmergencyReceptionList()시작
2026-02-25 15:46:50.857 INFO  k.co.seoulit.common.aop.LoggerAspect - ServiceImpl  : kr.co.seoulit.reception.service.EmergencyReceptionServiceImpl.getEmergencyReceptionList()종료
2026-02-25 15:46:50.866 INFO  k.co.seoulit.common.aop.LoggerAspect - Controller  : kr.co.seoulit.reception.controller.EmergencyReceptionController.getEmergencyReceptions()종료
2026-02-25 15:46:50.894 INFO  k.co.seoulit.common.aop.LoggerAspect - Controller  : kr.co.seoulit.reception.controller.EmergencyReceptionController.getEmergencyReceptions()시작
2026-02-25 15:46:50.910 INFO  k.c.s.r.c.EmergencyReceptionController - 응급 접수 목록 요청: searchType=null, searchValue=null
2026-02-25 15:46:50.910 INFO  k.co.seoulit.common.aop.LoggerAspect - ServiceImpl  : kr.co.seoulit.reception.service.EmergencyReceptionServiceImpl.getEmergencyReceptionList()시작
2026-02-25 15:46:50.939 INFO  k.co.seoulit.common.aop.LoggerAspect - ServiceImpl  : kr.co.seoulit.reception.service.EmergencyReceptionServiceImpl.getEmergencyReceptionList()종료
2026-02-25 15:46:50.954 INFO  k.co.seoulit.common.aop.LoggerAspect - Controller  : kr.co.seoulit.reception.controller.EmergencyReceptionController.getEmergencyReceptions()종료
2026-02-25 15:46:53.224 INFO  k.co.seoulit.common.aop.LoggerAspect - Controller  : kr.co.seoulit.reception.controller.ReservationController.getReservations()시작
2026-02-25 15:46:53.224 INFO  k.c.s.r.c.ReservationController - 예약 목록 요청: searchType=null, searchValue=null
2026-02-25 15:46:53.236 INFO  k.co.seoulit.common.aop.LoggerAspect - ServiceImpl  : kr.co.seoulit.reception.service.ReservationServiceImpl.getReservationList()시작
2026-02-25 15:46:53.250 INFO  k.co.seoulit.common.aop.LoggerAspect - ServiceImpl  : kr.co.seoulit.reception.service.ReservationServiceImpl.getReservationList()종료
2026-02-25 15:46:53.272 INFO  k.co.seoulit.common.aop.LoggerAspect - Controller  : kr.co.seoulit.reception.controller.ReservationController.getReservations()종료
2026-02-25 15:46:53.279 INFO  k.co.seoulit.common.aop.LoggerAspect - Controller  : kr.co.seoulit.reception.controller.ReservationController.getReservations()시작
2026-02-25 15:46:53.279 INFO  k.c.s.r.c.ReservationController - 예약 목록 요청: searchType=null, searchValue=null
2026-02-25 15:46:53.280 INFO  k.co.seoulit.common.aop.LoggerAspect - ServiceImpl  : kr.co.seoulit.reception.service.ReservationServiceImpl.getReservationList()시작
2026-02-25 15:46:53.290 INFO  k.co.seoulit.common.aop.LoggerAspect - ServiceImpl  : kr.co.seoulit.reception.service.ReservationServiceImpl.getReservationList()종료
2026-02-25 15:46:53.302 INFO  k.co.seoulit.common.aop.LoggerAspect - Controller  : kr.co.seoulit.reception.controller.ReservationController.getReservations()종료
2026-02-25 16:04:17.426 INFO  k.co.seoulit.common.aop.LoggerAspect - Controller  : kr.co.seoulit.reception.controller.ReceptionController.getReceptions()시작
2026-02-25 16:04:17.426 INFO  k.co.seoulit.common.aop.LoggerAspect - Controller  : kr.co.seoulit.reception.controller.ReservationController.getReservations()시작
2026-02-25 16:04:17.427 INFO  k.c.s.r.c.ReservationController - 예약 목록 요청: searchType=null, searchValue=null
2026-02-25 16:04:17.427 INFO  k.c.s.r.c.ReceptionController - Reception list request: searchType=null, searchValue=null
2026-02-25 16:04:17.439 INFO  k.co.seoulit.common.aop.LoggerAspect - ServiceImpl  : kr.co.seoulit.reception.service.ReservationServiceImpl.getReservationList()시작
2026-02-25 16:04:17.440 INFO  k.co.seoulit.common.aop.LoggerAspect - ServiceImpl  : kr.co.seoulit.reception.service.ReceptionServiceImpl.getReceptionList()시작
2026-02-25 16:04:17.454 INFO  k.co.seoulit.common.aop.LoggerAspect - ServiceImpl  : kr.co.seoulit.reception.service.ReservationServiceImpl.getReservationList()종료
2026-02-25 16:04:17.469 INFO  k.co.seoulit.common.aop.LoggerAspect - Controller  : kr.co.seoulit.reception.controller.ReservationController.getReservations()종료
2026-02-25 16:04:17.470 INFO  k.co.seoulit.common.aop.LoggerAspect - ServiceImpl  : kr.co.seoulit.reception.service.ReceptionServiceImpl.getReceptionList()종료
2026-02-25 16:04:17.474 INFO  k.co.seoulit.common.aop.LoggerAspect - Controller  : kr.co.seoulit.reception.controller.ReservationController.getReservations()시작
2026-02-25 16:04:17.474 INFO  k.c.s.r.c.ReservationController - 예약 목록 요청: searchType=null, searchValue=null
2026-02-25 16:04:17.475 INFO  k.co.seoulit.common.aop.LoggerAspect - ServiceImpl  : kr.co.seoulit.reception.service.ReservationServiceImpl.getReservationList()시작
2026-02-25 16:04:17.478 INFO  k.co.seoulit.common.aop.LoggerAspect - Controller  : kr.co.seoulit.reception.controller.ReceptionController.getReceptions()종료
2026-02-25 16:04:17.483 INFO  k.co.seoulit.common.aop.LoggerAspect - Controller  : kr.co.seoulit.reception.controller.ReceptionController.getReceptions()시작
2026-02-25 16:04:17.483 INFO  k.c.s.r.c.ReceptionController - Reception list request: searchType=null, searchValue=null
2026-02-25 16:04:17.483 INFO  k.co.seoulit.common.aop.LoggerAspect - ServiceImpl  : kr.co.seoulit.reception.service.ReceptionServiceImpl.getReceptionList()시작
2026-02-25 16:04:17.486 INFO  k.co.seoulit.common.aop.LoggerAspect - ServiceImpl  : kr.co.seoulit.reception.service.ReservationServiceImpl.getReservationList()종료
2026-02-25 16:04:17.499 INFO  k.co.seoulit.common.aop.LoggerAspect - Controller  : kr.co.seoulit.reception.controller.ReservationController.getReservations()종료
2026-02-25 16:04:17.504 INFO  k.co.seoulit.common.aop.LoggerAspect - ServiceImpl  : kr.co.seoulit.reception.service.ReceptionServiceImpl.getReceptionList()종료
2026-02-25 16:04:17.512 INFO  k.co.seoulit.common.aop.LoggerAspect - Controller  : kr.co.seoulit.reception.controller.ReceptionController.getReceptions()종료
2026-02-25 16:04:17.526 INFO  k.co.seoulit.common.aop.LoggerAspect - Controller  : kr.co.seoulit.reception.controller.ReceptionController.getReceptions()시작
2026-02-25 16:04:17.527 INFO  k.c.s.r.c.ReceptionController - Reception list request: searchType=null, searchValue=null
2026-02-25 16:04:17.527 INFO  k.co.seoulit.common.aop.LoggerAspect - ServiceImpl  : kr.co.seoulit.reception.service.ReceptionServiceImpl.getReceptionList()시작
2026-02-25 16:04:17.555 INFO  k.co.seoulit.common.aop.LoggerAspect - ServiceImpl  : kr.co.seoulit.reception.service.ReceptionServiceImpl.getReceptionList()종료
2026-02-25 16:04:17.571 INFO  k.co.seoulit.common.aop.LoggerAspect - Controller  : kr.co.seoulit.reception.controller.ReceptionController.getReceptions()종료
2026-02-25 16:04:17.613 INFO  k.co.seoulit.common.aop.LoggerAspect - Controller  : kr.co.seoulit.reception.controller.ReceptionController.getReceptions()시작
2026-02-25 16:04:17.613 INFO  k.c.s.r.c.ReceptionController - Reception list request: searchType=null, searchValue=null
2026-02-25 16:04:17.613 INFO  k.co.seoulit.common.aop.LoggerAspect - ServiceImpl  : kr.co.seoulit.reception.service.ReceptionServiceImpl.getReceptionList()시작
2026-02-25 16:04:17.634 INFO  k.co.seoulit.common.aop.LoggerAspect - ServiceImpl  : kr.co.seoulit.reception.service.ReceptionServiceImpl.getReceptionList()종료
2026-02-25 16:04:17.644 INFO  k.co.seoulit.common.aop.LoggerAspect - Controller  : kr.co.seoulit.reception.controller.ReceptionController.getReceptions()종료
2026-02-25 16:11:57.634 INFO  k.co.seoulit.common.aop.LoggerAspect - Controller  : kr.co.seoulit.reception.controller.EmergencyReceptionController.getEmergencyReceptions()시작
2026-02-25 16:11:57.634 INFO  k.c.s.r.c.EmergencyReceptionController - 응급 접수 목록 요청: searchType=null, searchValue=null
2026-02-25 16:11:57.646 INFO  k.co.seoulit.common.aop.LoggerAspect - ServiceImpl  : kr.co.seoulit.reception.service.EmergencyReceptionServiceImpl.getEmergencyReceptionList()시작
2026-02-25 16:11:57.684 INFO  k.co.seoulit.common.aop.LoggerAspect - ServiceImpl  : kr.co.seoulit.reception.service.EmergencyReceptionServiceImpl.getEmergencyReceptionList()종료
2026-02-25 16:11:57.697 INFO  k.co.seoulit.common.aop.LoggerAspect - Controller  : kr.co.seoulit.reception.controller.EmergencyReceptionController.getEmergencyReceptions()종료
2026-02-25 16:11:57.706 INFO  k.co.seoulit.common.aop.LoggerAspect - Controller  : kr.co.seoulit.reception.controller.EmergencyReceptionController.getEmergencyReceptions()시작
2026-02-25 16:11:57.707 INFO  k.c.s.r.c.EmergencyReceptionController - 응급 접수 목록 요청: searchType=null, searchValue=null
2026-02-25 16:11:57.707 INFO  k.co.seoulit.common.aop.LoggerAspect - ServiceImpl  : kr.co.seoulit.reception.service.EmergencyReceptionServiceImpl.getEmergencyReceptionList()시작
2026-02-25 16:11:57.738 INFO  k.co.seoulit.common.aop.LoggerAspect - ServiceImpl  : kr.co.seoulit.reception.service.EmergencyReceptionServiceImpl.getEmergencyReceptionList()종료
2026-02-25 16:11:57.748 INFO  k.co.seoulit.common.aop.LoggerAspect - Controller  : kr.co.seoulit.reception.controller.EmergencyReceptionController.getEmergencyReceptions()종료
2026-02-25 16:11:59.005 INFO  k.co.seoulit.common.aop.LoggerAspect - Controller  : kr.co.seoulit.reception.controller.InpatientReceptionController.getInpatientReceptions()시작
2026-02-25 16:11:59.007 INFO  k.c.s.r.c.InpatientReceptionController - 입원 접수 목록 요청: searchType=null, searchValue=null
2026-02-25 16:11:59.024 INFO  k.co.seoulit.common.aop.LoggerAspect - ServiceImpl  : kr.co.seoulit.reception.service.InpatientReceptionServiceImpl.getInpatientReceptionList()시작
2026-02-25 16:11:59.052 INFO  k.co.seoulit.common.aop.LoggerAspect - ServiceImpl  : kr.co.seoulit.reception.service.InpatientReceptionServiceImpl.getInpatientReceptionList()종료
2026-02-25 16:11:59.061 INFO  k.co.seoulit.common.aop.LoggerAspect - Controller  : kr.co.seoulit.reception.controller.InpatientReceptionController.getInpatientReceptions()종료
2026-02-25 16:11:59.070 INFO  k.co.seoulit.common.aop.LoggerAspect - Controller  : kr.co.seoulit.reception.controller.InpatientReceptionController.getInpatientReceptions()시작
2026-02-25 16:11:59.071 INFO  k.c.s.r.c.InpatientReceptionController - 입원 접수 목록 요청: searchType=null, searchValue=null
2026-02-25 16:11:59.085 INFO  k.co.seoulit.common.aop.LoggerAspect - ServiceImpl  : kr.co.seoulit.reception.service.InpatientReceptionServiceImpl.getInpatientReceptionList()시작
2026-02-25 16:11:59.111 INFO  k.co.seoulit.common.aop.LoggerAspect - ServiceImpl  : kr.co.seoulit.reception.service.InpatientReceptionServiceImpl.getInpatientReceptionList()종료
2026-02-25 16:11:59.120 INFO  k.co.seoulit.common.aop.LoggerAspect - Controller  : kr.co.seoulit.reception.controller.InpatientReceptionController.getInpatientReceptions()종료
2026-02-25 16:20:14.088 INFO  k.co.seoulit.common.aop.LoggerAspect - Controller  : kr.co.seoulit.reception.controller.ReservationController.getReservations()시작
2026-02-25 16:20:14.088 INFO  k.c.s.r.c.ReservationController - 예약 목록 요청: searchType=null, searchValue=null
2026-02-25 16:20:14.090 INFO  k.co.seoulit.common.aop.LoggerAspect - Controller  : kr.co.seoulit.reception.controller.ReceptionController.getReceptions()시작
2026-02-25 16:20:14.091 INFO  k.c.s.r.c.ReceptionController - Reception list request: searchType=null, searchValue=null
2026-02-25 16:20:14.159 INFO  k.co.seoulit.common.aop.LoggerAspect - ServiceImpl  : kr.co.seoulit.reception.service.ReceptionServiceImpl.getReceptionList()시작
2026-02-25 16:20:14.160 INFO  k.co.seoulit.common.aop.LoggerAspect - ServiceImpl  : kr.co.seoulit.reception.service.ReservationServiceImpl.getReservationList()시작
2026-02-25 16:20:14.201 INFO  k.co.seoulit.common.aop.LoggerAspect - ServiceImpl  : kr.co.seoulit.reception.service.ReservationServiceImpl.getReservationList()종료
2026-02-25 16:20:14.269 INFO  k.co.seoulit.common.aop.LoggerAspect - ServiceImpl  : kr.co.seoulit.reception.service.ReceptionServiceImpl.getReceptionList()종료
2026-02-25 16:20:14.270 INFO  k.co.seoulit.common.aop.LoggerAspect - Controller  : kr.co.seoulit.reception.controller.ReservationController.getReservations()종료
2026-02-25 16:20:14.285 INFO  k.co.seoulit.common.aop.LoggerAspect - Controller  : kr.co.seoulit.reception.controller.ReservationController.getReservations()시작
2026-02-25 16:20:14.286 INFO  k.c.s.r.c.ReservationController - 예약 목록 요청: searchType=null, searchValue=null
2026-02-25 16:20:14.287 INFO  k.co.seoulit.common.aop.LoggerAspect - ServiceImpl  : kr.co.seoulit.reception.service.ReservationServiceImpl.getReservationList()시작
2026-02-25 16:20:14.311 INFO  k.co.seoulit.common.aop.LoggerAspect - Controller  : kr.co.seoulit.reception.controller.ReceptionController.getReceptions()종료
2026-02-25 16:20:14.317 INFO  k.co.seoulit.common.aop.LoggerAspect - Controller  : kr.co.seoulit.reception.controller.ReceptionController.getReceptions()시작
2026-02-25 16:20:14.317 INFO  k.c.s.r.c.ReceptionController - Reception list request: searchType=null, searchValue=null
2026-02-25 16:20:14.317 INFO  k.co.seoulit.common.aop.LoggerAspect - ServiceImpl  : kr.co.seoulit.reception.service.ReceptionServiceImpl.getReceptionList()시작
2026-02-25 16:20:14.345 INFO  k.co.seoulit.common.aop.LoggerAspect - ServiceImpl  : kr.co.seoulit.reception.service.ReservationServiceImpl.getReservationList()종료
2026-02-25 16:20:14.381 INFO  k.co.seoulit.common.aop.LoggerAspect - Controller  : kr.co.seoulit.reception.controller.ReservationController.getReservations()종료
2026-02-25 16:20:14.453 INFO  k.co.seoulit.common.aop.LoggerAspect - ServiceImpl  : kr.co.seoulit.reception.service.ReceptionServiceImpl.getReceptionList()종료
2026-02-25 16:20:14.524 INFO  k.co.seoulit.common.aop.LoggerAspect - Controller  : kr.co.seoulit.reception.controller.ReceptionController.getReceptions()종료
2026-02-25 16:20:14.530 INFO  k.co.seoulit.common.aop.LoggerAspect - Controller  : kr.co.seoulit.reception.controller.ReceptionController.getReceptions()시작
2026-02-25 16:20:14.531 INFO  k.c.s.r.c.ReceptionController - Reception list request: searchType=null, searchValue=null
2026-02-25 16:20:14.531 INFO  k.co.seoulit.common.aop.LoggerAspect - ServiceImpl  : kr.co.seoulit.reception.service.ReceptionServiceImpl.getReceptionList()시작
2026-02-25 16:20:14.614 INFO  k.co.seoulit.common.aop.LoggerAspect - ServiceImpl  : kr.co.seoulit.reception.service.ReceptionServiceImpl.getReceptionList()종료
2026-02-25 16:20:14.651 INFO  k.co.seoulit.common.aop.LoggerAspect - Controller  : kr.co.seoulit.reception.controller.ReceptionController.getReceptions()종료
2026-02-25 16:20:14.656 INFO  k.co.seoulit.common.aop.LoggerAspect - Controller  : kr.co.seoulit.reception.controller.ReceptionController.getReceptions()시작
2026-02-25 16:20:14.656 INFO  k.c.s.r.c.ReceptionController - Reception list request: searchType=null, searchValue=null
2026-02-25 16:20:14.656 INFO  k.co.seoulit.common.aop.LoggerAspect - ServiceImpl  : kr.co.seoulit.reception.service.ReceptionServiceImpl.getReceptionList()시작
2026-02-25 16:20:14.737 INFO  k.co.seoulit.common.aop.LoggerAspect - ServiceImpl  : kr.co.seoulit.reception.service.ReceptionServiceImpl.getReceptionList()종료
2026-02-25 16:20:14.774 INFO  k.co.seoulit.common.aop.LoggerAspect - Controller  : kr.co.seoulit.reception.controller.ReceptionController.getReceptions()종료
2026-02-25 16:36:12.822 INFO  k.co.seoulit.common.aop.LoggerAspect - Controller  : kr.co.seoulit.reception.controller.ReservationController.getReservations()시작
2026-02-25 16:36:12.822 INFO  k.c.s.r.c.ReservationController - 예약 목록 요청: searchType=null, searchValue=null
2026-02-25 16:36:12.844 INFO  k.co.seoulit.common.aop.LoggerAspect - ServiceImpl  : kr.co.seoulit.reception.service.ReservationServiceImpl.getReservationList()시작
2026-02-25 16:36:12.866 INFO  k.co.seoulit.common.aop.LoggerAspect - ServiceImpl  : kr.co.seoulit.reception.service.ReservationServiceImpl.getReservationList()종료
2026-02-25 16:36:12.876 INFO  k.co.seoulit.common.aop.LoggerAspect - Controller  : kr.co.seoulit.reception.controller.ReservationController.getReservations()종료
2026-02-25 16:36:12.909 INFO  k.co.seoulit.common.aop.LoggerAspect - Controller  : kr.co.seoulit.reception.controller.ReservationController.getReservations()시작
2026-02-25 16:36:12.909 INFO  k.c.s.r.c.ReservationController - 예약 목록 요청: searchType=null, searchValue=null
2026-02-25 16:36:12.910 INFO  k.co.seoulit.common.aop.LoggerAspect - ServiceImpl  : kr.co.seoulit.reception.service.ReservationServiceImpl.getReservationList()시작
2026-02-25 16:36:12.931 INFO  k.co.seoulit.common.aop.LoggerAspect - ServiceImpl  : kr.co.seoulit.reception.service.ReservationServiceImpl.getReservationList()종료
2026-02-25 16:36:12.943 INFO  k.co.seoulit.common.aop.LoggerAspect - Controller  : kr.co.seoulit.reception.controller.ReservationController.getReservations()종료
2026-02-25 16:36:19.497 INFO  k.co.seoulit.common.aop.LoggerAspect - Controller  : kr.co.seoulit.reception.controller.ReservationController.getReservations()시작
2026-02-25 16:36:19.497 INFO  k.c.s.r.c.ReservationController - 예약 목록 요청: searchType=null, searchValue=null
2026-02-25 16:36:19.514 INFO  k.co.seoulit.common.aop.LoggerAspect - ServiceImpl  : kr.co.seoulit.reception.service.ReservationServiceImpl.getReservationList()시작
2026-02-25 16:36:19.528 INFO  k.co.seoulit.common.aop.LoggerAspect - ServiceImpl  : kr.co.seoulit.reception.service.ReservationServiceImpl.getReservationList()종료
2026-02-25 16:36:19.542 INFO  k.co.seoulit.common.aop.LoggerAspect - Controller  : kr.co.seoulit.reception.controller.ReservationController.getReservations()종료
2026-02-25 16:36:19.579 INFO  k.co.seoulit.common.aop.LoggerAspect - Controller  : kr.co.seoulit.reception.controller.ReservationController.getReservations()시작
2026-02-25 16:36:19.579 INFO  k.c.s.r.c.ReservationController - 예약 목록 요청: searchType=null, searchValue=null
2026-02-25 16:36:19.579 INFO  k.co.seoulit.common.aop.LoggerAspect - ServiceImpl  : kr.co.seoulit.reception.service.ReservationServiceImpl.getReservationList()시작
2026-02-25 16:36:19.595 INFO  k.co.seoulit.common.aop.LoggerAspect - ServiceImpl  : kr.co.seoulit.reception.service.ReservationServiceImpl.getReservationList()종료
2026-02-25 16:36:19.606 INFO  k.co.seoulit.common.aop.LoggerAspect - Controller  : kr.co.seoulit.reception.controller.ReservationController.getReservations()종료
2026-02-25 16:36:21.637 INFO  k.co.seoulit.common.aop.LoggerAspect - Controller  : kr.co.seoulit.reception.controller.EmergencyReceptionController.getEmergencyReceptions()시작
2026-02-25 16:36:21.637 INFO  k.c.s.r.c.EmergencyReceptionController - 응급 접수 목록 요청: searchType=null, searchValue=null
2026-02-25 16:36:21.655 INFO  k.co.seoulit.common.aop.LoggerAspect - ServiceImpl  : kr.co.seoulit.reception.service.EmergencyReceptionServiceImpl.getEmergencyReceptionList()시작
2026-02-25 16:36:21.682 INFO  k.co.seoulit.common.aop.LoggerAspect - ServiceImpl  : kr.co.seoulit.reception.service.EmergencyReceptionServiceImpl.getEmergencyReceptionList()종료
2026-02-25 16:36:21.697 INFO  k.co.seoulit.common.aop.LoggerAspect - Controller  : kr.co.seoulit.reception.controller.EmergencyReceptionController.getEmergencyReceptions()종료
2026-02-25 16:36:21.734 INFO  k.co.seoulit.common.aop.LoggerAspect - Controller  : kr.co.seoulit.reception.controller.EmergencyReceptionController.getEmergencyReceptions()시작
2026-02-25 16:36:21.735 INFO  k.c.s.r.c.EmergencyReceptionController - 응급 접수 목록 요청: searchType=null, searchValue=null
2026-02-25 16:36:21.735 INFO  k.co.seoulit.common.aop.LoggerAspect - ServiceImpl  : kr.co.seoulit.reception.service.EmergencyReceptionServiceImpl.getEmergencyReceptionList()시작
2026-02-25 16:36:21.765 INFO  k.co.seoulit.common.aop.LoggerAspect - ServiceImpl  : kr.co.seoulit.reception.service.EmergencyReceptionServiceImpl.getEmergencyReceptionList()종료
2026-02-25 16:36:21.778 INFO  k.co.seoulit.common.aop.LoggerAspect - Controller  : kr.co.seoulit.reception.controller.EmergencyReceptionController.getEmergencyReceptions()종료
2026-02-25 16:36:31.768 INFO  k.co.seoulit.common.aop.LoggerAspect - Controller  : kr.co.seoulit.reception.controller.ReservationController.getReservations()시작
2026-02-25 16:36:31.768 INFO  k.c.s.r.c.ReservationController - 예약 목록 요청: searchType=null, searchValue=null
2026-02-25 16:36:31.779 INFO  k.co.seoulit.common.aop.LoggerAspect - ServiceImpl  : kr.co.seoulit.reception.service.ReservationServiceImpl.getReservationList()시작
2026-02-25 16:36:31.798 INFO  k.co.seoulit.common.aop.LoggerAspect - ServiceImpl  : kr.co.seoulit.reception.service.ReservationServiceImpl.getReservationList()종료
2026-02-25 16:36:31.814 INFO  k.co.seoulit.common.aop.LoggerAspect - Controller  : kr.co.seoulit.reception.controller.ReservationController.getReservations()종료
2026-02-25 16:36:31.845 INFO  k.co.seoulit.common.aop.LoggerAspect - Controller  : kr.co.seoulit.reception.controller.ReservationController.getReservations()시작
2026-02-25 16:36:31.845 INFO  k.c.s.r.c.ReservationController - 예약 목록 요청: searchType=null, searchValue=null
2026-02-25 16:36:31.845 INFO  k.co.seoulit.common.aop.LoggerAspect - ServiceImpl  : kr.co.seoulit.reception.service.ReservationServiceImpl.getReservationList()시작
2026-02-25 16:36:31.855 INFO  k.co.seoulit.common.aop.LoggerAspect - ServiceImpl  : kr.co.seoulit.reception.service.ReservationServiceImpl.getReservationList()종료
2026-02-25 16:36:31.869 INFO  k.co.seoulit.common.aop.LoggerAspect - Controller  : kr.co.seoulit.reception.controller.ReservationController.getReservations()종료
2026-02-25 16:37:16.506 INFO  k.co.seoulit.common.aop.LoggerAspect - Controller  : kr.co.seoulit.reception.controller.ReservationController.getReservations()시작
2026-02-25 16:37:16.508 INFO  k.c.s.r.c.ReservationController - 예약 목록 요청: searchType=null, searchValue=null
2026-02-25 16:37:16.512 INFO  k.co.seoulit.common.aop.LoggerAspect - Controller  : kr.co.seoulit.reception.controller.ReceptionController.getReceptions()시작
2026-02-25 16:37:16.513 INFO  k.c.s.r.c.ReceptionController - Reception list request: searchType=null, searchValue=null
2026-02-25 16:37:16.529 INFO  k.co.seoulit.common.aop.LoggerAspect - ServiceImpl  : kr.co.seoulit.reception.service.ReservationServiceImpl.getReservationList()시작
2026-02-25 16:37:16.529 INFO  k.co.seoulit.common.aop.LoggerAspect - ServiceImpl  : kr.co.seoulit.reception.service.ReceptionServiceImpl.getReceptionList()시작
2026-02-25 16:37:16.553 INFO  k.co.seoulit.common.aop.LoggerAspect - ServiceImpl  : kr.co.seoulit.reception.service.ReservationServiceImpl.getReservationList()종료
2026-02-25 16:37:16.565 INFO  k.co.seoulit.common.aop.LoggerAspect - Controller  : kr.co.seoulit.reception.controller.ReservationController.getReservations()종료
2026-02-25 16:37:16.571 INFO  k.co.seoulit.common.aop.LoggerAspect - Controller  : kr.co.seoulit.reception.controller.ReservationController.getReservations()시작
2026-02-25 16:37:16.571 INFO  k.c.s.r.c.ReservationController - 예약 목록 요청: searchType=null, searchValue=null
2026-02-25 16:37:16.580 INFO  k.co.seoulit.common.aop.LoggerAspect - ServiceImpl  : kr.co.seoulit.reception.service.ReceptionServiceImpl.getReceptionList()종료
2026-02-25 16:37:16.596 INFO  k.co.seoulit.common.aop.LoggerAspect - Controller  : kr.co.seoulit.reception.controller.ReceptionController.getReceptions()종료
2026-02-25 16:37:16.598 INFO  k.co.seoulit.common.aop.LoggerAspect - ServiceImpl  : kr.co.seoulit.reception.service.ReservationServiceImpl.getReservationList()시작
2026-02-25 16:37:16.602 INFO  k.co.seoulit.common.aop.LoggerAspect - Controller  : kr.co.seoulit.reception.controller.ReceptionController.getReceptions()시작
2026-02-25 16:37:16.602 INFO  k.c.s.r.c.ReceptionController - Reception list request: searchType=null, searchValue=null
2026-02-25 16:37:16.603 INFO  k.co.seoulit.common.aop.LoggerAspect - ServiceImpl  : kr.co.seoulit.reception.service.ReceptionServiceImpl.getReceptionList()시작
2026-02-25 16:37:16.613 INFO  k.co.seoulit.common.aop.LoggerAspect - ServiceImpl  : kr.co.seoulit.reception.service.ReservationServiceImpl.getReservationList()종료
2026-02-25 16:37:16.621 INFO  k.co.seoulit.common.aop.LoggerAspect - Controller  : kr.co.seoulit.reception.controller.ReservationController.getReservations()종료
2026-02-25 16:37:16.635 INFO  k.co.seoulit.common.aop.LoggerAspect - ServiceImpl  : kr.co.seoulit.reception.service.ReceptionServiceImpl.getReceptionList()종료
2026-02-25 16:37:16.652 INFO  k.co.seoulit.common.aop.LoggerAspect - Controller  : kr.co.seoulit.reception.controller.ReceptionController.getReceptions()종료
2026-02-25 16:37:16.662 INFO  k.co.seoulit.common.aop.LoggerAspect - Controller  : kr.co.seoulit.reception.controller.ReceptionController.getReceptions()시작
2026-02-25 16:37:16.662 INFO  k.c.s.r.c.ReceptionController - Reception list request: searchType=null, searchValue=null
2026-02-25 16:37:16.662 INFO  k.co.seoulit.common.aop.LoggerAspect - ServiceImpl  : kr.co.seoulit.reception.service.ReceptionServiceImpl.getReceptionList()시작
2026-02-25 16:37:16.697 INFO  k.co.seoulit.common.aop.LoggerAspect - ServiceImpl  : kr.co.seoulit.reception.service.ReceptionServiceImpl.getReceptionList()종료
2026-02-25 16:37:16.722 INFO  k.co.seoulit.common.aop.LoggerAspect - Controller  : kr.co.seoulit.reception.controller.ReceptionController.getReceptions()종료
2026-02-25 16:37:16.901 INFO  k.co.seoulit.common.aop.LoggerAspect - Controller  : kr.co.seoulit.reception.controller.ReceptionController.getReceptions()시작
2026-02-25 16:37:16.902 INFO  k.c.s.r.c.ReceptionController - Reception list request: searchType=null, searchValue=null
2026-02-25 16:37:16.903 INFO  k.co.seoulit.common.aop.LoggerAspect - ServiceImpl  : kr.co.seoulit.reception.service.ReceptionServiceImpl.getReceptionList()시작
2026-02-25 16:37:16.940 INFO  k.co.seoulit.common.aop.LoggerAspect - ServiceImpl  : kr.co.seoulit.reception.service.ReceptionServiceImpl.getReceptionList()종료
2026-02-25 16:37:16.961 INFO  k.co.seoulit.common.aop.LoggerAspect - Controller  : kr.co.seoulit.reception.controller.ReceptionController.getReceptions()종료
2026-02-25 16:38:10.599 INFO  k.co.seoulit.common.aop.LoggerAspect - Controller  : kr.co.seoulit.reception.controller.ReceptionController.getReceptions()시작
2026-02-25 16:38:10.599 INFO  k.c.s.r.c.ReceptionController - Reception list request: searchType=null, searchValue=null
2026-02-25 16:38:10.609 INFO  k.co.seoulit.common.aop.LoggerAspect - ServiceImpl  : kr.co.seoulit.reception.service.ReceptionServiceImpl.getReceptionList()시작
2026-02-25 16:38:10.639 INFO  k.co.seoulit.common.aop.LoggerAspect - ServiceImpl  : kr.co.seoulit.reception.service.ReceptionServiceImpl.getReceptionList()종료
2026-02-25 16:38:10.650 INFO  k.co.seoulit.common.aop.LoggerAspect - Controller  : kr.co.seoulit.reception.controller.ReceptionController.getReceptions()종료
2026-02-25 16:38:10.727 INFO  k.co.seoulit.common.aop.LoggerAspect - Controller  : kr.co.seoulit.reception.controller.ReceptionController.getReceptions()시작
2026-02-25 16:38:10.728 INFO  k.c.s.r.c.ReceptionController - Reception list request: searchType=null, searchValue=null
2026-02-25 16:38:10.728 INFO  k.co.seoulit.common.aop.LoggerAspect - ServiceImpl  : kr.co.seoulit.reception.service.ReceptionServiceImpl.getReceptionList()시작
2026-02-25 16:38:10.812 INFO  k.co.seoulit.common.aop.LoggerAspect - ServiceImpl  : kr.co.seoulit.reception.service.ReceptionServiceImpl.getReceptionList()종료
2026-02-25 16:38:10.850 INFO  k.co.seoulit.common.aop.LoggerAspect - Controller  : kr.co.seoulit.reception.controller.ReceptionController.getReceptions()종료
2026-02-25 16:38:11.004 INFO  k.co.seoulit.common.aop.LoggerAspect - Controller  : kr.co.seoulit.reception.controller.ReceptionController.getReception()시작
2026-02-25 16:38:11.005 INFO  k.c.s.r.c.ReceptionController - Get reception request: id=17
2026-02-25 16:38:11.007 INFO  k.co.seoulit.common.aop.LoggerAspect - ServiceImpl  : kr.co.seoulit.reception.service.ReceptionServiceImpl.getReception()시작
2026-02-25 16:38:11.015 DEBUG org.hibernate.SQL - select re1_0.reception_id,re1_0.arrived_at,re1_0.cancel_reason_code,re1_0.cancel_reason_text,re1_0.created_at,re1_0.created_by,re1_0.department_id,re1_0.department_name,re1_0.doctor_id,re1_0.doctor_name,re1_0.hold_reason_code,re1_0.hold_reason_text,re1_0.inactive_at,re1_0.inactive_reason_code,re1_0.inactive_reason_text,re1_0.is_active,re1_0.note,re1_0.patient_id,re1_0.patient_name,re1_0.reception_no,re1_0.reservation_id,re1_0.scheduled_at,re1_0.status,re1_0.updated_at,re1_0.updated_by,re1_0.visit_type from reception re1_0 where re1_0.reception_id=?
2026-02-25 16:38:11.016 TRACE org.hibernate.orm.jdbc.bind - binding parameter (1:BIGINT) <- [17]
2026-02-25 16:38:11.062 INFO  k.co.seoulit.common.aop.LoggerAspect - kr.co.seoulit.reception.mapstruct.ReceptionResMapStructImpl.toDto()시작
2026-02-25 16:38:11.063 INFO  k.co.seoulit.common.aop.LoggerAspect - kr.co.seoulit.reception.mapstruct.ReceptionResMapStructImpl.toDto()종료
2026-02-25 16:38:11.063 INFO  k.co.seoulit.common.aop.LoggerAspect - ServiceImpl  : kr.co.seoulit.reception.service.ReceptionServiceImpl.getReception()종료
2026-02-25 16:38:11.105 INFO  k.co.seoulit.common.aop.LoggerAspect - Controller  : kr.co.seoulit.reception.controller.ReceptionController.getReception()종료
2026-02-25 16:38:13.962 INFO  k.co.seoulit.common.aop.LoggerAspect - Controller  : kr.co.seoulit.reception.controller.EmergencyReceptionController.getEmergencyReceptions()시작
2026-02-25 16:38:13.962 INFO  k.c.s.r.c.EmergencyReceptionController - 응급 접수 목록 요청: searchType=null, searchValue=null
2026-02-25 16:38:13.979 INFO  k.co.seoulit.common.aop.LoggerAspect - ServiceImpl  : kr.co.seoulit.reception.service.EmergencyReceptionServiceImpl.getEmergencyReceptionList()시작
2026-02-25 16:38:14.027 INFO  k.co.seoulit.common.aop.LoggerAspect - ServiceImpl  : kr.co.seoulit.reception.service.EmergencyReceptionServiceImpl.getEmergencyReceptionList()종료
2026-02-25 16:38:14.044 INFO  k.co.seoulit.common.aop.LoggerAspect - Controller  : kr.co.seoulit.reception.controller.EmergencyReceptionController.getEmergencyReceptions()종료
2026-02-25 16:38:14.106 INFO  k.co.seoulit.common.aop.LoggerAspect - Controller  : kr.co.seoulit.reception.controller.EmergencyReceptionController.getEmergencyReceptions()시작
2026-02-25 16:38:14.106 INFO  k.c.s.r.c.EmergencyReceptionController - 응급 접수 목록 요청: searchType=null, searchValue=null
2026-02-25 16:38:14.106 INFO  k.co.seoulit.common.aop.LoggerAspect - ServiceImpl  : kr.co.seoulit.reception.service.EmergencyReceptionServiceImpl.getEmergencyReceptionList()시작
2026-02-25 16:38:14.136 INFO  k.co.seoulit.common.aop.LoggerAspect - ServiceImpl  : kr.co.seoulit.reception.service.EmergencyReceptionServiceImpl.getEmergencyReceptionList()종료
2026-02-25 16:38:14.147 INFO  k.co.seoulit.common.aop.LoggerAspect - Controller  : kr.co.seoulit.reception.controller.EmergencyReceptionController.getEmergencyReceptions()종료
2026-02-25 16:38:16.025 INFO  k.co.seoulit.common.aop.LoggerAspect - Controller  : kr.co.seoulit.reception.controller.ReservationController.getReservations()시작
2026-02-25 16:38:16.026 INFO  k.c.s.r.c.ReservationController - 예약 목록 요청: searchType=null, searchValue=null
2026-02-25 16:38:16.039 INFO  k.co.seoulit.common.aop.LoggerAspect - ServiceImpl  : kr.co.seoulit.reception.service.ReservationServiceImpl.getReservationList()시작
2026-02-25 16:38:16.053 INFO  k.co.seoulit.common.aop.LoggerAspect - ServiceImpl  : kr.co.seoulit.reception.service.ReservationServiceImpl.getReservationList()종료
2026-02-25 16:38:16.145 INFO  k.co.seoulit.common.aop.LoggerAspect - Controller  : kr.co.seoulit.reception.controller.ReservationController.getReservations()종료
2026-02-25 16:38:16.177 INFO  k.co.seoulit.common.aop.LoggerAspect - Controller  : kr.co.seoulit.reception.controller.ReservationController.getReservations()시작
2026-02-25 16:38:16.178 INFO  k.c.s.r.c.ReservationController - 예약 목록 요청: searchType=null, searchValue=null
2026-02-25 16:38:16.190 INFO  k.co.seoulit.common.aop.LoggerAspect - ServiceImpl  : kr.co.seoulit.reception.service.ReservationServiceImpl.getReservationList()시작
2026-02-25 16:38:16.206 INFO  k.co.seoulit.common.aop.LoggerAspect - ServiceImpl  : kr.co.seoulit.reception.service.ReservationServiceImpl.getReservationList()종료
2026-02-25 16:38:16.218 INFO  k.co.seoulit.common.aop.LoggerAspect - Controller  : kr.co.seoulit.reception.controller.ReservationController.getReservations()종료
2026-02-25 16:38:17.777 INFO  k.co.seoulit.common.aop.LoggerAspect - Controller  : kr.co.seoulit.reception.controller.InpatientReceptionController.getInpatientReceptions()시작
2026-02-25 16:38:17.777 INFO  k.c.s.r.c.InpatientReceptionController - 입원 접수 목록 요청: searchType=null, searchValue=null
2026-02-25 16:38:17.797 INFO  k.co.seoulit.common.aop.LoggerAspect - ServiceImpl  : kr.co.seoulit.reception.service.InpatientReceptionServiceImpl.getInpatientReceptionList()시작
2026-02-25 16:38:17.834 INFO  k.co.seoulit.common.aop.LoggerAspect - ServiceImpl  : kr.co.seoulit.reception.service.InpatientReceptionServiceImpl.getInpatientReceptionList()종료
2026-02-25 16:38:17.895 INFO  k.co.seoulit.common.aop.LoggerAspect - Controller  : kr.co.seoulit.reception.controller.InpatientReceptionController.getInpatientReceptions()종료
2026-02-25 16:38:17.960 INFO  k.co.seoulit.common.aop.LoggerAspect - Controller  : kr.co.seoulit.reception.controller.InpatientReceptionController.getInpatientReceptions()시작
2026-02-25 16:38:17.960 INFO  k.c.s.r.c.InpatientReceptionController - 입원 접수 목록 요청: searchType=null, searchValue=null
2026-02-25 16:38:17.960 INFO  k.co.seoulit.common.aop.LoggerAspect - ServiceImpl  : kr.co.seoulit.reception.service.InpatientReceptionServiceImpl.getInpatientReceptionList()시작
2026-02-25 16:38:18.017 INFO  k.co.seoulit.common.aop.LoggerAspect - ServiceImpl  : kr.co.seoulit.reception.service.InpatientReceptionServiceImpl.getInpatientReceptionList()종료
2026-02-25 16:38:18.080 INFO  k.co.seoulit.common.aop.LoggerAspect - Controller  : kr.co.seoulit.reception.controller.InpatientReceptionController.getInpatientReceptions()종료
2026-02-25 16:38:21.439 INFO  k.co.seoulit.common.aop.LoggerAspect - Controller  : kr.co.seoulit.reception.controller.ReservationController.getReservations()시작
2026-02-25 16:38:21.439 INFO  k.c.s.r.c.ReservationController - 예약 목록 요청: searchType=null, searchValue=null
2026-02-25 16:38:21.469 INFO  k.co.seoulit.common.aop.LoggerAspect - ServiceImpl  : kr.co.seoulit.reception.service.ReservationServiceImpl.getReservationList()시작
2026-02-25 16:38:21.482 INFO  k.co.seoulit.common.aop.LoggerAspect - ServiceImpl  : kr.co.seoulit.reception.service.ReservationServiceImpl.getReservationList()종료
2026-02-25 16:38:21.505 INFO  k.co.seoulit.common.aop.LoggerAspect - Controller  : kr.co.seoulit.reception.controller.ReservationController.getReservations()종료
2026-02-25 16:38:21.562 INFO  k.co.seoulit.common.aop.LoggerAspect - Controller  : kr.co.seoulit.reception.controller.ReservationController.getReservations()시작
2026-02-25 16:38:21.562 INFO  k.c.s.r.c.ReservationController - 예약 목록 요청: searchType=null, searchValue=null
2026-02-25 16:38:21.562 INFO  k.co.seoulit.common.aop.LoggerAspect - ServiceImpl  : kr.co.seoulit.reception.service.ReservationServiceImpl.getReservationList()시작
2026-02-25 16:38:21.573 INFO  k.co.seoulit.common.aop.LoggerAspect - ServiceImpl  : kr.co.seoulit.reception.service.ReservationServiceImpl.getReservationList()종료
2026-02-25 16:38:21.604 INFO  k.co.seoulit.common.aop.LoggerAspect - Controller  : kr.co.seoulit.reception.controller.ReservationController.getReservations()종료
2026-02-25 16:38:35.493 INFO  k.co.seoulit.common.aop.LoggerAspect - Controller  : kr.co.seoulit.reception.controller.ReservationController.getReservations()시작
2026-02-25 16:38:35.493 INFO  k.c.s.r.c.ReservationController - 예약 목록 요청: searchType=null, searchValue=null
2026-02-25 16:38:35.570 INFO  k.co.seoulit.common.aop.LoggerAspect - ServiceImpl  : kr.co.seoulit.reception.service.ReservationServiceImpl.getReservationList()시작
2026-02-25 16:38:35.611 INFO  k.co.seoulit.common.aop.LoggerAspect - ServiceImpl  : kr.co.seoulit.reception.service.ReservationServiceImpl.getReservationList()종료
2026-02-25 16:38:35.623 INFO  k.co.seoulit.common.aop.LoggerAspect - Controller  : kr.co.seoulit.reception.controller.ReservationController.getReservations()종료
2026-02-25 16:38:35.660 INFO  k.co.seoulit.common.aop.LoggerAspect - Controller  : kr.co.seoulit.reception.controller.ReservationController.getReservations()시작
2026-02-25 16:38:35.660 INFO  k.c.s.r.c.ReservationController - 예약 목록 요청: searchType=null, searchValue=null
2026-02-25 16:38:35.714 INFO  k.co.seoulit.common.aop.LoggerAspect - ServiceImpl  : kr.co.seoulit.reception.service.ReservationServiceImpl.getReservationList()시작
2026-02-25 16:38:35.737 INFO  k.co.seoulit.common.aop.LoggerAspect - ServiceImpl  : kr.co.seoulit.reception.service.ReservationServiceImpl.getReservationList()종료
2026-02-25 16:38:35.764 INFO  k.co.seoulit.common.aop.LoggerAspect - Controller  : kr.co.seoulit.reception.controller.ReservationController.getReservations()종료
2026-02-25 16:38:50.834 INFO  k.co.seoulit.common.aop.LoggerAspect - Controller  : kr.co.seoulit.reception.controller.ReceptionController.getReceptions()시작
2026-02-25 16:38:50.834 INFO  k.c.s.r.c.ReceptionController - Reception list request: searchType=null, searchValue=null
2026-02-25 16:38:50.857 INFO  k.co.seoulit.common.aop.LoggerAspect - ServiceImpl  : kr.co.seoulit.reception.service.ReceptionServiceImpl.getReceptionList()시작
2026-02-25 16:38:50.913 INFO  k.co.seoulit.common.aop.LoggerAspect - ServiceImpl  : kr.co.seoulit.reception.service.ReceptionServiceImpl.getReceptionList()종료
2026-02-25 16:38:50.931 INFO  k.co.seoulit.common.aop.LoggerAspect - Controller  : kr.co.seoulit.reception.controller.ReceptionController.getReceptions()종료
2026-02-25 16:38:50.993 INFO  k.co.seoulit.common.aop.LoggerAspect - Controller  : kr.co.seoulit.reception.controller.ReceptionController.getReceptions()시작
2026-02-25 16:38:50.993 INFO  k.c.s.r.c.ReceptionController - Reception list request: searchType=null, searchValue=null
2026-02-25 16:38:51.013 INFO  k.co.seoulit.common.aop.LoggerAspect - ServiceImpl  : kr.co.seoulit.reception.service.ReceptionServiceImpl.getReceptionList()시작
2026-02-25 16:38:51.048 INFO  k.co.seoulit.common.aop.LoggerAspect - ServiceImpl  : kr.co.seoulit.reception.service.ReceptionServiceImpl.getReceptionList()종료
2026-02-25 16:38:51.069 INFO  k.co.seoulit.common.aop.LoggerAspect - Controller  : kr.co.seoulit.reception.controller.ReceptionController.getReceptions()종료
2026-02-25 16:38:52.580 INFO  k.co.seoulit.common.aop.LoggerAspect - Controller  : kr.co.seoulit.reception.controller.ReceptionController.getReception()시작
2026-02-25 16:38:52.581 INFO  k.c.s.r.c.ReceptionController - Get reception request: id=18
2026-02-25 16:38:52.603 INFO  k.co.seoulit.common.aop.LoggerAspect - ServiceImpl  : kr.co.seoulit.reception.service.ReceptionServiceImpl.getReception()시작
2026-02-25 16:38:52.603 DEBUG org.hibernate.SQL - select re1_0.reception_id,re1_0.arrived_at,re1_0.cancel_reason_code,re1_0.cancel_reason_text,re1_0.created_at,re1_0.created_by,re1_0.department_id,re1_0.department_name,re1_0.doctor_id,re1_0.doctor_name,re1_0.hold_reason_code,re1_0.hold_reason_text,re1_0.inactive_at,re1_0.inactive_reason_code,re1_0.inactive_reason_text,re1_0.is_active,re1_0.note,re1_0.patient_id,re1_0.patient_name,re1_0.reception_no,re1_0.reservation_id,re1_0.scheduled_at,re1_0.status,re1_0.updated_at,re1_0.updated_by,re1_0.visit_type from reception re1_0 where re1_0.reception_id=?
2026-02-25 16:38:52.604 TRACE org.hibernate.orm.jdbc.bind - binding parameter (1:BIGINT) <- [18]
2026-02-25 16:38:52.620 INFO  k.co.seoulit.common.aop.LoggerAspect - kr.co.seoulit.reception.mapstruct.ReceptionResMapStructImpl.toDto()시작
2026-02-25 16:38:52.620 INFO  k.co.seoulit.common.aop.LoggerAspect - kr.co.seoulit.reception.mapstruct.ReceptionResMapStructImpl.toDto()종료
2026-02-25 16:38:52.620 INFO  k.co.seoulit.common.aop.LoggerAspect - ServiceImpl  : kr.co.seoulit.reception.service.ReceptionServiceImpl.getReception()종료
2026-02-25 16:38:52.633 INFO  k.co.seoulit.common.aop.LoggerAspect - Controller  : kr.co.seoulit.reception.controller.ReceptionController.getReception()종료
2026-02-25 16:38:53.820 INFO  k.co.seoulit.common.aop.LoggerAspect - Controller  : kr.co.seoulit.reception.controller.ReceptionController.getReception()시작
2026-02-25 16:38:53.820 INFO  k.c.s.r.c.ReceptionController - Get reception request: id=20
2026-02-25 16:38:53.861 INFO  k.co.seoulit.common.aop.LoggerAspect - ServiceImpl  : kr.co.seoulit.reception.service.ReceptionServiceImpl.getReception()시작
2026-02-25 16:38:53.862 DEBUG org.hibernate.SQL - select re1_0.reception_id,re1_0.arrived_at,re1_0.cancel_reason_code,re1_0.cancel_reason_text,re1_0.created_at,re1_0.created_by,re1_0.department_id,re1_0.department_name,re1_0.doctor_id,re1_0.doctor_name,re1_0.hold_reason_code,re1_0.hold_reason_text,re1_0.inactive_at,re1_0.inactive_reason_code,re1_0.inactive_reason_text,re1_0.is_active,re1_0.note,re1_0.patient_id,re1_0.patient_name,re1_0.reception_no,re1_0.reservation_id,re1_0.scheduled_at,re1_0.status,re1_0.updated_at,re1_0.updated_by,re1_0.visit_type from reception re1_0 where re1_0.reception_id=?
2026-02-25 16:38:53.862 TRACE org.hibernate.orm.jdbc.bind - binding parameter (1:BIGINT) <- [20]
2026-02-25 16:38:53.911 INFO  k.co.seoulit.common.aop.LoggerAspect - kr.co.seoulit.reception.mapstruct.ReceptionResMapStructImpl.toDto()시작
2026-02-25 16:38:53.911 INFO  k.co.seoulit.common.aop.LoggerAspect - kr.co.seoulit.reception.mapstruct.ReceptionResMapStructImpl.toDto()종료
2026-02-25 16:38:53.911 INFO  k.co.seoulit.common.aop.LoggerAspect - ServiceImpl  : kr.co.seoulit.reception.service.ReceptionServiceImpl.getReception()종료
2026-02-25 16:38:53.949 INFO  k.co.seoulit.common.aop.LoggerAspect - Controller  : kr.co.seoulit.reception.controller.ReceptionController.getReception()종료
2026-02-25 16:38:54.564 INFO  k.co.seoulit.common.aop.LoggerAspect - Controller  : kr.co.seoulit.reception.controller.ReceptionController.getReception()시작
2026-02-25 16:38:54.565 INFO  k.c.s.r.c.ReceptionController - Get reception request: id=28
2026-02-25 16:38:54.628 INFO  k.co.seoulit.common.aop.LoggerAspect - ServiceImpl  : kr.co.seoulit.reception.service.ReceptionServiceImpl.getReception()시작
2026-02-25 16:38:54.629 DEBUG org.hibernate.SQL - select re1_0.reception_id,re1_0.arrived_at,re1_0.cancel_reason_code,re1_0.cancel_reason_text,re1_0.created_at,re1_0.created_by,re1_0.department_id,re1_0.department_name,re1_0.doctor_id,re1_0.doctor_name,re1_0.hold_reason_code,re1_0.hold_reason_text,re1_0.inactive_at,re1_0.inactive_reason_code,re1_0.inactive_reason_text,re1_0.is_active,re1_0.note,re1_0.patient_id,re1_0.patient_name,re1_0.reception_no,re1_0.reservation_id,re1_0.scheduled_at,re1_0.status,re1_0.updated_at,re1_0.updated_by,re1_0.visit_type from reception re1_0 where re1_0.reception_id=?
2026-02-25 16:38:54.630 TRACE org.hibernate.orm.jdbc.bind - binding parameter (1:BIGINT) <- [28]
2026-02-25 16:38:54.675 INFO  k.co.seoulit.common.aop.LoggerAspect - kr.co.seoulit.reception.mapstruct.ReceptionResMapStructImpl.toDto()시작
2026-02-25 16:38:54.676 INFO  k.co.seoulit.common.aop.LoggerAspect - kr.co.seoulit.reception.mapstruct.ReceptionResMapStructImpl.toDto()종료
2026-02-25 16:38:54.676 INFO  k.co.seoulit.common.aop.LoggerAspect - ServiceImpl  : kr.co.seoulit.reception.service.ReceptionServiceImpl.getReception()종료
2026-02-25 16:38:54.707 INFO  k.co.seoulit.common.aop.LoggerAspect - Controller  : kr.co.seoulit.reception.controller.ReceptionController.getReception()종료
2026-02-25 16:38:55.195 INFO  k.co.seoulit.common.aop.LoggerAspect - Controller  : kr.co.seoulit.reception.controller.ReceptionController.getReception()시작
2026-02-25 16:38:55.195 INFO  k.c.s.r.c.ReceptionController - Get reception request: id=18
2026-02-25 16:38:55.195 INFO  k.co.seoulit.common.aop.LoggerAspect - ServiceImpl  : kr.co.seoulit.reception.service.ReceptionServiceImpl.getReception()시작
2026-02-25 16:38:55.197 DEBUG org.hibernate.SQL - select re1_0.reception_id,re1_0.arrived_at,re1_0.cancel_reason_code,re1_0.cancel_reason_text,re1_0.created_at,re1_0.created_by,re1_0.department_id,re1_0.department_name,re1_0.doctor_id,re1_0.doctor_name,re1_0.hold_reason_code,re1_0.hold_reason_text,re1_0.inactive_at,re1_0.inactive_reason_code,re1_0.inactive_reason_text,re1_0.is_active,re1_0.note,re1_0.patient_id,re1_0.patient_name,re1_0.reception_no,re1_0.reservation_id,re1_0.scheduled_at,re1_0.status,re1_0.updated_at,re1_0.updated_by,re1_0.visit_type from reception re1_0 where re1_0.reception_id=?
2026-02-25 16:38:55.199 TRACE org.hibernate.orm.jdbc.bind - binding parameter (1:BIGINT) <- [18]
2026-02-25 16:38:55.271 INFO  k.co.seoulit.common.aop.LoggerAspect - kr.co.seoulit.reception.mapstruct.ReceptionResMapStructImpl.toDto()시작
2026-02-25 16:38:55.271 INFO  k.co.seoulit.common.aop.LoggerAspect - kr.co.seoulit.reception.mapstruct.ReceptionResMapStructImpl.toDto()종료
2026-02-25 16:38:55.271 INFO  k.co.seoulit.common.aop.LoggerAspect - ServiceImpl  : kr.co.seoulit.reception.service.ReceptionServiceImpl.getReception()종료
2026-02-25 16:38:55.323 INFO  k.co.seoulit.common.aop.LoggerAspect - Controller  : kr.co.seoulit.reception.controller.ReceptionController.getReception()종료
2026-02-25 16:38:55.528 INFO  k.co.seoulit.common.aop.LoggerAspect - Controller  : kr.co.seoulit.reception.controller.ReceptionController.getReception()시작
2026-02-25 16:38:55.529 INFO  k.c.s.r.c.ReceptionController - Get reception request: id=22
2026-02-25 16:38:55.529 INFO  k.co.seoulit.common.aop.LoggerAspect - ServiceImpl  : kr.co.seoulit.reception.service.ReceptionServiceImpl.getReception()시작
2026-02-25 16:38:55.531 DEBUG org.hibernate.SQL - select re1_0.reception_id,re1_0.arrived_at,re1_0.cancel_reason_code,re1_0.cancel_reason_text,re1_0.created_at,re1_0.created_by,re1_0.department_id,re1_0.department_name,re1_0.doctor_id,re1_0.doctor_name,re1_0.hold_reason_code,re1_0.hold_reason_text,re1_0.inactive_at,re1_0.inactive_reason_code,re1_0.inactive_reason_text,re1_0.is_active,re1_0.note,re1_0.patient_id,re1_0.patient_name,re1_0.reception_no,re1_0.reservation_id,re1_0.scheduled_at,re1_0.status,re1_0.updated_at,re1_0.updated_by,re1_0.visit_type from reception re1_0 where re1_0.reception_id=?
2026-02-25 16:38:55.531 TRACE org.hibernate.orm.jdbc.bind - binding parameter (1:BIGINT) <- [22]
2026-02-25 16:38:55.561 INFO  k.co.seoulit.common.aop.LoggerAspect - kr.co.seoulit.reception.mapstruct.ReceptionResMapStructImpl.toDto()시작
2026-02-25 16:38:55.562 INFO  k.co.seoulit.common.aop.LoggerAspect - kr.co.seoulit.reception.mapstruct.ReceptionResMapStructImpl.toDto()종료
2026-02-25 16:38:55.562 INFO  k.co.seoulit.common.aop.LoggerAspect - ServiceImpl  : kr.co.seoulit.reception.service.ReceptionServiceImpl.getReception()종료
2026-02-25 16:38:55.605 INFO  k.co.seoulit.common.aop.LoggerAspect - Controller  : kr.co.seoulit.reception.controller.ReceptionController.getReception()종료
2026-02-25 16:38:56.916 INFO  k.co.seoulit.common.aop.LoggerAspect - Controller  : kr.co.seoulit.reception.controller.ReceptionController.getReception()시작
2026-02-25 16:38:56.917 INFO  k.c.s.r.c.ReceptionController - Get reception request: id=25
2026-02-25 16:38:56.960 INFO  k.co.seoulit.common.aop.LoggerAspect - ServiceImpl  : kr.co.seoulit.reception.service.ReceptionServiceImpl.getReception()시작
2026-02-25 16:38:56.962 DEBUG org.hibernate.SQL - select re1_0.reception_id,re1_0.arrived_at,re1_0.cancel_reason_code,re1_0.cancel_reason_text,re1_0.created_at,re1_0.created_by,re1_0.department_id,re1_0.department_name,re1_0.doctor_id,re1_0.doctor_name,re1_0.hold_reason_code,re1_0.hold_reason_text,re1_0.inactive_at,re1_0.inactive_reason_code,re1_0.inactive_reason_text,re1_0.is_active,re1_0.note,re1_0.patient_id,re1_0.patient_name,re1_0.reception_no,re1_0.reservation_id,re1_0.scheduled_at,re1_0.status,re1_0.updated_at,re1_0.updated_by,re1_0.visit_type from reception re1_0 where re1_0.reception_id=?
2026-02-25 16:38:56.963 TRACE org.hibernate.orm.jdbc.bind - binding parameter (1:BIGINT) <- [25]
2026-02-25 16:38:57.001 INFO  k.co.seoulit.common.aop.LoggerAspect - kr.co.seoulit.reception.mapstruct.ReceptionResMapStructImpl.toDto()시작
2026-02-25 16:38:57.001 INFO  k.co.seoulit.common.aop.LoggerAspect - kr.co.seoulit.reception.mapstruct.ReceptionResMapStructImpl.toDto()종료
2026-02-25 16:38:57.002 INFO  k.co.seoulit.common.aop.LoggerAspect - ServiceImpl  : kr.co.seoulit.reception.service.ReceptionServiceImpl.getReception()종료
2026-02-25 16:38:57.045 INFO  k.co.seoulit.common.aop.LoggerAspect - Controller  : kr.co.seoulit.reception.controller.ReceptionController.getReception()종료
2026-02-25 16:38:58.130 INFO  k.co.seoulit.common.aop.LoggerAspect - Controller  : kr.co.seoulit.reception.controller.ReceptionController.getReception()시작
2026-02-25 16:38:58.131 INFO  k.c.s.r.c.ReceptionController - Get reception request: id=20
2026-02-25 16:38:58.177 INFO  k.co.seoulit.common.aop.LoggerAspect - ServiceImpl  : kr.co.seoulit.reception.service.ReceptionServiceImpl.getReception()시작
2026-02-25 16:38:58.178 DEBUG org.hibernate.SQL - select re1_0.reception_id,re1_0.arrived_at,re1_0.cancel_reason_code,re1_0.cancel_reason_text,re1_0.created_at,re1_0.created_by,re1_0.department_id,re1_0.department_name,re1_0.doctor_id,re1_0.doctor_name,re1_0.hold_reason_code,re1_0.hold_reason_text,re1_0.inactive_at,re1_0.inactive_reason_code,re1_0.inactive_reason_text,re1_0.is_active,re1_0.note,re1_0.patient_id,re1_0.patient_name,re1_0.reception_no,re1_0.reservation_id,re1_0.scheduled_at,re1_0.status,re1_0.updated_at,re1_0.updated_by,re1_0.visit_type from reception re1_0 where re1_0.reception_id=?
2026-02-25 16:38:58.178 TRACE org.hibernate.orm.jdbc.bind - binding parameter (1:BIGINT) <- [20]
2026-02-25 16:38:58.226 INFO  k.co.seoulit.common.aop.LoggerAspect - kr.co.seoulit.reception.mapstruct.ReceptionResMapStructImpl.toDto()시작
2026-02-25 16:38:58.226 INFO  k.co.seoulit.common.aop.LoggerAspect - kr.co.seoulit.reception.mapstruct.ReceptionResMapStructImpl.toDto()종료
2026-02-25 16:38:58.226 INFO  k.co.seoulit.common.aop.LoggerAspect - ServiceImpl  : kr.co.seoulit.reception.service.ReceptionServiceImpl.getReception()종료
2026-02-25 16:38:58.269 INFO  k.co.seoulit.common.aop.LoggerAspect - Controller  : kr.co.seoulit.reception.controller.ReceptionController.getReception()종료
2026-02-25 16:38:58.917 INFO  k.co.seoulit.common.aop.LoggerAspect - Controller  : kr.co.seoulit.reception.controller.ReceptionController.getReception()시작
2026-02-25 16:38:58.918 INFO  k.c.s.r.c.ReceptionController - Get reception request: id=20
2026-02-25 16:38:58.960 INFO  k.co.seoulit.common.aop.LoggerAspect - ServiceImpl  : kr.co.seoulit.reception.service.ReceptionServiceImpl.getReception()시작
2026-02-25 16:38:58.961 DEBUG org.hibernate.SQL - select re1_0.reception_id,re1_0.arrived_at,re1_0.cancel_reason_code,re1_0.cancel_reason_text,re1_0.created_at,re1_0.created_by,re1_0.department_id,re1_0.department_name,re1_0.doctor_id,re1_0.doctor_name,re1_0.hold_reason_code,re1_0.hold_reason_text,re1_0.inactive_at,re1_0.inactive_reason_code,re1_0.inactive_reason_text,re1_0.is_active,re1_0.note,re1_0.patient_id,re1_0.patient_name,re1_0.reception_no,re1_0.reservation_id,re1_0.scheduled_at,re1_0.status,re1_0.updated_at,re1_0.updated_by,re1_0.visit_type from reception re1_0 where re1_0.reception_id=?
2026-02-25 16:38:58.961 TRACE org.hibernate.orm.jdbc.bind - binding parameter (1:BIGINT) <- [20]
2026-02-25 16:38:59.014 INFO  k.co.seoulit.common.aop.LoggerAspect - kr.co.seoulit.reception.mapstruct.ReceptionResMapStructImpl.toDto()시작
2026-02-25 16:38:59.015 INFO  k.co.seoulit.common.aop.LoggerAspect - kr.co.seoulit.reception.mapstruct.ReceptionResMapStructImpl.toDto()종료
2026-02-25 16:38:59.015 INFO  k.co.seoulit.common.aop.LoggerAspect - ServiceImpl  : kr.co.seoulit.reception.service.ReceptionServiceImpl.getReception()종료
2026-02-25 16:38:59.054 INFO  k.co.seoulit.common.aop.LoggerAspect - Controller  : kr.co.seoulit.reception.controller.ReceptionController.getReception()종료
2026-02-25 16:38:59.610 INFO  k.co.seoulit.common.aop.LoggerAspect - Controller  : kr.co.seoulit.reception.controller.ReceptionController.getReception()시작
2026-02-25 16:38:59.610 INFO  k.c.s.r.c.ReceptionController - Get reception request: id=20
2026-02-25 16:38:59.651 INFO  k.co.seoulit.common.aop.LoggerAspect - ServiceImpl  : kr.co.seoulit.reception.service.ReceptionServiceImpl.getReception()시작
2026-02-25 16:38:59.652 DEBUG org.hibernate.SQL - select re1_0.reception_id,re1_0.arrived_at,re1_0.cancel_reason_code,re1_0.cancel_reason_text,re1_0.created_at,re1_0.created_by,re1_0.department_id,re1_0.department_name,re1_0.doctor_id,re1_0.doctor_name,re1_0.hold_reason_code,re1_0.hold_reason_text,re1_0.inactive_at,re1_0.inactive_reason_code,re1_0.inactive_reason_text,re1_0.is_active,re1_0.note,re1_0.patient_id,re1_0.patient_name,re1_0.reception_no,re1_0.reservation_id,re1_0.scheduled_at,re1_0.status,re1_0.updated_at,re1_0.updated_by,re1_0.visit_type from reception re1_0 where re1_0.reception_id=?
2026-02-25 16:38:59.652 TRACE org.hibernate.orm.jdbc.bind - binding parameter (1:BIGINT) <- [20]
2026-02-25 16:38:59.690 INFO  k.co.seoulit.common.aop.LoggerAspect - kr.co.seoulit.reception.mapstruct.ReceptionResMapStructImpl.toDto()시작
2026-02-25 16:38:59.690 INFO  k.co.seoulit.common.aop.LoggerAspect - kr.co.seoulit.reception.mapstruct.ReceptionResMapStructImpl.toDto()종료
2026-02-25 16:38:59.690 INFO  k.co.seoulit.common.aop.LoggerAspect - ServiceImpl  : kr.co.seoulit.reception.service.ReceptionServiceImpl.getReception()종료
2026-02-25 16:38:59.744 INFO  k.co.seoulit.common.aop.LoggerAspect - Controller  : kr.co.seoulit.reception.controller.ReceptionController.getReception()종료
2026-02-25 16:39:00.444 INFO  k.co.seoulit.common.aop.LoggerAspect - Controller  : kr.co.seoulit.reception.controller.ReceptionController.getReception()시작
2026-02-25 16:39:00.444 INFO  k.c.s.r.c.ReceptionController - Get reception request: id=18
2026-02-25 16:39:00.482 INFO  k.co.seoulit.common.aop.LoggerAspect - ServiceImpl  : kr.co.seoulit.reception.service.ReceptionServiceImpl.getReception()시작
2026-02-25 16:39:00.483 DEBUG org.hibernate.SQL - select re1_0.reception_id,re1_0.arrived_at,re1_0.cancel_reason_code,re1_0.cancel_reason_text,re1_0.created_at,re1_0.created_by,re1_0.department_id,re1_0.department_name,re1_0.doctor_id,re1_0.doctor_name,re1_0.hold_reason_code,re1_0.hold_reason_text,re1_0.inactive_at,re1_0.inactive_reason_code,re1_0.inactive_reason_text,re1_0.is_active,re1_0.note,re1_0.patient_id,re1_0.patient_name,re1_0.reception_no,re1_0.reservation_id,re1_0.scheduled_at,re1_0.status,re1_0.updated_at,re1_0.updated_by,re1_0.visit_type from reception re1_0 where re1_0.reception_id=?
2026-02-25 16:39:00.483 TRACE org.hibernate.orm.jdbc.bind - binding parameter (1:BIGINT) <- [18]
2026-02-25 16:39:00.535 INFO  k.co.seoulit.common.aop.LoggerAspect - kr.co.seoulit.reception.mapstruct.ReceptionResMapStructImpl.toDto()시작
2026-02-25 16:39:00.536 INFO  k.co.seoulit.common.aop.LoggerAspect - kr.co.seoulit.reception.mapstruct.ReceptionResMapStructImpl.toDto()종료
2026-02-25 16:39:00.536 INFO  k.co.seoulit.common.aop.LoggerAspect - ServiceImpl  : kr.co.seoulit.reception.service.ReceptionServiceImpl.getReception()종료
2026-02-25 16:39:00.572 INFO  k.co.seoulit.common.aop.LoggerAspect - Controller  : kr.co.seoulit.reception.controller.ReceptionController.getReception()종료
2026-02-25 16:39:01.227 INFO  k.co.seoulit.common.aop.LoggerAspect - Controller  : kr.co.seoulit.reception.controller.ReceptionController.getReception()시작
2026-02-25 16:39:01.227 INFO  k.c.s.r.c.ReceptionController - Get reception request: id=18
2026-02-25 16:39:01.272 INFO  k.co.seoulit.common.aop.LoggerAspect - ServiceImpl  : kr.co.seoulit.reception.service.ReceptionServiceImpl.getReception()시작
2026-02-25 16:39:01.273 DEBUG org.hibernate.SQL - select re1_0.reception_id,re1_0.arrived_at,re1_0.cancel_reason_code,re1_0.cancel_reason_text,re1_0.created_at,re1_0.created_by,re1_0.department_id,re1_0.department_name,re1_0.doctor_id,re1_0.doctor_name,re1_0.hold_reason_code,re1_0.hold_reason_text,re1_0.inactive_at,re1_0.inactive_reason_code,re1_0.inactive_reason_text,re1_0.is_active,re1_0.note,re1_0.patient_id,re1_0.patient_name,re1_0.reception_no,re1_0.reservation_id,re1_0.scheduled_at,re1_0.status,re1_0.updated_at,re1_0.updated_by,re1_0.visit_type from reception re1_0 where re1_0.reception_id=?
2026-02-25 16:39:01.273 TRACE org.hibernate.orm.jdbc.bind - binding parameter (1:BIGINT) <- [18]
2026-02-25 16:39:01.317 INFO  k.co.seoulit.common.aop.LoggerAspect - kr.co.seoulit.reception.mapstruct.ReceptionResMapStructImpl.toDto()시작
2026-02-25 16:39:01.317 INFO  k.co.seoulit.common.aop.LoggerAspect - kr.co.seoulit.reception.mapstruct.ReceptionResMapStructImpl.toDto()종료
2026-02-25 16:39:01.317 INFO  k.co.seoulit.common.aop.LoggerAspect - ServiceImpl  : kr.co.seoulit.reception.service.ReceptionServiceImpl.getReception()종료
2026-02-25 16:39:01.370 INFO  k.co.seoulit.common.aop.LoggerAspect - Controller  : kr.co.seoulit.reception.controller.ReceptionController.getReception()종료
2026-02-25 16:39:01.973 INFO  k.co.seoulit.common.aop.LoggerAspect - Controller  : kr.co.seoulit.reception.controller.ReceptionController.getReception()시작
2026-02-25 16:39:01.973 INFO  k.c.s.r.c.ReceptionController - Get reception request: id=17
2026-02-25 16:39:01.993 INFO  k.co.seoulit.common.aop.LoggerAspect - ServiceImpl  : kr.co.seoulit.reception.service.ReceptionServiceImpl.getReception()시작
2026-02-25 16:39:01.993 DEBUG org.hibernate.SQL - select re1_0.reception_id,re1_0.arrived_at,re1_0.cancel_reason_code,re1_0.cancel_reason_text,re1_0.created_at,re1_0.created_by,re1_0.department_id,re1_0.department_name,re1_0.doctor_id,re1_0.doctor_name,re1_0.hold_reason_code,re1_0.hold_reason_text,re1_0.inactive_at,re1_0.inactive_reason_code,re1_0.inactive_reason_text,re1_0.is_active,re1_0.note,re1_0.patient_id,re1_0.patient_name,re1_0.reception_no,re1_0.reservation_id,re1_0.scheduled_at,re1_0.status,re1_0.updated_at,re1_0.updated_by,re1_0.visit_type from reception re1_0 where re1_0.reception_id=?
2026-02-25 16:39:01.994 TRACE org.hibernate.orm.jdbc.bind - binding parameter (1:BIGINT) <- [17]
2026-02-25 16:39:02.009 INFO  k.co.seoulit.common.aop.LoggerAspect - kr.co.seoulit.reception.mapstruct.ReceptionResMapStructImpl.toDto()시작
2026-02-25 16:39:02.009 INFO  k.co.seoulit.common.aop.LoggerAspect - kr.co.seoulit.reception.mapstruct.ReceptionResMapStructImpl.toDto()종료
2026-02-25 16:39:02.009 INFO  k.co.seoulit.common.aop.LoggerAspect - ServiceImpl  : kr.co.seoulit.reception.service.ReceptionServiceImpl.getReception()종료
2026-02-25 16:39:02.020 INFO  k.co.seoulit.common.aop.LoggerAspect - Controller  : kr.co.seoulit.reception.controller.ReceptionController.getReception()종료
2026-02-25 16:39:02.917 INFO  k.co.seoulit.common.aop.LoggerAspect - Controller  : kr.co.seoulit.reception.controller.ReceptionController.getReception()시작
2026-02-25 16:39:02.917 INFO  k.c.s.r.c.ReceptionController - Get reception request: id=25
2026-02-25 16:39:02.936 INFO  k.co.seoulit.common.aop.LoggerAspect - ServiceImpl  : kr.co.seoulit.reception.service.ReceptionServiceImpl.getReception()시작
2026-02-25 16:39:02.938 DEBUG org.hibernate.SQL - select re1_0.reception_id,re1_0.arrived_at,re1_0.cancel_reason_code,re1_0.cancel_reason_text,re1_0.created_at,re1_0.created_by,re1_0.department_id,re1_0.department_name,re1_0.doctor_id,re1_0.doctor_name,re1_0.hold_reason_code,re1_0.hold_reason_text,re1_0.inactive_at,re1_0.inactive_reason_code,re1_0.inactive_reason_text,re1_0.is_active,re1_0.note,re1_0.patient_id,re1_0.patient_name,re1_0.reception_no,re1_0.reservation_id,re1_0.scheduled_at,re1_0.status,re1_0.updated_at,re1_0.updated_by,re1_0.visit_type from reception re1_0 where re1_0.reception_id=?
2026-02-25 16:39:02.940 TRACE org.hibernate.orm.jdbc.bind - binding parameter (1:BIGINT) <- [25]
2026-02-25 16:39:02.981 INFO  k.co.seoulit.common.aop.LoggerAspect - kr.co.seoulit.reception.mapstruct.ReceptionResMapStructImpl.toDto()시작
2026-02-25 16:39:02.982 INFO  k.co.seoulit.common.aop.LoggerAspect - kr.co.seoulit.reception.mapstruct.ReceptionResMapStructImpl.toDto()종료
2026-02-25 16:39:02.982 INFO  k.co.seoulit.common.aop.LoggerAspect - ServiceImpl  : kr.co.seoulit.reception.service.ReceptionServiceImpl.getReception()종료
2026-02-25 16:39:03.009 INFO  k.co.seoulit.common.aop.LoggerAspect - Controller  : kr.co.seoulit.reception.controller.ReceptionController.getReception()종료
2026-02-25 16:39:03.594 INFO  k.co.seoulit.common.aop.LoggerAspect - Controller  : kr.co.seoulit.reception.controller.ReceptionController.getReception()시작
2026-02-25 16:39:03.594 INFO  k.c.s.r.c.ReceptionController - Get reception request: id=27
2026-02-25 16:39:03.618 INFO  k.co.seoulit.common.aop.LoggerAspect - ServiceImpl  : kr.co.seoulit.reception.service.ReceptionServiceImpl.getReception()시작
2026-02-25 16:39:03.619 DEBUG org.hibernate.SQL - select re1_0.reception_id,re1_0.arrived_at,re1_0.cancel_reason_code,re1_0.cancel_reason_text,re1_0.created_at,re1_0.created_by,re1_0.department_id,re1_0.department_name,re1_0.doctor_id,re1_0.doctor_name,re1_0.hold_reason_code,re1_0.hold_reason_text,re1_0.inactive_at,re1_0.inactive_reason_code,re1_0.inactive_reason_text,re1_0.is_active,re1_0.note,re1_0.patient_id,re1_0.patient_name,re1_0.reception_no,re1_0.reservation_id,re1_0.scheduled_at,re1_0.status,re1_0.updated_at,re1_0.updated_by,re1_0.visit_type from reception re1_0 where re1_0.reception_id=?
2026-02-25 16:39:03.619 TRACE org.hibernate.orm.jdbc.bind - binding parameter (1:BIGINT) <- [27]
2026-02-25 16:39:03.631 INFO  k.co.seoulit.common.aop.LoggerAspect - kr.co.seoulit.reception.mapstruct.ReceptionResMapStructImpl.toDto()시작
2026-02-25 16:39:03.631 INFO  k.co.seoulit.common.aop.LoggerAspect - kr.co.seoulit.reception.mapstruct.ReceptionResMapStructImpl.toDto()종료
2026-02-25 16:39:03.631 INFO  k.co.seoulit.common.aop.LoggerAspect - ServiceImpl  : kr.co.seoulit.reception.service.ReceptionServiceImpl.getReception()종료
2026-02-25 16:39:03.641 INFO  k.co.seoulit.common.aop.LoggerAspect - Controller  : kr.co.seoulit.reception.controller.ReceptionController.getReception()종료
2026-02-25 16:39:04.053 INFO  k.co.seoulit.common.aop.LoggerAspect - Controller  : kr.co.seoulit.reception.controller.ReceptionController.getReception()시작
2026-02-25 16:39:04.053 INFO  k.c.s.r.c.ReceptionController - Get reception request: id=28
2026-02-25 16:39:04.054 INFO  k.co.seoulit.common.aop.LoggerAspect - ServiceImpl  : kr.co.seoulit.reception.service.ReceptionServiceImpl.getReception()시작
2026-02-25 16:39:04.054 DEBUG org.hibernate.SQL - select re1_0.reception_id,re1_0.arrived_at,re1_0.cancel_reason_code,re1_0.cancel_reason_text,re1_0.created_at,re1_0.created_by,re1_0.department_id,re1_0.department_name,re1_0.doctor_id,re1_0.doctor_name,re1_0.hold_reason_code,re1_0.hold_reason_text,re1_0.inactive_at,re1_0.inactive_reason_code,re1_0.inactive_reason_text,re1_0.is_active,re1_0.note,re1_0.patient_id,re1_0.patient_name,re1_0.reception_no,re1_0.reservation_id,re1_0.scheduled_at,re1_0.status,re1_0.updated_at,re1_0.updated_by,re1_0.visit_type from reception re1_0 where re1_0.reception_id=?
2026-02-25 16:39:04.055 TRACE org.hibernate.orm.jdbc.bind - binding parameter (1:BIGINT) <- [28]
2026-02-25 16:39:04.115 INFO  k.co.seoulit.common.aop.LoggerAspect - kr.co.seoulit.reception.mapstruct.ReceptionResMapStructImpl.toDto()시작
2026-02-25 16:39:04.115 INFO  k.co.seoulit.common.aop.LoggerAspect - kr.co.seoulit.reception.mapstruct.ReceptionResMapStructImpl.toDto()종료
2026-02-25 16:39:04.115 INFO  k.co.seoulit.common.aop.LoggerAspect - ServiceImpl  : kr.co.seoulit.reception.service.ReceptionServiceImpl.getReception()종료
2026-02-25 16:39:04.206 INFO  k.co.seoulit.common.aop.LoggerAspect - Controller  : kr.co.seoulit.reception.controller.ReceptionController.getReception()종료
2026-02-25 16:39:04.539 INFO  k.co.seoulit.common.aop.LoggerAspect - Controller  : kr.co.seoulit.reception.controller.ReceptionController.getReception()시작
2026-02-25 16:39:04.539 INFO  k.c.s.r.c.ReceptionController - Get reception request: id=31
2026-02-25 16:39:04.539 INFO  k.co.seoulit.common.aop.LoggerAspect - ServiceImpl  : kr.co.seoulit.reception.service.ReceptionServiceImpl.getReception()시작
2026-02-25 16:39:04.540 DEBUG org.hibernate.SQL - select re1_0.reception_id,re1_0.arrived_at,re1_0.cancel_reason_code,re1_0.cancel_reason_text,re1_0.created_at,re1_0.created_by,re1_0.department_id,re1_0.department_name,re1_0.doctor_id,re1_0.doctor_name,re1_0.hold_reason_code,re1_0.hold_reason_text,re1_0.inactive_at,re1_0.inactive_reason_code,re1_0.inactive_reason_text,re1_0.is_active,re1_0.note,re1_0.patient_id,re1_0.patient_name,re1_0.reception_no,re1_0.reservation_id,re1_0.scheduled_at,re1_0.status,re1_0.updated_at,re1_0.updated_by,re1_0.visit_type from reception re1_0 where re1_0.reception_id=?
2026-02-25 16:39:04.540 TRACE org.hibernate.orm.jdbc.bind - binding parameter (1:BIGINT) <- [31]
2026-02-25 16:39:04.557 INFO  k.co.seoulit.common.aop.LoggerAspect - kr.co.seoulit.reception.mapstruct.ReceptionResMapStructImpl.toDto()시작
2026-02-25 16:39:04.557 INFO  k.co.seoulit.common.aop.LoggerAspect - kr.co.seoulit.reception.mapstruct.ReceptionResMapStructImpl.toDto()종료
2026-02-25 16:39:04.557 INFO  k.co.seoulit.common.aop.LoggerAspect - ServiceImpl  : kr.co.seoulit.reception.service.ReceptionServiceImpl.getReception()종료
2026-02-25 16:39:04.574 INFO  k.co.seoulit.common.aop.LoggerAspect - Controller  : kr.co.seoulit.reception.controller.ReceptionController.getReception()종료
2026-02-25 16:39:07.810 INFO  k.co.seoulit.common.aop.LoggerAspect - Controller  : kr.co.seoulit.reception.controller.ReservationController.getReservations()시작
2026-02-25 16:39:07.810 INFO  k.c.s.r.c.ReservationController - 예약 목록 요청: searchType=null, searchValue=null
2026-02-25 16:39:07.827 INFO  k.co.seoulit.common.aop.LoggerAspect - ServiceImpl  : kr.co.seoulit.reception.service.ReservationServiceImpl.getReservationList()시작
2026-02-25 16:39:07.850 INFO  k.co.seoulit.common.aop.LoggerAspect - ServiceImpl  : kr.co.seoulit.reception.service.ReservationServiceImpl.getReservationList()종료
2026-02-25 16:39:07.860 INFO  k.co.seoulit.common.aop.LoggerAspect - Controller  : kr.co.seoulit.reception.controller.ReservationController.getReservations()종료
2026-02-25 16:39:07.922 INFO  k.co.seoulit.common.aop.LoggerAspect - Controller  : kr.co.seoulit.reception.controller.ReservationController.getReservations()시작
2026-02-25 16:39:07.922 INFO  k.c.s.r.c.ReservationController - 예약 목록 요청: searchType=null, searchValue=null
2026-02-25 16:39:07.950 INFO  k.co.seoulit.common.aop.LoggerAspect - ServiceImpl  : kr.co.seoulit.reception.service.ReservationServiceImpl.getReservationList()시작
2026-02-25 16:39:07.961 INFO  k.co.seoulit.common.aop.LoggerAspect - ServiceImpl  : kr.co.seoulit.reception.service.ReservationServiceImpl.getReservationList()종료
2026-02-25 16:39:07.973 INFO  k.co.seoulit.common.aop.LoggerAspect - Controller  : kr.co.seoulit.reception.controller.ReservationController.getReservations()종료
2026-02-25 16:39:27.761 INFO  k.co.seoulit.common.aop.LoggerAspect - Controller  : kr.co.seoulit.reception.controller.ReceptionController.getReceptions()시작
2026-02-25 16:39:27.761 INFO  k.c.s.r.c.ReceptionController - Reception list request: searchType=null, searchValue=null
2026-02-25 16:39:27.772 INFO  k.co.seoulit.common.aop.LoggerAspect - ServiceImpl  : kr.co.seoulit.reception.service.ReceptionServiceImpl.getReceptionList()시작
2026-02-25 16:39:27.814 INFO  k.co.seoulit.common.aop.LoggerAspect - ServiceImpl  : kr.co.seoulit.reception.service.ReceptionServiceImpl.getReceptionList()종료
2026-02-25 16:39:27.830 INFO  k.co.seoulit.common.aop.LoggerAspect - Controller  : kr.co.seoulit.reception.controller.ReceptionController.getReceptions()종료
2026-02-25 16:39:27.950 INFO  k.co.seoulit.common.aop.LoggerAspect - Controller  : kr.co.seoulit.reception.controller.ReceptionController.getReception()시작
2026-02-25 16:39:27.951 INFO  k.c.s.r.c.ReceptionController - Get reception request: id=17
2026-02-25 16:39:27.965 INFO  k.co.seoulit.common.aop.LoggerAspect - ServiceImpl  : kr.co.seoulit.reception.service.ReceptionServiceImpl.getReception()시작
2026-02-25 16:39:27.966 DEBUG org.hibernate.SQL - select re1_0.reception_id,re1_0.arrived_at,re1_0.cancel_reason_code,re1_0.cancel_reason_text,re1_0.created_at,re1_0.created_by,re1_0.department_id,re1_0.department_name,re1_0.doctor_id,re1_0.doctor_name,re1_0.hold_reason_code,re1_0.hold_reason_text,re1_0.inactive_at,re1_0.inactive_reason_code,re1_0.inactive_reason_text,re1_0.is_active,re1_0.note,re1_0.patient_id,re1_0.patient_name,re1_0.reception_no,re1_0.reservation_id,re1_0.scheduled_at,re1_0.status,re1_0.updated_at,re1_0.updated_by,re1_0.visit_type from reception re1_0 where re1_0.reception_id=?
2026-02-25 16:39:27.966 TRACE org.hibernate.orm.jdbc.bind - binding parameter (1:BIGINT) <- [17]
2026-02-25 16:39:27.987 INFO  k.co.seoulit.common.aop.LoggerAspect - kr.co.seoulit.reception.mapstruct.ReceptionResMapStructImpl.toDto()시작
2026-02-25 16:39:27.987 INFO  k.co.seoulit.common.aop.LoggerAspect - kr.co.seoulit.reception.mapstruct.ReceptionResMapStructImpl.toDto()종료
2026-02-25 16:39:27.987 INFO  k.co.seoulit.common.aop.LoggerAspect - ServiceImpl  : kr.co.seoulit.reception.service.ReceptionServiceImpl.getReception()종료
2026-02-25 16:39:28.008 INFO  k.co.seoulit.common.aop.LoggerAspect - Controller  : kr.co.seoulit.reception.controller.ReceptionController.getReception()종료
2026-02-25 16:39:48.641 INFO  k.co.seoulit.common.aop.LoggerAspect - Controller  : kr.co.seoulit.reception.controller.ReceptionController.getReceptions()시작
2026-02-25 16:39:48.641 INFO  k.c.s.r.c.ReceptionController - Reception list request: searchType=null, searchValue=null
2026-02-25 16:39:48.654 INFO  k.co.seoulit.common.aop.LoggerAspect - ServiceImpl  : kr.co.seoulit.reception.service.ReceptionServiceImpl.getReceptionList()시작
2026-02-25 16:39:48.693 INFO  k.co.seoulit.common.aop.LoggerAspect - ServiceImpl  : kr.co.seoulit.reception.service.ReceptionServiceImpl.getReceptionList()종료
2026-02-25 16:39:48.706 INFO  k.co.seoulit.common.aop.LoggerAspect - Controller  : kr.co.seoulit.reception.controller.ReceptionController.getReceptions()종료
2026-02-25 16:39:51.537 INFO  k.co.seoulit.common.aop.LoggerAspect - Controller  : kr.co.seoulit.reception.controller.ReceptionController.getReceptions()시작
2026-02-25 16:39:51.537 INFO  k.c.s.r.c.ReceptionController - Reception list request: searchType=null, searchValue=null
2026-02-25 16:39:51.549 INFO  k.co.seoulit.common.aop.LoggerAspect - ServiceImpl  : kr.co.seoulit.reception.service.ReceptionServiceImpl.getReceptionList()시작
2026-02-25 16:39:51.592 INFO  k.co.seoulit.common.aop.LoggerAspect - ServiceImpl  : kr.co.seoulit.reception.service.ReceptionServiceImpl.getReceptionList()종료
2026-02-25 16:39:51.646 INFO  k.co.seoulit.common.aop.LoggerAspect - Controller  : kr.co.seoulit.reception.controller.ReceptionController.getReceptions()종료
2026-02-25 16:39:52.009 INFO  k.co.seoulit.common.aop.LoggerAspect - Controller  : kr.co.seoulit.reception.controller.ReceptionController.getReception()시작
2026-02-25 16:39:52.010 INFO  k.c.s.r.c.ReceptionController - Get reception request: id=17
2026-02-25 16:39:52.010 INFO  k.co.seoulit.common.aop.LoggerAspect - ServiceImpl  : kr.co.seoulit.reception.service.ReceptionServiceImpl.getReception()시작
2026-02-25 16:39:52.010 DEBUG org.hibernate.SQL - select re1_0.reception_id,re1_0.arrived_at,re1_0.cancel_reason_code,re1_0.cancel_reason_text,re1_0.created_at,re1_0.created_by,re1_0.department_id,re1_0.department_name,re1_0.doctor_id,re1_0.doctor_name,re1_0.hold_reason_code,re1_0.hold_reason_text,re1_0.inactive_at,re1_0.inactive_reason_code,re1_0.inactive_reason_text,re1_0.is_active,re1_0.note,re1_0.patient_id,re1_0.patient_name,re1_0.reception_no,re1_0.reservation_id,re1_0.scheduled_at,re1_0.status,re1_0.updated_at,re1_0.updated_by,re1_0.visit_type from reception re1_0 where re1_0.reception_id=?
2026-02-25 16:39:52.011 TRACE org.hibernate.orm.jdbc.bind - binding parameter (1:BIGINT) <- [17]
2026-02-25 16:39:52.031 INFO  k.co.seoulit.common.aop.LoggerAspect - kr.co.seoulit.reception.mapstruct.ReceptionResMapStructImpl.toDto()시작
2026-02-25 16:39:52.031 INFO  k.co.seoulit.common.aop.LoggerAspect - kr.co.seoulit.reception.mapstruct.ReceptionResMapStructImpl.toDto()종료
2026-02-25 16:39:52.032 INFO  k.co.seoulit.common.aop.LoggerAspect - ServiceImpl  : kr.co.seoulit.reception.service.ReceptionServiceImpl.getReception()종료
2026-02-25 16:39:52.048 INFO  k.co.seoulit.common.aop.LoggerAspect - Controller  : kr.co.seoulit.reception.controller.ReceptionController.getReception()종료
2026-02-25 16:39:55.037 INFO  k.co.seoulit.common.aop.LoggerAspect - Controller  : kr.co.seoulit.reception.controller.ReceptionController.getReceptions()시작
2026-02-25 16:39:55.037 INFO  k.c.s.r.c.ReceptionController - Reception list request: searchType=null, searchValue=null
2026-02-25 16:39:55.051 INFO  k.co.seoulit.common.aop.LoggerAspect - ServiceImpl  : kr.co.seoulit.reception.service.ReceptionServiceImpl.getReceptionList()시작
2026-02-25 16:39:55.145 INFO  k.co.seoulit.common.aop.LoggerAspect - ServiceImpl  : kr.co.seoulit.reception.service.ReceptionServiceImpl.getReceptionList()종료
2026-02-25 16:39:55.188 INFO  k.co.seoulit.common.aop.LoggerAspect - Controller  : kr.co.seoulit.reception.controller.ReceptionController.getReceptions()종료
2026-02-25 16:39:55.201 INFO  k.co.seoulit.common.aop.LoggerAspect - Controller  : kr.co.seoulit.reception.controller.ReceptionController.getReceptions()시작
2026-02-25 16:39:55.201 INFO  k.c.s.r.c.ReceptionController - Reception list request: searchType=null, searchValue=null
2026-02-25 16:39:55.202 INFO  k.co.seoulit.common.aop.LoggerAspect - ServiceImpl  : kr.co.seoulit.reception.service.ReceptionServiceImpl.getReceptionList()시작
2026-02-25 16:39:55.232 INFO  k.co.seoulit.common.aop.LoggerAspect - ServiceImpl  : kr.co.seoulit.reception.service.ReceptionServiceImpl.getReceptionList()종료
2026-02-25 16:39:55.251 INFO  k.co.seoulit.common.aop.LoggerAspect - Controller  : kr.co.seoulit.reception.controller.ReceptionController.getReceptions()종료
2026-02-25 16:39:55.331 INFO  k.co.seoulit.common.aop.LoggerAspect - Controller  : kr.co.seoulit.reception.controller.ReceptionController.getReception()시작
2026-02-25 16:39:55.332 INFO  k.c.s.r.c.ReceptionController - Get reception request: id=17
2026-02-25 16:39:55.332 INFO  k.co.seoulit.common.aop.LoggerAspect - ServiceImpl  : kr.co.seoulit.reception.service.ReceptionServiceImpl.getReception()시작
2026-02-25 16:39:55.333 DEBUG org.hibernate.SQL - select re1_0.reception_id,re1_0.arrived_at,re1_0.cancel_reason_code,re1_0.cancel_reason_text,re1_0.created_at,re1_0.created_by,re1_0.department_id,re1_0.department_name,re1_0.doctor_id,re1_0.doctor_name,re1_0.hold_reason_code,re1_0.hold_reason_text,re1_0.inactive_at,re1_0.inactive_reason_code,re1_0.inactive_reason_text,re1_0.is_active,re1_0.note,re1_0.patient_id,re1_0.patient_name,re1_0.reception_no,re1_0.reservation_id,re1_0.scheduled_at,re1_0.status,re1_0.updated_at,re1_0.updated_by,re1_0.visit_type from reception re1_0 where re1_0.reception_id=?
2026-02-25 16:39:55.333 TRACE org.hibernate.orm.jdbc.bind - binding parameter (1:BIGINT) <- [17]
2026-02-25 16:39:55.351 INFO  k.co.seoulit.common.aop.LoggerAspect - kr.co.seoulit.reception.mapstruct.ReceptionResMapStructImpl.toDto()시작
2026-02-25 16:39:55.351 INFO  k.co.seoulit.common.aop.LoggerAspect - kr.co.seoulit.reception.mapstruct.ReceptionResMapStructImpl.toDto()종료
2026-02-25 16:39:55.351 INFO  k.co.seoulit.common.aop.LoggerAspect - ServiceImpl  : kr.co.seoulit.reception.service.ReceptionServiceImpl.getReception()종료
2026-02-25 16:39:55.365 INFO  k.co.seoulit.common.aop.LoggerAspect - Controller  : kr.co.seoulit.reception.controller.ReceptionController.getReception()종료
2026-02-25 16:39:56.730 INFO  k.co.seoulit.common.aop.LoggerAspect - Controller  : kr.co.seoulit.reception.controller.ReservationController.getReservations()시작
2026-02-25 16:39:56.730 INFO  k.c.s.r.c.ReservationController - 예약 목록 요청: searchType=null, searchValue=null
2026-02-25 16:39:56.753 INFO  k.co.seoulit.common.aop.LoggerAspect - ServiceImpl  : kr.co.seoulit.reception.service.ReservationServiceImpl.getReservationList()시작
2026-02-25 16:39:56.772 INFO  k.co.seoulit.common.aop.LoggerAspect - ServiceImpl  : kr.co.seoulit.reception.service.ReservationServiceImpl.getReservationList()종료
2026-02-25 16:39:56.782 INFO  k.co.seoulit.common.aop.LoggerAspect - Controller  : kr.co.seoulit.reception.controller.ReservationController.getReservations()종료
2026-02-25 16:39:56.811 INFO  k.co.seoulit.common.aop.LoggerAspect - Controller  : kr.co.seoulit.reception.controller.ReservationController.getReservations()시작
2026-02-25 16:39:56.811 INFO  k.c.s.r.c.ReservationController - 예약 목록 요청: searchType=null, searchValue=null
2026-02-25 16:39:56.822 INFO  k.co.seoulit.common.aop.LoggerAspect - ServiceImpl  : kr.co.seoulit.reception.service.ReservationServiceImpl.getReservationList()시작
2026-02-25 16:39:56.866 INFO  k.co.seoulit.common.aop.LoggerAspect - ServiceImpl  : kr.co.seoulit.reception.service.ReservationServiceImpl.getReservationList()종료
2026-02-25 16:39:56.878 INFO  k.co.seoulit.common.aop.LoggerAspect - Controller  : kr.co.seoulit.reception.controller.ReservationController.getReservations()종료
2026-02-25 16:39:59.711 INFO  k.co.seoulit.common.aop.LoggerAspect - Controller  : kr.co.seoulit.reception.controller.ReceptionController.getReceptions()시작
2026-02-25 16:39:59.711 INFO  k.c.s.r.c.ReceptionController - Reception list request: searchType=null, searchValue=null
2026-02-25 16:39:59.729 INFO  k.co.seoulit.common.aop.LoggerAspect - ServiceImpl  : kr.co.seoulit.reception.service.ReceptionServiceImpl.getReceptionList()시작
2026-02-25 16:39:59.754 INFO  k.co.seoulit.common.aop.LoggerAspect - ServiceImpl  : kr.co.seoulit.reception.service.ReceptionServiceImpl.getReceptionList()종료
2026-02-25 16:39:59.762 INFO  k.co.seoulit.common.aop.LoggerAspect - Controller  : kr.co.seoulit.reception.controller.ReceptionController.getReceptions()종료
2026-02-25 16:39:59.781 INFO  k.co.seoulit.common.aop.LoggerAspect - Controller  : kr.co.seoulit.reception.controller.ReceptionController.getReceptions()시작
2026-02-25 16:39:59.781 INFO  k.c.s.r.c.ReceptionController - Reception list request: searchType=null, searchValue=null
2026-02-25 16:39:59.793 INFO  k.co.seoulit.common.aop.LoggerAspect - ServiceImpl  : kr.co.seoulit.reception.service.ReceptionServiceImpl.getReceptionList()시작
2026-02-25 16:39:59.834 INFO  k.co.seoulit.common.aop.LoggerAspect - ServiceImpl  : kr.co.seoulit.reception.service.ReceptionServiceImpl.getReceptionList()종료
2026-02-25 16:39:59.849 INFO  k.co.seoulit.common.aop.LoggerAspect - Controller  : kr.co.seoulit.reception.controller.ReceptionController.getReceptions()종료
2026-02-25 16:40:16.872 INFO  o.s.o.j.LocalContainerEntityManagerFactoryBean - Closing JPA EntityManagerFactory for persistence unit 'default'
2026-02-25 16:40:16.890 INFO  com.zaxxer.hikari.HikariDataSource - HikariPool-1 - Shutdown initiated...
2026-02-25 16:41:44.622 INFO  o.h.validator.internal.util.Version - HV000001: Hibernate Validator 8.0.1.Final
2026-02-25 16:41:44.691 INFO  kr.co.seoulit.ReceptionApplication - Starting ReceptionApplication using Java 17.0.12 with PID 117400 (D:\서울IT교육센터\dev\teamwork\project\backend\hospital_reception_backend\reception_back\build\classes\java\main started by USER in D:\서울IT교육센터\dev\teamwork\project\backend\hospital_reception_backend\reception_back)
2026-02-25 16:41:44.692 INFO  kr.co.seoulit.ReceptionApplication - No active profile set, falling back to 1 default profile: "default"
2026-02-25 16:41:46.945 INFO  o.s.d.r.c.RepositoryConfigurationDelegate - Multiple Spring Data modules found, entering strict repository configuration mode
2026-02-25 16:41:46.948 INFO  o.s.d.r.c.RepositoryConfigurationDelegate - Bootstrapping Spring Data JPA repositories in DEFAULT mode.
2026-02-25 16:41:47.295 INFO  o.s.d.r.c.RepositoryConfigurationDelegate - Finished Spring Data repository scanning in 335 ms. Found 9 JPA repository interfaces.
2026-02-25 16:41:47.325 INFO  o.s.d.r.c.RepositoryConfigurationDelegate - Multiple Spring Data modules found, entering strict repository configuration mode
2026-02-25 16:41:47.328 INFO  o.s.d.r.c.RepositoryConfigurationDelegate - Bootstrapping Spring Data Redis repositories in DEFAULT mode.
2026-02-25 16:41:47.386 INFO  o.s.d.r.c.RepositoryConfigurationExtensionSupport - Spring Data Redis - Could not safely identify store assignment for repository candidate interface kr.co.seoulit.common.audit.AuditLogRepository; If you want this repository to be a Redis repository, consider annotating your entities with one of these annotations: org.springframework.data.redis.core.RedisHash (preferred), or consider extending one of the following types with your repository: org.springframework.data.keyvalue.repository.KeyValueRepository
2026-02-25 16:41:47.386 INFO  o.s.d.r.c.RepositoryConfigurationExtensionSupport - Spring Data Redis - Could not safely identify store assignment for repository candidate interface kr.co.seoulit.reception.repository.DepartmentRepository; If you want this repository to be a Redis repository, consider annotating your entities with one of these annotations: org.springframework.data.redis.core.RedisHash (preferred), or consider extending one of the following types with your repository: org.springframework.data.keyvalue.repository.KeyValueRepository
2026-02-25 16:41:47.387 INFO  o.s.d.r.c.RepositoryConfigurationExtensionSupport - Spring Data Redis - Could not safely identify store assignment for repository candidate interface kr.co.seoulit.reception.repository.DoctorRepository; If you want this repository to be a Redis repository, consider annotating your entities with one of these annotations: org.springframework.data.redis.core.RedisHash (preferred), or consider extending one of the following types with your repository: org.springframework.data.keyvalue.repository.KeyValueRepository
2026-02-25 16:41:47.388 INFO  o.s.d.r.c.RepositoryConfigurationExtensionSupport - Spring Data Redis - Could not safely identify store assignment for repository candidate interface kr.co.seoulit.reception.repository.PatientRepository; If you want this repository to be a Redis repository, consider annotating your entities with one of these annotations: org.springframework.data.redis.core.RedisHash (preferred), or consider extending one of the following types with your repository: org.springframework.data.keyvalue.repository.KeyValueRepository
2026-02-25 16:41:47.389 INFO  o.s.d.r.c.RepositoryConfigurationExtensionSupport - Spring Data Redis - Could not safely identify store assignment for repository candidate interface kr.co.seoulit.reception.repository.ReceptionEmergencyRepository; If you want this repository to be a Redis repository, consider annotating your entities with one of these annotations: org.springframework.data.redis.core.RedisHash (preferred), or consider extending one of the following types with your repository: org.springframework.data.keyvalue.repository.KeyValueRepository
2026-02-25 16:41:47.390 INFO  o.s.d.r.c.RepositoryConfigurationExtensionSupport - Spring Data Redis - Could not safely identify store assignment for repository candidate interface kr.co.seoulit.reception.repository.ReceptionInpatientRepository; If you want this repository to be a Redis repository, consider annotating your entities with one of these annotations: org.springframework.data.redis.core.RedisHash (preferred), or consider extending one of the following types with your repository: org.springframework.data.keyvalue.repository.KeyValueRepository
2026-02-25 16:41:47.390 INFO  o.s.d.r.c.RepositoryConfigurationExtensionSupport - Spring Data Redis - Could not safely identify store assignment for repository candidate interface kr.co.seoulit.reception.repository.ReceptionRepository; If you want this repository to be a Redis repository, consider annotating your entities with one of these annotations: org.springframework.data.redis.core.RedisHash (preferred), or consider extending one of the following types with your repository: org.springframework.data.keyvalue.repository.KeyValueRepository
2026-02-25 16:41:47.391 INFO  o.s.d.r.c.RepositoryConfigurationExtensionSupport - Spring Data Redis - Could not safely identify store assignment for repository candidate interface kr.co.seoulit.reception.repository.ReceptionStatusHistoryRepository; If you want this repository to be a Redis repository, consider annotating your entities with one of these annotations: org.springframework.data.redis.core.RedisHash (preferred), or consider extending one of the following types with your repository: org.springframework.data.keyvalue.repository.KeyValueRepository
2026-02-25 16:41:47.391 INFO  o.s.d.r.c.RepositoryConfigurationExtensionSupport - Spring Data Redis - Could not safely identify store assignment for repository candidate interface kr.co.seoulit.reception.repository.ReservationRepository; If you want this repository to be a Redis repository, consider annotating your entities with one of these annotations: org.springframework.data.redis.core.RedisHash (preferred), or consider extending one of the following types with your repository: org.springframework.data.keyvalue.repository.KeyValueRepository
2026-02-25 16:41:47.391 INFO  o.s.d.r.c.RepositoryConfigurationDelegate - Finished Spring Data repository scanning in 34 ms. Found 0 Redis repository interfaces.
2026-02-25 16:41:48.667 INFO  o.s.b.w.e.tomcat.TomcatWebServer - Tomcat initialized with port 8283 (http)
2026-02-25 16:41:48.689 INFO  o.a.coyote.http11.Http11NioProtocol - Initializing ProtocolHandler ["http-nio-8283"]
2026-02-25 16:41:48.693 INFO  o.a.catalina.core.StandardService - Starting service [Tomcat]
2026-02-25 16:41:48.697 INFO  o.a.catalina.core.StandardEngine - Starting Servlet engine: [Apache Tomcat/10.1.26]
2026-02-25 16:41:48.822 INFO  o.a.c.c.C.[Tomcat].[localhost].[/] - Initializing Spring embedded WebApplicationContext
2026-02-25 16:41:48.824 INFO  o.s.b.w.s.c.ServletWebServerApplicationContext - Root WebApplicationContext: initialization completed in 4062 ms
2026-02-25 16:41:49.463 INFO  o.h.jpa.internal.util.LogHelper - HHH000204: Processing PersistenceUnitInfo [name: default]
2026-02-25 16:41:49.747 INFO  org.hibernate.Version - HHH000412: Hibernate ORM core version 6.5.2.Final
2026-02-25 16:41:49.886 INFO  o.h.c.i.RegionFactoryInitiator - HHH000026: Second-level cache disabled
2026-02-25 16:41:50.531 INFO  o.s.o.j.p.SpringPersistenceUnitInfo - No LoadTimeWeaver setup: ignoring JPA class transformer
2026-02-25 16:41:50.636 INFO  com.zaxxer.hikari.HikariDataSource - HikariPool-1 - Starting...
2026-02-25 16:41:51.142 INFO  com.zaxxer.hikari.pool.HikariPool - HikariPool-1 - Added connection oracle.jdbc.driver.T4CConnection@2586e878
2026-02-25 16:41:51.146 INFO  com.zaxxer.hikari.HikariDataSource - HikariPool-1 - Start completed.
2026-02-25 16:41:51.254 WARN  org.hibernate.orm.deprecation - HHH90000026: Oracle10gDialect has been deprecated; use org.hibernate.community.dialect.OracleLegacyDialect instead
2026-02-25 16:41:54.286 INFO  o.h.e.t.j.p.i.JtaPlatformInitiator - HHH000489: No JTA platform available (set 'hibernate.transaction.jta.platform' to enable JTA platform integration)
2026-02-25 16:41:54.291 INFO  o.s.o.j.LocalContainerEntityManagerFactoryBean - Initialized JPA EntityManagerFactory for persistence unit 'default'
2026-02-25 16:41:56.661 WARN  o.s.b.a.o.j.JpaBaseConfiguration$JpaWebConfiguration - spring.jpa.open-in-view is enabled by default. Therefore, database queries may be performed during view rendering. Explicitly configure spring.jpa.open-in-view to disable this warning
2026-02-25 16:41:56.697 INFO  o.s.b.a.w.s.WelcomePageHandlerMapping - Adding welcome page: class path resource [static/index.html]
2026-02-25 16:41:58.007 INFO  o.a.coyote.http11.Http11NioProtocol - Starting ProtocolHandler ["http-nio-8283"]
2026-02-25 16:41:58.042 INFO  o.s.b.w.e.tomcat.TomcatWebServer - Tomcat started on port 8283 (http) with context path '/'
2026-02-25 16:41:58.056 INFO  kr.co.seoulit.ReceptionApplication - Started ReceptionApplication in 14.231 seconds (process running for 18.804)
2026-02-25 16:42:02.428 INFO  o.a.c.c.C.[Tomcat].[localhost].[/] - Initializing Spring DispatcherServlet 'dispatcherServlet'
2026-02-25 16:42:02.429 INFO  o.s.web.servlet.DispatcherServlet - Initializing Servlet 'dispatcherServlet'
2026-02-25 16:42:02.432 INFO  o.s.web.servlet.DispatcherServlet - Completed initialization in 2 ms
2026-02-25 16:42:02.566 INFO  k.co.seoulit.common.aop.LoggerAspect - Controller  : kr.co.seoulit.reception.controller.ReceptionController.getReceptions()시작
2026-02-25 16:42:02.566 INFO  k.co.seoulit.common.aop.LoggerAspect - Controller  : kr.co.seoulit.reception.controller.ReservationController.getReservations()시작
2026-02-25 16:42:02.567 INFO  k.c.s.r.c.ReceptionController - Reception list request: searchType=null, searchValue=null
2026-02-25 16:42:02.567 INFO  k.c.s.r.c.ReservationController - 예약 목록 요청: searchType=null, searchValue=null
2026-02-25 16:42:02.581 INFO  k.co.seoulit.common.aop.LoggerAspect - ServiceImpl  : kr.co.seoulit.reception.service.ReservationServiceImpl.getReservationList()시작
2026-02-25 16:42:02.581 INFO  k.co.seoulit.common.aop.LoggerAspect - ServiceImpl  : kr.co.seoulit.reception.service.ReceptionServiceImpl.getReceptionList()시작
2026-02-25 16:42:02.768 INFO  k.co.seoulit.common.aop.LoggerAspect - ServiceImpl  : kr.co.seoulit.reception.service.ReservationServiceImpl.getReservationList()종료
2026-02-25 16:42:02.784 INFO  k.co.seoulit.common.aop.LoggerAspect - Controller  : kr.co.seoulit.reception.controller.ReservationController.getReservations()종료
2026-02-25 16:42:02.795 INFO  k.co.seoulit.common.aop.LoggerAspect - ServiceImpl  : kr.co.seoulit.reception.service.ReceptionServiceImpl.getReceptionList()종료
2026-02-25 16:42:02.814 INFO  k.co.seoulit.common.aop.LoggerAspect - Controller  : kr.co.seoulit.reception.controller.ReceptionController.getReceptions()종료
2026-02-25 16:42:02.902 INFO  k.co.seoulit.common.aop.LoggerAspect - Controller  : kr.co.seoulit.reception.controller.ReceptionController.getReceptions()시작
2026-02-25 16:42:02.902 INFO  k.c.s.r.c.ReceptionController - Reception list request: searchType=null, searchValue=null
2026-02-25 16:42:02.903 INFO  k.co.seoulit.common.aop.LoggerAspect - ServiceImpl  : kr.co.seoulit.reception.service.ReceptionServiceImpl.getReceptionList()시작
2026-02-25 16:42:02.940 INFO  k.co.seoulit.common.aop.LoggerAspect - ServiceImpl  : kr.co.seoulit.reception.service.ReceptionServiceImpl.getReceptionList()종료
2026-02-25 16:42:02.949 INFO  k.co.seoulit.common.aop.LoggerAspect - Controller  : kr.co.seoulit.reception.controller.ReceptionController.getReceptions()종료
2026-02-25 16:42:03.032 INFO  k.co.seoulit.common.aop.LoggerAspect - Controller  : kr.co.seoulit.reception.controller.ReceptionController.getReception()시작
2026-02-25 16:42:03.032 INFO  k.c.s.r.c.ReceptionController - Get reception request: id=22
2026-02-25 16:42:03.042 INFO  k.co.seoulit.common.aop.LoggerAspect - ServiceImpl  : kr.co.seoulit.reception.service.ReceptionServiceImpl.getReception()시작
2026-02-25 16:42:03.126 DEBUG org.hibernate.SQL - select re1_0.reception_id,re1_0.arrived_at,re1_0.cancel_reason_code,re1_0.cancel_reason_text,re1_0.created_at,re1_0.created_by,re1_0.department_id,re1_0.department_name,re1_0.doctor_id,re1_0.doctor_name,re1_0.hold_reason_code,re1_0.hold_reason_text,re1_0.inactive_at,re1_0.inactive_reason_code,re1_0.inactive_reason_text,re1_0.is_active,re1_0.note,re1_0.patient_id,re1_0.patient_name,re1_0.reception_no,re1_0.reservation_id,re1_0.scheduled_at,re1_0.status,re1_0.updated_at,re1_0.updated_by,re1_0.visit_type from reception re1_0 where re1_0.reception_id=?
2026-02-25 16:42:03.131 TRACE org.hibernate.orm.jdbc.bind - binding parameter (1:BIGINT) <- [22]
2026-02-25 16:42:03.158 INFO  k.co.seoulit.common.aop.LoggerAspect - kr.co.seoulit.reception.mapstruct.ReceptionResMapStructImpl.toDto()시작
2026-02-25 16:42:03.159 INFO  k.co.seoulit.common.aop.LoggerAspect - kr.co.seoulit.reception.mapstruct.ReceptionResMapStructImpl.toDto()종료
2026-02-25 16:42:03.161 INFO  k.co.seoulit.common.aop.LoggerAspect - ServiceImpl  : kr.co.seoulit.reception.service.ReceptionServiceImpl.getReception()종료
2026-02-25 16:42:03.179 INFO  k.co.seoulit.common.aop.LoggerAspect - Controller  : kr.co.seoulit.reception.controller.ReceptionController.getReception()종료
2026-02-25 16:55:53.175 INFO  k.co.seoulit.common.aop.LoggerAspect - Controller  : kr.co.seoulit.reception.controller.EmergencyReceptionController.getEmergencyReceptions()시작
2026-02-25 16:55:53.176 INFO  k.c.s.r.c.EmergencyReceptionController - 응급 접수 목록 요청: searchType=null, searchValue=null
2026-02-25 16:55:53.211 INFO  k.co.seoulit.common.aop.LoggerAspect - ServiceImpl  : kr.co.seoulit.reception.service.EmergencyReceptionServiceImpl.getEmergencyReceptionList()시작
2026-02-25 16:55:53.306 INFO  k.co.seoulit.common.aop.LoggerAspect - ServiceImpl  : kr.co.seoulit.reception.service.EmergencyReceptionServiceImpl.getEmergencyReceptionList()종료
2026-02-25 16:55:53.317 INFO  k.co.seoulit.common.aop.LoggerAspect - Controller  : kr.co.seoulit.reception.controller.EmergencyReceptionController.getEmergencyReceptions()종료
2026-02-25 16:55:53.335 INFO  k.co.seoulit.common.aop.LoggerAspect - Controller  : kr.co.seoulit.reception.controller.EmergencyReceptionController.getEmergencyReceptions()시작
2026-02-25 16:55:53.335 INFO  k.c.s.r.c.EmergencyReceptionController - 응급 접수 목록 요청: searchType=null, searchValue=null
2026-02-25 16:55:53.336 INFO  k.co.seoulit.common.aop.LoggerAspect - ServiceImpl  : kr.co.seoulit.reception.service.EmergencyReceptionServiceImpl.getEmergencyReceptionList()시작
2026-02-25 16:55:53.387 INFO  k.co.seoulit.common.aop.LoggerAspect - ServiceImpl  : kr.co.seoulit.reception.service.EmergencyReceptionServiceImpl.getEmergencyReceptionList()종료
2026-02-25 16:55:53.405 INFO  k.co.seoulit.common.aop.LoggerAspect - Controller  : kr.co.seoulit.reception.controller.EmergencyReceptionController.getEmergencyReceptions()종료
2026-02-25 16:55:55.134 INFO  k.co.seoulit.common.aop.LoggerAspect - Controller  : kr.co.seoulit.reception.controller.EmergencyReceptionController.getEmergencyReceptions()시작
2026-02-25 16:55:55.139 INFO  k.c.s.r.c.EmergencyReceptionController - 응급 접수 목록 요청: searchType=null, searchValue=null
2026-02-25 16:55:55.162 INFO  k.co.seoulit.common.aop.LoggerAspect - ServiceImpl  : kr.co.seoulit.reception.service.EmergencyReceptionServiceImpl.getEmergencyReceptionList()시작
2026-02-25 16:55:55.280 INFO  k.co.seoulit.common.aop.LoggerAspect - ServiceImpl  : kr.co.seoulit.reception.service.EmergencyReceptionServiceImpl.getEmergencyReceptionList()종료
2026-02-25 16:55:55.292 INFO  k.co.seoulit.common.aop.LoggerAspect - Controller  : kr.co.seoulit.reception.controller.EmergencyReceptionController.getEmergencyReceptions()종료
2026-02-25 16:55:55.303 INFO  k.co.seoulit.common.aop.LoggerAspect - Controller  : kr.co.seoulit.reception.controller.EmergencyReceptionController.getEmergencyReceptions()시작
2026-02-25 16:55:55.305 INFO  k.c.s.r.c.EmergencyReceptionController - 응급 접수 목록 요청: searchType=null, searchValue=null
2026-02-25 16:55:55.307 INFO  k.co.seoulit.common.aop.LoggerAspect - ServiceImpl  : kr.co.seoulit.reception.service.EmergencyReceptionServiceImpl.getEmergencyReceptionList()시작
2026-02-25 16:55:55.365 INFO  k.co.seoulit.common.aop.LoggerAspect - ServiceImpl  : kr.co.seoulit.reception.service.EmergencyReceptionServiceImpl.getEmergencyReceptionList()종료
2026-02-25 16:55:55.378 INFO  k.co.seoulit.common.aop.LoggerAspect - Controller  : kr.co.seoulit.reception.controller.EmergencyReceptionController.getEmergencyReceptions()종료
2026-02-25 17:03:20.975 INFO  k.co.seoulit.common.aop.LoggerAspect - Controller  : kr.co.seoulit.reception.controller.EmergencyReceptionController.getEmergencyReceptions()시작
2026-02-25 17:03:20.976 INFO  k.c.s.r.c.EmergencyReceptionController - 응급 접수 목록 요청: searchType=null, searchValue=null
2026-02-25 17:03:21.006 INFO  k.co.seoulit.common.aop.LoggerAspect - ServiceImpl  : kr.co.seoulit.reception.service.EmergencyReceptionServiceImpl.getEmergencyReceptionList()시작
2026-02-25 17:03:21.096 INFO  k.co.seoulit.common.aop.LoggerAspect - ServiceImpl  : kr.co.seoulit.reception.service.EmergencyReceptionServiceImpl.getEmergencyReceptionList()종료
2026-02-25 17:03:21.159 INFO  k.co.seoulit.common.aop.LoggerAspect - Controller  : kr.co.seoulit.reception.controller.EmergencyReceptionController.getEmergencyReceptions()종료
2026-02-25 17:03:21.174 INFO  k.co.seoulit.common.aop.LoggerAspect - Controller  : kr.co.seoulit.reception.controller.EmergencyReceptionController.getEmergencyReceptions()시작
2026-02-25 17:03:21.175 INFO  k.c.s.r.c.EmergencyReceptionController - 응급 접수 목록 요청: searchType=null, searchValue=null
2026-02-25 17:03:21.175 INFO  k.co.seoulit.common.aop.LoggerAspect - ServiceImpl  : kr.co.seoulit.reception.service.EmergencyReceptionServiceImpl.getEmergencyReceptionList()시작
2026-02-25 17:03:21.237 INFO  k.co.seoulit.common.aop.LoggerAspect - ServiceImpl  : kr.co.seoulit.reception.service.EmergencyReceptionServiceImpl.getEmergencyReceptionList()종료
2026-02-25 17:03:21.253 INFO  k.co.seoulit.common.aop.LoggerAspect - Controller  : kr.co.seoulit.reception.controller.EmergencyReceptionController.getEmergencyReceptions()종료
2026-02-25 17:03:26.658 INFO  k.co.seoulit.common.aop.LoggerAspect - Controller  : kr.co.seoulit.reception.controller.InpatientReceptionController.getInpatientReceptions()시작
2026-02-25 17:03:26.659 INFO  k.c.s.r.c.InpatientReceptionController - 입원 접수 목록 요청: searchType=null, searchValue=null
2026-02-25 17:03:26.683 INFO  k.co.seoulit.common.aop.LoggerAspect - ServiceImpl  : kr.co.seoulit.reception.service.InpatientReceptionServiceImpl.getInpatientReceptionList()시작
2026-02-25 17:03:26.725 INFO  k.co.seoulit.common.aop.LoggerAspect - ServiceImpl  : kr.co.seoulit.reception.service.InpatientReceptionServiceImpl.getInpatientReceptionList()종료
2026-02-25 17:03:26.747 INFO  k.co.seoulit.common.aop.LoggerAspect - Controller  : kr.co.seoulit.reception.controller.InpatientReceptionController.getInpatientReceptions()종료
2026-02-25 17:03:26.754 INFO  k.co.seoulit.common.aop.LoggerAspect - Controller  : kr.co.seoulit.reception.controller.InpatientReceptionController.getInpatientReceptions()시작
2026-02-25 17:03:26.754 INFO  k.c.s.r.c.InpatientReceptionController - 입원 접수 목록 요청: searchType=null, searchValue=null
2026-02-25 17:03:26.754 INFO  k.co.seoulit.common.aop.LoggerAspect - ServiceImpl  : kr.co.seoulit.reception.service.InpatientReceptionServiceImpl.getInpatientReceptionList()시작
2026-02-25 17:03:26.789 INFO  k.co.seoulit.common.aop.LoggerAspect - ServiceImpl  : kr.co.seoulit.reception.service.InpatientReceptionServiceImpl.getInpatientReceptionList()종료
2026-02-25 17:03:26.801 INFO  k.co.seoulit.common.aop.LoggerAspect - Controller  : kr.co.seoulit.reception.controller.InpatientReceptionController.getInpatientReceptions()종료
2026-02-25 17:52:29.180 INFO  o.s.o.j.LocalContainerEntityManagerFactoryBean - Closing JPA EntityManagerFactory for persistence unit 'default'
2026-02-25 17:52:29.188 INFO  com.zaxxer.hikari.HikariDataSource - HikariPool-1 - Shutdown initiated...
2026-02-25 17:52:29.269 INFO  com.zaxxer.hikari.HikariDataSource - HikariPool-1 - Shutdown completed.
2026-02-25 18:32:49.498 INFO  o.h.validator.internal.util.Version - HV000001: Hibernate Validator 8.0.1.Final
2026-02-25 18:32:49.562 INFO  kr.co.seoulit.ReceptionApplication - Starting ReceptionApplication using Java 17.0.12 with PID 166828 (D:\서울IT교육센터\dev\teamwork\project\backend\hospital_reception_backend\reception_back\build\classes\java\main started by USER in D:\서울IT교육센터\dev\teamwork\project\backend\hospital_reception_backend\reception_back)
2026-02-25 18:32:49.564 INFO  kr.co.seoulit.ReceptionApplication - No active profile set, falling back to 1 default profile: "default"
2026-02-25 18:32:50.936 INFO  o.s.d.r.c.RepositoryConfigurationDelegate - Multiple Spring Data modules found, entering strict repository configuration mode
2026-02-25 18:32:50.939 INFO  o.s.d.r.c.RepositoryConfigurationDelegate - Bootstrapping Spring Data JPA repositories in DEFAULT mode.
2026-02-25 18:32:51.291 INFO  o.s.d.r.c.RepositoryConfigurationDelegate - Finished Spring Data repository scanning in 340 ms. Found 9 JPA repository interfaces.
2026-02-25 18:32:51.313 INFO  o.s.d.r.c.RepositoryConfigurationDelegate - Multiple Spring Data modules found, entering strict repository configuration mode
2026-02-25 18:32:51.314 INFO  o.s.d.r.c.RepositoryConfigurationDelegate - Bootstrapping Spring Data Redis repositories in DEFAULT mode.
2026-02-25 18:32:51.335 INFO  o.s.d.r.c.RepositoryConfigurationExtensionSupport - Spring Data Redis - Could not safely identify store assignment for repository candidate interface kr.co.seoulit.common.audit.AuditLogRepository; If you want this repository to be a Redis repository, consider annotating your entities with one of these annotations: org.springframework.data.redis.core.RedisHash (preferred), or consider extending one of the following types with your repository: org.springframework.data.keyvalue.repository.KeyValueRepository
2026-02-25 18:32:51.335 INFO  o.s.d.r.c.RepositoryConfigurationExtensionSupport - Spring Data Redis - Could not safely identify store assignment for repository candidate interface kr.co.seoulit.reception.repository.DepartmentRepository; If you want this repository to be a Redis repository, consider annotating your entities with one of these annotations: org.springframework.data.redis.core.RedisHash (preferred), or consider extending one of the following types with your repository: org.springframework.data.keyvalue.repository.KeyValueRepository
2026-02-25 18:32:51.335 INFO  o.s.d.r.c.RepositoryConfigurationExtensionSupport - Spring Data Redis - Could not safely identify store assignment for repository candidate interface kr.co.seoulit.reception.repository.DoctorRepository; If you want this repository to be a Redis repository, consider annotating your entities with one of these annotations: org.springframework.data.redis.core.RedisHash (preferred), or consider extending one of the following types with your repository: org.springframework.data.keyvalue.repository.KeyValueRepository
2026-02-25 18:32:51.336 INFO  o.s.d.r.c.RepositoryConfigurationExtensionSupport - Spring Data Redis - Could not safely identify store assignment for repository candidate interface kr.co.seoulit.reception.repository.PatientRepository; If you want this repository to be a Redis repository, consider annotating your entities with one of these annotations: org.springframework.data.redis.core.RedisHash (preferred), or consider extending one of the following types with your repository: org.springframework.data.keyvalue.repository.KeyValueRepository
2026-02-25 18:32:51.336 INFO  o.s.d.r.c.RepositoryConfigurationExtensionSupport - Spring Data Redis - Could not safely identify store assignment for repository candidate interface kr.co.seoulit.reception.repository.ReceptionEmergencyRepository; If you want this repository to be a Redis repository, consider annotating your entities with one of these annotations: org.springframework.data.redis.core.RedisHash (preferred), or consider extending one of the following types with your repository: org.springframework.data.keyvalue.repository.KeyValueRepository
2026-02-25 18:32:51.337 INFO  o.s.d.r.c.RepositoryConfigurationExtensionSupport - Spring Data Redis - Could not safely identify store assignment for repository candidate interface kr.co.seoulit.reception.repository.ReceptionInpatientRepository; If you want this repository to be a Redis repository, consider annotating your entities with one of these annotations: org.springframework.data.redis.core.RedisHash (preferred), or consider extending one of the following types with your repository: org.springframework.data.keyvalue.repository.KeyValueRepository
2026-02-25 18:32:51.338 INFO  o.s.d.r.c.RepositoryConfigurationExtensionSupport - Spring Data Redis - Could not safely identify store assignment for repository candidate interface kr.co.seoulit.reception.repository.ReceptionRepository; If you want this repository to be a Redis repository, consider annotating your entities with one of these annotations: org.springframework.data.redis.core.RedisHash (preferred), or consider extending one of the following types with your repository: org.springframework.data.keyvalue.repository.KeyValueRepository
2026-02-25 18:32:51.338 INFO  o.s.d.r.c.RepositoryConfigurationExtensionSupport - Spring Data Redis - Could not safely identify store assignment for repository candidate interface kr.co.seoulit.reception.repository.ReceptionStatusHistoryRepository; If you want this repository to be a Redis repository, consider annotating your entities with one of these annotations: org.springframework.data.redis.core.RedisHash (preferred), or consider extending one of the following types with your repository: org.springframework.data.keyvalue.repository.KeyValueRepository
2026-02-25 18:32:51.338 INFO  o.s.d.r.c.RepositoryConfigurationExtensionSupport - Spring Data Redis - Could not safely identify store assignment for repository candidate interface kr.co.seoulit.reception.repository.ReservationRepository; If you want this repository to be a Redis repository, consider annotating your entities with one of these annotations: org.springframework.data.redis.core.RedisHash (preferred), or consider extending one of the following types with your repository: org.springframework.data.keyvalue.repository.KeyValueRepository
2026-02-25 18:32:51.338 INFO  o.s.d.r.c.RepositoryConfigurationDelegate - Finished Spring Data repository scanning in 12 ms. Found 0 Redis repository interfaces.
2026-02-25 18:32:52.570 INFO  o.s.b.w.e.tomcat.TomcatWebServer - Tomcat initialized with port 8283 (http)
2026-02-25 18:32:52.591 INFO  o.a.coyote.http11.Http11NioProtocol - Initializing ProtocolHandler ["http-nio-8283"]
2026-02-25 18:32:52.593 INFO  o.a.catalina.core.StandardService - Starting service [Tomcat]
2026-02-25 18:32:52.594 INFO  o.a.catalina.core.StandardEngine - Starting Servlet engine: [Apache Tomcat/10.1.26]
2026-02-25 18:32:52.698 INFO  o.a.c.c.C.[Tomcat].[localhost].[/] - Initializing Spring embedded WebApplicationContext
2026-02-25 18:32:52.699 INFO  o.s.b.w.s.c.ServletWebServerApplicationContext - Root WebApplicationContext: initialization completed in 3059 ms
2026-02-25 18:32:53.138 INFO  o.h.jpa.internal.util.LogHelper - HHH000204: Processing PersistenceUnitInfo [name: default]
2026-02-25 18:32:53.413 INFO  org.hibernate.Version - HHH000412: Hibernate ORM core version 6.5.2.Final
2026-02-25 18:32:53.641 INFO  o.h.c.i.RegionFactoryInitiator - HHH000026: Second-level cache disabled
2026-02-25 18:32:54.507 INFO  o.s.o.j.p.SpringPersistenceUnitInfo - No LoadTimeWeaver setup: ignoring JPA class transformer
2026-02-25 18:32:54.649 INFO  com.zaxxer.hikari.HikariDataSource - HikariPool-1 - Starting...
2026-02-25 18:32:55.129 INFO  com.zaxxer.hikari.pool.HikariPool - HikariPool-1 - Added connection oracle.jdbc.driver.T4CConnection@14499b52
2026-02-25 18:32:55.132 INFO  com.zaxxer.hikari.HikariDataSource - HikariPool-1 - Start completed.
2026-02-25 18:32:55.272 WARN  org.hibernate.orm.deprecation - HHH90000026: Oracle10gDialect has been deprecated; use org.hibernate.community.dialect.OracleLegacyDialect instead
2026-02-25 18:32:57.371 INFO  o.h.e.t.j.p.i.JtaPlatformInitiator - HHH000489: No JTA platform available (set 'hibernate.transaction.jta.platform' to enable JTA platform integration)
2026-02-25 18:32:57.375 INFO  o.s.o.j.LocalContainerEntityManagerFactoryBean - Initialized JPA EntityManagerFactory for persistence unit 'default'
2026-02-25 18:32:59.467 WARN  o.s.b.a.o.j.JpaBaseConfiguration$JpaWebConfiguration - spring.jpa.open-in-view is enabled by default. Therefore, database queries may be performed during view rendering. Explicitly configure spring.jpa.open-in-view to disable this warning
2026-02-25 18:32:59.507 INFO  o.s.b.a.w.s.WelcomePageHandlerMapping - Adding welcome page: class path resource [static/index.html]
2026-02-25 18:33:00.512 INFO  o.a.coyote.http11.Http11NioProtocol - Starting ProtocolHandler ["http-nio-8283"]
2026-02-25 18:33:00.558 INFO  o.s.b.w.e.tomcat.TomcatWebServer - Tomcat started on port 8283 (http) with context path '/'
2026-02-25 18:33:00.570 INFO  kr.co.seoulit.ReceptionApplication - Started ReceptionApplication in 11.815 seconds (process running for 13.473)
2026-02-25 18:40:10.094 INFO  o.a.c.c.C.[Tomcat].[localhost].[/] - Initializing Spring DispatcherServlet 'dispatcherServlet'
2026-02-25 18:40:10.094 INFO  o.s.web.servlet.DispatcherServlet - Initializing Servlet 'dispatcherServlet'
2026-02-25 18:40:10.096 INFO  o.s.web.servlet.DispatcherServlet - Completed initialization in 2 ms
2026-02-25 18:40:10.306 INFO  k.co.seoulit.common.aop.LoggerAspect - Controller  : kr.co.seoulit.reception.controller.ReservationController.getReservations()시작
2026-02-25 18:40:10.306 INFO  k.co.seoulit.common.aop.LoggerAspect - Controller  : kr.co.seoulit.reception.controller.ReceptionController.getReceptions()시작
2026-02-25 18:40:10.307 INFO  k.c.s.r.c.ReceptionController - Reception list request: searchType=null, searchValue=null
2026-02-25 18:40:10.307 INFO  k.c.s.r.c.ReservationController - 예약 목록 요청: searchType=null, searchValue=null
2026-02-25 18:40:10.314 INFO  k.co.seoulit.common.aop.LoggerAspect - ServiceImpl  : kr.co.seoulit.reception.service.ReceptionServiceImpl.getReceptionList()시작
2026-02-25 18:40:10.314 INFO  k.co.seoulit.common.aop.LoggerAspect - ServiceImpl  : kr.co.seoulit.reception.service.ReservationServiceImpl.getReservationList()시작
2026-02-25 18:40:10.562 INFO  k.co.seoulit.common.aop.LoggerAspect - ServiceImpl  : kr.co.seoulit.reception.service.ReservationServiceImpl.getReservationList()종료
2026-02-25 18:40:10.563 INFO  k.co.seoulit.common.aop.LoggerAspect - ServiceImpl  : kr.co.seoulit.reception.service.ReceptionServiceImpl.getReceptionList()종료
2026-02-25 18:40:10.585 INFO  k.co.seoulit.common.aop.LoggerAspect - Controller  : kr.co.seoulit.reception.controller.ReservationController.getReservations()종료
2026-02-25 18:40:10.585 INFO  k.co.seoulit.common.aop.LoggerAspect - Controller  : kr.co.seoulit.reception.controller.ReceptionController.getReceptions()종료
2026-02-25 18:40:10.764 INFO  k.co.seoulit.common.aop.LoggerAspect - Controller  : kr.co.seoulit.reception.controller.ReservationController.getReservations()시작
2026-02-25 18:40:10.771 INFO  k.c.s.r.c.ReservationController - 예약 목록 요청: searchType=null, searchValue=null
2026-02-25 18:40:10.772 INFO  k.co.seoulit.common.aop.LoggerAspect - ServiceImpl  : kr.co.seoulit.reception.service.ReservationServiceImpl.getReservationList()시작
2026-02-25 18:40:10.775 INFO  k.co.seoulit.common.aop.LoggerAspect - Controller  : kr.co.seoulit.reception.controller.ReceptionController.getReceptions()시작
2026-02-25 18:40:10.775 INFO  k.c.s.r.c.ReceptionController - Reception list request: searchType=null, searchValue=null
2026-02-25 18:40:10.776 INFO  k.co.seoulit.common.aop.LoggerAspect - ServiceImpl  : kr.co.seoulit.reception.service.ReceptionServiceImpl.getReceptionList()시작
2026-02-25 18:40:10.791 INFO  k.co.seoulit.common.aop.LoggerAspect - ServiceImpl  : kr.co.seoulit.reception.service.ReservationServiceImpl.getReservationList()종료
2026-02-25 18:40:10.797 INFO  k.co.seoulit.common.aop.LoggerAspect - Controller  : kr.co.seoulit.reception.controller.ReservationController.getReservations()종료
2026-02-25 18:40:10.803 INFO  k.co.seoulit.common.aop.LoggerAspect - ServiceImpl  : kr.co.seoulit.reception.service.ReceptionServiceImpl.getReceptionList()종료
2026-02-25 18:40:10.816 INFO  k.co.seoulit.common.aop.LoggerAspect - Controller  : kr.co.seoulit.reception.controller.ReceptionController.getReceptions()종료
2026-02-25 18:40:10.826 INFO  k.co.seoulit.common.aop.LoggerAspect - Controller  : kr.co.seoulit.reception.controller.ReceptionController.getReceptions()시작
2026-02-25 18:40:10.827 INFO  k.c.s.r.c.ReceptionController - Reception list request: searchType=null, searchValue=null
2026-02-25 18:40:10.828 INFO  k.co.seoulit.common.aop.LoggerAspect - ServiceImpl  : kr.co.seoulit.reception.service.ReceptionServiceImpl.getReceptionList()시작
2026-02-25 18:40:10.858 INFO  k.co.seoulit.common.aop.LoggerAspect - ServiceImpl  : kr.co.seoulit.reception.service.ReceptionServiceImpl.getReceptionList()종료
2026-02-25 18:40:10.864 INFO  k.co.seoulit.common.aop.LoggerAspect - Controller  : kr.co.seoulit.reception.controller.ReceptionController.getReceptions()종료
2026-02-25 18:40:10.875 INFO  k.co.seoulit.common.aop.LoggerAspect - Controller  : kr.co.seoulit.reception.controller.ReceptionController.getReceptions()시작
2026-02-25 18:40:10.876 INFO  k.c.s.r.c.ReceptionController - Reception list request: searchType=null, searchValue=null
2026-02-25 18:40:10.877 INFO  k.co.seoulit.common.aop.LoggerAspect - ServiceImpl  : kr.co.seoulit.reception.service.ReceptionServiceImpl.getReceptionList()시작
2026-02-25 18:40:10.896 INFO  k.co.seoulit.common.aop.LoggerAspect - ServiceImpl  : kr.co.seoulit.reception.service.ReceptionServiceImpl.getReceptionList()종료
2026-02-25 18:40:10.902 INFO  k.co.seoulit.common.aop.LoggerAspect - Controller  : kr.co.seoulit.reception.controller.ReceptionController.getReceptions()종료
2026-02-25 18:40:11.020 INFO  k.co.seoulit.common.aop.LoggerAspect - Controller  : kr.co.seoulit.reception.controller.ReceptionController.getReception()시작
2026-02-25 18:40:11.021 INFO  k.c.s.r.c.ReceptionController - Get reception request: id=22
2026-02-25 18:40:11.061 INFO  k.co.seoulit.common.aop.LoggerAspect - ServiceImpl  : kr.co.seoulit.reception.service.ReceptionServiceImpl.getReception()시작
2026-02-25 18:40:11.329 DEBUG org.hibernate.SQL - select re1_0.reception_id,re1_0.arrived_at,re1_0.cancel_reason_code,re1_0.cancel_reason_text,re1_0.created_at,re1_0.created_by,re1_0.department_id,re1_0.department_name,re1_0.doctor_id,re1_0.doctor_name,re1_0.hold_reason_code,re1_0.hold_reason_text,re1_0.inactive_at,re1_0.inactive_reason_code,re1_0.inactive_reason_text,re1_0.is_active,re1_0.note,re1_0.patient_id,re1_0.patient_name,re1_0.reception_no,re1_0.reservation_id,re1_0.scheduled_at,re1_0.status,re1_0.updated_at,re1_0.updated_by,re1_0.visit_type from reception re1_0 where re1_0.reception_id=?
2026-02-25 18:40:11.331 TRACE org.hibernate.orm.jdbc.bind - binding parameter (1:BIGINT) <- [22]
2026-02-25 18:40:11.392 INFO  k.co.seoulit.common.aop.LoggerAspect - kr.co.seoulit.reception.mapstruct.ReceptionResMapStructImpl.toDto()시작
2026-02-25 18:40:11.392 INFO  k.co.seoulit.common.aop.LoggerAspect - kr.co.seoulit.reception.mapstruct.ReceptionResMapStructImpl.toDto()종료
2026-02-25 18:40:11.392 INFO  k.co.seoulit.common.aop.LoggerAspect - ServiceImpl  : kr.co.seoulit.reception.service.ReceptionServiceImpl.getReception()종료
2026-02-25 18:40:11.401 INFO  k.co.seoulit.common.aop.LoggerAspect - Controller  : kr.co.seoulit.reception.controller.ReceptionController.getReception()종료
2026-02-25 18:40:20.260 INFO  k.co.seoulit.common.aop.LoggerAspect - Controller  : kr.co.seoulit.reception.controller.EmergencyReceptionController.getEmergencyReceptions()시작
2026-02-25 18:40:20.261 INFO  k.c.s.r.c.EmergencyReceptionController - 응급 접수 목록 요청: searchType=null, searchValue=null
2026-02-25 18:40:20.292 INFO  k.co.seoulit.common.aop.LoggerAspect - ServiceImpl  : kr.co.seoulit.reception.service.EmergencyReceptionServiceImpl.getEmergencyReceptionList()시작
2026-02-25 18:40:20.361 INFO  k.co.seoulit.common.aop.LoggerAspect - ServiceImpl  : kr.co.seoulit.reception.service.EmergencyReceptionServiceImpl.getEmergencyReceptionList()종료
2026-02-25 18:40:20.369 INFO  k.co.seoulit.common.aop.LoggerAspect - Controller  : kr.co.seoulit.reception.controller.EmergencyReceptionController.getEmergencyReceptions()종료
2026-02-25 18:40:20.381 INFO  k.co.seoulit.common.aop.LoggerAspect - Controller  : kr.co.seoulit.reception.controller.EmergencyReceptionController.getEmergencyReceptions()시작
2026-02-25 18:40:20.382 INFO  k.c.s.r.c.EmergencyReceptionController - 응급 접수 목록 요청: searchType=null, searchValue=null
2026-02-25 18:40:20.383 INFO  k.co.seoulit.common.aop.LoggerAspect - ServiceImpl  : kr.co.seoulit.reception.service.EmergencyReceptionServiceImpl.getEmergencyReceptionList()시작
2026-02-25 18:40:20.410 INFO  k.co.seoulit.common.aop.LoggerAspect - ServiceImpl  : kr.co.seoulit.reception.service.EmergencyReceptionServiceImpl.getEmergencyReceptionList()종료
2026-02-25 18:40:20.418 INFO  k.co.seoulit.common.aop.LoggerAspect - Controller  : kr.co.seoulit.reception.controller.EmergencyReceptionController.getEmergencyReceptions()종료
2026-02-25 18:40:22.666 INFO  k.co.seoulit.common.aop.LoggerAspect - Controller  : kr.co.seoulit.reception.controller.InpatientReceptionController.getInpatientReceptions()시작
2026-02-25 18:40:22.668 INFO  k.c.s.r.c.InpatientReceptionController - 입원 접수 목록 요청: searchType=null, searchValue=null
2026-02-25 18:40:22.683 INFO  k.co.seoulit.common.aop.LoggerAspect - ServiceImpl  : kr.co.seoulit.reception.service.InpatientReceptionServiceImpl.getInpatientReceptionList()시작
2026-02-25 18:40:22.706 INFO  k.co.seoulit.common.aop.LoggerAspect - ServiceImpl  : kr.co.seoulit.reception.service.InpatientReceptionServiceImpl.getInpatientReceptionList()종료
2026-02-25 18:40:22.712 INFO  k.co.seoulit.common.aop.LoggerAspect - Controller  : kr.co.seoulit.reception.controller.InpatientReceptionController.getInpatientReceptions()종료
2026-02-25 18:40:22.726 INFO  k.co.seoulit.common.aop.LoggerAspect - Controller  : kr.co.seoulit.reception.controller.InpatientReceptionController.getInpatientReceptions()시작
2026-02-25 18:40:22.727 INFO  k.c.s.r.c.InpatientReceptionController - 입원 접수 목록 요청: searchType=null, searchValue=null
2026-02-25 18:40:22.735 INFO  k.co.seoulit.common.aop.LoggerAspect - ServiceImpl  : kr.co.seoulit.reception.service.InpatientReceptionServiceImpl.getInpatientReceptionList()시작
2026-02-25 18:40:22.763 INFO  k.co.seoulit.common.aop.LoggerAspect - ServiceImpl  : kr.co.seoulit.reception.service.InpatientReceptionServiceImpl.getInpatientReceptionList()종료
2026-02-25 18:40:22.769 INFO  k.co.seoulit.common.aop.LoggerAspect - Controller  : kr.co.seoulit.reception.controller.InpatientReceptionController.getInpatientReceptions()종료
2026-02-25 18:40:26.483 INFO  k.co.seoulit.common.aop.LoggerAspect - Controller  : kr.co.seoulit.reception.controller.ReservationController.getReservations()시작
2026-02-25 18:40:26.484 INFO  k.c.s.r.c.ReservationController - 예약 목록 요청: searchType=null, searchValue=null
2026-02-25 18:40:26.493 INFO  k.co.seoulit.common.aop.LoggerAspect - ServiceImpl  : kr.co.seoulit.reception.service.ReservationServiceImpl.getReservationList()시작
2026-02-25 18:40:26.509 INFO  k.co.seoulit.common.aop.LoggerAspect - ServiceImpl  : kr.co.seoulit.reception.service.ReservationServiceImpl.getReservationList()종료
2026-02-25 18:40:26.517 INFO  k.co.seoulit.common.aop.LoggerAspect - Controller  : kr.co.seoulit.reception.controller.ReservationController.getReservations()종료
2026-02-25 18:40:26.526 INFO  k.co.seoulit.common.aop.LoggerAspect - Controller  : kr.co.seoulit.reception.controller.ReservationController.getReservations()시작
2026-02-25 18:40:26.526 INFO  k.c.s.r.c.ReservationController - 예약 목록 요청: searchType=null, searchValue=null
2026-02-25 18:40:26.527 INFO  k.co.seoulit.common.aop.LoggerAspect - ServiceImpl  : kr.co.seoulit.reception.service.ReservationServiceImpl.getReservationList()시작
2026-02-25 18:40:26.563 INFO  k.co.seoulit.common.aop.LoggerAspect - ServiceImpl  : kr.co.seoulit.reception.service.ReservationServiceImpl.getReservationList()종료
2026-02-25 18:40:26.569 INFO  k.co.seoulit.common.aop.LoggerAspect - Controller  : kr.co.seoulit.reception.controller.ReservationController.getReservations()종료
2026-02-25 18:56:00.737 INFO  k.co.seoulit.common.aop.LoggerAspect - Controller  : kr.co.seoulit.reception.controller.ReservationController.getReservations()시작
2026-02-25 18:56:00.737 INFO  k.c.s.r.c.ReservationController - 예약 목록 요청: searchType=null, searchValue=null
2026-02-25 18:56:00.757 INFO  k.co.seoulit.common.aop.LoggerAspect - ServiceImpl  : kr.co.seoulit.reception.service.ReservationServiceImpl.getReservationList()시작
2026-02-25 18:56:00.769 INFO  k.co.seoulit.common.aop.LoggerAspect - ServiceImpl  : kr.co.seoulit.reception.service.ReservationServiceImpl.getReservationList()종료
2026-02-25 18:56:00.775 INFO  k.co.seoulit.common.aop.LoggerAspect - Controller  : kr.co.seoulit.reception.controller.ReservationController.getReservations()종료
2026-02-25 18:56:06.292 INFO  k.co.seoulit.common.aop.LoggerAspect - Controller  : kr.co.seoulit.reception.controller.ReservationController.getReservations()시작
2026-02-25 18:56:06.292 INFO  k.c.s.r.c.ReservationController - 예약 목록 요청: searchType=null, searchValue=null
2026-02-25 18:56:06.300 INFO  k.co.seoulit.common.aop.LoggerAspect - ServiceImpl  : kr.co.seoulit.reception.service.ReservationServiceImpl.getReservationList()시작
2026-02-25 18:56:06.315 INFO  k.co.seoulit.common.aop.LoggerAspect - ServiceImpl  : kr.co.seoulit.reception.service.ReservationServiceImpl.getReservationList()종료
2026-02-25 18:56:06.322 INFO  k.co.seoulit.common.aop.LoggerAspect - Controller  : kr.co.seoulit.reception.controller.ReservationController.getReservations()종료
2026-02-25 19:46:37.014 INFO  k.co.seoulit.common.aop.LoggerAspect - Controller  : kr.co.seoulit.reception.controller.ReceptionController.getReceptions()시작
2026-02-25 19:46:37.016 INFO  k.c.s.r.c.ReceptionController - Reception list request: searchType=null, searchValue=null
2026-02-25 19:46:37.027 INFO  k.co.seoulit.common.aop.LoggerAspect - ServiceImpl  : kr.co.seoulit.reception.service.ReceptionServiceImpl.getReceptionList()시작
2026-02-25 19:46:37.059 INFO  k.co.seoulit.common.aop.LoggerAspect - ServiceImpl  : kr.co.seoulit.reception.service.ReceptionServiceImpl.getReceptionList()종료
2026-02-25 19:46:37.065 INFO  k.co.seoulit.common.aop.LoggerAspect - Controller  : kr.co.seoulit.reception.controller.ReceptionController.getReceptions()종료
2026-02-25 19:46:37.180 INFO  k.co.seoulit.common.aop.LoggerAspect - Controller  : kr.co.seoulit.reception.controller.ReceptionController.getReception()시작
2026-02-25 19:46:37.180 INFO  k.c.s.r.c.ReceptionController - Get reception request: id=17
2026-02-25 19:46:37.183 INFO  k.co.seoulit.common.aop.LoggerAspect - ServiceImpl  : kr.co.seoulit.reception.service.ReceptionServiceImpl.getReception()시작
2026-02-25 19:46:37.195 DEBUG org.hibernate.SQL - select re1_0.reception_id,re1_0.arrived_at,re1_0.cancel_reason_code,re1_0.cancel_reason_text,re1_0.created_at,re1_0.created_by,re1_0.department_id,re1_0.department_name,re1_0.doctor_id,re1_0.doctor_name,re1_0.hold_reason_code,re1_0.hold_reason_text,re1_0.inactive_at,re1_0.inactive_reason_code,re1_0.inactive_reason_text,re1_0.is_active,re1_0.note,re1_0.patient_id,re1_0.patient_name,re1_0.reception_no,re1_0.reservation_id,re1_0.scheduled_at,re1_0.status,re1_0.updated_at,re1_0.updated_by,re1_0.visit_type from reception re1_0 where re1_0.reception_id=?
2026-02-25 19:46:37.196 TRACE org.hibernate.orm.jdbc.bind - binding parameter (1:BIGINT) <- [17]
2026-02-25 19:46:37.206 INFO  k.co.seoulit.common.aop.LoggerAspect - kr.co.seoulit.reception.mapstruct.ReceptionResMapStructImpl.toDto()시작
2026-02-25 19:46:37.207 INFO  k.co.seoulit.common.aop.LoggerAspect - kr.co.seoulit.reception.mapstruct.ReceptionResMapStructImpl.toDto()종료
2026-02-25 19:46:37.207 INFO  k.co.seoulit.common.aop.LoggerAspect - ServiceImpl  : kr.co.seoulit.reception.service.ReceptionServiceImpl.getReception()종료
2026-02-25 19:46:37.212 INFO  k.co.seoulit.common.aop.LoggerAspect - Controller  : kr.co.seoulit.reception.controller.ReceptionController.getReception()종료
2026-02-25 20:35:08.862 INFO  k.co.seoulit.common.aop.LoggerAspect - Controller  : kr.co.seoulit.reception.controller.ReceptionController.getReceptions()시작
2026-02-25 20:35:08.864 INFO  k.co.seoulit.common.aop.LoggerAspect - Controller  : kr.co.seoulit.reception.controller.ReservationController.getReservations()시작
2026-02-25 20:35:08.864 INFO  k.c.s.r.c.ReceptionController - Reception list request: searchType=null, searchValue=null
2026-02-25 20:35:08.864 INFO  k.c.s.r.c.ReservationController - 예약 목록 요청: searchType=null, searchValue=null
2026-02-25 20:35:08.883 INFO  k.co.seoulit.common.aop.LoggerAspect - ServiceImpl  : kr.co.seoulit.reception.service.ReceptionServiceImpl.getReceptionList()시작
2026-02-25 20:35:08.888 INFO  k.co.seoulit.common.aop.LoggerAspect - ServiceImpl  : kr.co.seoulit.reception.service.ReservationServiceImpl.getReservationList()시작
2026-02-25 20:35:08.944 INFO  k.co.seoulit.common.aop.LoggerAspect - ServiceImpl  : kr.co.seoulit.reception.service.ReservationServiceImpl.getReservationList()종료
2026-02-25 20:35:08.957 INFO  k.co.seoulit.common.aop.LoggerAspect - Controller  : kr.co.seoulit.reception.controller.ReservationController.getReservations()종료
2026-02-25 20:35:08.958 INFO  k.co.seoulit.common.aop.LoggerAspect - ServiceImpl  : kr.co.seoulit.reception.service.ReceptionServiceImpl.getReceptionList()종료
2026-02-25 20:35:08.966 INFO  k.co.seoulit.common.aop.LoggerAspect - Controller  : kr.co.seoulit.reception.controller.ReceptionController.getReceptions()종료
2026-02-25 20:35:08.983 INFO  k.co.seoulit.common.aop.LoggerAspect - Controller  : kr.co.seoulit.reception.controller.ReservationController.getReservations()시작
2026-02-25 20:35:08.984 INFO  k.c.s.r.c.ReservationController - 예약 목록 요청: searchType=null, searchValue=null
2026-02-25 20:35:08.988 INFO  k.co.seoulit.common.aop.LoggerAspect - ServiceImpl  : kr.co.seoulit.reception.service.ReservationServiceImpl.getReservationList()시작
2026-02-25 20:35:08.992 INFO  k.co.seoulit.common.aop.LoggerAspect - Controller  : kr.co.seoulit.reception.controller.ReceptionController.getReceptions()시작
2026-02-25 20:35:08.993 INFO  k.c.s.r.c.ReceptionController - Reception list request: searchType=null, searchValue=null
2026-02-25 20:35:08.993 INFO  k.co.seoulit.common.aop.LoggerAspect - ServiceImpl  : kr.co.seoulit.reception.service.ReceptionServiceImpl.getReceptionList()시작
2026-02-25 20:35:09.000 INFO  k.co.seoulit.common.aop.LoggerAspect - ServiceImpl  : kr.co.seoulit.reception.service.ReservationServiceImpl.getReservationList()종료
2026-02-25 20:35:09.008 INFO  k.co.seoulit.common.aop.LoggerAspect - Controller  : kr.co.seoulit.reception.controller.ReservationController.getReservations()종료
2026-02-25 20:35:09.028 INFO  k.co.seoulit.common.aop.LoggerAspect - ServiceImpl  : kr.co.seoulit.reception.service.ReceptionServiceImpl.getReceptionList()종료
2026-02-25 20:35:09.055 INFO  k.co.seoulit.common.aop.LoggerAspect - Controller  : kr.co.seoulit.reception.controller.ReceptionController.getReceptions()종료
2026-02-25 20:35:09.074 INFO  k.co.seoulit.common.aop.LoggerAspect - Controller  : kr.co.seoulit.reception.controller.ReceptionController.getReceptions()시작
2026-02-25 20:35:09.077 INFO  k.c.s.r.c.ReceptionController - Reception list request: searchType=null, searchValue=null
2026-02-25 20:35:09.077 INFO  k.co.seoulit.common.aop.LoggerAspect - ServiceImpl  : kr.co.seoulit.reception.service.ReceptionServiceImpl.getReceptionList()시작
2026-02-25 20:35:09.102 INFO  k.co.seoulit.common.aop.LoggerAspect - ServiceImpl  : kr.co.seoulit.reception.service.ReceptionServiceImpl.getReceptionList()종료
2026-02-25 20:35:09.111 INFO  k.co.seoulit.common.aop.LoggerAspect - Controller  : kr.co.seoulit.reception.controller.ReceptionController.getReceptions()종료
2026-02-25 20:35:09.176 INFO  k.co.seoulit.common.aop.LoggerAspect - Controller  : kr.co.seoulit.reception.controller.ReceptionController.getReceptions()시작
2026-02-25 20:35:09.176 INFO  k.c.s.r.c.ReceptionController - Reception list request: searchType=null, searchValue=null
2026-02-25 20:35:09.177 INFO  k.co.seoulit.common.aop.LoggerAspect - ServiceImpl  : kr.co.seoulit.reception.service.ReceptionServiceImpl.getReceptionList()시작
2026-02-25 20:35:09.205 INFO  k.co.seoulit.common.aop.LoggerAspect - ServiceImpl  : kr.co.seoulit.reception.service.ReceptionServiceImpl.getReceptionList()종료
2026-02-25 20:35:09.211 INFO  k.co.seoulit.common.aop.LoggerAspect - Controller  : kr.co.seoulit.reception.controller.ReceptionController.getReceptions()종료
2026-02-25 20:35:09.362 INFO  k.co.seoulit.common.aop.LoggerAspect - Controller  : kr.co.seoulit.reception.controller.ReceptionController.getReception()시작
2026-02-25 20:35:09.362 INFO  k.c.s.r.c.ReceptionController - Get reception request: id=22
2026-02-25 20:35:09.363 INFO  k.co.seoulit.common.aop.LoggerAspect - ServiceImpl  : kr.co.seoulit.reception.service.ReceptionServiceImpl.getReception()시작
2026-02-25 20:35:09.370 DEBUG org.hibernate.SQL - select re1_0.reception_id,re1_0.arrived_at,re1_0.cancel_reason_code,re1_0.cancel_reason_text,re1_0.created_at,re1_0.created_by,re1_0.department_id,re1_0.department_name,re1_0.doctor_id,re1_0.doctor_name,re1_0.hold_reason_code,re1_0.hold_reason_text,re1_0.inactive_at,re1_0.inactive_reason_code,re1_0.inactive_reason_text,re1_0.is_active,re1_0.note,re1_0.patient_id,re1_0.patient_name,re1_0.reception_no,re1_0.reservation_id,re1_0.scheduled_at,re1_0.status,re1_0.updated_at,re1_0.updated_by,re1_0.visit_type from reception re1_0 where re1_0.reception_id=?
2026-02-25 20:35:09.371 TRACE org.hibernate.orm.jdbc.bind - binding parameter (1:BIGINT) <- [22]
2026-02-25 20:35:09.389 INFO  k.co.seoulit.common.aop.LoggerAspect - kr.co.seoulit.reception.mapstruct.ReceptionResMapStructImpl.toDto()시작
2026-02-25 20:35:09.389 INFO  k.co.seoulit.common.aop.LoggerAspect - kr.co.seoulit.reception.mapstruct.ReceptionResMapStructImpl.toDto()종료
2026-02-25 20:35:09.390 INFO  k.co.seoulit.common.aop.LoggerAspect - ServiceImpl  : kr.co.seoulit.reception.service.ReceptionServiceImpl.getReception()종료
2026-02-25 20:35:09.396 INFO  k.co.seoulit.common.aop.LoggerAspect - Controller  : kr.co.seoulit.reception.controller.ReceptionController.getReception()종료
2026-02-25 20:35:35.300 INFO  k.co.seoulit.common.aop.LoggerAspect - Controller  : kr.co.seoulit.reception.controller.ReceptionController.getReception()시작
2026-02-25 20:35:35.300 INFO  k.c.s.r.c.ReceptionController - Get reception request: id=22
2026-02-25 20:35:35.307 INFO  k.co.seoulit.common.aop.LoggerAspect - ServiceImpl  : kr.co.seoulit.reception.service.ReceptionServiceImpl.getReception()시작
2026-02-25 20:35:35.308 DEBUG org.hibernate.SQL - select re1_0.reception_id,re1_0.arrived_at,re1_0.cancel_reason_code,re1_0.cancel_reason_text,re1_0.created_at,re1_0.created_by,re1_0.department_id,re1_0.department_name,re1_0.doctor_id,re1_0.doctor_name,re1_0.hold_reason_code,re1_0.hold_reason_text,re1_0.inactive_at,re1_0.inactive_reason_code,re1_0.inactive_reason_text,re1_0.is_active,re1_0.note,re1_0.patient_id,re1_0.patient_name,re1_0.reception_no,re1_0.reservation_id,re1_0.scheduled_at,re1_0.status,re1_0.updated_at,re1_0.updated_by,re1_0.visit_type from reception re1_0 where re1_0.reception_id=?
2026-02-25 20:35:35.308 TRACE org.hibernate.orm.jdbc.bind - binding parameter (1:BIGINT) <- [22]
2026-02-25 20:35:35.315 INFO  k.co.seoulit.common.aop.LoggerAspect - kr.co.seoulit.reception.mapstruct.ReceptionResMapStructImpl.toDto()시작
2026-02-25 20:35:35.315 INFO  k.co.seoulit.common.aop.LoggerAspect - kr.co.seoulit.reception.mapstruct.ReceptionResMapStructImpl.toDto()종료
2026-02-25 20:35:35.316 INFO  k.co.seoulit.common.aop.LoggerAspect - ServiceImpl  : kr.co.seoulit.reception.service.ReceptionServiceImpl.getReception()종료
2026-02-25 20:35:35.322 INFO  k.co.seoulit.common.aop.LoggerAspect - Controller  : kr.co.seoulit.reception.controller.ReceptionController.getReception()종료
2026-02-25 20:35:36.505 INFO  k.co.seoulit.common.aop.LoggerAspect - Controller  : kr.co.seoulit.reception.controller.ReceptionController.getReception()시작
2026-02-25 20:35:36.505 INFO  k.c.s.r.c.ReceptionController - Get reception request: id=24
2026-02-25 20:35:36.512 INFO  k.co.seoulit.common.aop.LoggerAspect - ServiceImpl  : kr.co.seoulit.reception.service.ReceptionServiceImpl.getReception()시작
2026-02-25 20:35:36.513 DEBUG org.hibernate.SQL - select re1_0.reception_id,re1_0.arrived_at,re1_0.cancel_reason_code,re1_0.cancel_reason_text,re1_0.created_at,re1_0.created_by,re1_0.department_id,re1_0.department_name,re1_0.doctor_id,re1_0.doctor_name,re1_0.hold_reason_code,re1_0.hold_reason_text,re1_0.inactive_at,re1_0.inactive_reason_code,re1_0.inactive_reason_text,re1_0.is_active,re1_0.note,re1_0.patient_id,re1_0.patient_name,re1_0.reception_no,re1_0.reservation_id,re1_0.scheduled_at,re1_0.status,re1_0.updated_at,re1_0.updated_by,re1_0.visit_type from reception re1_0 where re1_0.reception_id=?
2026-02-25 20:35:36.514 TRACE org.hibernate.orm.jdbc.bind - binding parameter (1:BIGINT) <- [24]
2026-02-25 20:35:36.526 INFO  k.co.seoulit.common.aop.LoggerAspect - kr.co.seoulit.reception.mapstruct.ReceptionResMapStructImpl.toDto()시작
2026-02-25 20:35:36.526 INFO  k.co.seoulit.common.aop.LoggerAspect - kr.co.seoulit.reception.mapstruct.ReceptionResMapStructImpl.toDto()종료
2026-02-25 20:35:36.526 INFO  k.co.seoulit.common.aop.LoggerAspect - ServiceImpl  : kr.co.seoulit.reception.service.ReceptionServiceImpl.getReception()종료
2026-02-25 20:35:36.534 INFO  k.co.seoulit.common.aop.LoggerAspect - Controller  : kr.co.seoulit.reception.controller.ReceptionController.getReception()종료
2026-02-25 20:36:37.042 INFO  k.co.seoulit.common.aop.LoggerAspect - Controller  : kr.co.seoulit.reception.controller.ReservationController.getReservations()시작
2026-02-25 20:36:37.042 INFO  k.c.s.r.c.ReservationController - 예약 목록 요청: searchType=null, searchValue=null
2026-02-25 20:36:37.045 INFO  k.co.seoulit.common.aop.LoggerAspect - Controller  : kr.co.seoulit.reception.controller.ReceptionController.getReceptions()시작
2026-02-25 20:36:37.045 INFO  k.c.s.r.c.ReceptionController - Reception list request: searchType=null, searchValue=null
2026-02-25 20:36:37.058 INFO  k.co.seoulit.common.aop.LoggerAspect - ServiceImpl  : kr.co.seoulit.reception.service.ReceptionServiceImpl.getReceptionList()시작
2026-02-25 20:36:37.058 INFO  k.co.seoulit.common.aop.LoggerAspect - ServiceImpl  : kr.co.seoulit.reception.service.ReservationServiceImpl.getReservationList()시작
2026-02-25 20:36:37.069 INFO  k.co.seoulit.common.aop.LoggerAspect - ServiceImpl  : kr.co.seoulit.reception.service.ReservationServiceImpl.getReservationList()종료
2026-02-25 20:36:37.073 INFO  k.co.seoulit.common.aop.LoggerAspect - Controller  : kr.co.seoulit.reception.controller.ReservationController.getReservations()종료
2026-02-25 20:36:37.078 INFO  k.co.seoulit.common.aop.LoggerAspect - ServiceImpl  : kr.co.seoulit.reception.service.ReceptionServiceImpl.getReceptionList()종료
2026-02-25 20:36:37.083 INFO  k.co.seoulit.common.aop.LoggerAspect - Controller  : kr.co.seoulit.reception.controller.ReservationController.getReservations()시작
2026-02-25 20:36:37.084 INFO  k.c.s.r.c.ReservationController - 예약 목록 요청: searchType=null, searchValue=null
2026-02-25 20:36:37.085 INFO  k.co.seoulit.common.aop.LoggerAspect - ServiceImpl  : kr.co.seoulit.reception.service.ReservationServiceImpl.getReservationList()시작
2026-02-25 20:36:37.085 INFO  k.co.seoulit.common.aop.LoggerAspect - Controller  : kr.co.seoulit.reception.controller.ReceptionController.getReceptions()종료
2026-02-25 20:36:37.092 INFO  k.co.seoulit.common.aop.LoggerAspect - Controller  : kr.co.seoulit.reception.controller.ReceptionController.getReceptions()시작
2026-02-25 20:36:37.092 INFO  k.c.s.r.c.ReceptionController - Reception list request: searchType=null, searchValue=null
2026-02-25 20:36:37.093 INFO  k.co.seoulit.common.aop.LoggerAspect - ServiceImpl  : kr.co.seoulit.reception.service.ReceptionServiceImpl.getReceptionList()시작
2026-02-25 20:36:37.099 INFO  k.co.seoulit.common.aop.LoggerAspect - ServiceImpl  : kr.co.seoulit.reception.service.ReservationServiceImpl.getReservationList()종료
2026-02-25 20:36:37.122 INFO  k.co.seoulit.common.aop.LoggerAspect - Controller  : kr.co.seoulit.reception.controller.ReservationController.getReservations()종료
2026-02-25 20:36:37.131 INFO  k.co.seoulit.common.aop.LoggerAspect - ServiceImpl  : kr.co.seoulit.reception.service.ReceptionServiceImpl.getReceptionList()종료
2026-02-25 20:36:37.137 INFO  k.co.seoulit.common.aop.LoggerAspect - Controller  : kr.co.seoulit.reception.controller.ReceptionController.getReceptions()종료
2026-02-25 20:36:37.180 INFO  k.co.seoulit.common.aop.LoggerAspect - Controller  : kr.co.seoulit.reception.controller.ReceptionController.getReceptions()시작
2026-02-25 20:36:37.180 INFO  k.c.s.r.c.ReceptionController - Reception list request: searchType=null, searchValue=null
2026-02-25 20:36:37.203 INFO  k.co.seoulit.common.aop.LoggerAspect - ServiceImpl  : kr.co.seoulit.reception.service.ReceptionServiceImpl.getReceptionList()시작
2026-02-25 20:36:37.235 INFO  k.co.seoulit.common.aop.LoggerAspect - ServiceImpl  : kr.co.seoulit.reception.service.ReceptionServiceImpl.getReceptionList()종료
2026-02-25 20:36:37.242 INFO  k.co.seoulit.common.aop.LoggerAspect - Controller  : kr.co.seoulit.reception.controller.ReceptionController.getReceptions()종료
2026-02-25 20:36:37.282 INFO  k.co.seoulit.common.aop.LoggerAspect - Controller  : kr.co.seoulit.reception.controller.ReceptionController.getReceptions()시작
2026-02-25 20:36:37.282 INFO  k.c.s.r.c.ReceptionController - Reception list request: searchType=null, searchValue=null
2026-02-25 20:36:37.283 INFO  k.co.seoulit.common.aop.LoggerAspect - ServiceImpl  : kr.co.seoulit.reception.service.ReceptionServiceImpl.getReceptionList()시작
2026-02-25 20:36:37.306 INFO  k.co.seoulit.common.aop.LoggerAspect - ServiceImpl  : kr.co.seoulit.reception.service.ReceptionServiceImpl.getReceptionList()종료
2026-02-25 20:36:37.312 INFO  k.co.seoulit.common.aop.LoggerAspect - Controller  : kr.co.seoulit.reception.controller.ReceptionController.getReceptions()종료
2026-02-25 20:37:44.474 INFO  k.co.seoulit.common.aop.LoggerAspect - Controller  : kr.co.seoulit.reception.controller.ReservationController.getReservations()시작
2026-02-25 20:37:44.475 INFO  k.c.s.r.c.ReservationController - 예약 목록 요청: searchType=null, searchValue=null
2026-02-25 20:37:44.493 INFO  k.co.seoulit.common.aop.LoggerAspect - ServiceImpl  : kr.co.seoulit.reception.service.ReservationServiceImpl.getReservationList()시작
2026-02-25 20:37:44.513 INFO  k.co.seoulit.common.aop.LoggerAspect - ServiceImpl  : kr.co.seoulit.reception.service.ReservationServiceImpl.getReservationList()종료
2026-02-25 20:37:44.532 INFO  k.co.seoulit.common.aop.LoggerAspect - Controller  : kr.co.seoulit.reception.controller.ReservationController.getReservations()종료
2026-02-25 20:37:44.551 INFO  k.co.seoulit.common.aop.LoggerAspect - Controller  : kr.co.seoulit.reception.controller.ReservationController.getReservations()시작
2026-02-25 20:37:44.552 INFO  k.c.s.r.c.ReservationController - 예약 목록 요청: searchType=null, searchValue=null
2026-02-25 20:37:44.553 INFO  k.co.seoulit.common.aop.LoggerAspect - ServiceImpl  : kr.co.seoulit.reception.service.ReservationServiceImpl.getReservationList()시작
2026-02-25 20:37:44.576 INFO  k.co.seoulit.common.aop.LoggerAspect - ServiceImpl  : kr.co.seoulit.reception.service.ReservationServiceImpl.getReservationList()종료
2026-02-25 20:37:44.593 INFO  k.co.seoulit.common.aop.LoggerAspect - Controller  : kr.co.seoulit.reception.controller.ReservationController.getReservations()종료
2026-02-25 20:37:59.230 INFO  k.co.seoulit.common.aop.LoggerAspect - Controller  : kr.co.seoulit.reception.controller.ReservationController.getReservations()시작
2026-02-25 20:37:59.230 INFO  k.c.s.r.c.ReservationController - 예약 목록 요청: searchType=null, searchValue=null
2026-02-25 20:37:59.232 INFO  k.co.seoulit.common.aop.LoggerAspect - Controller  : kr.co.seoulit.reception.controller.ReceptionController.getReceptions()시작
2026-02-25 20:37:59.232 INFO  k.c.s.r.c.ReceptionController - Reception list request: searchType=null, searchValue=null
2026-02-25 20:37:59.245 INFO  k.co.seoulit.common.aop.LoggerAspect - ServiceImpl  : kr.co.seoulit.reception.service.ReceptionServiceImpl.getReceptionList()시작
2026-02-25 20:37:59.245 INFO  k.co.seoulit.common.aop.LoggerAspect - ServiceImpl  : kr.co.seoulit.reception.service.ReservationServiceImpl.getReservationList()시작
2026-02-25 20:37:59.263 INFO  k.co.seoulit.common.aop.LoggerAspect - ServiceImpl  : kr.co.seoulit.reception.service.ReservationServiceImpl.getReservationList()종료
2026-02-25 20:37:59.270 INFO  k.co.seoulit.common.aop.LoggerAspect - Controller  : kr.co.seoulit.reception.controller.ReservationController.getReservations()종료
2026-02-25 20:37:59.272 INFO  k.co.seoulit.common.aop.LoggerAspect - ServiceImpl  : kr.co.seoulit.reception.service.ReceptionServiceImpl.getReceptionList()종료
2026-02-25 20:37:59.278 INFO  k.co.seoulit.common.aop.LoggerAspect - Controller  : kr.co.seoulit.reception.controller.ReceptionController.getReceptions()종료
2026-02-25 20:37:59.278 INFO  k.co.seoulit.common.aop.LoggerAspect - Controller  : kr.co.seoulit.reception.controller.ReservationController.getReservations()시작
2026-02-25 20:37:59.279 INFO  k.c.s.r.c.ReservationController - 예약 목록 요청: searchType=null, searchValue=null
2026-02-25 20:37:59.280 INFO  k.co.seoulit.common.aop.LoggerAspect - ServiceImpl  : kr.co.seoulit.reception.service.ReservationServiceImpl.getReservationList()시작
2026-02-25 20:37:59.295 INFO  k.co.seoulit.common.aop.LoggerAspect - Controller  : kr.co.seoulit.reception.controller.ReceptionController.getReceptions()시작
2026-02-25 20:37:59.295 INFO  k.co.seoulit.common.aop.LoggerAspect - ServiceImpl  : kr.co.seoulit.reception.service.ReservationServiceImpl.getReservationList()종료
2026-02-25 20:37:59.296 INFO  k.c.s.r.c.ReceptionController - Reception list request: searchType=null, searchValue=null
2026-02-25 20:37:59.298 INFO  k.co.seoulit.common.aop.LoggerAspect - ServiceImpl  : kr.co.seoulit.reception.service.ReceptionServiceImpl.getReceptionList()시작
2026-02-25 20:37:59.302 INFO  k.co.seoulit.common.aop.LoggerAspect - Controller  : kr.co.seoulit.reception.controller.ReservationController.getReservations()종료
2026-02-25 20:37:59.315 INFO  k.co.seoulit.common.aop.LoggerAspect - ServiceImpl  : kr.co.seoulit.reception.service.ReceptionServiceImpl.getReceptionList()종료
2026-02-25 20:37:59.332 INFO  k.co.seoulit.common.aop.LoggerAspect - Controller  : kr.co.seoulit.reception.controller.ReceptionController.getReceptions()종료
2026-02-25 20:37:59.380 INFO  k.co.seoulit.common.aop.LoggerAspect - Controller  : kr.co.seoulit.reception.controller.ReceptionController.getReceptions()시작
2026-02-25 20:37:59.391 INFO  k.c.s.r.c.ReceptionController - Reception list request: searchType=null, searchValue=null
2026-02-25 20:37:59.393 INFO  k.co.seoulit.common.aop.LoggerAspect - ServiceImpl  : kr.co.seoulit.reception.service.ReceptionServiceImpl.getReceptionList()시작
2026-02-25 20:37:59.416 INFO  k.co.seoulit.common.aop.LoggerAspect - ServiceImpl  : kr.co.seoulit.reception.service.ReceptionServiceImpl.getReceptionList()종료
2026-02-25 20:37:59.421 INFO  k.co.seoulit.common.aop.LoggerAspect - Controller  : kr.co.seoulit.reception.controller.ReceptionController.getReceptions()종료
2026-02-25 20:37:59.459 INFO  k.co.seoulit.common.aop.LoggerAspect - Controller  : kr.co.seoulit.reception.controller.ReceptionController.getReceptions()시작
2026-02-25 20:37:59.459 INFO  k.c.s.r.c.ReceptionController - Reception list request: searchType=null, searchValue=null
2026-02-25 20:37:59.460 INFO  k.co.seoulit.common.aop.LoggerAspect - ServiceImpl  : kr.co.seoulit.reception.service.ReceptionServiceImpl.getReceptionList()시작
2026-02-25 20:37:59.495 INFO  k.co.seoulit.common.aop.LoggerAspect - ServiceImpl  : kr.co.seoulit.reception.service.ReceptionServiceImpl.getReceptionList()종료
2026-02-25 20:37:59.500 INFO  k.co.seoulit.common.aop.LoggerAspect - Controller  : kr.co.seoulit.reception.controller.ReceptionController.getReceptions()종료
2026-02-25 20:41:05.860 INFO  k.co.seoulit.common.aop.LoggerAspect - Controller  : kr.co.seoulit.reception.controller.ReservationController.getReservations()시작
2026-02-25 20:41:05.861 INFO  k.c.s.r.c.ReservationController - 예약 목록 요청: searchType=null, searchValue=null
2026-02-25 20:41:05.870 INFO  k.co.seoulit.common.aop.LoggerAspect - Controller  : kr.co.seoulit.reception.controller.ReceptionController.getReceptions()시작
2026-02-25 20:41:05.870 INFO  k.c.s.r.c.ReceptionController - Reception list request: searchType=null, searchValue=null
2026-02-25 20:41:05.877 INFO  k.co.seoulit.common.aop.LoggerAspect - ServiceImpl  : kr.co.seoulit.reception.service.ReservationServiceImpl.getReservationList()시작
2026-02-25 20:41:05.879 INFO  k.co.seoulit.common.aop.LoggerAspect - ServiceImpl  : kr.co.seoulit.reception.service.ReceptionServiceImpl.getReceptionList()시작
2026-02-25 20:41:05.888 INFO  k.co.seoulit.common.aop.LoggerAspect - ServiceImpl  : kr.co.seoulit.reception.service.ReservationServiceImpl.getReservationList()종료
2026-02-25 20:41:05.899 INFO  k.co.seoulit.common.aop.LoggerAspect - Controller  : kr.co.seoulit.reception.controller.ReservationController.getReservations()종료
2026-02-25 20:41:05.899 INFO  k.co.seoulit.common.aop.LoggerAspect - ServiceImpl  : kr.co.seoulit.reception.service.ReceptionServiceImpl.getReceptionList()종료
2026-02-25 20:41:05.910 INFO  k.co.seoulit.common.aop.LoggerAspect - Controller  : kr.co.seoulit.reception.controller.ReceptionController.getReceptions()종료
2026-02-25 20:41:05.976 INFO  k.co.seoulit.common.aop.LoggerAspect - Controller  : kr.co.seoulit.reception.controller.ReceptionController.getReceptions()시작
2026-02-25 20:41:05.976 INFO  k.c.s.r.c.ReceptionController - Reception list request: searchType=null, searchValue=null
2026-02-25 20:41:05.976 INFO  k.co.seoulit.common.aop.LoggerAspect - ServiceImpl  : kr.co.seoulit.reception.service.ReceptionServiceImpl.getReceptionList()시작
2026-02-25 20:41:06.000 INFO  k.co.seoulit.common.aop.LoggerAspect - ServiceImpl  : kr.co.seoulit.reception.service.ReceptionServiceImpl.getReceptionList()종료
2026-02-25 20:41:06.008 INFO  k.co.seoulit.common.aop.LoggerAspect - Controller  : kr.co.seoulit.reception.controller.ReceptionController.getReceptions()종료
2026-02-25 20:41:06.245 INFO  k.co.seoulit.common.aop.LoggerAspect - Controller  : kr.co.seoulit.reception.controller.ReceptionController.getReception()시작
2026-02-25 20:41:06.245 INFO  k.c.s.r.c.ReceptionController - Get reception request: id=22
2026-02-25 20:41:06.245 INFO  k.co.seoulit.common.aop.LoggerAspect - ServiceImpl  : kr.co.seoulit.reception.service.ReceptionServiceImpl.getReception()시작
2026-02-25 20:41:06.247 DEBUG org.hibernate.SQL - select re1_0.reception_id,re1_0.arrived_at,re1_0.cancel_reason_code,re1_0.cancel_reason_text,re1_0.created_at,re1_0.created_by,re1_0.department_id,re1_0.department_name,re1_0.doctor_id,re1_0.doctor_name,re1_0.hold_reason_code,re1_0.hold_reason_text,re1_0.inactive_at,re1_0.inactive_reason_code,re1_0.inactive_reason_text,re1_0.is_active,re1_0.note,re1_0.patient_id,re1_0.patient_name,re1_0.reception_no,re1_0.reservation_id,re1_0.scheduled_at,re1_0.status,re1_0.updated_at,re1_0.updated_by,re1_0.visit_type from reception re1_0 where re1_0.reception_id=?
2026-02-25 20:41:06.247 TRACE org.hibernate.orm.jdbc.bind - binding parameter (1:BIGINT) <- [22]
2026-02-25 20:41:06.260 INFO  k.co.seoulit.common.aop.LoggerAspect - kr.co.seoulit.reception.mapstruct.ReceptionResMapStructImpl.toDto()시작
2026-02-25 20:41:06.260 INFO  k.co.seoulit.common.aop.LoggerAspect - kr.co.seoulit.reception.mapstruct.ReceptionResMapStructImpl.toDto()종료
2026-02-25 20:41:06.260 INFO  k.co.seoulit.common.aop.LoggerAspect - ServiceImpl  : kr.co.seoulit.reception.service.ReceptionServiceImpl.getReception()종료
2026-02-25 20:41:06.267 INFO  k.co.seoulit.common.aop.LoggerAspect - Controller  : kr.co.seoulit.reception.controller.ReceptionController.getReception()종료
2026-02-25 20:41:09.546 INFO  k.co.seoulit.common.aop.LoggerAspect - Controller  : kr.co.seoulit.reception.controller.ReservationController.getReservations()시작
2026-02-25 20:41:09.546 INFO  k.co.seoulit.common.aop.LoggerAspect - Controller  : kr.co.seoulit.reception.controller.ReceptionController.getReceptions()시작
2026-02-25 20:41:09.547 INFO  k.c.s.r.c.ReservationController - 예약 목록 요청: searchType=null, searchValue=null
2026-02-25 20:41:09.547 INFO  k.c.s.r.c.ReceptionController - Reception list request: searchType=null, searchValue=null
2026-02-25 20:41:09.555 INFO  k.co.seoulit.common.aop.LoggerAspect - ServiceImpl  : kr.co.seoulit.reception.service.ReservationServiceImpl.getReservationList()시작
2026-02-25 20:41:09.555 INFO  k.co.seoulit.common.aop.LoggerAspect - ServiceImpl  : kr.co.seoulit.reception.service.ReceptionServiceImpl.getReceptionList()시작
2026-02-25 20:41:09.567 INFO  k.co.seoulit.common.aop.LoggerAspect - ServiceImpl  : kr.co.seoulit.reception.service.ReservationServiceImpl.getReservationList()종료
2026-02-25 20:41:09.583 INFO  k.co.seoulit.common.aop.LoggerAspect - Controller  : kr.co.seoulit.reception.controller.ReservationController.getReservations()종료
2026-02-25 20:41:09.585 INFO  k.co.seoulit.common.aop.LoggerAspect - ServiceImpl  : kr.co.seoulit.reception.service.ReceptionServiceImpl.getReceptionList()종료
2026-02-25 20:41:09.591 INFO  k.co.seoulit.common.aop.LoggerAspect - Controller  : kr.co.seoulit.reception.controller.ReceptionController.getReceptions()종료
2026-02-25 20:41:09.676 INFO  k.co.seoulit.common.aop.LoggerAspect - Controller  : kr.co.seoulit.reception.controller.ReceptionController.getReceptions()시작
2026-02-25 20:41:09.676 INFO  k.c.s.r.c.ReceptionController - Reception list request: searchType=null, searchValue=null
2026-02-25 20:41:09.676 INFO  k.co.seoulit.common.aop.LoggerAspect - ServiceImpl  : kr.co.seoulit.reception.service.ReceptionServiceImpl.getReceptionList()시작
2026-02-25 20:41:09.702 INFO  k.co.seoulit.common.aop.LoggerAspect - ServiceImpl  : kr.co.seoulit.reception.service.ReceptionServiceImpl.getReceptionList()종료
2026-02-25 20:41:09.741 INFO  k.co.seoulit.common.aop.LoggerAspect - Controller  : kr.co.seoulit.reception.controller.ReceptionController.getReceptions()종료
2026-02-25 20:41:09.912 INFO  k.co.seoulit.common.aop.LoggerAspect - Controller  : kr.co.seoulit.reception.controller.ReceptionController.getReception()시작
2026-02-25 20:41:09.912 INFO  k.c.s.r.c.ReceptionController - Get reception request: id=22
2026-02-25 20:41:09.912 INFO  k.co.seoulit.common.aop.LoggerAspect - ServiceImpl  : kr.co.seoulit.reception.service.ReceptionServiceImpl.getReception()시작
2026-02-25 20:41:09.913 DEBUG org.hibernate.SQL - select re1_0.reception_id,re1_0.arrived_at,re1_0.cancel_reason_code,re1_0.cancel_reason_text,re1_0.created_at,re1_0.created_by,re1_0.department_id,re1_0.department_name,re1_0.doctor_id,re1_0.doctor_name,re1_0.hold_reason_code,re1_0.hold_reason_text,re1_0.inactive_at,re1_0.inactive_reason_code,re1_0.inactive_reason_text,re1_0.is_active,re1_0.note,re1_0.patient_id,re1_0.patient_name,re1_0.reception_no,re1_0.reservation_id,re1_0.scheduled_at,re1_0.status,re1_0.updated_at,re1_0.updated_by,re1_0.visit_type from reception re1_0 where re1_0.reception_id=?
2026-02-25 20:41:09.914 TRACE org.hibernate.orm.jdbc.bind - binding parameter (1:BIGINT) <- [22]
2026-02-25 20:41:09.924 INFO  k.co.seoulit.common.aop.LoggerAspect - kr.co.seoulit.reception.mapstruct.ReceptionResMapStructImpl.toDto()시작
2026-02-25 20:41:09.924 INFO  k.co.seoulit.common.aop.LoggerAspect - kr.co.seoulit.reception.mapstruct.ReceptionResMapStructImpl.toDto()종료
2026-02-25 20:41:09.924 INFO  k.co.seoulit.common.aop.LoggerAspect - ServiceImpl  : kr.co.seoulit.reception.service.ReceptionServiceImpl.getReception()종료
2026-02-25 20:41:09.931 INFO  k.co.seoulit.common.aop.LoggerAspect - Controller  : kr.co.seoulit.reception.controller.ReceptionController.getReception()종료
2026-02-25 20:41:23.702 INFO  k.co.seoulit.common.aop.LoggerAspect - Controller  : kr.co.seoulit.reception.controller.ReservationController.getReservations()시작
2026-02-25 20:41:23.702 INFO  k.c.s.r.c.ReservationController - 예약 목록 요청: searchType=null, searchValue=null
2026-02-25 20:41:23.703 INFO  k.co.seoulit.common.aop.LoggerAspect - Controller  : kr.co.seoulit.reception.controller.ReceptionController.getReceptions()시작
2026-02-25 20:41:23.703 INFO  k.c.s.r.c.ReceptionController - Reception list request: searchType=null, searchValue=null
2026-02-25 20:41:23.712 INFO  k.co.seoulit.common.aop.LoggerAspect - ServiceImpl  : kr.co.seoulit.reception.service.ReceptionServiceImpl.getReceptionList()시작
2026-02-25 20:41:23.712 INFO  k.co.seoulit.common.aop.LoggerAspect - ServiceImpl  : kr.co.seoulit.reception.service.ReservationServiceImpl.getReservationList()시작
2026-02-25 20:41:23.722 INFO  k.co.seoulit.common.aop.LoggerAspect - ServiceImpl  : kr.co.seoulit.reception.service.ReservationServiceImpl.getReservationList()종료
2026-02-25 20:41:23.736 INFO  k.co.seoulit.common.aop.LoggerAspect - Controller  : kr.co.seoulit.reception.controller.ReservationController.getReservations()종료
2026-02-25 20:41:23.742 INFO  k.co.seoulit.common.aop.LoggerAspect - Controller  : kr.co.seoulit.reception.controller.ReservationController.getReservations()시작
2026-02-25 20:41:23.742 INFO  k.c.s.r.c.ReservationController - 예약 목록 요청: searchType=null, searchValue=null
2026-02-25 20:41:23.743 INFO  k.co.seoulit.common.aop.LoggerAspect - ServiceImpl  : kr.co.seoulit.reception.service.ReservationServiceImpl.getReservationList()시작
2026-02-25 20:41:23.754 INFO  k.co.seoulit.common.aop.LoggerAspect - ServiceImpl  : kr.co.seoulit.reception.service.ReceptionServiceImpl.getReceptionList()종료
2026-02-25 20:41:23.755 INFO  k.co.seoulit.common.aop.LoggerAspect - ServiceImpl  : kr.co.seoulit.reception.service.ReservationServiceImpl.getReservationList()종료
2026-02-25 20:41:23.759 INFO  k.co.seoulit.common.aop.LoggerAspect - Controller  : kr.co.seoulit.reception.controller.ReceptionController.getReceptions()종료
2026-02-25 20:41:23.759 INFO  k.co.seoulit.common.aop.LoggerAspect - Controller  : kr.co.seoulit.reception.controller.ReservationController.getReservations()종료
2026-02-25 20:41:23.766 INFO  k.co.seoulit.common.aop.LoggerAspect - Controller  : kr.co.seoulit.reception.controller.ReceptionController.getReceptions()시작
2026-02-25 20:41:23.766 INFO  k.c.s.r.c.ReceptionController - Reception list request: searchType=null, searchValue=null
2026-02-25 20:41:23.766 INFO  k.co.seoulit.common.aop.LoggerAspect - ServiceImpl  : kr.co.seoulit.reception.service.ReceptionServiceImpl.getReceptionList()시작
2026-02-25 20:41:23.782 INFO  k.co.seoulit.common.aop.LoggerAspect - ServiceImpl  : kr.co.seoulit.reception.service.ReceptionServiceImpl.getReceptionList()종료
2026-02-25 20:41:23.790 INFO  k.co.seoulit.common.aop.LoggerAspect - Controller  : kr.co.seoulit.reception.controller.ReceptionController.getReceptions()종료
2026-02-25 20:41:23.809 INFO  k.co.seoulit.common.aop.LoggerAspect - Controller  : kr.co.seoulit.reception.controller.ReceptionController.getReceptions()시작
2026-02-25 20:41:23.810 INFO  k.c.s.r.c.ReceptionController - Reception list request: searchType=null, searchValue=null
2026-02-25 20:41:23.810 INFO  k.co.seoulit.common.aop.LoggerAspect - ServiceImpl  : kr.co.seoulit.reception.service.ReceptionServiceImpl.getReceptionList()시작
2026-02-25 20:41:23.825 INFO  k.co.seoulit.common.aop.LoggerAspect - ServiceImpl  : kr.co.seoulit.reception.service.ReceptionServiceImpl.getReceptionList()종료
2026-02-25 20:41:23.830 INFO  k.co.seoulit.common.aop.LoggerAspect - Controller  : kr.co.seoulit.reception.controller.ReceptionController.getReceptions()종료
2026-02-25 20:41:23.873 INFO  k.co.seoulit.common.aop.LoggerAspect - Controller  : kr.co.seoulit.reception.controller.ReceptionController.getReceptions()시작
2026-02-25 20:41:23.873 INFO  k.c.s.r.c.ReceptionController - Reception list request: searchType=null, searchValue=null
2026-02-25 20:41:23.873 INFO  k.co.seoulit.common.aop.LoggerAspect - ServiceImpl  : kr.co.seoulit.reception.service.ReceptionServiceImpl.getReceptionList()시작
2026-02-25 20:41:23.894 INFO  k.co.seoulit.common.aop.LoggerAspect - ServiceImpl  : kr.co.seoulit.reception.service.ReceptionServiceImpl.getReceptionList()종료
2026-02-25 20:41:23.904 INFO  k.co.seoulit.common.aop.LoggerAspect - Controller  : kr.co.seoulit.reception.controller.ReceptionController.getReceptions()종료
2026-02-25 20:41:27.607 INFO  k.co.seoulit.common.aop.LoggerAspect - Controller  : kr.co.seoulit.reception.controller.ReceptionController.getReceptions()시작
2026-02-25 20:41:27.607 INFO  k.c.s.r.c.ReceptionController - Reception list request: searchType=null, searchValue=null
2026-02-25 20:41:27.607 INFO  k.co.seoulit.common.aop.LoggerAspect - Controller  : kr.co.seoulit.reception.controller.ReservationController.getReservations()시작
2026-02-25 20:41:27.608 INFO  k.c.s.r.c.ReservationController - 예약 목록 요청: searchType=null, searchValue=null
2026-02-25 20:41:27.617 INFO  k.co.seoulit.common.aop.LoggerAspect - ServiceImpl  : kr.co.seoulit.reception.service.ReceptionServiceImpl.getReceptionList()시작
2026-02-25 20:41:27.625 INFO  k.co.seoulit.common.aop.LoggerAspect - ServiceImpl  : kr.co.seoulit.reception.service.ReservationServiceImpl.getReservationList()시작
2026-02-25 20:41:27.646 INFO  k.co.seoulit.common.aop.LoggerAspect - ServiceImpl  : kr.co.seoulit.reception.service.ReservationServiceImpl.getReservationList()종료
2026-02-25 20:41:27.658 INFO  k.co.seoulit.common.aop.LoggerAspect - Controller  : kr.co.seoulit.reception.controller.ReservationController.getReservations()종료
2026-02-25 20:41:27.667 INFO  k.co.seoulit.common.aop.LoggerAspect - ServiceImpl  : kr.co.seoulit.reception.service.ReceptionServiceImpl.getReceptionList()종료
2026-02-25 20:41:27.695 INFO  k.co.seoulit.common.aop.LoggerAspect - Controller  : kr.co.seoulit.reception.controller.ReservationController.getReservations()시작
2026-02-25 20:41:27.699 INFO  k.co.seoulit.common.aop.LoggerAspect - Controller  : kr.co.seoulit.reception.controller.ReceptionController.getReceptions()종료
2026-02-25 20:41:27.696 INFO  k.c.s.r.c.ReservationController - 예약 목록 요청: searchType=null, searchValue=null
2026-02-25 20:41:27.706 INFO  k.co.seoulit.common.aop.LoggerAspect - ServiceImpl  : kr.co.seoulit.reception.service.ReservationServiceImpl.getReservationList()시작
2026-02-25 20:41:27.712 INFO  k.co.seoulit.common.aop.LoggerAspect - Controller  : kr.co.seoulit.reception.controller.ReceptionController.getReceptions()시작
2026-02-25 20:41:27.713 INFO  k.c.s.r.c.ReceptionController - Reception list request: searchType=null, searchValue=null
2026-02-25 20:41:27.726 INFO  k.co.seoulit.common.aop.LoggerAspect - ServiceImpl  : kr.co.seoulit.reception.service.ReservationServiceImpl.getReservationList()종료
2026-02-25 20:41:27.731 INFO  k.co.seoulit.common.aop.LoggerAspect - ServiceImpl  : kr.co.seoulit.reception.service.ReceptionServiceImpl.getReceptionList()시작
2026-02-25 20:41:27.745 INFO  k.co.seoulit.common.aop.LoggerAspect - Controller  : kr.co.seoulit.reception.controller.ReservationController.getReservations()종료
2026-02-25 20:41:27.785 INFO  k.co.seoulit.common.aop.LoggerAspect - ServiceImpl  : kr.co.seoulit.reception.service.ReceptionServiceImpl.getReceptionList()종료
2026-02-25 20:41:27.796 INFO  k.co.seoulit.common.aop.LoggerAspect - Controller  : kr.co.seoulit.reception.controller.ReceptionController.getReceptions()종료
2026-02-25 20:41:27.807 INFO  k.co.seoulit.common.aop.LoggerAspect - Controller  : kr.co.seoulit.reception.controller.ReceptionController.getReceptions()시작
2026-02-25 20:41:27.807 INFO  k.c.s.r.c.ReceptionController - Reception list request: searchType=null, searchValue=null
2026-02-25 20:41:27.808 INFO  k.co.seoulit.common.aop.LoggerAspect - ServiceImpl  : kr.co.seoulit.reception.service.ReceptionServiceImpl.getReceptionList()시작
2026-02-25 20:41:27.838 INFO  k.co.seoulit.common.aop.LoggerAspect - ServiceImpl  : kr.co.seoulit.reception.service.ReceptionServiceImpl.getReceptionList()종료
2026-02-25 20:41:27.846 INFO  k.co.seoulit.common.aop.LoggerAspect - Controller  : kr.co.seoulit.reception.controller.ReceptionController.getReceptions()종료
2026-02-25 20:41:27.904 INFO  k.co.seoulit.common.aop.LoggerAspect - Controller  : kr.co.seoulit.reception.controller.ReceptionController.getReceptions()시작
2026-02-25 20:41:27.905 INFO  k.c.s.r.c.ReceptionController - Reception list request: searchType=null, searchValue=null
2026-02-25 20:41:27.905 INFO  k.co.seoulit.common.aop.LoggerAspect - ServiceImpl  : kr.co.seoulit.reception.service.ReceptionServiceImpl.getReceptionList()시작
2026-02-25 20:41:27.948 INFO  k.co.seoulit.common.aop.LoggerAspect - ServiceImpl  : kr.co.seoulit.reception.service.ReceptionServiceImpl.getReceptionList()종료
2026-02-25 20:41:27.953 INFO  k.co.seoulit.common.aop.LoggerAspect - Controller  : kr.co.seoulit.reception.controller.ReceptionController.getReceptions()종료
2026-02-25 20:42:15.484 INFO  k.co.seoulit.common.aop.LoggerAspect - Controller  : kr.co.seoulit.reception.controller.ReservationController.getReservations()시작
2026-02-25 20:42:15.485 INFO  k.c.s.r.c.ReservationController - 예약 목록 요청: searchType=null, searchValue=null
2026-02-25 20:42:15.574 INFO  k.co.seoulit.common.aop.LoggerAspect - ServiceImpl  : kr.co.seoulit.reception.service.ReservationServiceImpl.getReservationList()시작
2026-02-25 20:42:15.592 INFO  k.co.seoulit.common.aop.LoggerAspect - ServiceImpl  : kr.co.seoulit.reception.service.ReservationServiceImpl.getReservationList()종료
2026-02-25 20:42:15.602 INFO  k.co.seoulit.common.aop.LoggerAspect - Controller  : kr.co.seoulit.reception.controller.ReservationController.getReservations()종료
2026-02-25 20:42:15.609 INFO  k.co.seoulit.common.aop.LoggerAspect - Controller  : kr.co.seoulit.reception.controller.ReservationController.getReservations()시작
2026-02-25 20:42:15.609 INFO  k.c.s.r.c.ReservationController - 예약 목록 요청: searchType=null, searchValue=null
2026-02-25 20:42:15.646 INFO  k.co.seoulit.common.aop.LoggerAspect - ServiceImpl  : kr.co.seoulit.reception.service.ReservationServiceImpl.getReservationList()시작
2026-02-25 20:42:15.660 INFO  k.co.seoulit.common.aop.LoggerAspect - ServiceImpl  : kr.co.seoulit.reception.service.ReservationServiceImpl.getReservationList()종료
2026-02-25 20:42:15.670 INFO  k.co.seoulit.common.aop.LoggerAspect - Controller  : kr.co.seoulit.reception.controller.ReservationController.getReservations()종료
2026-02-25 20:42:32.246 INFO  k.co.seoulit.common.aop.LoggerAspect - Controller  : kr.co.seoulit.reception.controller.EmergencyReceptionController.getEmergencyReceptions()시작
2026-02-25 20:42:32.246 INFO  k.c.s.r.c.EmergencyReceptionController - 응급 접수 목록 요청: searchType=null, searchValue=null
2026-02-25 20:42:32.258 INFO  k.co.seoulit.common.aop.LoggerAspect - ServiceImpl  : kr.co.seoulit.reception.service.EmergencyReceptionServiceImpl.getEmergencyReceptionList()시작
2026-02-25 20:42:32.285 INFO  k.co.seoulit.common.aop.LoggerAspect - ServiceImpl  : kr.co.seoulit.reception.service.EmergencyReceptionServiceImpl.getEmergencyReceptionList()종료
2026-02-25 20:42:32.292 INFO  k.co.seoulit.common.aop.LoggerAspect - Controller  : kr.co.seoulit.reception.controller.EmergencyReceptionController.getEmergencyReceptions()종료
2026-02-25 20:42:32.304 INFO  k.co.seoulit.common.aop.LoggerAspect - Controller  : kr.co.seoulit.reception.controller.EmergencyReceptionController.getEmergencyReceptions()시작
2026-02-25 20:42:32.305 INFO  k.c.s.r.c.EmergencyReceptionController - 응급 접수 목록 요청: searchType=null, searchValue=null
2026-02-25 20:42:32.313 INFO  k.co.seoulit.common.aop.LoggerAspect - ServiceImpl  : kr.co.seoulit.reception.service.EmergencyReceptionServiceImpl.getEmergencyReceptionList()시작
2026-02-25 20:42:32.335 INFO  k.co.seoulit.common.aop.LoggerAspect - ServiceImpl  : kr.co.seoulit.reception.service.EmergencyReceptionServiceImpl.getEmergencyReceptionList()종료
2026-02-25 20:42:32.342 INFO  k.co.seoulit.common.aop.LoggerAspect - Controller  : kr.co.seoulit.reception.controller.EmergencyReceptionController.getEmergencyReceptions()종료
2026-02-25 20:48:55.159 INFO  o.s.o.j.LocalContainerEntityManagerFactoryBean - Closing JPA EntityManagerFactory for persistence unit 'default'
2026-02-25 20:48:55.170 INFO  com.zaxxer.hikari.HikariDataSource - HikariPool-1 - Shutdown initiated...
2026-02-25 20:48:55.231 INFO  com.zaxxer.hikari.HikariDataSource - HikariPool-1 - Shutdown completed.
