2026-02-23 08:52:04.472 INFO  o.h.validator.internal.util.Version - HV000001: Hibernate Validator 8.0.1.Final
2026-02-23 08:52:04.549 INFO  kr.co.seoulit.ReceptionApplication - Starting ReceptionApplication using Java 17.0.12 with PID 33148 (D:\서울IT교육센터\dev\teamwork\project\backend\hospital_reception_backend\reception_back\build\classes\java\main started by USER in D:\서울IT교육센터\dev\teamwork\project\backend\hospital_reception_backend\reception_back)
2026-02-23 08:52:04.551 INFO  kr.co.seoulit.ReceptionApplication - No active profile set, falling back to 1 default profile: "default"
2026-02-23 08:52:06.193 INFO  o.s.d.r.c.RepositoryConfigurationDelegate - Multiple Spring Data modules found, entering strict repository configuration mode
2026-02-23 08:52:06.197 INFO  o.s.d.r.c.RepositoryConfigurationDelegate - Bootstrapping Spring Data JPA repositories in DEFAULT mode.
2026-02-23 08:52:06.509 INFO  o.s.d.r.c.RepositoryConfigurationDelegate - Finished Spring Data repository scanning in 298 ms. Found 9 JPA repository interfaces.
2026-02-23 08:52:06.536 INFO  o.s.d.r.c.RepositoryConfigurationDelegate - Multiple Spring Data modules found, entering strict repository configuration mode
2026-02-23 08:52:06.539 INFO  o.s.d.r.c.RepositoryConfigurationDelegate - Bootstrapping Spring Data Redis repositories in DEFAULT mode.
2026-02-23 08:52:06.561 INFO  o.s.d.r.c.RepositoryConfigurationExtensionSupport - Spring Data Redis - Could not safely identify store assignment for repository candidate interface kr.co.seoulit.common.audit.AuditLogRepository; If you want this repository to be a Redis repository, consider annotating your entities with one of these annotations: org.springframework.data.redis.core.RedisHash (preferred), or consider extending one of the following types with your repository: org.springframework.data.keyvalue.repository.KeyValueRepository
2026-02-23 08:52:06.562 INFO  o.s.d.r.c.RepositoryConfigurationExtensionSupport - Spring Data Redis - Could not safely identify store assignment for repository candidate interface kr.co.seoulit.reception.repository.DepartmentRepository; If you want this repository to be a Redis repository, consider annotating your entities with one of these annotations: org.springframework.data.redis.core.RedisHash (preferred), or consider extending one of the following types with your repository: org.springframework.data.keyvalue.repository.KeyValueRepository
2026-02-23 08:52:06.563 INFO  o.s.d.r.c.RepositoryConfigurationExtensionSupport - Spring Data Redis - Could not safely identify store assignment for repository candidate interface kr.co.seoulit.reception.repository.DoctorRepository; If you want this repository to be a Redis repository, consider annotating your entities with one of these annotations: org.springframework.data.redis.core.RedisHash (preferred), or consider extending one of the following types with your repository: org.springframework.data.keyvalue.repository.KeyValueRepository
2026-02-23 08:52:06.563 INFO  o.s.d.r.c.RepositoryConfigurationExtensionSupport - Spring Data Redis - Could not safely identify store assignment for repository candidate interface kr.co.seoulit.reception.repository.PatientRepository; If you want this repository to be a Redis repository, consider annotating your entities with one of these annotations: org.springframework.data.redis.core.RedisHash (preferred), or consider extending one of the following types with your repository: org.springframework.data.keyvalue.repository.KeyValueRepository
2026-02-23 08:52:06.564 INFO  o.s.d.r.c.RepositoryConfigurationExtensionSupport - Spring Data Redis - Could not safely identify store assignment for repository candidate interface kr.co.seoulit.reception.repository.ReceptionEmergencyRepository; If you want this repository to be a Redis repository, consider annotating your entities with one of these annotations: org.springframework.data.redis.core.RedisHash (preferred), or consider extending one of the following types with your repository: org.springframework.data.keyvalue.repository.KeyValueRepository
2026-02-23 08:52:06.565 INFO  o.s.d.r.c.RepositoryConfigurationExtensionSupport - Spring Data Redis - Could not safely identify store assignment for repository candidate interface kr.co.seoulit.reception.repository.ReceptionInpatientRepository; If you want this repository to be a Redis repository, consider annotating your entities with one of these annotations: org.springframework.data.redis.core.RedisHash (preferred), or consider extending one of the following types with your repository: org.springframework.data.keyvalue.repository.KeyValueRepository
2026-02-23 08:52:06.565 INFO  o.s.d.r.c.RepositoryConfigurationExtensionSupport - Spring Data Redis - Could not safely identify store assignment for repository candidate interface kr.co.seoulit.reception.repository.ReceptionRepository; If you want this repository to be a Redis repository, consider annotating your entities with one of these annotations: org.springframework.data.redis.core.RedisHash (preferred), or consider extending one of the following types with your repository: org.springframework.data.keyvalue.repository.KeyValueRepository
2026-02-23 08:52:06.566 INFO  o.s.d.r.c.RepositoryConfigurationExtensionSupport - Spring Data Redis - Could not safely identify store assignment for repository candidate interface kr.co.seoulit.reception.repository.ReceptionStatusHistoryRepository; If you want this repository to be a Redis repository, consider annotating your entities with one of these annotations: org.springframework.data.redis.core.RedisHash (preferred), or consider extending one of the following types with your repository: org.springframework.data.keyvalue.repository.KeyValueRepository
2026-02-23 08:52:06.566 INFO  o.s.d.r.c.RepositoryConfigurationExtensionSupport - Spring Data Redis - Could not safely identify store assignment for repository candidate interface kr.co.seoulit.reception.repository.ReservationRepository; If you want this repository to be a Redis repository, consider annotating your entities with one of these annotations: org.springframework.data.redis.core.RedisHash (preferred), or consider extending one of the following types with your repository: org.springframework.data.keyvalue.repository.KeyValueRepository
2026-02-23 08:52:06.566 INFO  o.s.d.r.c.RepositoryConfigurationDelegate - Finished Spring Data repository scanning in 18 ms. Found 0 Redis repository interfaces.
2026-02-23 08:52:08.007 INFO  o.s.b.w.e.tomcat.TomcatWebServer - Tomcat initialized with port 8283 (http)
2026-02-23 08:52:08.027 INFO  o.a.coyote.http11.Http11NioProtocol - Initializing ProtocolHandler ["http-nio-8283"]
2026-02-23 08:52:08.030 INFO  o.a.catalina.core.StandardService - Starting service [Tomcat]
2026-02-23 08:52:08.031 INFO  o.a.catalina.core.StandardEngine - Starting Servlet engine: [Apache Tomcat/10.1.26]
2026-02-23 08:52:08.168 INFO  o.a.c.c.C.[Tomcat].[localhost].[/] - Initializing Spring embedded WebApplicationContext
2026-02-23 08:52:08.168 INFO  o.s.b.w.s.c.ServletWebServerApplicationContext - Root WebApplicationContext: initialization completed in 3540 ms
2026-02-23 08:52:08.725 INFO  o.h.jpa.internal.util.LogHelper - HHH000204: Processing PersistenceUnitInfo [name: default]
2026-02-23 08:52:08.829 INFO  org.hibernate.Version - HHH000412: Hibernate ORM core version 6.5.2.Final
2026-02-23 08:52:08.883 INFO  o.h.c.i.RegionFactoryInitiator - HHH000026: Second-level cache disabled
2026-02-23 08:52:09.674 INFO  o.s.o.j.p.SpringPersistenceUnitInfo - No LoadTimeWeaver setup: ignoring JPA class transformer
2026-02-23 08:52:09.816 INFO  com.zaxxer.hikari.HikariDataSource - HikariPool-1 - Starting...
2026-02-23 08:52:32.206 WARN  o.h.e.j.e.i.JdbcEnvironmentInitiator - HHH000342: Could not obtain connection to query metadata
java.lang.NullPointerException: Cannot invoke "org.hibernate.engine.jdbc.spi.SqlExceptionHelper.convert(java.sql.SQLException, String)" because the return value of "org.hibernate.resource.transaction.backend.jdbc.internal.JdbcIsolationDelegate.sqlExceptionHelper()" is null
	at org.hibernate.resource.transaction.backend.jdbc.internal.JdbcIsolationDelegate.delegateWork(JdbcIsolationDelegate.java:116)
	at org.hibernate.engine.jdbc.env.internal.JdbcEnvironmentInitiator.getJdbcEnvironmentUsingJdbcMetadata(JdbcEnvironmentInitiator.java:290)
	at org.hibernate.engine.jdbc.env.internal.JdbcEnvironmentInitiator.initiateService(JdbcEnvironmentInitiator.java:123)
	at org.hibernate.engine.jdbc.env.internal.JdbcEnvironmentInitiator.initiateService(JdbcEnvironmentInitiator.java:77)
	at org.hibernate.boot.registry.internal.StandardServiceRegistryImpl.initiateService(StandardServiceRegistryImpl.java:130)
	at org.hibernate.service.internal.AbstractServiceRegistryImpl.createService(AbstractServiceRegistryImpl.java:263)
	at org.hibernate.service.internal.AbstractServiceRegistryImpl.initializeService(AbstractServiceRegistryImpl.java:238)
	at org.hibernate.service.internal.AbstractServiceRegistryImpl.getService(AbstractServiceRegistryImpl.java:215)
	at org.hibernate.boot.model.relational.Database.<init>(Database.java:45)
	at org.hibernate.boot.internal.InFlightMetadataCollectorImpl.getDatabase(InFlightMetadataCollectorImpl.java:221)
	at org.hibernate.boot.internal.InFlightMetadataCollectorImpl.<init>(InFlightMetadataCollectorImpl.java:189)
	at org.hibernate.boot.model.process.spi.MetadataBuildingProcess.complete(MetadataBuildingProcess.java:171)
	at org.hibernate.jpa.boot.internal.EntityManagerFactoryBuilderImpl.metadata(EntityManagerFactoryBuilderImpl.java:1431)
	at org.hibernate.jpa.boot.internal.EntityManagerFactoryBuilderImpl.build(EntityManagerFactoryBuilderImpl.java:1502)
	at org.springframework.orm.jpa.vendor.SpringHibernateJpaPersistenceProvider.createContainerEntityManagerFactory(SpringHibernateJpaPersistenceProvider.java:75)
	at org.springframework.orm.jpa.LocalContainerEntityManagerFactoryBean.createNativeEntityManagerFactory(LocalContainerEntityManagerFactoryBean.java:390)
	at org.springframework.orm.jpa.AbstractEntityManagerFactoryBean.buildNativeEntityManagerFactory(AbstractEntityManagerFactoryBean.java:409)
	at org.springframework.orm.jpa.AbstractEntityManagerFactoryBean.afterPropertiesSet(AbstractEntityManagerFactoryBean.java:396)
	at org.springframework.orm.jpa.LocalContainerEntityManagerFactoryBean.afterPropertiesSet(LocalContainerEntityManagerFactoryBean.java:366)
	at org.springframework.beans.factory.support.AbstractAutowireCapableBeanFactory.invokeInitMethods(AbstractAutowireCapableBeanFactory.java:1853)
	at org.springframework.beans.factory.support.AbstractAutowireCapableBeanFactory.initializeBean(AbstractAutowireCapableBeanFactory.java:1802)
	at org.springframework.beans.factory.support.AbstractAutowireCapableBeanFactory.doCreateBean(AbstractAutowireCapableBeanFactory.java:600)
	at org.springframework.beans.factory.support.AbstractAutowireCapableBeanFactory.createBean(AbstractAutowireCapableBeanFactory.java:522)
	at org.springframework.beans.factory.support.AbstractBeanFactory.lambda$doGetBean$0(AbstractBeanFactory.java:337)
	at org.springframework.beans.factory.support.DefaultSingletonBeanRegistry.getSingleton(DefaultSingletonBeanRegistry.java:234)
	at org.springframework.beans.factory.support.AbstractBeanFactory.doGetBean(AbstractBeanFactory.java:335)
	at org.springframework.beans.factory.support.AbstractBeanFactory.getBean(AbstractBeanFactory.java:205)
	at org.springframework.context.support.AbstractApplicationContext.finishBeanFactoryInitialization(AbstractApplicationContext.java:954)
	at org.springframework.context.support.AbstractApplicationContext.refresh(AbstractApplicationContext.java:625)
	at org.springframework.boot.web.servlet.context.ServletWebServerApplicationContext.refresh(ServletWebServerApplicationContext.java:146)
	at org.springframework.boot.SpringApplication.refresh(SpringApplication.java:754)
	at org.springframework.boot.SpringApplication.refreshContext(SpringApplication.java:456)
	at org.springframework.boot.SpringApplication.run(SpringApplication.java:335)
	at org.springframework.boot.SpringApplication.run(SpringApplication.java:1363)
	at org.springframework.boot.SpringApplication.run(SpringApplication.java:1352)
	at kr.co.seoulit.ReceptionApplication.main(ReceptionApplication.java:12)
2026-02-23 08:52:32.362 WARN  org.hibernate.orm.deprecation - HHH90000026: Oracle10gDialect has been deprecated; use org.hibernate.community.dialect.OracleLegacyDialect instead
2026-02-23 08:52:35.646 INFO  o.h.e.t.j.p.i.JtaPlatformInitiator - HHH000489: No JTA platform available (set 'hibernate.transaction.jta.platform' to enable JTA platform integration)
2026-02-23 08:52:35.657 INFO  o.s.o.j.LocalContainerEntityManagerFactoryBean - Initialized JPA EntityManagerFactory for persistence unit 'default'
2026-02-23 08:52:38.301 WARN  o.s.b.a.o.j.JpaBaseConfiguration$JpaWebConfiguration - spring.jpa.open-in-view is enabled by default. Therefore, database queries may be performed during view rendering. Explicitly configure spring.jpa.open-in-view to disable this warning
2026-02-23 08:52:38.358 INFO  o.s.b.a.w.s.WelcomePageHandlerMapping - Adding welcome page: class path resource [static/index.html]
2026-02-23 08:52:39.607 INFO  o.a.coyote.http11.Http11NioProtocol - Starting ProtocolHandler ["http-nio-8283"]
2026-02-23 08:52:39.663 INFO  o.s.b.w.e.tomcat.TomcatWebServer - Tomcat started on port 8283 (http) with context path '/'
2026-02-23 08:52:39.675 INFO  kr.co.seoulit.ReceptionApplication - Started ReceptionApplication in 36.0 seconds (process running for 41.319)
2026-02-23 08:57:18.072 INFO  o.a.c.c.C.[Tomcat].[localhost].[/] - Initializing Spring DispatcherServlet 'dispatcherServlet'
2026-02-23 08:57:18.073 INFO  o.s.web.servlet.DispatcherServlet - Initializing Servlet 'dispatcherServlet'
2026-02-23 08:57:18.077 INFO  o.s.web.servlet.DispatcherServlet - Completed initialization in 4 ms
2026-02-23 08:57:20.499 INFO  o.s.api.AbstractOpenApiResource - Init duration for springdoc-openapi is: 1687 ms
2026-02-23 09:08:17.188 INFO  k.co.seoulit.common.aop.LoggerAspect - Controller  : kr.co.seoulit.reception.controller.ReceptionController.getReceptions()시작
2026-02-23 09:08:17.189 INFO  k.c.s.r.c.ReceptionController - Reception list request: searchType=null, searchValue=null
2026-02-23 09:08:17.195 INFO  com.zaxxer.hikari.HikariDataSource - HikariPool-1 - Starting...
2026-02-23 09:08:36.951 INFO  k.co.seoulit.common.aop.LoggerAspect - Controller  : kr.co.seoulit.reception.controller.ReceptionController.getReceptions()시작
2026-02-23 09:08:36.951 INFO  k.c.s.r.c.ReceptionController - Reception list request: searchType=null, searchValue=null
2026-02-23 09:08:39.268 INFO  com.zaxxer.hikari.HikariDataSource - HikariPool-1 - Starting...
2026-02-23 09:08:39.268 WARN  o.h.e.jdbc.spi.SqlExceptionHelper - SQL Error: 17002, SQLState: 08006
2026-02-23 09:08:39.269 ERROR o.h.e.jdbc.spi.SqlExceptionHelper - IO 오류: The Network Adapter could not establish the connection (CONNECTION_ID=DobIfCIjRqK1gWafIURIGg==)
2026-02-23 09:08:39.276 ERROR k.c.s.c.h.GlobalExceptionHandler - Unhandled server error
org.springframework.transaction.CannotCreateTransactionException: Could not open JPA EntityManager for transaction
	at org.springframework.orm.jpa.JpaTransactionManager.doBegin(JpaTransactionManager.java:466)
	at org.springframework.transaction.support.AbstractPlatformTransactionManager.startTransaction(AbstractPlatformTransactionManager.java:532)
	at org.springframework.transaction.support.AbstractPlatformTransactionManager.getTransaction(AbstractPlatformTransactionManager.java:405)
	at org.springframework.transaction.interceptor.TransactionAspectSupport.createTransactionIfNecessary(TransactionAspectSupport.java:604)
	at org.springframework.transaction.interceptor.TransactionAspectSupport.invokeWithinTransaction(TransactionAspectSupport.java:373)
	at org.springframework.transaction.interceptor.TransactionInterceptor.invoke(TransactionInterceptor.java:119)
	at org.springframework.aop.framework.ReflectiveMethodInvocation.proceed(ReflectiveMethodInvocation.java:184)
	at org.springframework.aop.framework.CglibAopProxy$CglibMethodInvocation.proceed(CglibAopProxy.java:768)
	at org.springframework.aop.interceptor.ExposeInvocationInterceptor.invoke(ExposeInvocationInterceptor.java:97)
	at org.springframework.aop.framework.ReflectiveMethodInvocation.proceed(ReflectiveMethodInvocation.java:184)
	at org.springframework.aop.framework.CglibAopProxy$CglibMethodInvocation.proceed(CglibAopProxy.java:768)
	at org.springframework.aop.framework.CglibAopProxy$DynamicAdvisedInterceptor.intercept(CglibAopProxy.java:720)
	at kr.co.seoulit.reception.service.ReceptionServiceImpl$$SpringCGLIB$$0.getReceptionList(<generated>)
	at kr.co.seoulit.reception.controller.ReceptionController.getReceptions(ReceptionController.java:55)
	at java.base/jdk.internal.reflect.NativeMethodAccessorImpl.invoke0(Native Method)
	at java.base/jdk.internal.reflect.NativeMethodAccessorImpl.invoke(NativeMethodAccessorImpl.java:77)
	at java.base/jdk.internal.reflect.DelegatingMethodAccessorImpl.invoke(DelegatingMethodAccessorImpl.java:43)
	at java.base/java.lang.reflect.Method.invoke(Method.java:568)
	at org.springframework.aop.support.AopUtils.invokeJoinpointUsingReflection(AopUtils.java:354)
	at org.springframework.aop.framework.ReflectiveMethodInvocation.invokeJoinpoint(ReflectiveMethodInvocation.java:196)
	at org.springframework.aop.framework.ReflectiveMethodInvocation.proceed(ReflectiveMethodInvocation.java:163)
	at org.springframework.aop.framework.CglibAopProxy$CglibMethodInvocation.proceed(CglibAopProxy.java:768)
	at org.springframework.aop.aspectj.MethodInvocationProceedingJoinPoint.proceed(MethodInvocationProceedingJoinPoint.java:89)
	at kr.co.seoulit.common.aop.LoggerAspect.logPrint(LoggerAspect.java:31)
	at java.base/jdk.internal.reflect.NativeMethodAccessorImpl.invoke0(Native Method)
	at java.base/jdk.internal.reflect.NativeMethodAccessorImpl.invoke(NativeMethodAccessorImpl.java:77)
	at java.base/jdk.internal.reflect.DelegatingMethodAccessorImpl.invoke(DelegatingMethodAccessorImpl.java:43)
	at java.base/java.lang.reflect.Method.invoke(Method.java:568)
	at org.springframework.aop.aspectj.AbstractAspectJAdvice.invokeAdviceMethodWithGivenArgs(AbstractAspectJAdvice.java:637)
	at org.springframework.aop.aspectj.AbstractAspectJAdvice.invokeAdviceMethod(AbstractAspectJAdvice.java:627)
	at org.springframework.aop.aspectj.AspectJAroundAdvice.invoke(AspectJAroundAdvice.java:71)
	at org.springframework.aop.framework.ReflectiveMethodInvocation.proceed(ReflectiveMethodInvocation.java:184)
	at org.springframework.aop.framework.CglibAopProxy$CglibMethodInvocation.proceed(CglibAopProxy.java:768)
	at org.springframework.aop.interceptor.ExposeInvocationInterceptor.invoke(ExposeInvocationInterceptor.java:97)
	at org.springframework.aop.framework.ReflectiveMethodInvocation.proceed(ReflectiveMethodInvocation.java:184)
	at org.springframework.aop.framework.CglibAopProxy$CglibMethodInvocation.proceed(CglibAopProxy.java:768)
	at org.springframework.aop.framework.CglibAopProxy$DynamicAdvisedInterceptor.intercept(CglibAopProxy.java:720)
	at kr.co.seoulit.reception.controller.ReceptionController$$SpringCGLIB$$0.getReceptions(<generated>)
	at java.base/jdk.internal.reflect.NativeMethodAccessorImpl.invoke0(Native Method)
	at java.base/jdk.internal.reflect.NativeMethodAccessorImpl.invoke(NativeMethodAccessorImpl.java:77)
	at java.base/jdk.internal.reflect.DelegatingMethodAccessorImpl.invoke(DelegatingMethodAccessorImpl.java:43)
	at java.base/java.lang.reflect.Method.invoke(Method.java:568)
	at org.springframework.web.method.support.InvocableHandlerMethod.doInvoke(InvocableHandlerMethod.java:255)
	at org.springframework.web.method.support.InvocableHandlerMethod.invokeForRequest(InvocableHandlerMethod.java:188)
	at org.springframework.web.servlet.mvc.method.annotation.ServletInvocableHandlerMethod.invokeAndHandle(ServletInvocableHandlerMethod.java:118)
	at org.springframework.web.servlet.mvc.method.annotation.RequestMappingHandlerAdapter.invokeHandlerMethod(RequestMappingHandlerAdapter.java:926)
	at org.springframework.web.servlet.mvc.method.annotation.RequestMappingHandlerAdapter.handleInternal(RequestMappingHandlerAdapter.java:831)
	at org.springframework.web.servlet.mvc.method.AbstractHandlerMethodAdapter.handle(AbstractHandlerMethodAdapter.java:87)
	at org.springframework.web.servlet.DispatcherServlet.doDispatch(DispatcherServlet.java:1089)
	at org.springframework.web.servlet.DispatcherServlet.doService(DispatcherServlet.java:979)
	at org.springframework.web.servlet.FrameworkServlet.processRequest(FrameworkServlet.java:1014)
	at org.springframework.web.servlet.FrameworkServlet.doGet(FrameworkServlet.java:903)
	at jakarta.servlet.http.HttpServlet.service(HttpServlet.java:564)
	at org.springframework.web.servlet.FrameworkServlet.service(FrameworkServlet.java:885)
	at jakarta.servlet.http.HttpServlet.service(HttpServlet.java:658)
	at org.apache.catalina.core.ApplicationFilterChain.internalDoFilter(ApplicationFilterChain.java:195)
	at org.apache.catalina.core.ApplicationFilterChain.doFilter(ApplicationFilterChain.java:140)
	at org.apache.tomcat.websocket.server.WsFilter.doFilter(WsFilter.java:51)
	at org.apache.catalina.core.ApplicationFilterChain.internalDoFilter(ApplicationFilterChain.java:164)
	at org.apache.catalina.core.ApplicationFilterChain.doFilter(ApplicationFilterChain.java:140)
	at org.springframework.web.filter.CorsFilter.doFilterInternal(CorsFilter.java:91)
	at org.springframework.web.filter.OncePerRequestFilter.doFilter(OncePerRequestFilter.java:116)
	at org.apache.catalina.core.ApplicationFilterChain.internalDoFilter(ApplicationFilterChain.java:164)
	at org.apache.catalina.core.ApplicationFilterChain.doFilter(ApplicationFilterChain.java:140)
	at org.springframework.web.filter.RequestContextFilter.doFilterInternal(RequestContextFilter.java:100)
	at org.springframework.web.filter.OncePerRequestFilter.doFilter(OncePerRequestFilter.java:116)
	at org.apache.catalina.core.ApplicationFilterChain.internalDoFilter(ApplicationFilterChain.java:164)
	at org.apache.catalina.core.ApplicationFilterChain.doFilter(ApplicationFilterChain.java:140)
	at org.springframework.web.filter.FormContentFilter.doFilterInternal(FormContentFilter.java:93)
	at org.springframework.web.filter.OncePerRequestFilter.doFilter(OncePerRequestFilter.java:116)
	at org.apache.catalina.core.ApplicationFilterChain.internalDoFilter(ApplicationFilterChain.java:164)
	at org.apache.catalina.core.ApplicationFilterChain.doFilter(ApplicationFilterChain.java:140)
	at org.springframework.web.filter.CharacterEncodingFilter.doFilterInternal(CharacterEncodingFilter.java:201)
	at org.springframework.web.filter.OncePerRequestFilter.doFilter(OncePerRequestFilter.java:116)
	at org.apache.catalina.core.ApplicationFilterChain.internalDoFilter(ApplicationFilterChain.java:164)
	at org.apache.catalina.core.ApplicationFilterChain.doFilter(ApplicationFilterChain.java:140)
	at org.apache.catalina.core.StandardWrapperValve.invoke(StandardWrapperValve.java:167)
	at org.apache.catalina.core.StandardContextValve.invoke(StandardContextValve.java:90)
	at org.apache.catalina.authenticator.AuthenticatorBase.invoke(AuthenticatorBase.java:483)
	at org.apache.catalina.core.StandardHostValve.invoke(StandardHostValve.java:115)
	at org.apache.catalina.valves.ErrorReportValve.invoke(ErrorReportValve.java:93)
	at org.apache.catalina.core.StandardEngineValve.invoke(StandardEngineValve.java:74)
	at org.apache.catalina.connector.CoyoteAdapter.service(CoyoteAdapter.java:344)
	at org.apache.coyote.http11.Http11Processor.service(Http11Processor.java:389)
	at org.apache.coyote.AbstractProcessorLight.process(AbstractProcessorLight.java:63)
	at org.apache.coyote.AbstractProtocol$ConnectionHandler.process(AbstractProtocol.java:904)
	at org.apache.tomcat.util.net.NioEndpoint$SocketProcessor.doRun(NioEndpoint.java:1741)
	at org.apache.tomcat.util.net.SocketProcessorBase.run(SocketProcessorBase.java:52)
	at org.apache.tomcat.util.threads.ThreadPoolExecutor.runWorker(ThreadPoolExecutor.java:1190)
	at org.apache.tomcat.util.threads.ThreadPoolExecutor$Worker.run(ThreadPoolExecutor.java:659)
	at org.apache.tomcat.util.threads.TaskThread$WrappingRunnable.run(TaskThread.java:63)
	at java.base/java.lang.Thread.run(Thread.java:842)
Caused by: org.hibernate.exception.JDBCConnectionException: Unable to acquire JDBC Connection [IO 오류: The Network Adapter could not establish the connection (CONNECTION_ID=DobIfCIjRqK1gWafIURIGg==)] [n/a]
	at org.hibernate.exception.internal.SQLStateConversionDelegate.convert(SQLStateConversionDelegate.java:100)
	at org.hibernate.exception.internal.StandardSQLExceptionConverter.convert(StandardSQLExceptionConverter.java:58)
	at org.hibernate.engine.jdbc.spi.SqlExceptionHelper.convert(SqlExceptionHelper.java:108)
	at org.hibernate.engine.jdbc.spi.SqlExceptionHelper.convert(SqlExceptionHelper.java:94)
	at org.hibernate.resource.jdbc.internal.LogicalConnectionManagedImpl.acquireConnectionIfNeeded(LogicalConnectionManagedImpl.java:116)
	at org.hibernate.resource.jdbc.internal.LogicalConnectionManagedImpl.getPhysicalConnection(LogicalConnectionManagedImpl.java:143)
	at org.springframework.orm.jpa.vendor.HibernateJpaDialect.beginTransaction(HibernateJpaDialect.java:164)
	at org.springframework.orm.jpa.JpaTransactionManager.doBegin(JpaTransactionManager.java:420)
	... 91 common frames omitted
Caused by: java.sql.SQLRecoverableException: IO 오류: The Network Adapter could not establish the connection (CONNECTION_ID=DobIfCIjRqK1gWafIURIGg==)
	at oracle.jdbc.driver.T4CConnection.handleLogonNetException(T4CConnection.java:905)
	at oracle.jdbc.driver.T4CConnection.logon(T4CConnection.java:710)
	at oracle.jdbc.driver.PhysicalConnection.connect(PhysicalConnection.java:1095)
	at oracle.jdbc.driver.T4CDriverExtension.getConnection(T4CDriverExtension.java:90)
	at oracle.jdbc.driver.OracleDriver.connect(OracleDriver.java:733)
	at oracle.jdbc.driver.OracleDriver.connect(OracleDriver.java:649)
	at com.zaxxer.hikari.util.DriverDataSource.getConnection(DriverDataSource.java:137)
	at com.zaxxer.hikari.pool.PoolBase.newConnection(PoolBase.java:360)
	at com.zaxxer.hikari.pool.PoolBase.newPoolEntry(PoolBase.java:202)
	at com.zaxxer.hikari.pool.HikariPool.createPoolEntry(HikariPool.java:461)
	at com.zaxxer.hikari.pool.HikariPool.checkFailFast(HikariPool.java:550)
	at com.zaxxer.hikari.pool.HikariPool.<init>(HikariPool.java:98)
	at com.zaxxer.hikari.HikariDataSource.getConnection(HikariDataSource.java:111)
	at org.hibernate.engine.jdbc.connections.internal.DatasourceConnectionProviderImpl.getConnection(DatasourceConnectionProviderImpl.java:122)
	at org.hibernate.internal.NonContextualJdbcConnectionAccess.obtainConnection(NonContextualJdbcConnectionAccess.java:46)
	at org.hibernate.resource.jdbc.internal.LogicalConnectionManagedImpl.acquireConnectionIfNeeded(LogicalConnectionManagedImpl.java:113)
	... 94 common frames omitted
Caused by: oracle.net.ns.NetException: The Network Adapter could not establish the connection (CONNECTION_ID=DobIfCIjRqK1gWafIURIGg==)
	at oracle.net.nt.ConnStrategy.execute(ConnStrategy.java:729)
	at oracle.net.resolver.AddrResolution.resolveAndExecute(AddrResolution.java:629)
	at oracle.net.ns.NSProtocol.establishConnection(NSProtocol.java:965)
	at oracle.net.ns.NSProtocol.connect(NSProtocol.java:351)
	at oracle.jdbc.driver.T4CConnection.connect(T4CConnection.java:2653)
	at oracle.jdbc.driver.T4CConnection.logon(T4CConnection.java:669)
	... 108 common frames omitted
Caused by: java.io.IOException: Connection timed out: connect, socket connect lapse 21055 ms. 192.168.1.67 1521  30000 (1/1) true
	at oracle.net.nt.TcpNTAdapter.establishSocket(TcpNTAdapter.java:429)
	at oracle.net.nt.TcpNTAdapter.doLocalDNSLookupConnect(TcpNTAdapter.java:311)
	at oracle.net.nt.TcpNTAdapter.connect(TcpNTAdapter.java:273)
	at oracle.net.nt.ConnOption.connect(ConnOption.java:231)
	at oracle.net.nt.ConnStrategy.executeConnOption(ConnStrategy.java:1028)
	at oracle.net.nt.ConnStrategy.execute(ConnStrategy.java:687)
	... 113 common frames omitted
Caused by: java.net.ConnectException: Connection timed out: connect
	at java.base/sun.nio.ch.Net.connect0(Native Method)
	at java.base/sun.nio.ch.Net.connect(Net.java:579)
	at java.base/sun.nio.ch.Net.connect(Net.java:586)
	at java.base/sun.nio.ch.SocketChannelImpl.connect(SocketChannelImpl.java:853)
	at java.base/java.nio.channels.SocketChannel.open(SocketChannel.java:285)
	at oracle.net.nt.TimeoutSocketChannel.connect(TimeoutSocketChannel.java:185)
	at oracle.net.nt.TimeoutSocketChannel.<init>(TimeoutSocketChannel.java:159)
	at oracle.net.nt.TcpNTAdapter.establishSocket(TcpNTAdapter.java:388)
	... 118 common frames omitted
2026-02-23 09:08:40.428 INFO  com.zaxxer.hikari.pool.HikariPool - HikariPool-1 - Added connection oracle.jdbc.driver.T4CConnection@12b76f95
2026-02-23 09:08:40.443 INFO  com.zaxxer.hikari.HikariDataSource - HikariPool-1 - Start completed.
2026-02-23 09:08:40.469 INFO  k.co.seoulit.common.aop.LoggerAspect - ServiceImpl  : kr.co.seoulit.reception.service.ReceptionServiceImpl.getReceptionList()시작
2026-02-23 09:08:41.442 INFO  k.co.seoulit.common.aop.LoggerAspect - ServiceImpl  : kr.co.seoulit.reception.service.ReceptionServiceImpl.getReceptionList()종료
2026-02-23 09:08:41.470 INFO  k.co.seoulit.common.aop.LoggerAspect - Controller  : kr.co.seoulit.reception.controller.ReceptionController.getReceptions()종료
2026-02-23 09:08:46.809 INFO  k.co.seoulit.common.aop.LoggerAspect - Controller  : kr.co.seoulit.reception.controller.ReceptionController.getReception()시작
2026-02-23 09:08:46.809 INFO  k.co.seoulit.common.aop.LoggerAspect - Controller  : kr.co.seoulit.reception.controller.ReceptionController.getReceptions()시작
2026-02-23 09:08:46.812 INFO  k.c.s.r.c.ReceptionController - Reception list request: searchType=null, searchValue=null
2026-02-23 09:08:46.812 INFO  k.c.s.r.c.ReceptionController - Get reception request: id=5
2026-02-23 09:08:46.859 INFO  k.co.seoulit.common.aop.LoggerAspect - ServiceImpl  : kr.co.seoulit.reception.service.ReceptionServiceImpl.getReceptionList()시작
2026-02-23 09:08:46.859 INFO  k.co.seoulit.common.aop.LoggerAspect - ServiceImpl  : kr.co.seoulit.reception.service.ReceptionServiceImpl.getReception()시작
2026-02-23 09:08:46.909 INFO  k.co.seoulit.common.aop.LoggerAspect - ServiceImpl  : kr.co.seoulit.reception.service.ReceptionServiceImpl.getReceptionList()종료
2026-02-23 09:08:46.939 INFO  k.co.seoulit.common.aop.LoggerAspect - Controller  : kr.co.seoulit.reception.controller.ReceptionController.getReceptions()종료
2026-02-23 09:08:46.977 INFO  k.co.seoulit.common.aop.LoggerAspect - Controller  : kr.co.seoulit.reception.controller.ReceptionController.getReceptions()시작
2026-02-23 09:08:46.978 INFO  k.c.s.r.c.ReceptionController - Reception list request: searchType=null, searchValue=null
2026-02-23 09:08:46.979 INFO  k.co.seoulit.common.aop.LoggerAspect - ServiceImpl  : kr.co.seoulit.reception.service.ReceptionServiceImpl.getReceptionList()시작
2026-02-23 09:08:47.034 INFO  k.co.seoulit.common.aop.LoggerAspect - ServiceImpl  : kr.co.seoulit.reception.service.ReceptionServiceImpl.getReceptionList()종료
2026-02-23 09:08:47.059 INFO  k.co.seoulit.common.aop.LoggerAspect - Controller  : kr.co.seoulit.reception.controller.ReceptionController.getReceptions()종료
2026-02-23 09:08:47.084 DEBUG org.hibernate.SQL - select re1_0.reception_id,re1_0.arrived_at,re1_0.cancel_reason_code,re1_0.cancel_reason_text,re1_0.created_at,re1_0.created_by,re1_0.department_id,re1_0.department_name,re1_0.doctor_id,re1_0.doctor_name,re1_0.hold_reason_code,re1_0.hold_reason_text,re1_0.inactive_at,re1_0.inactive_reason_code,re1_0.inactive_reason_text,re1_0.is_active,re1_0.note,re1_0.patient_id,re1_0.patient_name,re1_0.reception_no,re1_0.reservation_id,re1_0.scheduled_at,re1_0.status,re1_0.updated_at,re1_0.updated_by,re1_0.visit_type from reception re1_0 where re1_0.reception_id=?
2026-02-23 09:08:47.086 TRACE org.hibernate.orm.jdbc.bind - binding parameter (1:BIGINT) <- [5]
2026-02-23 09:08:47.181 INFO  k.co.seoulit.common.aop.LoggerAspect - kr.co.seoulit.reception.mapstruct.ReceptionResMapStructImpl.toDto()시작
2026-02-23 09:08:47.182 INFO  k.co.seoulit.common.aop.LoggerAspect - kr.co.seoulit.reception.mapstruct.ReceptionResMapStructImpl.toDto()종료
2026-02-23 09:08:47.182 INFO  k.co.seoulit.common.aop.LoggerAspect - ServiceImpl  : kr.co.seoulit.reception.service.ReceptionServiceImpl.getReception()종료
2026-02-23 09:08:47.224 INFO  k.co.seoulit.common.aop.LoggerAspect - Controller  : kr.co.seoulit.reception.controller.ReceptionController.getReception()종료
2026-02-23 09:08:47.242 INFO  k.co.seoulit.common.aop.LoggerAspect - Controller  : kr.co.seoulit.reception.controller.ReceptionController.getReception()시작
2026-02-23 09:08:47.242 INFO  k.c.s.r.c.ReceptionController - Get reception request: id=5
2026-02-23 09:08:47.245 INFO  k.co.seoulit.common.aop.LoggerAspect - ServiceImpl  : kr.co.seoulit.reception.service.ReceptionServiceImpl.getReception()시작
2026-02-23 09:08:47.246 DEBUG org.hibernate.SQL - select re1_0.reception_id,re1_0.arrived_at,re1_0.cancel_reason_code,re1_0.cancel_reason_text,re1_0.created_at,re1_0.created_by,re1_0.department_id,re1_0.department_name,re1_0.doctor_id,re1_0.doctor_name,re1_0.hold_reason_code,re1_0.hold_reason_text,re1_0.inactive_at,re1_0.inactive_reason_code,re1_0.inactive_reason_text,re1_0.is_active,re1_0.note,re1_0.patient_id,re1_0.patient_name,re1_0.reception_no,re1_0.reservation_id,re1_0.scheduled_at,re1_0.status,re1_0.updated_at,re1_0.updated_by,re1_0.visit_type from reception re1_0 where re1_0.reception_id=?
2026-02-23 09:08:47.246 TRACE org.hibernate.orm.jdbc.bind - binding parameter (1:BIGINT) <- [5]
2026-02-23 09:08:47.272 INFO  k.co.seoulit.common.aop.LoggerAspect - kr.co.seoulit.reception.mapstruct.ReceptionResMapStructImpl.toDto()시작
2026-02-23 09:08:47.277 INFO  k.co.seoulit.common.aop.LoggerAspect - kr.co.seoulit.reception.mapstruct.ReceptionResMapStructImpl.toDto()종료
2026-02-23 09:08:47.277 INFO  k.co.seoulit.common.aop.LoggerAspect - ServiceImpl  : kr.co.seoulit.reception.service.ReceptionServiceImpl.getReception()종료
2026-02-23 09:08:47.309 INFO  k.co.seoulit.common.aop.LoggerAspect - Controller  : kr.co.seoulit.reception.controller.ReceptionController.getReception()종료
2026-02-23 09:08:57.602 INFO  k.co.seoulit.common.aop.LoggerAspect - Controller  : kr.co.seoulit.reception.controller.EmergencyReceptionController.getEmergencyReceptions()시작
2026-02-23 09:08:57.603 INFO  k.c.s.r.c.EmergencyReceptionController - 응급 접수 목록 요청: searchType=null, searchValue=null
2026-02-23 09:08:57.640 INFO  k.co.seoulit.common.aop.LoggerAspect - ServiceImpl  : kr.co.seoulit.reception.service.EmergencyReceptionServiceImpl.getEmergencyReceptionList()시작
2026-02-23 09:08:58.092 INFO  k.co.seoulit.common.aop.LoggerAspect - ServiceImpl  : kr.co.seoulit.reception.service.EmergencyReceptionServiceImpl.getEmergencyReceptionList()종료
2026-02-23 09:08:58.335 INFO  k.co.seoulit.common.aop.LoggerAspect - Controller  : kr.co.seoulit.reception.controller.EmergencyReceptionController.getEmergencyReceptions()종료
2026-02-23 09:08:58.355 INFO  k.co.seoulit.common.aop.LoggerAspect - Controller  : kr.co.seoulit.reception.controller.EmergencyReceptionController.getEmergencyReceptions()시작
2026-02-23 09:08:58.355 INFO  k.c.s.r.c.EmergencyReceptionController - 응급 접수 목록 요청: searchType=null, searchValue=null
2026-02-23 09:08:58.357 INFO  k.co.seoulit.common.aop.LoggerAspect - ServiceImpl  : kr.co.seoulit.reception.service.EmergencyReceptionServiceImpl.getEmergencyReceptionList()시작
2026-02-23 09:08:58.754 INFO  k.co.seoulit.common.aop.LoggerAspect - ServiceImpl  : kr.co.seoulit.reception.service.EmergencyReceptionServiceImpl.getEmergencyReceptionList()종료
2026-02-23 09:08:59.948 INFO  k.co.seoulit.common.aop.LoggerAspect - Controller  : kr.co.seoulit.reception.controller.EmergencyReceptionController.getEmergencyReceptions()종료
2026-02-23 09:09:02.670 INFO  k.co.seoulit.common.aop.LoggerAspect - Controller  : kr.co.seoulit.reception.controller.InpatientReceptionController.getInpatientReceptions()시작
2026-02-23 09:09:02.671 INFO  k.c.s.r.c.InpatientReceptionController - 입원 접수 목록 요청: searchType=null, searchValue=null
2026-02-23 09:09:02.919 INFO  k.co.seoulit.common.aop.LoggerAspect - ServiceImpl  : kr.co.seoulit.reception.service.InpatientReceptionServiceImpl.getInpatientReceptionList()시작
2026-02-23 09:09:02.942 INFO  k.co.seoulit.common.aop.LoggerAspect - ServiceImpl  : kr.co.seoulit.reception.service.InpatientReceptionServiceImpl.getInpatientReceptionList()종료
2026-02-23 09:09:02.950 INFO  k.co.seoulit.common.aop.LoggerAspect - Controller  : kr.co.seoulit.reception.controller.InpatientReceptionController.getInpatientReceptions()종료
2026-02-23 09:09:02.970 INFO  k.co.seoulit.common.aop.LoggerAspect - Controller  : kr.co.seoulit.reception.controller.InpatientReceptionController.getInpatientReceptions()시작
2026-02-23 09:09:02.970 INFO  k.c.s.r.c.InpatientReceptionController - 입원 접수 목록 요청: searchType=null, searchValue=null
2026-02-23 09:09:02.972 INFO  k.co.seoulit.common.aop.LoggerAspect - ServiceImpl  : kr.co.seoulit.reception.service.InpatientReceptionServiceImpl.getInpatientReceptionList()시작
2026-02-23 09:09:03.196 INFO  k.co.seoulit.common.aop.LoggerAspect - ServiceImpl  : kr.co.seoulit.reception.service.InpatientReceptionServiceImpl.getInpatientReceptionList()종료
2026-02-23 09:09:03.232 INFO  k.co.seoulit.common.aop.LoggerAspect - Controller  : kr.co.seoulit.reception.controller.InpatientReceptionController.getInpatientReceptions()종료
2026-02-23 09:09:07.550 INFO  k.co.seoulit.common.aop.LoggerAspect - Controller  : kr.co.seoulit.reception.controller.ReservationController.getReservations()시작
2026-02-23 09:09:07.551 INFO  k.c.s.r.c.ReservationController - 예약 목록 요청: searchType=null, searchValue=null
2026-02-23 09:09:07.629 INFO  k.co.seoulit.common.aop.LoggerAspect - ServiceImpl  : kr.co.seoulit.reception.service.ReservationServiceImpl.getReservationList()시작
2026-02-23 09:09:07.670 INFO  k.co.seoulit.common.aop.LoggerAspect - ServiceImpl  : kr.co.seoulit.reception.service.ReservationServiceImpl.getReservationList()종료
2026-02-23 09:09:07.680 INFO  k.co.seoulit.common.aop.LoggerAspect - Controller  : kr.co.seoulit.reception.controller.ReservationController.getReservations()종료
2026-02-23 09:09:07.703 INFO  k.co.seoulit.common.aop.LoggerAspect - Controller  : kr.co.seoulit.reception.controller.ReservationController.getReservations()시작
2026-02-23 09:09:07.708 INFO  k.c.s.r.c.ReservationController - 예약 목록 요청: searchType=null, searchValue=null
2026-02-23 09:09:07.709 INFO  k.co.seoulit.common.aop.LoggerAspect - ServiceImpl  : kr.co.seoulit.reception.service.ReservationServiceImpl.getReservationList()시작
2026-02-23 09:09:07.733 INFO  k.co.seoulit.common.aop.LoggerAspect - ServiceImpl  : kr.co.seoulit.reception.service.ReservationServiceImpl.getReservationList()종료
2026-02-23 09:09:07.775 INFO  k.co.seoulit.common.aop.LoggerAspect - Controller  : kr.co.seoulit.reception.controller.ReservationController.getReservations()종료
2026-02-23 09:09:15.684 INFO  k.co.seoulit.common.aop.LoggerAspect - Controller  : kr.co.seoulit.reception.controller.ReceptionController.getReceptions()시작
2026-02-23 09:09:15.684 INFO  k.c.s.r.c.ReceptionController - Reception list request: searchType=null, searchValue=null
2026-02-23 09:09:15.696 INFO  k.co.seoulit.common.aop.LoggerAspect - ServiceImpl  : kr.co.seoulit.reception.service.ReceptionServiceImpl.getReceptionList()시작
2026-02-23 09:09:15.714 INFO  k.co.seoulit.common.aop.LoggerAspect - ServiceImpl  : kr.co.seoulit.reception.service.ReceptionServiceImpl.getReceptionList()종료
2026-02-23 09:09:15.722 INFO  k.co.seoulit.common.aop.LoggerAspect - Controller  : kr.co.seoulit.reception.controller.ReceptionController.getReceptions()종료
2026-02-23 09:09:15.751 INFO  k.co.seoulit.common.aop.LoggerAspect - Controller  : kr.co.seoulit.reception.controller.ReceptionController.getReceptions()시작
2026-02-23 09:09:15.751 INFO  k.c.s.r.c.ReceptionController - Reception list request: searchType=null, searchValue=null
2026-02-23 09:09:15.751 INFO  k.co.seoulit.common.aop.LoggerAspect - ServiceImpl  : kr.co.seoulit.reception.service.ReceptionServiceImpl.getReceptionList()시작
2026-02-23 09:09:15.766 INFO  k.co.seoulit.common.aop.LoggerAspect - ServiceImpl  : kr.co.seoulit.reception.service.ReceptionServiceImpl.getReceptionList()종료
2026-02-23 09:09:15.775 INFO  k.co.seoulit.common.aop.LoggerAspect - Controller  : kr.co.seoulit.reception.controller.ReceptionController.getReceptions()종료
2026-02-23 09:09:48.145 INFO  k.co.seoulit.common.aop.LoggerAspect - Controller  : kr.co.seoulit.reception.controller.ReceptionController.getReceptions()시작
2026-02-23 09:09:48.148 INFO  k.c.s.r.c.ReceptionController - Reception list request: searchType=null, searchValue=null
2026-02-23 09:09:48.201 INFO  k.co.seoulit.common.aop.LoggerAspect - ServiceImpl  : kr.co.seoulit.reception.service.ReceptionServiceImpl.getReceptionList()시작
2026-02-23 09:09:48.222 INFO  k.co.seoulit.common.aop.LoggerAspect - ServiceImpl  : kr.co.seoulit.reception.service.ReceptionServiceImpl.getReceptionList()종료
2026-02-23 09:09:48.235 INFO  k.co.seoulit.common.aop.LoggerAspect - Controller  : kr.co.seoulit.reception.controller.ReceptionController.getReceptions()종료
2026-02-23 09:09:48.335 INFO  k.co.seoulit.common.aop.LoggerAspect - Controller  : kr.co.seoulit.reception.controller.ReceptionController.getReceptions()시작
2026-02-23 09:09:48.336 INFO  k.c.s.r.c.ReceptionController - Reception list request: searchType=null, searchValue=null
2026-02-23 09:09:48.363 INFO  k.co.seoulit.common.aop.LoggerAspect - ServiceImpl  : kr.co.seoulit.reception.service.ReceptionServiceImpl.getReceptionList()시작
2026-02-23 09:09:48.384 INFO  k.co.seoulit.common.aop.LoggerAspect - ServiceImpl  : kr.co.seoulit.reception.service.ReceptionServiceImpl.getReceptionList()종료
2026-02-23 09:09:48.399 INFO  k.co.seoulit.common.aop.LoggerAspect - Controller  : kr.co.seoulit.reception.controller.ReceptionController.getReceptions()종료
2026-02-23 09:09:51.008 INFO  k.co.seoulit.common.aop.LoggerAspect - Controller  : kr.co.seoulit.reception.controller.EmergencyReceptionController.getEmergencyReceptions()시작
2026-02-23 09:09:51.009 INFO  k.c.s.r.c.EmergencyReceptionController - 응급 접수 목록 요청: searchType=null, searchValue=null
2026-02-23 09:09:51.018 INFO  k.co.seoulit.common.aop.LoggerAspect - ServiceImpl  : kr.co.seoulit.reception.service.EmergencyReceptionServiceImpl.getEmergencyReceptionList()시작
2026-02-23 09:09:51.062 INFO  k.co.seoulit.common.aop.LoggerAspect - ServiceImpl  : kr.co.seoulit.reception.service.EmergencyReceptionServiceImpl.getEmergencyReceptionList()종료
2026-02-23 09:09:51.075 INFO  k.co.seoulit.common.aop.LoggerAspect - Controller  : kr.co.seoulit.reception.controller.EmergencyReceptionController.getEmergencyReceptions()종료
2026-02-23 09:09:51.116 INFO  k.co.seoulit.common.aop.LoggerAspect - Controller  : kr.co.seoulit.reception.controller.EmergencyReceptionController.getEmergencyReceptions()시작
2026-02-23 09:09:51.117 INFO  k.c.s.r.c.EmergencyReceptionController - 응급 접수 목록 요청: searchType=null, searchValue=null
2026-02-23 09:09:51.118 INFO  k.co.seoulit.common.aop.LoggerAspect - ServiceImpl  : kr.co.seoulit.reception.service.EmergencyReceptionServiceImpl.getEmergencyReceptionList()시작
2026-02-23 09:09:51.177 INFO  k.co.seoulit.common.aop.LoggerAspect - ServiceImpl  : kr.co.seoulit.reception.service.EmergencyReceptionServiceImpl.getEmergencyReceptionList()종료
2026-02-23 09:09:51.209 INFO  k.co.seoulit.common.aop.LoggerAspect - Controller  : kr.co.seoulit.reception.controller.EmergencyReceptionController.getEmergencyReceptions()종료
2026-02-23 09:10:15.315 INFO  k.co.seoulit.common.aop.LoggerAspect - Controller  : kr.co.seoulit.reception.controller.InpatientReceptionController.getInpatientReceptions()시작
2026-02-23 09:10:15.315 INFO  k.c.s.r.c.InpatientReceptionController - 입원 접수 목록 요청: searchType=null, searchValue=null
2026-02-23 09:10:15.361 INFO  k.co.seoulit.common.aop.LoggerAspect - ServiceImpl  : kr.co.seoulit.reception.service.InpatientReceptionServiceImpl.getInpatientReceptionList()시작
2026-02-23 09:10:15.457 INFO  k.co.seoulit.common.aop.LoggerAspect - ServiceImpl  : kr.co.seoulit.reception.service.InpatientReceptionServiceImpl.getInpatientReceptionList()종료
2026-02-23 09:10:15.525 INFO  k.co.seoulit.common.aop.LoggerAspect - Controller  : kr.co.seoulit.reception.controller.InpatientReceptionController.getInpatientReceptions()종료
2026-02-23 09:10:15.563 INFO  k.co.seoulit.common.aop.LoggerAspect - Controller  : kr.co.seoulit.reception.controller.InpatientReceptionController.getInpatientReceptions()시작
2026-02-23 09:10:15.563 INFO  k.c.s.r.c.InpatientReceptionController - 입원 접수 목록 요청: searchType=null, searchValue=null
2026-02-23 09:10:15.564 INFO  k.co.seoulit.common.aop.LoggerAspect - ServiceImpl  : kr.co.seoulit.reception.service.InpatientReceptionServiceImpl.getInpatientReceptionList()시작
2026-02-23 09:10:15.660 INFO  k.co.seoulit.common.aop.LoggerAspect - ServiceImpl  : kr.co.seoulit.reception.service.InpatientReceptionServiceImpl.getInpatientReceptionList()종료
2026-02-23 09:10:15.695 INFO  k.co.seoulit.common.aop.LoggerAspect - Controller  : kr.co.seoulit.reception.controller.InpatientReceptionController.getInpatientReceptions()종료
2026-02-23 09:10:39.064 INFO  k.co.seoulit.common.aop.LoggerAspect - Controller  : kr.co.seoulit.reception.controller.ReservationController.getReservations()시작
2026-02-23 09:10:39.064 INFO  k.c.s.r.c.ReservationController - 예약 목록 요청: searchType=null, searchValue=null
2026-02-23 09:10:39.115 INFO  k.co.seoulit.common.aop.LoggerAspect - ServiceImpl  : kr.co.seoulit.reception.service.ReservationServiceImpl.getReservationList()시작
2026-02-23 09:10:39.162 INFO  k.co.seoulit.common.aop.LoggerAspect - ServiceImpl  : kr.co.seoulit.reception.service.ReservationServiceImpl.getReservationList()종료
2026-02-23 09:10:39.216 INFO  k.co.seoulit.common.aop.LoggerAspect - Controller  : kr.co.seoulit.reception.controller.ReservationController.getReservations()종료
2026-02-23 09:10:39.249 INFO  k.co.seoulit.common.aop.LoggerAspect - Controller  : kr.co.seoulit.reception.controller.ReservationController.getReservations()시작
2026-02-23 09:10:39.249 INFO  k.c.s.r.c.ReservationController - 예약 목록 요청: searchType=null, searchValue=null
2026-02-23 09:10:39.250 INFO  k.co.seoulit.common.aop.LoggerAspect - ServiceImpl  : kr.co.seoulit.reception.service.ReservationServiceImpl.getReservationList()시작
2026-02-23 09:10:39.314 INFO  k.co.seoulit.common.aop.LoggerAspect - ServiceImpl  : kr.co.seoulit.reception.service.ReservationServiceImpl.getReservationList()종료
2026-02-23 09:10:39.367 INFO  k.co.seoulit.common.aop.LoggerAspect - Controller  : kr.co.seoulit.reception.controller.ReservationController.getReservations()종료
2026-02-23 09:11:09.243 WARN  k.c.s.c.h.GlobalExceptionHandler - No resource found
org.springframework.web.servlet.resource.NoResourceFoundException: No static resource api/receptions/dashboard/checklist.
	at org.springframework.web.servlet.resource.ResourceHttpRequestHandler.handleRequest(ResourceHttpRequestHandler.java:585)
	at org.springframework.web.servlet.mvc.HttpRequestHandlerAdapter.handle(HttpRequestHandlerAdapter.java:52)
	at org.springframework.web.servlet.DispatcherServlet.doDispatch(DispatcherServlet.java:1089)
	at org.springframework.web.servlet.DispatcherServlet.doService(DispatcherServlet.java:979)
	at org.springframework.web.servlet.FrameworkServlet.processRequest(FrameworkServlet.java:1014)
	at org.springframework.web.servlet.FrameworkServlet.doGet(FrameworkServlet.java:903)
	at jakarta.servlet.http.HttpServlet.service(HttpServlet.java:564)
	at org.springframework.web.servlet.FrameworkServlet.service(FrameworkServlet.java:885)
	at jakarta.servlet.http.HttpServlet.service(HttpServlet.java:658)
	at org.apache.catalina.core.ApplicationFilterChain.internalDoFilter(ApplicationFilterChain.java:195)
	at org.apache.catalina.core.ApplicationFilterChain.doFilter(ApplicationFilterChain.java:140)
	at org.apache.tomcat.websocket.server.WsFilter.doFilter(WsFilter.java:51)
	at org.apache.catalina.core.ApplicationFilterChain.internalDoFilter(ApplicationFilterChain.java:164)
	at org.apache.catalina.core.ApplicationFilterChain.doFilter(ApplicationFilterChain.java:140)
	at org.springframework.web.filter.CorsFilter.doFilterInternal(CorsFilter.java:91)
	at org.springframework.web.filter.OncePerRequestFilter.doFilter(OncePerRequestFilter.java:116)
	at org.apache.catalina.core.ApplicationFilterChain.internalDoFilter(ApplicationFilterChain.java:164)
	at org.apache.catalina.core.ApplicationFilterChain.doFilter(ApplicationFilterChain.java:140)
	at org.springframework.web.filter.RequestContextFilter.doFilterInternal(RequestContextFilter.java:100)
	at org.springframework.web.filter.OncePerRequestFilter.doFilter(OncePerRequestFilter.java:116)
	at org.apache.catalina.core.ApplicationFilterChain.internalDoFilter(ApplicationFilterChain.java:164)
	at org.apache.catalina.core.ApplicationFilterChain.doFilter(ApplicationFilterChain.java:140)
	at org.springframework.web.filter.FormContentFilter.doFilterInternal(FormContentFilter.java:93)
	at org.springframework.web.filter.OncePerRequestFilter.doFilter(OncePerRequestFilter.java:116)
	at org.apache.catalina.core.ApplicationFilterChain.internalDoFilter(ApplicationFilterChain.java:164)
	at org.apache.catalina.core.ApplicationFilterChain.doFilter(ApplicationFilterChain.java:140)
	at org.springframework.web.filter.CharacterEncodingFilter.doFilterInternal(CharacterEncodingFilter.java:201)
	at org.springframework.web.filter.OncePerRequestFilter.doFilter(OncePerRequestFilter.java:116)
	at org.apache.catalina.core.ApplicationFilterChain.internalDoFilter(ApplicationFilterChain.java:164)
	at org.apache.catalina.core.ApplicationFilterChain.doFilter(ApplicationFilterChain.java:140)
	at org.apache.catalina.core.StandardWrapperValve.invoke(StandardWrapperValve.java:167)
	at org.apache.catalina.core.StandardContextValve.invoke(StandardContextValve.java:90)
	at org.apache.catalina.authenticator.AuthenticatorBase.invoke(AuthenticatorBase.java:483)
	at org.apache.catalina.core.StandardHostValve.invoke(StandardHostValve.java:115)
	at org.apache.catalina.valves.ErrorReportValve.invoke(ErrorReportValve.java:93)
	at org.apache.catalina.core.StandardEngineValve.invoke(StandardEngineValve.java:74)
	at org.apache.catalina.connector.CoyoteAdapter.service(CoyoteAdapter.java:344)
	at org.apache.coyote.http11.Http11Processor.service(Http11Processor.java:389)
	at org.apache.coyote.AbstractProcessorLight.process(AbstractProcessorLight.java:63)
	at org.apache.coyote.AbstractProtocol$ConnectionHandler.process(AbstractProtocol.java:904)
	at org.apache.tomcat.util.net.NioEndpoint$SocketProcessor.doRun(NioEndpoint.java:1741)
	at org.apache.tomcat.util.net.SocketProcessorBase.run(SocketProcessorBase.java:52)
	at org.apache.tomcat.util.threads.ThreadPoolExecutor.runWorker(ThreadPoolExecutor.java:1190)
	at org.apache.tomcat.util.threads.ThreadPoolExecutor$Worker.run(ThreadPoolExecutor.java:659)
	at org.apache.tomcat.util.threads.TaskThread$WrappingRunnable.run(TaskThread.java:63)
	at java.base/java.lang.Thread.run(Thread.java:842)
2026-02-23 09:11:09.243 WARN  k.c.s.c.h.GlobalExceptionHandler - No resource found
org.springframework.web.servlet.resource.NoResourceFoundException: No static resource api/receptions/dashboard/schedules.
	at org.springframework.web.servlet.resource.ResourceHttpRequestHandler.handleRequest(ResourceHttpRequestHandler.java:585)
	at org.springframework.web.servlet.mvc.HttpRequestHandlerAdapter.handle(HttpRequestHandlerAdapter.java:52)
	at org.springframework.web.servlet.DispatcherServlet.doDispatch(DispatcherServlet.java:1089)
	at org.springframework.web.servlet.DispatcherServlet.doService(DispatcherServlet.java:979)
	at org.springframework.web.servlet.FrameworkServlet.processRequest(FrameworkServlet.java:1014)
	at org.springframework.web.servlet.FrameworkServlet.doGet(FrameworkServlet.java:903)
	at jakarta.servlet.http.HttpServlet.service(HttpServlet.java:564)
	at org.springframework.web.servlet.FrameworkServlet.service(FrameworkServlet.java:885)
	at jakarta.servlet.http.HttpServlet.service(HttpServlet.java:658)
	at org.apache.catalina.core.ApplicationFilterChain.internalDoFilter(ApplicationFilterChain.java:195)
	at org.apache.catalina.core.ApplicationFilterChain.doFilter(ApplicationFilterChain.java:140)
	at org.apache.tomcat.websocket.server.WsFilter.doFilter(WsFilter.java:51)
	at org.apache.catalina.core.ApplicationFilterChain.internalDoFilter(ApplicationFilterChain.java:164)
	at org.apache.catalina.core.ApplicationFilterChain.doFilter(ApplicationFilterChain.java:140)
	at org.springframework.web.filter.CorsFilter.doFilterInternal(CorsFilter.java:91)
	at org.springframework.web.filter.OncePerRequestFilter.doFilter(OncePerRequestFilter.java:116)
	at org.apache.catalina.core.ApplicationFilterChain.internalDoFilter(ApplicationFilterChain.java:164)
	at org.apache.catalina.core.ApplicationFilterChain.doFilter(ApplicationFilterChain.java:140)
	at org.springframework.web.filter.RequestContextFilter.doFilterInternal(RequestContextFilter.java:100)
	at org.springframework.web.filter.OncePerRequestFilter.doFilter(OncePerRequestFilter.java:116)
	at org.apache.catalina.core.ApplicationFilterChain.internalDoFilter(ApplicationFilterChain.java:164)
	at org.apache.catalina.core.ApplicationFilterChain.doFilter(ApplicationFilterChain.java:140)
	at org.springframework.web.filter.FormContentFilter.doFilterInternal(FormContentFilter.java:93)
	at org.springframework.web.filter.OncePerRequestFilter.doFilter(OncePerRequestFilter.java:116)
	at org.apache.catalina.core.ApplicationFilterChain.internalDoFilter(ApplicationFilterChain.java:164)
	at org.apache.catalina.core.ApplicationFilterChain.doFilter(ApplicationFilterChain.java:140)
	at org.springframework.web.filter.CharacterEncodingFilter.doFilterInternal(CharacterEncodingFilter.java:201)
	at org.springframework.web.filter.OncePerRequestFilter.doFilter(OncePerRequestFilter.java:116)
	at org.apache.catalina.core.ApplicationFilterChain.internalDoFilter(ApplicationFilterChain.java:164)
	at org.apache.catalina.core.ApplicationFilterChain.doFilter(ApplicationFilterChain.java:140)
	at org.apache.catalina.core.StandardWrapperValve.invoke(StandardWrapperValve.java:167)
	at org.apache.catalina.core.StandardContextValve.invoke(StandardContextValve.java:90)
	at org.apache.catalina.authenticator.AuthenticatorBase.invoke(AuthenticatorBase.java:483)
	at org.apache.catalina.core.StandardHostValve.invoke(StandardHostValve.java:115)
	at org.apache.catalina.valves.ErrorReportValve.invoke(ErrorReportValve.java:93)
	at org.apache.catalina.core.StandardEngineValve.invoke(StandardEngineValve.java:74)
	at org.apache.catalina.connector.CoyoteAdapter.service(CoyoteAdapter.java:344)
	at org.apache.coyote.http11.Http11Processor.service(Http11Processor.java:389)
	at org.apache.coyote.AbstractProcessorLight.process(AbstractProcessorLight.java:63)
	at org.apache.coyote.AbstractProtocol$ConnectionHandler.process(AbstractProtocol.java:904)
	at org.apache.tomcat.util.net.NioEndpoint$SocketProcessor.doRun(NioEndpoint.java:1741)
	at org.apache.tomcat.util.net.SocketProcessorBase.run(SocketProcessorBase.java:52)
	at org.apache.tomcat.util.threads.ThreadPoolExecutor.runWorker(ThreadPoolExecutor.java:1190)
	at org.apache.tomcat.util.threads.ThreadPoolExecutor$Worker.run(ThreadPoolExecutor.java:659)
	at org.apache.tomcat.util.threads.TaskThread$WrappingRunnable.run(TaskThread.java:63)
	at java.base/java.lang.Thread.run(Thread.java:842)
2026-02-23 09:11:09.284 WARN  k.c.s.c.h.GlobalExceptionHandler - No resource found
org.springframework.web.servlet.resource.NoResourceFoundException: No static resource api/receptions/dashboard/checklist.
	at org.springframework.web.servlet.resource.ResourceHttpRequestHandler.handleRequest(ResourceHttpRequestHandler.java:585)
	at org.springframework.web.servlet.mvc.HttpRequestHandlerAdapter.handle(HttpRequestHandlerAdapter.java:52)
	at org.springframework.web.servlet.DispatcherServlet.doDispatch(DispatcherServlet.java:1089)
	at org.springframework.web.servlet.DispatcherServlet.doService(DispatcherServlet.java:979)
	at org.springframework.web.servlet.FrameworkServlet.processRequest(FrameworkServlet.java:1014)
	at org.springframework.web.servlet.FrameworkServlet.doGet(FrameworkServlet.java:903)
	at jakarta.servlet.http.HttpServlet.service(HttpServlet.java:564)
	at org.springframework.web.servlet.FrameworkServlet.service(FrameworkServlet.java:885)
	at jakarta.servlet.http.HttpServlet.service(HttpServlet.java:658)
	at org.apache.catalina.core.ApplicationFilterChain.internalDoFilter(ApplicationFilterChain.java:195)
	at org.apache.catalina.core.ApplicationFilterChain.doFilter(ApplicationFilterChain.java:140)
	at org.apache.tomcat.websocket.server.WsFilter.doFilter(WsFilter.java:51)
	at org.apache.catalina.core.ApplicationFilterChain.internalDoFilter(ApplicationFilterChain.java:164)
	at org.apache.catalina.core.ApplicationFilterChain.doFilter(ApplicationFilterChain.java:140)
	at org.springframework.web.filter.CorsFilter.doFilterInternal(CorsFilter.java:91)
	at org.springframework.web.filter.OncePerRequestFilter.doFilter(OncePerRequestFilter.java:116)
	at org.apache.catalina.core.ApplicationFilterChain.internalDoFilter(ApplicationFilterChain.java:164)
	at org.apache.catalina.core.ApplicationFilterChain.doFilter(ApplicationFilterChain.java:140)
	at org.springframework.web.filter.RequestContextFilter.doFilterInternal(RequestContextFilter.java:100)
	at org.springframework.web.filter.OncePerRequestFilter.doFilter(OncePerRequestFilter.java:116)
	at org.apache.catalina.core.ApplicationFilterChain.internalDoFilter(ApplicationFilterChain.java:164)
	at org.apache.catalina.core.ApplicationFilterChain.doFilter(ApplicationFilterChain.java:140)
	at org.springframework.web.filter.FormContentFilter.doFilterInternal(FormContentFilter.java:93)
	at org.springframework.web.filter.OncePerRequestFilter.doFilter(OncePerRequestFilter.java:116)
	at org.apache.catalina.core.ApplicationFilterChain.internalDoFilter(ApplicationFilterChain.java:164)
	at org.apache.catalina.core.ApplicationFilterChain.doFilter(ApplicationFilterChain.java:140)
	at org.springframework.web.filter.CharacterEncodingFilter.doFilterInternal(CharacterEncodingFilter.java:201)
	at org.springframework.web.filter.OncePerRequestFilter.doFilter(OncePerRequestFilter.java:116)
	at org.apache.catalina.core.ApplicationFilterChain.internalDoFilter(ApplicationFilterChain.java:164)
	at org.apache.catalina.core.ApplicationFilterChain.doFilter(ApplicationFilterChain.java:140)
	at org.apache.catalina.core.StandardWrapperValve.invoke(StandardWrapperValve.java:167)
	at org.apache.catalina.core.StandardContextValve.invoke(StandardContextValve.java:90)
	at org.apache.catalina.authenticator.AuthenticatorBase.invoke(AuthenticatorBase.java:483)
	at org.apache.catalina.core.StandardHostValve.invoke(StandardHostValve.java:115)
	at org.apache.catalina.valves.ErrorReportValve.invoke(ErrorReportValve.java:93)
	at org.apache.catalina.core.StandardEngineValve.invoke(StandardEngineValve.java:74)
	at org.apache.catalina.connector.CoyoteAdapter.service(CoyoteAdapter.java:344)
	at org.apache.coyote.http11.Http11Processor.service(Http11Processor.java:389)
	at org.apache.coyote.AbstractProcessorLight.process(AbstractProcessorLight.java:63)
	at org.apache.coyote.AbstractProtocol$ConnectionHandler.process(AbstractProtocol.java:904)
	at org.apache.tomcat.util.net.NioEndpoint$SocketProcessor.doRun(NioEndpoint.java:1741)
	at org.apache.tomcat.util.net.SocketProcessorBase.run(SocketProcessorBase.java:52)
	at org.apache.tomcat.util.threads.ThreadPoolExecutor.runWorker(ThreadPoolExecutor.java:1190)
	at org.apache.tomcat.util.threads.ThreadPoolExecutor$Worker.run(ThreadPoolExecutor.java:659)
	at org.apache.tomcat.util.threads.TaskThread$WrappingRunnable.run(TaskThread.java:63)
	at java.base/java.lang.Thread.run(Thread.java:842)
2026-02-23 09:11:09.284 WARN  k.c.s.c.h.GlobalExceptionHandler - No resource found
org.springframework.web.servlet.resource.NoResourceFoundException: No static resource api/receptions/dashboard/schedules.
	at org.springframework.web.servlet.resource.ResourceHttpRequestHandler.handleRequest(ResourceHttpRequestHandler.java:585)
	at org.springframework.web.servlet.mvc.HttpRequestHandlerAdapter.handle(HttpRequestHandlerAdapter.java:52)
	at org.springframework.web.servlet.DispatcherServlet.doDispatch(DispatcherServlet.java:1089)
	at org.springframework.web.servlet.DispatcherServlet.doService(DispatcherServlet.java:979)
	at org.springframework.web.servlet.FrameworkServlet.processRequest(FrameworkServlet.java:1014)
	at org.springframework.web.servlet.FrameworkServlet.doGet(FrameworkServlet.java:903)
	at jakarta.servlet.http.HttpServlet.service(HttpServlet.java:564)
	at org.springframework.web.servlet.FrameworkServlet.service(FrameworkServlet.java:885)
	at jakarta.servlet.http.HttpServlet.service(HttpServlet.java:658)
	at org.apache.catalina.core.ApplicationFilterChain.internalDoFilter(ApplicationFilterChain.java:195)
	at org.apache.catalina.core.ApplicationFilterChain.doFilter(ApplicationFilterChain.java:140)
	at org.apache.tomcat.websocket.server.WsFilter.doFilter(WsFilter.java:51)
	at org.apache.catalina.core.ApplicationFilterChain.internalDoFilter(ApplicationFilterChain.java:164)
	at org.apache.catalina.core.ApplicationFilterChain.doFilter(ApplicationFilterChain.java:140)
	at org.springframework.web.filter.CorsFilter.doFilterInternal(CorsFilter.java:91)
	at org.springframework.web.filter.OncePerRequestFilter.doFilter(OncePerRequestFilter.java:116)
	at org.apache.catalina.core.ApplicationFilterChain.internalDoFilter(ApplicationFilterChain.java:164)
	at org.apache.catalina.core.ApplicationFilterChain.doFilter(ApplicationFilterChain.java:140)
	at org.springframework.web.filter.RequestContextFilter.doFilterInternal(RequestContextFilter.java:100)
	at org.springframework.web.filter.OncePerRequestFilter.doFilter(OncePerRequestFilter.java:116)
	at org.apache.catalina.core.ApplicationFilterChain.internalDoFilter(ApplicationFilterChain.java:164)
	at org.apache.catalina.core.ApplicationFilterChain.doFilter(ApplicationFilterChain.java:140)
	at org.springframework.web.filter.FormContentFilter.doFilterInternal(FormContentFilter.java:93)
	at org.springframework.web.filter.OncePerRequestFilter.doFilter(OncePerRequestFilter.java:116)
	at org.apache.catalina.core.ApplicationFilterChain.internalDoFilter(ApplicationFilterChain.java:164)
	at org.apache.catalina.core.ApplicationFilterChain.doFilter(ApplicationFilterChain.java:140)
	at org.springframework.web.filter.CharacterEncodingFilter.doFilterInternal(CharacterEncodingFilter.java:201)
	at org.springframework.web.filter.OncePerRequestFilter.doFilter(OncePerRequestFilter.java:116)
	at org.apache.catalina.core.ApplicationFilterChain.internalDoFilter(ApplicationFilterChain.java:164)
	at org.apache.catalina.core.ApplicationFilterChain.doFilter(ApplicationFilterChain.java:140)
	at org.apache.catalina.core.StandardWrapperValve.invoke(StandardWrapperValve.java:167)
	at org.apache.catalina.core.StandardContextValve.invoke(StandardContextValve.java:90)
	at org.apache.catalina.authenticator.AuthenticatorBase.invoke(AuthenticatorBase.java:483)
	at org.apache.catalina.core.StandardHostValve.invoke(StandardHostValve.java:115)
	at org.apache.catalina.valves.ErrorReportValve.invoke(ErrorReportValve.java:93)
	at org.apache.catalina.core.StandardEngineValve.invoke(StandardEngineValve.java:74)
	at org.apache.catalina.connector.CoyoteAdapter.service(CoyoteAdapter.java:344)
	at org.apache.coyote.http11.Http11Processor.service(Http11Processor.java:389)
	at org.apache.coyote.AbstractProcessorLight.process(AbstractProcessorLight.java:63)
	at org.apache.coyote.AbstractProtocol$ConnectionHandler.process(AbstractProtocol.java:904)
	at org.apache.tomcat.util.net.NioEndpoint$SocketProcessor.doRun(NioEndpoint.java:1741)
	at org.apache.tomcat.util.net.SocketProcessorBase.run(SocketProcessorBase.java:52)
	at org.apache.tomcat.util.threads.ThreadPoolExecutor.runWorker(ThreadPoolExecutor.java:1190)
	at org.apache.tomcat.util.threads.ThreadPoolExecutor$Worker.run(ThreadPoolExecutor.java:659)
	at org.apache.tomcat.util.threads.TaskThread$WrappingRunnable.run(TaskThread.java:63)
	at java.base/java.lang.Thread.run(Thread.java:842)
2026-02-23 09:14:41.681 INFO  k.co.seoulit.common.aop.LoggerAspect - Controller  : kr.co.seoulit.reception.controller.ReceptionController.getReceptions()시작
2026-02-23 09:14:41.681 INFO  k.co.seoulit.common.aop.LoggerAspect - Controller  : kr.co.seoulit.reception.controller.ReceptionController.getReceptions()시작
2026-02-23 09:14:41.681 INFO  k.c.s.r.c.ReceptionController - Reception list request: searchType=null, searchValue=null
2026-02-23 09:14:41.681 INFO  k.c.s.r.c.ReceptionController - Reception list request: searchType=null, searchValue=null
2026-02-23 09:14:41.847 INFO  k.co.seoulit.common.aop.LoggerAspect - ServiceImpl  : kr.co.seoulit.reception.service.ReceptionServiceImpl.getReceptionList()시작
2026-02-23 09:14:41.847 INFO  k.co.seoulit.common.aop.LoggerAspect - ServiceImpl  : kr.co.seoulit.reception.service.ReceptionServiceImpl.getReceptionList()시작
2026-02-23 09:14:41.885 INFO  k.co.seoulit.common.aop.LoggerAspect - ServiceImpl  : kr.co.seoulit.reception.service.ReceptionServiceImpl.getReceptionList()종료
2026-02-23 09:14:41.895 INFO  k.co.seoulit.common.aop.LoggerAspect - ServiceImpl  : kr.co.seoulit.reception.service.ReceptionServiceImpl.getReceptionList()종료
2026-02-23 09:14:41.915 INFO  k.co.seoulit.common.aop.LoggerAspect - Controller  : kr.co.seoulit.reception.controller.ReceptionController.getReceptions()종료
2026-02-23 09:14:41.916 INFO  k.co.seoulit.common.aop.LoggerAspect - Controller  : kr.co.seoulit.reception.controller.ReceptionController.getReceptions()종료
2026-02-23 09:15:15.113 INFO  k.co.seoulit.common.aop.LoggerAspect - Controller  : kr.co.seoulit.reception.controller.ReceptionController.getReceptions()시작
2026-02-23 09:15:15.114 INFO  k.c.s.r.c.ReceptionController - Reception list request: searchType=null, searchValue=null
2026-02-23 09:15:15.142 INFO  k.co.seoulit.common.aop.LoggerAspect - Controller  : kr.co.seoulit.reception.controller.ReceptionController.getReceptions()시작
2026-02-23 09:15:15.142 INFO  k.c.s.r.c.ReceptionController - Reception list request: searchType=null, searchValue=null
2026-02-23 09:15:15.156 INFO  k.co.seoulit.common.aop.LoggerAspect - ServiceImpl  : kr.co.seoulit.reception.service.ReceptionServiceImpl.getReceptionList()시작
2026-02-23 09:15:15.158 INFO  k.co.seoulit.common.aop.LoggerAspect - ServiceImpl  : kr.co.seoulit.reception.service.ReceptionServiceImpl.getReceptionList()시작
2026-02-23 09:15:15.195 INFO  k.co.seoulit.common.aop.LoggerAspect - ServiceImpl  : kr.co.seoulit.reception.service.ReceptionServiceImpl.getReceptionList()종료
2026-02-23 09:15:15.196 INFO  k.co.seoulit.common.aop.LoggerAspect - ServiceImpl  : kr.co.seoulit.reception.service.ReceptionServiceImpl.getReceptionList()종료
2026-02-23 09:15:15.250 INFO  k.co.seoulit.common.aop.LoggerAspect - Controller  : kr.co.seoulit.reception.controller.ReceptionController.getReceptions()종료
2026-02-23 09:15:15.250 INFO  k.co.seoulit.common.aop.LoggerAspect - Controller  : kr.co.seoulit.reception.controller.ReceptionController.getReceptions()종료
2026-02-23 10:26:49.588 INFO  k.co.seoulit.common.aop.LoggerAspect - Controller  : kr.co.seoulit.reception.controller.ReceptionController.getReceptions()시작
2026-02-23 10:26:49.593 INFO  k.c.s.r.c.ReceptionController - Reception list request: searchType=null, searchValue=null
2026-02-23 10:26:49.614 INFO  k.co.seoulit.common.aop.LoggerAspect - ServiceImpl  : kr.co.seoulit.reception.service.ReceptionServiceImpl.getReceptionList()시작
2026-02-23 10:26:49.634 INFO  k.co.seoulit.common.aop.LoggerAspect - ServiceImpl  : kr.co.seoulit.reception.service.ReceptionServiceImpl.getReceptionList()종료
2026-02-23 10:26:49.641 INFO  k.co.seoulit.common.aop.LoggerAspect - Controller  : kr.co.seoulit.reception.controller.ReceptionController.getReceptions()종료
2026-02-23 10:26:49.659 INFO  k.co.seoulit.common.aop.LoggerAspect - Controller  : kr.co.seoulit.reception.controller.ReceptionController.getReceptions()시작
2026-02-23 10:26:49.659 INFO  k.c.s.r.c.ReceptionController - Reception list request: searchType=null, searchValue=null
2026-02-23 10:26:49.659 INFO  k.co.seoulit.common.aop.LoggerAspect - ServiceImpl  : kr.co.seoulit.reception.service.ReceptionServiceImpl.getReceptionList()시작
2026-02-23 10:26:49.675 INFO  k.co.seoulit.common.aop.LoggerAspect - ServiceImpl  : kr.co.seoulit.reception.service.ReceptionServiceImpl.getReceptionList()종료
2026-02-23 10:26:49.683 INFO  k.co.seoulit.common.aop.LoggerAspect - Controller  : kr.co.seoulit.reception.controller.ReceptionController.getReceptions()종료
2026-02-23 10:26:49.795 INFO  k.co.seoulit.common.aop.LoggerAspect - Controller  : kr.co.seoulit.reception.controller.ReceptionController.getReception()시작
2026-02-23 10:26:49.795 INFO  k.c.s.r.c.ReceptionController - Get reception request: id=5
2026-02-23 10:26:49.798 INFO  k.co.seoulit.common.aop.LoggerAspect - ServiceImpl  : kr.co.seoulit.reception.service.ReceptionServiceImpl.getReception()시작
2026-02-23 10:26:49.807 DEBUG org.hibernate.SQL - select re1_0.reception_id,re1_0.arrived_at,re1_0.cancel_reason_code,re1_0.cancel_reason_text,re1_0.created_at,re1_0.created_by,re1_0.department_id,re1_0.department_name,re1_0.doctor_id,re1_0.doctor_name,re1_0.hold_reason_code,re1_0.hold_reason_text,re1_0.inactive_at,re1_0.inactive_reason_code,re1_0.inactive_reason_text,re1_0.is_active,re1_0.note,re1_0.patient_id,re1_0.patient_name,re1_0.reception_no,re1_0.reservation_id,re1_0.scheduled_at,re1_0.status,re1_0.updated_at,re1_0.updated_by,re1_0.visit_type from reception re1_0 where re1_0.reception_id=?
2026-02-23 10:26:49.809 TRACE org.hibernate.orm.jdbc.bind - binding parameter (1:BIGINT) <- [5]
2026-02-23 10:26:49.822 INFO  k.co.seoulit.common.aop.LoggerAspect - kr.co.seoulit.reception.mapstruct.ReceptionResMapStructImpl.toDto()시작
2026-02-23 10:26:49.822 INFO  k.co.seoulit.common.aop.LoggerAspect - kr.co.seoulit.reception.mapstruct.ReceptionResMapStructImpl.toDto()종료
2026-02-23 10:26:49.823 INFO  k.co.seoulit.common.aop.LoggerAspect - ServiceImpl  : kr.co.seoulit.reception.service.ReceptionServiceImpl.getReception()종료
2026-02-23 10:26:49.829 INFO  k.co.seoulit.common.aop.LoggerAspect - Controller  : kr.co.seoulit.reception.controller.ReceptionController.getReception()종료
2026-02-23 10:26:57.208 INFO  k.co.seoulit.common.aop.LoggerAspect - Controller  : kr.co.seoulit.reception.controller.EmergencyReceptionController.getEmergencyReceptions()시작
2026-02-23 10:26:57.208 INFO  k.c.s.r.c.EmergencyReceptionController - 응급 접수 목록 요청: searchType=null, searchValue=null
2026-02-23 10:26:57.232 INFO  k.co.seoulit.common.aop.LoggerAspect - ServiceImpl  : kr.co.seoulit.reception.service.EmergencyReceptionServiceImpl.getEmergencyReceptionList()시작
2026-02-23 10:26:57.281 INFO  k.co.seoulit.common.aop.LoggerAspect - ServiceImpl  : kr.co.seoulit.reception.service.EmergencyReceptionServiceImpl.getEmergencyReceptionList()종료
2026-02-23 10:26:57.286 INFO  k.co.seoulit.common.aop.LoggerAspect - Controller  : kr.co.seoulit.reception.controller.EmergencyReceptionController.getEmergencyReceptions()종료
2026-02-23 10:26:57.320 INFO  k.co.seoulit.common.aop.LoggerAspect - Controller  : kr.co.seoulit.reception.controller.EmergencyReceptionController.getEmergencyReceptions()시작
2026-02-23 10:26:57.320 INFO  k.c.s.r.c.EmergencyReceptionController - 응급 접수 목록 요청: searchType=null, searchValue=null
2026-02-23 10:26:57.320 INFO  k.co.seoulit.common.aop.LoggerAspect - ServiceImpl  : kr.co.seoulit.reception.service.EmergencyReceptionServiceImpl.getEmergencyReceptionList()시작
2026-02-23 10:26:57.338 INFO  k.co.seoulit.common.aop.LoggerAspect - ServiceImpl  : kr.co.seoulit.reception.service.EmergencyReceptionServiceImpl.getEmergencyReceptionList()종료
2026-02-23 10:26:57.344 INFO  k.co.seoulit.common.aop.LoggerAspect - Controller  : kr.co.seoulit.reception.controller.EmergencyReceptionController.getEmergencyReceptions()종료
2026-02-23 10:27:42.540 WARN  k.c.s.c.h.GlobalExceptionHandler - No resource found
org.springframework.web.servlet.resource.NoResourceFoundException: No static resource api/receptions/dashboard/checklist.
	at org.springframework.web.servlet.resource.ResourceHttpRequestHandler.handleRequest(ResourceHttpRequestHandler.java:585)
	at org.springframework.web.servlet.mvc.HttpRequestHandlerAdapter.handle(HttpRequestHandlerAdapter.java:52)
	at org.springframework.web.servlet.DispatcherServlet.doDispatch(DispatcherServlet.java:1089)
	at org.springframework.web.servlet.DispatcherServlet.doService(DispatcherServlet.java:979)
	at org.springframework.web.servlet.FrameworkServlet.processRequest(FrameworkServlet.java:1014)
	at org.springframework.web.servlet.FrameworkServlet.doGet(FrameworkServlet.java:903)
	at jakarta.servlet.http.HttpServlet.service(HttpServlet.java:564)
	at org.springframework.web.servlet.FrameworkServlet.service(FrameworkServlet.java:885)
	at jakarta.servlet.http.HttpServlet.service(HttpServlet.java:658)
	at org.apache.catalina.core.ApplicationFilterChain.internalDoFilter(ApplicationFilterChain.java:195)
	at org.apache.catalina.core.ApplicationFilterChain.doFilter(ApplicationFilterChain.java:140)
	at org.apache.tomcat.websocket.server.WsFilter.doFilter(WsFilter.java:51)
	at org.apache.catalina.core.ApplicationFilterChain.internalDoFilter(ApplicationFilterChain.java:164)
	at org.apache.catalina.core.ApplicationFilterChain.doFilter(ApplicationFilterChain.java:140)
	at org.springframework.web.filter.CorsFilter.doFilterInternal(CorsFilter.java:91)
	at org.springframework.web.filter.OncePerRequestFilter.doFilter(OncePerRequestFilter.java:116)
	at org.apache.catalina.core.ApplicationFilterChain.internalDoFilter(ApplicationFilterChain.java:164)
	at org.apache.catalina.core.ApplicationFilterChain.doFilter(ApplicationFilterChain.java:140)
	at org.springframework.web.filter.RequestContextFilter.doFilterInternal(RequestContextFilter.java:100)
	at org.springframework.web.filter.OncePerRequestFilter.doFilter(OncePerRequestFilter.java:116)
	at org.apache.catalina.core.ApplicationFilterChain.internalDoFilter(ApplicationFilterChain.java:164)
	at org.apache.catalina.core.ApplicationFilterChain.doFilter(ApplicationFilterChain.java:140)
	at org.springframework.web.filter.FormContentFilter.doFilterInternal(FormContentFilter.java:93)
	at org.springframework.web.filter.OncePerRequestFilter.doFilter(OncePerRequestFilter.java:116)
	at org.apache.catalina.core.ApplicationFilterChain.internalDoFilter(ApplicationFilterChain.java:164)
	at org.apache.catalina.core.ApplicationFilterChain.doFilter(ApplicationFilterChain.java:140)
	at org.springframework.web.filter.CharacterEncodingFilter.doFilterInternal(CharacterEncodingFilter.java:201)
	at org.springframework.web.filter.OncePerRequestFilter.doFilter(OncePerRequestFilter.java:116)
	at org.apache.catalina.core.ApplicationFilterChain.internalDoFilter(ApplicationFilterChain.java:164)
	at org.apache.catalina.core.ApplicationFilterChain.doFilter(ApplicationFilterChain.java:140)
	at org.apache.catalina.core.StandardWrapperValve.invoke(StandardWrapperValve.java:167)
	at org.apache.catalina.core.StandardContextValve.invoke(StandardContextValve.java:90)
	at org.apache.catalina.authenticator.AuthenticatorBase.invoke(AuthenticatorBase.java:483)
	at org.apache.catalina.core.StandardHostValve.invoke(StandardHostValve.java:115)
	at org.apache.catalina.valves.ErrorReportValve.invoke(ErrorReportValve.java:93)
	at org.apache.catalina.core.StandardEngineValve.invoke(StandardEngineValve.java:74)
	at org.apache.catalina.connector.CoyoteAdapter.service(CoyoteAdapter.java:344)
	at org.apache.coyote.http11.Http11Processor.service(Http11Processor.java:389)
	at org.apache.coyote.AbstractProcessorLight.process(AbstractProcessorLight.java:63)
	at org.apache.coyote.AbstractProtocol$ConnectionHandler.process(AbstractProtocol.java:904)
	at org.apache.tomcat.util.net.NioEndpoint$SocketProcessor.doRun(NioEndpoint.java:1741)
	at org.apache.tomcat.util.net.SocketProcessorBase.run(SocketProcessorBase.java:52)
	at org.apache.tomcat.util.threads.ThreadPoolExecutor.runWorker(ThreadPoolExecutor.java:1190)
	at org.apache.tomcat.util.threads.ThreadPoolExecutor$Worker.run(ThreadPoolExecutor.java:659)
	at org.apache.tomcat.util.threads.TaskThread$WrappingRunnable.run(TaskThread.java:63)
	at java.base/java.lang.Thread.run(Thread.java:842)
2026-02-23 10:27:42.540 WARN  k.c.s.c.h.GlobalExceptionHandler - No resource found
org.springframework.web.servlet.resource.NoResourceFoundException: No static resource api/receptions/dashboard/schedules.
	at org.springframework.web.servlet.resource.ResourceHttpRequestHandler.handleRequest(ResourceHttpRequestHandler.java:585)
	at org.springframework.web.servlet.mvc.HttpRequestHandlerAdapter.handle(HttpRequestHandlerAdapter.java:52)
	at org.springframework.web.servlet.DispatcherServlet.doDispatch(DispatcherServlet.java:1089)
	at org.springframework.web.servlet.DispatcherServlet.doService(DispatcherServlet.java:979)
	at org.springframework.web.servlet.FrameworkServlet.processRequest(FrameworkServlet.java:1014)
	at org.springframework.web.servlet.FrameworkServlet.doGet(FrameworkServlet.java:903)
	at jakarta.servlet.http.HttpServlet.service(HttpServlet.java:564)
	at org.springframework.web.servlet.FrameworkServlet.service(FrameworkServlet.java:885)
	at jakarta.servlet.http.HttpServlet.service(HttpServlet.java:658)
	at org.apache.catalina.core.ApplicationFilterChain.internalDoFilter(ApplicationFilterChain.java:195)
	at org.apache.catalina.core.ApplicationFilterChain.doFilter(ApplicationFilterChain.java:140)
	at org.apache.tomcat.websocket.server.WsFilter.doFilter(WsFilter.java:51)
	at org.apache.catalina.core.ApplicationFilterChain.internalDoFilter(ApplicationFilterChain.java:164)
	at org.apache.catalina.core.ApplicationFilterChain.doFilter(ApplicationFilterChain.java:140)
	at org.springframework.web.filter.CorsFilter.doFilterInternal(CorsFilter.java:91)
	at org.springframework.web.filter.OncePerRequestFilter.doFilter(OncePerRequestFilter.java:116)
	at org.apache.catalina.core.ApplicationFilterChain.internalDoFilter(ApplicationFilterChain.java:164)
	at org.apache.catalina.core.ApplicationFilterChain.doFilter(ApplicationFilterChain.java:140)
	at org.springframework.web.filter.RequestContextFilter.doFilterInternal(RequestContextFilter.java:100)
	at org.springframework.web.filter.OncePerRequestFilter.doFilter(OncePerRequestFilter.java:116)
	at org.apache.catalina.core.ApplicationFilterChain.internalDoFilter(ApplicationFilterChain.java:164)
	at org.apache.catalina.core.ApplicationFilterChain.doFilter(ApplicationFilterChain.java:140)
	at org.springframework.web.filter.FormContentFilter.doFilterInternal(FormContentFilter.java:93)
	at org.springframework.web.filter.OncePerRequestFilter.doFilter(OncePerRequestFilter.java:116)
	at org.apache.catalina.core.ApplicationFilterChain.internalDoFilter(ApplicationFilterChain.java:164)
	at org.apache.catalina.core.ApplicationFilterChain.doFilter(ApplicationFilterChain.java:140)
	at org.springframework.web.filter.CharacterEncodingFilter.doFilterInternal(CharacterEncodingFilter.java:201)
	at org.springframework.web.filter.OncePerRequestFilter.doFilter(OncePerRequestFilter.java:116)
	at org.apache.catalina.core.ApplicationFilterChain.internalDoFilter(ApplicationFilterChain.java:164)
	at org.apache.catalina.core.ApplicationFilterChain.doFilter(ApplicationFilterChain.java:140)
	at org.apache.catalina.core.StandardWrapperValve.invoke(StandardWrapperValve.java:167)
	at org.apache.catalina.core.StandardContextValve.invoke(StandardContextValve.java:90)
	at org.apache.catalina.authenticator.AuthenticatorBase.invoke(AuthenticatorBase.java:483)
	at org.apache.catalina.core.StandardHostValve.invoke(StandardHostValve.java:115)
	at org.apache.catalina.valves.ErrorReportValve.invoke(ErrorReportValve.java:93)
	at org.apache.catalina.core.StandardEngineValve.invoke(StandardEngineValve.java:74)
	at org.apache.catalina.connector.CoyoteAdapter.service(CoyoteAdapter.java:344)
	at org.apache.coyote.http11.Http11Processor.service(Http11Processor.java:389)
	at org.apache.coyote.AbstractProcessorLight.process(AbstractProcessorLight.java:63)
	at org.apache.coyote.AbstractProtocol$ConnectionHandler.process(AbstractProtocol.java:904)
	at org.apache.tomcat.util.net.NioEndpoint$SocketProcessor.doRun(NioEndpoint.java:1741)
	at org.apache.tomcat.util.net.SocketProcessorBase.run(SocketProcessorBase.java:52)
	at org.apache.tomcat.util.threads.ThreadPoolExecutor.runWorker(ThreadPoolExecutor.java:1190)
	at org.apache.tomcat.util.threads.ThreadPoolExecutor$Worker.run(ThreadPoolExecutor.java:659)
	at org.apache.tomcat.util.threads.TaskThread$WrappingRunnable.run(TaskThread.java:63)
	at java.base/java.lang.Thread.run(Thread.java:842)
2026-02-23 10:27:42.572 WARN  k.c.s.c.h.GlobalExceptionHandler - No resource found
org.springframework.web.servlet.resource.NoResourceFoundException: No static resource api/receptions/dashboard/checklist.
	at org.springframework.web.servlet.resource.ResourceHttpRequestHandler.handleRequest(ResourceHttpRequestHandler.java:585)
	at org.springframework.web.servlet.mvc.HttpRequestHandlerAdapter.handle(HttpRequestHandlerAdapter.java:52)
	at org.springframework.web.servlet.DispatcherServlet.doDispatch(DispatcherServlet.java:1089)
	at org.springframework.web.servlet.DispatcherServlet.doService(DispatcherServlet.java:979)
	at org.springframework.web.servlet.FrameworkServlet.processRequest(FrameworkServlet.java:1014)
	at org.springframework.web.servlet.FrameworkServlet.doGet(FrameworkServlet.java:903)
	at jakarta.servlet.http.HttpServlet.service(HttpServlet.java:564)
	at org.springframework.web.servlet.FrameworkServlet.service(FrameworkServlet.java:885)
	at jakarta.servlet.http.HttpServlet.service(HttpServlet.java:658)
	at org.apache.catalina.core.ApplicationFilterChain.internalDoFilter(ApplicationFilterChain.java:195)
	at org.apache.catalina.core.ApplicationFilterChain.doFilter(ApplicationFilterChain.java:140)
	at org.apache.tomcat.websocket.server.WsFilter.doFilter(WsFilter.java:51)
	at org.apache.catalina.core.ApplicationFilterChain.internalDoFilter(ApplicationFilterChain.java:164)
	at org.apache.catalina.core.ApplicationFilterChain.doFilter(ApplicationFilterChain.java:140)
	at org.springframework.web.filter.CorsFilter.doFilterInternal(CorsFilter.java:91)
	at org.springframework.web.filter.OncePerRequestFilter.doFilter(OncePerRequestFilter.java:116)
	at org.apache.catalina.core.ApplicationFilterChain.internalDoFilter(ApplicationFilterChain.java:164)
	at org.apache.catalina.core.ApplicationFilterChain.doFilter(ApplicationFilterChain.java:140)
	at org.springframework.web.filter.RequestContextFilter.doFilterInternal(RequestContextFilter.java:100)
	at org.springframework.web.filter.OncePerRequestFilter.doFilter(OncePerRequestFilter.java:116)
	at org.apache.catalina.core.ApplicationFilterChain.internalDoFilter(ApplicationFilterChain.java:164)
	at org.apache.catalina.core.ApplicationFilterChain.doFilter(ApplicationFilterChain.java:140)
	at org.springframework.web.filter.FormContentFilter.doFilterInternal(FormContentFilter.java:93)
	at org.springframework.web.filter.OncePerRequestFilter.doFilter(OncePerRequestFilter.java:116)
	at org.apache.catalina.core.ApplicationFilterChain.internalDoFilter(ApplicationFilterChain.java:164)
	at org.apache.catalina.core.ApplicationFilterChain.doFilter(ApplicationFilterChain.java:140)
	at org.springframework.web.filter.CharacterEncodingFilter.doFilterInternal(CharacterEncodingFilter.java:201)
	at org.springframework.web.filter.OncePerRequestFilter.doFilter(OncePerRequestFilter.java:116)
	at org.apache.catalina.core.ApplicationFilterChain.internalDoFilter(ApplicationFilterChain.java:164)
	at org.apache.catalina.core.ApplicationFilterChain.doFilter(ApplicationFilterChain.java:140)
	at org.apache.catalina.core.StandardWrapperValve.invoke(StandardWrapperValve.java:167)
	at org.apache.catalina.core.StandardContextValve.invoke(StandardContextValve.java:90)
	at org.apache.catalina.authenticator.AuthenticatorBase.invoke(AuthenticatorBase.java:483)
	at org.apache.catalina.core.StandardHostValve.invoke(StandardHostValve.java:115)
	at org.apache.catalina.valves.ErrorReportValve.invoke(ErrorReportValve.java:93)
	at org.apache.catalina.core.StandardEngineValve.invoke(StandardEngineValve.java:74)
	at org.apache.catalina.connector.CoyoteAdapter.service(CoyoteAdapter.java:344)
	at org.apache.coyote.http11.Http11Processor.service(Http11Processor.java:389)
	at org.apache.coyote.AbstractProcessorLight.process(AbstractProcessorLight.java:63)
	at org.apache.coyote.AbstractProtocol$ConnectionHandler.process(AbstractProtocol.java:904)
	at org.apache.tomcat.util.net.NioEndpoint$SocketProcessor.doRun(NioEndpoint.java:1741)
	at org.apache.tomcat.util.net.SocketProcessorBase.run(SocketProcessorBase.java:52)
	at org.apache.tomcat.util.threads.ThreadPoolExecutor.runWorker(ThreadPoolExecutor.java:1190)
	at org.apache.tomcat.util.threads.ThreadPoolExecutor$Worker.run(ThreadPoolExecutor.java:659)
	at org.apache.tomcat.util.threads.TaskThread$WrappingRunnable.run(TaskThread.java:63)
	at java.base/java.lang.Thread.run(Thread.java:842)
2026-02-23 10:27:42.572 WARN  k.c.s.c.h.GlobalExceptionHandler - No resource found
org.springframework.web.servlet.resource.NoResourceFoundException: No static resource api/receptions/dashboard/schedules.
	at org.springframework.web.servlet.resource.ResourceHttpRequestHandler.handleRequest(ResourceHttpRequestHandler.java:585)
	at org.springframework.web.servlet.mvc.HttpRequestHandlerAdapter.handle(HttpRequestHandlerAdapter.java:52)
	at org.springframework.web.servlet.DispatcherServlet.doDispatch(DispatcherServlet.java:1089)
	at org.springframework.web.servlet.DispatcherServlet.doService(DispatcherServlet.java:979)
	at org.springframework.web.servlet.FrameworkServlet.processRequest(FrameworkServlet.java:1014)
	at org.springframework.web.servlet.FrameworkServlet.doGet(FrameworkServlet.java:903)
	at jakarta.servlet.http.HttpServlet.service(HttpServlet.java:564)
	at org.springframework.web.servlet.FrameworkServlet.service(FrameworkServlet.java:885)
	at jakarta.servlet.http.HttpServlet.service(HttpServlet.java:658)
	at org.apache.catalina.core.ApplicationFilterChain.internalDoFilter(ApplicationFilterChain.java:195)
	at org.apache.catalina.core.ApplicationFilterChain.doFilter(ApplicationFilterChain.java:140)
	at org.apache.tomcat.websocket.server.WsFilter.doFilter(WsFilter.java:51)
	at org.apache.catalina.core.ApplicationFilterChain.internalDoFilter(ApplicationFilterChain.java:164)
	at org.apache.catalina.core.ApplicationFilterChain.doFilter(ApplicationFilterChain.java:140)
	at org.springframework.web.filter.CorsFilter.doFilterInternal(CorsFilter.java:91)
	at org.springframework.web.filter.OncePerRequestFilter.doFilter(OncePerRequestFilter.java:116)
	at org.apache.catalina.core.ApplicationFilterChain.internalDoFilter(ApplicationFilterChain.java:164)
	at org.apache.catalina.core.ApplicationFilterChain.doFilter(ApplicationFilterChain.java:140)
	at org.springframework.web.filter.RequestContextFilter.doFilterInternal(RequestContextFilter.java:100)
	at org.springframework.web.filter.OncePerRequestFilter.doFilter(OncePerRequestFilter.java:116)
	at org.apache.catalina.core.ApplicationFilterChain.internalDoFilter(ApplicationFilterChain.java:164)
	at org.apache.catalina.core.ApplicationFilterChain.doFilter(ApplicationFilterChain.java:140)
	at org.springframework.web.filter.FormContentFilter.doFilterInternal(FormContentFilter.java:93)
	at org.springframework.web.filter.OncePerRequestFilter.doFilter(OncePerRequestFilter.java:116)
	at org.apache.catalina.core.ApplicationFilterChain.internalDoFilter(ApplicationFilterChain.java:164)
	at org.apache.catalina.core.ApplicationFilterChain.doFilter(ApplicationFilterChain.java:140)
	at org.springframework.web.filter.CharacterEncodingFilter.doFilterInternal(CharacterEncodingFilter.java:201)
	at org.springframework.web.filter.OncePerRequestFilter.doFilter(OncePerRequestFilter.java:116)
	at org.apache.catalina.core.ApplicationFilterChain.internalDoFilter(ApplicationFilterChain.java:164)
	at org.apache.catalina.core.ApplicationFilterChain.doFilter(ApplicationFilterChain.java:140)
	at org.apache.catalina.core.StandardWrapperValve.invoke(StandardWrapperValve.java:167)
	at org.apache.catalina.core.StandardContextValve.invoke(StandardContextValve.java:90)
	at org.apache.catalina.authenticator.AuthenticatorBase.invoke(AuthenticatorBase.java:483)
	at org.apache.catalina.core.StandardHostValve.invoke(StandardHostValve.java:115)
	at org.apache.catalina.valves.ErrorReportValve.invoke(ErrorReportValve.java:93)
	at org.apache.catalina.core.StandardEngineValve.invoke(StandardEngineValve.java:74)
	at org.apache.catalina.connector.CoyoteAdapter.service(CoyoteAdapter.java:344)
	at org.apache.coyote.http11.Http11Processor.service(Http11Processor.java:389)
	at org.apache.coyote.AbstractProcessorLight.process(AbstractProcessorLight.java:63)
	at org.apache.coyote.AbstractProtocol$ConnectionHandler.process(AbstractProtocol.java:904)
	at org.apache.tomcat.util.net.NioEndpoint$SocketProcessor.doRun(NioEndpoint.java:1741)
	at org.apache.tomcat.util.net.SocketProcessorBase.run(SocketProcessorBase.java:52)
	at org.apache.tomcat.util.threads.ThreadPoolExecutor.runWorker(ThreadPoolExecutor.java:1190)
	at org.apache.tomcat.util.threads.ThreadPoolExecutor$Worker.run(ThreadPoolExecutor.java:659)
	at org.apache.tomcat.util.threads.TaskThread$WrappingRunnable.run(TaskThread.java:63)
	at java.base/java.lang.Thread.run(Thread.java:842)
2026-02-23 10:41:26.987 INFO  k.co.seoulit.common.aop.LoggerAspect - Controller  : kr.co.seoulit.reception.controller.ReceptionController.getReceptions()시작
2026-02-23 10:41:26.987 INFO  k.c.s.r.c.ReceptionController - Reception list request: searchType=null, searchValue=null
2026-02-23 10:41:27.027 INFO  k.co.seoulit.common.aop.LoggerAspect - ServiceImpl  : kr.co.seoulit.reception.service.ReceptionServiceImpl.getReceptionList()시작
2026-02-23 10:41:27.050 INFO  k.co.seoulit.common.aop.LoggerAspect - ServiceImpl  : kr.co.seoulit.reception.service.ReceptionServiceImpl.getReceptionList()종료
2026-02-23 10:41:27.065 INFO  k.co.seoulit.common.aop.LoggerAspect - Controller  : kr.co.seoulit.reception.controller.ReceptionController.getReceptions()종료
2026-02-23 10:41:27.094 INFO  k.co.seoulit.common.aop.LoggerAspect - Controller  : kr.co.seoulit.reception.controller.ReceptionController.getReceptions()시작
2026-02-23 10:41:27.094 INFO  k.c.s.r.c.ReceptionController - Reception list request: searchType=null, searchValue=null
2026-02-23 10:41:27.094 INFO  k.co.seoulit.common.aop.LoggerAspect - ServiceImpl  : kr.co.seoulit.reception.service.ReceptionServiceImpl.getReceptionList()시작
2026-02-23 10:41:27.106 INFO  k.co.seoulit.common.aop.LoggerAspect - ServiceImpl  : kr.co.seoulit.reception.service.ReceptionServiceImpl.getReceptionList()종료
2026-02-23 10:41:27.112 INFO  k.co.seoulit.common.aop.LoggerAspect - Controller  : kr.co.seoulit.reception.controller.ReceptionController.getReceptions()종료
2026-02-23 10:41:27.229 INFO  k.co.seoulit.common.aop.LoggerAspect - Controller  : kr.co.seoulit.reception.controller.ReceptionController.getReception()시작
2026-02-23 10:41:27.229 INFO  k.c.s.r.c.ReceptionController - Get reception request: id=5
2026-02-23 10:41:27.230 INFO  k.co.seoulit.common.aop.LoggerAspect - ServiceImpl  : kr.co.seoulit.reception.service.ReceptionServiceImpl.getReception()시작
2026-02-23 10:41:27.235 DEBUG org.hibernate.SQL - select re1_0.reception_id,re1_0.arrived_at,re1_0.cancel_reason_code,re1_0.cancel_reason_text,re1_0.created_at,re1_0.created_by,re1_0.department_id,re1_0.department_name,re1_0.doctor_id,re1_0.doctor_name,re1_0.hold_reason_code,re1_0.hold_reason_text,re1_0.inactive_at,re1_0.inactive_reason_code,re1_0.inactive_reason_text,re1_0.is_active,re1_0.note,re1_0.patient_id,re1_0.patient_name,re1_0.reception_no,re1_0.reservation_id,re1_0.scheduled_at,re1_0.status,re1_0.updated_at,re1_0.updated_by,re1_0.visit_type from reception re1_0 where re1_0.reception_id=?
2026-02-23 10:41:27.236 TRACE org.hibernate.orm.jdbc.bind - binding parameter (1:BIGINT) <- [5]
2026-02-23 10:41:27.243 INFO  k.co.seoulit.common.aop.LoggerAspect - kr.co.seoulit.reception.mapstruct.ReceptionResMapStructImpl.toDto()시작
2026-02-23 10:41:27.244 INFO  k.co.seoulit.common.aop.LoggerAspect - kr.co.seoulit.reception.mapstruct.ReceptionResMapStructImpl.toDto()종료
2026-02-23 10:41:27.244 INFO  k.co.seoulit.common.aop.LoggerAspect - ServiceImpl  : kr.co.seoulit.reception.service.ReceptionServiceImpl.getReception()종료
2026-02-23 10:41:27.260 INFO  k.co.seoulit.common.aop.LoggerAspect - Controller  : kr.co.seoulit.reception.controller.ReceptionController.getReception()종료
2026-02-23 11:01:21.531 INFO  k.co.seoulit.common.aop.LoggerAspect - Controller  : kr.co.seoulit.reception.controller.ReceptionController.getReceptions()시작
2026-02-23 11:01:21.537 INFO  k.c.s.r.c.ReceptionController - Reception list request: searchType=null, searchValue=null
2026-02-23 11:01:21.550 INFO  k.co.seoulit.common.aop.LoggerAspect - ServiceImpl  : kr.co.seoulit.reception.service.ReceptionServiceImpl.getReceptionList()시작
2026-02-23 11:01:21.585 INFO  k.co.seoulit.common.aop.LoggerAspect - ServiceImpl  : kr.co.seoulit.reception.service.ReceptionServiceImpl.getReceptionList()종료
2026-02-23 11:01:21.592 INFO  k.co.seoulit.common.aop.LoggerAspect - Controller  : kr.co.seoulit.reception.controller.ReceptionController.getReceptions()종료
2026-02-23 11:01:21.615 INFO  k.co.seoulit.common.aop.LoggerAspect - Controller  : kr.co.seoulit.reception.controller.ReceptionController.getReceptions()시작
2026-02-23 11:01:21.615 INFO  k.c.s.r.c.ReceptionController - Reception list request: searchType=null, searchValue=null
2026-02-23 11:01:21.615 INFO  k.co.seoulit.common.aop.LoggerAspect - ServiceImpl  : kr.co.seoulit.reception.service.ReceptionServiceImpl.getReceptionList()시작
2026-02-23 11:01:21.629 INFO  k.co.seoulit.common.aop.LoggerAspect - ServiceImpl  : kr.co.seoulit.reception.service.ReceptionServiceImpl.getReceptionList()종료
2026-02-23 11:01:21.639 INFO  k.co.seoulit.common.aop.LoggerAspect - Controller  : kr.co.seoulit.reception.controller.ReceptionController.getReceptions()종료
2026-02-23 11:08:28.416 INFO  o.s.api.AbstractOpenApiResource - Init duration for springdoc-openapi is: 454 ms
2026-02-23 11:12:01.579 INFO  o.s.o.j.LocalContainerEntityManagerFactoryBean - Closing JPA EntityManagerFactory for persistence unit 'default'
2026-02-23 11:12:01.588 INFO  com.zaxxer.hikari.HikariDataSource - HikariPool-1 - Shutdown initiated...
2026-02-23 11:12:01.648 INFO  com.zaxxer.hikari.HikariDataSource - HikariPool-1 - Shutdown completed.
2026-02-23 11:12:07.763 INFO  o.h.validator.internal.util.Version - HV000001: Hibernate Validator 8.0.1.Final
2026-02-23 11:12:07.830 INFO  kr.co.seoulit.ReceptionApplication - Starting ReceptionApplication using Java 17.0.12 with PID 68812 (D:\서울IT교육센터\dev\teamwork\project\backend\hospital_reception_backend\reception_back\build\classes\java\main started by USER in D:\서울IT교육센터\dev\teamwork\project\backend\hospital_reception_backend\reception_back)
2026-02-23 11:12:07.831 INFO  kr.co.seoulit.ReceptionApplication - No active profile set, falling back to 1 default profile: "default"
2026-02-23 11:12:09.041 INFO  o.s.d.r.c.RepositoryConfigurationDelegate - Multiple Spring Data modules found, entering strict repository configuration mode
2026-02-23 11:12:09.043 INFO  o.s.d.r.c.RepositoryConfigurationDelegate - Bootstrapping Spring Data JPA repositories in DEFAULT mode.
2026-02-23 11:12:09.261 INFO  o.s.d.r.c.RepositoryConfigurationDelegate - Finished Spring Data repository scanning in 208 ms. Found 9 JPA repository interfaces.
2026-02-23 11:12:09.288 INFO  o.s.d.r.c.RepositoryConfigurationDelegate - Multiple Spring Data modules found, entering strict repository configuration mode
2026-02-23 11:12:09.290 INFO  o.s.d.r.c.RepositoryConfigurationDelegate - Bootstrapping Spring Data Redis repositories in DEFAULT mode.
2026-02-23 11:12:09.311 INFO  o.s.d.r.c.RepositoryConfigurationExtensionSupport - Spring Data Redis - Could not safely identify store assignment for repository candidate interface kr.co.seoulit.common.audit.AuditLogRepository; If you want this repository to be a Redis repository, consider annotating your entities with one of these annotations: org.springframework.data.redis.core.RedisHash (preferred), or consider extending one of the following types with your repository: org.springframework.data.keyvalue.repository.KeyValueRepository
2026-02-23 11:12:09.311 INFO  o.s.d.r.c.RepositoryConfigurationExtensionSupport - Spring Data Redis - Could not safely identify store assignment for repository candidate interface kr.co.seoulit.reception.repository.DepartmentRepository; If you want this repository to be a Redis repository, consider annotating your entities with one of these annotations: org.springframework.data.redis.core.RedisHash (preferred), or consider extending one of the following types with your repository: org.springframework.data.keyvalue.repository.KeyValueRepository
2026-02-23 11:12:09.311 INFO  o.s.d.r.c.RepositoryConfigurationExtensionSupport - Spring Data Redis - Could not safely identify store assignment for repository candidate interface kr.co.seoulit.reception.repository.DoctorRepository; If you want this repository to be a Redis repository, consider annotating your entities with one of these annotations: org.springframework.data.redis.core.RedisHash (preferred), or consider extending one of the following types with your repository: org.springframework.data.keyvalue.repository.KeyValueRepository
2026-02-23 11:12:09.312 INFO  o.s.d.r.c.RepositoryConfigurationExtensionSupport - Spring Data Redis - Could not safely identify store assignment for repository candidate interface kr.co.seoulit.reception.repository.PatientRepository; If you want this repository to be a Redis repository, consider annotating your entities with one of these annotations: org.springframework.data.redis.core.RedisHash (preferred), or consider extending one of the following types with your repository: org.springframework.data.keyvalue.repository.KeyValueRepository
2026-02-23 11:12:09.312 INFO  o.s.d.r.c.RepositoryConfigurationExtensionSupport - Spring Data Redis - Could not safely identify store assignment for repository candidate interface kr.co.seoulit.reception.repository.ReceptionEmergencyRepository; If you want this repository to be a Redis repository, consider annotating your entities with one of these annotations: org.springframework.data.redis.core.RedisHash (preferred), or consider extending one of the following types with your repository: org.springframework.data.keyvalue.repository.KeyValueRepository
2026-02-23 11:12:09.312 INFO  o.s.d.r.c.RepositoryConfigurationExtensionSupport - Spring Data Redis - Could not safely identify store assignment for repository candidate interface kr.co.seoulit.reception.repository.ReceptionInpatientRepository; If you want this repository to be a Redis repository, consider annotating your entities with one of these annotations: org.springframework.data.redis.core.RedisHash (preferred), or consider extending one of the following types with your repository: org.springframework.data.keyvalue.repository.KeyValueRepository
2026-02-23 11:12:09.313 INFO  o.s.d.r.c.RepositoryConfigurationExtensionSupport - Spring Data Redis - Could not safely identify store assignment for repository candidate interface kr.co.seoulit.reception.repository.ReceptionRepository; If you want this repository to be a Redis repository, consider annotating your entities with one of these annotations: org.springframework.data.redis.core.RedisHash (preferred), or consider extending one of the following types with your repository: org.springframework.data.keyvalue.repository.KeyValueRepository
2026-02-23 11:12:09.313 INFO  o.s.d.r.c.RepositoryConfigurationExtensionSupport - Spring Data Redis - Could not safely identify store assignment for repository candidate interface kr.co.seoulit.reception.repository.ReceptionStatusHistoryRepository; If you want this repository to be a Redis repository, consider annotating your entities with one of these annotations: org.springframework.data.redis.core.RedisHash (preferred), or consider extending one of the following types with your repository: org.springframework.data.keyvalue.repository.KeyValueRepository
2026-02-23 11:12:09.313 INFO  o.s.d.r.c.RepositoryConfigurationExtensionSupport - Spring Data Redis - Could not safely identify store assignment for repository candidate interface kr.co.seoulit.reception.repository.ReservationRepository; If you want this repository to be a Redis repository, consider annotating your entities with one of these annotations: org.springframework.data.redis.core.RedisHash (preferred), or consider extending one of the following types with your repository: org.springframework.data.keyvalue.repository.KeyValueRepository
2026-02-23 11:12:09.313 INFO  o.s.d.r.c.RepositoryConfigurationDelegate - Finished Spring Data repository scanning in 12 ms. Found 0 Redis repository interfaces.
2026-02-23 11:12:10.210 INFO  o.s.b.w.e.tomcat.TomcatWebServer - Tomcat initialized with port 8283 (http)
2026-02-23 11:12:10.224 INFO  o.a.coyote.http11.Http11NioProtocol - Initializing ProtocolHandler ["http-nio-8283"]
2026-02-23 11:12:10.226 INFO  o.a.catalina.core.StandardService - Starting service [Tomcat]
2026-02-23 11:12:10.227 INFO  o.a.catalina.core.StandardEngine - Starting Servlet engine: [Apache Tomcat/10.1.26]
2026-02-23 11:12:10.313 INFO  o.a.c.c.C.[Tomcat].[localhost].[/] - Initializing Spring embedded WebApplicationContext
2026-02-23 11:12:10.314 INFO  o.s.b.w.s.c.ServletWebServerApplicationContext - Root WebApplicationContext: initialization completed in 2410 ms
2026-02-23 11:12:10.586 INFO  o.h.jpa.internal.util.LogHelper - HHH000204: Processing PersistenceUnitInfo [name: default]
2026-02-23 11:12:10.656 INFO  org.hibernate.Version - HHH000412: Hibernate ORM core version 6.5.2.Final
2026-02-23 11:12:10.695 INFO  o.h.c.i.RegionFactoryInitiator - HHH000026: Second-level cache disabled
2026-02-23 11:12:11.106 INFO  o.s.o.j.p.SpringPersistenceUnitInfo - No LoadTimeWeaver setup: ignoring JPA class transformer
2026-02-23 11:12:11.141 INFO  com.zaxxer.hikari.HikariDataSource - HikariPool-1 - Starting...
2026-02-23 11:12:11.505 INFO  com.zaxxer.hikari.pool.HikariPool - HikariPool-1 - Added connection oracle.jdbc.driver.T4CConnection@2ba9f743
2026-02-23 11:12:11.508 INFO  com.zaxxer.hikari.HikariDataSource - HikariPool-1 - Start completed.
2026-02-23 11:12:11.534 WARN  org.hibernate.orm.deprecation - HHH90000026: Oracle10gDialect has been deprecated; use org.hibernate.community.dialect.OracleLegacyDialect instead
2026-02-23 11:12:12.932 INFO  o.h.e.t.j.p.i.JtaPlatformInitiator - HHH000489: No JTA platform available (set 'hibernate.transaction.jta.platform' to enable JTA platform integration)
2026-02-23 11:12:12.936 INFO  o.s.o.j.LocalContainerEntityManagerFactoryBean - Initialized JPA EntityManagerFactory for persistence unit 'default'
2026-02-23 11:12:14.582 WARN  o.s.b.a.o.j.JpaBaseConfiguration$JpaWebConfiguration - spring.jpa.open-in-view is enabled by default. Therefore, database queries may be performed during view rendering. Explicitly configure spring.jpa.open-in-view to disable this warning
2026-02-23 11:12:14.618 INFO  o.s.b.a.w.s.WelcomePageHandlerMapping - Adding welcome page: class path resource [static/index.html]
2026-02-23 11:12:15.576 INFO  o.a.coyote.http11.Http11NioProtocol - Starting ProtocolHandler ["http-nio-8283"]
2026-02-23 11:12:15.605 INFO  o.s.b.w.e.tomcat.TomcatWebServer - Tomcat started on port 8283 (http) with context path '/'
2026-02-23 11:12:15.616 INFO  kr.co.seoulit.ReceptionApplication - Started ReceptionApplication in 8.466 seconds (process running for 9.884)
2026-02-23 11:12:21.058 INFO  o.a.c.c.C.[Tomcat].[localhost].[/] - Initializing Spring DispatcherServlet 'dispatcherServlet'
2026-02-23 11:12:21.059 INFO  o.s.web.servlet.DispatcherServlet - Initializing Servlet 'dispatcherServlet'
2026-02-23 11:12:21.061 INFO  o.s.web.servlet.DispatcherServlet - Completed initialization in 1 ms
2026-02-23 11:12:22.549 INFO  o.s.api.AbstractOpenApiResource - Init duration for springdoc-openapi is: 944 ms
2026-02-23 11:14:18.391 INFO  o.s.o.j.LocalContainerEntityManagerFactoryBean - Closing JPA EntityManagerFactory for persistence unit 'default'
2026-02-23 11:14:18.395 INFO  com.zaxxer.hikari.HikariDataSource - HikariPool-1 - Shutdown initiated...
2026-02-23 11:14:18.800 INFO  com.zaxxer.hikari.HikariDataSource - HikariPool-1 - Shutdown completed.
2026-02-23 11:14:32.983 INFO  o.h.validator.internal.util.Version - HV000001: Hibernate Validator 8.0.1.Final
2026-02-23 11:14:33.057 INFO  kr.co.seoulit.ReceptionApplication - Starting ReceptionApplication using Java 17.0.12 with PID 70648 (D:\서울IT교육센터\dev\teamwork\project\backend\hospital_reception_backend\reception_back\build\classes\java\main started by USER in D:\서울IT교육센터\dev\teamwork\project\backend\hospital_reception_backend\reception_back)
2026-02-23 11:14:33.059 INFO  kr.co.seoulit.ReceptionApplication - No active profile set, falling back to 1 default profile: "default"
2026-02-23 11:14:34.425 INFO  o.s.d.r.c.RepositoryConfigurationDelegate - Multiple Spring Data modules found, entering strict repository configuration mode
2026-02-23 11:14:34.427 INFO  o.s.d.r.c.RepositoryConfigurationDelegate - Bootstrapping Spring Data JPA repositories in DEFAULT mode.
2026-02-23 11:14:34.702 INFO  o.s.d.r.c.RepositoryConfigurationDelegate - Finished Spring Data repository scanning in 263 ms. Found 9 JPA repository interfaces.
2026-02-23 11:14:34.728 INFO  o.s.d.r.c.RepositoryConfigurationDelegate - Multiple Spring Data modules found, entering strict repository configuration mode
2026-02-23 11:14:34.730 INFO  o.s.d.r.c.RepositoryConfigurationDelegate - Bootstrapping Spring Data Redis repositories in DEFAULT mode.
2026-02-23 11:14:34.754 INFO  o.s.d.r.c.RepositoryConfigurationExtensionSupport - Spring Data Redis - Could not safely identify store assignment for repository candidate interface kr.co.seoulit.common.audit.AuditLogRepository; If you want this repository to be a Redis repository, consider annotating your entities with one of these annotations: org.springframework.data.redis.core.RedisHash (preferred), or consider extending one of the following types with your repository: org.springframework.data.keyvalue.repository.KeyValueRepository
2026-02-23 11:14:34.754 INFO  o.s.d.r.c.RepositoryConfigurationExtensionSupport - Spring Data Redis - Could not safely identify store assignment for repository candidate interface kr.co.seoulit.reception.repository.DepartmentRepository; If you want this repository to be a Redis repository, consider annotating your entities with one of these annotations: org.springframework.data.redis.core.RedisHash (preferred), or consider extending one of the following types with your repository: org.springframework.data.keyvalue.repository.KeyValueRepository
2026-02-23 11:14:34.754 INFO  o.s.d.r.c.RepositoryConfigurationExtensionSupport - Spring Data Redis - Could not safely identify store assignment for repository candidate interface kr.co.seoulit.reception.repository.DoctorRepository; If you want this repository to be a Redis repository, consider annotating your entities with one of these annotations: org.springframework.data.redis.core.RedisHash (preferred), or consider extending one of the following types with your repository: org.springframework.data.keyvalue.repository.KeyValueRepository
2026-02-23 11:14:34.755 INFO  o.s.d.r.c.RepositoryConfigurationExtensionSupport - Spring Data Redis - Could not safely identify store assignment for repository candidate interface kr.co.seoulit.reception.repository.PatientRepository; If you want this repository to be a Redis repository, consider annotating your entities with one of these annotations: org.springframework.data.redis.core.RedisHash (preferred), or consider extending one of the following types with your repository: org.springframework.data.keyvalue.repository.KeyValueRepository
2026-02-23 11:14:34.756 INFO  o.s.d.r.c.RepositoryConfigurationExtensionSupport - Spring Data Redis - Could not safely identify store assignment for repository candidate interface kr.co.seoulit.reception.repository.ReceptionEmergencyRepository; If you want this repository to be a Redis repository, consider annotating your entities with one of these annotations: org.springframework.data.redis.core.RedisHash (preferred), or consider extending one of the following types with your repository: org.springframework.data.keyvalue.repository.KeyValueRepository
2026-02-23 11:14:34.756 INFO  o.s.d.r.c.RepositoryConfigurationExtensionSupport - Spring Data Redis - Could not safely identify store assignment for repository candidate interface kr.co.seoulit.reception.repository.ReceptionInpatientRepository; If you want this repository to be a Redis repository, consider annotating your entities with one of these annotations: org.springframework.data.redis.core.RedisHash (preferred), or consider extending one of the following types with your repository: org.springframework.data.keyvalue.repository.KeyValueRepository
2026-02-23 11:14:34.756 INFO  o.s.d.r.c.RepositoryConfigurationExtensionSupport - Spring Data Redis - Could not safely identify store assignment for repository candidate interface kr.co.seoulit.reception.repository.ReceptionRepository; If you want this repository to be a Redis repository, consider annotating your entities with one of these annotations: org.springframework.data.redis.core.RedisHash (preferred), or consider extending one of the following types with your repository: org.springframework.data.keyvalue.repository.KeyValueRepository
2026-02-23 11:14:34.757 INFO  o.s.d.r.c.RepositoryConfigurationExtensionSupport - Spring Data Redis - Could not safely identify store assignment for repository candidate interface kr.co.seoulit.reception.repository.ReceptionStatusHistoryRepository; If you want this repository to be a Redis repository, consider annotating your entities with one of these annotations: org.springframework.data.redis.core.RedisHash (preferred), or consider extending one of the following types with your repository: org.springframework.data.keyvalue.repository.KeyValueRepository
2026-02-23 11:14:34.757 INFO  o.s.d.r.c.RepositoryConfigurationExtensionSupport - Spring Data Redis - Could not safely identify store assignment for repository candidate interface kr.co.seoulit.reception.repository.ReservationRepository; If you want this repository to be a Redis repository, consider annotating your entities with one of these annotations: org.springframework.data.redis.core.RedisHash (preferred), or consider extending one of the following types with your repository: org.springframework.data.keyvalue.repository.KeyValueRepository
2026-02-23 11:14:34.757 INFO  o.s.d.r.c.RepositoryConfigurationDelegate - Finished Spring Data repository scanning in 15 ms. Found 0 Redis repository interfaces.
2026-02-23 11:14:35.872 INFO  o.s.b.w.e.tomcat.TomcatWebServer - Tomcat initialized with port 8283 (http)
2026-02-23 11:14:35.885 INFO  o.a.coyote.http11.Http11NioProtocol - Initializing ProtocolHandler ["http-nio-8283"]
2026-02-23 11:14:35.887 INFO  o.a.catalina.core.StandardService - Starting service [Tomcat]
2026-02-23 11:14:35.888 INFO  o.a.catalina.core.StandardEngine - Starting Servlet engine: [Apache Tomcat/10.1.26]
2026-02-23 11:14:36.004 INFO  o.a.c.c.C.[Tomcat].[localhost].[/] - Initializing Spring embedded WebApplicationContext
2026-02-23 11:14:36.006 INFO  o.s.b.w.s.c.ServletWebServerApplicationContext - Root WebApplicationContext: initialization completed in 2869 ms
2026-02-23 11:14:36.365 INFO  o.h.jpa.internal.util.LogHelper - HHH000204: Processing PersistenceUnitInfo [name: default]
2026-02-23 11:14:36.468 INFO  org.hibernate.Version - HHH000412: Hibernate ORM core version 6.5.2.Final
2026-02-23 11:14:36.529 INFO  o.h.c.i.RegionFactoryInitiator - HHH000026: Second-level cache disabled
2026-02-23 11:14:37.033 INFO  o.s.o.j.p.SpringPersistenceUnitInfo - No LoadTimeWeaver setup: ignoring JPA class transformer
2026-02-23 11:14:37.070 INFO  com.zaxxer.hikari.HikariDataSource - HikariPool-1 - Starting...
2026-02-23 11:14:37.573 INFO  com.zaxxer.hikari.pool.HikariPool - HikariPool-1 - Added connection oracle.jdbc.driver.T4CConnection@414e8b31
2026-02-23 11:14:37.576 INFO  com.zaxxer.hikari.HikariDataSource - HikariPool-1 - Start completed.
2026-02-23 11:14:37.616 WARN  org.hibernate.orm.deprecation - HHH90000026: Oracle10gDialect has been deprecated; use org.hibernate.community.dialect.OracleLegacyDialect instead
2026-02-23 11:14:39.787 INFO  o.h.e.t.j.p.i.JtaPlatformInitiator - HHH000489: No JTA platform available (set 'hibernate.transaction.jta.platform' to enable JTA platform integration)
2026-02-23 11:14:39.792 INFO  o.s.o.j.LocalContainerEntityManagerFactoryBean - Initialized JPA EntityManagerFactory for persistence unit 'default'
2026-02-23 11:14:41.755 WARN  o.s.b.a.o.j.JpaBaseConfiguration$JpaWebConfiguration - spring.jpa.open-in-view is enabled by default. Therefore, database queries may be performed during view rendering. Explicitly configure spring.jpa.open-in-view to disable this warning
2026-02-23 11:14:41.802 INFO  o.s.b.a.w.s.WelcomePageHandlerMapping - Adding welcome page: class path resource [static/index.html]
2026-02-23 11:14:43.149 INFO  o.a.coyote.http11.Http11NioProtocol - Starting ProtocolHandler ["http-nio-8283"]
2026-02-23 11:14:43.185 INFO  o.s.b.w.e.tomcat.TomcatWebServer - Tomcat started on port 8283 (http) with context path '/'
2026-02-23 11:14:43.200 INFO  kr.co.seoulit.ReceptionApplication - Started ReceptionApplication in 11.446 seconds (process running for 13.115)
2026-02-23 11:14:43.276 INFO  o.a.c.c.C.[Tomcat].[localhost].[/] - Initializing Spring DispatcherServlet 'dispatcherServlet'
2026-02-23 11:14:43.276 INFO  o.s.web.servlet.DispatcherServlet - Initializing Servlet 'dispatcherServlet'
2026-02-23 11:14:43.278 INFO  o.s.web.servlet.DispatcherServlet - Completed initialization in 2 ms
2026-02-23 11:14:44.871 INFO  o.s.api.AbstractOpenApiResource - Init duration for springdoc-openapi is: 1091 ms
2026-02-23 11:15:07.257 INFO  o.s.o.j.LocalContainerEntityManagerFactoryBean - Closing JPA EntityManagerFactory for persistence unit 'default'
2026-02-23 11:15:07.259 INFO  com.zaxxer.hikari.HikariDataSource - HikariPool-1 - Shutdown initiated...
2026-02-23 11:15:07.335 INFO  com.zaxxer.hikari.HikariDataSource - HikariPool-1 - Shutdown completed.
2026-02-23 11:15:15.040 INFO  o.h.validator.internal.util.Version - HV000001: Hibernate Validator 8.0.1.Final
2026-02-23 11:15:15.106 INFO  kr.co.seoulit.ReceptionApplication - Starting ReceptionApplication using Java 17.0.12 with PID 69744 (D:\서울IT교육센터\dev\teamwork\project\backend\hospital_reception_backend\reception_back\build\classes\java\main started by USER in D:\서울IT교육센터\dev\teamwork\project\backend\hospital_reception_backend\reception_back)
2026-02-23 11:15:15.108 INFO  kr.co.seoulit.ReceptionApplication - No active profile set, falling back to 1 default profile: "default"
2026-02-23 11:15:16.277 INFO  o.s.d.r.c.RepositoryConfigurationDelegate - Multiple Spring Data modules found, entering strict repository configuration mode
2026-02-23 11:15:16.279 INFO  o.s.d.r.c.RepositoryConfigurationDelegate - Bootstrapping Spring Data JPA repositories in DEFAULT mode.
2026-02-23 11:15:16.531 INFO  o.s.d.r.c.RepositoryConfigurationDelegate - Finished Spring Data repository scanning in 245 ms. Found 9 JPA repository interfaces.
2026-02-23 11:15:16.553 INFO  o.s.d.r.c.RepositoryConfigurationDelegate - Multiple Spring Data modules found, entering strict repository configuration mode
2026-02-23 11:15:16.555 INFO  o.s.d.r.c.RepositoryConfigurationDelegate - Bootstrapping Spring Data Redis repositories in DEFAULT mode.
2026-02-23 11:15:16.577 INFO  o.s.d.r.c.RepositoryConfigurationExtensionSupport - Spring Data Redis - Could not safely identify store assignment for repository candidate interface kr.co.seoulit.common.audit.AuditLogRepository; If you want this repository to be a Redis repository, consider annotating your entities with one of these annotations: org.springframework.data.redis.core.RedisHash (preferred), or consider extending one of the following types with your repository: org.springframework.data.keyvalue.repository.KeyValueRepository
2026-02-23 11:15:16.578 INFO  o.s.d.r.c.RepositoryConfigurationExtensionSupport - Spring Data Redis - Could not safely identify store assignment for repository candidate interface kr.co.seoulit.reception.repository.DepartmentRepository; If you want this repository to be a Redis repository, consider annotating your entities with one of these annotations: org.springframework.data.redis.core.RedisHash (preferred), or consider extending one of the following types with your repository: org.springframework.data.keyvalue.repository.KeyValueRepository
2026-02-23 11:15:16.578 INFO  o.s.d.r.c.RepositoryConfigurationExtensionSupport - Spring Data Redis - Could not safely identify store assignment for repository candidate interface kr.co.seoulit.reception.repository.DoctorRepository; If you want this repository to be a Redis repository, consider annotating your entities with one of these annotations: org.springframework.data.redis.core.RedisHash (preferred), or consider extending one of the following types with your repository: org.springframework.data.keyvalue.repository.KeyValueRepository
2026-02-23 11:15:16.579 INFO  o.s.d.r.c.RepositoryConfigurationExtensionSupport - Spring Data Redis - Could not safely identify store assignment for repository candidate interface kr.co.seoulit.reception.repository.PatientRepository; If you want this repository to be a Redis repository, consider annotating your entities with one of these annotations: org.springframework.data.redis.core.RedisHash (preferred), or consider extending one of the following types with your repository: org.springframework.data.keyvalue.repository.KeyValueRepository
2026-02-23 11:15:16.579 INFO  o.s.d.r.c.RepositoryConfigurationExtensionSupport - Spring Data Redis - Could not safely identify store assignment for repository candidate interface kr.co.seoulit.reception.repository.ReceptionEmergencyRepository; If you want this repository to be a Redis repository, consider annotating your entities with one of these annotations: org.springframework.data.redis.core.RedisHash (preferred), or consider extending one of the following types with your repository: org.springframework.data.keyvalue.repository.KeyValueRepository
2026-02-23 11:15:16.579 INFO  o.s.d.r.c.RepositoryConfigurationExtensionSupport - Spring Data Redis - Could not safely identify store assignment for repository candidate interface kr.co.seoulit.reception.repository.ReceptionInpatientRepository; If you want this repository to be a Redis repository, consider annotating your entities with one of these annotations: org.springframework.data.redis.core.RedisHash (preferred), or consider extending one of the following types with your repository: org.springframework.data.keyvalue.repository.KeyValueRepository
2026-02-23 11:15:16.580 INFO  o.s.d.r.c.RepositoryConfigurationExtensionSupport - Spring Data Redis - Could not safely identify store assignment for repository candidate interface kr.co.seoulit.reception.repository.ReceptionRepository; If you want this repository to be a Redis repository, consider annotating your entities with one of these annotations: org.springframework.data.redis.core.RedisHash (preferred), or consider extending one of the following types with your repository: org.springframework.data.keyvalue.repository.KeyValueRepository
2026-02-23 11:15:16.581 INFO  o.s.d.r.c.RepositoryConfigurationExtensionSupport - Spring Data Redis - Could not safely identify store assignment for repository candidate interface kr.co.seoulit.reception.repository.ReceptionStatusHistoryRepository; If you want this repository to be a Redis repository, consider annotating your entities with one of these annotations: org.springframework.data.redis.core.RedisHash (preferred), or consider extending one of the following types with your repository: org.springframework.data.keyvalue.repository.KeyValueRepository
2026-02-23 11:15:16.581 INFO  o.s.d.r.c.RepositoryConfigurationExtensionSupport - Spring Data Redis - Could not safely identify store assignment for repository candidate interface kr.co.seoulit.reception.repository.ReservationRepository; If you want this repository to be a Redis repository, consider annotating your entities with one of these annotations: org.springframework.data.redis.core.RedisHash (preferred), or consider extending one of the following types with your repository: org.springframework.data.keyvalue.repository.KeyValueRepository
2026-02-23 11:15:16.582 INFO  o.s.d.r.c.RepositoryConfigurationDelegate - Finished Spring Data repository scanning in 15 ms. Found 0 Redis repository interfaces.
2026-02-23 11:15:17.542 INFO  o.s.b.w.e.tomcat.TomcatWebServer - Tomcat initialized with port 8283 (http)
2026-02-23 11:15:17.553 INFO  o.a.coyote.http11.Http11NioProtocol - Initializing ProtocolHandler ["http-nio-8283"]
2026-02-23 11:15:17.555 INFO  o.a.catalina.core.StandardService - Starting service [Tomcat]
2026-02-23 11:15:17.556 INFO  o.a.catalina.core.StandardEngine - Starting Servlet engine: [Apache Tomcat/10.1.26]
2026-02-23 11:15:17.656 INFO  o.a.c.c.C.[Tomcat].[localhost].[/] - Initializing Spring embedded WebApplicationContext
2026-02-23 11:15:17.657 INFO  o.s.b.w.s.c.ServletWebServerApplicationContext - Root WebApplicationContext: initialization completed in 2487 ms
2026-02-23 11:15:18.001 INFO  o.h.jpa.internal.util.LogHelper - HHH000204: Processing PersistenceUnitInfo [name: default]
2026-02-23 11:15:18.121 INFO  org.hibernate.Version - HHH000412: Hibernate ORM core version 6.5.2.Final
2026-02-23 11:15:18.182 INFO  o.h.c.i.RegionFactoryInitiator - HHH000026: Second-level cache disabled
2026-02-23 11:15:18.662 INFO  o.s.o.j.p.SpringPersistenceUnitInfo - No LoadTimeWeaver setup: ignoring JPA class transformer
2026-02-23 11:15:18.702 INFO  com.zaxxer.hikari.HikariDataSource - HikariPool-1 - Starting...
2026-02-23 11:15:19.103 INFO  com.zaxxer.hikari.pool.HikariPool - HikariPool-1 - Added connection oracle.jdbc.driver.T4CConnection@2ba9f743
2026-02-23 11:15:19.106 INFO  com.zaxxer.hikari.HikariDataSource - HikariPool-1 - Start completed.
2026-02-23 11:15:19.134 WARN  org.hibernate.orm.deprecation - HHH90000026: Oracle10gDialect has been deprecated; use org.hibernate.community.dialect.OracleLegacyDialect instead
2026-02-23 11:15:20.906 INFO  o.h.e.t.j.p.i.JtaPlatformInitiator - HHH000489: No JTA platform available (set 'hibernate.transaction.jta.platform' to enable JTA platform integration)
2026-02-23 11:15:20.910 INFO  o.s.o.j.LocalContainerEntityManagerFactoryBean - Initialized JPA EntityManagerFactory for persistence unit 'default'
2026-02-23 11:15:22.848 WARN  o.s.b.a.o.j.JpaBaseConfiguration$JpaWebConfiguration - spring.jpa.open-in-view is enabled by default. Therefore, database queries may be performed during view rendering. Explicitly configure spring.jpa.open-in-view to disable this warning
2026-02-23 11:15:22.890 INFO  o.s.b.a.w.s.WelcomePageHandlerMapping - Adding welcome page: class path resource [static/index.html]
2026-02-23 11:15:24.171 INFO  o.a.coyote.http11.Http11NioProtocol - Starting ProtocolHandler ["http-nio-8283"]
2026-02-23 11:15:24.198 INFO  o.s.b.w.e.tomcat.TomcatWebServer - Tomcat started on port 8283 (http) with context path '/'
2026-02-23 11:15:24.210 INFO  kr.co.seoulit.ReceptionApplication - Started ReceptionApplication in 9.71 seconds (process running for 11.079)
2026-02-23 11:15:24.335 INFO  o.a.c.c.C.[Tomcat].[localhost].[/] - Initializing Spring DispatcherServlet 'dispatcherServlet'
2026-02-23 11:15:24.335 INFO  o.s.web.servlet.DispatcherServlet - Initializing Servlet 'dispatcherServlet'
2026-02-23 11:15:24.337 INFO  o.s.web.servlet.DispatcherServlet - Completed initialization in 2 ms
2026-02-23 11:15:25.993 INFO  o.s.api.AbstractOpenApiResource - Init duration for springdoc-openapi is: 1026 ms
2026-02-23 11:31:40.131 INFO  o.s.o.j.LocalContainerEntityManagerFactoryBean - Closing JPA EntityManagerFactory for persistence unit 'default'
2026-02-23 11:31:40.134 INFO  com.zaxxer.hikari.HikariDataSource - HikariPool-1 - Shutdown initiated...
2026-02-23 11:31:40.214 INFO  com.zaxxer.hikari.HikariDataSource - HikariPool-1 - Shutdown completed.
2026-02-23 11:31:46.148 INFO  o.h.validator.internal.util.Version - HV000001: Hibernate Validator 8.0.1.Final
2026-02-23 11:31:46.206 INFO  kr.co.seoulit.ReceptionApplication - Starting ReceptionApplication using Java 17.0.12 with PID 69944 (D:\서울IT교육센터\dev\teamwork\project\backend\hospital_reception_backend\reception_back\build\classes\java\main started by USER in D:\서울IT교육센터\dev\teamwork\project\backend\hospital_reception_backend\reception_back)
2026-02-23 11:31:46.207 INFO  kr.co.seoulit.ReceptionApplication - No active profile set, falling back to 1 default profile: "default"
2026-02-23 11:31:47.942 INFO  o.s.d.r.c.RepositoryConfigurationDelegate - Multiple Spring Data modules found, entering strict repository configuration mode
2026-02-23 11:31:47.944 INFO  o.s.d.r.c.RepositoryConfigurationDelegate - Bootstrapping Spring Data JPA repositories in DEFAULT mode.
2026-02-23 11:31:48.181 INFO  o.s.d.r.c.RepositoryConfigurationDelegate - Finished Spring Data repository scanning in 228 ms. Found 9 JPA repository interfaces.
2026-02-23 11:31:48.205 INFO  o.s.d.r.c.RepositoryConfigurationDelegate - Multiple Spring Data modules found, entering strict repository configuration mode
2026-02-23 11:31:48.207 INFO  o.s.d.r.c.RepositoryConfigurationDelegate - Bootstrapping Spring Data Redis repositories in DEFAULT mode.
2026-02-23 11:31:48.234 INFO  o.s.d.r.c.RepositoryConfigurationExtensionSupport - Spring Data Redis - Could not safely identify store assignment for repository candidate interface kr.co.seoulit.common.audit.AuditLogRepository; If you want this repository to be a Redis repository, consider annotating your entities with one of these annotations: org.springframework.data.redis.core.RedisHash (preferred), or consider extending one of the following types with your repository: org.springframework.data.keyvalue.repository.KeyValueRepository
2026-02-23 11:31:48.234 INFO  o.s.d.r.c.RepositoryConfigurationExtensionSupport - Spring Data Redis - Could not safely identify store assignment for repository candidate interface kr.co.seoulit.reception.repository.DepartmentRepository; If you want this repository to be a Redis repository, consider annotating your entities with one of these annotations: org.springframework.data.redis.core.RedisHash (preferred), or consider extending one of the following types with your repository: org.springframework.data.keyvalue.repository.KeyValueRepository
2026-02-23 11:31:48.235 INFO  o.s.d.r.c.RepositoryConfigurationExtensionSupport - Spring Data Redis - Could not safely identify store assignment for repository candidate interface kr.co.seoulit.reception.repository.DoctorRepository; If you want this repository to be a Redis repository, consider annotating your entities with one of these annotations: org.springframework.data.redis.core.RedisHash (preferred), or consider extending one of the following types with your repository: org.springframework.data.keyvalue.repository.KeyValueRepository
2026-02-23 11:31:48.235 INFO  o.s.d.r.c.RepositoryConfigurationExtensionSupport - Spring Data Redis - Could not safely identify store assignment for repository candidate interface kr.co.seoulit.reception.repository.PatientRepository; If you want this repository to be a Redis repository, consider annotating your entities with one of these annotations: org.springframework.data.redis.core.RedisHash (preferred), or consider extending one of the following types with your repository: org.springframework.data.keyvalue.repository.KeyValueRepository
2026-02-23 11:31:48.236 INFO  o.s.d.r.c.RepositoryConfigurationExtensionSupport - Spring Data Redis - Could not safely identify store assignment for repository candidate interface kr.co.seoulit.reception.repository.ReceptionEmergencyRepository; If you want this repository to be a Redis repository, consider annotating your entities with one of these annotations: org.springframework.data.redis.core.RedisHash (preferred), or consider extending one of the following types with your repository: org.springframework.data.keyvalue.repository.KeyValueRepository
2026-02-23 11:31:48.236 INFO  o.s.d.r.c.RepositoryConfigurationExtensionSupport - Spring Data Redis - Could not safely identify store assignment for repository candidate interface kr.co.seoulit.reception.repository.ReceptionInpatientRepository; If you want this repository to be a Redis repository, consider annotating your entities with one of these annotations: org.springframework.data.redis.core.RedisHash (preferred), or consider extending one of the following types with your repository: org.springframework.data.keyvalue.repository.KeyValueRepository
2026-02-23 11:31:48.237 INFO  o.s.d.r.c.RepositoryConfigurationExtensionSupport - Spring Data Redis - Could not safely identify store assignment for repository candidate interface kr.co.seoulit.reception.repository.ReceptionRepository; If you want this repository to be a Redis repository, consider annotating your entities with one of these annotations: org.springframework.data.redis.core.RedisHash (preferred), or consider extending one of the following types with your repository: org.springframework.data.keyvalue.repository.KeyValueRepository
2026-02-23 11:31:48.237 INFO  o.s.d.r.c.RepositoryConfigurationExtensionSupport - Spring Data Redis - Could not safely identify store assignment for repository candidate interface kr.co.seoulit.reception.repository.ReceptionStatusHistoryRepository; If you want this repository to be a Redis repository, consider annotating your entities with one of these annotations: org.springframework.data.redis.core.RedisHash (preferred), or consider extending one of the following types with your repository: org.springframework.data.keyvalue.repository.KeyValueRepository
2026-02-23 11:31:48.238 INFO  o.s.d.r.c.RepositoryConfigurationExtensionSupport - Spring Data Redis - Could not safely identify store assignment for repository candidate interface kr.co.seoulit.reception.repository.ReservationRepository; If you want this repository to be a Redis repository, consider annotating your entities with one of these annotations: org.springframework.data.redis.core.RedisHash (preferred), or consider extending one of the following types with your repository: org.springframework.data.keyvalue.repository.KeyValueRepository
2026-02-23 11:31:48.238 INFO  o.s.d.r.c.RepositoryConfigurationDelegate - Finished Spring Data repository scanning in 16 ms. Found 0 Redis repository interfaces.
2026-02-23 11:31:49.257 INFO  o.s.b.w.e.tomcat.TomcatWebServer - Tomcat initialized with port 8283 (http)
2026-02-23 11:31:49.268 INFO  o.a.coyote.http11.Http11NioProtocol - Initializing ProtocolHandler ["http-nio-8283"]
2026-02-23 11:31:49.270 INFO  o.a.catalina.core.StandardService - Starting service [Tomcat]
2026-02-23 11:31:49.271 INFO  o.a.catalina.core.StandardEngine - Starting Servlet engine: [Apache Tomcat/10.1.26]
2026-02-23 11:31:49.357 INFO  o.a.c.c.C.[Tomcat].[localhost].[/] - Initializing Spring embedded WebApplicationContext
2026-02-23 11:31:49.359 INFO  o.s.b.w.s.c.ServletWebServerApplicationContext - Root WebApplicationContext: initialization completed in 3084 ms
2026-02-23 11:31:49.639 INFO  o.h.jpa.internal.util.LogHelper - HHH000204: Processing PersistenceUnitInfo [name: default]
2026-02-23 11:31:49.718 INFO  org.hibernate.Version - HHH000412: Hibernate ORM core version 6.5.2.Final
2026-02-23 11:31:49.755 INFO  o.h.c.i.RegionFactoryInitiator - HHH000026: Second-level cache disabled
2026-02-23 11:31:50.130 INFO  o.s.o.j.p.SpringPersistenceUnitInfo - No LoadTimeWeaver setup: ignoring JPA class transformer
2026-02-23 11:31:50.168 INFO  com.zaxxer.hikari.HikariDataSource - HikariPool-1 - Starting...
2026-02-23 11:31:50.581 INFO  com.zaxxer.hikari.pool.HikariPool - HikariPool-1 - Added connection oracle.jdbc.driver.T4CConnection@b90c5a5
2026-02-23 11:31:50.584 INFO  com.zaxxer.hikari.HikariDataSource - HikariPool-1 - Start completed.
2026-02-23 11:31:50.612 WARN  org.hibernate.orm.deprecation - HHH90000026: Oracle10gDialect has been deprecated; use org.hibernate.community.dialect.OracleLegacyDialect instead
2026-02-23 11:31:52.105 INFO  o.h.e.t.j.p.i.JtaPlatformInitiator - HHH000489: No JTA platform available (set 'hibernate.transaction.jta.platform' to enable JTA platform integration)
2026-02-23 11:31:52.109 INFO  o.s.o.j.LocalContainerEntityManagerFactoryBean - Initialized JPA EntityManagerFactory for persistence unit 'default'
2026-02-23 11:31:53.810 WARN  o.s.b.a.o.j.JpaBaseConfiguration$JpaWebConfiguration - spring.jpa.open-in-view is enabled by default. Therefore, database queries may be performed during view rendering. Explicitly configure spring.jpa.open-in-view to disable this warning
2026-02-23 11:31:53.849 INFO  o.s.b.a.w.s.WelcomePageHandlerMapping - Adding welcome page: class path resource [static/index.html]
2026-02-23 11:31:54.773 INFO  o.a.coyote.http11.Http11NioProtocol - Starting ProtocolHandler ["http-nio-8283"]
2026-02-23 11:31:54.801 INFO  o.s.b.w.e.tomcat.TomcatWebServer - Tomcat started on port 8283 (http) with context path '/'
2026-02-23 11:31:54.813 INFO  kr.co.seoulit.ReceptionApplication - Started ReceptionApplication in 9.241 seconds (process running for 10.917)
2026-02-23 11:32:30.499 INFO  o.a.c.c.C.[Tomcat].[localhost].[/] - Initializing Spring DispatcherServlet 'dispatcherServlet'
2026-02-23 11:32:30.500 INFO  o.s.web.servlet.DispatcherServlet - Initializing Servlet 'dispatcherServlet'
2026-02-23 11:32:30.502 INFO  o.s.web.servlet.DispatcherServlet - Completed initialization in 2 ms
2026-02-23 11:32:30.573 INFO  k.co.seoulit.common.aop.LoggerAspect - Controller  : kr.co.seoulit.reception.controller.ReceptionController.getReceptions()시작
2026-02-23 11:32:30.573 INFO  k.c.s.r.c.ReceptionController - Reception list request: searchType=null, searchValue=null
2026-02-23 11:32:30.592 INFO  k.co.seoulit.common.aop.LoggerAspect - ServiceImpl  : kr.co.seoulit.reception.service.ReceptionServiceImpl.getReceptionList()시작
2026-02-23 11:32:30.742 INFO  k.co.seoulit.common.aop.LoggerAspect - ServiceImpl  : kr.co.seoulit.reception.service.ReceptionServiceImpl.getReceptionList()종료
2026-02-23 11:32:30.763 INFO  k.co.seoulit.common.aop.LoggerAspect - Controller  : kr.co.seoulit.reception.controller.ReceptionController.getReceptions()종료
2026-02-23 11:32:30.850 INFO  k.co.seoulit.common.aop.LoggerAspect - Controller  : kr.co.seoulit.reception.controller.ReceptionController.getReceptions()시작
2026-02-23 11:32:30.850 INFO  k.c.s.r.c.ReceptionController - Reception list request: searchType=null, searchValue=null
2026-02-23 11:32:30.850 INFO  k.co.seoulit.common.aop.LoggerAspect - ServiceImpl  : kr.co.seoulit.reception.service.ReceptionServiceImpl.getReceptionList()시작
2026-02-23 11:32:30.866 INFO  k.co.seoulit.common.aop.LoggerAspect - ServiceImpl  : kr.co.seoulit.reception.service.ReceptionServiceImpl.getReceptionList()종료
2026-02-23 11:32:30.874 INFO  k.co.seoulit.common.aop.LoggerAspect - Controller  : kr.co.seoulit.reception.controller.ReceptionController.getReceptions()종료
2026-02-23 11:32:30.945 INFO  k.co.seoulit.common.aop.LoggerAspect - Controller  : kr.co.seoulit.reception.controller.ReceptionController.getReception()시작
2026-02-23 11:32:30.945 INFO  k.c.s.r.c.ReceptionController - Get reception request: id=5
2026-02-23 11:32:30.951 INFO  k.co.seoulit.common.aop.LoggerAspect - ServiceImpl  : kr.co.seoulit.reception.service.ReceptionServiceImpl.getReception()시작
2026-02-23 11:32:31.021 DEBUG org.hibernate.SQL - select re1_0.reception_id,re1_0.arrived_at,re1_0.cancel_reason_code,re1_0.cancel_reason_text,re1_0.created_at,re1_0.created_by,re1_0.department_id,re1_0.department_name,re1_0.doctor_id,re1_0.doctor_name,re1_0.hold_reason_code,re1_0.hold_reason_text,re1_0.inactive_at,re1_0.inactive_reason_code,re1_0.inactive_reason_text,re1_0.is_active,re1_0.note,re1_0.patient_id,re1_0.patient_name,re1_0.reception_no,re1_0.reservation_id,re1_0.scheduled_at,re1_0.status,re1_0.updated_at,re1_0.updated_by,re1_0.visit_type from reception re1_0 where re1_0.reception_id=?
2026-02-23 11:32:31.023 TRACE org.hibernate.orm.jdbc.bind - binding parameter (1:BIGINT) <- [5]
2026-02-23 11:32:31.051 INFO  k.co.seoulit.common.aop.LoggerAspect - kr.co.seoulit.reception.mapstruct.ReceptionResMapStructImpl.toDto()시작
2026-02-23 11:32:31.052 INFO  k.co.seoulit.common.aop.LoggerAspect - kr.co.seoulit.reception.mapstruct.ReceptionResMapStructImpl.toDto()종료
2026-02-23 11:32:31.052 INFO  k.co.seoulit.common.aop.LoggerAspect - ServiceImpl  : kr.co.seoulit.reception.service.ReceptionServiceImpl.getReception()종료
2026-02-23 11:32:31.061 INFO  k.co.seoulit.common.aop.LoggerAspect - Controller  : kr.co.seoulit.reception.controller.ReceptionController.getReception()종료
2026-02-23 11:37:08.525 INFO  k.co.seoulit.common.aop.LoggerAspect - Controller  : kr.co.seoulit.reception.controller.MenuController.getMenus()시작
2026-02-23 11:37:08.526 INFO  k.co.seoulit.common.aop.LoggerAspect - Controller  : kr.co.seoulit.reception.controller.MenuController.getMenus()종료
2026-02-23 11:59:55.017 INFO  o.s.o.j.LocalContainerEntityManagerFactoryBean - Closing JPA EntityManagerFactory for persistence unit 'default'
2026-02-23 11:59:55.019 INFO  com.zaxxer.hikari.HikariDataSource - HikariPool-1 - Shutdown initiated...
2026-02-23 11:59:55.078 INFO  com.zaxxer.hikari.HikariDataSource - HikariPool-1 - Shutdown completed.
2026-02-23 11:59:59.857 INFO  o.h.validator.internal.util.Version - HV000001: Hibernate Validator 8.0.1.Final
2026-02-23 11:59:59.917 INFO  kr.co.seoulit.ReceptionApplication - Starting ReceptionApplication using Java 17.0.12 with PID 83176 (D:\서울IT교육센터\dev\teamwork\project\backend\hospital_reception_backend\reception_back\build\classes\java\main started by USER in D:\서울IT교육센터\dev\teamwork\project\backend\hospital_reception_backend\reception_back)
2026-02-23 11:59:59.919 INFO  kr.co.seoulit.ReceptionApplication - No active profile set, falling back to 1 default profile: "default"
2026-02-23 12:00:01.188 INFO  o.s.d.r.c.RepositoryConfigurationDelegate - Multiple Spring Data modules found, entering strict repository configuration mode
2026-02-23 12:00:01.190 INFO  o.s.d.r.c.RepositoryConfigurationDelegate - Bootstrapping Spring Data JPA repositories in DEFAULT mode.
2026-02-23 12:00:01.425 INFO  o.s.d.r.c.RepositoryConfigurationDelegate - Finished Spring Data repository scanning in 226 ms. Found 9 JPA repository interfaces.
2026-02-23 12:00:01.443 INFO  o.s.d.r.c.RepositoryConfigurationDelegate - Multiple Spring Data modules found, entering strict repository configuration mode
2026-02-23 12:00:01.445 INFO  o.s.d.r.c.RepositoryConfigurationDelegate - Bootstrapping Spring Data Redis repositories in DEFAULT mode.
2026-02-23 12:00:01.464 INFO  o.s.d.r.c.RepositoryConfigurationExtensionSupport - Spring Data Redis - Could not safely identify store assignment for repository candidate interface kr.co.seoulit.common.audit.AuditLogRepository; If you want this repository to be a Redis repository, consider annotating your entities with one of these annotations: org.springframework.data.redis.core.RedisHash (preferred), or consider extending one of the following types with your repository: org.springframework.data.keyvalue.repository.KeyValueRepository
2026-02-23 12:00:01.464 INFO  o.s.d.r.c.RepositoryConfigurationExtensionSupport - Spring Data Redis - Could not safely identify store assignment for repository candidate interface kr.co.seoulit.reception.repository.DepartmentRepository; If you want this repository to be a Redis repository, consider annotating your entities with one of these annotations: org.springframework.data.redis.core.RedisHash (preferred), or consider extending one of the following types with your repository: org.springframework.data.keyvalue.repository.KeyValueRepository
2026-02-23 12:00:01.465 INFO  o.s.d.r.c.RepositoryConfigurationExtensionSupport - Spring Data Redis - Could not safely identify store assignment for repository candidate interface kr.co.seoulit.reception.repository.DoctorRepository; If you want this repository to be a Redis repository, consider annotating your entities with one of these annotations: org.springframework.data.redis.core.RedisHash (preferred), or consider extending one of the following types with your repository: org.springframework.data.keyvalue.repository.KeyValueRepository
2026-02-23 12:00:01.465 INFO  o.s.d.r.c.RepositoryConfigurationExtensionSupport - Spring Data Redis - Could not safely identify store assignment for repository candidate interface kr.co.seoulit.reception.repository.PatientRepository; If you want this repository to be a Redis repository, consider annotating your entities with one of these annotations: org.springframework.data.redis.core.RedisHash (preferred), or consider extending one of the following types with your repository: org.springframework.data.keyvalue.repository.KeyValueRepository
2026-02-23 12:00:01.465 INFO  o.s.d.r.c.RepositoryConfigurationExtensionSupport - Spring Data Redis - Could not safely identify store assignment for repository candidate interface kr.co.seoulit.reception.repository.ReceptionEmergencyRepository; If you want this repository to be a Redis repository, consider annotating your entities with one of these annotations: org.springframework.data.redis.core.RedisHash (preferred), or consider extending one of the following types with your repository: org.springframework.data.keyvalue.repository.KeyValueRepository
2026-02-23 12:00:01.466 INFO  o.s.d.r.c.RepositoryConfigurationExtensionSupport - Spring Data Redis - Could not safely identify store assignment for repository candidate interface kr.co.seoulit.reception.repository.ReceptionInpatientRepository; If you want this repository to be a Redis repository, consider annotating your entities with one of these annotations: org.springframework.data.redis.core.RedisHash (preferred), or consider extending one of the following types with your repository: org.springframework.data.keyvalue.repository.KeyValueRepository
2026-02-23 12:00:01.466 INFO  o.s.d.r.c.RepositoryConfigurationExtensionSupport - Spring Data Redis - Could not safely identify store assignment for repository candidate interface kr.co.seoulit.reception.repository.ReceptionRepository; If you want this repository to be a Redis repository, consider annotating your entities with one of these annotations: org.springframework.data.redis.core.RedisHash (preferred), or consider extending one of the following types with your repository: org.springframework.data.keyvalue.repository.KeyValueRepository
2026-02-23 12:00:01.466 INFO  o.s.d.r.c.RepositoryConfigurationExtensionSupport - Spring Data Redis - Could not safely identify store assignment for repository candidate interface kr.co.seoulit.reception.repository.ReceptionStatusHistoryRepository; If you want this repository to be a Redis repository, consider annotating your entities with one of these annotations: org.springframework.data.redis.core.RedisHash (preferred), or consider extending one of the following types with your repository: org.springframework.data.keyvalue.repository.KeyValueRepository
2026-02-23 12:00:01.466 INFO  o.s.d.r.c.RepositoryConfigurationExtensionSupport - Spring Data Redis - Could not safely identify store assignment for repository candidate interface kr.co.seoulit.reception.repository.ReservationRepository; If you want this repository to be a Redis repository, consider annotating your entities with one of these annotations: org.springframework.data.redis.core.RedisHash (preferred), or consider extending one of the following types with your repository: org.springframework.data.keyvalue.repository.KeyValueRepository
2026-02-23 12:00:01.466 INFO  o.s.d.r.c.RepositoryConfigurationDelegate - Finished Spring Data repository scanning in 11 ms. Found 0 Redis repository interfaces.
2026-02-23 12:00:02.454 INFO  o.s.b.w.e.tomcat.TomcatWebServer - Tomcat initialized with port 8283 (http)
2026-02-23 12:00:02.464 INFO  o.a.coyote.http11.Http11NioProtocol - Initializing ProtocolHandler ["http-nio-8283"]
2026-02-23 12:00:02.467 INFO  o.a.catalina.core.StandardService - Starting service [Tomcat]
2026-02-23 12:00:02.467 INFO  o.a.catalina.core.StandardEngine - Starting Servlet engine: [Apache Tomcat/10.1.26]
2026-02-23 12:00:02.558 INFO  o.a.c.c.C.[Tomcat].[localhost].[/] - Initializing Spring embedded WebApplicationContext
2026-02-23 12:00:02.559 INFO  o.s.b.w.s.c.ServletWebServerApplicationContext - Root WebApplicationContext: initialization completed in 2578 ms
2026-02-23 12:00:02.823 INFO  o.h.jpa.internal.util.LogHelper - HHH000204: Processing PersistenceUnitInfo [name: default]
2026-02-23 12:00:02.891 INFO  org.hibernate.Version - HHH000412: Hibernate ORM core version 6.5.2.Final
2026-02-23 12:00:02.929 INFO  o.h.c.i.RegionFactoryInitiator - HHH000026: Second-level cache disabled
2026-02-23 12:00:03.332 INFO  o.s.o.j.p.SpringPersistenceUnitInfo - No LoadTimeWeaver setup: ignoring JPA class transformer
2026-02-23 12:00:03.363 INFO  com.zaxxer.hikari.HikariDataSource - HikariPool-1 - Starting...
2026-02-23 12:00:03.692 INFO  com.zaxxer.hikari.pool.HikariPool - HikariPool-1 - Added connection oracle.jdbc.driver.T4CConnection@4acc27fd
2026-02-23 12:00:03.695 INFO  com.zaxxer.hikari.HikariDataSource - HikariPool-1 - Start completed.
2026-02-23 12:00:03.720 WARN  org.hibernate.orm.deprecation - HHH90000026: Oracle10gDialect has been deprecated; use org.hibernate.community.dialect.OracleLegacyDialect instead
2026-02-23 12:00:05.307 INFO  o.h.e.t.j.p.i.JtaPlatformInitiator - HHH000489: No JTA platform available (set 'hibernate.transaction.jta.platform' to enable JTA platform integration)
2026-02-23 12:00:05.313 INFO  o.s.o.j.LocalContainerEntityManagerFactoryBean - Initialized JPA EntityManagerFactory for persistence unit 'default'
2026-02-23 12:00:06.960 WARN  o.s.b.a.o.j.JpaBaseConfiguration$JpaWebConfiguration - spring.jpa.open-in-view is enabled by default. Therefore, database queries may be performed during view rendering. Explicitly configure spring.jpa.open-in-view to disable this warning
2026-02-23 12:00:06.997 INFO  o.s.b.a.w.s.WelcomePageHandlerMapping - Adding welcome page: class path resource [static/index.html]
2026-02-23 12:00:08.060 INFO  o.a.coyote.http11.Http11NioProtocol - Starting ProtocolHandler ["http-nio-8283"]
2026-02-23 12:00:08.085 INFO  o.s.b.w.e.tomcat.TomcatWebServer - Tomcat started on port 8283 (http) with context path '/'
2026-02-23 12:00:08.096 INFO  kr.co.seoulit.ReceptionApplication - Started ReceptionApplication in 8.796 seconds (process running for 10.185)
2026-02-23 12:01:31.968 INFO  o.a.c.c.C.[Tomcat].[localhost].[/] - Initializing Spring DispatcherServlet 'dispatcherServlet'
2026-02-23 12:01:31.968 INFO  o.s.web.servlet.DispatcherServlet - Initializing Servlet 'dispatcherServlet'
2026-02-23 12:01:31.971 INFO  o.s.web.servlet.DispatcherServlet - Completed initialization in 2 ms
2026-02-23 12:01:32.017 INFO  k.co.seoulit.common.aop.LoggerAspect - Controller  : kr.co.seoulit.reception.controller.MenuController.getMenus()시작
2026-02-23 12:01:32.018 INFO  k.co.seoulit.common.aop.LoggerAspect - Controller  : kr.co.seoulit.reception.controller.MenuController.getMenus()종료
2026-02-23 12:13:23.295 INFO  k.co.seoulit.common.aop.LoggerAspect - Controller  : kr.co.seoulit.reception.controller.MenuController.getMenus()시작
2026-02-23 12:13:23.297 INFO  k.co.seoulit.common.aop.LoggerAspect - Controller  : kr.co.seoulit.reception.controller.MenuController.getMenus()종료
2026-02-23 12:21:50.690 INFO  k.co.seoulit.common.aop.LoggerAspect - Controller  : kr.co.seoulit.reception.controller.MenuController.getMenus()시작
2026-02-23 12:21:50.691 INFO  k.co.seoulit.common.aop.LoggerAspect - Controller  : kr.co.seoulit.reception.controller.MenuController.getMenus()종료
2026-02-23 12:24:50.992 INFO  k.co.seoulit.common.aop.LoggerAspect - Controller  : kr.co.seoulit.reception.controller.ReservationController.getReservations()시작
2026-02-23 12:24:50.993 INFO  k.c.s.r.c.ReservationController - 예약 목록 요청: searchType=null, searchValue=null
2026-02-23 12:24:51.043 INFO  k.co.seoulit.common.aop.LoggerAspect - ServiceImpl  : kr.co.seoulit.reception.service.ReservationServiceImpl.getReservationList()시작
2026-02-23 12:24:51.407 INFO  k.co.seoulit.common.aop.LoggerAspect - ServiceImpl  : kr.co.seoulit.reception.service.ReservationServiceImpl.getReservationList()종료
2026-02-23 12:24:51.454 INFO  k.co.seoulit.common.aop.LoggerAspect - Controller  : kr.co.seoulit.reception.controller.ReservationController.getReservations()종료
2026-02-23 12:24:51.484 INFO  k.co.seoulit.common.aop.LoggerAspect - Controller  : kr.co.seoulit.reception.controller.ReservationController.getReservations()시작
2026-02-23 12:24:51.484 INFO  k.c.s.r.c.ReservationController - 예약 목록 요청: searchType=null, searchValue=null
2026-02-23 12:24:51.485 INFO  k.co.seoulit.common.aop.LoggerAspect - ServiceImpl  : kr.co.seoulit.reception.service.ReservationServiceImpl.getReservationList()시작
2026-02-23 12:24:51.505 INFO  k.co.seoulit.common.aop.LoggerAspect - ServiceImpl  : kr.co.seoulit.reception.service.ReservationServiceImpl.getReservationList()종료
2026-02-23 12:24:51.591 INFO  k.co.seoulit.common.aop.LoggerAspect - Controller  : kr.co.seoulit.reception.controller.ReservationController.getReservations()종료
2026-02-23 12:24:55.525 INFO  k.co.seoulit.common.aop.LoggerAspect - Controller  : kr.co.seoulit.reception.controller.InpatientReceptionController.getInpatientReceptions()시작
2026-02-23 12:24:55.527 INFO  k.c.s.r.c.InpatientReceptionController - 입원 접수 목록 요청: searchType=null, searchValue=null
2026-02-23 12:24:55.538 INFO  k.co.seoulit.common.aop.LoggerAspect - ServiceImpl  : kr.co.seoulit.reception.service.InpatientReceptionServiceImpl.getInpatientReceptionList()시작
2026-02-23 12:24:55.613 INFO  k.co.seoulit.common.aop.LoggerAspect - ServiceImpl  : kr.co.seoulit.reception.service.InpatientReceptionServiceImpl.getInpatientReceptionList()종료
2026-02-23 12:24:55.623 INFO  k.co.seoulit.common.aop.LoggerAspect - Controller  : kr.co.seoulit.reception.controller.InpatientReceptionController.getInpatientReceptions()종료
2026-02-23 12:24:55.639 INFO  k.co.seoulit.common.aop.LoggerAspect - Controller  : kr.co.seoulit.reception.controller.InpatientReceptionController.getInpatientReceptions()시작
2026-02-23 12:24:55.640 INFO  k.c.s.r.c.InpatientReceptionController - 입원 접수 목록 요청: searchType=null, searchValue=null
2026-02-23 12:24:55.640 INFO  k.co.seoulit.common.aop.LoggerAspect - ServiceImpl  : kr.co.seoulit.reception.service.InpatientReceptionServiceImpl.getInpatientReceptionList()시작
2026-02-23 12:24:55.666 INFO  k.co.seoulit.common.aop.LoggerAspect - ServiceImpl  : kr.co.seoulit.reception.service.InpatientReceptionServiceImpl.getInpatientReceptionList()종료
2026-02-23 12:24:55.675 INFO  k.co.seoulit.common.aop.LoggerAspect - Controller  : kr.co.seoulit.reception.controller.InpatientReceptionController.getInpatientReceptions()종료
2026-02-23 12:24:58.523 INFO  k.co.seoulit.common.aop.LoggerAspect - Controller  : kr.co.seoulit.reception.controller.ReceptionController.getReceptions()시작
2026-02-23 12:24:58.523 INFO  k.c.s.r.c.ReceptionController - Reception list request: searchType=null, searchValue=null
2026-02-23 12:24:58.551 INFO  k.co.seoulit.common.aop.LoggerAspect - ServiceImpl  : kr.co.seoulit.reception.service.ReceptionServiceImpl.getReceptionList()시작
2026-02-23 12:24:58.581 INFO  k.co.seoulit.common.aop.LoggerAspect - ServiceImpl  : kr.co.seoulit.reception.service.ReceptionServiceImpl.getReceptionList()종료
2026-02-23 12:24:58.600 INFO  k.co.seoulit.common.aop.LoggerAspect - Controller  : kr.co.seoulit.reception.controller.ReceptionController.getReceptions()종료
2026-02-23 12:24:58.670 INFO  k.co.seoulit.common.aop.LoggerAspect - Controller  : kr.co.seoulit.reception.controller.ReceptionController.getReceptions()시작
2026-02-23 12:24:58.671 INFO  k.c.s.r.c.ReceptionController - Reception list request: searchType=null, searchValue=null
2026-02-23 12:24:58.673 INFO  k.co.seoulit.common.aop.LoggerAspect - ServiceImpl  : kr.co.seoulit.reception.service.ReceptionServiceImpl.getReceptionList()시작
2026-02-23 12:24:58.693 INFO  k.co.seoulit.common.aop.LoggerAspect - ServiceImpl  : kr.co.seoulit.reception.service.ReceptionServiceImpl.getReceptionList()종료
2026-02-23 12:24:58.705 INFO  k.co.seoulit.common.aop.LoggerAspect - Controller  : kr.co.seoulit.reception.controller.ReceptionController.getReceptions()종료
2026-02-23 12:24:58.818 INFO  k.co.seoulit.common.aop.LoggerAspect - Controller  : kr.co.seoulit.reception.controller.ReceptionController.getReception()시작
2026-02-23 12:24:58.819 INFO  k.c.s.r.c.ReceptionController - Get reception request: id=5
2026-02-23 12:24:58.830 INFO  k.co.seoulit.common.aop.LoggerAspect - ServiceImpl  : kr.co.seoulit.reception.service.ReceptionServiceImpl.getReception()시작
2026-02-23 12:24:58.933 DEBUG org.hibernate.SQL - select re1_0.reception_id,re1_0.arrived_at,re1_0.cancel_reason_code,re1_0.cancel_reason_text,re1_0.created_at,re1_0.created_by,re1_0.department_id,re1_0.department_name,re1_0.doctor_id,re1_0.doctor_name,re1_0.hold_reason_code,re1_0.hold_reason_text,re1_0.inactive_at,re1_0.inactive_reason_code,re1_0.inactive_reason_text,re1_0.is_active,re1_0.note,re1_0.patient_id,re1_0.patient_name,re1_0.reception_no,re1_0.reservation_id,re1_0.scheduled_at,re1_0.status,re1_0.updated_at,re1_0.updated_by,re1_0.visit_type from reception re1_0 where re1_0.reception_id=?
2026-02-23 12:24:58.936 TRACE org.hibernate.orm.jdbc.bind - binding parameter (1:BIGINT) <- [5]
2026-02-23 12:24:58.979 INFO  k.co.seoulit.common.aop.LoggerAspect - kr.co.seoulit.reception.mapstruct.ReceptionResMapStructImpl.toDto()시작
2026-02-23 12:24:58.980 INFO  k.co.seoulit.common.aop.LoggerAspect - kr.co.seoulit.reception.mapstruct.ReceptionResMapStructImpl.toDto()종료
2026-02-23 12:24:58.980 INFO  k.co.seoulit.common.aop.LoggerAspect - ServiceImpl  : kr.co.seoulit.reception.service.ReceptionServiceImpl.getReception()종료
2026-02-23 12:24:58.990 INFO  k.co.seoulit.common.aop.LoggerAspect - Controller  : kr.co.seoulit.reception.controller.ReceptionController.getReception()종료
2026-02-23 12:25:05.026 INFO  k.co.seoulit.common.aop.LoggerAspect - Controller  : kr.co.seoulit.reception.controller.EmergencyReceptionController.getEmergencyReceptions()시작
2026-02-23 12:25:05.026 INFO  k.c.s.r.c.EmergencyReceptionController - 응급 접수 목록 요청: searchType=null, searchValue=null
2026-02-23 12:25:05.039 INFO  k.co.seoulit.common.aop.LoggerAspect - ServiceImpl  : kr.co.seoulit.reception.service.EmergencyReceptionServiceImpl.getEmergencyReceptionList()시작
2026-02-23 12:25:05.079 INFO  k.co.seoulit.common.aop.LoggerAspect - ServiceImpl  : kr.co.seoulit.reception.service.EmergencyReceptionServiceImpl.getEmergencyReceptionList()종료
2026-02-23 12:25:05.088 INFO  k.co.seoulit.common.aop.LoggerAspect - Controller  : kr.co.seoulit.reception.controller.EmergencyReceptionController.getEmergencyReceptions()종료
2026-02-23 12:25:05.113 INFO  k.co.seoulit.common.aop.LoggerAspect - Controller  : kr.co.seoulit.reception.controller.EmergencyReceptionController.getEmergencyReceptions()시작
2026-02-23 12:25:05.114 INFO  k.c.s.r.c.EmergencyReceptionController - 응급 접수 목록 요청: searchType=null, searchValue=null
2026-02-23 12:25:05.115 INFO  k.co.seoulit.common.aop.LoggerAspect - ServiceImpl  : kr.co.seoulit.reception.service.EmergencyReceptionServiceImpl.getEmergencyReceptionList()시작
2026-02-23 12:25:05.144 INFO  k.co.seoulit.common.aop.LoggerAspect - ServiceImpl  : kr.co.seoulit.reception.service.EmergencyReceptionServiceImpl.getEmergencyReceptionList()종료
2026-02-23 12:25:05.157 INFO  k.co.seoulit.common.aop.LoggerAspect - Controller  : kr.co.seoulit.reception.controller.EmergencyReceptionController.getEmergencyReceptions()종료
2026-02-23 12:30:30.655 INFO  k.co.seoulit.common.aop.LoggerAspect - Controller  : kr.co.seoulit.reception.controller.ReservationController.getReservations()시작
2026-02-23 12:30:30.656 INFO  k.c.s.r.c.ReservationController - 예약 목록 요청: searchType=null, searchValue=null
2026-02-23 12:30:30.710 INFO  k.co.seoulit.common.aop.LoggerAspect - ServiceImpl  : kr.co.seoulit.reception.service.ReservationServiceImpl.getReservationList()시작
2026-02-23 12:30:30.752 INFO  k.co.seoulit.common.aop.LoggerAspect - ServiceImpl  : kr.co.seoulit.reception.service.ReservationServiceImpl.getReservationList()종료
2026-02-23 12:30:30.775 INFO  k.co.seoulit.common.aop.LoggerAspect - Controller  : kr.co.seoulit.reception.controller.ReservationController.getReservations()종료
2026-02-23 12:30:30.819 INFO  k.co.seoulit.common.aop.LoggerAspect - Controller  : kr.co.seoulit.reception.controller.ReservationController.getReservations()시작
2026-02-23 12:30:30.820 INFO  k.c.s.r.c.ReservationController - 예약 목록 요청: searchType=null, searchValue=null
2026-02-23 12:30:30.822 INFO  k.co.seoulit.common.aop.LoggerAspect - ServiceImpl  : kr.co.seoulit.reception.service.ReservationServiceImpl.getReservationList()시작
2026-02-23 12:30:30.853 INFO  k.co.seoulit.common.aop.LoggerAspect - ServiceImpl  : kr.co.seoulit.reception.service.ReservationServiceImpl.getReservationList()종료
2026-02-23 12:30:30.869 INFO  k.co.seoulit.common.aop.LoggerAspect - Controller  : kr.co.seoulit.reception.controller.ReservationController.getReservations()종료
2026-02-23 12:30:32.889 INFO  k.co.seoulit.common.aop.LoggerAspect - Controller  : kr.co.seoulit.reception.controller.EmergencyReceptionController.getEmergencyReceptions()시작
2026-02-23 12:30:32.891 INFO  k.c.s.r.c.EmergencyReceptionController - 응급 접수 목록 요청: searchType=null, searchValue=null
2026-02-23 12:30:32.918 INFO  k.co.seoulit.common.aop.LoggerAspect - ServiceImpl  : kr.co.seoulit.reception.service.EmergencyReceptionServiceImpl.getEmergencyReceptionList()시작
2026-02-23 12:30:32.958 INFO  k.co.seoulit.common.aop.LoggerAspect - ServiceImpl  : kr.co.seoulit.reception.service.EmergencyReceptionServiceImpl.getEmergencyReceptionList()종료
2026-02-23 12:30:32.973 INFO  k.co.seoulit.common.aop.LoggerAspect - Controller  : kr.co.seoulit.reception.controller.EmergencyReceptionController.getEmergencyReceptions()종료
2026-02-23 12:30:33.002 INFO  k.co.seoulit.common.aop.LoggerAspect - Controller  : kr.co.seoulit.reception.controller.EmergencyReceptionController.getEmergencyReceptions()시작
2026-02-23 12:30:33.002 INFO  k.c.s.r.c.EmergencyReceptionController - 응급 접수 목록 요청: searchType=null, searchValue=null
2026-02-23 12:30:33.008 INFO  k.co.seoulit.common.aop.LoggerAspect - ServiceImpl  : kr.co.seoulit.reception.service.EmergencyReceptionServiceImpl.getEmergencyReceptionList()시작
2026-02-23 12:30:33.043 INFO  k.co.seoulit.common.aop.LoggerAspect - ServiceImpl  : kr.co.seoulit.reception.service.EmergencyReceptionServiceImpl.getEmergencyReceptionList()종료
2026-02-23 12:30:33.051 INFO  k.co.seoulit.common.aop.LoggerAspect - Controller  : kr.co.seoulit.reception.controller.EmergencyReceptionController.getEmergencyReceptions()종료
2026-02-23 12:30:34.420 INFO  k.co.seoulit.common.aop.LoggerAspect - Controller  : kr.co.seoulit.reception.controller.InpatientReceptionController.getInpatientReceptions()시작
2026-02-23 12:30:34.420 INFO  k.c.s.r.c.InpatientReceptionController - 입원 접수 목록 요청: searchType=null, searchValue=null
2026-02-23 12:30:34.484 INFO  k.co.seoulit.common.aop.LoggerAspect - ServiceImpl  : kr.co.seoulit.reception.service.InpatientReceptionServiceImpl.getInpatientReceptionList()시작
2026-02-23 12:30:34.511 INFO  k.co.seoulit.common.aop.LoggerAspect - ServiceImpl  : kr.co.seoulit.reception.service.InpatientReceptionServiceImpl.getInpatientReceptionList()종료
2026-02-23 12:30:34.519 INFO  k.co.seoulit.common.aop.LoggerAspect - Controller  : kr.co.seoulit.reception.controller.InpatientReceptionController.getInpatientReceptions()종료
2026-02-23 12:30:34.535 INFO  k.co.seoulit.common.aop.LoggerAspect - Controller  : kr.co.seoulit.reception.controller.InpatientReceptionController.getInpatientReceptions()시작
2026-02-23 12:30:34.536 INFO  k.c.s.r.c.InpatientReceptionController - 입원 접수 목록 요청: searchType=null, searchValue=null
2026-02-23 12:30:34.536 INFO  k.co.seoulit.common.aop.LoggerAspect - ServiceImpl  : kr.co.seoulit.reception.service.InpatientReceptionServiceImpl.getInpatientReceptionList()시작
2026-02-23 12:30:34.560 INFO  k.co.seoulit.common.aop.LoggerAspect - ServiceImpl  : kr.co.seoulit.reception.service.InpatientReceptionServiceImpl.getInpatientReceptionList()종료
2026-02-23 12:30:34.568 INFO  k.co.seoulit.common.aop.LoggerAspect - Controller  : kr.co.seoulit.reception.controller.InpatientReceptionController.getInpatientReceptions()종료
2026-02-23 12:30:38.421 INFO  k.co.seoulit.common.aop.LoggerAspect - Controller  : kr.co.seoulit.reception.controller.InpatientReceptionController.getInpatientReceptions()시작
2026-02-23 12:30:38.421 INFO  k.c.s.r.c.InpatientReceptionController - 입원 접수 목록 요청: searchType=null, searchValue=null
2026-02-23 12:30:38.432 INFO  k.co.seoulit.common.aop.LoggerAspect - ServiceImpl  : kr.co.seoulit.reception.service.InpatientReceptionServiceImpl.getInpatientReceptionList()시작
2026-02-23 12:30:38.461 INFO  k.co.seoulit.common.aop.LoggerAspect - ServiceImpl  : kr.co.seoulit.reception.service.InpatientReceptionServiceImpl.getInpatientReceptionList()종료
2026-02-23 12:30:38.480 INFO  k.co.seoulit.common.aop.LoggerAspect - Controller  : kr.co.seoulit.reception.controller.InpatientReceptionController.getInpatientReceptions()종료
2026-02-23 12:30:40.573 INFO  k.co.seoulit.common.aop.LoggerAspect - Controller  : kr.co.seoulit.reception.controller.ReservationController.getReservations()시작
2026-02-23 12:30:40.573 INFO  k.c.s.r.c.ReservationController - 예약 목록 요청: searchType=null, searchValue=null
2026-02-23 12:30:40.692 INFO  k.co.seoulit.common.aop.LoggerAspect - ServiceImpl  : kr.co.seoulit.reception.service.ReservationServiceImpl.getReservationList()시작
2026-02-23 12:30:40.732 INFO  k.co.seoulit.common.aop.LoggerAspect - ServiceImpl  : kr.co.seoulit.reception.service.ReservationServiceImpl.getReservationList()종료
2026-02-23 12:30:40.858 INFO  k.co.seoulit.common.aop.LoggerAspect - Controller  : kr.co.seoulit.reception.controller.ReservationController.getReservations()종료
2026-02-23 12:30:40.873 INFO  k.co.seoulit.common.aop.LoggerAspect - Controller  : kr.co.seoulit.reception.controller.ReservationController.getReservations()시작
2026-02-23 12:30:40.874 INFO  k.c.s.r.c.ReservationController - 예약 목록 요청: searchType=null, searchValue=null
2026-02-23 12:30:40.874 INFO  k.co.seoulit.common.aop.LoggerAspect - ServiceImpl  : kr.co.seoulit.reception.service.ReservationServiceImpl.getReservationList()시작
2026-02-23 12:30:41.136 INFO  k.co.seoulit.common.aop.LoggerAspect - ServiceImpl  : kr.co.seoulit.reception.service.ReservationServiceImpl.getReservationList()종료
2026-02-23 12:30:41.183 INFO  k.co.seoulit.common.aop.LoggerAspect - Controller  : kr.co.seoulit.reception.controller.ReservationController.getReservations()종료
2026-02-23 12:30:43.078 INFO  k.co.seoulit.common.aop.LoggerAspect - Controller  : kr.co.seoulit.reception.controller.EmergencyReceptionController.getEmergencyReceptions()시작
2026-02-23 12:30:43.092 INFO  k.c.s.r.c.EmergencyReceptionController - 응급 접수 목록 요청: searchType=null, searchValue=null
2026-02-23 12:30:43.122 INFO  k.co.seoulit.common.aop.LoggerAspect - ServiceImpl  : kr.co.seoulit.reception.service.EmergencyReceptionServiceImpl.getEmergencyReceptionList()시작
2026-02-23 12:30:43.154 INFO  k.co.seoulit.common.aop.LoggerAspect - ServiceImpl  : kr.co.seoulit.reception.service.EmergencyReceptionServiceImpl.getEmergencyReceptionList()종료
2026-02-23 12:30:43.168 INFO  k.co.seoulit.common.aop.LoggerAspect - Controller  : kr.co.seoulit.reception.controller.EmergencyReceptionController.getEmergencyReceptions()종료
2026-02-23 12:30:43.205 INFO  k.co.seoulit.common.aop.LoggerAspect - Controller  : kr.co.seoulit.reception.controller.EmergencyReceptionController.getEmergencyReceptions()시작
2026-02-23 12:30:43.205 INFO  k.c.s.r.c.EmergencyReceptionController - 응급 접수 목록 요청: searchType=null, searchValue=null
2026-02-23 12:30:43.206 INFO  k.co.seoulit.common.aop.LoggerAspect - ServiceImpl  : kr.co.seoulit.reception.service.EmergencyReceptionServiceImpl.getEmergencyReceptionList()시작
2026-02-23 12:30:43.237 INFO  k.co.seoulit.common.aop.LoggerAspect - ServiceImpl  : kr.co.seoulit.reception.service.EmergencyReceptionServiceImpl.getEmergencyReceptionList()종료
2026-02-23 12:30:43.246 INFO  k.co.seoulit.common.aop.LoggerAspect - Controller  : kr.co.seoulit.reception.controller.EmergencyReceptionController.getEmergencyReceptions()종료
2026-02-23 12:33:36.269 INFO  k.co.seoulit.common.aop.LoggerAspect - Controller  : kr.co.seoulit.reception.controller.ReservationController.getReservations()시작
2026-02-23 12:33:36.269 INFO  k.c.s.r.c.ReservationController - 예약 목록 요청: searchType=null, searchValue=null
2026-02-23 12:33:36.300 INFO  k.co.seoulit.common.aop.LoggerAspect - ServiceImpl  : kr.co.seoulit.reception.service.ReservationServiceImpl.getReservationList()시작
2026-02-23 12:33:36.361 INFO  k.co.seoulit.common.aop.LoggerAspect - ServiceImpl  : kr.co.seoulit.reception.service.ReservationServiceImpl.getReservationList()종료
2026-02-23 12:33:36.383 INFO  k.co.seoulit.common.aop.LoggerAspect - Controller  : kr.co.seoulit.reception.controller.ReservationController.getReservations()종료
2026-02-23 12:33:36.415 INFO  k.co.seoulit.common.aop.LoggerAspect - Controller  : kr.co.seoulit.reception.controller.ReservationController.getReservations()시작
2026-02-23 12:33:36.418 INFO  k.c.s.r.c.ReservationController - 예약 목록 요청: searchType=null, searchValue=null
2026-02-23 12:33:36.422 INFO  k.co.seoulit.common.aop.LoggerAspect - ServiceImpl  : kr.co.seoulit.reception.service.ReservationServiceImpl.getReservationList()시작
2026-02-23 12:33:36.445 INFO  k.co.seoulit.common.aop.LoggerAspect - ServiceImpl  : kr.co.seoulit.reception.service.ReservationServiceImpl.getReservationList()종료
2026-02-23 12:33:36.458 INFO  k.co.seoulit.common.aop.LoggerAspect - Controller  : kr.co.seoulit.reception.controller.ReservationController.getReservations()종료
2026-02-23 12:33:55.993 INFO  k.co.seoulit.common.aop.LoggerAspect - Controller  : kr.co.seoulit.reception.controller.EmergencyReceptionController.getEmergencyReceptions()시작
2026-02-23 12:33:55.993 INFO  k.c.s.r.c.EmergencyReceptionController - 응급 접수 목록 요청: searchType=null, searchValue=null
2026-02-23 12:33:56.014 INFO  k.co.seoulit.common.aop.LoggerAspect - ServiceImpl  : kr.co.seoulit.reception.service.EmergencyReceptionServiceImpl.getEmergencyReceptionList()시작
2026-02-23 12:33:56.052 INFO  k.co.seoulit.common.aop.LoggerAspect - ServiceImpl  : kr.co.seoulit.reception.service.EmergencyReceptionServiceImpl.getEmergencyReceptionList()종료
2026-02-23 12:33:56.074 INFO  k.co.seoulit.common.aop.LoggerAspect - Controller  : kr.co.seoulit.reception.controller.EmergencyReceptionController.getEmergencyReceptions()종료
2026-02-23 12:33:56.087 INFO  k.co.seoulit.common.aop.LoggerAspect - Controller  : kr.co.seoulit.reception.controller.EmergencyReceptionController.getEmergencyReceptions()시작
2026-02-23 12:33:56.087 INFO  k.c.s.r.c.EmergencyReceptionController - 응급 접수 목록 요청: searchType=null, searchValue=null
2026-02-23 12:33:56.087 INFO  k.co.seoulit.common.aop.LoggerAspect - ServiceImpl  : kr.co.seoulit.reception.service.EmergencyReceptionServiceImpl.getEmergencyReceptionList()시작
2026-02-23 12:33:56.113 INFO  k.co.seoulit.common.aop.LoggerAspect - ServiceImpl  : kr.co.seoulit.reception.service.EmergencyReceptionServiceImpl.getEmergencyReceptionList()종료
2026-02-23 12:33:56.124 INFO  k.co.seoulit.common.aop.LoggerAspect - Controller  : kr.co.seoulit.reception.controller.EmergencyReceptionController.getEmergencyReceptions()종료
2026-02-23 12:34:22.413 INFO  k.co.seoulit.common.aop.LoggerAspect - Controller  : kr.co.seoulit.reception.controller.ReservationController.getReservations()시작
2026-02-23 12:34:22.413 INFO  k.c.s.r.c.ReservationController - 예약 목록 요청: searchType=null, searchValue=null
2026-02-23 12:34:22.425 INFO  k.co.seoulit.common.aop.LoggerAspect - ServiceImpl  : kr.co.seoulit.reception.service.ReservationServiceImpl.getReservationList()시작
2026-02-23 12:34:22.436 INFO  k.co.seoulit.common.aop.LoggerAspect - ServiceImpl  : kr.co.seoulit.reception.service.ReservationServiceImpl.getReservationList()종료
2026-02-23 12:34:22.446 INFO  k.co.seoulit.common.aop.LoggerAspect - Controller  : kr.co.seoulit.reception.controller.ReservationController.getReservations()종료
2026-02-23 12:34:22.473 INFO  k.co.seoulit.common.aop.LoggerAspect - Controller  : kr.co.seoulit.reception.controller.ReservationController.getReservations()시작
2026-02-23 12:34:22.473 INFO  k.c.s.r.c.ReservationController - 예약 목록 요청: searchType=null, searchValue=null
2026-02-23 12:34:22.473 INFO  k.co.seoulit.common.aop.LoggerAspect - ServiceImpl  : kr.co.seoulit.reception.service.ReservationServiceImpl.getReservationList()시작
2026-02-23 12:34:22.488 INFO  k.co.seoulit.common.aop.LoggerAspect - ServiceImpl  : kr.co.seoulit.reception.service.ReservationServiceImpl.getReservationList()종료
2026-02-23 12:34:22.496 INFO  k.co.seoulit.common.aop.LoggerAspect - Controller  : kr.co.seoulit.reception.controller.ReservationController.getReservations()종료
2026-02-23 12:34:26.674 INFO  k.co.seoulit.common.aop.LoggerAspect - Controller  : kr.co.seoulit.reception.controller.EmergencyReceptionController.getEmergencyReceptions()시작
2026-02-23 12:34:26.674 INFO  k.c.s.r.c.EmergencyReceptionController - 응급 접수 목록 요청: searchType=null, searchValue=null
2026-02-23 12:34:26.685 INFO  k.co.seoulit.common.aop.LoggerAspect - ServiceImpl  : kr.co.seoulit.reception.service.EmergencyReceptionServiceImpl.getEmergencyReceptionList()시작
2026-02-23 12:34:26.711 INFO  k.co.seoulit.common.aop.LoggerAspect - ServiceImpl  : kr.co.seoulit.reception.service.EmergencyReceptionServiceImpl.getEmergencyReceptionList()종료
2026-02-23 12:34:26.724 INFO  k.co.seoulit.common.aop.LoggerAspect - Controller  : kr.co.seoulit.reception.controller.EmergencyReceptionController.getEmergencyReceptions()종료
2026-02-23 12:34:26.745 INFO  k.co.seoulit.common.aop.LoggerAspect - Controller  : kr.co.seoulit.reception.controller.EmergencyReceptionController.getEmergencyReceptions()시작
2026-02-23 12:34:26.745 INFO  k.c.s.r.c.EmergencyReceptionController - 응급 접수 목록 요청: searchType=null, searchValue=null
2026-02-23 12:34:26.746 INFO  k.co.seoulit.common.aop.LoggerAspect - ServiceImpl  : kr.co.seoulit.reception.service.EmergencyReceptionServiceImpl.getEmergencyReceptionList()시작
2026-02-23 12:34:26.770 INFO  k.co.seoulit.common.aop.LoggerAspect - ServiceImpl  : kr.co.seoulit.reception.service.EmergencyReceptionServiceImpl.getEmergencyReceptionList()종료
2026-02-23 12:34:26.778 INFO  k.co.seoulit.common.aop.LoggerAspect - Controller  : kr.co.seoulit.reception.controller.EmergencyReceptionController.getEmergencyReceptions()종료
2026-02-23 12:34:27.792 INFO  k.co.seoulit.common.aop.LoggerAspect - Controller  : kr.co.seoulit.reception.controller.InpatientReceptionController.getInpatientReceptions()시작
2026-02-23 12:34:27.792 INFO  k.c.s.r.c.InpatientReceptionController - 입원 접수 목록 요청: searchType=null, searchValue=null
2026-02-23 12:34:27.863 INFO  k.co.seoulit.common.aop.LoggerAspect - ServiceImpl  : kr.co.seoulit.reception.service.InpatientReceptionServiceImpl.getInpatientReceptionList()시작
2026-02-23 12:34:27.980 INFO  k.co.seoulit.common.aop.LoggerAspect - ServiceImpl  : kr.co.seoulit.reception.service.InpatientReceptionServiceImpl.getInpatientReceptionList()종료
2026-02-23 12:34:27.995 INFO  k.co.seoulit.common.aop.LoggerAspect - Controller  : kr.co.seoulit.reception.controller.InpatientReceptionController.getInpatientReceptions()종료
2026-02-23 12:34:28.033 INFO  k.co.seoulit.common.aop.LoggerAspect - Controller  : kr.co.seoulit.reception.controller.InpatientReceptionController.getInpatientReceptions()시작
2026-02-23 12:34:28.033 INFO  k.c.s.r.c.InpatientReceptionController - 입원 접수 목록 요청: searchType=null, searchValue=null
2026-02-23 12:34:28.034 INFO  k.co.seoulit.common.aop.LoggerAspect - ServiceImpl  : kr.co.seoulit.reception.service.InpatientReceptionServiceImpl.getInpatientReceptionList()시작
2026-02-23 12:34:28.092 INFO  k.co.seoulit.common.aop.LoggerAspect - ServiceImpl  : kr.co.seoulit.reception.service.InpatientReceptionServiceImpl.getInpatientReceptionList()종료
2026-02-23 12:34:28.110 INFO  k.co.seoulit.common.aop.LoggerAspect - Controller  : kr.co.seoulit.reception.controller.InpatientReceptionController.getInpatientReceptions()종료
2026-02-23 12:34:32.397 INFO  k.co.seoulit.common.aop.LoggerAspect - Controller  : kr.co.seoulit.reception.controller.ReceptionController.getReceptions()시작
2026-02-23 12:34:32.399 INFO  k.c.s.r.c.ReceptionController - Reception list request: searchType=null, searchValue=null
2026-02-23 12:34:32.414 INFO  k.co.seoulit.common.aop.LoggerAspect - ServiceImpl  : kr.co.seoulit.reception.service.ReceptionServiceImpl.getReceptionList()시작
2026-02-23 12:34:32.438 INFO  k.co.seoulit.common.aop.LoggerAspect - ServiceImpl  : kr.co.seoulit.reception.service.ReceptionServiceImpl.getReceptionList()종료
2026-02-23 12:34:32.448 INFO  k.co.seoulit.common.aop.LoggerAspect - Controller  : kr.co.seoulit.reception.controller.ReceptionController.getReceptions()종료
2026-02-23 12:34:32.483 INFO  k.co.seoulit.common.aop.LoggerAspect - Controller  : kr.co.seoulit.reception.controller.ReceptionController.getReceptions()시작
2026-02-23 12:34:32.483 INFO  k.c.s.r.c.ReceptionController - Reception list request: searchType=null, searchValue=null
2026-02-23 12:34:32.484 INFO  k.co.seoulit.common.aop.LoggerAspect - ServiceImpl  : kr.co.seoulit.reception.service.ReceptionServiceImpl.getReceptionList()시작
2026-02-23 12:34:32.498 INFO  k.co.seoulit.common.aop.LoggerAspect - ServiceImpl  : kr.co.seoulit.reception.service.ReceptionServiceImpl.getReceptionList()종료
2026-02-23 12:34:32.507 INFO  k.co.seoulit.common.aop.LoggerAspect - Controller  : kr.co.seoulit.reception.controller.ReceptionController.getReceptions()종료
2026-02-23 12:34:32.580 INFO  k.co.seoulit.common.aop.LoggerAspect - Controller  : kr.co.seoulit.reception.controller.ReceptionController.getReception()시작
2026-02-23 12:34:32.580 INFO  k.c.s.r.c.ReceptionController - Get reception request: id=5
2026-02-23 12:34:32.581 INFO  k.co.seoulit.common.aop.LoggerAspect - ServiceImpl  : kr.co.seoulit.reception.service.ReceptionServiceImpl.getReception()시작
2026-02-23 12:34:32.582 DEBUG org.hibernate.SQL - select re1_0.reception_id,re1_0.arrived_at,re1_0.cancel_reason_code,re1_0.cancel_reason_text,re1_0.created_at,re1_0.created_by,re1_0.department_id,re1_0.department_name,re1_0.doctor_id,re1_0.doctor_name,re1_0.hold_reason_code,re1_0.hold_reason_text,re1_0.inactive_at,re1_0.inactive_reason_code,re1_0.inactive_reason_text,re1_0.is_active,re1_0.note,re1_0.patient_id,re1_0.patient_name,re1_0.reception_no,re1_0.reservation_id,re1_0.scheduled_at,re1_0.status,re1_0.updated_at,re1_0.updated_by,re1_0.visit_type from reception re1_0 where re1_0.reception_id=?
2026-02-23 12:34:32.582 TRACE org.hibernate.orm.jdbc.bind - binding parameter (1:BIGINT) <- [5]
2026-02-23 12:34:32.594 INFO  k.co.seoulit.common.aop.LoggerAspect - kr.co.seoulit.reception.mapstruct.ReceptionResMapStructImpl.toDto()시작
2026-02-23 12:34:32.594 INFO  k.co.seoulit.common.aop.LoggerAspect - kr.co.seoulit.reception.mapstruct.ReceptionResMapStructImpl.toDto()종료
2026-02-23 12:34:32.594 INFO  k.co.seoulit.common.aop.LoggerAspect - ServiceImpl  : kr.co.seoulit.reception.service.ReceptionServiceImpl.getReception()종료
2026-02-23 12:34:32.602 INFO  k.co.seoulit.common.aop.LoggerAspect - Controller  : kr.co.seoulit.reception.controller.ReceptionController.getReception()종료
2026-02-23 12:35:43.734 INFO  k.co.seoulit.common.aop.LoggerAspect - Controller  : kr.co.seoulit.reception.controller.ReceptionController.getReceptions()시작
2026-02-23 12:35:43.734 INFO  k.c.s.r.c.ReceptionController - Reception list request: searchType=null, searchValue=null
2026-02-23 12:35:43.762 INFO  k.co.seoulit.common.aop.LoggerAspect - ServiceImpl  : kr.co.seoulit.reception.service.ReceptionServiceImpl.getReceptionList()시작
2026-02-23 12:35:43.789 INFO  k.co.seoulit.common.aop.LoggerAspect - ServiceImpl  : kr.co.seoulit.reception.service.ReceptionServiceImpl.getReceptionList()종료
2026-02-23 12:35:43.803 INFO  k.co.seoulit.common.aop.LoggerAspect - Controller  : kr.co.seoulit.reception.controller.ReceptionController.getReceptions()종료
2026-02-23 12:35:43.840 INFO  k.co.seoulit.common.aop.LoggerAspect - Controller  : kr.co.seoulit.reception.controller.ReceptionController.getReceptions()시작
2026-02-23 12:35:43.844 INFO  k.c.s.r.c.ReceptionController - Reception list request: searchType=null, searchValue=null
2026-02-23 12:35:43.853 INFO  k.co.seoulit.common.aop.LoggerAspect - ServiceImpl  : kr.co.seoulit.reception.service.ReceptionServiceImpl.getReceptionList()시작
2026-02-23 12:35:43.874 INFO  k.co.seoulit.common.aop.LoggerAspect - ServiceImpl  : kr.co.seoulit.reception.service.ReceptionServiceImpl.getReceptionList()종료
2026-02-23 12:35:43.887 INFO  k.co.seoulit.common.aop.LoggerAspect - Controller  : kr.co.seoulit.reception.controller.ReceptionController.getReceptions()종료
2026-02-23 12:35:51.214 INFO  k.co.seoulit.common.aop.LoggerAspect - Controller  : kr.co.seoulit.reception.controller.ReceptionController.getReceptions()시작
2026-02-23 12:35:51.215 INFO  k.c.s.r.c.ReceptionController - Reception list request: searchType=null, searchValue=null
2026-02-23 12:35:51.249 INFO  k.co.seoulit.common.aop.LoggerAspect - ServiceImpl  : kr.co.seoulit.reception.service.ReceptionServiceImpl.getReceptionList()시작
2026-02-23 12:35:51.268 INFO  k.co.seoulit.common.aop.LoggerAspect - ServiceImpl  : kr.co.seoulit.reception.service.ReceptionServiceImpl.getReceptionList()종료
2026-02-23 12:35:51.290 INFO  k.co.seoulit.common.aop.LoggerAspect - Controller  : kr.co.seoulit.reception.controller.ReceptionController.getReceptions()종료
2026-02-23 12:35:51.316 INFO  k.co.seoulit.common.aop.LoggerAspect - Controller  : kr.co.seoulit.reception.controller.ReceptionController.getReceptions()시작
2026-02-23 12:35:51.318 INFO  k.c.s.r.c.ReceptionController - Reception list request: searchType=null, searchValue=null
2026-02-23 12:35:51.318 INFO  k.co.seoulit.common.aop.LoggerAspect - ServiceImpl  : kr.co.seoulit.reception.service.ReceptionServiceImpl.getReceptionList()시작
2026-02-23 12:35:51.331 INFO  k.co.seoulit.common.aop.LoggerAspect - ServiceImpl  : kr.co.seoulit.reception.service.ReceptionServiceImpl.getReceptionList()종료
2026-02-23 12:35:51.343 INFO  k.co.seoulit.common.aop.LoggerAspect - Controller  : kr.co.seoulit.reception.controller.ReceptionController.getReceptions()종료
2026-02-23 12:35:57.236 INFO  k.co.seoulit.common.aop.LoggerAspect - Controller  : kr.co.seoulit.reception.controller.ReservationController.getReservations()시작
2026-02-23 12:35:57.237 INFO  k.c.s.r.c.ReservationController - 예약 목록 요청: searchType=null, searchValue=null
2026-02-23 12:35:57.258 INFO  k.co.seoulit.common.aop.LoggerAspect - ServiceImpl  : kr.co.seoulit.reception.service.ReservationServiceImpl.getReservationList()시작
2026-02-23 12:35:57.304 INFO  k.co.seoulit.common.aop.LoggerAspect - ServiceImpl  : kr.co.seoulit.reception.service.ReservationServiceImpl.getReservationList()종료
2026-02-23 12:35:57.326 INFO  k.co.seoulit.common.aop.LoggerAspect - Controller  : kr.co.seoulit.reception.controller.ReservationController.getReservations()종료
2026-02-23 12:35:57.346 INFO  k.co.seoulit.common.aop.LoggerAspect - Controller  : kr.co.seoulit.reception.controller.ReservationController.getReservations()시작
2026-02-23 12:35:57.347 INFO  k.c.s.r.c.ReservationController - 예약 목록 요청: searchType=null, searchValue=null
2026-02-23 12:35:57.347 INFO  k.co.seoulit.common.aop.LoggerAspect - ServiceImpl  : kr.co.seoulit.reception.service.ReservationServiceImpl.getReservationList()시작
2026-02-23 12:35:57.358 INFO  k.co.seoulit.common.aop.LoggerAspect - ServiceImpl  : kr.co.seoulit.reception.service.ReservationServiceImpl.getReservationList()종료
2026-02-23 12:35:57.385 INFO  k.co.seoulit.common.aop.LoggerAspect - Controller  : kr.co.seoulit.reception.controller.ReservationController.getReservations()종료
2026-02-23 12:35:59.735 INFO  k.co.seoulit.common.aop.LoggerAspect - Controller  : kr.co.seoulit.reception.controller.ReceptionController.getReceptions()시작
2026-02-23 12:35:59.735 INFO  k.c.s.r.c.ReceptionController - Reception list request: searchType=null, searchValue=null
2026-02-23 12:35:59.765 INFO  k.co.seoulit.common.aop.LoggerAspect - ServiceImpl  : kr.co.seoulit.reception.service.ReceptionServiceImpl.getReceptionList()시작
2026-02-23 12:35:59.823 INFO  k.co.seoulit.common.aop.LoggerAspect - ServiceImpl  : kr.co.seoulit.reception.service.ReceptionServiceImpl.getReceptionList()종료
2026-02-23 12:35:59.851 INFO  k.co.seoulit.common.aop.LoggerAspect - Controller  : kr.co.seoulit.reception.controller.ReceptionController.getReceptions()종료
2026-02-23 12:35:59.864 INFO  k.co.seoulit.common.aop.LoggerAspect - Controller  : kr.co.seoulit.reception.controller.ReceptionController.getReceptions()시작
2026-02-23 12:35:59.864 INFO  k.c.s.r.c.ReceptionController - Reception list request: searchType=null, searchValue=null
2026-02-23 12:35:59.864 INFO  k.co.seoulit.common.aop.LoggerAspect - ServiceImpl  : kr.co.seoulit.reception.service.ReceptionServiceImpl.getReceptionList()시작
2026-02-23 12:35:59.882 INFO  k.co.seoulit.common.aop.LoggerAspect - ServiceImpl  : kr.co.seoulit.reception.service.ReceptionServiceImpl.getReceptionList()종료
2026-02-23 12:35:59.911 INFO  k.co.seoulit.common.aop.LoggerAspect - Controller  : kr.co.seoulit.reception.controller.ReceptionController.getReceptions()종료
2026-02-23 12:36:56.990 INFO  k.co.seoulit.common.aop.LoggerAspect - Controller  : kr.co.seoulit.reception.controller.ReceptionController.getReceptions()시작
2026-02-23 12:36:56.990 INFO  k.c.s.r.c.ReceptionController - Reception list request: searchType=null, searchValue=null
2026-02-23 12:36:57.028 INFO  k.co.seoulit.common.aop.LoggerAspect - ServiceImpl  : kr.co.seoulit.reception.service.ReceptionServiceImpl.getReceptionList()시작
2026-02-23 12:36:57.075 INFO  k.co.seoulit.common.aop.LoggerAspect - ServiceImpl  : kr.co.seoulit.reception.service.ReceptionServiceImpl.getReceptionList()종료
2026-02-23 12:36:57.107 INFO  k.co.seoulit.common.aop.LoggerAspect - Controller  : kr.co.seoulit.reception.controller.ReceptionController.getReceptions()종료
2026-02-23 12:36:57.134 INFO  k.co.seoulit.common.aop.LoggerAspect - Controller  : kr.co.seoulit.reception.controller.ReceptionController.getReceptions()시작
2026-02-23 12:36:57.134 INFO  k.c.s.r.c.ReceptionController - Reception list request: searchType=null, searchValue=null
2026-02-23 12:36:57.135 INFO  k.co.seoulit.common.aop.LoggerAspect - ServiceImpl  : kr.co.seoulit.reception.service.ReceptionServiceImpl.getReceptionList()시작
2026-02-23 12:36:57.148 INFO  k.co.seoulit.common.aop.LoggerAspect - ServiceImpl  : kr.co.seoulit.reception.service.ReceptionServiceImpl.getReceptionList()종료
2026-02-23 12:36:57.183 INFO  k.co.seoulit.common.aop.LoggerAspect - Controller  : kr.co.seoulit.reception.controller.ReceptionController.getReceptions()종료
2026-02-23 12:37:55.215 INFO  k.co.seoulit.common.aop.LoggerAspect - Controller  : kr.co.seoulit.reception.controller.ReceptionController.getReception()시작
2026-02-23 12:37:55.215 INFO  k.c.s.r.c.ReceptionController - Get reception request: id=5
2026-02-23 12:37:55.225 INFO  k.co.seoulit.common.aop.LoggerAspect - ServiceImpl  : kr.co.seoulit.reception.service.ReceptionServiceImpl.getReception()시작
2026-02-23 12:37:55.227 DEBUG org.hibernate.SQL - select re1_0.reception_id,re1_0.arrived_at,re1_0.cancel_reason_code,re1_0.cancel_reason_text,re1_0.created_at,re1_0.created_by,re1_0.department_id,re1_0.department_name,re1_0.doctor_id,re1_0.doctor_name,re1_0.hold_reason_code,re1_0.hold_reason_text,re1_0.inactive_at,re1_0.inactive_reason_code,re1_0.inactive_reason_text,re1_0.is_active,re1_0.note,re1_0.patient_id,re1_0.patient_name,re1_0.reception_no,re1_0.reservation_id,re1_0.scheduled_at,re1_0.status,re1_0.updated_at,re1_0.updated_by,re1_0.visit_type from reception re1_0 where re1_0.reception_id=?
2026-02-23 12:37:55.228 TRACE org.hibernate.orm.jdbc.bind - binding parameter (1:BIGINT) <- [5]
2026-02-23 12:37:55.257 INFO  k.co.seoulit.common.aop.LoggerAspect - kr.co.seoulit.reception.mapstruct.ReceptionResMapStructImpl.toDto()시작
2026-02-23 12:37:55.257 INFO  k.co.seoulit.common.aop.LoggerAspect - kr.co.seoulit.reception.mapstruct.ReceptionResMapStructImpl.toDto()종료
2026-02-23 12:37:55.258 INFO  k.co.seoulit.common.aop.LoggerAspect - ServiceImpl  : kr.co.seoulit.reception.service.ReceptionServiceImpl.getReception()종료
2026-02-23 12:37:55.296 INFO  k.co.seoulit.common.aop.LoggerAspect - Controller  : kr.co.seoulit.reception.controller.ReceptionController.getReception()종료
2026-02-23 12:37:55.894 INFO  k.co.seoulit.common.aop.LoggerAspect - Controller  : kr.co.seoulit.reception.controller.ReceptionController.getReception()시작
2026-02-23 12:37:55.894 INFO  k.c.s.r.c.ReceptionController - Get reception request: id=6
2026-02-23 12:37:55.931 INFO  k.co.seoulit.common.aop.LoggerAspect - ServiceImpl  : kr.co.seoulit.reception.service.ReceptionServiceImpl.getReception()시작
2026-02-23 12:37:55.932 DEBUG org.hibernate.SQL - select re1_0.reception_id,re1_0.arrived_at,re1_0.cancel_reason_code,re1_0.cancel_reason_text,re1_0.created_at,re1_0.created_by,re1_0.department_id,re1_0.department_name,re1_0.doctor_id,re1_0.doctor_name,re1_0.hold_reason_code,re1_0.hold_reason_text,re1_0.inactive_at,re1_0.inactive_reason_code,re1_0.inactive_reason_text,re1_0.is_active,re1_0.note,re1_0.patient_id,re1_0.patient_name,re1_0.reception_no,re1_0.reservation_id,re1_0.scheduled_at,re1_0.status,re1_0.updated_at,re1_0.updated_by,re1_0.visit_type from reception re1_0 where re1_0.reception_id=?
2026-02-23 12:37:55.932 TRACE org.hibernate.orm.jdbc.bind - binding parameter (1:BIGINT) <- [6]
2026-02-23 12:37:55.964 INFO  k.co.seoulit.common.aop.LoggerAspect - kr.co.seoulit.reception.mapstruct.ReceptionResMapStructImpl.toDto()시작
2026-02-23 12:37:55.965 INFO  k.co.seoulit.common.aop.LoggerAspect - kr.co.seoulit.reception.mapstruct.ReceptionResMapStructImpl.toDto()종료
2026-02-23 12:37:55.965 INFO  k.co.seoulit.common.aop.LoggerAspect - ServiceImpl  : kr.co.seoulit.reception.service.ReceptionServiceImpl.getReception()종료
2026-02-23 12:37:56.001 INFO  k.co.seoulit.common.aop.LoggerAspect - Controller  : kr.co.seoulit.reception.controller.ReceptionController.getReception()종료
2026-02-23 12:37:57.053 INFO  k.co.seoulit.common.aop.LoggerAspect - Controller  : kr.co.seoulit.reception.controller.ReceptionController.getReception()시작
2026-02-23 12:37:57.053 INFO  k.c.s.r.c.ReceptionController - Get reception request: id=7
2026-02-23 12:37:57.074 INFO  k.co.seoulit.common.aop.LoggerAspect - ServiceImpl  : kr.co.seoulit.reception.service.ReceptionServiceImpl.getReception()시작
2026-02-23 12:37:57.075 DEBUG org.hibernate.SQL - select re1_0.reception_id,re1_0.arrived_at,re1_0.cancel_reason_code,re1_0.cancel_reason_text,re1_0.created_at,re1_0.created_by,re1_0.department_id,re1_0.department_name,re1_0.doctor_id,re1_0.doctor_name,re1_0.hold_reason_code,re1_0.hold_reason_text,re1_0.inactive_at,re1_0.inactive_reason_code,re1_0.inactive_reason_text,re1_0.is_active,re1_0.note,re1_0.patient_id,re1_0.patient_name,re1_0.reception_no,re1_0.reservation_id,re1_0.scheduled_at,re1_0.status,re1_0.updated_at,re1_0.updated_by,re1_0.visit_type from reception re1_0 where re1_0.reception_id=?
2026-02-23 12:37:57.075 TRACE org.hibernate.orm.jdbc.bind - binding parameter (1:BIGINT) <- [7]
2026-02-23 12:37:57.118 INFO  k.co.seoulit.common.aop.LoggerAspect - kr.co.seoulit.reception.mapstruct.ReceptionResMapStructImpl.toDto()시작
2026-02-23 12:37:57.118 INFO  k.co.seoulit.common.aop.LoggerAspect - kr.co.seoulit.reception.mapstruct.ReceptionResMapStructImpl.toDto()종료
2026-02-23 12:37:57.118 INFO  k.co.seoulit.common.aop.LoggerAspect - ServiceImpl  : kr.co.seoulit.reception.service.ReceptionServiceImpl.getReception()종료
2026-02-23 12:37:57.153 INFO  k.co.seoulit.common.aop.LoggerAspect - Controller  : kr.co.seoulit.reception.controller.ReceptionController.getReception()종료
2026-02-23 12:38:30.297 INFO  k.co.seoulit.common.aop.LoggerAspect - Controller  : kr.co.seoulit.reception.controller.ReceptionController.getReceptions()시작
2026-02-23 12:38:30.297 INFO  k.c.s.r.c.ReceptionController - Reception list request: searchType=receptionNo, searchValue=20260212-003
2026-02-23 12:38:30.314 INFO  k.co.seoulit.common.aop.LoggerAspect - ServiceImpl  : kr.co.seoulit.reception.service.ReceptionServiceImpl.getReceptionList()시작
2026-02-23 12:38:30.337 INFO  k.co.seoulit.common.aop.LoggerAspect - ServiceImpl  : kr.co.seoulit.reception.service.ReceptionServiceImpl.getReceptionList()종료
2026-02-23 12:38:30.372 INFO  k.co.seoulit.common.aop.LoggerAspect - Controller  : kr.co.seoulit.reception.controller.ReceptionController.getReceptions()종료
2026-02-23 12:38:30.429 INFO  k.co.seoulit.common.aop.LoggerAspect - Controller  : kr.co.seoulit.reception.controller.ReceptionController.getReception()시작
2026-02-23 12:38:30.429 INFO  k.c.s.r.c.ReceptionController - Get reception request: id=5
2026-02-23 12:38:30.430 INFO  k.co.seoulit.common.aop.LoggerAspect - ServiceImpl  : kr.co.seoulit.reception.service.ReceptionServiceImpl.getReception()시작
2026-02-23 12:38:30.431 DEBUG org.hibernate.SQL - select re1_0.reception_id,re1_0.arrived_at,re1_0.cancel_reason_code,re1_0.cancel_reason_text,re1_0.created_at,re1_0.created_by,re1_0.department_id,re1_0.department_name,re1_0.doctor_id,re1_0.doctor_name,re1_0.hold_reason_code,re1_0.hold_reason_text,re1_0.inactive_at,re1_0.inactive_reason_code,re1_0.inactive_reason_text,re1_0.is_active,re1_0.note,re1_0.patient_id,re1_0.patient_name,re1_0.reception_no,re1_0.reservation_id,re1_0.scheduled_at,re1_0.status,re1_0.updated_at,re1_0.updated_by,re1_0.visit_type from reception re1_0 where re1_0.reception_id=?
2026-02-23 12:38:30.431 TRACE org.hibernate.orm.jdbc.bind - binding parameter (1:BIGINT) <- [5]
2026-02-23 12:38:30.450 INFO  k.co.seoulit.common.aop.LoggerAspect - kr.co.seoulit.reception.mapstruct.ReceptionResMapStructImpl.toDto()시작
2026-02-23 12:38:30.450 INFO  k.co.seoulit.common.aop.LoggerAspect - kr.co.seoulit.reception.mapstruct.ReceptionResMapStructImpl.toDto()종료
2026-02-23 12:38:30.450 INFO  k.co.seoulit.common.aop.LoggerAspect - ServiceImpl  : kr.co.seoulit.reception.service.ReceptionServiceImpl.getReception()종료
2026-02-23 12:38:30.458 INFO  k.co.seoulit.common.aop.LoggerAspect - Controller  : kr.co.seoulit.reception.controller.ReceptionController.getReception()종료
2026-02-23 12:38:32.137 INFO  k.co.seoulit.common.aop.LoggerAspect - Controller  : kr.co.seoulit.reception.controller.ReceptionController.getReceptions()시작
2026-02-23 12:38:32.137 INFO  k.c.s.r.c.ReceptionController - Reception list request: searchType=null, searchValue=null
2026-02-23 12:38:32.183 INFO  k.co.seoulit.common.aop.LoggerAspect - ServiceImpl  : kr.co.seoulit.reception.service.ReceptionServiceImpl.getReceptionList()시작
2026-02-23 12:38:32.249 INFO  k.co.seoulit.common.aop.LoggerAspect - ServiceImpl  : kr.co.seoulit.reception.service.ReceptionServiceImpl.getReceptionList()종료
2026-02-23 12:38:32.256 INFO  k.co.seoulit.common.aop.LoggerAspect - Controller  : kr.co.seoulit.reception.controller.ReceptionController.getReceptions()종료
2026-02-23 12:38:39.450 INFO  k.co.seoulit.common.aop.LoggerAspect - Controller  : kr.co.seoulit.reception.controller.ReceptionController.getReceptions()시작
2026-02-23 12:38:39.450 INFO  k.c.s.r.c.ReceptionController - Reception list request: searchType=receptionNo, searchValue=20260212-009
2026-02-23 12:38:39.571 INFO  k.co.seoulit.common.aop.LoggerAspect - ServiceImpl  : kr.co.seoulit.reception.service.ReceptionServiceImpl.getReceptionList()시작
2026-02-23 12:38:39.583 INFO  k.co.seoulit.common.aop.LoggerAspect - ServiceImpl  : kr.co.seoulit.reception.service.ReceptionServiceImpl.getReceptionList()종료
2026-02-23 12:38:39.591 INFO  k.co.seoulit.common.aop.LoggerAspect - Controller  : kr.co.seoulit.reception.controller.ReceptionController.getReceptions()종료
2026-02-23 12:38:39.645 INFO  k.co.seoulit.common.aop.LoggerAspect - Controller  : kr.co.seoulit.reception.controller.ReceptionController.getReception()시작
2026-02-23 12:38:39.660 INFO  k.c.s.r.c.ReceptionController - Get reception request: id=9
2026-02-23 12:38:39.660 INFO  k.co.seoulit.common.aop.LoggerAspect - ServiceImpl  : kr.co.seoulit.reception.service.ReceptionServiceImpl.getReception()시작
2026-02-23 12:38:39.661 DEBUG org.hibernate.SQL - select re1_0.reception_id,re1_0.arrived_at,re1_0.cancel_reason_code,re1_0.cancel_reason_text,re1_0.created_at,re1_0.created_by,re1_0.department_id,re1_0.department_name,re1_0.doctor_id,re1_0.doctor_name,re1_0.hold_reason_code,re1_0.hold_reason_text,re1_0.inactive_at,re1_0.inactive_reason_code,re1_0.inactive_reason_text,re1_0.is_active,re1_0.note,re1_0.patient_id,re1_0.patient_name,re1_0.reception_no,re1_0.reservation_id,re1_0.scheduled_at,re1_0.status,re1_0.updated_at,re1_0.updated_by,re1_0.visit_type from reception re1_0 where re1_0.reception_id=?
2026-02-23 12:38:39.661 TRACE org.hibernate.orm.jdbc.bind - binding parameter (1:BIGINT) <- [9]
2026-02-23 12:38:39.671 INFO  k.co.seoulit.common.aop.LoggerAspect - kr.co.seoulit.reception.mapstruct.ReceptionResMapStructImpl.toDto()시작
2026-02-23 12:38:39.671 INFO  k.co.seoulit.common.aop.LoggerAspect - kr.co.seoulit.reception.mapstruct.ReceptionResMapStructImpl.toDto()종료
2026-02-23 12:38:39.671 INFO  k.co.seoulit.common.aop.LoggerAspect - ServiceImpl  : kr.co.seoulit.reception.service.ReceptionServiceImpl.getReception()종료
2026-02-23 12:38:39.680 INFO  k.co.seoulit.common.aop.LoggerAspect - Controller  : kr.co.seoulit.reception.controller.ReceptionController.getReception()종료
2026-02-23 12:39:31.924 INFO  k.co.seoulit.common.aop.LoggerAspect - Controller  : kr.co.seoulit.reception.controller.ReceptionController.getReceptions()시작
2026-02-23 12:39:31.926 INFO  k.c.s.r.c.ReceptionController - Reception list request: searchType=null, searchValue=null
2026-02-23 12:39:32.041 INFO  k.co.seoulit.common.aop.LoggerAspect - ServiceImpl  : kr.co.seoulit.reception.service.ReceptionServiceImpl.getReceptionList()시작
2026-02-23 12:39:32.058 INFO  k.co.seoulit.common.aop.LoggerAspect - ServiceImpl  : kr.co.seoulit.reception.service.ReceptionServiceImpl.getReceptionList()종료
2026-02-23 12:39:32.086 INFO  k.co.seoulit.common.aop.LoggerAspect - Controller  : kr.co.seoulit.reception.controller.ReceptionController.getReceptions()종료
2026-02-23 12:42:12.852 INFO  k.co.seoulit.common.aop.LoggerAspect - Controller  : kr.co.seoulit.reception.controller.ReceptionController.getReceptions()시작
2026-02-23 12:42:12.852 INFO  k.c.s.r.c.ReceptionController - Reception list request: searchType=null, searchValue=null
2026-02-23 12:42:12.864 INFO  k.co.seoulit.common.aop.LoggerAspect - ServiceImpl  : kr.co.seoulit.reception.service.ReceptionServiceImpl.getReceptionList()시작
2026-02-23 12:42:12.887 INFO  k.co.seoulit.common.aop.LoggerAspect - ServiceImpl  : kr.co.seoulit.reception.service.ReceptionServiceImpl.getReceptionList()종료
2026-02-23 12:42:12.902 INFO  k.co.seoulit.common.aop.LoggerAspect - Controller  : kr.co.seoulit.reception.controller.ReceptionController.getReceptions()종료
2026-02-23 12:42:12.927 INFO  k.co.seoulit.common.aop.LoggerAspect - Controller  : kr.co.seoulit.reception.controller.ReceptionController.getReceptions()시작
2026-02-23 12:42:12.927 INFO  k.c.s.r.c.ReceptionController - Reception list request: searchType=null, searchValue=null
2026-02-23 12:42:12.928 INFO  k.co.seoulit.common.aop.LoggerAspect - ServiceImpl  : kr.co.seoulit.reception.service.ReceptionServiceImpl.getReceptionList()시작
2026-02-23 12:42:12.953 INFO  k.co.seoulit.common.aop.LoggerAspect - ServiceImpl  : kr.co.seoulit.reception.service.ReceptionServiceImpl.getReceptionList()종료
2026-02-23 12:42:12.969 INFO  k.co.seoulit.common.aop.LoggerAspect - Controller  : kr.co.seoulit.reception.controller.ReceptionController.getReceptions()종료
2026-02-23 12:42:18.766 INFO  k.co.seoulit.common.aop.LoggerAspect - Controller  : kr.co.seoulit.reception.controller.ReceptionController.getReceptions()시작
2026-02-23 12:42:18.766 INFO  k.c.s.r.c.ReceptionController - Reception list request: searchType=null, searchValue=null
2026-02-23 12:42:18.790 INFO  k.co.seoulit.common.aop.LoggerAspect - ServiceImpl  : kr.co.seoulit.reception.service.ReceptionServiceImpl.getReceptionList()시작
2026-02-23 12:42:18.832 INFO  k.co.seoulit.common.aop.LoggerAspect - ServiceImpl  : kr.co.seoulit.reception.service.ReceptionServiceImpl.getReceptionList()종료
2026-02-23 12:42:18.855 INFO  k.co.seoulit.common.aop.LoggerAspect - Controller  : kr.co.seoulit.reception.controller.ReceptionController.getReceptions()종료
2026-02-23 12:42:18.867 INFO  k.co.seoulit.common.aop.LoggerAspect - Controller  : kr.co.seoulit.reception.controller.ReceptionController.getReceptions()시작
2026-02-23 12:42:18.868 INFO  k.c.s.r.c.ReceptionController - Reception list request: searchType=null, searchValue=null
2026-02-23 12:42:18.868 INFO  k.co.seoulit.common.aop.LoggerAspect - ServiceImpl  : kr.co.seoulit.reception.service.ReceptionServiceImpl.getReceptionList()시작
2026-02-23 12:42:18.891 INFO  k.co.seoulit.common.aop.LoggerAspect - ServiceImpl  : kr.co.seoulit.reception.service.ReceptionServiceImpl.getReceptionList()종료
2026-02-23 12:42:18.921 INFO  k.co.seoulit.common.aop.LoggerAspect - Controller  : kr.co.seoulit.reception.controller.ReceptionController.getReceptions()종료
2026-02-23 12:42:29.533 INFO  k.co.seoulit.common.aop.LoggerAspect - Controller  : kr.co.seoulit.reception.controller.ReceptionController.getReception()시작
2026-02-23 12:42:29.534 INFO  k.c.s.r.c.ReceptionController - Get reception request: id=5
2026-02-23 12:42:29.545 INFO  k.co.seoulit.common.aop.LoggerAspect - ServiceImpl  : kr.co.seoulit.reception.service.ReceptionServiceImpl.getReception()시작
2026-02-23 12:42:29.546 DEBUG org.hibernate.SQL - select re1_0.reception_id,re1_0.arrived_at,re1_0.cancel_reason_code,re1_0.cancel_reason_text,re1_0.created_at,re1_0.created_by,re1_0.department_id,re1_0.department_name,re1_0.doctor_id,re1_0.doctor_name,re1_0.hold_reason_code,re1_0.hold_reason_text,re1_0.inactive_at,re1_0.inactive_reason_code,re1_0.inactive_reason_text,re1_0.is_active,re1_0.note,re1_0.patient_id,re1_0.patient_name,re1_0.reception_no,re1_0.reservation_id,re1_0.scheduled_at,re1_0.status,re1_0.updated_at,re1_0.updated_by,re1_0.visit_type from reception re1_0 where re1_0.reception_id=?
2026-02-23 12:42:29.547 TRACE org.hibernate.orm.jdbc.bind - binding parameter (1:BIGINT) <- [5]
2026-02-23 12:42:29.566 INFO  k.co.seoulit.common.aop.LoggerAspect - kr.co.seoulit.reception.mapstruct.ReceptionResMapStructImpl.toDto()시작
2026-02-23 12:42:29.566 INFO  k.co.seoulit.common.aop.LoggerAspect - kr.co.seoulit.reception.mapstruct.ReceptionResMapStructImpl.toDto()종료
2026-02-23 12:42:29.566 INFO  k.co.seoulit.common.aop.LoggerAspect - ServiceImpl  : kr.co.seoulit.reception.service.ReceptionServiceImpl.getReception()종료
2026-02-23 12:42:29.574 INFO  k.co.seoulit.common.aop.LoggerAspect - Controller  : kr.co.seoulit.reception.controller.ReceptionController.getReception()종료
2026-02-23 12:42:33.134 INFO  k.co.seoulit.common.aop.LoggerAspect - Controller  : kr.co.seoulit.reception.controller.ReceptionController.getReception()시작
2026-02-23 12:42:33.136 INFO  k.c.s.r.c.ReceptionController - Get reception request: id=5
2026-02-23 12:42:33.151 INFO  k.co.seoulit.common.aop.LoggerAspect - ServiceImpl  : kr.co.seoulit.reception.service.ReceptionServiceImpl.getReception()시작
2026-02-23 12:42:33.152 DEBUG org.hibernate.SQL - select re1_0.reception_id,re1_0.arrived_at,re1_0.cancel_reason_code,re1_0.cancel_reason_text,re1_0.created_at,re1_0.created_by,re1_0.department_id,re1_0.department_name,re1_0.doctor_id,re1_0.doctor_name,re1_0.hold_reason_code,re1_0.hold_reason_text,re1_0.inactive_at,re1_0.inactive_reason_code,re1_0.inactive_reason_text,re1_0.is_active,re1_0.note,re1_0.patient_id,re1_0.patient_name,re1_0.reception_no,re1_0.reservation_id,re1_0.scheduled_at,re1_0.status,re1_0.updated_at,re1_0.updated_by,re1_0.visit_type from reception re1_0 where re1_0.reception_id=?
2026-02-23 12:42:33.154 TRACE org.hibernate.orm.jdbc.bind - binding parameter (1:BIGINT) <- [5]
2026-02-23 12:42:33.168 INFO  k.co.seoulit.common.aop.LoggerAspect - kr.co.seoulit.reception.mapstruct.ReceptionResMapStructImpl.toDto()시작
2026-02-23 12:42:33.168 INFO  k.co.seoulit.common.aop.LoggerAspect - kr.co.seoulit.reception.mapstruct.ReceptionResMapStructImpl.toDto()종료
2026-02-23 12:42:33.168 INFO  k.co.seoulit.common.aop.LoggerAspect - ServiceImpl  : kr.co.seoulit.reception.service.ReceptionServiceImpl.getReception()종료
2026-02-23 12:42:33.188 INFO  k.co.seoulit.common.aop.LoggerAspect - Controller  : kr.co.seoulit.reception.controller.ReceptionController.getReception()종료
2026-02-23 12:42:33.207 INFO  k.co.seoulit.common.aop.LoggerAspect - Controller  : kr.co.seoulit.reception.controller.ReceptionController.getReception()시작
2026-02-23 12:42:33.207 INFO  k.c.s.r.c.ReceptionController - Get reception request: id=5
2026-02-23 12:42:33.209 INFO  k.co.seoulit.common.aop.LoggerAspect - ServiceImpl  : kr.co.seoulit.reception.service.ReceptionServiceImpl.getReception()시작
2026-02-23 12:42:33.211 DEBUG org.hibernate.SQL - select re1_0.reception_id,re1_0.arrived_at,re1_0.cancel_reason_code,re1_0.cancel_reason_text,re1_0.created_at,re1_0.created_by,re1_0.department_id,re1_0.department_name,re1_0.doctor_id,re1_0.doctor_name,re1_0.hold_reason_code,re1_0.hold_reason_text,re1_0.inactive_at,re1_0.inactive_reason_code,re1_0.inactive_reason_text,re1_0.is_active,re1_0.note,re1_0.patient_id,re1_0.patient_name,re1_0.reception_no,re1_0.reservation_id,re1_0.scheduled_at,re1_0.status,re1_0.updated_at,re1_0.updated_by,re1_0.visit_type from reception re1_0 where re1_0.reception_id=?
2026-02-23 12:42:33.211 TRACE org.hibernate.orm.jdbc.bind - binding parameter (1:BIGINT) <- [5]
2026-02-23 12:42:33.229 INFO  k.co.seoulit.common.aop.LoggerAspect - kr.co.seoulit.reception.mapstruct.ReceptionResMapStructImpl.toDto()시작
2026-02-23 12:42:33.229 INFO  k.co.seoulit.common.aop.LoggerAspect - kr.co.seoulit.reception.mapstruct.ReceptionResMapStructImpl.toDto()종료
2026-02-23 12:42:33.229 INFO  k.co.seoulit.common.aop.LoggerAspect - ServiceImpl  : kr.co.seoulit.reception.service.ReceptionServiceImpl.getReception()종료
2026-02-23 12:42:33.238 INFO  k.co.seoulit.common.aop.LoggerAspect - Controller  : kr.co.seoulit.reception.controller.ReceptionController.getReception()종료
2026-02-23 12:42:34.565 INFO  k.co.seoulit.common.aop.LoggerAspect - Controller  : kr.co.seoulit.reception.controller.ReceptionController.getReceptions()시작
2026-02-23 12:42:34.565 INFO  k.c.s.r.c.ReceptionController - Reception list request: searchType=null, searchValue=null
2026-02-23 12:42:34.580 INFO  k.co.seoulit.common.aop.LoggerAspect - ServiceImpl  : kr.co.seoulit.reception.service.ReceptionServiceImpl.getReceptionList()시작
2026-02-23 12:42:34.607 INFO  k.co.seoulit.common.aop.LoggerAspect - ServiceImpl  : kr.co.seoulit.reception.service.ReceptionServiceImpl.getReceptionList()종료
2026-02-23 12:42:34.633 INFO  k.co.seoulit.common.aop.LoggerAspect - Controller  : kr.co.seoulit.reception.controller.ReceptionController.getReceptions()종료
2026-02-23 12:42:34.661 INFO  k.co.seoulit.common.aop.LoggerAspect - Controller  : kr.co.seoulit.reception.controller.ReceptionController.getReceptions()시작
2026-02-23 12:42:34.661 INFO  k.c.s.r.c.ReceptionController - Reception list request: searchType=null, searchValue=null
2026-02-23 12:42:34.662 INFO  k.co.seoulit.common.aop.LoggerAspect - ServiceImpl  : kr.co.seoulit.reception.service.ReceptionServiceImpl.getReceptionList()시작
2026-02-23 12:42:34.692 INFO  k.co.seoulit.common.aop.LoggerAspect - ServiceImpl  : kr.co.seoulit.reception.service.ReceptionServiceImpl.getReceptionList()종료
2026-02-23 12:42:34.729 INFO  k.co.seoulit.common.aop.LoggerAspect - Controller  : kr.co.seoulit.reception.controller.ReceptionController.getReceptions()종료
2026-02-23 12:46:07.960 INFO  k.co.seoulit.common.aop.LoggerAspect - Controller  : kr.co.seoulit.reception.controller.ReceptionController.getReceptions()시작
2026-02-23 12:46:07.961 INFO  k.c.s.r.c.ReceptionController - Reception list request: searchType=null, searchValue=null
2026-02-23 12:46:07.980 INFO  k.co.seoulit.common.aop.LoggerAspect - ServiceImpl  : kr.co.seoulit.reception.service.ReceptionServiceImpl.getReceptionList()시작
2026-02-23 12:46:08.103 INFO  k.co.seoulit.common.aop.LoggerAspect - ServiceImpl  : kr.co.seoulit.reception.service.ReceptionServiceImpl.getReceptionList()종료
2026-02-23 12:46:08.120 INFO  k.co.seoulit.common.aop.LoggerAspect - Controller  : kr.co.seoulit.reception.controller.ReceptionController.getReceptions()종료
2026-02-23 12:46:08.142 INFO  k.co.seoulit.common.aop.LoggerAspect - Controller  : kr.co.seoulit.reception.controller.ReceptionController.getReceptions()시작
2026-02-23 12:46:08.142 INFO  k.c.s.r.c.ReceptionController - Reception list request: searchType=null, searchValue=null
2026-02-23 12:46:08.143 INFO  k.co.seoulit.common.aop.LoggerAspect - ServiceImpl  : kr.co.seoulit.reception.service.ReceptionServiceImpl.getReceptionList()시작
2026-02-23 12:46:08.190 INFO  k.co.seoulit.common.aop.LoggerAspect - ServiceImpl  : kr.co.seoulit.reception.service.ReceptionServiceImpl.getReceptionList()종료
2026-02-23 12:46:08.214 INFO  k.co.seoulit.common.aop.LoggerAspect - Controller  : kr.co.seoulit.reception.controller.ReceptionController.getReceptions()종료
2026-02-23 12:47:41.354 INFO  k.co.seoulit.common.aop.LoggerAspect - Controller  : kr.co.seoulit.reception.controller.ReservationController.getReservations()시작
2026-02-23 12:47:41.355 INFO  k.c.s.r.c.ReservationController - 예약 목록 요청: searchType=null, searchValue=null
2026-02-23 12:47:41.378 INFO  k.co.seoulit.common.aop.LoggerAspect - ServiceImpl  : kr.co.seoulit.reception.service.ReservationServiceImpl.getReservationList()시작
2026-02-23 12:47:41.398 INFO  k.co.seoulit.common.aop.LoggerAspect - ServiceImpl  : kr.co.seoulit.reception.service.ReservationServiceImpl.getReservationList()종료
2026-02-23 12:47:41.406 INFO  k.co.seoulit.common.aop.LoggerAspect - Controller  : kr.co.seoulit.reception.controller.ReservationController.getReservations()종료
2026-02-23 12:47:41.444 INFO  k.co.seoulit.common.aop.LoggerAspect - Controller  : kr.co.seoulit.reception.controller.ReservationController.getReservations()시작
2026-02-23 12:47:41.445 INFO  k.c.s.r.c.ReservationController - 예약 목록 요청: searchType=null, searchValue=null
2026-02-23 12:47:41.445 INFO  k.co.seoulit.common.aop.LoggerAspect - ServiceImpl  : kr.co.seoulit.reception.service.ReservationServiceImpl.getReservationList()시작
2026-02-23 12:47:41.463 INFO  k.co.seoulit.common.aop.LoggerAspect - ServiceImpl  : kr.co.seoulit.reception.service.ReservationServiceImpl.getReservationList()종료
2026-02-23 12:47:41.482 INFO  k.co.seoulit.common.aop.LoggerAspect - Controller  : kr.co.seoulit.reception.controller.ReservationController.getReservations()종료
2026-02-23 12:47:46.716 INFO  k.co.seoulit.common.aop.LoggerAspect - Controller  : kr.co.seoulit.reception.controller.EmergencyReceptionController.getEmergencyReceptions()시작
2026-02-23 12:47:46.716 INFO  k.c.s.r.c.EmergencyReceptionController - 응급 접수 목록 요청: searchType=null, searchValue=null
2026-02-23 12:47:46.737 INFO  k.co.seoulit.common.aop.LoggerAspect - ServiceImpl  : kr.co.seoulit.reception.service.EmergencyReceptionServiceImpl.getEmergencyReceptionList()시작
2026-02-23 12:47:46.775 INFO  k.co.seoulit.common.aop.LoggerAspect - ServiceImpl  : kr.co.seoulit.reception.service.EmergencyReceptionServiceImpl.getEmergencyReceptionList()종료
2026-02-23 12:47:46.787 INFO  k.co.seoulit.common.aop.LoggerAspect - Controller  : kr.co.seoulit.reception.controller.EmergencyReceptionController.getEmergencyReceptions()종료
2026-02-23 12:47:46.810 INFO  k.co.seoulit.common.aop.LoggerAspect - Controller  : kr.co.seoulit.reception.controller.EmergencyReceptionController.getEmergencyReceptions()시작
2026-02-23 12:47:46.810 INFO  k.c.s.r.c.EmergencyReceptionController - 응급 접수 목록 요청: searchType=null, searchValue=null
2026-02-23 12:47:46.811 INFO  k.co.seoulit.common.aop.LoggerAspect - ServiceImpl  : kr.co.seoulit.reception.service.EmergencyReceptionServiceImpl.getEmergencyReceptionList()시작
2026-02-23 12:47:46.840 INFO  k.co.seoulit.common.aop.LoggerAspect - ServiceImpl  : kr.co.seoulit.reception.service.EmergencyReceptionServiceImpl.getEmergencyReceptionList()종료
2026-02-23 12:47:46.851 INFO  k.co.seoulit.common.aop.LoggerAspect - Controller  : kr.co.seoulit.reception.controller.EmergencyReceptionController.getEmergencyReceptions()종료
2026-02-23 12:47:47.911 INFO  k.co.seoulit.common.aop.LoggerAspect - Controller  : kr.co.seoulit.reception.controller.InpatientReceptionController.getInpatientReceptions()시작
2026-02-23 12:47:47.912 INFO  k.c.s.r.c.InpatientReceptionController - 입원 접수 목록 요청: searchType=null, searchValue=null
2026-02-23 12:47:47.933 INFO  k.co.seoulit.common.aop.LoggerAspect - ServiceImpl  : kr.co.seoulit.reception.service.InpatientReceptionServiceImpl.getInpatientReceptionList()시작
2026-02-23 12:47:47.970 INFO  k.co.seoulit.common.aop.LoggerAspect - ServiceImpl  : kr.co.seoulit.reception.service.InpatientReceptionServiceImpl.getInpatientReceptionList()종료
2026-02-23 12:47:47.979 INFO  k.co.seoulit.common.aop.LoggerAspect - Controller  : kr.co.seoulit.reception.controller.InpatientReceptionController.getInpatientReceptions()종료
2026-02-23 12:47:47.995 INFO  k.co.seoulit.common.aop.LoggerAspect - Controller  : kr.co.seoulit.reception.controller.InpatientReceptionController.getInpatientReceptions()시작
2026-02-23 12:47:47.995 INFO  k.c.s.r.c.InpatientReceptionController - 입원 접수 목록 요청: searchType=null, searchValue=null
2026-02-23 12:47:47.996 INFO  k.co.seoulit.common.aop.LoggerAspect - ServiceImpl  : kr.co.seoulit.reception.service.InpatientReceptionServiceImpl.getInpatientReceptionList()시작
2026-02-23 12:47:48.022 INFO  k.co.seoulit.common.aop.LoggerAspect - ServiceImpl  : kr.co.seoulit.reception.service.InpatientReceptionServiceImpl.getInpatientReceptionList()종료
2026-02-23 12:47:48.031 INFO  k.co.seoulit.common.aop.LoggerAspect - Controller  : kr.co.seoulit.reception.controller.InpatientReceptionController.getInpatientReceptions()종료
2026-02-23 12:47:50.585 INFO  k.co.seoulit.common.aop.LoggerAspect - Controller  : kr.co.seoulit.reception.controller.EmergencyReceptionController.getEmergencyReceptions()시작
2026-02-23 12:47:50.586 INFO  k.c.s.r.c.EmergencyReceptionController - 응급 접수 목록 요청: searchType=null, searchValue=null
2026-02-23 12:47:50.627 INFO  k.co.seoulit.common.aop.LoggerAspect - ServiceImpl  : kr.co.seoulit.reception.service.EmergencyReceptionServiceImpl.getEmergencyReceptionList()시작
2026-02-23 12:47:50.695 INFO  k.co.seoulit.common.aop.LoggerAspect - ServiceImpl  : kr.co.seoulit.reception.service.EmergencyReceptionServiceImpl.getEmergencyReceptionList()종료
2026-02-23 12:47:50.749 INFO  k.co.seoulit.common.aop.LoggerAspect - Controller  : kr.co.seoulit.reception.controller.EmergencyReceptionController.getEmergencyReceptions()종료
2026-02-23 12:47:50.795 INFO  k.co.seoulit.common.aop.LoggerAspect - Controller  : kr.co.seoulit.reception.controller.EmergencyReceptionController.getEmergencyReceptions()시작
2026-02-23 12:47:50.797 INFO  k.c.s.r.c.EmergencyReceptionController - 응급 접수 목록 요청: searchType=null, searchValue=null
2026-02-23 12:47:50.800 INFO  k.co.seoulit.common.aop.LoggerAspect - ServiceImpl  : kr.co.seoulit.reception.service.EmergencyReceptionServiceImpl.getEmergencyReceptionList()시작
2026-02-23 12:47:50.875 INFO  k.co.seoulit.common.aop.LoggerAspect - ServiceImpl  : kr.co.seoulit.reception.service.EmergencyReceptionServiceImpl.getEmergencyReceptionList()종료
2026-02-23 12:47:50.908 INFO  k.co.seoulit.common.aop.LoggerAspect - Controller  : kr.co.seoulit.reception.controller.EmergencyReceptionController.getEmergencyReceptions()종료
2026-02-23 12:47:51.706 INFO  k.co.seoulit.common.aop.LoggerAspect - Controller  : kr.co.seoulit.reception.controller.ReservationController.getReservations()시작
2026-02-23 12:47:51.706 INFO  k.c.s.r.c.ReservationController - 예약 목록 요청: searchType=null, searchValue=null
2026-02-23 12:47:51.755 INFO  k.co.seoulit.common.aop.LoggerAspect - ServiceImpl  : kr.co.seoulit.reception.service.ReservationServiceImpl.getReservationList()시작
2026-02-23 12:47:51.818 INFO  k.co.seoulit.common.aop.LoggerAspect - ServiceImpl  : kr.co.seoulit.reception.service.ReservationServiceImpl.getReservationList()종료
2026-02-23 12:47:51.879 INFO  k.co.seoulit.common.aop.LoggerAspect - Controller  : kr.co.seoulit.reception.controller.ReservationController.getReservations()종료
2026-02-23 12:47:51.895 INFO  k.co.seoulit.common.aop.LoggerAspect - Controller  : kr.co.seoulit.reception.controller.ReservationController.getReservations()시작
2026-02-23 12:47:51.895 INFO  k.c.s.r.c.ReservationController - 예약 목록 요청: searchType=null, searchValue=null
2026-02-23 12:47:51.895 INFO  k.co.seoulit.common.aop.LoggerAspect - ServiceImpl  : kr.co.seoulit.reception.service.ReservationServiceImpl.getReservationList()시작
2026-02-23 12:47:51.943 INFO  k.co.seoulit.common.aop.LoggerAspect - ServiceImpl  : kr.co.seoulit.reception.service.ReservationServiceImpl.getReservationList()종료
2026-02-23 12:47:52.007 INFO  k.co.seoulit.common.aop.LoggerAspect - Controller  : kr.co.seoulit.reception.controller.ReservationController.getReservations()종료
2026-02-23 13:58:27.982 WARN  com.zaxxer.hikari.pool.HikariPool - HikariPool-1 - Thread starvation or clock leap detected (housekeeper delta=1h7m23s314ms727µs300ns).
2026-02-23 14:17:16.726 INFO  k.co.seoulit.common.aop.LoggerAspect - Controller  : kr.co.seoulit.reception.controller.EmergencyReceptionController.getEmergencyReceptions()시작
2026-02-23 14:17:16.727 INFO  k.c.s.r.c.EmergencyReceptionController - 응급 접수 목록 요청: searchType=null, searchValue=null
2026-02-23 14:17:16.755 INFO  k.co.seoulit.common.aop.LoggerAspect - ServiceImpl  : kr.co.seoulit.reception.service.EmergencyReceptionServiceImpl.getEmergencyReceptionList()시작
2026-02-23 14:17:16.803 INFO  k.co.seoulit.common.aop.LoggerAspect - ServiceImpl  : kr.co.seoulit.reception.service.EmergencyReceptionServiceImpl.getEmergencyReceptionList()종료
2026-02-23 14:17:16.815 INFO  k.co.seoulit.common.aop.LoggerAspect - Controller  : kr.co.seoulit.reception.controller.EmergencyReceptionController.getEmergencyReceptions()종료
2026-02-23 14:17:16.907 INFO  k.co.seoulit.common.aop.LoggerAspect - Controller  : kr.co.seoulit.reception.controller.EmergencyReceptionController.getEmergencyReceptions()시작
2026-02-23 14:17:16.907 INFO  k.c.s.r.c.EmergencyReceptionController - 응급 접수 목록 요청: searchType=null, searchValue=null
2026-02-23 14:17:16.907 INFO  k.co.seoulit.common.aop.LoggerAspect - ServiceImpl  : kr.co.seoulit.reception.service.EmergencyReceptionServiceImpl.getEmergencyReceptionList()시작
2026-02-23 14:17:16.995 INFO  k.co.seoulit.common.aop.LoggerAspect - ServiceImpl  : kr.co.seoulit.reception.service.EmergencyReceptionServiceImpl.getEmergencyReceptionList()종료
2026-02-23 14:17:17.008 INFO  k.co.seoulit.common.aop.LoggerAspect - Controller  : kr.co.seoulit.reception.controller.EmergencyReceptionController.getEmergencyReceptions()종료
2026-02-23 14:17:22.621 INFO  k.co.seoulit.common.aop.LoggerAspect - Controller  : kr.co.seoulit.reception.controller.ReceptionController.getReceptions()시작
2026-02-23 14:17:22.621 INFO  k.c.s.r.c.ReceptionController - Reception list request: searchType=null, searchValue=null
2026-02-23 14:17:22.658 INFO  k.co.seoulit.common.aop.LoggerAspect - ServiceImpl  : kr.co.seoulit.reception.service.ReceptionServiceImpl.getReceptionList()시작
2026-02-23 14:17:22.676 INFO  k.co.seoulit.common.aop.LoggerAspect - ServiceImpl  : kr.co.seoulit.reception.service.ReceptionServiceImpl.getReceptionList()종료
2026-02-23 14:17:22.685 INFO  k.co.seoulit.common.aop.LoggerAspect - Controller  : kr.co.seoulit.reception.controller.ReceptionController.getReceptions()종료
2026-02-23 14:17:22.711 INFO  k.co.seoulit.common.aop.LoggerAspect - Controller  : kr.co.seoulit.reception.controller.ReceptionController.getReceptions()시작
2026-02-23 14:17:22.714 INFO  k.c.s.r.c.ReceptionController - Reception list request: searchType=null, searchValue=null
2026-02-23 14:17:22.716 INFO  k.co.seoulit.common.aop.LoggerAspect - ServiceImpl  : kr.co.seoulit.reception.service.ReceptionServiceImpl.getReceptionList()시작
2026-02-23 14:17:22.741 INFO  k.co.seoulit.common.aop.LoggerAspect - ServiceImpl  : kr.co.seoulit.reception.service.ReceptionServiceImpl.getReceptionList()종료
2026-02-23 14:17:22.753 INFO  k.co.seoulit.common.aop.LoggerAspect - Controller  : kr.co.seoulit.reception.controller.ReceptionController.getReceptions()종료
2026-02-23 14:17:22.856 INFO  k.co.seoulit.common.aop.LoggerAspect - Controller  : kr.co.seoulit.reception.controller.ReceptionController.getReception()시작
2026-02-23 14:17:22.856 INFO  k.c.s.r.c.ReceptionController - Get reception request: id=5
2026-02-23 14:17:22.857 INFO  k.co.seoulit.common.aop.LoggerAspect - ServiceImpl  : kr.co.seoulit.reception.service.ReceptionServiceImpl.getReception()시작
2026-02-23 14:17:22.858 DEBUG org.hibernate.SQL - select re1_0.reception_id,re1_0.arrived_at,re1_0.cancel_reason_code,re1_0.cancel_reason_text,re1_0.created_at,re1_0.created_by,re1_0.department_id,re1_0.department_name,re1_0.doctor_id,re1_0.doctor_name,re1_0.hold_reason_code,re1_0.hold_reason_text,re1_0.inactive_at,re1_0.inactive_reason_code,re1_0.inactive_reason_text,re1_0.is_active,re1_0.note,re1_0.patient_id,re1_0.patient_name,re1_0.reception_no,re1_0.reservation_id,re1_0.scheduled_at,re1_0.status,re1_0.updated_at,re1_0.updated_by,re1_0.visit_type from reception re1_0 where re1_0.reception_id=?
2026-02-23 14:17:22.858 TRACE org.hibernate.orm.jdbc.bind - binding parameter (1:BIGINT) <- [5]
2026-02-23 14:17:22.869 INFO  k.co.seoulit.common.aop.LoggerAspect - kr.co.seoulit.reception.mapstruct.ReceptionResMapStructImpl.toDto()시작
2026-02-23 14:17:22.869 INFO  k.co.seoulit.common.aop.LoggerAspect - kr.co.seoulit.reception.mapstruct.ReceptionResMapStructImpl.toDto()종료
2026-02-23 14:17:22.869 INFO  k.co.seoulit.common.aop.LoggerAspect - ServiceImpl  : kr.co.seoulit.reception.service.ReceptionServiceImpl.getReception()종료
2026-02-23 14:17:22.882 INFO  k.co.seoulit.common.aop.LoggerAspect - Controller  : kr.co.seoulit.reception.controller.ReceptionController.getReception()종료
2026-02-23 14:17:27.005 INFO  k.co.seoulit.common.aop.LoggerAspect - Controller  : kr.co.seoulit.reception.controller.InpatientReceptionController.getInpatientReceptions()시작
2026-02-23 14:17:27.005 INFO  k.c.s.r.c.InpatientReceptionController - 입원 접수 목록 요청: searchType=null, searchValue=null
2026-02-23 14:17:27.028 INFO  k.co.seoulit.common.aop.LoggerAspect - ServiceImpl  : kr.co.seoulit.reception.service.InpatientReceptionServiceImpl.getInpatientReceptionList()시작
2026-02-23 14:17:27.135 INFO  k.co.seoulit.common.aop.LoggerAspect - ServiceImpl  : kr.co.seoulit.reception.service.InpatientReceptionServiceImpl.getInpatientReceptionList()종료
2026-02-23 14:17:27.172 INFO  k.co.seoulit.common.aop.LoggerAspect - Controller  : kr.co.seoulit.reception.controller.InpatientReceptionController.getInpatientReceptions()종료
2026-02-23 14:17:27.195 INFO  k.co.seoulit.common.aop.LoggerAspect - Controller  : kr.co.seoulit.reception.controller.InpatientReceptionController.getInpatientReceptions()시작
2026-02-23 14:17:27.195 INFO  k.c.s.r.c.InpatientReceptionController - 입원 접수 목록 요청: searchType=null, searchValue=null
2026-02-23 14:17:27.196 INFO  k.co.seoulit.common.aop.LoggerAspect - ServiceImpl  : kr.co.seoulit.reception.service.InpatientReceptionServiceImpl.getInpatientReceptionList()시작
2026-02-23 14:17:27.289 INFO  k.co.seoulit.common.aop.LoggerAspect - ServiceImpl  : kr.co.seoulit.reception.service.InpatientReceptionServiceImpl.getInpatientReceptionList()종료
2026-02-23 14:17:27.324 INFO  k.co.seoulit.common.aop.LoggerAspect - Controller  : kr.co.seoulit.reception.controller.InpatientReceptionController.getInpatientReceptions()종료
2026-02-23 14:17:30.218 INFO  k.co.seoulit.common.aop.LoggerAspect - Controller  : kr.co.seoulit.reception.controller.ReservationController.getReservations()시작
2026-02-23 14:17:30.219 INFO  k.c.s.r.c.ReservationController - 예약 목록 요청: searchType=null, searchValue=null
2026-02-23 14:17:30.231 INFO  k.co.seoulit.common.aop.LoggerAspect - ServiceImpl  : kr.co.seoulit.reception.service.ReservationServiceImpl.getReservationList()시작
2026-02-23 14:17:30.252 INFO  k.co.seoulit.common.aop.LoggerAspect - ServiceImpl  : kr.co.seoulit.reception.service.ReservationServiceImpl.getReservationList()종료
2026-02-23 14:17:30.260 INFO  k.co.seoulit.common.aop.LoggerAspect - Controller  : kr.co.seoulit.reception.controller.ReservationController.getReservations()종료
2026-02-23 14:17:30.286 INFO  k.co.seoulit.common.aop.LoggerAspect - Controller  : kr.co.seoulit.reception.controller.ReservationController.getReservations()시작
2026-02-23 14:17:30.287 INFO  k.c.s.r.c.ReservationController - 예약 목록 요청: searchType=null, searchValue=null
2026-02-23 14:17:30.290 INFO  k.co.seoulit.common.aop.LoggerAspect - ServiceImpl  : kr.co.seoulit.reception.service.ReservationServiceImpl.getReservationList()시작
2026-02-23 14:17:30.303 INFO  k.co.seoulit.common.aop.LoggerAspect - ServiceImpl  : kr.co.seoulit.reception.service.ReservationServiceImpl.getReservationList()종료
2026-02-23 14:17:30.311 INFO  k.co.seoulit.common.aop.LoggerAspect - Controller  : kr.co.seoulit.reception.controller.ReservationController.getReservations()종료
2026-02-23 14:17:35.273 INFO  k.co.seoulit.common.aop.LoggerAspect - Controller  : kr.co.seoulit.reception.controller.ReceptionController.getReceptions()시작
2026-02-23 14:17:35.273 INFO  k.c.s.r.c.ReceptionController - Reception list request: searchType=null, searchValue=null
2026-02-23 14:17:35.296 INFO  k.co.seoulit.common.aop.LoggerAspect - ServiceImpl  : kr.co.seoulit.reception.service.ReceptionServiceImpl.getReceptionList()시작
2026-02-23 14:17:35.341 INFO  k.co.seoulit.common.aop.LoggerAspect - ServiceImpl  : kr.co.seoulit.reception.service.ReceptionServiceImpl.getReceptionList()종료
2026-02-23 14:17:35.365 INFO  k.co.seoulit.common.aop.LoggerAspect - Controller  : kr.co.seoulit.reception.controller.ReceptionController.getReceptions()종료
2026-02-23 14:17:35.383 INFO  k.co.seoulit.common.aop.LoggerAspect - Controller  : kr.co.seoulit.reception.controller.ReceptionController.getReceptions()시작
2026-02-23 14:17:35.383 INFO  k.c.s.r.c.ReceptionController - Reception list request: searchType=null, searchValue=null
2026-02-23 14:17:35.383 INFO  k.co.seoulit.common.aop.LoggerAspect - ServiceImpl  : kr.co.seoulit.reception.service.ReceptionServiceImpl.getReceptionList()시작
2026-02-23 14:17:35.422 INFO  k.co.seoulit.common.aop.LoggerAspect - ServiceImpl  : kr.co.seoulit.reception.service.ReceptionServiceImpl.getReceptionList()종료
2026-02-23 14:17:35.432 INFO  k.co.seoulit.common.aop.LoggerAspect - Controller  : kr.co.seoulit.reception.controller.ReceptionController.getReceptions()종료
2026-02-23 14:17:51.470 INFO  k.co.seoulit.common.aop.LoggerAspect - Controller  : kr.co.seoulit.reception.controller.ReceptionController.updateReceptionStatus()시작
2026-02-23 14:17:51.470 INFO  k.c.s.r.c.ReceptionController - Update reception status request: id=9, status=CANCELED
2026-02-23 14:17:51.495 INFO  k.co.seoulit.common.aop.LoggerAspect - ServiceImpl  : kr.co.seoulit.reception.service.ReceptionServiceImpl.updateReceptionStatus()시작
2026-02-23 14:17:51.496 DEBUG org.hibernate.SQL - select re1_0.reception_id,re1_0.arrived_at,re1_0.cancel_reason_code,re1_0.cancel_reason_text,re1_0.created_at,re1_0.created_by,re1_0.department_id,re1_0.department_name,re1_0.doctor_id,re1_0.doctor_name,re1_0.hold_reason_code,re1_0.hold_reason_text,re1_0.inactive_at,re1_0.inactive_reason_code,re1_0.inactive_reason_text,re1_0.is_active,re1_0.note,re1_0.patient_id,re1_0.patient_name,re1_0.reception_no,re1_0.reservation_id,re1_0.scheduled_at,re1_0.status,re1_0.updated_at,re1_0.updated_by,re1_0.visit_type from reception re1_0 where re1_0.reception_id=?
2026-02-23 14:17:51.497 TRACE org.hibernate.orm.jdbc.bind - binding parameter (1:BIGINT) <- [9]
2026-02-23 14:17:51.513 INFO  k.co.seoulit.common.aop.LoggerAspect - kr.co.seoulit.reception.mapstruct.ReceptionResMapStructImpl.toDto()시작
2026-02-23 14:17:51.514 INFO  k.co.seoulit.common.aop.LoggerAspect - kr.co.seoulit.reception.mapstruct.ReceptionResMapStructImpl.toDto()종료
2026-02-23 14:17:51.580 DEBUG org.hibernate.SQL - select seq_reception_status_history.nextval from dual
2026-02-23 14:17:51.640 INFO  k.co.seoulit.common.aop.LoggerAspect - kr.co.seoulit.reception.mapstruct.ReceptionResMapStructImpl.toDto()시작
2026-02-23 14:17:51.640 INFO  k.co.seoulit.common.aop.LoggerAspect - kr.co.seoulit.reception.mapstruct.ReceptionResMapStructImpl.toDto()종료
2026-02-23 14:17:51.644 DEBUG org.hibernate.SQL - select seq_audit_log.nextval from dual
2026-02-23 14:17:51.654 INFO  k.co.seoulit.common.aop.LoggerAspect - kr.co.seoulit.reception.mapstruct.ReceptionResMapStructImpl.toDto()시작
2026-02-23 14:17:51.654 INFO  k.co.seoulit.common.aop.LoggerAspect - kr.co.seoulit.reception.mapstruct.ReceptionResMapStructImpl.toDto()종료
2026-02-23 14:17:51.654 INFO  k.co.seoulit.common.aop.LoggerAspect - ServiceImpl  : kr.co.seoulit.reception.service.ReceptionServiceImpl.updateReceptionStatus()종료
2026-02-23 14:17:51.720 DEBUG org.hibernate.SQL - insert into reception_status_history (changed_at,changed_by,from_status,reason_code,reason_text,reception_id,to_status,status_history_id) values (?,?,?,?,?,?,?,?)
2026-02-23 14:17:51.726 TRACE org.hibernate.orm.jdbc.bind - binding parameter (1:TIMESTAMP) <- [2026-02-23T14:17:51.686220]
2026-02-23 14:17:51.727 TRACE org.hibernate.orm.jdbc.bind - binding parameter (2:BIGINT) <- [null]
2026-02-23 14:17:51.727 TRACE org.hibernate.orm.jdbc.bind - binding parameter (3:VARCHAR) <- [COMPLETED]
2026-02-23 14:17:51.728 TRACE org.hibernate.orm.jdbc.bind - binding parameter (4:VARCHAR) <- [null]
2026-02-23 14:17:51.728 TRACE org.hibernate.orm.jdbc.bind - binding parameter (5:VARCHAR) <- [null]
2026-02-23 14:17:51.728 TRACE org.hibernate.orm.jdbc.bind - binding parameter (6:BIGINT) <- [9]
2026-02-23 14:17:51.728 TRACE org.hibernate.orm.jdbc.bind - binding parameter (7:VARCHAR) <- [CANCELED]
2026-02-23 14:17:51.728 TRACE org.hibernate.orm.jdbc.bind - binding parameter (8:BIGINT) <- [20]
2026-02-23 14:17:51.784 DEBUG org.hibernate.SQL - insert into audit_log (action,actor_id,after_json,before_json,diff_json,entity_id,entity_type,occurred_at,reason_code,reason_text,audit_log_id) values (?,?,?,?,?,?,?,?,?,?,?)
2026-02-23 14:17:51.784 TRACE org.hibernate.orm.jdbc.bind - binding parameter (1:VARCHAR) <- [STATUS_CHANGE]
2026-02-23 14:17:51.784 TRACE org.hibernate.orm.jdbc.bind - binding parameter (2:BIGINT) <- [null]
2026-02-23 14:17:51.784 TRACE org.hibernate.orm.jdbc.bind - binding parameter (3:VARCHAR) <- [{"receptionId":9,"receptionNo":"20260212-009","patientId":8,"patientName":"박영후","visitType":"OUTPATIENT","departmentId":2,"departmentName":"외과","doctorId":2,"doctorName":"이현석","reservationId":null,"scheduledAt":"2026-02-13T20:15:00","arrivedAt":"2026-02-13T20:15:00","status":"CANCELED","note":null,"isActive":true,"inactiveAt":null,"inactiveReasonCode":null,"inactiveReasonText":null,"cancelReasonCode":null,"cancelReasonText":null,"holdReasonCode":null,"holdReasonText":null,"createdBy":null,"updatedBy":null,"createdAt":"2026-02-12T20:15:19.509849","updatedAt":"2026-02-12T20:15:24.307683"}]
2026-02-23 14:17:51.784 TRACE org.hibernate.orm.jdbc.bind - binding parameter (4:VARCHAR) <- [{"receptionId":9,"receptionNo":"20260212-009","patientId":8,"patientName":"박영후","visitType":"OUTPATIENT","departmentId":2,"departmentName":"외과","doctorId":2,"doctorName":"이현석","reservationId":null,"scheduledAt":"2026-02-13T20:15:00","arrivedAt":"2026-02-13T20:15:00","status":"COMPLETED","note":null,"isActive":true,"inactiveAt":null,"inactiveReasonCode":null,"inactiveReasonText":null,"cancelReasonCode":null,"cancelReasonText":null,"holdReasonCode":null,"holdReasonText":null,"createdBy":null,"updatedBy":null,"createdAt":"2026-02-12T20:15:19.509849","updatedAt":"2026-02-12T20:15:24.307683"}]
2026-02-23 14:17:51.784 TRACE org.hibernate.orm.jdbc.bind - binding parameter (5:VARCHAR) <- [null]
2026-02-23 14:17:51.785 TRACE org.hibernate.orm.jdbc.bind - binding parameter (6:BIGINT) <- [9]
2026-02-23 14:17:51.785 TRACE org.hibernate.orm.jdbc.bind - binding parameter (7:VARCHAR) <- [RECEPTION]
2026-02-23 14:17:51.785 TRACE org.hibernate.orm.jdbc.bind - binding parameter (8:TIMESTAMP) <- [2026-02-23T14:17:51.783215]
2026-02-23 14:17:51.785 TRACE org.hibernate.orm.jdbc.bind - binding parameter (9:VARCHAR) <- [null]
2026-02-23 14:17:51.786 TRACE org.hibernate.orm.jdbc.bind - binding parameter (10:VARCHAR) <- [null]
2026-02-23 14:17:51.786 TRACE org.hibernate.orm.jdbc.bind - binding parameter (11:BIGINT) <- [56]
2026-02-23 14:17:51.810 DEBUG org.hibernate.SQL - update reception set arrived_at=?,cancel_reason_code=?,cancel_reason_text=?,created_by=?,department_id=?,department_name=?,doctor_id=?,doctor_name=?,hold_reason_code=?,hold_reason_text=?,inactive_at=?,inactive_reason_code=?,inactive_reason_text=?,is_active=?,note=?,patient_id=?,patient_name=?,reception_no=?,reservation_id=?,scheduled_at=?,status=?,updated_at=?,updated_by=?,visit_type=? where reception_id=?
2026-02-23 14:17:51.811 TRACE org.hibernate.orm.jdbc.bind - binding parameter (1:TIMESTAMP) <- [2026-02-13T20:15]
2026-02-23 14:17:51.811 TRACE org.hibernate.orm.jdbc.bind - binding parameter (2:VARCHAR) <- [null]
2026-02-23 14:17:51.811 TRACE org.hibernate.orm.jdbc.bind - binding parameter (3:VARCHAR) <- [null]
2026-02-23 14:17:51.811 TRACE org.hibernate.orm.jdbc.bind - binding parameter (4:BIGINT) <- [null]
2026-02-23 14:17:51.811 TRACE org.hibernate.orm.jdbc.bind - binding parameter (5:BIGINT) <- [2]
2026-02-23 14:17:51.811 TRACE org.hibernate.orm.jdbc.bind - binding parameter (6:VARCHAR) <- [외과]
2026-02-23 14:17:51.811 TRACE org.hibernate.orm.jdbc.bind - binding parameter (7:BIGINT) <- [2]
2026-02-23 14:17:51.811 TRACE org.hibernate.orm.jdbc.bind - binding parameter (8:VARCHAR) <- [이현석]
2026-02-23 14:17:51.811 TRACE org.hibernate.orm.jdbc.bind - binding parameter (9:VARCHAR) <- [null]
2026-02-23 14:17:51.811 TRACE org.hibernate.orm.jdbc.bind - binding parameter (10:VARCHAR) <- [null]
2026-02-23 14:17:51.812 TRACE org.hibernate.orm.jdbc.bind - binding parameter (11:TIMESTAMP) <- [null]
2026-02-23 14:17:51.812 TRACE org.hibernate.orm.jdbc.bind - binding parameter (12:VARCHAR) <- [null]
2026-02-23 14:17:51.812 TRACE org.hibernate.orm.jdbc.bind - binding parameter (13:VARCHAR) <- [null]
2026-02-23 14:17:51.812 TRACE org.hibernate.orm.jdbc.bind - binding parameter (14:BOOLEAN) <- [true]
2026-02-23 14:17:51.819 TRACE org.hibernate.orm.jdbc.bind - binding parameter (15:VARCHAR) <- [null]
2026-02-23 14:17:51.819 TRACE org.hibernate.orm.jdbc.bind - binding parameter (16:BIGINT) <- [8]
2026-02-23 14:17:51.819 TRACE org.hibernate.orm.jdbc.bind - binding parameter (17:VARCHAR) <- [박영후]
2026-02-23 14:17:51.819 TRACE org.hibernate.orm.jdbc.bind - binding parameter (18:VARCHAR) <- [20260212-009]
2026-02-23 14:17:51.819 TRACE org.hibernate.orm.jdbc.bind - binding parameter (19:BIGINT) <- [null]
2026-02-23 14:17:51.819 TRACE org.hibernate.orm.jdbc.bind - binding parameter (20:TIMESTAMP) <- [2026-02-13T20:15]
2026-02-23 14:17:51.819 TRACE org.hibernate.orm.jdbc.bind - binding parameter (21:VARCHAR) <- [CANCELED]
2026-02-23 14:17:51.819 TRACE org.hibernate.orm.jdbc.bind - binding parameter (22:TIMESTAMP) <- [2026-02-23T14:17:51.805386]
2026-02-23 14:17:51.819 TRACE org.hibernate.orm.jdbc.bind - binding parameter (23:BIGINT) <- [null]
2026-02-23 14:17:51.820 TRACE org.hibernate.orm.jdbc.bind - binding parameter (24:VARCHAR) <- [OUTPATIENT]
2026-02-23 14:17:51.820 TRACE org.hibernate.orm.jdbc.bind - binding parameter (25:BIGINT) <- [9]
2026-02-23 14:17:51.848 INFO  k.co.seoulit.common.aop.LoggerAspect - Controller  : kr.co.seoulit.reception.controller.ReceptionController.updateReceptionStatus()종료
2026-02-23 14:18:00.419 INFO  k.co.seoulit.common.aop.LoggerAspect - Controller  : kr.co.seoulit.reception.controller.ReceptionController.getReceptions()시작
2026-02-23 14:18:00.419 INFO  k.c.s.r.c.ReceptionController - Reception list request: searchType=null, searchValue=null
2026-02-23 14:18:00.431 INFO  k.co.seoulit.common.aop.LoggerAspect - ServiceImpl  : kr.co.seoulit.reception.service.ReceptionServiceImpl.getReceptionList()시작
2026-02-23 14:18:00.445 INFO  k.co.seoulit.common.aop.LoggerAspect - ServiceImpl  : kr.co.seoulit.reception.service.ReceptionServiceImpl.getReceptionList()종료
2026-02-23 14:18:00.455 INFO  k.co.seoulit.common.aop.LoggerAspect - Controller  : kr.co.seoulit.reception.controller.ReceptionController.getReceptions()종료
2026-02-23 14:18:00.469 INFO  k.co.seoulit.common.aop.LoggerAspect - Controller  : kr.co.seoulit.reception.controller.ReceptionController.getReceptions()시작
2026-02-23 14:18:00.469 INFO  k.c.s.r.c.ReceptionController - Reception list request: searchType=null, searchValue=null
2026-02-23 14:18:00.469 INFO  k.co.seoulit.common.aop.LoggerAspect - ServiceImpl  : kr.co.seoulit.reception.service.ReceptionServiceImpl.getReceptionList()시작
2026-02-23 14:18:00.481 INFO  k.co.seoulit.common.aop.LoggerAspect - ServiceImpl  : kr.co.seoulit.reception.service.ReceptionServiceImpl.getReceptionList()종료
2026-02-23 14:18:00.489 INFO  k.co.seoulit.common.aop.LoggerAspect - Controller  : kr.co.seoulit.reception.controller.ReceptionController.getReceptions()종료
2026-02-23 14:18:02.843 INFO  k.co.seoulit.common.aop.LoggerAspect - Controller  : kr.co.seoulit.reception.controller.ReservationController.getReservations()시작
2026-02-23 14:18:02.843 INFO  k.c.s.r.c.ReservationController - 예약 목록 요청: searchType=null, searchValue=null
2026-02-23 14:18:02.859 INFO  k.co.seoulit.common.aop.LoggerAspect - ServiceImpl  : kr.co.seoulit.reception.service.ReservationServiceImpl.getReservationList()시작
2026-02-23 14:18:02.898 INFO  k.co.seoulit.common.aop.LoggerAspect - ServiceImpl  : kr.co.seoulit.reception.service.ReservationServiceImpl.getReservationList()종료
2026-02-23 14:18:02.934 INFO  k.co.seoulit.common.aop.LoggerAspect - Controller  : kr.co.seoulit.reception.controller.ReservationController.getReservations()종료
2026-02-23 14:18:02.958 INFO  k.co.seoulit.common.aop.LoggerAspect - Controller  : kr.co.seoulit.reception.controller.ReservationController.getReservations()시작
2026-02-23 14:18:02.958 INFO  k.c.s.r.c.ReservationController - 예약 목록 요청: searchType=null, searchValue=null
2026-02-23 14:18:02.958 INFO  k.co.seoulit.common.aop.LoggerAspect - ServiceImpl  : kr.co.seoulit.reception.service.ReservationServiceImpl.getReservationList()시작
2026-02-23 14:18:03.004 INFO  k.co.seoulit.common.aop.LoggerAspect - ServiceImpl  : kr.co.seoulit.reception.service.ReservationServiceImpl.getReservationList()종료
2026-02-23 14:18:03.021 INFO  k.co.seoulit.common.aop.LoggerAspect - Controller  : kr.co.seoulit.reception.controller.ReservationController.getReservations()종료
2026-02-23 14:18:07.286 INFO  k.co.seoulit.common.aop.LoggerAspect - Controller  : kr.co.seoulit.reception.controller.ReservationController.getReservation()시작
2026-02-23 14:18:07.287 INFO  k.c.s.r.c.ReservationController - 예약 조회 요청: id=1
2026-02-23 14:18:07.326 INFO  k.co.seoulit.common.aop.LoggerAspect - ServiceImpl  : kr.co.seoulit.reception.service.ReservationServiceImpl.getReservation()시작
2026-02-23 14:18:07.327 DEBUG org.hibernate.SQL - select re1_0.reservation_id,re1_0.cancel_reason_code,re1_0.cancel_reason_text,re1_0.canceled_at,re1_0.created_at,re1_0.created_by,re1_0.department_id,re1_0.department_name,re1_0.doctor_id,re1_0.doctor_name,re1_0.inactive_at,re1_0.inactive_reason_code,re1_0.inactive_reason_text,re1_0.is_active,re1_0.note,re1_0.patient_id,re1_0.patient_name,re1_0.reservation_no,re1_0.reserved_at,re1_0.status,re1_0.updated_at,re1_0.updated_by from reservation re1_0 where re1_0.reservation_id=?
2026-02-23 14:18:07.328 TRACE org.hibernate.orm.jdbc.bind - binding parameter (1:BIGINT) <- [1]
2026-02-23 14:18:07.354 INFO  k.co.seoulit.common.aop.LoggerAspect - kr.co.seoulit.reception.mapstruct.ReservationResMapStructImpl.toDto()시작
2026-02-23 14:18:07.354 INFO  k.co.seoulit.common.aop.LoggerAspect - kr.co.seoulit.reception.mapstruct.ReservationResMapStructImpl.toDto()종료
2026-02-23 14:18:07.354 INFO  k.co.seoulit.common.aop.LoggerAspect - ServiceImpl  : kr.co.seoulit.reception.service.ReservationServiceImpl.getReservation()종료
2026-02-23 14:18:07.367 INFO  k.co.seoulit.common.aop.LoggerAspect - Controller  : kr.co.seoulit.reception.controller.ReservationController.getReservation()종료
2026-02-23 14:18:07.385 INFO  k.co.seoulit.common.aop.LoggerAspect - Controller  : kr.co.seoulit.reception.controller.ReservationController.getReservation()시작
2026-02-23 14:18:07.386 INFO  k.c.s.r.c.ReservationController - 예약 조회 요청: id=1
2026-02-23 14:18:07.386 INFO  k.co.seoulit.common.aop.LoggerAspect - ServiceImpl  : kr.co.seoulit.reception.service.ReservationServiceImpl.getReservation()시작
2026-02-23 14:18:07.388 DEBUG org.hibernate.SQL - select re1_0.reservation_id,re1_0.cancel_reason_code,re1_0.cancel_reason_text,re1_0.canceled_at,re1_0.created_at,re1_0.created_by,re1_0.department_id,re1_0.department_name,re1_0.doctor_id,re1_0.doctor_name,re1_0.inactive_at,re1_0.inactive_reason_code,re1_0.inactive_reason_text,re1_0.is_active,re1_0.note,re1_0.patient_id,re1_0.patient_name,re1_0.reservation_no,re1_0.reserved_at,re1_0.status,re1_0.updated_at,re1_0.updated_by from reservation re1_0 where re1_0.reservation_id=?
2026-02-23 14:18:07.389 TRACE org.hibernate.orm.jdbc.bind - binding parameter (1:BIGINT) <- [1]
2026-02-23 14:18:07.420 INFO  k.co.seoulit.common.aop.LoggerAspect - kr.co.seoulit.reception.mapstruct.ReservationResMapStructImpl.toDto()시작
2026-02-23 14:18:07.420 INFO  k.co.seoulit.common.aop.LoggerAspect - kr.co.seoulit.reception.mapstruct.ReservationResMapStructImpl.toDto()종료
2026-02-23 14:18:07.420 INFO  k.co.seoulit.common.aop.LoggerAspect - ServiceImpl  : kr.co.seoulit.reception.service.ReservationServiceImpl.getReservation()종료
2026-02-23 14:18:07.449 INFO  k.co.seoulit.common.aop.LoggerAspect - Controller  : kr.co.seoulit.reception.controller.ReservationController.getReservation()종료
2026-02-23 14:18:09.419 INFO  k.co.seoulit.common.aop.LoggerAspect - Controller  : kr.co.seoulit.reception.controller.ReservationController.getReservations()시작
2026-02-23 14:18:09.419 INFO  k.c.s.r.c.ReservationController - 예약 목록 요청: searchType=null, searchValue=null
2026-02-23 14:18:09.452 INFO  k.co.seoulit.common.aop.LoggerAspect - ServiceImpl  : kr.co.seoulit.reception.service.ReservationServiceImpl.getReservationList()시작
2026-02-23 14:18:09.463 INFO  k.co.seoulit.common.aop.LoggerAspect - ServiceImpl  : kr.co.seoulit.reception.service.ReservationServiceImpl.getReservationList()종료
2026-02-23 14:18:09.477 INFO  k.co.seoulit.common.aop.LoggerAspect - Controller  : kr.co.seoulit.reception.controller.ReservationController.getReservations()종료
2026-02-23 14:18:09.494 INFO  k.co.seoulit.common.aop.LoggerAspect - Controller  : kr.co.seoulit.reception.controller.ReservationController.getReservations()시작
2026-02-23 14:18:09.494 INFO  k.c.s.r.c.ReservationController - 예약 목록 요청: searchType=null, searchValue=null
2026-02-23 14:18:09.495 INFO  k.co.seoulit.common.aop.LoggerAspect - ServiceImpl  : kr.co.seoulit.reception.service.ReservationServiceImpl.getReservationList()시작
2026-02-23 14:18:09.519 INFO  k.co.seoulit.common.aop.LoggerAspect - ServiceImpl  : kr.co.seoulit.reception.service.ReservationServiceImpl.getReservationList()종료
2026-02-23 14:18:09.527 INFO  k.co.seoulit.common.aop.LoggerAspect - Controller  : kr.co.seoulit.reception.controller.ReservationController.getReservations()종료
2026-02-23 14:18:17.999 INFO  k.co.seoulit.common.aop.LoggerAspect - Controller  : kr.co.seoulit.reception.controller.ReceptionController.getReceptions()시작
2026-02-23 14:18:17.999 INFO  k.c.s.r.c.ReceptionController - Reception list request: searchType=null, searchValue=null
2026-02-23 14:18:18.017 INFO  k.co.seoulit.common.aop.LoggerAspect - ServiceImpl  : kr.co.seoulit.reception.service.ReceptionServiceImpl.getReceptionList()시작
2026-02-23 14:18:18.029 INFO  k.co.seoulit.common.aop.LoggerAspect - ServiceImpl  : kr.co.seoulit.reception.service.ReceptionServiceImpl.getReceptionList()종료
2026-02-23 14:18:18.088 INFO  k.co.seoulit.common.aop.LoggerAspect - Controller  : kr.co.seoulit.reception.controller.ReceptionController.getReceptions()종료
2026-02-23 14:18:18.101 INFO  k.co.seoulit.common.aop.LoggerAspect - Controller  : kr.co.seoulit.reception.controller.ReceptionController.getReceptions()시작
2026-02-23 14:18:18.102 INFO  k.c.s.r.c.ReceptionController - Reception list request: searchType=null, searchValue=null
2026-02-23 14:18:18.102 INFO  k.co.seoulit.common.aop.LoggerAspect - ServiceImpl  : kr.co.seoulit.reception.service.ReceptionServiceImpl.getReceptionList()시작
2026-02-23 14:18:18.133 INFO  k.co.seoulit.common.aop.LoggerAspect - ServiceImpl  : kr.co.seoulit.reception.service.ReceptionServiceImpl.getReceptionList()종료
2026-02-23 14:18:18.141 INFO  k.co.seoulit.common.aop.LoggerAspect - Controller  : kr.co.seoulit.reception.controller.ReceptionController.getReceptions()종료
2026-02-23 14:26:50.614 INFO  k.co.seoulit.common.aop.LoggerAspect - Controller  : kr.co.seoulit.reception.controller.ReceptionController.getReceptions()시작
2026-02-23 14:26:50.614 INFO  k.c.s.r.c.ReceptionController - Reception list request: searchType=null, searchValue=null
2026-02-23 14:26:50.641 INFO  k.co.seoulit.common.aop.LoggerAspect - ServiceImpl  : kr.co.seoulit.reception.service.ReceptionServiceImpl.getReceptionList()시작
2026-02-23 14:26:50.667 INFO  k.co.seoulit.common.aop.LoggerAspect - ServiceImpl  : kr.co.seoulit.reception.service.ReceptionServiceImpl.getReceptionList()종료
2026-02-23 14:26:50.700 INFO  k.co.seoulit.common.aop.LoggerAspect - Controller  : kr.co.seoulit.reception.controller.ReceptionController.getReceptions()종료
2026-02-23 14:26:50.724 INFO  k.co.seoulit.common.aop.LoggerAspect - Controller  : kr.co.seoulit.reception.controller.ReceptionController.getReceptions()시작
2026-02-23 14:26:50.724 INFO  k.c.s.r.c.ReceptionController - Reception list request: searchType=null, searchValue=null
2026-02-23 14:26:50.724 INFO  k.co.seoulit.common.aop.LoggerAspect - ServiceImpl  : kr.co.seoulit.reception.service.ReceptionServiceImpl.getReceptionList()시작
2026-02-23 14:26:50.765 INFO  k.co.seoulit.common.aop.LoggerAspect - ServiceImpl  : kr.co.seoulit.reception.service.ReceptionServiceImpl.getReceptionList()종료
2026-02-23 14:26:50.780 INFO  k.co.seoulit.common.aop.LoggerAspect - Controller  : kr.co.seoulit.reception.controller.ReceptionController.getReceptions()종료
2026-02-23 14:26:50.859 INFO  k.co.seoulit.common.aop.LoggerAspect - Controller  : kr.co.seoulit.reception.controller.ReceptionController.getReception()시작
2026-02-23 14:26:50.859 INFO  k.c.s.r.c.ReceptionController - Get reception request: id=5
2026-02-23 14:26:50.859 INFO  k.co.seoulit.common.aop.LoggerAspect - ServiceImpl  : kr.co.seoulit.reception.service.ReceptionServiceImpl.getReception()시작
2026-02-23 14:26:50.860 DEBUG org.hibernate.SQL - select re1_0.reception_id,re1_0.arrived_at,re1_0.cancel_reason_code,re1_0.cancel_reason_text,re1_0.created_at,re1_0.created_by,re1_0.department_id,re1_0.department_name,re1_0.doctor_id,re1_0.doctor_name,re1_0.hold_reason_code,re1_0.hold_reason_text,re1_0.inactive_at,re1_0.inactive_reason_code,re1_0.inactive_reason_text,re1_0.is_active,re1_0.note,re1_0.patient_id,re1_0.patient_name,re1_0.reception_no,re1_0.reservation_id,re1_0.scheduled_at,re1_0.status,re1_0.updated_at,re1_0.updated_by,re1_0.visit_type from reception re1_0 where re1_0.reception_id=?
2026-02-23 14:26:50.861 TRACE org.hibernate.orm.jdbc.bind - binding parameter (1:BIGINT) <- [5]
2026-02-23 14:26:50.879 INFO  k.co.seoulit.common.aop.LoggerAspect - kr.co.seoulit.reception.mapstruct.ReceptionResMapStructImpl.toDto()시작
2026-02-23 14:26:50.879 INFO  k.co.seoulit.common.aop.LoggerAspect - kr.co.seoulit.reception.mapstruct.ReceptionResMapStructImpl.toDto()종료
2026-02-23 14:26:50.879 INFO  k.co.seoulit.common.aop.LoggerAspect - ServiceImpl  : kr.co.seoulit.reception.service.ReceptionServiceImpl.getReception()종료
2026-02-23 14:26:50.889 INFO  k.co.seoulit.common.aop.LoggerAspect - Controller  : kr.co.seoulit.reception.controller.ReceptionController.getReception()종료
2026-02-23 14:27:03.563 INFO  k.co.seoulit.common.aop.LoggerAspect - Controller  : kr.co.seoulit.reception.controller.ReceptionController.getReception()시작
2026-02-23 14:27:03.563 INFO  k.c.s.r.c.ReceptionController - Get reception request: id=6
2026-02-23 14:27:03.636 INFO  k.co.seoulit.common.aop.LoggerAspect - ServiceImpl  : kr.co.seoulit.reception.service.ReceptionServiceImpl.getReception()시작
2026-02-23 14:27:03.639 DEBUG org.hibernate.SQL - select re1_0.reception_id,re1_0.arrived_at,re1_0.cancel_reason_code,re1_0.cancel_reason_text,re1_0.created_at,re1_0.created_by,re1_0.department_id,re1_0.department_name,re1_0.doctor_id,re1_0.doctor_name,re1_0.hold_reason_code,re1_0.hold_reason_text,re1_0.inactive_at,re1_0.inactive_reason_code,re1_0.inactive_reason_text,re1_0.is_active,re1_0.note,re1_0.patient_id,re1_0.patient_name,re1_0.reception_no,re1_0.reservation_id,re1_0.scheduled_at,re1_0.status,re1_0.updated_at,re1_0.updated_by,re1_0.visit_type from reception re1_0 where re1_0.reception_id=?
2026-02-23 14:27:03.639 TRACE org.hibernate.orm.jdbc.bind - binding parameter (1:BIGINT) <- [6]
2026-02-23 14:27:03.670 INFO  k.co.seoulit.common.aop.LoggerAspect - kr.co.seoulit.reception.mapstruct.ReceptionResMapStructImpl.toDto()시작
2026-02-23 14:27:03.670 INFO  k.co.seoulit.common.aop.LoggerAspect - kr.co.seoulit.reception.mapstruct.ReceptionResMapStructImpl.toDto()종료
2026-02-23 14:27:03.670 INFO  k.co.seoulit.common.aop.LoggerAspect - ServiceImpl  : kr.co.seoulit.reception.service.ReceptionServiceImpl.getReception()종료
2026-02-23 14:27:03.726 INFO  k.co.seoulit.common.aop.LoggerAspect - Controller  : kr.co.seoulit.reception.controller.ReceptionController.getReception()종료
2026-02-23 14:27:04.123 INFO  k.co.seoulit.common.aop.LoggerAspect - Controller  : kr.co.seoulit.reception.controller.ReceptionController.getReception()시작
2026-02-23 14:27:04.123 INFO  k.c.s.r.c.ReceptionController - Get reception request: id=7
2026-02-23 14:27:04.124 INFO  k.co.seoulit.common.aop.LoggerAspect - ServiceImpl  : kr.co.seoulit.reception.service.ReceptionServiceImpl.getReception()시작
2026-02-23 14:27:04.124 DEBUG org.hibernate.SQL - select re1_0.reception_id,re1_0.arrived_at,re1_0.cancel_reason_code,re1_0.cancel_reason_text,re1_0.created_at,re1_0.created_by,re1_0.department_id,re1_0.department_name,re1_0.doctor_id,re1_0.doctor_name,re1_0.hold_reason_code,re1_0.hold_reason_text,re1_0.inactive_at,re1_0.inactive_reason_code,re1_0.inactive_reason_text,re1_0.is_active,re1_0.note,re1_0.patient_id,re1_0.patient_name,re1_0.reception_no,re1_0.reservation_id,re1_0.scheduled_at,re1_0.status,re1_0.updated_at,re1_0.updated_by,re1_0.visit_type from reception re1_0 where re1_0.reception_id=?
2026-02-23 14:27:04.125 TRACE org.hibernate.orm.jdbc.bind - binding parameter (1:BIGINT) <- [7]
2026-02-23 14:27:04.153 INFO  k.co.seoulit.common.aop.LoggerAspect - kr.co.seoulit.reception.mapstruct.ReceptionResMapStructImpl.toDto()시작
2026-02-23 14:27:04.153 INFO  k.co.seoulit.common.aop.LoggerAspect - kr.co.seoulit.reception.mapstruct.ReceptionResMapStructImpl.toDto()종료
2026-02-23 14:27:04.153 INFO  k.co.seoulit.common.aop.LoggerAspect - ServiceImpl  : kr.co.seoulit.reception.service.ReceptionServiceImpl.getReception()종료
2026-02-23 14:27:04.162 INFO  k.co.seoulit.common.aop.LoggerAspect - Controller  : kr.co.seoulit.reception.controller.ReceptionController.getReception()종료
2026-02-23 14:27:04.615 INFO  k.co.seoulit.common.aop.LoggerAspect - Controller  : kr.co.seoulit.reception.controller.ReceptionController.getReception()시작
2026-02-23 14:27:04.616 INFO  k.c.s.r.c.ReceptionController - Get reception request: id=8
2026-02-23 14:27:04.616 INFO  k.co.seoulit.common.aop.LoggerAspect - ServiceImpl  : kr.co.seoulit.reception.service.ReceptionServiceImpl.getReception()시작
2026-02-23 14:27:04.616 DEBUG org.hibernate.SQL - select re1_0.reception_id,re1_0.arrived_at,re1_0.cancel_reason_code,re1_0.cancel_reason_text,re1_0.created_at,re1_0.created_by,re1_0.department_id,re1_0.department_name,re1_0.doctor_id,re1_0.doctor_name,re1_0.hold_reason_code,re1_0.hold_reason_text,re1_0.inactive_at,re1_0.inactive_reason_code,re1_0.inactive_reason_text,re1_0.is_active,re1_0.note,re1_0.patient_id,re1_0.patient_name,re1_0.reception_no,re1_0.reservation_id,re1_0.scheduled_at,re1_0.status,re1_0.updated_at,re1_0.updated_by,re1_0.visit_type from reception re1_0 where re1_0.reception_id=?
2026-02-23 14:27:04.617 TRACE org.hibernate.orm.jdbc.bind - binding parameter (1:BIGINT) <- [8]
2026-02-23 14:27:04.626 INFO  k.co.seoulit.common.aop.LoggerAspect - kr.co.seoulit.reception.mapstruct.ReceptionResMapStructImpl.toDto()시작
2026-02-23 14:27:04.626 INFO  k.co.seoulit.common.aop.LoggerAspect - kr.co.seoulit.reception.mapstruct.ReceptionResMapStructImpl.toDto()종료
2026-02-23 14:27:04.626 INFO  k.co.seoulit.common.aop.LoggerAspect - ServiceImpl  : kr.co.seoulit.reception.service.ReceptionServiceImpl.getReception()종료
2026-02-23 14:27:04.634 INFO  k.co.seoulit.common.aop.LoggerAspect - Controller  : kr.co.seoulit.reception.controller.ReceptionController.getReception()종료
2026-02-23 14:34:20.215 INFO  k.co.seoulit.common.aop.LoggerAspect - Controller  : kr.co.seoulit.reception.controller.ReceptionController.getReception()시작
2026-02-23 14:34:20.215 INFO  k.c.s.r.c.ReceptionController - Get reception request: id=7
2026-02-23 14:34:20.240 INFO  k.co.seoulit.common.aop.LoggerAspect - ServiceImpl  : kr.co.seoulit.reception.service.ReceptionServiceImpl.getReception()시작
2026-02-23 14:34:20.245 DEBUG org.hibernate.SQL - select re1_0.reception_id,re1_0.arrived_at,re1_0.cancel_reason_code,re1_0.cancel_reason_text,re1_0.created_at,re1_0.created_by,re1_0.department_id,re1_0.department_name,re1_0.doctor_id,re1_0.doctor_name,re1_0.hold_reason_code,re1_0.hold_reason_text,re1_0.inactive_at,re1_0.inactive_reason_code,re1_0.inactive_reason_text,re1_0.is_active,re1_0.note,re1_0.patient_id,re1_0.patient_name,re1_0.reception_no,re1_0.reservation_id,re1_0.scheduled_at,re1_0.status,re1_0.updated_at,re1_0.updated_by,re1_0.visit_type from reception re1_0 where re1_0.reception_id=?
2026-02-23 14:34:20.248 TRACE org.hibernate.orm.jdbc.bind - binding parameter (1:BIGINT) <- [7]
2026-02-23 14:34:20.265 INFO  k.co.seoulit.common.aop.LoggerAspect - kr.co.seoulit.reception.mapstruct.ReceptionResMapStructImpl.toDto()시작
2026-02-23 14:34:20.265 INFO  k.co.seoulit.common.aop.LoggerAspect - kr.co.seoulit.reception.mapstruct.ReceptionResMapStructImpl.toDto()종료
2026-02-23 14:34:20.265 INFO  k.co.seoulit.common.aop.LoggerAspect - ServiceImpl  : kr.co.seoulit.reception.service.ReceptionServiceImpl.getReception()종료
2026-02-23 14:34:20.294 INFO  k.co.seoulit.common.aop.LoggerAspect - Controller  : kr.co.seoulit.reception.controller.ReceptionController.getReception()종료
2026-02-23 14:34:23.240 INFO  k.co.seoulit.common.aop.LoggerAspect - Controller  : kr.co.seoulit.reception.controller.ReceptionController.getReceptions()시작
2026-02-23 14:34:23.240 INFO  k.c.s.r.c.ReceptionController - Reception list request: searchType=null, searchValue=null
2026-02-23 14:34:23.309 INFO  k.co.seoulit.common.aop.LoggerAspect - ServiceImpl  : kr.co.seoulit.reception.service.ReceptionServiceImpl.getReceptionList()시작
2026-02-23 14:34:23.363 INFO  k.co.seoulit.common.aop.LoggerAspect - ServiceImpl  : kr.co.seoulit.reception.service.ReceptionServiceImpl.getReceptionList()종료
2026-02-23 14:34:23.421 INFO  k.co.seoulit.common.aop.LoggerAspect - Controller  : kr.co.seoulit.reception.controller.ReceptionController.getReceptions()종료
2026-02-23 14:34:23.654 INFO  k.co.seoulit.common.aop.LoggerAspect - Controller  : kr.co.seoulit.reception.controller.ReceptionController.getReception()시작
2026-02-23 14:34:23.654 INFO  k.c.s.r.c.ReceptionController - Get reception request: id=5
2026-02-23 14:34:23.654 INFO  k.co.seoulit.common.aop.LoggerAspect - ServiceImpl  : kr.co.seoulit.reception.service.ReceptionServiceImpl.getReception()시작
2026-02-23 14:34:23.655 DEBUG org.hibernate.SQL - select re1_0.reception_id,re1_0.arrived_at,re1_0.cancel_reason_code,re1_0.cancel_reason_text,re1_0.created_at,re1_0.created_by,re1_0.department_id,re1_0.department_name,re1_0.doctor_id,re1_0.doctor_name,re1_0.hold_reason_code,re1_0.hold_reason_text,re1_0.inactive_at,re1_0.inactive_reason_code,re1_0.inactive_reason_text,re1_0.is_active,re1_0.note,re1_0.patient_id,re1_0.patient_name,re1_0.reception_no,re1_0.reservation_id,re1_0.scheduled_at,re1_0.status,re1_0.updated_at,re1_0.updated_by,re1_0.visit_type from reception re1_0 where re1_0.reception_id=?
2026-02-23 14:34:23.656 TRACE org.hibernate.orm.jdbc.bind - binding parameter (1:BIGINT) <- [5]
2026-02-23 14:34:23.687 INFO  k.co.seoulit.common.aop.LoggerAspect - kr.co.seoulit.reception.mapstruct.ReceptionResMapStructImpl.toDto()시작
2026-02-23 14:34:23.687 INFO  k.co.seoulit.common.aop.LoggerAspect - kr.co.seoulit.reception.mapstruct.ReceptionResMapStructImpl.toDto()종료
2026-02-23 14:34:23.687 INFO  k.co.seoulit.common.aop.LoggerAspect - ServiceImpl  : kr.co.seoulit.reception.service.ReceptionServiceImpl.getReception()종료
2026-02-23 14:34:23.715 INFO  k.co.seoulit.common.aop.LoggerAspect - Controller  : kr.co.seoulit.reception.controller.ReceptionController.getReception()종료
2026-02-23 14:34:30.586 INFO  k.co.seoulit.common.aop.LoggerAspect - Controller  : kr.co.seoulit.reception.controller.ReceptionController.getReceptions()시작
2026-02-23 14:34:30.586 INFO  k.c.s.r.c.ReceptionController - Reception list request: searchType=status, searchValue=CANCELED
2026-02-23 14:34:30.640 INFO  k.co.seoulit.common.aop.LoggerAspect - ServiceImpl  : kr.co.seoulit.reception.service.ReceptionServiceImpl.getReceptionList()시작
2026-02-23 14:34:30.713 INFO  k.co.seoulit.common.aop.LoggerAspect - ServiceImpl  : kr.co.seoulit.reception.service.ReceptionServiceImpl.getReceptionList()종료
2026-02-23 14:34:30.750 INFO  k.co.seoulit.common.aop.LoggerAspect - Controller  : kr.co.seoulit.reception.controller.ReceptionController.getReceptions()종료
2026-02-23 14:34:30.762 INFO  k.co.seoulit.common.aop.LoggerAspect - Controller  : kr.co.seoulit.reception.controller.ReceptionController.getReceptions()시작
2026-02-23 14:34:30.762 INFO  k.c.s.r.c.ReceptionController - Reception list request: searchType=status, searchValue=CANCELED
2026-02-23 14:34:30.762 INFO  k.co.seoulit.common.aop.LoggerAspect - ServiceImpl  : kr.co.seoulit.reception.service.ReceptionServiceImpl.getReceptionList()시작
2026-02-23 14:34:30.787 INFO  k.co.seoulit.common.aop.LoggerAspect - ServiceImpl  : kr.co.seoulit.reception.service.ReceptionServiceImpl.getReceptionList()종료
2026-02-23 14:34:30.821 INFO  k.co.seoulit.common.aop.LoggerAspect - Controller  : kr.co.seoulit.reception.controller.ReceptionController.getReceptions()종료
2026-02-23 14:34:30.895 INFO  k.co.seoulit.common.aop.LoggerAspect - Controller  : kr.co.seoulit.reception.controller.ReceptionController.getReception()시작
2026-02-23 14:34:30.895 INFO  k.c.s.r.c.ReceptionController - Get reception request: id=3
2026-02-23 14:34:30.896 INFO  k.co.seoulit.common.aop.LoggerAspect - ServiceImpl  : kr.co.seoulit.reception.service.ReceptionServiceImpl.getReception()시작
2026-02-23 14:34:30.898 DEBUG org.hibernate.SQL - select re1_0.reception_id,re1_0.arrived_at,re1_0.cancel_reason_code,re1_0.cancel_reason_text,re1_0.created_at,re1_0.created_by,re1_0.department_id,re1_0.department_name,re1_0.doctor_id,re1_0.doctor_name,re1_0.hold_reason_code,re1_0.hold_reason_text,re1_0.inactive_at,re1_0.inactive_reason_code,re1_0.inactive_reason_text,re1_0.is_active,re1_0.note,re1_0.patient_id,re1_0.patient_name,re1_0.reception_no,re1_0.reservation_id,re1_0.scheduled_at,re1_0.status,re1_0.updated_at,re1_0.updated_by,re1_0.visit_type from reception re1_0 where re1_0.reception_id=?
2026-02-23 14:34:30.898 TRACE org.hibernate.orm.jdbc.bind - binding parameter (1:BIGINT) <- [3]
2026-02-23 14:34:30.955 INFO  k.co.seoulit.common.aop.LoggerAspect - kr.co.seoulit.reception.mapstruct.ReceptionResMapStructImpl.toDto()시작
2026-02-23 14:34:30.956 INFO  k.co.seoulit.common.aop.LoggerAspect - kr.co.seoulit.reception.mapstruct.ReceptionResMapStructImpl.toDto()종료
2026-02-23 14:34:30.956 INFO  k.co.seoulit.common.aop.LoggerAspect - ServiceImpl  : kr.co.seoulit.reception.service.ReceptionServiceImpl.getReception()종료
2026-02-23 14:34:31.017 INFO  k.co.seoulit.common.aop.LoggerAspect - Controller  : kr.co.seoulit.reception.controller.ReceptionController.getReception()종료
2026-02-23 14:34:46.574 INFO  k.co.seoulit.common.aop.LoggerAspect - Controller  : kr.co.seoulit.reception.controller.ReceptionController.getReceptions()시작
2026-02-23 14:34:46.574 INFO  k.c.s.r.c.ReceptionController - Reception list request: searchType=null, searchValue=null
2026-02-23 14:34:46.591 INFO  k.co.seoulit.common.aop.LoggerAspect - ServiceImpl  : kr.co.seoulit.reception.service.ReceptionServiceImpl.getReceptionList()시작
2026-02-23 14:34:46.659 INFO  k.co.seoulit.common.aop.LoggerAspect - ServiceImpl  : kr.co.seoulit.reception.service.ReceptionServiceImpl.getReceptionList()종료
2026-02-23 14:34:46.693 INFO  k.co.seoulit.common.aop.LoggerAspect - Controller  : kr.co.seoulit.reception.controller.ReceptionController.getReceptions()종료
2026-02-23 14:34:46.721 INFO  k.co.seoulit.common.aop.LoggerAspect - Controller  : kr.co.seoulit.reception.controller.ReceptionController.getReceptions()시작
2026-02-23 14:34:46.721 INFO  k.c.s.r.c.ReceptionController - Reception list request: searchType=null, searchValue=null
2026-02-23 14:34:46.722 INFO  k.co.seoulit.common.aop.LoggerAspect - ServiceImpl  : kr.co.seoulit.reception.service.ReceptionServiceImpl.getReceptionList()시작
2026-02-23 14:34:46.768 INFO  k.co.seoulit.common.aop.LoggerAspect - ServiceImpl  : kr.co.seoulit.reception.service.ReceptionServiceImpl.getReceptionList()종료
2026-02-23 14:34:46.838 INFO  k.co.seoulit.common.aop.LoggerAspect - Controller  : kr.co.seoulit.reception.controller.ReceptionController.getReceptions()종료
2026-02-23 14:34:46.947 INFO  k.co.seoulit.common.aop.LoggerAspect - Controller  : kr.co.seoulit.reception.controller.ReceptionController.getReception()시작
2026-02-23 14:34:46.948 INFO  k.c.s.r.c.ReceptionController - Get reception request: id=5
2026-02-23 14:34:46.949 INFO  k.co.seoulit.common.aop.LoggerAspect - ServiceImpl  : kr.co.seoulit.reception.service.ReceptionServiceImpl.getReception()시작
2026-02-23 14:34:46.951 DEBUG org.hibernate.SQL - select re1_0.reception_id,re1_0.arrived_at,re1_0.cancel_reason_code,re1_0.cancel_reason_text,re1_0.created_at,re1_0.created_by,re1_0.department_id,re1_0.department_name,re1_0.doctor_id,re1_0.doctor_name,re1_0.hold_reason_code,re1_0.hold_reason_text,re1_0.inactive_at,re1_0.inactive_reason_code,re1_0.inactive_reason_text,re1_0.is_active,re1_0.note,re1_0.patient_id,re1_0.patient_name,re1_0.reception_no,re1_0.reservation_id,re1_0.scheduled_at,re1_0.status,re1_0.updated_at,re1_0.updated_by,re1_0.visit_type from reception re1_0 where re1_0.reception_id=?
2026-02-23 14:34:46.952 TRACE org.hibernate.orm.jdbc.bind - binding parameter (1:BIGINT) <- [5]
2026-02-23 14:34:46.961 INFO  k.co.seoulit.common.aop.LoggerAspect - kr.co.seoulit.reception.mapstruct.ReceptionResMapStructImpl.toDto()시작
2026-02-23 14:34:46.962 INFO  k.co.seoulit.common.aop.LoggerAspect - kr.co.seoulit.reception.mapstruct.ReceptionResMapStructImpl.toDto()종료
2026-02-23 14:34:46.962 INFO  k.co.seoulit.common.aop.LoggerAspect - ServiceImpl  : kr.co.seoulit.reception.service.ReceptionServiceImpl.getReception()종료
2026-02-23 14:34:47.023 INFO  k.co.seoulit.common.aop.LoggerAspect - Controller  : kr.co.seoulit.reception.controller.ReceptionController.getReception()종료
2026-02-23 14:37:15.813 INFO  k.co.seoulit.common.aop.LoggerAspect - Controller  : kr.co.seoulit.reception.controller.ReceptionController.getReceptions()시작
2026-02-23 14:37:15.815 INFO  k.c.s.r.c.ReceptionController - Reception list request: searchType=null, searchValue=null
2026-02-23 14:37:15.838 INFO  k.co.seoulit.common.aop.LoggerAspect - ServiceImpl  : kr.co.seoulit.reception.service.ReceptionServiceImpl.getReceptionList()시작
2026-02-23 14:37:15.857 INFO  k.co.seoulit.common.aop.LoggerAspect - ServiceImpl  : kr.co.seoulit.reception.service.ReceptionServiceImpl.getReceptionList()종료
2026-02-23 14:37:15.869 INFO  k.co.seoulit.common.aop.LoggerAspect - Controller  : kr.co.seoulit.reception.controller.ReceptionController.getReceptions()종료
2026-02-23 14:37:15.883 INFO  k.co.seoulit.common.aop.LoggerAspect - Controller  : kr.co.seoulit.reception.controller.ReceptionController.getReceptions()시작
2026-02-23 14:37:15.884 INFO  k.c.s.r.c.ReceptionController - Reception list request: searchType=null, searchValue=null
2026-02-23 14:37:15.884 INFO  k.co.seoulit.common.aop.LoggerAspect - ServiceImpl  : kr.co.seoulit.reception.service.ReceptionServiceImpl.getReceptionList()시작
2026-02-23 14:37:15.906 INFO  k.co.seoulit.common.aop.LoggerAspect - ServiceImpl  : kr.co.seoulit.reception.service.ReceptionServiceImpl.getReceptionList()종료
2026-02-23 14:37:15.921 INFO  k.co.seoulit.common.aop.LoggerAspect - Controller  : kr.co.seoulit.reception.controller.ReceptionController.getReceptions()종료
2026-02-23 14:37:48.979 INFO  k.co.seoulit.common.aop.LoggerAspect - Controller  : kr.co.seoulit.reception.controller.ReceptionController.getReceptions()시작
2026-02-23 14:37:48.979 INFO  k.c.s.r.c.ReceptionController - Reception list request: searchType=null, searchValue=null
2026-02-23 14:37:49.008 INFO  k.co.seoulit.common.aop.LoggerAspect - ServiceImpl  : kr.co.seoulit.reception.service.ReceptionServiceImpl.getReceptionList()시작
2026-02-23 14:37:49.052 INFO  k.co.seoulit.common.aop.LoggerAspect - ServiceImpl  : kr.co.seoulit.reception.service.ReceptionServiceImpl.getReceptionList()종료
2026-02-23 14:37:49.084 INFO  k.co.seoulit.common.aop.LoggerAspect - Controller  : kr.co.seoulit.reception.controller.ReceptionController.getReceptions()종료
2026-02-23 14:37:49.096 INFO  k.co.seoulit.common.aop.LoggerAspect - Controller  : kr.co.seoulit.reception.controller.ReceptionController.getReceptions()시작
2026-02-23 14:37:49.096 INFO  k.c.s.r.c.ReceptionController - Reception list request: searchType=null, searchValue=null
2026-02-23 14:37:49.096 INFO  k.co.seoulit.common.aop.LoggerAspect - ServiceImpl  : kr.co.seoulit.reception.service.ReceptionServiceImpl.getReceptionList()시작
2026-02-23 14:37:49.132 INFO  k.co.seoulit.common.aop.LoggerAspect - ServiceImpl  : kr.co.seoulit.reception.service.ReceptionServiceImpl.getReceptionList()종료
2026-02-23 14:37:49.174 INFO  k.co.seoulit.common.aop.LoggerAspect - Controller  : kr.co.seoulit.reception.controller.ReceptionController.getReceptions()종료
2026-02-23 14:39:57.678 INFO  k.co.seoulit.common.aop.LoggerAspect - Controller  : kr.co.seoulit.reception.controller.ReservationController.getReservations()시작
2026-02-23 14:39:57.679 INFO  k.c.s.r.c.ReservationController - 예약 목록 요청: searchType=null, searchValue=null
2026-02-23 14:39:57.702 INFO  k.co.seoulit.common.aop.LoggerAspect - ServiceImpl  : kr.co.seoulit.reception.service.ReservationServiceImpl.getReservationList()시작
2026-02-23 14:39:57.741 INFO  k.co.seoulit.common.aop.LoggerAspect - ServiceImpl  : kr.co.seoulit.reception.service.ReservationServiceImpl.getReservationList()종료
2026-02-23 14:39:57.750 INFO  k.co.seoulit.common.aop.LoggerAspect - Controller  : kr.co.seoulit.reception.controller.ReservationController.getReservations()종료
2026-02-23 14:39:57.812 INFO  k.co.seoulit.common.aop.LoggerAspect - Controller  : kr.co.seoulit.reception.controller.ReservationController.getReservations()시작
2026-02-23 14:39:57.812 INFO  k.c.s.r.c.ReservationController - 예약 목록 요청: searchType=null, searchValue=null
2026-02-23 14:39:57.812 INFO  k.co.seoulit.common.aop.LoggerAspect - ServiceImpl  : kr.co.seoulit.reception.service.ReservationServiceImpl.getReservationList()시작
2026-02-23 14:39:57.822 INFO  k.co.seoulit.common.aop.LoggerAspect - ServiceImpl  : kr.co.seoulit.reception.service.ReservationServiceImpl.getReservationList()종료
2026-02-23 14:39:57.831 INFO  k.co.seoulit.common.aop.LoggerAspect - Controller  : kr.co.seoulit.reception.controller.ReservationController.getReservations()종료
2026-02-23 14:40:05.047 INFO  k.co.seoulit.common.aop.LoggerAspect - Controller  : kr.co.seoulit.reception.controller.EmergencyReceptionController.getEmergencyReceptions()시작
2026-02-23 14:40:05.047 INFO  k.c.s.r.c.EmergencyReceptionController - 응급 접수 목록 요청: searchType=null, searchValue=null
2026-02-23 14:40:05.077 INFO  k.co.seoulit.common.aop.LoggerAspect - ServiceImpl  : kr.co.seoulit.reception.service.EmergencyReceptionServiceImpl.getEmergencyReceptionList()시작
2026-02-23 14:40:05.153 INFO  k.co.seoulit.common.aop.LoggerAspect - ServiceImpl  : kr.co.seoulit.reception.service.EmergencyReceptionServiceImpl.getEmergencyReceptionList()종료
2026-02-23 14:40:05.181 INFO  k.co.seoulit.common.aop.LoggerAspect - Controller  : kr.co.seoulit.reception.controller.EmergencyReceptionController.getEmergencyReceptions()종료
2026-02-23 14:40:05.218 INFO  k.co.seoulit.common.aop.LoggerAspect - Controller  : kr.co.seoulit.reception.controller.EmergencyReceptionController.getEmergencyReceptions()시작
2026-02-23 14:40:05.218 INFO  k.c.s.r.c.EmergencyReceptionController - 응급 접수 목록 요청: searchType=null, searchValue=null
2026-02-23 14:40:05.219 INFO  k.co.seoulit.common.aop.LoggerAspect - ServiceImpl  : kr.co.seoulit.reception.service.EmergencyReceptionServiceImpl.getEmergencyReceptionList()시작
2026-02-23 14:40:05.288 INFO  k.co.seoulit.common.aop.LoggerAspect - ServiceImpl  : kr.co.seoulit.reception.service.EmergencyReceptionServiceImpl.getEmergencyReceptionList()종료
2026-02-23 14:40:05.304 INFO  k.co.seoulit.common.aop.LoggerAspect - Controller  : kr.co.seoulit.reception.controller.EmergencyReceptionController.getEmergencyReceptions()종료
2026-02-23 14:40:09.674 INFO  k.co.seoulit.common.aop.LoggerAspect - Controller  : kr.co.seoulit.reception.controller.ReservationController.getReservations()시작
2026-02-23 14:40:09.674 INFO  k.c.s.r.c.ReservationController - 예약 목록 요청: searchType=null, searchValue=null
2026-02-23 14:40:09.685 INFO  k.co.seoulit.common.aop.LoggerAspect - ServiceImpl  : kr.co.seoulit.reception.service.ReservationServiceImpl.getReservationList()시작
2026-02-23 14:40:09.723 INFO  k.co.seoulit.common.aop.LoggerAspect - ServiceImpl  : kr.co.seoulit.reception.service.ReservationServiceImpl.getReservationList()종료
2026-02-23 14:40:09.762 INFO  k.co.seoulit.common.aop.LoggerAspect - Controller  : kr.co.seoulit.reception.controller.ReservationController.getReservations()종료
2026-02-23 14:40:09.793 INFO  k.co.seoulit.common.aop.LoggerAspect - Controller  : kr.co.seoulit.reception.controller.ReservationController.getReservations()시작
2026-02-23 14:40:09.793 INFO  k.c.s.r.c.ReservationController - 예약 목록 요청: searchType=null, searchValue=null
2026-02-23 14:40:09.794 INFO  k.co.seoulit.common.aop.LoggerAspect - ServiceImpl  : kr.co.seoulit.reception.service.ReservationServiceImpl.getReservationList()시작
2026-02-23 14:40:09.838 INFO  k.co.seoulit.common.aop.LoggerAspect - ServiceImpl  : kr.co.seoulit.reception.service.ReservationServiceImpl.getReservationList()종료
2026-02-23 14:40:09.876 INFO  k.co.seoulit.common.aop.LoggerAspect - Controller  : kr.co.seoulit.reception.controller.ReservationController.getReservations()종료
2026-02-23 14:40:11.437 INFO  k.co.seoulit.common.aop.LoggerAspect - Controller  : kr.co.seoulit.reception.controller.EmergencyReceptionController.getEmergencyReceptions()시작
2026-02-23 14:40:11.438 INFO  k.c.s.r.c.EmergencyReceptionController - 응급 접수 목록 요청: searchType=null, searchValue=null
2026-02-23 14:40:11.457 INFO  k.co.seoulit.common.aop.LoggerAspect - ServiceImpl  : kr.co.seoulit.reception.service.EmergencyReceptionServiceImpl.getEmergencyReceptionList()시작
2026-02-23 14:40:11.531 INFO  k.co.seoulit.common.aop.LoggerAspect - ServiceImpl  : kr.co.seoulit.reception.service.EmergencyReceptionServiceImpl.getEmergencyReceptionList()종료
2026-02-23 14:40:11.568 INFO  k.co.seoulit.common.aop.LoggerAspect - Controller  : kr.co.seoulit.reception.controller.EmergencyReceptionController.getEmergencyReceptions()종료
2026-02-23 14:40:11.579 INFO  k.co.seoulit.common.aop.LoggerAspect - Controller  : kr.co.seoulit.reception.controller.EmergencyReceptionController.getEmergencyReceptions()시작
2026-02-23 14:40:11.579 INFO  k.c.s.r.c.EmergencyReceptionController - 응급 접수 목록 요청: searchType=null, searchValue=null
2026-02-23 14:40:11.579 INFO  k.co.seoulit.common.aop.LoggerAspect - ServiceImpl  : kr.co.seoulit.reception.service.EmergencyReceptionServiceImpl.getEmergencyReceptionList()시작
2026-02-23 14:40:11.682 INFO  k.co.seoulit.common.aop.LoggerAspect - ServiceImpl  : kr.co.seoulit.reception.service.EmergencyReceptionServiceImpl.getEmergencyReceptionList()종료
2026-02-23 14:40:11.718 INFO  k.co.seoulit.common.aop.LoggerAspect - Controller  : kr.co.seoulit.reception.controller.EmergencyReceptionController.getEmergencyReceptions()종료
2026-02-23 14:40:18.387 INFO  k.co.seoulit.common.aop.LoggerAspect - Controller  : kr.co.seoulit.reception.controller.ReceptionController.getReceptions()시작
2026-02-23 14:40:18.387 INFO  k.c.s.r.c.ReceptionController - Reception list request: searchType=null, searchValue=null
2026-02-23 14:40:18.417 INFO  k.co.seoulit.common.aop.LoggerAspect - ServiceImpl  : kr.co.seoulit.reception.service.ReceptionServiceImpl.getReceptionList()시작
2026-02-23 14:40:18.442 INFO  k.co.seoulit.common.aop.LoggerAspect - ServiceImpl  : kr.co.seoulit.reception.service.ReceptionServiceImpl.getReceptionList()종료
2026-02-23 14:40:18.458 INFO  k.co.seoulit.common.aop.LoggerAspect - Controller  : kr.co.seoulit.reception.controller.ReceptionController.getReceptions()종료
2026-02-23 14:40:18.492 INFO  k.co.seoulit.common.aop.LoggerAspect - Controller  : kr.co.seoulit.reception.controller.ReceptionController.getReceptions()시작
2026-02-23 14:40:18.492 INFO  k.c.s.r.c.ReceptionController - Reception list request: searchType=null, searchValue=null
2026-02-23 14:40:18.493 INFO  k.co.seoulit.common.aop.LoggerAspect - ServiceImpl  : kr.co.seoulit.reception.service.ReceptionServiceImpl.getReceptionList()시작
2026-02-23 14:40:18.519 INFO  k.co.seoulit.common.aop.LoggerAspect - ServiceImpl  : kr.co.seoulit.reception.service.ReceptionServiceImpl.getReceptionList()종료
2026-02-23 14:40:18.528 INFO  k.co.seoulit.common.aop.LoggerAspect - Controller  : kr.co.seoulit.reception.controller.ReceptionController.getReceptions()종료
2026-02-23 14:40:41.175 INFO  k.co.seoulit.common.aop.LoggerAspect - Controller  : kr.co.seoulit.reception.controller.EmergencyReceptionController.getEmergencyReceptions()시작
2026-02-23 14:40:41.176 INFO  k.c.s.r.c.EmergencyReceptionController - 응급 접수 목록 요청: searchType=null, searchValue=null
2026-02-23 14:40:41.189 INFO  k.co.seoulit.common.aop.LoggerAspect - ServiceImpl  : kr.co.seoulit.reception.service.EmergencyReceptionServiceImpl.getEmergencyReceptionList()시작
2026-02-23 14:40:41.223 INFO  k.co.seoulit.common.aop.LoggerAspect - ServiceImpl  : kr.co.seoulit.reception.service.EmergencyReceptionServiceImpl.getEmergencyReceptionList()종료
2026-02-23 14:40:41.235 INFO  k.co.seoulit.common.aop.LoggerAspect - Controller  : kr.co.seoulit.reception.controller.EmergencyReceptionController.getEmergencyReceptions()종료
2026-02-23 14:40:41.263 INFO  k.co.seoulit.common.aop.LoggerAspect - Controller  : kr.co.seoulit.reception.controller.EmergencyReceptionController.getEmergencyReceptions()시작
2026-02-23 14:40:41.263 INFO  k.c.s.r.c.EmergencyReceptionController - 응급 접수 목록 요청: searchType=null, searchValue=null
2026-02-23 14:40:41.263 INFO  k.co.seoulit.common.aop.LoggerAspect - ServiceImpl  : kr.co.seoulit.reception.service.EmergencyReceptionServiceImpl.getEmergencyReceptionList()시작
2026-02-23 14:40:41.296 INFO  k.co.seoulit.common.aop.LoggerAspect - ServiceImpl  : kr.co.seoulit.reception.service.EmergencyReceptionServiceImpl.getEmergencyReceptionList()종료
2026-02-23 14:40:41.313 INFO  k.co.seoulit.common.aop.LoggerAspect - Controller  : kr.co.seoulit.reception.controller.EmergencyReceptionController.getEmergencyReceptions()종료
2026-02-23 14:40:52.911 INFO  k.co.seoulit.common.aop.LoggerAspect - Controller  : kr.co.seoulit.reception.controller.EmergencyReceptionController.getEmergencyReceptions()시작
2026-02-23 14:40:52.911 INFO  k.c.s.r.c.EmergencyReceptionController - 응급 접수 목록 요청: searchType=null, searchValue=null
2026-02-23 14:40:52.936 INFO  k.co.seoulit.common.aop.LoggerAspect - ServiceImpl  : kr.co.seoulit.reception.service.EmergencyReceptionServiceImpl.getEmergencyReceptionList()시작
2026-02-23 14:40:53.022 INFO  k.co.seoulit.common.aop.LoggerAspect - ServiceImpl  : kr.co.seoulit.reception.service.EmergencyReceptionServiceImpl.getEmergencyReceptionList()종료
2026-02-23 14:40:53.030 INFO  k.co.seoulit.common.aop.LoggerAspect - Controller  : kr.co.seoulit.reception.controller.EmergencyReceptionController.getEmergencyReceptions()종료
2026-02-23 14:40:53.047 INFO  k.co.seoulit.common.aop.LoggerAspect - Controller  : kr.co.seoulit.reception.controller.EmergencyReceptionController.getEmergencyReceptions()시작
2026-02-23 14:40:53.047 INFO  k.c.s.r.c.EmergencyReceptionController - 응급 접수 목록 요청: searchType=null, searchValue=null
2026-02-23 14:40:53.047 INFO  k.co.seoulit.common.aop.LoggerAspect - ServiceImpl  : kr.co.seoulit.reception.service.EmergencyReceptionServiceImpl.getEmergencyReceptionList()시작
2026-02-23 14:40:53.094 INFO  k.co.seoulit.common.aop.LoggerAspect - ServiceImpl  : kr.co.seoulit.reception.service.EmergencyReceptionServiceImpl.getEmergencyReceptionList()종료
2026-02-23 14:40:53.127 INFO  k.co.seoulit.common.aop.LoggerAspect - Controller  : kr.co.seoulit.reception.controller.EmergencyReceptionController.getEmergencyReceptions()종료
2026-02-23 14:41:50.524 INFO  k.co.seoulit.common.aop.LoggerAspect - Controller  : kr.co.seoulit.reception.controller.InpatientReceptionController.getInpatientReceptions()시작
2026-02-23 14:41:50.524 INFO  k.c.s.r.c.InpatientReceptionController - 입원 접수 목록 요청: searchType=null, searchValue=null
2026-02-23 14:41:50.570 INFO  k.co.seoulit.common.aop.LoggerAspect - ServiceImpl  : kr.co.seoulit.reception.service.InpatientReceptionServiceImpl.getInpatientReceptionList()시작
2026-02-23 14:41:50.597 INFO  k.co.seoulit.common.aop.LoggerAspect - ServiceImpl  : kr.co.seoulit.reception.service.InpatientReceptionServiceImpl.getInpatientReceptionList()종료
2026-02-23 14:41:50.608 INFO  k.co.seoulit.common.aop.LoggerAspect - Controller  : kr.co.seoulit.reception.controller.InpatientReceptionController.getInpatientReceptions()종료
2026-02-23 14:41:50.644 INFO  k.co.seoulit.common.aop.LoggerAspect - Controller  : kr.co.seoulit.reception.controller.InpatientReceptionController.getInpatientReceptions()시작
2026-02-23 14:41:50.645 INFO  k.c.s.r.c.InpatientReceptionController - 입원 접수 목록 요청: searchType=null, searchValue=null
2026-02-23 14:41:50.649 INFO  k.co.seoulit.common.aop.LoggerAspect - ServiceImpl  : kr.co.seoulit.reception.service.InpatientReceptionServiceImpl.getInpatientReceptionList()시작
2026-02-23 14:41:50.678 INFO  k.co.seoulit.common.aop.LoggerAspect - ServiceImpl  : kr.co.seoulit.reception.service.InpatientReceptionServiceImpl.getInpatientReceptionList()종료
2026-02-23 14:41:50.687 INFO  k.co.seoulit.common.aop.LoggerAspect - Controller  : kr.co.seoulit.reception.controller.InpatientReceptionController.getInpatientReceptions()종료
2026-02-23 14:42:33.145 INFO  k.co.seoulit.common.aop.LoggerAspect - Controller  : kr.co.seoulit.reception.controller.ReservationController.getReservations()시작
2026-02-23 14:42:33.145 INFO  k.c.s.r.c.ReservationController - 예약 목록 요청: searchType=null, searchValue=null
2026-02-23 14:42:33.185 INFO  k.co.seoulit.common.aop.LoggerAspect - ServiceImpl  : kr.co.seoulit.reception.service.ReservationServiceImpl.getReservationList()시작
2026-02-23 14:42:33.280 INFO  k.co.seoulit.common.aop.LoggerAspect - ServiceImpl  : kr.co.seoulit.reception.service.ReservationServiceImpl.getReservationList()종료
2026-02-23 14:42:33.347 INFO  k.co.seoulit.common.aop.LoggerAspect - Controller  : kr.co.seoulit.reception.controller.ReservationController.getReservations()종료
2026-02-23 14:42:33.363 INFO  k.co.seoulit.common.aop.LoggerAspect - Controller  : kr.co.seoulit.reception.controller.ReservationController.getReservations()시작
2026-02-23 14:42:33.363 INFO  k.c.s.r.c.ReservationController - 예약 목록 요청: searchType=null, searchValue=null
2026-02-23 14:42:33.364 INFO  k.co.seoulit.common.aop.LoggerAspect - ServiceImpl  : kr.co.seoulit.reception.service.ReservationServiceImpl.getReservationList()시작
2026-02-23 14:42:33.488 INFO  k.co.seoulit.common.aop.LoggerAspect - ServiceImpl  : kr.co.seoulit.reception.service.ReservationServiceImpl.getReservationList()종료
2026-02-23 14:42:33.501 INFO  k.co.seoulit.common.aop.LoggerAspect - Controller  : kr.co.seoulit.reception.controller.ReservationController.getReservations()종료
2026-02-23 14:43:22.673 INFO  k.co.seoulit.common.aop.LoggerAspect - Controller  : kr.co.seoulit.reception.controller.ReceptionController.getReceptions()시작
2026-02-23 14:43:22.673 INFO  k.c.s.r.c.ReceptionController - Reception list request: searchType=null, searchValue=null
2026-02-23 14:43:22.685 INFO  k.co.seoulit.common.aop.LoggerAspect - ServiceImpl  : kr.co.seoulit.reception.service.ReceptionServiceImpl.getReceptionList()시작
2026-02-23 14:43:22.699 INFO  k.co.seoulit.common.aop.LoggerAspect - ServiceImpl  : kr.co.seoulit.reception.service.ReceptionServiceImpl.getReceptionList()종료
2026-02-23 14:43:22.712 INFO  k.co.seoulit.common.aop.LoggerAspect - Controller  : kr.co.seoulit.reception.controller.ReceptionController.getReceptions()종료
2026-02-23 14:43:22.728 INFO  k.co.seoulit.common.aop.LoggerAspect - Controller  : kr.co.seoulit.reception.controller.ReceptionController.getReceptions()시작
2026-02-23 14:43:22.728 INFO  k.c.s.r.c.ReceptionController - Reception list request: searchType=null, searchValue=null
2026-02-23 14:43:22.729 INFO  k.co.seoulit.common.aop.LoggerAspect - ServiceImpl  : kr.co.seoulit.reception.service.ReceptionServiceImpl.getReceptionList()시작
2026-02-23 14:43:22.750 INFO  k.co.seoulit.common.aop.LoggerAspect - ServiceImpl  : kr.co.seoulit.reception.service.ReceptionServiceImpl.getReceptionList()종료
2026-02-23 14:43:22.767 INFO  k.co.seoulit.common.aop.LoggerAspect - Controller  : kr.co.seoulit.reception.controller.ReceptionController.getReceptions()종료
2026-02-23 14:46:38.009 INFO  k.co.seoulit.common.aop.LoggerAspect - Controller  : kr.co.seoulit.reception.controller.ReceptionController.getReceptions()시작
2026-02-23 14:46:38.009 INFO  k.c.s.r.c.ReceptionController - Reception list request: searchType=null, searchValue=null
2026-02-23 14:46:38.022 INFO  k.co.seoulit.common.aop.LoggerAspect - ServiceImpl  : kr.co.seoulit.reception.service.ReceptionServiceImpl.getReceptionList()시작
2026-02-23 14:46:38.039 INFO  k.co.seoulit.common.aop.LoggerAspect - ServiceImpl  : kr.co.seoulit.reception.service.ReceptionServiceImpl.getReceptionList()종료
2026-02-23 14:46:38.049 INFO  k.co.seoulit.common.aop.LoggerAspect - Controller  : kr.co.seoulit.reception.controller.ReceptionController.getReceptions()종료
2026-02-23 15:12:37.671 INFO  k.co.seoulit.common.aop.LoggerAspect - Controller  : kr.co.seoulit.reception.controller.ReceptionController.getReceptions()시작
2026-02-23 15:12:37.672 INFO  k.c.s.r.c.ReceptionController - Reception list request: searchType=null, searchValue=null
2026-02-23 15:12:37.700 INFO  k.co.seoulit.common.aop.LoggerAspect - ServiceImpl  : kr.co.seoulit.reception.service.ReceptionServiceImpl.getReceptionList()시작
2026-02-23 15:12:37.767 INFO  k.co.seoulit.common.aop.LoggerAspect - ServiceImpl  : kr.co.seoulit.reception.service.ReceptionServiceImpl.getReceptionList()종료
2026-02-23 15:12:37.798 INFO  k.co.seoulit.common.aop.LoggerAspect - Controller  : kr.co.seoulit.reception.controller.ReceptionController.getReceptions()종료
2026-02-23 15:12:37.825 INFO  k.co.seoulit.common.aop.LoggerAspect - Controller  : kr.co.seoulit.reception.controller.ReceptionController.getReceptions()시작
2026-02-23 15:12:37.826 INFO  k.c.s.r.c.ReceptionController - Reception list request: searchType=null, searchValue=null
2026-02-23 15:12:37.828 INFO  k.co.seoulit.common.aop.LoggerAspect - ServiceImpl  : kr.co.seoulit.reception.service.ReceptionServiceImpl.getReceptionList()시작
2026-02-23 15:12:37.858 INFO  k.co.seoulit.common.aop.LoggerAspect - ServiceImpl  : kr.co.seoulit.reception.service.ReceptionServiceImpl.getReceptionList()종료
2026-02-23 15:12:37.891 INFO  k.co.seoulit.common.aop.LoggerAspect - Controller  : kr.co.seoulit.reception.controller.ReceptionController.getReceptions()종료
2026-02-23 15:12:38.059 INFO  k.co.seoulit.common.aop.LoggerAspect - Controller  : kr.co.seoulit.reception.controller.ReceptionController.getReception()시작
2026-02-23 15:12:38.060 INFO  k.c.s.r.c.ReceptionController - Get reception request: id=5
2026-02-23 15:12:38.062 INFO  k.co.seoulit.common.aop.LoggerAspect - ServiceImpl  : kr.co.seoulit.reception.service.ReceptionServiceImpl.getReception()시작
2026-02-23 15:12:38.070 DEBUG org.hibernate.SQL - select re1_0.reception_id,re1_0.arrived_at,re1_0.cancel_reason_code,re1_0.cancel_reason_text,re1_0.created_at,re1_0.created_by,re1_0.department_id,re1_0.department_name,re1_0.doctor_id,re1_0.doctor_name,re1_0.hold_reason_code,re1_0.hold_reason_text,re1_0.inactive_at,re1_0.inactive_reason_code,re1_0.inactive_reason_text,re1_0.is_active,re1_0.note,re1_0.patient_id,re1_0.patient_name,re1_0.reception_no,re1_0.reservation_id,re1_0.scheduled_at,re1_0.status,re1_0.updated_at,re1_0.updated_by,re1_0.visit_type from reception re1_0 where re1_0.reception_id=?
2026-02-23 15:12:38.071 TRACE org.hibernate.orm.jdbc.bind - binding parameter (1:BIGINT) <- [5]
2026-02-23 15:12:38.122 INFO  k.co.seoulit.common.aop.LoggerAspect - kr.co.seoulit.reception.mapstruct.ReceptionResMapStructImpl.toDto()시작
2026-02-23 15:12:38.124 INFO  k.co.seoulit.common.aop.LoggerAspect - kr.co.seoulit.reception.mapstruct.ReceptionResMapStructImpl.toDto()종료
2026-02-23 15:12:38.124 INFO  k.co.seoulit.common.aop.LoggerAspect - ServiceImpl  : kr.co.seoulit.reception.service.ReceptionServiceImpl.getReception()종료
2026-02-23 15:12:38.152 INFO  k.co.seoulit.common.aop.LoggerAspect - Controller  : kr.co.seoulit.reception.controller.ReceptionController.getReception()종료
2026-02-23 15:12:41.752 INFO  k.co.seoulit.common.aop.LoggerAspect - Controller  : kr.co.seoulit.reception.controller.ReceptionController.getReceptions()시작
2026-02-23 15:12:41.753 INFO  k.c.s.r.c.ReceptionController - Reception list request: searchType=null, searchValue=null
2026-02-23 15:12:41.826 INFO  k.co.seoulit.common.aop.LoggerAspect - ServiceImpl  : kr.co.seoulit.reception.service.ReceptionServiceImpl.getReceptionList()시작
2026-02-23 15:12:41.861 INFO  k.co.seoulit.common.aop.LoggerAspect - ServiceImpl  : kr.co.seoulit.reception.service.ReceptionServiceImpl.getReceptionList()종료
2026-02-23 15:12:41.875 INFO  k.co.seoulit.common.aop.LoggerAspect - Controller  : kr.co.seoulit.reception.controller.ReceptionController.getReceptions()종료
2026-02-23 15:12:41.894 INFO  k.co.seoulit.common.aop.LoggerAspect - Controller  : kr.co.seoulit.reception.controller.ReceptionController.getReceptions()시작
2026-02-23 15:12:41.894 INFO  k.c.s.r.c.ReceptionController - Reception list request: searchType=null, searchValue=null
2026-02-23 15:12:41.894 INFO  k.co.seoulit.common.aop.LoggerAspect - ServiceImpl  : kr.co.seoulit.reception.service.ReceptionServiceImpl.getReceptionList()시작
2026-02-23 15:12:41.911 INFO  k.co.seoulit.common.aop.LoggerAspect - ServiceImpl  : kr.co.seoulit.reception.service.ReceptionServiceImpl.getReceptionList()종료
2026-02-23 15:12:41.965 INFO  k.co.seoulit.common.aop.LoggerAspect - Controller  : kr.co.seoulit.reception.controller.ReceptionController.getReceptions()종료
2026-02-23 15:13:18.102 INFO  k.co.seoulit.common.aop.LoggerAspect - Controller  : kr.co.seoulit.reception.controller.ReceptionController.createReception()시작
2026-02-23 15:13:18.102 INFO  k.c.s.r.c.ReceptionController - Create reception request: receptionNo=20260223-001
2026-02-23 15:13:18.148 INFO  k.co.seoulit.common.aop.LoggerAspect - ServiceImpl  : kr.co.seoulit.reception.service.ReceptionServiceImpl.createReception()시작
2026-02-23 15:13:18.412 INFO  k.co.seoulit.common.aop.LoggerAspect - Controller  : kr.co.seoulit.reception.controller.ReceptionController.getReceptions()시작
2026-02-23 15:13:18.413 INFO  k.c.s.r.c.ReceptionController - Reception list request: searchType=null, searchValue=null
2026-02-23 15:13:18.441 INFO  k.co.seoulit.common.aop.LoggerAspect - ServiceImpl  : kr.co.seoulit.reception.service.ReceptionServiceImpl.getReceptionList()시작
2026-02-23 15:13:18.478 INFO  k.co.seoulit.common.aop.LoggerAspect - ServiceImpl  : kr.co.seoulit.reception.service.ReceptionServiceImpl.getReceptionList()종료
2026-02-23 15:13:18.516 INFO  k.co.seoulit.common.aop.LoggerAspect - Controller  : kr.co.seoulit.reception.controller.ReceptionController.getReceptions()종료
2026-02-23 15:13:18.541 INFO  k.co.seoulit.common.aop.LoggerAspect - Controller  : kr.co.seoulit.reception.controller.ReceptionController.getReceptions()시작
2026-02-23 15:13:18.541 INFO  k.c.s.r.c.ReceptionController - Reception list request: searchType=null, searchValue=null
2026-02-23 15:13:18.542 INFO  k.co.seoulit.common.aop.LoggerAspect - ServiceImpl  : kr.co.seoulit.reception.service.ReceptionServiceImpl.getReceptionList()시작
2026-02-23 15:13:18.583 INFO  k.co.seoulit.common.aop.LoggerAspect - ServiceImpl  : kr.co.seoulit.reception.service.ReceptionServiceImpl.getReceptionList()종료
2026-02-23 15:13:18.617 INFO  k.co.seoulit.common.aop.LoggerAspect - Controller  : kr.co.seoulit.reception.controller.ReceptionController.getReceptions()종료
2026-02-23 15:13:19.064 DEBUG org.hibernate.SQL - select * from (select re1_0.reception_id c0,rownum rn from reception re1_0 where re1_0.reception_no=?) r_0_ where r_0_.rn<=? order by r_0_.rn
2026-02-23 15:13:19.064 TRACE org.hibernate.orm.jdbc.bind - binding parameter (1:VARCHAR) <- [20260223-001]
2026-02-23 15:13:19.065 TRACE org.hibernate.orm.jdbc.bind - binding parameter (2:INTEGER) <- [1]
2026-02-23 15:13:19.097 INFO  k.co.seoulit.common.aop.LoggerAspect - kr.co.seoulit.reception.mapstruct.ReceptionReqMapStructImpl.toEntity()시작
2026-02-23 15:13:19.097 INFO  k.co.seoulit.common.aop.LoggerAspect - kr.co.seoulit.reception.mapstruct.ReceptionReqMapStructImpl.toEntity()종료
2026-02-23 15:13:19.111 DEBUG org.hibernate.SQL - select pe1_0.patient_id,pe1_0.patient_name from patient pe1_0 where pe1_0.patient_name=?
2026-02-23 15:13:19.111 TRACE org.hibernate.orm.jdbc.bind - binding parameter (1:VARCHAR) <- [박준혁]
2026-02-23 15:13:19.147 DEBUG org.hibernate.SQL - select seq_patient.nextval from dual
2026-02-23 15:13:19.175 DEBUG org.hibernate.SQL - select seq_reception.nextval from dual
2026-02-23 15:13:19.213 INFO  k.co.seoulit.common.aop.LoggerAspect - kr.co.seoulit.reception.mapstruct.ReceptionResMapStructImpl.toDto()시작
2026-02-23 15:13:19.213 INFO  k.co.seoulit.common.aop.LoggerAspect - kr.co.seoulit.reception.mapstruct.ReceptionResMapStructImpl.toDto()종료
2026-02-23 15:13:19.215 DEBUG org.hibernate.SQL - select seq_audit_log.nextval from dual
2026-02-23 15:13:19.248 INFO  k.co.seoulit.common.aop.LoggerAspect - ServiceImpl  : kr.co.seoulit.reception.service.ReceptionServiceImpl.createReception()종료
2026-02-23 15:13:19.251 DEBUG org.hibernate.SQL - insert into patient (patient_name,patient_id) values (?,?)
2026-02-23 15:13:19.251 TRACE org.hibernate.orm.jdbc.bind - binding parameter (1:VARCHAR) <- [박준혁]
2026-02-23 15:13:19.252 TRACE org.hibernate.orm.jdbc.bind - binding parameter (2:BIGINT) <- [18]
2026-02-23 15:13:19.264 DEBUG org.hibernate.SQL - insert into reception (arrived_at,cancel_reason_code,cancel_reason_text,created_at,created_by,department_id,department_name,doctor_id,doctor_name,hold_reason_code,hold_reason_text,inactive_at,inactive_reason_code,inactive_reason_text,is_active,note,patient_id,patient_name,reception_no,reservation_id,scheduled_at,status,updated_at,updated_by,visit_type,reception_id) values (?,?,?,?,?,?,?,?,?,?,?,?,?,?,?,?,?,?,?,?,?,?,?,?,?,?)
2026-02-23 15:13:19.264 TRACE org.hibernate.orm.jdbc.bind - binding parameter (1:TIMESTAMP) <- [2026-02-23T15:13]
2026-02-23 15:13:19.264 TRACE org.hibernate.orm.jdbc.bind - binding parameter (2:VARCHAR) <- [null]
2026-02-23 15:13:19.265 TRACE org.hibernate.orm.jdbc.bind - binding parameter (3:VARCHAR) <- [null]
2026-02-23 15:13:19.265 TRACE org.hibernate.orm.jdbc.bind - binding parameter (4:TIMESTAMP) <- [2026-02-23T15:13:19.264931]
2026-02-23 15:13:19.265 TRACE org.hibernate.orm.jdbc.bind - binding parameter (5:BIGINT) <- [null]
2026-02-23 15:13:19.265 TRACE org.hibernate.orm.jdbc.bind - binding parameter (6:BIGINT) <- [1]
2026-02-23 15:13:19.265 TRACE org.hibernate.orm.jdbc.bind - binding parameter (7:VARCHAR) <- [내과]
2026-02-23 15:13:19.265 TRACE org.hibernate.orm.jdbc.bind - binding parameter (8:BIGINT) <- [1]
2026-02-23 15:13:19.265 TRACE org.hibernate.orm.jdbc.bind - binding parameter (9:VARCHAR) <- [송태민]
2026-02-23 15:13:19.265 TRACE org.hibernate.orm.jdbc.bind - binding parameter (10:VARCHAR) <- [null]
2026-02-23 15:13:19.265 TRACE org.hibernate.orm.jdbc.bind - binding parameter (11:VARCHAR) <- [null]
2026-02-23 15:13:19.265 TRACE org.hibernate.orm.jdbc.bind - binding parameter (12:TIMESTAMP) <- [null]
2026-02-23 15:13:19.265 TRACE org.hibernate.orm.jdbc.bind - binding parameter (13:VARCHAR) <- [null]
2026-02-23 15:13:19.265 TRACE org.hibernate.orm.jdbc.bind - binding parameter (14:VARCHAR) <- [null]
2026-02-23 15:13:19.265 TRACE org.hibernate.orm.jdbc.bind - binding parameter (15:BOOLEAN) <- [true]
2026-02-23 15:13:19.266 TRACE org.hibernate.orm.jdbc.bind - binding parameter (16:VARCHAR) <- [null]
2026-02-23 15:13:19.266 TRACE org.hibernate.orm.jdbc.bind - binding parameter (17:BIGINT) <- [18]
2026-02-23 15:13:19.266 TRACE org.hibernate.orm.jdbc.bind - binding parameter (18:VARCHAR) <- [박준혁]
2026-02-23 15:13:19.266 TRACE org.hibernate.orm.jdbc.bind - binding parameter (19:VARCHAR) <- [20260223-001]
2026-02-23 15:13:19.266 TRACE org.hibernate.orm.jdbc.bind - binding parameter (20:BIGINT) <- [null]
2026-02-23 15:13:19.266 TRACE org.hibernate.orm.jdbc.bind - binding parameter (21:TIMESTAMP) <- [2026-02-23T15:13]
2026-02-23 15:13:19.266 TRACE org.hibernate.orm.jdbc.bind - binding parameter (22:VARCHAR) <- [WAITING]
2026-02-23 15:13:19.266 TRACE org.hibernate.orm.jdbc.bind - binding parameter (23:TIMESTAMP) <- [2026-02-23T15:13:19.264931]
2026-02-23 15:13:19.266 TRACE org.hibernate.orm.jdbc.bind - binding parameter (24:BIGINT) <- [null]
2026-02-23 15:13:19.266 TRACE org.hibernate.orm.jdbc.bind - binding parameter (25:VARCHAR) <- [OUTPATIENT]
2026-02-23 15:13:19.266 TRACE org.hibernate.orm.jdbc.bind - binding parameter (26:BIGINT) <- [10]
2026-02-23 15:13:19.277 DEBUG org.hibernate.SQL - insert into audit_log (action,actor_id,after_json,before_json,diff_json,entity_id,entity_type,occurred_at,reason_code,reason_text,audit_log_id) values (?,?,?,?,?,?,?,?,?,?,?)
2026-02-23 15:13:19.278 TRACE org.hibernate.orm.jdbc.bind - binding parameter (1:VARCHAR) <- [CREATE]
2026-02-23 15:13:19.278 TRACE org.hibernate.orm.jdbc.bind - binding parameter (2:BIGINT) <- [null]
2026-02-23 15:13:19.278 TRACE org.hibernate.orm.jdbc.bind - binding parameter (3:VARCHAR) <- [{"receptionId":10,"receptionNo":"20260223-001","patientId":18,"patientName":"박준혁","visitType":"OUTPATIENT","departmentId":1,"departmentName":"내과","doctorId":1,"doctorName":"송태민","reservationId":null,"scheduledAt":"2026-02-23T15:13:00","arrivedAt":"2026-02-23T15:13:00","status":"WAITING","note":null,"isActive":true,"inactiveAt":null,"inactiveReasonCode":null,"inactiveReasonText":null,"cancelReasonCode":null,"cancelReasonText":null,"holdReasonCode":null,"holdReasonText":null,"createdBy":null,"updatedBy":null,"createdAt":null,"updatedAt":null}]
2026-02-23 15:13:19.278 TRACE org.hibernate.orm.jdbc.bind - binding parameter (4:VARCHAR) <- [null]
2026-02-23 15:13:19.278 TRACE org.hibernate.orm.jdbc.bind - binding parameter (5:VARCHAR) <- [null]
2026-02-23 15:13:19.278 TRACE org.hibernate.orm.jdbc.bind - binding parameter (6:BIGINT) <- [10]
2026-02-23 15:13:19.278 TRACE org.hibernate.orm.jdbc.bind - binding parameter (7:VARCHAR) <- [RECEPTION]
2026-02-23 15:13:19.278 TRACE org.hibernate.orm.jdbc.bind - binding parameter (8:TIMESTAMP) <- [2026-02-23T15:13:19.277926]
2026-02-23 15:13:19.278 TRACE org.hibernate.orm.jdbc.bind - binding parameter (9:VARCHAR) <- [null]
2026-02-23 15:13:19.278 TRACE org.hibernate.orm.jdbc.bind - binding parameter (10:VARCHAR) <- [null]
2026-02-23 15:13:19.278 TRACE org.hibernate.orm.jdbc.bind - binding parameter (11:BIGINT) <- [57]
2026-02-23 15:13:19.319 INFO  k.co.seoulit.common.aop.LoggerAspect - Controller  : kr.co.seoulit.reception.controller.ReceptionController.createReception()종료
2026-02-23 15:13:19.330 INFO  k.co.seoulit.common.aop.LoggerAspect - Controller  : kr.co.seoulit.reception.controller.ReceptionController.getReceptions()시작
2026-02-23 15:13:19.330 INFO  k.c.s.r.c.ReceptionController - Reception list request: searchType=null, searchValue=null
2026-02-23 15:13:19.331 INFO  k.co.seoulit.common.aop.LoggerAspect - ServiceImpl  : kr.co.seoulit.reception.service.ReceptionServiceImpl.getReceptionList()시작
2026-02-23 15:13:19.362 INFO  k.co.seoulit.common.aop.LoggerAspect - ServiceImpl  : kr.co.seoulit.reception.service.ReceptionServiceImpl.getReceptionList()종료
2026-02-23 15:13:19.370 INFO  k.co.seoulit.common.aop.LoggerAspect - Controller  : kr.co.seoulit.reception.controller.ReceptionController.getReceptions()종료
2026-02-23 15:13:25.913 INFO  k.co.seoulit.common.aop.LoggerAspect - Controller  : kr.co.seoulit.reception.controller.ReceptionController.getReception()시작
2026-02-23 15:13:25.913 INFO  k.c.s.r.c.ReceptionController - Get reception request: id=10
2026-02-23 15:13:25.946 INFO  k.co.seoulit.common.aop.LoggerAspect - ServiceImpl  : kr.co.seoulit.reception.service.ReceptionServiceImpl.getReception()시작
2026-02-23 15:13:25.946 DEBUG org.hibernate.SQL - select re1_0.reception_id,re1_0.arrived_at,re1_0.cancel_reason_code,re1_0.cancel_reason_text,re1_0.created_at,re1_0.created_by,re1_0.department_id,re1_0.department_name,re1_0.doctor_id,re1_0.doctor_name,re1_0.hold_reason_code,re1_0.hold_reason_text,re1_0.inactive_at,re1_0.inactive_reason_code,re1_0.inactive_reason_text,re1_0.is_active,re1_0.note,re1_0.patient_id,re1_0.patient_name,re1_0.reception_no,re1_0.reservation_id,re1_0.scheduled_at,re1_0.status,re1_0.updated_at,re1_0.updated_by,re1_0.visit_type from reception re1_0 where re1_0.reception_id=?
2026-02-23 15:13:25.946 TRACE org.hibernate.orm.jdbc.bind - binding parameter (1:BIGINT) <- [10]
2026-02-23 15:13:25.961 INFO  k.co.seoulit.common.aop.LoggerAspect - kr.co.seoulit.reception.mapstruct.ReceptionResMapStructImpl.toDto()시작
2026-02-23 15:13:25.961 INFO  k.co.seoulit.common.aop.LoggerAspect - kr.co.seoulit.reception.mapstruct.ReceptionResMapStructImpl.toDto()종료
2026-02-23 15:13:25.961 INFO  k.co.seoulit.common.aop.LoggerAspect - ServiceImpl  : kr.co.seoulit.reception.service.ReceptionServiceImpl.getReception()종료
2026-02-23 15:13:25.991 INFO  k.co.seoulit.common.aop.LoggerAspect - Controller  : kr.co.seoulit.reception.controller.ReceptionController.getReception()종료
2026-02-23 15:13:28.845 INFO  k.co.seoulit.common.aop.LoggerAspect - Controller  : kr.co.seoulit.reception.controller.ReceptionController.getReceptions()시작
2026-02-23 15:13:28.845 INFO  k.c.s.r.c.ReceptionController - Reception list request: searchType=null, searchValue=null
2026-02-23 15:13:28.856 INFO  k.co.seoulit.common.aop.LoggerAspect - ServiceImpl  : kr.co.seoulit.reception.service.ReceptionServiceImpl.getReceptionList()시작
2026-02-23 15:13:28.877 INFO  k.co.seoulit.common.aop.LoggerAspect - ServiceImpl  : kr.co.seoulit.reception.service.ReceptionServiceImpl.getReceptionList()종료
2026-02-23 15:13:28.887 INFO  k.co.seoulit.common.aop.LoggerAspect - Controller  : kr.co.seoulit.reception.controller.ReceptionController.getReceptions()종료
2026-02-23 15:13:28.897 INFO  k.co.seoulit.common.aop.LoggerAspect - Controller  : kr.co.seoulit.reception.controller.ReceptionController.getReceptions()시작
2026-02-23 15:13:28.898 INFO  k.c.s.r.c.ReceptionController - Reception list request: searchType=null, searchValue=null
2026-02-23 15:13:28.898 INFO  k.co.seoulit.common.aop.LoggerAspect - ServiceImpl  : kr.co.seoulit.reception.service.ReceptionServiceImpl.getReceptionList()시작
2026-02-23 15:13:28.915 INFO  k.co.seoulit.common.aop.LoggerAspect - ServiceImpl  : kr.co.seoulit.reception.service.ReceptionServiceImpl.getReceptionList()종료
2026-02-23 15:13:29.040 INFO  k.co.seoulit.common.aop.LoggerAspect - Controller  : kr.co.seoulit.reception.controller.ReceptionController.getReceptions()종료
2026-02-23 15:14:20.490 INFO  k.co.seoulit.common.aop.LoggerAspect - Controller  : kr.co.seoulit.reception.controller.ReceptionController.createReception()시작
2026-02-23 15:14:20.490 INFO  k.c.s.r.c.ReceptionController - Create reception request: receptionNo=20260223-002
2026-02-23 15:14:20.506 INFO  k.co.seoulit.common.aop.LoggerAspect - ServiceImpl  : kr.co.seoulit.reception.service.ReceptionServiceImpl.createReception()시작
2026-02-23 15:14:20.507 DEBUG org.hibernate.SQL - select * from (select re1_0.reception_id c0,rownum rn from reception re1_0 where re1_0.reception_no=?) r_0_ where r_0_.rn<=? order by r_0_.rn
2026-02-23 15:14:20.507 TRACE org.hibernate.orm.jdbc.bind - binding parameter (1:VARCHAR) <- [20260223-002]
2026-02-23 15:14:20.507 TRACE org.hibernate.orm.jdbc.bind - binding parameter (2:INTEGER) <- [1]
2026-02-23 15:14:20.516 INFO  k.co.seoulit.common.aop.LoggerAspect - kr.co.seoulit.reception.mapstruct.ReceptionReqMapStructImpl.toEntity()시작
2026-02-23 15:14:20.516 INFO  k.co.seoulit.common.aop.LoggerAspect - kr.co.seoulit.reception.mapstruct.ReceptionReqMapStructImpl.toEntity()종료
2026-02-23 15:14:20.518 DEBUG org.hibernate.SQL - select pe1_0.patient_id,pe1_0.patient_name from patient pe1_0 where pe1_0.patient_name=?
2026-02-23 15:14:20.518 TRACE org.hibernate.orm.jdbc.bind - binding parameter (1:VARCHAR) <- [박준수]
2026-02-23 15:14:20.528 DEBUG org.hibernate.SQL - select seq_patient.nextval from dual
2026-02-23 15:14:20.548 DEBUG org.hibernate.SQL - select seq_reception.nextval from dual
2026-02-23 15:14:20.558 INFO  k.co.seoulit.common.aop.LoggerAspect - kr.co.seoulit.reception.mapstruct.ReceptionResMapStructImpl.toDto()시작
2026-02-23 15:14:20.559 INFO  k.co.seoulit.common.aop.LoggerAspect - kr.co.seoulit.reception.mapstruct.ReceptionResMapStructImpl.toDto()종료
2026-02-23 15:14:20.561 DEBUG org.hibernate.SQL - select seq_audit_log.nextval from dual
2026-02-23 15:14:20.592 INFO  k.co.seoulit.common.aop.LoggerAspect - ServiceImpl  : kr.co.seoulit.reception.service.ReceptionServiceImpl.createReception()종료
2026-02-23 15:14:20.593 DEBUG org.hibernate.SQL - insert into patient (patient_name,patient_id) values (?,?)
2026-02-23 15:14:20.594 TRACE org.hibernate.orm.jdbc.bind - binding parameter (1:VARCHAR) <- [박준수]
2026-02-23 15:14:20.594 TRACE org.hibernate.orm.jdbc.bind - binding parameter (2:BIGINT) <- [19]
2026-02-23 15:14:20.621 DEBUG org.hibernate.SQL - insert into reception (arrived_at,cancel_reason_code,cancel_reason_text,created_at,created_by,department_id,department_name,doctor_id,doctor_name,hold_reason_code,hold_reason_text,inactive_at,inactive_reason_code,inactive_reason_text,is_active,note,patient_id,patient_name,reception_no,reservation_id,scheduled_at,status,updated_at,updated_by,visit_type,reception_id) values (?,?,?,?,?,?,?,?,?,?,?,?,?,?,?,?,?,?,?,?,?,?,?,?,?,?)
2026-02-23 15:14:20.622 TRACE org.hibernate.orm.jdbc.bind - binding parameter (1:TIMESTAMP) <- [2026-02-23T15:14]
2026-02-23 15:14:20.622 TRACE org.hibernate.orm.jdbc.bind - binding parameter (2:VARCHAR) <- [null]
2026-02-23 15:14:20.622 TRACE org.hibernate.orm.jdbc.bind - binding parameter (3:VARCHAR) <- [null]
2026-02-23 15:14:20.622 TRACE org.hibernate.orm.jdbc.bind - binding parameter (4:TIMESTAMP) <- [2026-02-23T15:14:20.620575]
2026-02-23 15:14:20.622 TRACE org.hibernate.orm.jdbc.bind - binding parameter (5:BIGINT) <- [null]
2026-02-23 15:14:20.623 TRACE org.hibernate.orm.jdbc.bind - binding parameter (6:BIGINT) <- [4]
2026-02-23 15:14:20.623 TRACE org.hibernate.orm.jdbc.bind - binding parameter (7:VARCHAR) <- [신경외과]
2026-02-23 15:14:20.623 TRACE org.hibernate.orm.jdbc.bind - binding parameter (8:BIGINT) <- [4]
2026-02-23 15:14:20.623 TRACE org.hibernate.orm.jdbc.bind - binding parameter (9:VARCHAR) <- [최효정]
2026-02-23 15:14:20.623 TRACE org.hibernate.orm.jdbc.bind - binding parameter (10:VARCHAR) <- [null]
2026-02-23 15:14:20.623 TRACE org.hibernate.orm.jdbc.bind - binding parameter (11:VARCHAR) <- [null]
2026-02-23 15:14:20.623 TRACE org.hibernate.orm.jdbc.bind - binding parameter (12:TIMESTAMP) <- [null]
2026-02-23 15:14:20.623 TRACE org.hibernate.orm.jdbc.bind - binding parameter (13:VARCHAR) <- [null]
2026-02-23 15:14:20.623 TRACE org.hibernate.orm.jdbc.bind - binding parameter (14:VARCHAR) <- [null]
2026-02-23 15:14:20.623 TRACE org.hibernate.orm.jdbc.bind - binding parameter (15:BOOLEAN) <- [true]
2026-02-23 15:14:20.623 TRACE org.hibernate.orm.jdbc.bind - binding parameter (16:VARCHAR) <- [null]
2026-02-23 15:14:20.623 TRACE org.hibernate.orm.jdbc.bind - binding parameter (17:BIGINT) <- [19]
2026-02-23 15:14:20.623 TRACE org.hibernate.orm.jdbc.bind - binding parameter (18:VARCHAR) <- [박준수]
2026-02-23 15:14:20.623 TRACE org.hibernate.orm.jdbc.bind - binding parameter (19:VARCHAR) <- [20260223-002]
2026-02-23 15:14:20.624 TRACE org.hibernate.orm.jdbc.bind - binding parameter (20:BIGINT) <- [null]
2026-02-23 15:14:20.624 TRACE org.hibernate.orm.jdbc.bind - binding parameter (21:TIMESTAMP) <- [2026-02-23T15:13]
2026-02-23 15:14:20.624 TRACE org.hibernate.orm.jdbc.bind - binding parameter (22:VARCHAR) <- [WAITING]
2026-02-23 15:14:20.624 TRACE org.hibernate.orm.jdbc.bind - binding parameter (23:TIMESTAMP) <- [2026-02-23T15:14:20.620575]
2026-02-23 15:14:20.624 TRACE org.hibernate.orm.jdbc.bind - binding parameter (24:BIGINT) <- [null]
2026-02-23 15:14:20.624 TRACE org.hibernate.orm.jdbc.bind - binding parameter (25:VARCHAR) <- [OUTPATIENT]
2026-02-23 15:14:20.624 TRACE org.hibernate.orm.jdbc.bind - binding parameter (26:BIGINT) <- [11]
2026-02-23 15:14:20.654 DEBUG org.hibernate.SQL - insert into audit_log (action,actor_id,after_json,before_json,diff_json,entity_id,entity_type,occurred_at,reason_code,reason_text,audit_log_id) values (?,?,?,?,?,?,?,?,?,?,?)
2026-02-23 15:14:20.654 TRACE org.hibernate.orm.jdbc.bind - binding parameter (1:VARCHAR) <- [CREATE]
2026-02-23 15:14:20.655 TRACE org.hibernate.orm.jdbc.bind - binding parameter (2:BIGINT) <- [null]
2026-02-23 15:14:20.655 TRACE org.hibernate.orm.jdbc.bind - binding parameter (3:VARCHAR) <- [{"receptionId":11,"receptionNo":"20260223-002","patientId":19,"patientName":"박준수","visitType":"OUTPATIENT","departmentId":4,"departmentName":"신경외과","doctorId":4,"doctorName":"최효정","reservationId":null,"scheduledAt":"2026-02-23T15:13:00","arrivedAt":"2026-02-23T15:14:00","status":"WAITING","note":null,"isActive":true,"inactiveAt":null,"inactiveReasonCode":null,"inactiveReasonText":null,"cancelReasonCode":null,"cancelReasonText":null,"holdReasonCode":null,"holdReasonText":null,"createdBy":null,"updatedBy":null,"createdAt":null,"updatedAt":null}]
2026-02-23 15:14:20.655 TRACE org.hibernate.orm.jdbc.bind - binding parameter (4:VARCHAR) <- [null]
2026-02-23 15:14:20.655 TRACE org.hibernate.orm.jdbc.bind - binding parameter (5:VARCHAR) <- [null]
2026-02-23 15:14:20.655 TRACE org.hibernate.orm.jdbc.bind - binding parameter (6:BIGINT) <- [11]
2026-02-23 15:14:20.655 TRACE org.hibernate.orm.jdbc.bind - binding parameter (7:VARCHAR) <- [RECEPTION]
2026-02-23 15:14:20.655 TRACE org.hibernate.orm.jdbc.bind - binding parameter (8:TIMESTAMP) <- [2026-02-23T15:14:20.654573]
2026-02-23 15:14:20.655 TRACE org.hibernate.orm.jdbc.bind - binding parameter (9:VARCHAR) <- [null]
2026-02-23 15:14:20.655 TRACE org.hibernate.orm.jdbc.bind - binding parameter (10:VARCHAR) <- [null]
2026-02-23 15:14:20.655 TRACE org.hibernate.orm.jdbc.bind - binding parameter (11:BIGINT) <- [58]
2026-02-23 15:14:20.674 INFO  k.co.seoulit.common.aop.LoggerAspect - Controller  : kr.co.seoulit.reception.controller.ReceptionController.createReception()종료
2026-02-23 15:14:20.696 INFO  k.co.seoulit.common.aop.LoggerAspect - Controller  : kr.co.seoulit.reception.controller.ReceptionController.getReceptions()시작
2026-02-23 15:14:20.696 INFO  k.c.s.r.c.ReceptionController - Reception list request: searchType=null, searchValue=null
2026-02-23 15:14:20.696 INFO  k.co.seoulit.common.aop.LoggerAspect - ServiceImpl  : kr.co.seoulit.reception.service.ReceptionServiceImpl.getReceptionList()시작
2026-02-23 15:14:20.712 INFO  k.co.seoulit.common.aop.LoggerAspect - ServiceImpl  : kr.co.seoulit.reception.service.ReceptionServiceImpl.getReceptionList()종료
2026-02-23 15:14:20.743 INFO  k.co.seoulit.common.aop.LoggerAspect - Controller  : kr.co.seoulit.reception.controller.ReceptionController.getReceptions()종료
2026-02-23 15:14:21.002 INFO  k.co.seoulit.common.aop.LoggerAspect - Controller  : kr.co.seoulit.reception.controller.ReceptionController.getReceptions()시작
2026-02-23 15:14:21.002 INFO  k.c.s.r.c.ReceptionController - Reception list request: searchType=null, searchValue=null
2026-02-23 15:14:21.002 INFO  k.co.seoulit.common.aop.LoggerAspect - ServiceImpl  : kr.co.seoulit.reception.service.ReceptionServiceImpl.getReceptionList()시작
2026-02-23 15:14:21.018 INFO  k.co.seoulit.common.aop.LoggerAspect - ServiceImpl  : kr.co.seoulit.reception.service.ReceptionServiceImpl.getReceptionList()종료
2026-02-23 15:14:21.027 INFO  k.co.seoulit.common.aop.LoggerAspect - Controller  : kr.co.seoulit.reception.controller.ReceptionController.getReceptions()종료
2026-02-23 15:14:21.045 INFO  k.co.seoulit.common.aop.LoggerAspect - Controller  : kr.co.seoulit.reception.controller.ReceptionController.getReceptions()시작
2026-02-23 15:14:21.045 INFO  k.c.s.r.c.ReceptionController - Reception list request: searchType=null, searchValue=null
2026-02-23 15:14:21.059 INFO  k.co.seoulit.common.aop.LoggerAspect - ServiceImpl  : kr.co.seoulit.reception.service.ReceptionServiceImpl.getReceptionList()시작
2026-02-23 15:14:21.077 INFO  k.co.seoulit.common.aop.LoggerAspect - ServiceImpl  : kr.co.seoulit.reception.service.ReceptionServiceImpl.getReceptionList()종료
2026-02-23 15:14:21.094 INFO  k.co.seoulit.common.aop.LoggerAspect - Controller  : kr.co.seoulit.reception.controller.ReceptionController.getReceptions()종료
2026-02-23 15:14:32.028 INFO  k.co.seoulit.common.aop.LoggerAspect - Controller  : kr.co.seoulit.reception.controller.EmergencyReceptionController.getEmergencyReceptions()시작
2026-02-23 15:14:32.028 INFO  k.c.s.r.c.EmergencyReceptionController - 응급 접수 목록 요청: searchType=null, searchValue=null
2026-02-23 15:14:32.155 INFO  k.co.seoulit.common.aop.LoggerAspect - ServiceImpl  : kr.co.seoulit.reception.service.EmergencyReceptionServiceImpl.getEmergencyReceptionList()시작
2026-02-23 15:14:32.416 INFO  k.co.seoulit.common.aop.LoggerAspect - ServiceImpl  : kr.co.seoulit.reception.service.EmergencyReceptionServiceImpl.getEmergencyReceptionList()종료
2026-02-23 15:14:32.625 INFO  k.co.seoulit.common.aop.LoggerAspect - Controller  : kr.co.seoulit.reception.controller.EmergencyReceptionController.getEmergencyReceptions()종료
2026-02-23 15:14:32.639 INFO  k.co.seoulit.common.aop.LoggerAspect - Controller  : kr.co.seoulit.reception.controller.EmergencyReceptionController.getEmergencyReceptions()시작
2026-02-23 15:14:32.639 INFO  k.c.s.r.c.EmergencyReceptionController - 응급 접수 목록 요청: searchType=null, searchValue=null
2026-02-23 15:14:32.699 INFO  k.co.seoulit.common.aop.LoggerAspect - ServiceImpl  : kr.co.seoulit.reception.service.EmergencyReceptionServiceImpl.getEmergencyReceptionList()시작
2026-02-23 15:14:32.791 INFO  k.co.seoulit.common.aop.LoggerAspect - ServiceImpl  : kr.co.seoulit.reception.service.EmergencyReceptionServiceImpl.getEmergencyReceptionList()종료
2026-02-23 15:14:32.815 INFO  k.co.seoulit.common.aop.LoggerAspect - Controller  : kr.co.seoulit.reception.controller.EmergencyReceptionController.getEmergencyReceptions()종료
2026-02-23 15:14:35.467 INFO  k.co.seoulit.common.aop.LoggerAspect - Controller  : kr.co.seoulit.reception.controller.EmergencyReceptionController.getEmergencyReceptions()시작
2026-02-23 15:14:35.468 INFO  k.c.s.r.c.EmergencyReceptionController - 응급 접수 목록 요청: searchType=null, searchValue=null
2026-02-23 15:14:35.481 INFO  k.co.seoulit.common.aop.LoggerAspect - ServiceImpl  : kr.co.seoulit.reception.service.EmergencyReceptionServiceImpl.getEmergencyReceptionList()시작
2026-02-23 15:14:35.587 INFO  k.co.seoulit.common.aop.LoggerAspect - ServiceImpl  : kr.co.seoulit.reception.service.EmergencyReceptionServiceImpl.getEmergencyReceptionList()종료
2026-02-23 15:14:35.627 INFO  k.co.seoulit.common.aop.LoggerAspect - Controller  : kr.co.seoulit.reception.controller.EmergencyReceptionController.getEmergencyReceptions()종료
2026-02-23 15:14:35.678 INFO  k.co.seoulit.common.aop.LoggerAspect - Controller  : kr.co.seoulit.reception.controller.EmergencyReceptionController.getEmergencyReceptions()시작
2026-02-23 15:14:35.679 INFO  k.c.s.r.c.EmergencyReceptionController - 응급 접수 목록 요청: searchType=null, searchValue=null
2026-02-23 15:14:35.679 INFO  k.co.seoulit.common.aop.LoggerAspect - ServiceImpl  : kr.co.seoulit.reception.service.EmergencyReceptionServiceImpl.getEmergencyReceptionList()시작
2026-02-23 15:14:35.744 INFO  k.co.seoulit.common.aop.LoggerAspect - ServiceImpl  : kr.co.seoulit.reception.service.EmergencyReceptionServiceImpl.getEmergencyReceptionList()종료
2026-02-23 15:14:35.761 INFO  k.co.seoulit.common.aop.LoggerAspect - Controller  : kr.co.seoulit.reception.controller.EmergencyReceptionController.getEmergencyReceptions()종료
2026-02-23 15:14:39.284 INFO  k.co.seoulit.common.aop.LoggerAspect - Controller  : kr.co.seoulit.reception.controller.ReservationController.getReservations()시작
2026-02-23 15:14:39.284 INFO  k.c.s.r.c.ReservationController - 예약 목록 요청: searchType=null, searchValue=null
2026-02-23 15:14:39.307 INFO  k.co.seoulit.common.aop.LoggerAspect - ServiceImpl  : kr.co.seoulit.reception.service.ReservationServiceImpl.getReservationList()시작
2026-02-23 15:14:39.326 INFO  k.co.seoulit.common.aop.LoggerAspect - ServiceImpl  : kr.co.seoulit.reception.service.ReservationServiceImpl.getReservationList()종료
2026-02-23 15:14:39.333 INFO  k.co.seoulit.common.aop.LoggerAspect - Controller  : kr.co.seoulit.reception.controller.ReservationController.getReservations()종료
2026-02-23 15:14:39.353 INFO  k.co.seoulit.common.aop.LoggerAspect - Controller  : kr.co.seoulit.reception.controller.ReservationController.getReservations()시작
2026-02-23 15:14:39.356 INFO  k.c.s.r.c.ReservationController - 예약 목록 요청: searchType=null, searchValue=null
2026-02-23 15:14:39.358 INFO  k.co.seoulit.common.aop.LoggerAspect - ServiceImpl  : kr.co.seoulit.reception.service.ReservationServiceImpl.getReservationList()시작
2026-02-23 15:14:39.370 INFO  k.co.seoulit.common.aop.LoggerAspect - ServiceImpl  : kr.co.seoulit.reception.service.ReservationServiceImpl.getReservationList()종료
2026-02-23 15:14:39.408 INFO  k.co.seoulit.common.aop.LoggerAspect - Controller  : kr.co.seoulit.reception.controller.ReservationController.getReservations()종료
2026-02-23 15:14:44.468 INFO  k.co.seoulit.common.aop.LoggerAspect - Controller  : kr.co.seoulit.reception.controller.ReservationController.getReservations()시작
2026-02-23 15:14:44.469 INFO  k.c.s.r.c.ReservationController - 예약 목록 요청: searchType=null, searchValue=null
2026-02-23 15:14:44.469 INFO  k.co.seoulit.common.aop.LoggerAspect - Controller  : kr.co.seoulit.reception.controller.PatientController.getPatients()시작
2026-02-23 15:14:44.483 INFO  k.co.seoulit.common.aop.LoggerAspect - ServiceImpl  : kr.co.seoulit.reception.service.ReservationServiceImpl.getReservationList()시작
2026-02-23 15:14:44.492 DEBUG org.hibernate.SQL - select pe1_0.patient_id,pe1_0.patient_name from patient pe1_0
2026-02-23 15:14:44.493 INFO  k.co.seoulit.common.aop.LoggerAspect - ServiceImpl  : kr.co.seoulit.reception.service.ReservationServiceImpl.getReservationList()종료
2026-02-23 15:14:44.501 INFO  k.co.seoulit.common.aop.LoggerAspect - Controller  : kr.co.seoulit.reception.controller.ReservationController.getReservations()종료
2026-02-23 15:14:44.522 INFO  k.co.seoulit.common.aop.LoggerAspect - Controller  : kr.co.seoulit.reception.controller.ReservationController.getReservations()시작
2026-02-23 15:14:44.522 INFO  k.c.s.r.c.ReservationController - 예약 목록 요청: searchType=null, searchValue=null
2026-02-23 15:14:44.523 INFO  k.co.seoulit.common.aop.LoggerAspect - ServiceImpl  : kr.co.seoulit.reception.service.ReservationServiceImpl.getReservationList()시작
2026-02-23 15:14:44.534 INFO  k.co.seoulit.common.aop.LoggerAspect - ServiceImpl  : kr.co.seoulit.reception.service.ReservationServiceImpl.getReservationList()종료
2026-02-23 15:14:44.542 INFO  k.co.seoulit.common.aop.LoggerAspect - Controller  : kr.co.seoulit.reception.controller.ReservationController.getReservations()종료
2026-02-23 15:14:44.560 INFO  k.co.seoulit.common.aop.LoggerAspect - Controller  : kr.co.seoulit.reception.controller.PatientController.getPatients()종료
2026-02-23 15:14:44.585 INFO  k.co.seoulit.common.aop.LoggerAspect - Controller  : kr.co.seoulit.reception.controller.PatientController.getPatients()시작
2026-02-23 15:14:44.592 DEBUG org.hibernate.SQL - select pe1_0.patient_id,pe1_0.patient_name from patient pe1_0
2026-02-23 15:14:44.638 INFO  k.co.seoulit.common.aop.LoggerAspect - Controller  : kr.co.seoulit.reception.controller.PatientController.getPatients()종료
2026-02-23 15:14:51.008 INFO  k.co.seoulit.common.aop.LoggerAspect - Controller  : kr.co.seoulit.reception.controller.InpatientReceptionController.getInpatientReceptions()시작
2026-02-23 15:14:51.009 INFO  k.c.s.r.c.InpatientReceptionController - 입원 접수 목록 요청: searchType=null, searchValue=null
2026-02-23 15:14:51.019 INFO  k.co.seoulit.common.aop.LoggerAspect - ServiceImpl  : kr.co.seoulit.reception.service.InpatientReceptionServiceImpl.getInpatientReceptionList()시작
2026-02-23 15:14:51.084 INFO  k.co.seoulit.common.aop.LoggerAspect - ServiceImpl  : kr.co.seoulit.reception.service.InpatientReceptionServiceImpl.getInpatientReceptionList()종료
2026-02-23 15:14:51.101 INFO  k.co.seoulit.common.aop.LoggerAspect - Controller  : kr.co.seoulit.reception.controller.InpatientReceptionController.getInpatientReceptions()종료
2026-02-23 15:14:51.115 INFO  k.co.seoulit.common.aop.LoggerAspect - Controller  : kr.co.seoulit.reception.controller.InpatientReceptionController.getInpatientReceptions()시작
2026-02-23 15:14:51.115 INFO  k.c.s.r.c.InpatientReceptionController - 입원 접수 목록 요청: searchType=null, searchValue=null
2026-02-23 15:14:51.146 INFO  k.co.seoulit.common.aop.LoggerAspect - ServiceImpl  : kr.co.seoulit.reception.service.InpatientReceptionServiceImpl.getInpatientReceptionList()시작
2026-02-23 15:14:51.222 INFO  k.co.seoulit.common.aop.LoggerAspect - ServiceImpl  : kr.co.seoulit.reception.service.InpatientReceptionServiceImpl.getInpatientReceptionList()종료
2026-02-23 15:14:51.239 INFO  k.co.seoulit.common.aop.LoggerAspect - Controller  : kr.co.seoulit.reception.controller.InpatientReceptionController.getInpatientReceptions()종료
2026-02-23 15:14:53.766 INFO  k.co.seoulit.common.aop.LoggerAspect - Controller  : kr.co.seoulit.reception.controller.InpatientReceptionController.getInpatientReceptions()시작
2026-02-23 15:14:53.766 INFO  k.c.s.r.c.InpatientReceptionController - 입원 접수 목록 요청: searchType=null, searchValue=null
2026-02-23 15:14:53.777 INFO  k.co.seoulit.common.aop.LoggerAspect - ServiceImpl  : kr.co.seoulit.reception.service.InpatientReceptionServiceImpl.getInpatientReceptionList()시작
2026-02-23 15:14:53.808 INFO  k.co.seoulit.common.aop.LoggerAspect - ServiceImpl  : kr.co.seoulit.reception.service.InpatientReceptionServiceImpl.getInpatientReceptionList()종료
2026-02-23 15:14:53.817 INFO  k.co.seoulit.common.aop.LoggerAspect - Controller  : kr.co.seoulit.reception.controller.InpatientReceptionController.getInpatientReceptions()종료
2026-02-23 15:14:53.831 INFO  k.co.seoulit.common.aop.LoggerAspect - Controller  : kr.co.seoulit.reception.controller.InpatientReceptionController.getInpatientReceptions()시작
2026-02-23 15:14:53.831 INFO  k.c.s.r.c.InpatientReceptionController - 입원 접수 목록 요청: searchType=null, searchValue=null
2026-02-23 15:14:53.831 INFO  k.co.seoulit.common.aop.LoggerAspect - ServiceImpl  : kr.co.seoulit.reception.service.InpatientReceptionServiceImpl.getInpatientReceptionList()시작
2026-02-23 15:14:53.855 INFO  k.co.seoulit.common.aop.LoggerAspect - ServiceImpl  : kr.co.seoulit.reception.service.InpatientReceptionServiceImpl.getInpatientReceptionList()종료
2026-02-23 15:14:53.868 INFO  k.co.seoulit.common.aop.LoggerAspect - Controller  : kr.co.seoulit.reception.controller.InpatientReceptionController.getInpatientReceptions()종료
2026-02-23 15:16:03.167 INFO  k.co.seoulit.common.aop.LoggerAspect - Controller  : kr.co.seoulit.reception.controller.ReceptionController.getReceptions()시작
2026-02-23 15:16:03.167 INFO  k.c.s.r.c.ReceptionController - Reception list request: searchType=null, searchValue=null
2026-02-23 15:16:03.177 INFO  k.co.seoulit.common.aop.LoggerAspect - ServiceImpl  : kr.co.seoulit.reception.service.ReceptionServiceImpl.getReceptionList()시작
2026-02-23 15:16:03.246 INFO  k.co.seoulit.common.aop.LoggerAspect - ServiceImpl  : kr.co.seoulit.reception.service.ReceptionServiceImpl.getReceptionList()종료
2026-02-23 15:16:03.281 INFO  k.co.seoulit.common.aop.LoggerAspect - Controller  : kr.co.seoulit.reception.controller.ReceptionController.getReceptions()종료
2026-02-23 15:16:03.299 INFO  k.co.seoulit.common.aop.LoggerAspect - Controller  : kr.co.seoulit.reception.controller.ReceptionController.getReceptions()시작
2026-02-23 15:16:03.299 INFO  k.c.s.r.c.ReceptionController - Reception list request: searchType=null, searchValue=null
2026-02-23 15:16:03.299 INFO  k.co.seoulit.common.aop.LoggerAspect - ServiceImpl  : kr.co.seoulit.reception.service.ReceptionServiceImpl.getReceptionList()시작
2026-02-23 15:16:03.345 INFO  k.co.seoulit.common.aop.LoggerAspect - ServiceImpl  : kr.co.seoulit.reception.service.ReceptionServiceImpl.getReceptionList()종료
2026-02-23 15:16:03.355 INFO  k.co.seoulit.common.aop.LoggerAspect - Controller  : kr.co.seoulit.reception.controller.ReceptionController.getReceptions()종료
2026-02-23 15:16:04.459 INFO  k.co.seoulit.common.aop.LoggerAspect - Controller  : kr.co.seoulit.reception.controller.ReceptionController.getReceptions()시작
2026-02-23 15:16:04.460 INFO  k.c.s.r.c.ReceptionController - Reception list request: searchType=null, searchValue=null
2026-02-23 15:16:04.484 INFO  k.co.seoulit.common.aop.LoggerAspect - ServiceImpl  : kr.co.seoulit.reception.service.ReceptionServiceImpl.getReceptionList()시작
2026-02-23 15:16:04.519 INFO  k.co.seoulit.common.aop.LoggerAspect - ServiceImpl  : kr.co.seoulit.reception.service.ReceptionServiceImpl.getReceptionList()종료
2026-02-23 15:16:04.559 INFO  k.co.seoulit.common.aop.LoggerAspect - Controller  : kr.co.seoulit.reception.controller.ReceptionController.getReceptions()종료
2026-02-23 15:16:04.570 INFO  k.co.seoulit.common.aop.LoggerAspect - Controller  : kr.co.seoulit.reception.controller.ReceptionController.getReceptions()시작
2026-02-23 15:16:04.571 INFO  k.c.s.r.c.ReceptionController - Reception list request: searchType=null, searchValue=null
2026-02-23 15:16:04.571 INFO  k.co.seoulit.common.aop.LoggerAspect - ServiceImpl  : kr.co.seoulit.reception.service.ReceptionServiceImpl.getReceptionList()시작
2026-02-23 15:16:04.602 INFO  k.co.seoulit.common.aop.LoggerAspect - ServiceImpl  : kr.co.seoulit.reception.service.ReceptionServiceImpl.getReceptionList()종료
2026-02-23 15:16:04.618 INFO  k.co.seoulit.common.aop.LoggerAspect - Controller  : kr.co.seoulit.reception.controller.ReceptionController.getReceptions()종료
2026-02-23 15:33:04.136 INFO  k.co.seoulit.common.aop.LoggerAspect - Controller  : kr.co.seoulit.reception.controller.ReceptionController.getReceptions()시작
2026-02-23 15:33:04.137 INFO  k.c.s.r.c.ReceptionController - Reception list request: searchType=null, searchValue=null
2026-02-23 15:33:04.148 INFO  k.co.seoulit.common.aop.LoggerAspect - ServiceImpl  : kr.co.seoulit.reception.service.ReceptionServiceImpl.getReceptionList()시작
2026-02-23 15:33:04.161 INFO  k.co.seoulit.common.aop.LoggerAspect - ServiceImpl  : kr.co.seoulit.reception.service.ReceptionServiceImpl.getReceptionList()종료
2026-02-23 15:33:04.172 INFO  k.co.seoulit.common.aop.LoggerAspect - Controller  : kr.co.seoulit.reception.controller.ReceptionController.getReceptions()종료
2026-02-23 15:33:04.187 INFO  k.co.seoulit.common.aop.LoggerAspect - Controller  : kr.co.seoulit.reception.controller.ReceptionController.getReceptions()시작
2026-02-23 15:33:04.187 INFO  k.c.s.r.c.ReceptionController - Reception list request: searchType=null, searchValue=null
2026-02-23 15:33:04.187 INFO  k.co.seoulit.common.aop.LoggerAspect - ServiceImpl  : kr.co.seoulit.reception.service.ReceptionServiceImpl.getReceptionList()시작
2026-02-23 15:33:04.209 INFO  k.co.seoulit.common.aop.LoggerAspect - ServiceImpl  : kr.co.seoulit.reception.service.ReceptionServiceImpl.getReceptionList()종료
2026-02-23 15:33:04.225 INFO  k.co.seoulit.common.aop.LoggerAspect - Controller  : kr.co.seoulit.reception.controller.ReceptionController.getReceptions()종료
2026-02-23 15:33:06.030 INFO  k.co.seoulit.common.aop.LoggerAspect - Controller  : kr.co.seoulit.reception.controller.ReceptionController.getReceptions()시작
2026-02-23 15:33:06.030 INFO  k.c.s.r.c.ReceptionController - Reception list request: searchType=null, searchValue=null
2026-02-23 15:33:06.045 INFO  k.co.seoulit.common.aop.LoggerAspect - ServiceImpl  : kr.co.seoulit.reception.service.ReceptionServiceImpl.getReceptionList()시작
2026-02-23 15:33:06.059 INFO  k.co.seoulit.common.aop.LoggerAspect - ServiceImpl  : kr.co.seoulit.reception.service.ReceptionServiceImpl.getReceptionList()종료
2026-02-23 15:33:06.068 INFO  k.co.seoulit.common.aop.LoggerAspect - Controller  : kr.co.seoulit.reception.controller.ReceptionController.getReceptions()종료
2026-02-23 15:33:06.078 INFO  k.co.seoulit.common.aop.LoggerAspect - Controller  : kr.co.seoulit.reception.controller.ReceptionController.getReceptions()시작
2026-02-23 15:33:06.078 INFO  k.c.s.r.c.ReceptionController - Reception list request: searchType=null, searchValue=null
2026-02-23 15:33:06.079 INFO  k.co.seoulit.common.aop.LoggerAspect - ServiceImpl  : kr.co.seoulit.reception.service.ReceptionServiceImpl.getReceptionList()시작
2026-02-23 15:33:06.096 INFO  k.co.seoulit.common.aop.LoggerAspect - ServiceImpl  : kr.co.seoulit.reception.service.ReceptionServiceImpl.getReceptionList()종료
2026-02-23 15:33:06.109 INFO  k.co.seoulit.common.aop.LoggerAspect - Controller  : kr.co.seoulit.reception.controller.ReceptionController.getReceptions()종료
2026-02-23 15:33:08.266 INFO  k.co.seoulit.common.aop.LoggerAspect - Controller  : kr.co.seoulit.reception.controller.ReceptionController.getReception()시작
2026-02-23 15:33:08.266 INFO  k.c.s.r.c.ReceptionController - Get reception request: id=5
2026-02-23 15:33:08.276 INFO  k.co.seoulit.common.aop.LoggerAspect - ServiceImpl  : kr.co.seoulit.reception.service.ReceptionServiceImpl.getReception()시작
2026-02-23 15:33:08.276 DEBUG org.hibernate.SQL - select re1_0.reception_id,re1_0.arrived_at,re1_0.cancel_reason_code,re1_0.cancel_reason_text,re1_0.created_at,re1_0.created_by,re1_0.department_id,re1_0.department_name,re1_0.doctor_id,re1_0.doctor_name,re1_0.hold_reason_code,re1_0.hold_reason_text,re1_0.inactive_at,re1_0.inactive_reason_code,re1_0.inactive_reason_text,re1_0.is_active,re1_0.note,re1_0.patient_id,re1_0.patient_name,re1_0.reception_no,re1_0.reservation_id,re1_0.scheduled_at,re1_0.status,re1_0.updated_at,re1_0.updated_by,re1_0.visit_type from reception re1_0 where re1_0.reception_id=?
2026-02-23 15:33:08.277 TRACE org.hibernate.orm.jdbc.bind - binding parameter (1:BIGINT) <- [5]
2026-02-23 15:33:08.293 INFO  k.co.seoulit.common.aop.LoggerAspect - kr.co.seoulit.reception.mapstruct.ReceptionResMapStructImpl.toDto()시작
2026-02-23 15:33:08.294 INFO  k.co.seoulit.common.aop.LoggerAspect - kr.co.seoulit.reception.mapstruct.ReceptionResMapStructImpl.toDto()종료
2026-02-23 15:33:08.294 INFO  k.co.seoulit.common.aop.LoggerAspect - ServiceImpl  : kr.co.seoulit.reception.service.ReceptionServiceImpl.getReception()종료
2026-02-23 15:33:08.303 INFO  k.co.seoulit.common.aop.LoggerAspect - Controller  : kr.co.seoulit.reception.controller.ReceptionController.getReception()종료
2026-02-23 15:33:13.980 INFO  k.co.seoulit.common.aop.LoggerAspect - Controller  : kr.co.seoulit.reception.controller.ReceptionController.getReception()시작
2026-02-23 15:33:13.981 INFO  k.c.s.r.c.ReceptionController - Get reception request: id=5
2026-02-23 15:33:13.993 INFO  k.co.seoulit.common.aop.LoggerAspect - ServiceImpl  : kr.co.seoulit.reception.service.ReceptionServiceImpl.getReception()시작
2026-02-23 15:33:13.994 DEBUG org.hibernate.SQL - select re1_0.reception_id,re1_0.arrived_at,re1_0.cancel_reason_code,re1_0.cancel_reason_text,re1_0.created_at,re1_0.created_by,re1_0.department_id,re1_0.department_name,re1_0.doctor_id,re1_0.doctor_name,re1_0.hold_reason_code,re1_0.hold_reason_text,re1_0.inactive_at,re1_0.inactive_reason_code,re1_0.inactive_reason_text,re1_0.is_active,re1_0.note,re1_0.patient_id,re1_0.patient_name,re1_0.reception_no,re1_0.reservation_id,re1_0.scheduled_at,re1_0.status,re1_0.updated_at,re1_0.updated_by,re1_0.visit_type from reception re1_0 where re1_0.reception_id=?
2026-02-23 15:33:13.996 TRACE org.hibernate.orm.jdbc.bind - binding parameter (1:BIGINT) <- [5]
2026-02-23 15:33:14.010 INFO  k.co.seoulit.common.aop.LoggerAspect - kr.co.seoulit.reception.mapstruct.ReceptionResMapStructImpl.toDto()시작
2026-02-23 15:33:14.010 INFO  k.co.seoulit.common.aop.LoggerAspect - kr.co.seoulit.reception.mapstruct.ReceptionResMapStructImpl.toDto()종료
2026-02-23 15:33:14.010 INFO  k.co.seoulit.common.aop.LoggerAspect - ServiceImpl  : kr.co.seoulit.reception.service.ReceptionServiceImpl.getReception()종료
2026-02-23 15:33:14.019 INFO  k.co.seoulit.common.aop.LoggerAspect - Controller  : kr.co.seoulit.reception.controller.ReceptionController.getReception()종료
2026-02-23 15:33:14.034 INFO  k.co.seoulit.common.aop.LoggerAspect - Controller  : kr.co.seoulit.reception.controller.ReceptionController.getReception()시작
2026-02-23 15:33:14.035 INFO  k.c.s.r.c.ReceptionController - Get reception request: id=5
2026-02-23 15:33:14.035 INFO  k.co.seoulit.common.aop.LoggerAspect - ServiceImpl  : kr.co.seoulit.reception.service.ReceptionServiceImpl.getReception()시작
2026-02-23 15:33:14.036 DEBUG org.hibernate.SQL - select re1_0.reception_id,re1_0.arrived_at,re1_0.cancel_reason_code,re1_0.cancel_reason_text,re1_0.created_at,re1_0.created_by,re1_0.department_id,re1_0.department_name,re1_0.doctor_id,re1_0.doctor_name,re1_0.hold_reason_code,re1_0.hold_reason_text,re1_0.inactive_at,re1_0.inactive_reason_code,re1_0.inactive_reason_text,re1_0.is_active,re1_0.note,re1_0.patient_id,re1_0.patient_name,re1_0.reception_no,re1_0.reservation_id,re1_0.scheduled_at,re1_0.status,re1_0.updated_at,re1_0.updated_by,re1_0.visit_type from reception re1_0 where re1_0.reception_id=?
2026-02-23 15:33:14.036 TRACE org.hibernate.orm.jdbc.bind - binding parameter (1:BIGINT) <- [5]
2026-02-23 15:33:14.047 INFO  k.co.seoulit.common.aop.LoggerAspect - kr.co.seoulit.reception.mapstruct.ReceptionResMapStructImpl.toDto()시작
2026-02-23 15:33:14.047 INFO  k.co.seoulit.common.aop.LoggerAspect - kr.co.seoulit.reception.mapstruct.ReceptionResMapStructImpl.toDto()종료
2026-02-23 15:33:14.047 INFO  k.co.seoulit.common.aop.LoggerAspect - ServiceImpl  : kr.co.seoulit.reception.service.ReceptionServiceImpl.getReception()종료
2026-02-23 15:33:14.055 INFO  k.co.seoulit.common.aop.LoggerAspect - Controller  : kr.co.seoulit.reception.controller.ReceptionController.getReception()종료
2026-02-23 15:35:24.913 INFO  k.co.seoulit.common.aop.LoggerAspect - Controller  : kr.co.seoulit.reception.controller.ReceptionController.getReceptions()시작
2026-02-23 15:35:24.913 INFO  k.c.s.r.c.ReceptionController - Reception list request: searchType=null, searchValue=null
2026-02-23 15:35:24.928 INFO  k.co.seoulit.common.aop.LoggerAspect - ServiceImpl  : kr.co.seoulit.reception.service.ReceptionServiceImpl.getReceptionList()시작
2026-02-23 15:35:24.967 INFO  k.co.seoulit.common.aop.LoggerAspect - ServiceImpl  : kr.co.seoulit.reception.service.ReceptionServiceImpl.getReceptionList()종료
2026-02-23 15:35:24.988 INFO  k.co.seoulit.common.aop.LoggerAspect - Controller  : kr.co.seoulit.reception.controller.ReceptionController.getReceptions()종료
2026-02-23 15:35:25.007 INFO  k.co.seoulit.common.aop.LoggerAspect - Controller  : kr.co.seoulit.reception.controller.ReceptionController.getReceptions()시작
2026-02-23 15:35:25.007 INFO  k.c.s.r.c.ReceptionController - Reception list request: searchType=null, searchValue=null
2026-02-23 15:35:25.007 INFO  k.co.seoulit.common.aop.LoggerAspect - ServiceImpl  : kr.co.seoulit.reception.service.ReceptionServiceImpl.getReceptionList()시작
2026-02-23 15:35:25.023 INFO  k.co.seoulit.common.aop.LoggerAspect - ServiceImpl  : kr.co.seoulit.reception.service.ReceptionServiceImpl.getReceptionList()종료
2026-02-23 15:35:25.031 INFO  k.co.seoulit.common.aop.LoggerAspect - Controller  : kr.co.seoulit.reception.controller.ReceptionController.getReceptions()종료
2026-02-23 15:39:28.568 INFO  k.co.seoulit.common.aop.LoggerAspect - Controller  : kr.co.seoulit.reception.controller.ReceptionController.getReceptions()시작
2026-02-23 15:39:28.568 INFO  k.c.s.r.c.ReceptionController - Reception list request: searchType=null, searchValue=null
2026-02-23 15:39:28.599 INFO  k.co.seoulit.common.aop.LoggerAspect - ServiceImpl  : kr.co.seoulit.reception.service.ReceptionServiceImpl.getReceptionList()시작
2026-02-23 15:39:28.649 INFO  k.co.seoulit.common.aop.LoggerAspect - ServiceImpl  : kr.co.seoulit.reception.service.ReceptionServiceImpl.getReceptionList()종료
2026-02-23 15:39:28.661 INFO  k.co.seoulit.common.aop.LoggerAspect - Controller  : kr.co.seoulit.reception.controller.ReceptionController.getReceptions()종료
2026-02-23 15:39:28.692 INFO  k.co.seoulit.common.aop.LoggerAspect - Controller  : kr.co.seoulit.reception.controller.ReceptionController.getReceptions()시작
2026-02-23 15:39:28.692 INFO  k.c.s.r.c.ReceptionController - Reception list request: searchType=null, searchValue=null
2026-02-23 15:39:28.693 INFO  k.co.seoulit.common.aop.LoggerAspect - ServiceImpl  : kr.co.seoulit.reception.service.ReceptionServiceImpl.getReceptionList()시작
2026-02-23 15:39:28.730 INFO  k.co.seoulit.common.aop.LoggerAspect - ServiceImpl  : kr.co.seoulit.reception.service.ReceptionServiceImpl.getReceptionList()종료
2026-02-23 15:39:28.759 INFO  k.co.seoulit.common.aop.LoggerAspect - Controller  : kr.co.seoulit.reception.controller.ReceptionController.getReceptions()종료
2026-02-23 15:39:28.835 INFO  k.co.seoulit.common.aop.LoggerAspect - Controller  : kr.co.seoulit.reception.controller.ReceptionController.getReception()시작
2026-02-23 15:39:28.836 INFO  k.c.s.r.c.ReceptionController - Get reception request: id=5
2026-02-23 15:39:28.836 INFO  k.co.seoulit.common.aop.LoggerAspect - ServiceImpl  : kr.co.seoulit.reception.service.ReceptionServiceImpl.getReception()시작
2026-02-23 15:39:28.837 DEBUG org.hibernate.SQL - select re1_0.reception_id,re1_0.arrived_at,re1_0.cancel_reason_code,re1_0.cancel_reason_text,re1_0.created_at,re1_0.created_by,re1_0.department_id,re1_0.department_name,re1_0.doctor_id,re1_0.doctor_name,re1_0.hold_reason_code,re1_0.hold_reason_text,re1_0.inactive_at,re1_0.inactive_reason_code,re1_0.inactive_reason_text,re1_0.is_active,re1_0.note,re1_0.patient_id,re1_0.patient_name,re1_0.reception_no,re1_0.reservation_id,re1_0.scheduled_at,re1_0.status,re1_0.updated_at,re1_0.updated_by,re1_0.visit_type from reception re1_0 where re1_0.reception_id=?
2026-02-23 15:39:28.837 TRACE org.hibernate.orm.jdbc.bind - binding parameter (1:BIGINT) <- [5]
2026-02-23 15:39:28.880 INFO  k.co.seoulit.common.aop.LoggerAspect - kr.co.seoulit.reception.mapstruct.ReceptionResMapStructImpl.toDto()시작
2026-02-23 15:39:28.880 INFO  k.co.seoulit.common.aop.LoggerAspect - kr.co.seoulit.reception.mapstruct.ReceptionResMapStructImpl.toDto()종료
2026-02-23 15:39:28.880 INFO  k.co.seoulit.common.aop.LoggerAspect - ServiceImpl  : kr.co.seoulit.reception.service.ReceptionServiceImpl.getReception()종료
2026-02-23 15:39:28.888 INFO  k.co.seoulit.common.aop.LoggerAspect - Controller  : kr.co.seoulit.reception.controller.ReceptionController.getReception()종료
2026-02-23 15:40:25.153 INFO  k.co.seoulit.common.aop.LoggerAspect - Controller  : kr.co.seoulit.reception.controller.ReceptionController.getReceptions()시작
2026-02-23 15:40:25.153 INFO  k.c.s.r.c.ReceptionController - Reception list request: searchType=null, searchValue=null
2026-02-23 15:40:25.163 INFO  k.co.seoulit.common.aop.LoggerAspect - ServiceImpl  : kr.co.seoulit.reception.service.ReceptionServiceImpl.getReceptionList()시작
2026-02-23 15:40:25.185 INFO  k.co.seoulit.common.aop.LoggerAspect - ServiceImpl  : kr.co.seoulit.reception.service.ReceptionServiceImpl.getReceptionList()종료
2026-02-23 15:40:25.196 INFO  k.co.seoulit.common.aop.LoggerAspect - Controller  : kr.co.seoulit.reception.controller.ReceptionController.getReceptions()종료
2026-02-23 15:40:25.212 INFO  k.co.seoulit.common.aop.LoggerAspect - Controller  : kr.co.seoulit.reception.controller.ReceptionController.getReceptions()시작
2026-02-23 15:40:25.212 INFO  k.c.s.r.c.ReceptionController - Reception list request: searchType=null, searchValue=null
2026-02-23 15:40:25.212 INFO  k.co.seoulit.common.aop.LoggerAspect - ServiceImpl  : kr.co.seoulit.reception.service.ReceptionServiceImpl.getReceptionList()시작
2026-02-23 15:40:25.227 INFO  k.co.seoulit.common.aop.LoggerAspect - ServiceImpl  : kr.co.seoulit.reception.service.ReceptionServiceImpl.getReceptionList()종료
2026-02-23 15:40:25.235 INFO  k.co.seoulit.common.aop.LoggerAspect - Controller  : kr.co.seoulit.reception.controller.ReceptionController.getReceptions()종료
2026-02-23 16:21:41.554 INFO  k.co.seoulit.common.aop.LoggerAspect - Controller  : kr.co.seoulit.reception.controller.ReceptionController.getReceptions()시작
2026-02-23 16:21:41.555 INFO  k.c.s.r.c.ReceptionController - Reception list request: searchType=null, searchValue=null
2026-02-23 16:21:41.590 INFO  k.co.seoulit.common.aop.LoggerAspect - ServiceImpl  : kr.co.seoulit.reception.service.ReceptionServiceImpl.getReceptionList()시작
2026-02-23 16:21:41.617 INFO  k.co.seoulit.common.aop.LoggerAspect - ServiceImpl  : kr.co.seoulit.reception.service.ReceptionServiceImpl.getReceptionList()종료
2026-02-23 16:21:41.625 INFO  k.co.seoulit.common.aop.LoggerAspect - Controller  : kr.co.seoulit.reception.controller.ReceptionController.getReceptions()종료
2026-02-23 16:21:41.648 INFO  k.co.seoulit.common.aop.LoggerAspect - Controller  : kr.co.seoulit.reception.controller.ReceptionController.getReceptions()시작
2026-02-23 16:21:41.649 INFO  k.c.s.r.c.ReceptionController - Reception list request: searchType=null, searchValue=null
2026-02-23 16:21:41.649 INFO  k.co.seoulit.common.aop.LoggerAspect - ServiceImpl  : kr.co.seoulit.reception.service.ReceptionServiceImpl.getReceptionList()시작
2026-02-23 16:21:41.662 INFO  k.co.seoulit.common.aop.LoggerAspect - ServiceImpl  : kr.co.seoulit.reception.service.ReceptionServiceImpl.getReceptionList()종료
2026-02-23 16:21:41.670 INFO  k.co.seoulit.common.aop.LoggerAspect - Controller  : kr.co.seoulit.reception.controller.ReceptionController.getReceptions()종료
2026-02-23 16:21:51.155 INFO  k.co.seoulit.common.aop.LoggerAspect - Controller  : kr.co.seoulit.reception.controller.ReceptionController.getReceptions()시작
2026-02-23 16:21:51.156 INFO  k.c.s.r.c.ReceptionController - Reception list request: searchType=status, searchValue=CANCELED
2026-02-23 16:21:51.167 INFO  k.co.seoulit.common.aop.LoggerAspect - ServiceImpl  : kr.co.seoulit.reception.service.ReceptionServiceImpl.getReceptionList()시작
2026-02-23 16:21:51.185 INFO  k.co.seoulit.common.aop.LoggerAspect - ServiceImpl  : kr.co.seoulit.reception.service.ReceptionServiceImpl.getReceptionList()종료
2026-02-23 16:21:51.192 INFO  k.co.seoulit.common.aop.LoggerAspect - Controller  : kr.co.seoulit.reception.controller.ReceptionController.getReceptions()종료
2026-02-23 16:21:51.217 INFO  k.co.seoulit.common.aop.LoggerAspect - Controller  : kr.co.seoulit.reception.controller.ReceptionController.getReceptions()시작
2026-02-23 16:21:51.217 INFO  k.c.s.r.c.ReceptionController - Reception list request: searchType=status, searchValue=CANCELED
2026-02-23 16:21:51.218 INFO  k.co.seoulit.common.aop.LoggerAspect - ServiceImpl  : kr.co.seoulit.reception.service.ReceptionServiceImpl.getReceptionList()시작
2026-02-23 16:21:51.230 INFO  k.co.seoulit.common.aop.LoggerAspect - ServiceImpl  : kr.co.seoulit.reception.service.ReceptionServiceImpl.getReceptionList()종료
2026-02-23 16:21:51.241 INFO  k.co.seoulit.common.aop.LoggerAspect - Controller  : kr.co.seoulit.reception.controller.ReceptionController.getReceptions()종료
2026-02-23 16:21:51.402 INFO  k.co.seoulit.common.aop.LoggerAspect - Controller  : kr.co.seoulit.reception.controller.ReceptionController.getReception()시작
2026-02-23 16:21:51.402 INFO  k.c.s.r.c.ReceptionController - Get reception request: id=3
2026-02-23 16:21:51.404 INFO  k.co.seoulit.common.aop.LoggerAspect - ServiceImpl  : kr.co.seoulit.reception.service.ReceptionServiceImpl.getReception()시작
2026-02-23 16:21:51.412 DEBUG org.hibernate.SQL - select re1_0.reception_id,re1_0.arrived_at,re1_0.cancel_reason_code,re1_0.cancel_reason_text,re1_0.created_at,re1_0.created_by,re1_0.department_id,re1_0.department_name,re1_0.doctor_id,re1_0.doctor_name,re1_0.hold_reason_code,re1_0.hold_reason_text,re1_0.inactive_at,re1_0.inactive_reason_code,re1_0.inactive_reason_text,re1_0.is_active,re1_0.note,re1_0.patient_id,re1_0.patient_name,re1_0.reception_no,re1_0.reservation_id,re1_0.scheduled_at,re1_0.status,re1_0.updated_at,re1_0.updated_by,re1_0.visit_type from reception re1_0 where re1_0.reception_id=?
2026-02-23 16:21:51.414 TRACE org.hibernate.orm.jdbc.bind - binding parameter (1:BIGINT) <- [3]
2026-02-23 16:21:51.426 INFO  k.co.seoulit.common.aop.LoggerAspect - kr.co.seoulit.reception.mapstruct.ReceptionResMapStructImpl.toDto()시작
2026-02-23 16:21:51.426 INFO  k.co.seoulit.common.aop.LoggerAspect - kr.co.seoulit.reception.mapstruct.ReceptionResMapStructImpl.toDto()종료
2026-02-23 16:21:51.426 INFO  k.co.seoulit.common.aop.LoggerAspect - ServiceImpl  : kr.co.seoulit.reception.service.ReceptionServiceImpl.getReception()종료
2026-02-23 16:21:51.435 INFO  k.co.seoulit.common.aop.LoggerAspect - Controller  : kr.co.seoulit.reception.controller.ReceptionController.getReception()종료
2026-02-23 16:24:37.260 INFO  k.co.seoulit.common.aop.LoggerAspect - Controller  : kr.co.seoulit.reception.controller.ReceptionController.getReceptions()시작
2026-02-23 16:24:37.260 INFO  k.c.s.r.c.ReceptionController - Reception list request: searchType=null, searchValue=null
2026-02-23 16:24:37.314 INFO  k.co.seoulit.common.aop.LoggerAspect - ServiceImpl  : kr.co.seoulit.reception.service.ReceptionServiceImpl.getReceptionList()시작
2026-02-23 16:24:37.358 INFO  k.co.seoulit.common.aop.LoggerAspect - ServiceImpl  : kr.co.seoulit.reception.service.ReceptionServiceImpl.getReceptionList()종료
2026-02-23 16:24:37.468 INFO  k.co.seoulit.common.aop.LoggerAspect - Controller  : kr.co.seoulit.reception.controller.ReceptionController.getReceptions()종료
2026-02-23 16:24:37.521 INFO  k.co.seoulit.common.aop.LoggerAspect - Controller  : kr.co.seoulit.reception.controller.ReceptionController.getReceptions()시작
2026-02-23 16:24:37.522 INFO  k.c.s.r.c.ReceptionController - Reception list request: searchType=null, searchValue=null
2026-02-23 16:24:37.523 INFO  k.co.seoulit.common.aop.LoggerAspect - ServiceImpl  : kr.co.seoulit.reception.service.ReceptionServiceImpl.getReceptionList()시작
2026-02-23 16:24:37.721 INFO  k.co.seoulit.common.aop.LoggerAspect - ServiceImpl  : kr.co.seoulit.reception.service.ReceptionServiceImpl.getReceptionList()종료
2026-02-23 16:24:37.793 INFO  k.co.seoulit.common.aop.LoggerAspect - Controller  : kr.co.seoulit.reception.controller.ReceptionController.getReceptions()종료
2026-02-23 16:24:37.872 INFO  k.co.seoulit.common.aop.LoggerAspect - Controller  : kr.co.seoulit.reception.controller.ReceptionController.getReception()시작
2026-02-23 16:24:37.873 INFO  k.c.s.r.c.ReceptionController - Get reception request: id=5
2026-02-23 16:24:37.873 INFO  k.co.seoulit.common.aop.LoggerAspect - ServiceImpl  : kr.co.seoulit.reception.service.ReceptionServiceImpl.getReception()시작
2026-02-23 16:24:37.874 DEBUG org.hibernate.SQL - select re1_0.reception_id,re1_0.arrived_at,re1_0.cancel_reason_code,re1_0.cancel_reason_text,re1_0.created_at,re1_0.created_by,re1_0.department_id,re1_0.department_name,re1_0.doctor_id,re1_0.doctor_name,re1_0.hold_reason_code,re1_0.hold_reason_text,re1_0.inactive_at,re1_0.inactive_reason_code,re1_0.inactive_reason_text,re1_0.is_active,re1_0.note,re1_0.patient_id,re1_0.patient_name,re1_0.reception_no,re1_0.reservation_id,re1_0.scheduled_at,re1_0.status,re1_0.updated_at,re1_0.updated_by,re1_0.visit_type from reception re1_0 where re1_0.reception_id=?
2026-02-23 16:24:37.874 TRACE org.hibernate.orm.jdbc.bind - binding parameter (1:BIGINT) <- [5]
2026-02-23 16:24:38.006 INFO  k.co.seoulit.common.aop.LoggerAspect - kr.co.seoulit.reception.mapstruct.ReceptionResMapStructImpl.toDto()시작
2026-02-23 16:24:38.006 INFO  k.co.seoulit.common.aop.LoggerAspect - kr.co.seoulit.reception.mapstruct.ReceptionResMapStructImpl.toDto()종료
2026-02-23 16:24:38.006 INFO  k.co.seoulit.common.aop.LoggerAspect - ServiceImpl  : kr.co.seoulit.reception.service.ReceptionServiceImpl.getReception()종료
2026-02-23 16:24:38.060 INFO  k.co.seoulit.common.aop.LoggerAspect - Controller  : kr.co.seoulit.reception.controller.ReceptionController.getReception()종료
2026-02-23 16:29:29.700 INFO  k.co.seoulit.common.aop.LoggerAspect - Controller  : kr.co.seoulit.reception.controller.ReceptionController.getReceptions()시작
2026-02-23 16:29:29.701 INFO  k.c.s.r.c.ReceptionController - Reception list request: searchType=null, searchValue=null
2026-02-23 16:29:29.725 INFO  k.co.seoulit.common.aop.LoggerAspect - ServiceImpl  : kr.co.seoulit.reception.service.ReceptionServiceImpl.getReceptionList()시작
2026-02-23 16:29:29.769 INFO  k.co.seoulit.common.aop.LoggerAspect - ServiceImpl  : kr.co.seoulit.reception.service.ReceptionServiceImpl.getReceptionList()종료
2026-02-23 16:29:29.815 INFO  k.co.seoulit.common.aop.LoggerAspect - Controller  : kr.co.seoulit.reception.controller.ReceptionController.getReceptions()종료
2026-02-23 16:29:29.841 INFO  k.co.seoulit.common.aop.LoggerAspect - Controller  : kr.co.seoulit.reception.controller.ReceptionController.getReceptions()시작
2026-02-23 16:29:29.841 INFO  k.c.s.r.c.ReceptionController - Reception list request: searchType=null, searchValue=null
2026-02-23 16:29:29.842 INFO  k.co.seoulit.common.aop.LoggerAspect - ServiceImpl  : kr.co.seoulit.reception.service.ReceptionServiceImpl.getReceptionList()시작
2026-02-23 16:29:29.888 INFO  k.co.seoulit.common.aop.LoggerAspect - ServiceImpl  : kr.co.seoulit.reception.service.ReceptionServiceImpl.getReceptionList()종료
2026-02-23 16:29:29.899 INFO  k.co.seoulit.common.aop.LoggerAspect - Controller  : kr.co.seoulit.reception.controller.ReceptionController.getReceptions()종료
2026-02-23 16:39:33.492 INFO  k.co.seoulit.common.aop.LoggerAspect - Controller  : kr.co.seoulit.reception.controller.ReceptionController.getReceptions()시작
2026-02-23 16:39:33.493 INFO  k.c.s.r.c.ReceptionController - Reception list request: searchType=null, searchValue=null
2026-02-23 16:39:33.512 INFO  k.co.seoulit.common.aop.LoggerAspect - ServiceImpl  : kr.co.seoulit.reception.service.ReceptionServiceImpl.getReceptionList()시작
2026-02-23 16:39:33.535 INFO  k.co.seoulit.common.aop.LoggerAspect - ServiceImpl  : kr.co.seoulit.reception.service.ReceptionServiceImpl.getReceptionList()종료
2026-02-23 16:39:33.544 INFO  k.co.seoulit.common.aop.LoggerAspect - Controller  : kr.co.seoulit.reception.controller.ReceptionController.getReceptions()종료
2026-02-23 16:39:33.564 INFO  k.co.seoulit.common.aop.LoggerAspect - Controller  : kr.co.seoulit.reception.controller.ReceptionController.getReceptions()시작
2026-02-23 16:39:33.564 INFO  k.c.s.r.c.ReceptionController - Reception list request: searchType=null, searchValue=null
2026-02-23 16:39:33.567 INFO  k.co.seoulit.common.aop.LoggerAspect - ServiceImpl  : kr.co.seoulit.reception.service.ReceptionServiceImpl.getReceptionList()시작
2026-02-23 16:39:33.586 INFO  k.co.seoulit.common.aop.LoggerAspect - ServiceImpl  : kr.co.seoulit.reception.service.ReceptionServiceImpl.getReceptionList()종료
2026-02-23 16:39:33.595 INFO  k.co.seoulit.common.aop.LoggerAspect - Controller  : kr.co.seoulit.reception.controller.ReceptionController.getReceptions()종료
2026-02-23 16:39:36.343 INFO  k.co.seoulit.common.aop.LoggerAspect - Controller  : kr.co.seoulit.reception.controller.ReceptionController.getReception()시작
2026-02-23 16:39:36.343 INFO  k.c.s.r.c.ReceptionController - Get reception request: id=5
2026-02-23 16:39:36.358 INFO  k.co.seoulit.common.aop.LoggerAspect - ServiceImpl  : kr.co.seoulit.reception.service.ReceptionServiceImpl.getReception()시작
2026-02-23 16:39:36.361 DEBUG org.hibernate.SQL - select re1_0.reception_id,re1_0.arrived_at,re1_0.cancel_reason_code,re1_0.cancel_reason_text,re1_0.created_at,re1_0.created_by,re1_0.department_id,re1_0.department_name,re1_0.doctor_id,re1_0.doctor_name,re1_0.hold_reason_code,re1_0.hold_reason_text,re1_0.inactive_at,re1_0.inactive_reason_code,re1_0.inactive_reason_text,re1_0.is_active,re1_0.note,re1_0.patient_id,re1_0.patient_name,re1_0.reception_no,re1_0.reservation_id,re1_0.scheduled_at,re1_0.status,re1_0.updated_at,re1_0.updated_by,re1_0.visit_type from reception re1_0 where re1_0.reception_id=?
2026-02-23 16:39:36.363 TRACE org.hibernate.orm.jdbc.bind - binding parameter (1:BIGINT) <- [5]
2026-02-23 16:39:36.373 INFO  k.co.seoulit.common.aop.LoggerAspect - kr.co.seoulit.reception.mapstruct.ReceptionResMapStructImpl.toDto()시작
2026-02-23 16:39:36.373 INFO  k.co.seoulit.common.aop.LoggerAspect - kr.co.seoulit.reception.mapstruct.ReceptionResMapStructImpl.toDto()종료
2026-02-23 16:39:36.373 INFO  k.co.seoulit.common.aop.LoggerAspect - ServiceImpl  : kr.co.seoulit.reception.service.ReceptionServiceImpl.getReception()종료
2026-02-23 16:39:36.383 INFO  k.co.seoulit.common.aop.LoggerAspect - Controller  : kr.co.seoulit.reception.controller.ReceptionController.getReception()종료
2026-02-23 16:39:36.417 INFO  k.co.seoulit.common.aop.LoggerAspect - Controller  : kr.co.seoulit.reception.controller.ReceptionController.getReception()시작
2026-02-23 16:39:36.418 INFO  k.c.s.r.c.ReceptionController - Get reception request: id=5
2026-02-23 16:39:36.419 INFO  k.co.seoulit.common.aop.LoggerAspect - ServiceImpl  : kr.co.seoulit.reception.service.ReceptionServiceImpl.getReception()시작
2026-02-23 16:39:36.421 DEBUG org.hibernate.SQL - select re1_0.reception_id,re1_0.arrived_at,re1_0.cancel_reason_code,re1_0.cancel_reason_text,re1_0.created_at,re1_0.created_by,re1_0.department_id,re1_0.department_name,re1_0.doctor_id,re1_0.doctor_name,re1_0.hold_reason_code,re1_0.hold_reason_text,re1_0.inactive_at,re1_0.inactive_reason_code,re1_0.inactive_reason_text,re1_0.is_active,re1_0.note,re1_0.patient_id,re1_0.patient_name,re1_0.reception_no,re1_0.reservation_id,re1_0.scheduled_at,re1_0.status,re1_0.updated_at,re1_0.updated_by,re1_0.visit_type from reception re1_0 where re1_0.reception_id=?
2026-02-23 16:39:36.421 TRACE org.hibernate.orm.jdbc.bind - binding parameter (1:BIGINT) <- [5]
2026-02-23 16:39:36.434 INFO  k.co.seoulit.common.aop.LoggerAspect - kr.co.seoulit.reception.mapstruct.ReceptionResMapStructImpl.toDto()시작
2026-02-23 16:39:36.435 INFO  k.co.seoulit.common.aop.LoggerAspect - kr.co.seoulit.reception.mapstruct.ReceptionResMapStructImpl.toDto()종료
2026-02-23 16:39:36.435 INFO  k.co.seoulit.common.aop.LoggerAspect - ServiceImpl  : kr.co.seoulit.reception.service.ReceptionServiceImpl.getReception()종료
2026-02-23 16:39:36.450 INFO  k.co.seoulit.common.aop.LoggerAspect - Controller  : kr.co.seoulit.reception.controller.ReceptionController.getReception()종료
2026-02-23 16:39:40.210 INFO  k.co.seoulit.common.aop.LoggerAspect - Controller  : kr.co.seoulit.reception.controller.ReceptionController.getReceptions()시작
2026-02-23 16:39:40.211 INFO  k.c.s.r.c.ReceptionController - Reception list request: searchType=null, searchValue=null
2026-02-23 16:39:40.223 INFO  k.co.seoulit.common.aop.LoggerAspect - ServiceImpl  : kr.co.seoulit.reception.service.ReceptionServiceImpl.getReceptionList()시작
2026-02-23 16:39:40.249 INFO  k.co.seoulit.common.aop.LoggerAspect - ServiceImpl  : kr.co.seoulit.reception.service.ReceptionServiceImpl.getReceptionList()종료
2026-02-23 16:39:40.256 INFO  k.co.seoulit.common.aop.LoggerAspect - Controller  : kr.co.seoulit.reception.controller.ReceptionController.getReceptions()종료
2026-02-23 16:39:40.267 INFO  k.co.seoulit.common.aop.LoggerAspect - Controller  : kr.co.seoulit.reception.controller.ReceptionController.getReceptions()시작
2026-02-23 16:39:40.267 INFO  k.c.s.r.c.ReceptionController - Reception list request: searchType=null, searchValue=null
2026-02-23 16:39:40.267 INFO  k.co.seoulit.common.aop.LoggerAspect - ServiceImpl  : kr.co.seoulit.reception.service.ReceptionServiceImpl.getReceptionList()시작
2026-02-23 16:39:40.280 INFO  k.co.seoulit.common.aop.LoggerAspect - ServiceImpl  : kr.co.seoulit.reception.service.ReceptionServiceImpl.getReceptionList()종료
2026-02-23 16:39:40.296 INFO  k.co.seoulit.common.aop.LoggerAspect - Controller  : kr.co.seoulit.reception.controller.ReceptionController.getReceptions()종료
2026-02-23 16:39:41.994 INFO  k.co.seoulit.common.aop.LoggerAspect - Controller  : kr.co.seoulit.reception.controller.ReceptionController.getReceptions()시작
2026-02-23 16:39:41.994 INFO  k.c.s.r.c.ReceptionController - Reception list request: searchType=null, searchValue=null
2026-02-23 16:39:42.007 INFO  k.co.seoulit.common.aop.LoggerAspect - ServiceImpl  : kr.co.seoulit.reception.service.ReceptionServiceImpl.getReceptionList()시작
2026-02-23 16:39:42.023 INFO  k.co.seoulit.common.aop.LoggerAspect - ServiceImpl  : kr.co.seoulit.reception.service.ReceptionServiceImpl.getReceptionList()종료
2026-02-23 16:39:42.032 INFO  k.co.seoulit.common.aop.LoggerAspect - Controller  : kr.co.seoulit.reception.controller.ReceptionController.getReceptions()종료
2026-02-23 16:39:42.052 INFO  k.co.seoulit.common.aop.LoggerAspect - Controller  : kr.co.seoulit.reception.controller.ReceptionController.getReceptions()시작
2026-02-23 16:39:42.052 INFO  k.c.s.r.c.ReceptionController - Reception list request: searchType=null, searchValue=null
2026-02-23 16:39:42.052 INFO  k.co.seoulit.common.aop.LoggerAspect - ServiceImpl  : kr.co.seoulit.reception.service.ReceptionServiceImpl.getReceptionList()시작
2026-02-23 16:39:42.081 INFO  k.co.seoulit.common.aop.LoggerAspect - ServiceImpl  : kr.co.seoulit.reception.service.ReceptionServiceImpl.getReceptionList()종료
2026-02-23 16:39:42.094 INFO  k.co.seoulit.common.aop.LoggerAspect - Controller  : kr.co.seoulit.reception.controller.ReceptionController.getReceptions()종료
2026-02-23 16:39:44.624 INFO  k.co.seoulit.common.aop.LoggerAspect - Controller  : kr.co.seoulit.reception.controller.ReceptionController.getReceptions()시작
2026-02-23 16:39:44.627 INFO  k.c.s.r.c.ReceptionController - Reception list request: searchType=null, searchValue=null
2026-02-23 16:39:44.639 INFO  k.co.seoulit.common.aop.LoggerAspect - ServiceImpl  : kr.co.seoulit.reception.service.ReceptionServiceImpl.getReceptionList()시작
2026-02-23 16:39:44.652 INFO  k.co.seoulit.common.aop.LoggerAspect - ServiceImpl  : kr.co.seoulit.reception.service.ReceptionServiceImpl.getReceptionList()종료
2026-02-23 16:39:44.662 INFO  k.co.seoulit.common.aop.LoggerAspect - Controller  : kr.co.seoulit.reception.controller.ReceptionController.getReceptions()종료
2026-02-23 16:39:44.673 INFO  k.co.seoulit.common.aop.LoggerAspect - Controller  : kr.co.seoulit.reception.controller.ReceptionController.getReceptions()시작
2026-02-23 16:39:44.673 INFO  k.c.s.r.c.ReceptionController - Reception list request: searchType=null, searchValue=null
2026-02-23 16:39:44.673 INFO  k.co.seoulit.common.aop.LoggerAspect - ServiceImpl  : kr.co.seoulit.reception.service.ReceptionServiceImpl.getReceptionList()시작
2026-02-23 16:39:44.687 INFO  k.co.seoulit.common.aop.LoggerAspect - ServiceImpl  : kr.co.seoulit.reception.service.ReceptionServiceImpl.getReceptionList()종료
2026-02-23 16:39:44.698 INFO  k.co.seoulit.common.aop.LoggerAspect - Controller  : kr.co.seoulit.reception.controller.ReceptionController.getReceptions()종료
2026-02-23 16:39:45.999 INFO  k.co.seoulit.common.aop.LoggerAspect - Controller  : kr.co.seoulit.reception.controller.ReceptionController.getReception()시작
2026-02-23 16:39:45.999 INFO  k.c.s.r.c.ReceptionController - Get reception request: id=5
2026-02-23 16:39:46.017 INFO  k.co.seoulit.common.aop.LoggerAspect - ServiceImpl  : kr.co.seoulit.reception.service.ReceptionServiceImpl.getReception()시작
2026-02-23 16:39:46.019 DEBUG org.hibernate.SQL - select re1_0.reception_id,re1_0.arrived_at,re1_0.cancel_reason_code,re1_0.cancel_reason_text,re1_0.created_at,re1_0.created_by,re1_0.department_id,re1_0.department_name,re1_0.doctor_id,re1_0.doctor_name,re1_0.hold_reason_code,re1_0.hold_reason_text,re1_0.inactive_at,re1_0.inactive_reason_code,re1_0.inactive_reason_text,re1_0.is_active,re1_0.note,re1_0.patient_id,re1_0.patient_name,re1_0.reception_no,re1_0.reservation_id,re1_0.scheduled_at,re1_0.status,re1_0.updated_at,re1_0.updated_by,re1_0.visit_type from reception re1_0 where re1_0.reception_id=?
2026-02-23 16:39:46.020 TRACE org.hibernate.orm.jdbc.bind - binding parameter (1:BIGINT) <- [5]
2026-02-23 16:39:46.030 INFO  k.co.seoulit.common.aop.LoggerAspect - kr.co.seoulit.reception.mapstruct.ReceptionResMapStructImpl.toDto()시작
2026-02-23 16:39:46.031 INFO  k.co.seoulit.common.aop.LoggerAspect - kr.co.seoulit.reception.mapstruct.ReceptionResMapStructImpl.toDto()종료
2026-02-23 16:39:46.031 INFO  k.co.seoulit.common.aop.LoggerAspect - ServiceImpl  : kr.co.seoulit.reception.service.ReceptionServiceImpl.getReception()종료
2026-02-23 16:39:46.043 INFO  k.co.seoulit.common.aop.LoggerAspect - Controller  : kr.co.seoulit.reception.controller.ReceptionController.getReception()종료
2026-02-23 16:39:46.060 INFO  k.co.seoulit.common.aop.LoggerAspect - Controller  : kr.co.seoulit.reception.controller.ReceptionController.getReception()시작
2026-02-23 16:39:46.060 INFO  k.c.s.r.c.ReceptionController - Get reception request: id=5
2026-02-23 16:39:46.060 INFO  k.co.seoulit.common.aop.LoggerAspect - ServiceImpl  : kr.co.seoulit.reception.service.ReceptionServiceImpl.getReception()시작
2026-02-23 16:39:46.061 DEBUG org.hibernate.SQL - select re1_0.reception_id,re1_0.arrived_at,re1_0.cancel_reason_code,re1_0.cancel_reason_text,re1_0.created_at,re1_0.created_by,re1_0.department_id,re1_0.department_name,re1_0.doctor_id,re1_0.doctor_name,re1_0.hold_reason_code,re1_0.hold_reason_text,re1_0.inactive_at,re1_0.inactive_reason_code,re1_0.inactive_reason_text,re1_0.is_active,re1_0.note,re1_0.patient_id,re1_0.patient_name,re1_0.reception_no,re1_0.reservation_id,re1_0.scheduled_at,re1_0.status,re1_0.updated_at,re1_0.updated_by,re1_0.visit_type from reception re1_0 where re1_0.reception_id=?
2026-02-23 16:39:46.062 TRACE org.hibernate.orm.jdbc.bind - binding parameter (1:BIGINT) <- [5]
2026-02-23 16:39:46.073 INFO  k.co.seoulit.common.aop.LoggerAspect - kr.co.seoulit.reception.mapstruct.ReceptionResMapStructImpl.toDto()시작
2026-02-23 16:39:46.073 INFO  k.co.seoulit.common.aop.LoggerAspect - kr.co.seoulit.reception.mapstruct.ReceptionResMapStructImpl.toDto()종료
2026-02-23 16:39:46.073 INFO  k.co.seoulit.common.aop.LoggerAspect - ServiceImpl  : kr.co.seoulit.reception.service.ReceptionServiceImpl.getReception()종료
2026-02-23 16:39:46.082 INFO  k.co.seoulit.common.aop.LoggerAspect - Controller  : kr.co.seoulit.reception.controller.ReceptionController.getReception()종료
2026-02-23 17:06:43.089 INFO  k.co.seoulit.common.aop.LoggerAspect - Controller  : kr.co.seoulit.reception.controller.ReceptionController.getReceptions()시작
2026-02-23 17:06:43.090 INFO  k.c.s.r.c.ReceptionController - Reception list request: searchType=null, searchValue=null
2026-02-23 17:06:43.107 INFO  k.co.seoulit.common.aop.LoggerAspect - ServiceImpl  : kr.co.seoulit.reception.service.ReceptionServiceImpl.getReceptionList()시작
2026-02-23 17:06:43.178 INFO  k.co.seoulit.common.aop.LoggerAspect - ServiceImpl  : kr.co.seoulit.reception.service.ReceptionServiceImpl.getReceptionList()종료
2026-02-23 17:06:43.187 INFO  k.co.seoulit.common.aop.LoggerAspect - Controller  : kr.co.seoulit.reception.controller.ReceptionController.getReceptions()종료
2026-02-23 17:06:43.223 INFO  k.co.seoulit.common.aop.LoggerAspect - Controller  : kr.co.seoulit.reception.controller.ReceptionController.getReceptions()시작
2026-02-23 17:06:43.224 INFO  k.c.s.r.c.ReceptionController - Reception list request: searchType=null, searchValue=null
2026-02-23 17:06:43.226 INFO  k.co.seoulit.common.aop.LoggerAspect - ServiceImpl  : kr.co.seoulit.reception.service.ReceptionServiceImpl.getReceptionList()시작
2026-02-23 17:06:43.242 INFO  k.co.seoulit.common.aop.LoggerAspect - ServiceImpl  : kr.co.seoulit.reception.service.ReceptionServiceImpl.getReceptionList()종료
2026-02-23 17:06:43.255 INFO  k.co.seoulit.common.aop.LoggerAspect - Controller  : kr.co.seoulit.reception.controller.ReceptionController.getReceptions()종료
2026-02-23 17:06:43.406 INFO  k.co.seoulit.common.aop.LoggerAspect - Controller  : kr.co.seoulit.reception.controller.ReceptionController.getReception()시작
2026-02-23 17:06:43.406 INFO  k.c.s.r.c.ReceptionController - Get reception request: id=5
2026-02-23 17:06:43.406 INFO  k.co.seoulit.common.aop.LoggerAspect - ServiceImpl  : kr.co.seoulit.reception.service.ReceptionServiceImpl.getReception()시작
2026-02-23 17:06:43.407 DEBUG org.hibernate.SQL - select re1_0.reception_id,re1_0.arrived_at,re1_0.cancel_reason_code,re1_0.cancel_reason_text,re1_0.created_at,re1_0.created_by,re1_0.department_id,re1_0.department_name,re1_0.doctor_id,re1_0.doctor_name,re1_0.hold_reason_code,re1_0.hold_reason_text,re1_0.inactive_at,re1_0.inactive_reason_code,re1_0.inactive_reason_text,re1_0.is_active,re1_0.note,re1_0.patient_id,re1_0.patient_name,re1_0.reception_no,re1_0.reservation_id,re1_0.scheduled_at,re1_0.status,re1_0.updated_at,re1_0.updated_by,re1_0.visit_type from reception re1_0 where re1_0.reception_id=?
2026-02-23 17:06:43.408 TRACE org.hibernate.orm.jdbc.bind - binding parameter (1:BIGINT) <- [5]
2026-02-23 17:06:43.420 INFO  k.co.seoulit.common.aop.LoggerAspect - kr.co.seoulit.reception.mapstruct.ReceptionResMapStructImpl.toDto()시작
2026-02-23 17:06:43.420 INFO  k.co.seoulit.common.aop.LoggerAspect - kr.co.seoulit.reception.mapstruct.ReceptionResMapStructImpl.toDto()종료
2026-02-23 17:06:43.420 INFO  k.co.seoulit.common.aop.LoggerAspect - ServiceImpl  : kr.co.seoulit.reception.service.ReceptionServiceImpl.getReception()종료
2026-02-23 17:06:43.446 INFO  k.co.seoulit.common.aop.LoggerAspect - Controller  : kr.co.seoulit.reception.controller.ReceptionController.getReception()종료
2026-02-23 17:06:45.589 INFO  k.co.seoulit.common.aop.LoggerAspect - Controller  : kr.co.seoulit.reception.controller.ReceptionController.getReceptions()시작
2026-02-23 17:06:45.591 INFO  k.c.s.r.c.ReceptionController - Reception list request: searchType=null, searchValue=null
2026-02-23 17:06:45.673 INFO  k.co.seoulit.common.aop.LoggerAspect - ServiceImpl  : kr.co.seoulit.reception.service.ReceptionServiceImpl.getReceptionList()시작
2026-02-23 17:06:45.828 INFO  k.co.seoulit.common.aop.LoggerAspect - ServiceImpl  : kr.co.seoulit.reception.service.ReceptionServiceImpl.getReceptionList()종료
2026-02-23 17:06:45.859 INFO  k.co.seoulit.common.aop.LoggerAspect - Controller  : kr.co.seoulit.reception.controller.ReceptionController.getReceptions()종료
2026-02-23 17:06:45.883 INFO  k.co.seoulit.common.aop.LoggerAspect - Controller  : kr.co.seoulit.reception.controller.ReceptionController.getReceptions()시작
2026-02-23 17:06:45.883 INFO  k.c.s.r.c.ReceptionController - Reception list request: searchType=null, searchValue=null
2026-02-23 17:06:45.886 INFO  k.co.seoulit.common.aop.LoggerAspect - ServiceImpl  : kr.co.seoulit.reception.service.ReceptionServiceImpl.getReceptionList()시작
2026-02-23 17:06:45.899 INFO  k.co.seoulit.common.aop.LoggerAspect - ServiceImpl  : kr.co.seoulit.reception.service.ReceptionServiceImpl.getReceptionList()종료
2026-02-23 17:06:45.917 INFO  k.co.seoulit.common.aop.LoggerAspect - Controller  : kr.co.seoulit.reception.controller.ReceptionController.getReceptions()종료
2026-02-23 17:06:55.098 INFO  k.co.seoulit.common.aop.LoggerAspect - Controller  : kr.co.seoulit.reception.controller.ReceptionController.getReceptions()시작
2026-02-23 17:06:55.098 INFO  k.c.s.r.c.ReceptionController - Reception list request: searchType=null, searchValue=null
2026-02-23 17:06:55.113 INFO  k.co.seoulit.common.aop.LoggerAspect - ServiceImpl  : kr.co.seoulit.reception.service.ReceptionServiceImpl.getReceptionList()시작
2026-02-23 17:06:55.125 INFO  k.co.seoulit.common.aop.LoggerAspect - ServiceImpl  : kr.co.seoulit.reception.service.ReceptionServiceImpl.getReceptionList()종료
2026-02-23 17:06:55.134 INFO  k.co.seoulit.common.aop.LoggerAspect - Controller  : kr.co.seoulit.reception.controller.ReceptionController.getReceptions()종료
2026-02-23 17:06:55.157 INFO  k.co.seoulit.common.aop.LoggerAspect - Controller  : kr.co.seoulit.reception.controller.ReceptionController.getReceptions()시작
2026-02-23 17:06:55.157 INFO  k.c.s.r.c.ReceptionController - Reception list request: searchType=null, searchValue=null
2026-02-23 17:06:55.158 INFO  k.co.seoulit.common.aop.LoggerAspect - ServiceImpl  : kr.co.seoulit.reception.service.ReceptionServiceImpl.getReceptionList()시작
2026-02-23 17:06:55.176 INFO  k.co.seoulit.common.aop.LoggerAspect - ServiceImpl  : kr.co.seoulit.reception.service.ReceptionServiceImpl.getReceptionList()종료
2026-02-23 17:06:55.185 INFO  k.co.seoulit.common.aop.LoggerAspect - Controller  : kr.co.seoulit.reception.controller.ReceptionController.getReceptions()종료
2026-02-23 17:07:00.559 INFO  k.co.seoulit.common.aop.LoggerAspect - Controller  : kr.co.seoulit.reception.controller.EmergencyReceptionController.getEmergencyReceptions()시작
2026-02-23 17:07:00.559 INFO  k.c.s.r.c.EmergencyReceptionController - 응급 접수 목록 요청: searchType=null, searchValue=null
2026-02-23 17:07:00.608 INFO  k.co.seoulit.common.aop.LoggerAspect - ServiceImpl  : kr.co.seoulit.reception.service.EmergencyReceptionServiceImpl.getEmergencyReceptionList()시작
2026-02-23 17:07:00.645 INFO  k.co.seoulit.common.aop.LoggerAspect - ServiceImpl  : kr.co.seoulit.reception.service.EmergencyReceptionServiceImpl.getEmergencyReceptionList()종료
2026-02-23 17:07:00.662 INFO  k.co.seoulit.common.aop.LoggerAspect - Controller  : kr.co.seoulit.reception.controller.EmergencyReceptionController.getEmergencyReceptions()종료
2026-02-23 17:07:00.691 INFO  k.co.seoulit.common.aop.LoggerAspect - Controller  : kr.co.seoulit.reception.controller.EmergencyReceptionController.getEmergencyReceptions()시작
2026-02-23 17:07:00.706 INFO  k.c.s.r.c.EmergencyReceptionController - 응급 접수 목록 요청: searchType=null, searchValue=null
2026-02-23 17:07:00.782 INFO  k.co.seoulit.common.aop.LoggerAspect - ServiceImpl  : kr.co.seoulit.reception.service.EmergencyReceptionServiceImpl.getEmergencyReceptionList()시작
2026-02-23 17:07:00.876 INFO  k.co.seoulit.common.aop.LoggerAspect - ServiceImpl  : kr.co.seoulit.reception.service.EmergencyReceptionServiceImpl.getEmergencyReceptionList()종료
2026-02-23 17:07:00.893 INFO  k.co.seoulit.common.aop.LoggerAspect - Controller  : kr.co.seoulit.reception.controller.EmergencyReceptionController.getEmergencyReceptions()종료
2026-02-23 17:07:03.662 INFO  k.co.seoulit.common.aop.LoggerAspect - Controller  : kr.co.seoulit.reception.controller.EmergencyReceptionController.getEmergencyReceptions()시작
2026-02-23 17:07:03.663 INFO  k.c.s.r.c.EmergencyReceptionController - 응급 접수 목록 요청: searchType=null, searchValue=null
2026-02-23 17:07:03.710 INFO  k.co.seoulit.common.aop.LoggerAspect - ServiceImpl  : kr.co.seoulit.reception.service.EmergencyReceptionServiceImpl.getEmergencyReceptionList()시작
2026-02-23 17:07:03.735 INFO  k.co.seoulit.common.aop.LoggerAspect - ServiceImpl  : kr.co.seoulit.reception.service.EmergencyReceptionServiceImpl.getEmergencyReceptionList()종료
2026-02-23 17:07:03.744 INFO  k.co.seoulit.common.aop.LoggerAspect - Controller  : kr.co.seoulit.reception.controller.EmergencyReceptionController.getEmergencyReceptions()종료
2026-02-23 17:07:03.767 INFO  k.co.seoulit.common.aop.LoggerAspect - Controller  : kr.co.seoulit.reception.controller.EmergencyReceptionController.getEmergencyReceptions()시작
2026-02-23 17:07:03.767 INFO  k.c.s.r.c.EmergencyReceptionController - 응급 접수 목록 요청: searchType=null, searchValue=null
2026-02-23 17:07:03.768 INFO  k.co.seoulit.common.aop.LoggerAspect - ServiceImpl  : kr.co.seoulit.reception.service.EmergencyReceptionServiceImpl.getEmergencyReceptionList()시작
2026-02-23 17:07:03.795 INFO  k.co.seoulit.common.aop.LoggerAspect - ServiceImpl  : kr.co.seoulit.reception.service.EmergencyReceptionServiceImpl.getEmergencyReceptionList()종료
2026-02-23 17:07:03.840 INFO  k.co.seoulit.common.aop.LoggerAspect - Controller  : kr.co.seoulit.reception.controller.EmergencyReceptionController.getEmergencyReceptions()종료
2026-02-23 17:07:53.798 INFO  k.co.seoulit.common.aop.LoggerAspect - Controller  : kr.co.seoulit.reception.controller.EmergencyReceptionController.getEmergencyReceptions()시작
2026-02-23 17:07:53.799 INFO  k.c.s.r.c.EmergencyReceptionController - 응급 접수 목록 요청: searchType=null, searchValue=null
2026-02-23 17:07:53.866 INFO  k.co.seoulit.common.aop.LoggerAspect - ServiceImpl  : kr.co.seoulit.reception.service.EmergencyReceptionServiceImpl.getEmergencyReceptionList()시작
2026-02-23 17:07:53.967 INFO  k.co.seoulit.common.aop.LoggerAspect - ServiceImpl  : kr.co.seoulit.reception.service.EmergencyReceptionServiceImpl.getEmergencyReceptionList()종료
2026-02-23 17:07:53.977 INFO  k.co.seoulit.common.aop.LoggerAspect - Controller  : kr.co.seoulit.reception.controller.EmergencyReceptionController.getEmergencyReceptions()종료
2026-02-23 17:07:53.994 INFO  k.co.seoulit.common.aop.LoggerAspect - Controller  : kr.co.seoulit.reception.controller.EmergencyReceptionController.getEmergencyReceptions()시작
2026-02-23 17:07:53.994 INFO  k.c.s.r.c.EmergencyReceptionController - 응급 접수 목록 요청: searchType=null, searchValue=null
2026-02-23 17:07:53.995 INFO  k.co.seoulit.common.aop.LoggerAspect - ServiceImpl  : kr.co.seoulit.reception.service.EmergencyReceptionServiceImpl.getEmergencyReceptionList()시작
2026-02-23 17:07:54.021 INFO  k.co.seoulit.common.aop.LoggerAspect - ServiceImpl  : kr.co.seoulit.reception.service.EmergencyReceptionServiceImpl.getEmergencyReceptionList()종료
2026-02-23 17:07:54.031 INFO  k.co.seoulit.common.aop.LoggerAspect - Controller  : kr.co.seoulit.reception.controller.EmergencyReceptionController.getEmergencyReceptions()종료
2026-02-23 17:07:57.014 INFO  k.co.seoulit.common.aop.LoggerAspect - Controller  : kr.co.seoulit.reception.controller.InpatientReceptionController.getInpatientReceptions()시작
2026-02-23 17:07:57.014 INFO  k.c.s.r.c.InpatientReceptionController - 입원 접수 목록 요청: searchType=null, searchValue=null
2026-02-23 17:07:57.057 INFO  k.co.seoulit.common.aop.LoggerAspect - ServiceImpl  : kr.co.seoulit.reception.service.InpatientReceptionServiceImpl.getInpatientReceptionList()시작
2026-02-23 17:07:57.088 INFO  k.co.seoulit.common.aop.LoggerAspect - ServiceImpl  : kr.co.seoulit.reception.service.InpatientReceptionServiceImpl.getInpatientReceptionList()종료
2026-02-23 17:07:57.096 INFO  k.co.seoulit.common.aop.LoggerAspect - Controller  : kr.co.seoulit.reception.controller.InpatientReceptionController.getInpatientReceptions()종료
2026-02-23 17:07:57.120 INFO  k.co.seoulit.common.aop.LoggerAspect - Controller  : kr.co.seoulit.reception.controller.InpatientReceptionController.getInpatientReceptions()시작
2026-02-23 17:07:57.120 INFO  k.c.s.r.c.InpatientReceptionController - 입원 접수 목록 요청: searchType=null, searchValue=null
2026-02-23 17:07:57.121 INFO  k.co.seoulit.common.aop.LoggerAspect - ServiceImpl  : kr.co.seoulit.reception.service.InpatientReceptionServiceImpl.getInpatientReceptionList()시작
2026-02-23 17:07:57.146 INFO  k.co.seoulit.common.aop.LoggerAspect - ServiceImpl  : kr.co.seoulit.reception.service.InpatientReceptionServiceImpl.getInpatientReceptionList()종료
2026-02-23 17:07:57.154 INFO  k.co.seoulit.common.aop.LoggerAspect - Controller  : kr.co.seoulit.reception.controller.InpatientReceptionController.getInpatientReceptions()종료
2026-02-23 17:07:59.478 INFO  k.co.seoulit.common.aop.LoggerAspect - Controller  : kr.co.seoulit.reception.controller.InpatientReceptionController.getInpatientReceptions()시작
2026-02-23 17:07:59.479 INFO  k.c.s.r.c.InpatientReceptionController - 입원 접수 목록 요청: searchType=null, searchValue=null
2026-02-23 17:07:59.506 INFO  k.co.seoulit.common.aop.LoggerAspect - ServiceImpl  : kr.co.seoulit.reception.service.InpatientReceptionServiceImpl.getInpatientReceptionList()시작
2026-02-23 17:07:59.543 INFO  k.co.seoulit.common.aop.LoggerAspect - ServiceImpl  : kr.co.seoulit.reception.service.InpatientReceptionServiceImpl.getInpatientReceptionList()종료
2026-02-23 17:07:59.558 INFO  k.co.seoulit.common.aop.LoggerAspect - Controller  : kr.co.seoulit.reception.controller.InpatientReceptionController.getInpatientReceptions()종료
2026-02-23 17:07:59.580 INFO  k.co.seoulit.common.aop.LoggerAspect - Controller  : kr.co.seoulit.reception.controller.InpatientReceptionController.getInpatientReceptions()시작
2026-02-23 17:07:59.580 INFO  k.c.s.r.c.InpatientReceptionController - 입원 접수 목록 요청: searchType=null, searchValue=null
2026-02-23 17:07:59.581 INFO  k.co.seoulit.common.aop.LoggerAspect - ServiceImpl  : kr.co.seoulit.reception.service.InpatientReceptionServiceImpl.getInpatientReceptionList()시작
2026-02-23 17:07:59.612 INFO  k.co.seoulit.common.aop.LoggerAspect - ServiceImpl  : kr.co.seoulit.reception.service.InpatientReceptionServiceImpl.getInpatientReceptionList()종료
2026-02-23 17:07:59.621 INFO  k.co.seoulit.common.aop.LoggerAspect - Controller  : kr.co.seoulit.reception.controller.InpatientReceptionController.getInpatientReceptions()종료
2026-02-23 17:08:03.093 INFO  k.co.seoulit.common.aop.LoggerAspect - Controller  : kr.co.seoulit.reception.controller.InpatientReceptionController.getInpatientReceptions()시작
2026-02-23 17:08:03.093 INFO  k.c.s.r.c.InpatientReceptionController - 입원 접수 목록 요청: searchType=null, searchValue=null
2026-02-23 17:08:03.120 INFO  k.co.seoulit.common.aop.LoggerAspect - ServiceImpl  : kr.co.seoulit.reception.service.InpatientReceptionServiceImpl.getInpatientReceptionList()시작
2026-02-23 17:08:03.169 INFO  k.co.seoulit.common.aop.LoggerAspect - ServiceImpl  : kr.co.seoulit.reception.service.InpatientReceptionServiceImpl.getInpatientReceptionList()종료
2026-02-23 17:08:03.224 INFO  k.co.seoulit.common.aop.LoggerAspect - Controller  : kr.co.seoulit.reception.controller.InpatientReceptionController.getInpatientReceptions()종료
2026-02-23 17:08:03.249 INFO  k.co.seoulit.common.aop.LoggerAspect - Controller  : kr.co.seoulit.reception.controller.InpatientReceptionController.getInpatientReceptions()시작
2026-02-23 17:08:03.250 INFO  k.c.s.r.c.InpatientReceptionController - 입원 접수 목록 요청: searchType=null, searchValue=null
2026-02-23 17:08:03.251 INFO  k.co.seoulit.common.aop.LoggerAspect - ServiceImpl  : kr.co.seoulit.reception.service.InpatientReceptionServiceImpl.getInpatientReceptionList()시작
2026-02-23 17:08:03.305 INFO  k.co.seoulit.common.aop.LoggerAspect - ServiceImpl  : kr.co.seoulit.reception.service.InpatientReceptionServiceImpl.getInpatientReceptionList()종료
2026-02-23 17:08:03.313 INFO  k.co.seoulit.common.aop.LoggerAspect - Controller  : kr.co.seoulit.reception.controller.InpatientReceptionController.getInpatientReceptions()종료
2026-02-23 17:08:05.477 INFO  k.co.seoulit.common.aop.LoggerAspect - Controller  : kr.co.seoulit.reception.controller.ReservationController.getReservations()시작
2026-02-23 17:08:05.477 INFO  k.c.s.r.c.ReservationController - 예약 목록 요청: searchType=null, searchValue=null
2026-02-23 17:08:05.490 INFO  k.co.seoulit.common.aop.LoggerAspect - ServiceImpl  : kr.co.seoulit.reception.service.ReservationServiceImpl.getReservationList()시작
2026-02-23 17:08:05.507 INFO  k.co.seoulit.common.aop.LoggerAspect - ServiceImpl  : kr.co.seoulit.reception.service.ReservationServiceImpl.getReservationList()종료
2026-02-23 17:08:05.516 INFO  k.co.seoulit.common.aop.LoggerAspect - Controller  : kr.co.seoulit.reception.controller.ReservationController.getReservations()종료
2026-02-23 17:08:05.539 INFO  k.co.seoulit.common.aop.LoggerAspect - Controller  : kr.co.seoulit.reception.controller.ReservationController.getReservations()시작
2026-02-23 17:08:05.540 INFO  k.c.s.r.c.ReservationController - 예약 목록 요청: searchType=null, searchValue=null
2026-02-23 17:08:05.541 INFO  k.co.seoulit.common.aop.LoggerAspect - ServiceImpl  : kr.co.seoulit.reception.service.ReservationServiceImpl.getReservationList()시작
2026-02-23 17:08:05.577 INFO  k.co.seoulit.common.aop.LoggerAspect - ServiceImpl  : kr.co.seoulit.reception.service.ReservationServiceImpl.getReservationList()종료
2026-02-23 17:08:05.587 INFO  k.co.seoulit.common.aop.LoggerAspect - Controller  : kr.co.seoulit.reception.controller.ReservationController.getReservations()종료
2026-02-23 17:08:08.223 INFO  k.co.seoulit.common.aop.LoggerAspect - Controller  : kr.co.seoulit.reception.controller.ReservationController.getReservations()시작
2026-02-23 17:08:08.225 INFO  k.c.s.r.c.ReservationController - 예약 목록 요청: searchType=null, searchValue=null
2026-02-23 17:08:08.227 INFO  k.co.seoulit.common.aop.LoggerAspect - Controller  : kr.co.seoulit.reception.controller.PatientController.getPatients()시작
2026-02-23 17:08:08.253 INFO  k.co.seoulit.common.aop.LoggerAspect - ServiceImpl  : kr.co.seoulit.reception.service.ReservationServiceImpl.getReservationList()시작
2026-02-23 17:08:08.268 INFO  k.co.seoulit.common.aop.LoggerAspect - ServiceImpl  : kr.co.seoulit.reception.service.ReservationServiceImpl.getReservationList()종료
2026-02-23 17:08:08.278 INFO  k.co.seoulit.common.aop.LoggerAspect - Controller  : kr.co.seoulit.reception.controller.ReservationController.getReservations()종료
2026-02-23 17:08:08.295 DEBUG org.hibernate.SQL - select pe1_0.patient_id,pe1_0.patient_name from patient pe1_0
2026-02-23 17:08:08.338 INFO  k.co.seoulit.common.aop.LoggerAspect - Controller  : kr.co.seoulit.reception.controller.ReservationController.getReservations()시작
2026-02-23 17:08:08.338 INFO  k.c.s.r.c.ReservationController - 예약 목록 요청: searchType=null, searchValue=null
2026-02-23 17:08:08.340 INFO  k.co.seoulit.common.aop.LoggerAspect - ServiceImpl  : kr.co.seoulit.reception.service.ReservationServiceImpl.getReservationList()시작
2026-02-23 17:08:08.355 INFO  k.co.seoulit.common.aop.LoggerAspect - ServiceImpl  : kr.co.seoulit.reception.service.ReservationServiceImpl.getReservationList()종료
2026-02-23 17:08:08.361 INFO  k.co.seoulit.common.aop.LoggerAspect - Controller  : kr.co.seoulit.reception.controller.PatientController.getPatients()종료
2026-02-23 17:08:08.371 INFO  k.co.seoulit.common.aop.LoggerAspect - Controller  : kr.co.seoulit.reception.controller.ReservationController.getReservations()종료
2026-02-23 17:08:08.395 INFO  k.co.seoulit.common.aop.LoggerAspect - Controller  : kr.co.seoulit.reception.controller.PatientController.getPatients()시작
2026-02-23 17:08:08.403 DEBUG org.hibernate.SQL - select pe1_0.patient_id,pe1_0.patient_name from patient pe1_0
2026-02-23 17:08:08.442 INFO  k.co.seoulit.common.aop.LoggerAspect - Controller  : kr.co.seoulit.reception.controller.PatientController.getPatients()종료
2026-02-23 17:12:59.620 INFO  o.s.o.j.LocalContainerEntityManagerFactoryBean - Closing JPA EntityManagerFactory for persistence unit 'default'
2026-02-23 17:12:59.647 INFO  com.zaxxer.hikari.HikariDataSource - HikariPool-1 - Shutdown initiated...
2026-02-23 17:12:59.724 INFO  com.zaxxer.hikari.HikariDataSource - HikariPool-1 - Shutdown completed.
