2026-02-14 12:57:11.530 INFO  o.h.validator.internal.util.Version - HV000001: Hibernate Validator 8.0.1.Final
2026-02-14 12:57:11.592 INFO  kr.co.seoulit.ReceptionApplication - Starting ReceptionApplication using Java 17.0.12 with PID 37036 (D:\서울IT교육센터\dev\teamwork\project\backend\hospital_reception_backend\reception_back\build\classes\java\main started by USER in D:\서울IT교육센터\dev\teamwork\project\backend\hospital_reception_backend\reception_back)
2026-02-14 12:57:11.593 INFO  kr.co.seoulit.ReceptionApplication - No active profile set, falling back to 1 default profile: "default"
2026-02-14 12:57:14.149 INFO  o.s.d.r.c.RepositoryConfigurationDelegate - Multiple Spring Data modules found, entering strict repository configuration mode
2026-02-14 12:57:14.155 INFO  o.s.d.r.c.RepositoryConfigurationDelegate - Bootstrapping Spring Data JPA repositories in DEFAULT mode.
2026-02-14 12:57:14.500 INFO  o.s.d.r.c.RepositoryConfigurationDelegate - Finished Spring Data repository scanning in 329 ms. Found 11 JPA repository interfaces.
2026-02-14 12:57:14.525 INFO  o.s.d.r.c.RepositoryConfigurationDelegate - Multiple Spring Data modules found, entering strict repository configuration mode
2026-02-14 12:57:14.526 INFO  o.s.d.r.c.RepositoryConfigurationDelegate - Bootstrapping Spring Data Redis repositories in DEFAULT mode.
2026-02-14 12:57:14.554 INFO  o.s.d.r.c.RepositoryConfigurationExtensionSupport - Spring Data Redis - Could not safely identify store assignment for repository candidate interface kr.co.seoulit.common.audit.AuditLogRepository; If you want this repository to be a Redis repository, consider annotating your entities with one of these annotations: org.springframework.data.redis.core.RedisHash (preferred), or consider extending one of the following types with your repository: org.springframework.data.keyvalue.repository.KeyValueRepository
2026-02-14 12:57:14.555 INFO  o.s.d.r.c.RepositoryConfigurationExtensionSupport - Spring Data Redis - Could not safely identify store assignment for repository candidate interface kr.co.seoulit.reception.repository.DepartmentRepository; If you want this repository to be a Redis repository, consider annotating your entities with one of these annotations: org.springframework.data.redis.core.RedisHash (preferred), or consider extending one of the following types with your repository: org.springframework.data.keyvalue.repository.KeyValueRepository
2026-02-14 12:57:14.556 INFO  o.s.d.r.c.RepositoryConfigurationExtensionSupport - Spring Data Redis - Could not safely identify store assignment for repository candidate interface kr.co.seoulit.reception.repository.DoctorRepository; If you want this repository to be a Redis repository, consider annotating your entities with one of these annotations: org.springframework.data.redis.core.RedisHash (preferred), or consider extending one of the following types with your repository: org.springframework.data.keyvalue.repository.KeyValueRepository
2026-02-14 12:57:14.557 INFO  o.s.d.r.c.RepositoryConfigurationExtensionSupport - Spring Data Redis - Could not safely identify store assignment for repository candidate interface kr.co.seoulit.reception.repository.PatientRepository; If you want this repository to be a Redis repository, consider annotating your entities with one of these annotations: org.springframework.data.redis.core.RedisHash (preferred), or consider extending one of the following types with your repository: org.springframework.data.keyvalue.repository.KeyValueRepository
2026-02-14 12:57:14.558 INFO  o.s.d.r.c.RepositoryConfigurationExtensionSupport - Spring Data Redis - Could not safely identify store assignment for repository candidate interface kr.co.seoulit.reception.repository.ReceptionChecklistItemRepository; If you want this repository to be a Redis repository, consider annotating your entities with one of these annotations: org.springframework.data.redis.core.RedisHash (preferred), or consider extending one of the following types with your repository: org.springframework.data.keyvalue.repository.KeyValueRepository
2026-02-14 12:57:14.559 INFO  o.s.d.r.c.RepositoryConfigurationExtensionSupport - Spring Data Redis - Could not safely identify store assignment for repository candidate interface kr.co.seoulit.reception.repository.ReceptionEmergencyRepository; If you want this repository to be a Redis repository, consider annotating your entities with one of these annotations: org.springframework.data.redis.core.RedisHash (preferred), or consider extending one of the following types with your repository: org.springframework.data.keyvalue.repository.KeyValueRepository
2026-02-14 12:57:14.560 INFO  o.s.d.r.c.RepositoryConfigurationExtensionSupport - Spring Data Redis - Could not safely identify store assignment for repository candidate interface kr.co.seoulit.reception.repository.ReceptionInpatientRepository; If you want this repository to be a Redis repository, consider annotating your entities with one of these annotations: org.springframework.data.redis.core.RedisHash (preferred), or consider extending one of the following types with your repository: org.springframework.data.keyvalue.repository.KeyValueRepository
2026-02-14 12:57:14.561 INFO  o.s.d.r.c.RepositoryConfigurationExtensionSupport - Spring Data Redis - Could not safely identify store assignment for repository candidate interface kr.co.seoulit.reception.repository.ReceptionRepository; If you want this repository to be a Redis repository, consider annotating your entities with one of these annotations: org.springframework.data.redis.core.RedisHash (preferred), or consider extending one of the following types with your repository: org.springframework.data.keyvalue.repository.KeyValueRepository
2026-02-14 12:57:14.562 INFO  o.s.d.r.c.RepositoryConfigurationExtensionSupport - Spring Data Redis - Could not safely identify store assignment for repository candidate interface kr.co.seoulit.reception.repository.ReceptionStatusHistoryRepository; If you want this repository to be a Redis repository, consider annotating your entities with one of these annotations: org.springframework.data.redis.core.RedisHash (preferred), or consider extending one of the following types with your repository: org.springframework.data.keyvalue.repository.KeyValueRepository
2026-02-14 12:57:14.562 INFO  o.s.d.r.c.RepositoryConfigurationExtensionSupport - Spring Data Redis - Could not safely identify store assignment for repository candidate interface kr.co.seoulit.reception.repository.ReceptionTodayScheduleRepository; If you want this repository to be a Redis repository, consider annotating your entities with one of these annotations: org.springframework.data.redis.core.RedisHash (preferred), or consider extending one of the following types with your repository: org.springframework.data.keyvalue.repository.KeyValueRepository
2026-02-14 12:57:14.563 INFO  o.s.d.r.c.RepositoryConfigurationExtensionSupport - Spring Data Redis - Could not safely identify store assignment for repository candidate interface kr.co.seoulit.reception.repository.ReservationRepository; If you want this repository to be a Redis repository, consider annotating your entities with one of these annotations: org.springframework.data.redis.core.RedisHash (preferred), or consider extending one of the following types with your repository: org.springframework.data.keyvalue.repository.KeyValueRepository
2026-02-14 12:57:14.563 INFO  o.s.d.r.c.RepositoryConfigurationDelegate - Finished Spring Data repository scanning in 25 ms. Found 0 Redis repository interfaces.
2026-02-14 12:57:15.796 INFO  o.s.b.w.e.tomcat.TomcatWebServer - Tomcat initialized with port 8283 (http)
2026-02-14 12:57:15.814 INFO  o.a.coyote.http11.Http11NioProtocol - Initializing ProtocolHandler ["http-nio-8283"]
2026-02-14 12:57:15.816 INFO  o.a.catalina.core.StandardService - Starting service [Tomcat]
2026-02-14 12:57:15.817 INFO  o.a.catalina.core.StandardEngine - Starting Servlet engine: [Apache Tomcat/10.1.26]
2026-02-14 12:57:16.000 INFO  o.a.c.c.C.[Tomcat].[localhost].[/] - Initializing Spring embedded WebApplicationContext
2026-02-14 12:57:16.002 INFO  o.s.b.w.s.c.ServletWebServerApplicationContext - Root WebApplicationContext: initialization completed in 4338 ms
2026-02-14 12:57:16.341 INFO  o.h.jpa.internal.util.LogHelper - HHH000204: Processing PersistenceUnitInfo [name: default]
2026-02-14 12:57:16.458 INFO  org.hibernate.Version - HHH000412: Hibernate ORM core version 6.5.2.Final
2026-02-14 12:57:16.514 INFO  o.h.c.i.RegionFactoryInitiator - HHH000026: Second-level cache disabled
2026-02-14 12:57:17.039 INFO  o.s.o.j.p.SpringPersistenceUnitInfo - No LoadTimeWeaver setup: ignoring JPA class transformer
2026-02-14 12:57:17.087 INFO  com.zaxxer.hikari.HikariDataSource - HikariPool-1 - Starting...
2026-02-14 12:57:39.371 WARN  o.h.e.j.e.i.JdbcEnvironmentInitiator - HHH000342: Could not obtain connection to query metadata
java.lang.NullPointerException: Cannot invoke "org.hibernate.engine.jdbc.spi.SqlExceptionHelper.convert(java.sql.SQLException, String)" because the return value of "org.hibernate.resource.transaction.backend.jdbc.internal.JdbcIsolationDelegate.sqlExceptionHelper()" is null
	at org.hibernate.resource.transaction.backend.jdbc.internal.JdbcIsolationDelegate.delegateWork(JdbcIsolationDelegate.java:116)
	at org.hibernate.engine.jdbc.env.internal.JdbcEnvironmentInitiator.getJdbcEnvironmentUsingJdbcMetadata(JdbcEnvironmentInitiator.java:290)
	at org.hibernate.engine.jdbc.env.internal.JdbcEnvironmentInitiator.initiateService(JdbcEnvironmentInitiator.java:123)
	at org.hibernate.engine.jdbc.env.internal.JdbcEnvironmentInitiator.initiateService(JdbcEnvironmentInitiator.java:77)
	at org.hibernate.boot.registry.internal.StandardServiceRegistryImpl.initiateService(StandardServiceRegistryImpl.java:130)
	at org.hibernate.service.internal.AbstractServiceRegistryImpl.createService(AbstractServiceRegistryImpl.java:263)
	at org.hibernate.service.internal.AbstractServiceRegistryImpl.initializeService(AbstractServiceRegistryImpl.java:238)
	at org.hibernate.service.internal.AbstractServiceRegistryImpl.getService(AbstractServiceRegistryImpl.java:215)
	at org.hibernate.boot.model.relational.Database.<init>(Database.java:45)
	at org.hibernate.boot.internal.InFlightMetadataCollectorImpl.getDatabase(InFlightMetadataCollectorImpl.java:221)
	at org.hibernate.boot.internal.InFlightMetadataCollectorImpl.<init>(InFlightMetadataCollectorImpl.java:189)
	at org.hibernate.boot.model.process.spi.MetadataBuildingProcess.complete(MetadataBuildingProcess.java:171)
	at org.hibernate.jpa.boot.internal.EntityManagerFactoryBuilderImpl.metadata(EntityManagerFactoryBuilderImpl.java:1431)
	at org.hibernate.jpa.boot.internal.EntityManagerFactoryBuilderImpl.build(EntityManagerFactoryBuilderImpl.java:1502)
	at org.springframework.orm.jpa.vendor.SpringHibernateJpaPersistenceProvider.createContainerEntityManagerFactory(SpringHibernateJpaPersistenceProvider.java:75)
	at org.springframework.orm.jpa.LocalContainerEntityManagerFactoryBean.createNativeEntityManagerFactory(LocalContainerEntityManagerFactoryBean.java:390)
	at org.springframework.orm.jpa.AbstractEntityManagerFactoryBean.buildNativeEntityManagerFactory(AbstractEntityManagerFactoryBean.java:409)
	at org.springframework.orm.jpa.AbstractEntityManagerFactoryBean.afterPropertiesSet(AbstractEntityManagerFactoryBean.java:396)
	at org.springframework.orm.jpa.LocalContainerEntityManagerFactoryBean.afterPropertiesSet(LocalContainerEntityManagerFactoryBean.java:366)
	at org.springframework.beans.factory.support.AbstractAutowireCapableBeanFactory.invokeInitMethods(AbstractAutowireCapableBeanFactory.java:1853)
	at org.springframework.beans.factory.support.AbstractAutowireCapableBeanFactory.initializeBean(AbstractAutowireCapableBeanFactory.java:1802)
	at org.springframework.beans.factory.support.AbstractAutowireCapableBeanFactory.doCreateBean(AbstractAutowireCapableBeanFactory.java:600)
	at org.springframework.beans.factory.support.AbstractAutowireCapableBeanFactory.createBean(AbstractAutowireCapableBeanFactory.java:522)
	at org.springframework.beans.factory.support.AbstractBeanFactory.lambda$doGetBean$0(AbstractBeanFactory.java:337)
	at org.springframework.beans.factory.support.DefaultSingletonBeanRegistry.getSingleton(DefaultSingletonBeanRegistry.java:234)
	at org.springframework.beans.factory.support.AbstractBeanFactory.doGetBean(AbstractBeanFactory.java:335)
	at org.springframework.beans.factory.support.AbstractBeanFactory.getBean(AbstractBeanFactory.java:205)
	at org.springframework.context.support.AbstractApplicationContext.finishBeanFactoryInitialization(AbstractApplicationContext.java:954)
	at org.springframework.context.support.AbstractApplicationContext.refresh(AbstractApplicationContext.java:625)
	at org.springframework.boot.web.servlet.context.ServletWebServerApplicationContext.refresh(ServletWebServerApplicationContext.java:146)
	at org.springframework.boot.SpringApplication.refresh(SpringApplication.java:754)
	at org.springframework.boot.SpringApplication.refreshContext(SpringApplication.java:456)
	at org.springframework.boot.SpringApplication.run(SpringApplication.java:335)
	at org.springframework.boot.SpringApplication.run(SpringApplication.java:1363)
	at org.springframework.boot.SpringApplication.run(SpringApplication.java:1352)
	at kr.co.seoulit.ReceptionApplication.main(ReceptionApplication.java:12)
2026-02-14 12:57:39.416 WARN  org.hibernate.orm.deprecation - HHH90000026: Oracle10gDialect has been deprecated; use org.hibernate.community.dialect.OracleLegacyDialect instead
2026-02-14 12:57:40.861 INFO  o.h.e.t.j.p.i.JtaPlatformInitiator - HHH000489: No JTA platform available (set 'hibernate.transaction.jta.platform' to enable JTA platform integration)
2026-02-14 12:57:40.866 INFO  o.s.o.j.LocalContainerEntityManagerFactoryBean - Initialized JPA EntityManagerFactory for persistence unit 'default'
2026-02-14 12:57:42.687 WARN  o.s.b.a.o.j.JpaBaseConfiguration$JpaWebConfiguration - spring.jpa.open-in-view is enabled by default. Therefore, database queries may be performed during view rendering. Explicitly configure spring.jpa.open-in-view to disable this warning
2026-02-14 12:57:42.758 INFO  o.s.b.a.w.s.WelcomePageHandlerMapping - Adding welcome page: class path resource [static/index.html]
2026-02-14 12:57:43.752 INFO  o.a.coyote.http11.Http11NioProtocol - Starting ProtocolHandler ["http-nio-8283"]
2026-02-14 12:57:43.790 INFO  o.s.b.w.e.tomcat.TomcatWebServer - Tomcat started on port 8283 (http) with context path '/'
2026-02-14 12:57:43.803 INFO  kr.co.seoulit.ReceptionApplication - Started ReceptionApplication in 33.031 seconds (process running for 38.384)
2026-02-14 13:01:33.810 INFO  o.a.c.c.C.[Tomcat].[localhost].[/] - Initializing Spring DispatcherServlet 'dispatcherServlet'
2026-02-14 13:01:33.811 INFO  o.s.web.servlet.DispatcherServlet - Initializing Servlet 'dispatcherServlet'
2026-02-14 13:01:33.826 INFO  o.s.web.servlet.DispatcherServlet - Completed initialization in 13 ms
2026-02-14 13:01:39.182 INFO  o.s.api.AbstractOpenApiResource - Init duration for springdoc-openapi is: 4399 ms
2026-02-14 13:07:27.092 INFO  k.co.seoulit.common.aop.LoggerAspect - Controller  : kr.co.seoulit.reception.controller.MenuController.getMenus()시작
2026-02-14 13:07:27.098 INFO  k.co.seoulit.common.aop.LoggerAspect - Controller  : kr.co.seoulit.reception.controller.MenuController.getMenus()종료
2026-02-14 13:07:27.203 INFO  k.co.seoulit.common.aop.LoggerAspect - Controller  : kr.co.seoulit.reception.controller.MenuController.getMenus()시작
2026-02-14 13:07:27.207 INFO  k.co.seoulit.common.aop.LoggerAspect - Controller  : kr.co.seoulit.reception.controller.MenuController.getMenus()종료
2026-02-14 13:07:27.631 INFO  k.co.seoulit.common.aop.LoggerAspect - Controller  : kr.co.seoulit.reception.controller.ReceptionController.getReceptions()시작
2026-02-14 13:07:27.632 INFO  k.c.s.r.c.ReceptionController - 접수 목록 요청: searchType=null, searchValue=null
2026-02-14 13:07:27.631 INFO  k.co.seoulit.common.aop.LoggerAspect - Controller  : kr.co.seoulit.reception.controller.ReceptionController.getReceptions()시작
2026-02-14 13:07:27.633 INFO  k.c.s.r.c.ReceptionController - 접수 목록 요청: searchType=null, searchValue=null
2026-02-14 13:07:27.663 INFO  com.zaxxer.hikari.HikariDataSource - HikariPool-1 - Starting...
2026-02-14 13:07:30.498 INFO  k.co.seoulit.common.aop.LoggerAspect - Controller  : kr.co.seoulit.reception.controller.MenuController.getMenus()시작
2026-02-14 13:07:30.499 INFO  k.co.seoulit.common.aop.LoggerAspect - Controller  : kr.co.seoulit.reception.controller.MenuController.getMenus()종료
2026-02-14 13:07:30.509 INFO  k.co.seoulit.common.aop.LoggerAspect - Controller  : kr.co.seoulit.reception.controller.MenuController.getMenus()시작
2026-02-14 13:07:30.511 INFO  k.co.seoulit.common.aop.LoggerAspect - Controller  : kr.co.seoulit.reception.controller.MenuController.getMenus()종료
2026-02-14 13:07:30.533 INFO  k.co.seoulit.common.aop.LoggerAspect - Controller  : kr.co.seoulit.reception.controller.ReceptionController.getReceptions()시작
2026-02-14 13:07:30.534 INFO  k.c.s.r.c.ReceptionController - 접수 목록 요청: searchType=null, searchValue=null
2026-02-14 13:07:30.535 INFO  k.co.seoulit.common.aop.LoggerAspect - Controller  : kr.co.seoulit.reception.controller.ReceptionController.getReceptions()시작
2026-02-14 13:07:30.535 INFO  k.c.s.r.c.ReceptionController - 접수 목록 요청: searchType=null, searchValue=null
2026-02-14 13:07:34.958 INFO  k.co.seoulit.common.aop.LoggerAspect - Controller  : kr.co.seoulit.reception.controller.MenuController.getMenus()시작
2026-02-14 13:07:34.959 INFO  k.co.seoulit.common.aop.LoggerAspect - Controller  : kr.co.seoulit.reception.controller.MenuController.getMenus()종료
2026-02-14 13:07:34.968 INFO  k.co.seoulit.common.aop.LoggerAspect - Controller  : kr.co.seoulit.reception.controller.MenuController.getMenus()시작
2026-02-14 13:07:34.968 INFO  k.co.seoulit.common.aop.LoggerAspect - Controller  : kr.co.seoulit.reception.controller.MenuController.getMenus()종료
2026-02-14 13:07:35.002 INFO  k.co.seoulit.common.aop.LoggerAspect - Controller  : kr.co.seoulit.reception.controller.ReceptionController.getReceptions()시작
2026-02-14 13:07:35.004 INFO  k.c.s.r.c.ReceptionController - 접수 목록 요청: searchType=null, searchValue=null
2026-02-14 13:07:35.003 INFO  k.co.seoulit.common.aop.LoggerAspect - Controller  : kr.co.seoulit.reception.controller.ReceptionController.getReceptions()시작
2026-02-14 13:07:35.009 INFO  k.c.s.r.c.ReceptionController - 접수 목록 요청: searchType=null, searchValue=null
2026-02-14 13:07:49.724 INFO  com.zaxxer.hikari.HikariDataSource - HikariPool-1 - Starting...
2026-02-14 13:07:49.725 WARN  o.h.e.jdbc.spi.SqlExceptionHelper - SQL Error: 17002, SQLState: 08006
2026-02-14 13:07:49.726 ERROR o.h.e.jdbc.spi.SqlExceptionHelper - IO 오류: The Network Adapter could not establish the connection (CONNECTION_ID=Lo5cgf/MR1aoli9vGA5woQ==)
2026-02-14 13:07:49.730 ERROR k.c.s.c.h.GlobalExceptionHandler - Unhandled server error
org.springframework.transaction.CannotCreateTransactionException: Could not open JPA EntityManager for transaction
	at org.springframework.orm.jpa.JpaTransactionManager.doBegin(JpaTransactionManager.java:466)
	at org.springframework.transaction.support.AbstractPlatformTransactionManager.startTransaction(AbstractPlatformTransactionManager.java:532)
	at org.springframework.transaction.support.AbstractPlatformTransactionManager.getTransaction(AbstractPlatformTransactionManager.java:405)
	at org.springframework.transaction.interceptor.TransactionAspectSupport.createTransactionIfNecessary(TransactionAspectSupport.java:604)
	at org.springframework.transaction.interceptor.TransactionAspectSupport.invokeWithinTransaction(TransactionAspectSupport.java:373)
	at org.springframework.transaction.interceptor.TransactionInterceptor.invoke(TransactionInterceptor.java:119)
	at org.springframework.aop.framework.ReflectiveMethodInvocation.proceed(ReflectiveMethodInvocation.java:184)
	at org.springframework.aop.framework.CglibAopProxy$CglibMethodInvocation.proceed(CglibAopProxy.java:768)
	at org.springframework.aop.interceptor.ExposeInvocationInterceptor.invoke(ExposeInvocationInterceptor.java:97)
	at org.springframework.aop.framework.ReflectiveMethodInvocation.proceed(ReflectiveMethodInvocation.java:184)
	at org.springframework.aop.framework.CglibAopProxy$CglibMethodInvocation.proceed(CglibAopProxy.java:768)
	at org.springframework.aop.framework.CglibAopProxy$DynamicAdvisedInterceptor.intercept(CglibAopProxy.java:720)
	at kr.co.seoulit.reception.service.ReceptionServiceImpl$$SpringCGLIB$$0.getReceptionList(<generated>)
	at kr.co.seoulit.reception.controller.ReceptionController.getReceptions(ReceptionController.java:70)
	at java.base/jdk.internal.reflect.NativeMethodAccessorImpl.invoke0(Native Method)
	at java.base/jdk.internal.reflect.NativeMethodAccessorImpl.invoke(NativeMethodAccessorImpl.java:77)
	at java.base/jdk.internal.reflect.DelegatingMethodAccessorImpl.invoke(DelegatingMethodAccessorImpl.java:43)
	at java.base/java.lang.reflect.Method.invoke(Method.java:568)
	at org.springframework.aop.support.AopUtils.invokeJoinpointUsingReflection(AopUtils.java:354)
	at org.springframework.aop.framework.ReflectiveMethodInvocation.invokeJoinpoint(ReflectiveMethodInvocation.java:196)
	at org.springframework.aop.framework.ReflectiveMethodInvocation.proceed(ReflectiveMethodInvocation.java:163)
	at org.springframework.aop.framework.CglibAopProxy$CglibMethodInvocation.proceed(CglibAopProxy.java:768)
	at org.springframework.aop.aspectj.MethodInvocationProceedingJoinPoint.proceed(MethodInvocationProceedingJoinPoint.java:89)
	at kr.co.seoulit.common.aop.LoggerAspect.logPrint(LoggerAspect.java:31)
	at java.base/jdk.internal.reflect.NativeMethodAccessorImpl.invoke0(Native Method)
	at java.base/jdk.internal.reflect.NativeMethodAccessorImpl.invoke(NativeMethodAccessorImpl.java:77)
	at java.base/jdk.internal.reflect.DelegatingMethodAccessorImpl.invoke(DelegatingMethodAccessorImpl.java:43)
	at java.base/java.lang.reflect.Method.invoke(Method.java:568)
	at org.springframework.aop.aspectj.AbstractAspectJAdvice.invokeAdviceMethodWithGivenArgs(AbstractAspectJAdvice.java:637)
	at org.springframework.aop.aspectj.AbstractAspectJAdvice.invokeAdviceMethod(AbstractAspectJAdvice.java:627)
	at org.springframework.aop.aspectj.AspectJAroundAdvice.invoke(AspectJAroundAdvice.java:71)
	at org.springframework.aop.framework.ReflectiveMethodInvocation.proceed(ReflectiveMethodInvocation.java:184)
	at org.springframework.aop.framework.CglibAopProxy$CglibMethodInvocation.proceed(CglibAopProxy.java:768)
	at org.springframework.aop.interceptor.ExposeInvocationInterceptor.invoke(ExposeInvocationInterceptor.java:97)
	at org.springframework.aop.framework.ReflectiveMethodInvocation.proceed(ReflectiveMethodInvocation.java:184)
	at org.springframework.aop.framework.CglibAopProxy$CglibMethodInvocation.proceed(CglibAopProxy.java:768)
	at org.springframework.aop.framework.CglibAopProxy$DynamicAdvisedInterceptor.intercept(CglibAopProxy.java:720)
	at kr.co.seoulit.reception.controller.ReceptionController$$SpringCGLIB$$0.getReceptions(<generated>)
	at java.base/jdk.internal.reflect.NativeMethodAccessorImpl.invoke0(Native Method)
	at java.base/jdk.internal.reflect.NativeMethodAccessorImpl.invoke(NativeMethodAccessorImpl.java:77)
	at java.base/jdk.internal.reflect.DelegatingMethodAccessorImpl.invoke(DelegatingMethodAccessorImpl.java:43)
	at java.base/java.lang.reflect.Method.invoke(Method.java:568)
	at org.springframework.web.method.support.InvocableHandlerMethod.doInvoke(InvocableHandlerMethod.java:255)
	at org.springframework.web.method.support.InvocableHandlerMethod.invokeForRequest(InvocableHandlerMethod.java:188)
	at org.springframework.web.servlet.mvc.method.annotation.ServletInvocableHandlerMethod.invokeAndHandle(ServletInvocableHandlerMethod.java:118)
	at org.springframework.web.servlet.mvc.method.annotation.RequestMappingHandlerAdapter.invokeHandlerMethod(RequestMappingHandlerAdapter.java:926)
	at org.springframework.web.servlet.mvc.method.annotation.RequestMappingHandlerAdapter.handleInternal(RequestMappingHandlerAdapter.java:831)
	at org.springframework.web.servlet.mvc.method.AbstractHandlerMethodAdapter.handle(AbstractHandlerMethodAdapter.java:87)
	at org.springframework.web.servlet.DispatcherServlet.doDispatch(DispatcherServlet.java:1089)
	at org.springframework.web.servlet.DispatcherServlet.doService(DispatcherServlet.java:979)
	at org.springframework.web.servlet.FrameworkServlet.processRequest(FrameworkServlet.java:1014)
	at org.springframework.web.servlet.FrameworkServlet.doGet(FrameworkServlet.java:903)
	at jakarta.servlet.http.HttpServlet.service(HttpServlet.java:564)
	at org.springframework.web.servlet.FrameworkServlet.service(FrameworkServlet.java:885)
	at jakarta.servlet.http.HttpServlet.service(HttpServlet.java:658)
	at org.apache.catalina.core.ApplicationFilterChain.internalDoFilter(ApplicationFilterChain.java:195)
	at org.apache.catalina.core.ApplicationFilterChain.doFilter(ApplicationFilterChain.java:140)
	at org.apache.tomcat.websocket.server.WsFilter.doFilter(WsFilter.java:51)
	at org.apache.catalina.core.ApplicationFilterChain.internalDoFilter(ApplicationFilterChain.java:164)
	at org.apache.catalina.core.ApplicationFilterChain.doFilter(ApplicationFilterChain.java:140)
	at org.springframework.web.filter.CorsFilter.doFilterInternal(CorsFilter.java:91)
	at org.springframework.web.filter.OncePerRequestFilter.doFilter(OncePerRequestFilter.java:116)
	at org.apache.catalina.core.ApplicationFilterChain.internalDoFilter(ApplicationFilterChain.java:164)
	at org.apache.catalina.core.ApplicationFilterChain.doFilter(ApplicationFilterChain.java:140)
	at org.springframework.web.filter.RequestContextFilter.doFilterInternal(RequestContextFilter.java:100)
	at org.springframework.web.filter.OncePerRequestFilter.doFilter(OncePerRequestFilter.java:116)
	at org.apache.catalina.core.ApplicationFilterChain.internalDoFilter(ApplicationFilterChain.java:164)
	at org.apache.catalina.core.ApplicationFilterChain.doFilter(ApplicationFilterChain.java:140)
	at org.springframework.web.filter.FormContentFilter.doFilterInternal(FormContentFilter.java:93)
	at org.springframework.web.filter.OncePerRequestFilter.doFilter(OncePerRequestFilter.java:116)
	at org.apache.catalina.core.ApplicationFilterChain.internalDoFilter(ApplicationFilterChain.java:164)
	at org.apache.catalina.core.ApplicationFilterChain.doFilter(ApplicationFilterChain.java:140)
	at org.springframework.web.filter.CharacterEncodingFilter.doFilterInternal(CharacterEncodingFilter.java:201)
	at org.springframework.web.filter.OncePerRequestFilter.doFilter(OncePerRequestFilter.java:116)
	at org.apache.catalina.core.ApplicationFilterChain.internalDoFilter(ApplicationFilterChain.java:164)
	at org.apache.catalina.core.ApplicationFilterChain.doFilter(ApplicationFilterChain.java:140)
	at org.apache.catalina.core.StandardWrapperValve.invoke(StandardWrapperValve.java:167)
	at org.apache.catalina.core.StandardContextValve.invoke(StandardContextValve.java:90)
	at org.apache.catalina.authenticator.AuthenticatorBase.invoke(AuthenticatorBase.java:483)
	at org.apache.catalina.core.StandardHostValve.invoke(StandardHostValve.java:115)
	at org.apache.catalina.valves.ErrorReportValve.invoke(ErrorReportValve.java:93)
	at org.apache.catalina.core.StandardEngineValve.invoke(StandardEngineValve.java:74)
	at org.apache.catalina.connector.CoyoteAdapter.service(CoyoteAdapter.java:344)
	at org.apache.coyote.http11.Http11Processor.service(Http11Processor.java:389)
	at org.apache.coyote.AbstractProcessorLight.process(AbstractProcessorLight.java:63)
	at org.apache.coyote.AbstractProtocol$ConnectionHandler.process(AbstractProtocol.java:904)
	at org.apache.tomcat.util.net.NioEndpoint$SocketProcessor.doRun(NioEndpoint.java:1741)
	at org.apache.tomcat.util.net.SocketProcessorBase.run(SocketProcessorBase.java:52)
	at org.apache.tomcat.util.threads.ThreadPoolExecutor.runWorker(ThreadPoolExecutor.java:1190)
	at org.apache.tomcat.util.threads.ThreadPoolExecutor$Worker.run(ThreadPoolExecutor.java:659)
	at org.apache.tomcat.util.threads.TaskThread$WrappingRunnable.run(TaskThread.java:63)
	at java.base/java.lang.Thread.run(Thread.java:842)
Caused by: org.hibernate.exception.JDBCConnectionException: Unable to acquire JDBC Connection [IO 오류: The Network Adapter could not establish the connection (CONNECTION_ID=Lo5cgf/MR1aoli9vGA5woQ==)] [n/a]
	at org.hibernate.exception.internal.SQLStateConversionDelegate.convert(SQLStateConversionDelegate.java:100)
	at org.hibernate.exception.internal.StandardSQLExceptionConverter.convert(StandardSQLExceptionConverter.java:58)
	at org.hibernate.engine.jdbc.spi.SqlExceptionHelper.convert(SqlExceptionHelper.java:108)
	at org.hibernate.engine.jdbc.spi.SqlExceptionHelper.convert(SqlExceptionHelper.java:94)
	at org.hibernate.resource.jdbc.internal.LogicalConnectionManagedImpl.acquireConnectionIfNeeded(LogicalConnectionManagedImpl.java:116)
	at org.hibernate.resource.jdbc.internal.LogicalConnectionManagedImpl.getPhysicalConnection(LogicalConnectionManagedImpl.java:143)
	at org.springframework.orm.jpa.vendor.HibernateJpaDialect.beginTransaction(HibernateJpaDialect.java:164)
	at org.springframework.orm.jpa.JpaTransactionManager.doBegin(JpaTransactionManager.java:420)
	... 91 common frames omitted
Caused by: java.sql.SQLRecoverableException: IO 오류: The Network Adapter could not establish the connection (CONNECTION_ID=Lo5cgf/MR1aoli9vGA5woQ==)
	at oracle.jdbc.driver.T4CConnection.handleLogonNetException(T4CConnection.java:905)
	at oracle.jdbc.driver.T4CConnection.logon(T4CConnection.java:710)
	at oracle.jdbc.driver.PhysicalConnection.connect(PhysicalConnection.java:1095)
	at oracle.jdbc.driver.T4CDriverExtension.getConnection(T4CDriverExtension.java:90)
	at oracle.jdbc.driver.OracleDriver.connect(OracleDriver.java:733)
	at oracle.jdbc.driver.OracleDriver.connect(OracleDriver.java:649)
	at com.zaxxer.hikari.util.DriverDataSource.getConnection(DriverDataSource.java:137)
	at com.zaxxer.hikari.pool.PoolBase.newConnection(PoolBase.java:360)
	at com.zaxxer.hikari.pool.PoolBase.newPoolEntry(PoolBase.java:202)
	at com.zaxxer.hikari.pool.HikariPool.createPoolEntry(HikariPool.java:461)
	at com.zaxxer.hikari.pool.HikariPool.checkFailFast(HikariPool.java:550)
	at com.zaxxer.hikari.pool.HikariPool.<init>(HikariPool.java:98)
	at com.zaxxer.hikari.HikariDataSource.getConnection(HikariDataSource.java:111)
	at org.hibernate.engine.jdbc.connections.internal.DatasourceConnectionProviderImpl.getConnection(DatasourceConnectionProviderImpl.java:122)
	at org.hibernate.internal.NonContextualJdbcConnectionAccess.obtainConnection(NonContextualJdbcConnectionAccess.java:46)
	at org.hibernate.resource.jdbc.internal.LogicalConnectionManagedImpl.acquireConnectionIfNeeded(LogicalConnectionManagedImpl.java:113)
	... 94 common frames omitted
Caused by: oracle.net.ns.NetException: The Network Adapter could not establish the connection (CONNECTION_ID=Lo5cgf/MR1aoli9vGA5woQ==)
	at oracle.net.nt.ConnStrategy.execute(ConnStrategy.java:729)
	at oracle.net.resolver.AddrResolution.resolveAndExecute(AddrResolution.java:629)
	at oracle.net.ns.NSProtocol.establishConnection(NSProtocol.java:965)
	at oracle.net.ns.NSProtocol.connect(NSProtocol.java:351)
	at oracle.jdbc.driver.T4CConnection.connect(T4CConnection.java:2653)
	at oracle.jdbc.driver.T4CConnection.logon(T4CConnection.java:669)
	... 108 common frames omitted
Caused by: java.io.IOException: Connection timed out: connect, socket connect lapse 21049 ms. 192.168.1.67 1521  30000 (1/1) true
	at oracle.net.nt.TcpNTAdapter.establishSocket(TcpNTAdapter.java:429)
	at oracle.net.nt.TcpNTAdapter.doLocalDNSLookupConnect(TcpNTAdapter.java:311)
	at oracle.net.nt.TcpNTAdapter.connect(TcpNTAdapter.java:273)
	at oracle.net.nt.ConnOption.connect(ConnOption.java:231)
	at oracle.net.nt.ConnStrategy.executeConnOption(ConnStrategy.java:1028)
	at oracle.net.nt.ConnStrategy.execute(ConnStrategy.java:687)
	... 113 common frames omitted
Caused by: java.net.ConnectException: Connection timed out: connect
	at java.base/sun.nio.ch.Net.connect0(Native Method)
	at java.base/sun.nio.ch.Net.connect(Net.java:579)
	at java.base/sun.nio.ch.Net.connect(Net.java:586)
	at java.base/sun.nio.ch.SocketChannelImpl.connect(SocketChannelImpl.java:853)
	at java.base/java.nio.channels.SocketChannel.open(SocketChannel.java:285)
	at oracle.net.nt.TimeoutSocketChannel.connect(TimeoutSocketChannel.java:185)
	at oracle.net.nt.TimeoutSocketChannel.<init>(TimeoutSocketChannel.java:159)
	at oracle.net.nt.TcpNTAdapter.establishSocket(TcpNTAdapter.java:388)
	... 118 common frames omitted
2026-02-14 13:07:52.856 INFO  k.co.seoulit.common.aop.LoggerAspect - Controller  : kr.co.seoulit.reception.controller.MenuController.getMenus()시작
2026-02-14 13:07:52.858 INFO  k.co.seoulit.common.aop.LoggerAspect - Controller  : kr.co.seoulit.reception.controller.MenuController.getMenus()종료
2026-02-14 13:07:52.870 INFO  k.co.seoulit.common.aop.LoggerAspect - Controller  : kr.co.seoulit.reception.controller.MenuController.getMenus()시작
2026-02-14 13:07:52.872 INFO  k.co.seoulit.common.aop.LoggerAspect - Controller  : kr.co.seoulit.reception.controller.MenuController.getMenus()종료
2026-02-14 13:07:52.934 INFO  k.co.seoulit.common.aop.LoggerAspect - Controller  : kr.co.seoulit.reception.controller.ReceptionController.getReceptions()시작
2026-02-14 13:07:52.935 INFO  k.c.s.r.c.ReceptionController - 접수 목록 요청: searchType=null, searchValue=null
2026-02-14 13:08:11.761 WARN  o.h.e.jdbc.spi.SqlExceptionHelper - SQL Error: 17002, SQLState: 08006
2026-02-14 13:08:11.762 ERROR o.h.e.jdbc.spi.SqlExceptionHelper - IO 오류: The Network Adapter could not establish the connection (CONNECTION_ID=T76WR6xISSuqY1JaBuu0AQ==)
2026-02-14 13:08:11.761 INFO  com.zaxxer.hikari.HikariDataSource - HikariPool-1 - Starting...
2026-02-14 13:08:11.763 ERROR k.c.s.c.h.GlobalExceptionHandler - Unhandled server error
org.springframework.transaction.CannotCreateTransactionException: Could not open JPA EntityManager for transaction
	at org.springframework.orm.jpa.JpaTransactionManager.doBegin(JpaTransactionManager.java:466)
	at org.springframework.transaction.support.AbstractPlatformTransactionManager.startTransaction(AbstractPlatformTransactionManager.java:532)
	at org.springframework.transaction.support.AbstractPlatformTransactionManager.getTransaction(AbstractPlatformTransactionManager.java:405)
	at org.springframework.transaction.interceptor.TransactionAspectSupport.createTransactionIfNecessary(TransactionAspectSupport.java:604)
	at org.springframework.transaction.interceptor.TransactionAspectSupport.invokeWithinTransaction(TransactionAspectSupport.java:373)
	at org.springframework.transaction.interceptor.TransactionInterceptor.invoke(TransactionInterceptor.java:119)
	at org.springframework.aop.framework.ReflectiveMethodInvocation.proceed(ReflectiveMethodInvocation.java:184)
	at org.springframework.aop.framework.CglibAopProxy$CglibMethodInvocation.proceed(CglibAopProxy.java:768)
	at org.springframework.aop.interceptor.ExposeInvocationInterceptor.invoke(ExposeInvocationInterceptor.java:97)
	at org.springframework.aop.framework.ReflectiveMethodInvocation.proceed(ReflectiveMethodInvocation.java:184)
	at org.springframework.aop.framework.CglibAopProxy$CglibMethodInvocation.proceed(CglibAopProxy.java:768)
	at org.springframework.aop.framework.CglibAopProxy$DynamicAdvisedInterceptor.intercept(CglibAopProxy.java:720)
	at kr.co.seoulit.reception.service.ReceptionServiceImpl$$SpringCGLIB$$0.getReceptionList(<generated>)
	at kr.co.seoulit.reception.controller.ReceptionController.getReceptions(ReceptionController.java:70)
	at java.base/jdk.internal.reflect.NativeMethodAccessorImpl.invoke0(Native Method)
	at java.base/jdk.internal.reflect.NativeMethodAccessorImpl.invoke(NativeMethodAccessorImpl.java:77)
	at java.base/jdk.internal.reflect.DelegatingMethodAccessorImpl.invoke(DelegatingMethodAccessorImpl.java:43)
	at java.base/java.lang.reflect.Method.invoke(Method.java:568)
	at org.springframework.aop.support.AopUtils.invokeJoinpointUsingReflection(AopUtils.java:354)
	at org.springframework.aop.framework.ReflectiveMethodInvocation.invokeJoinpoint(ReflectiveMethodInvocation.java:196)
	at org.springframework.aop.framework.ReflectiveMethodInvocation.proceed(ReflectiveMethodInvocation.java:163)
	at org.springframework.aop.framework.CglibAopProxy$CglibMethodInvocation.proceed(CglibAopProxy.java:768)
	at org.springframework.aop.aspectj.MethodInvocationProceedingJoinPoint.proceed(MethodInvocationProceedingJoinPoint.java:89)
	at kr.co.seoulit.common.aop.LoggerAspect.logPrint(LoggerAspect.java:31)
	at java.base/jdk.internal.reflect.NativeMethodAccessorImpl.invoke0(Native Method)
	at java.base/jdk.internal.reflect.NativeMethodAccessorImpl.invoke(NativeMethodAccessorImpl.java:77)
	at java.base/jdk.internal.reflect.DelegatingMethodAccessorImpl.invoke(DelegatingMethodAccessorImpl.java:43)
	at java.base/java.lang.reflect.Method.invoke(Method.java:568)
	at org.springframework.aop.aspectj.AbstractAspectJAdvice.invokeAdviceMethodWithGivenArgs(AbstractAspectJAdvice.java:637)
	at org.springframework.aop.aspectj.AbstractAspectJAdvice.invokeAdviceMethod(AbstractAspectJAdvice.java:627)
	at org.springframework.aop.aspectj.AspectJAroundAdvice.invoke(AspectJAroundAdvice.java:71)
	at org.springframework.aop.framework.ReflectiveMethodInvocation.proceed(ReflectiveMethodInvocation.java:184)
	at org.springframework.aop.framework.CglibAopProxy$CglibMethodInvocation.proceed(CglibAopProxy.java:768)
	at org.springframework.aop.interceptor.ExposeInvocationInterceptor.invoke(ExposeInvocationInterceptor.java:97)
	at org.springframework.aop.framework.ReflectiveMethodInvocation.proceed(ReflectiveMethodInvocation.java:184)
	at org.springframework.aop.framework.CglibAopProxy$CglibMethodInvocation.proceed(CglibAopProxy.java:768)
	at org.springframework.aop.framework.CglibAopProxy$DynamicAdvisedInterceptor.intercept(CglibAopProxy.java:720)
	at kr.co.seoulit.reception.controller.ReceptionController$$SpringCGLIB$$0.getReceptions(<generated>)
	at java.base/jdk.internal.reflect.NativeMethodAccessorImpl.invoke0(Native Method)
	at java.base/jdk.internal.reflect.NativeMethodAccessorImpl.invoke(NativeMethodAccessorImpl.java:77)
	at java.base/jdk.internal.reflect.DelegatingMethodAccessorImpl.invoke(DelegatingMethodAccessorImpl.java:43)
	at java.base/java.lang.reflect.Method.invoke(Method.java:568)
	at org.springframework.web.method.support.InvocableHandlerMethod.doInvoke(InvocableHandlerMethod.java:255)
	at org.springframework.web.method.support.InvocableHandlerMethod.invokeForRequest(InvocableHandlerMethod.java:188)
	at org.springframework.web.servlet.mvc.method.annotation.ServletInvocableHandlerMethod.invokeAndHandle(ServletInvocableHandlerMethod.java:118)
	at org.springframework.web.servlet.mvc.method.annotation.RequestMappingHandlerAdapter.invokeHandlerMethod(RequestMappingHandlerAdapter.java:926)
	at org.springframework.web.servlet.mvc.method.annotation.RequestMappingHandlerAdapter.handleInternal(RequestMappingHandlerAdapter.java:831)
	at org.springframework.web.servlet.mvc.method.AbstractHandlerMethodAdapter.handle(AbstractHandlerMethodAdapter.java:87)
	at org.springframework.web.servlet.DispatcherServlet.doDispatch(DispatcherServlet.java:1089)
	at org.springframework.web.servlet.DispatcherServlet.doService(DispatcherServlet.java:979)
	at org.springframework.web.servlet.FrameworkServlet.processRequest(FrameworkServlet.java:1014)
	at org.springframework.web.servlet.FrameworkServlet.doGet(FrameworkServlet.java:903)
	at jakarta.servlet.http.HttpServlet.service(HttpServlet.java:564)
	at org.springframework.web.servlet.FrameworkServlet.service(FrameworkServlet.java:885)
	at jakarta.servlet.http.HttpServlet.service(HttpServlet.java:658)
	at org.apache.catalina.core.ApplicationFilterChain.internalDoFilter(ApplicationFilterChain.java:195)
	at org.apache.catalina.core.ApplicationFilterChain.doFilter(ApplicationFilterChain.java:140)
	at org.apache.tomcat.websocket.server.WsFilter.doFilter(WsFilter.java:51)
	at org.apache.catalina.core.ApplicationFilterChain.internalDoFilter(ApplicationFilterChain.java:164)
	at org.apache.catalina.core.ApplicationFilterChain.doFilter(ApplicationFilterChain.java:140)
	at org.springframework.web.filter.CorsFilter.doFilterInternal(CorsFilter.java:91)
	at org.springframework.web.filter.OncePerRequestFilter.doFilter(OncePerRequestFilter.java:116)
	at org.apache.catalina.core.ApplicationFilterChain.internalDoFilter(ApplicationFilterChain.java:164)
	at org.apache.catalina.core.ApplicationFilterChain.doFilter(ApplicationFilterChain.java:140)
	at org.springframework.web.filter.RequestContextFilter.doFilterInternal(RequestContextFilter.java:100)
	at org.springframework.web.filter.OncePerRequestFilter.doFilter(OncePerRequestFilter.java:116)
	at org.apache.catalina.core.ApplicationFilterChain.internalDoFilter(ApplicationFilterChain.java:164)
	at org.apache.catalina.core.ApplicationFilterChain.doFilter(ApplicationFilterChain.java:140)
	at org.springframework.web.filter.FormContentFilter.doFilterInternal(FormContentFilter.java:93)
	at org.springframework.web.filter.OncePerRequestFilter.doFilter(OncePerRequestFilter.java:116)
	at org.apache.catalina.core.ApplicationFilterChain.internalDoFilter(ApplicationFilterChain.java:164)
	at org.apache.catalina.core.ApplicationFilterChain.doFilter(ApplicationFilterChain.java:140)
	at org.springframework.web.filter.CharacterEncodingFilter.doFilterInternal(CharacterEncodingFilter.java:201)
	at org.springframework.web.filter.OncePerRequestFilter.doFilter(OncePerRequestFilter.java:116)
	at org.apache.catalina.core.ApplicationFilterChain.internalDoFilter(ApplicationFilterChain.java:164)
	at org.apache.catalina.core.ApplicationFilterChain.doFilter(ApplicationFilterChain.java:140)
	at org.apache.catalina.core.StandardWrapperValve.invoke(StandardWrapperValve.java:167)
	at org.apache.catalina.core.StandardContextValve.invoke(StandardContextValve.java:90)
	at org.apache.catalina.authenticator.AuthenticatorBase.invoke(AuthenticatorBase.java:483)
	at org.apache.catalina.core.StandardHostValve.invoke(StandardHostValve.java:115)
	at org.apache.catalina.valves.ErrorReportValve.invoke(ErrorReportValve.java:93)
	at org.apache.catalina.core.StandardEngineValve.invoke(StandardEngineValve.java:74)
	at org.apache.catalina.connector.CoyoteAdapter.service(CoyoteAdapter.java:344)
	at org.apache.coyote.http11.Http11Processor.service(Http11Processor.java:389)
	at org.apache.coyote.AbstractProcessorLight.process(AbstractProcessorLight.java:63)
	at org.apache.coyote.AbstractProtocol$ConnectionHandler.process(AbstractProtocol.java:904)
	at org.apache.tomcat.util.net.NioEndpoint$SocketProcessor.doRun(NioEndpoint.java:1741)
	at org.apache.tomcat.util.net.SocketProcessorBase.run(SocketProcessorBase.java:52)
	at org.apache.tomcat.util.threads.ThreadPoolExecutor.runWorker(ThreadPoolExecutor.java:1190)
	at org.apache.tomcat.util.threads.ThreadPoolExecutor$Worker.run(ThreadPoolExecutor.java:659)
	at org.apache.tomcat.util.threads.TaskThread$WrappingRunnable.run(TaskThread.java:63)
	at java.base/java.lang.Thread.run(Thread.java:842)
Caused by: org.hibernate.exception.JDBCConnectionException: Unable to acquire JDBC Connection [IO 오류: The Network Adapter could not establish the connection (CONNECTION_ID=T76WR6xISSuqY1JaBuu0AQ==)] [n/a]
	at org.hibernate.exception.internal.SQLStateConversionDelegate.convert(SQLStateConversionDelegate.java:100)
	at org.hibernate.exception.internal.StandardSQLExceptionConverter.convert(StandardSQLExceptionConverter.java:58)
	at org.hibernate.engine.jdbc.spi.SqlExceptionHelper.convert(SqlExceptionHelper.java:108)
	at org.hibernate.engine.jdbc.spi.SqlExceptionHelper.convert(SqlExceptionHelper.java:94)
	at org.hibernate.resource.jdbc.internal.LogicalConnectionManagedImpl.acquireConnectionIfNeeded(LogicalConnectionManagedImpl.java:116)
	at org.hibernate.resource.jdbc.internal.LogicalConnectionManagedImpl.getPhysicalConnection(LogicalConnectionManagedImpl.java:143)
	at org.springframework.orm.jpa.vendor.HibernateJpaDialect.beginTransaction(HibernateJpaDialect.java:164)
	at org.springframework.orm.jpa.JpaTransactionManager.doBegin(JpaTransactionManager.java:420)
	... 91 common frames omitted
Caused by: java.sql.SQLRecoverableException: IO 오류: The Network Adapter could not establish the connection (CONNECTION_ID=T76WR6xISSuqY1JaBuu0AQ==)
	at oracle.jdbc.driver.T4CConnection.handleLogonNetException(T4CConnection.java:905)
	at oracle.jdbc.driver.T4CConnection.logon(T4CConnection.java:710)
	at oracle.jdbc.driver.PhysicalConnection.connect(PhysicalConnection.java:1095)
	at oracle.jdbc.driver.T4CDriverExtension.getConnection(T4CDriverExtension.java:90)
	at oracle.jdbc.driver.OracleDriver.connect(OracleDriver.java:733)
	at oracle.jdbc.driver.OracleDriver.connect(OracleDriver.java:649)
	at com.zaxxer.hikari.util.DriverDataSource.getConnection(DriverDataSource.java:137)
	at com.zaxxer.hikari.pool.PoolBase.newConnection(PoolBase.java:360)
	at com.zaxxer.hikari.pool.PoolBase.newPoolEntry(PoolBase.java:202)
	at com.zaxxer.hikari.pool.HikariPool.createPoolEntry(HikariPool.java:461)
	at com.zaxxer.hikari.pool.HikariPool.checkFailFast(HikariPool.java:550)
	at com.zaxxer.hikari.pool.HikariPool.<init>(HikariPool.java:98)
	at com.zaxxer.hikari.HikariDataSource.getConnection(HikariDataSource.java:111)
	at org.hibernate.engine.jdbc.connections.internal.DatasourceConnectionProviderImpl.getConnection(DatasourceConnectionProviderImpl.java:122)
	at org.hibernate.internal.NonContextualJdbcConnectionAccess.obtainConnection(NonContextualJdbcConnectionAccess.java:46)
	at org.hibernate.resource.jdbc.internal.LogicalConnectionManagedImpl.acquireConnectionIfNeeded(LogicalConnectionManagedImpl.java:113)
	... 94 common frames omitted
Caused by: oracle.net.ns.NetException: The Network Adapter could not establish the connection (CONNECTION_ID=T76WR6xISSuqY1JaBuu0AQ==)
	at oracle.net.nt.ConnStrategy.execute(ConnStrategy.java:729)
	at oracle.net.resolver.AddrResolution.resolveAndExecute(AddrResolution.java:629)
	at oracle.net.ns.NSProtocol.establishConnection(NSProtocol.java:965)
	at oracle.net.ns.NSProtocol.connect(NSProtocol.java:351)
	at oracle.jdbc.driver.T4CConnection.connect(T4CConnection.java:2653)
	at oracle.jdbc.driver.T4CConnection.logon(T4CConnection.java:669)
	... 108 common frames omitted
Caused by: java.io.IOException: Connection timed out: connect, socket connect lapse 21028 ms. 192.168.1.67 1521  30000 (1/1) true
	at oracle.net.nt.TcpNTAdapter.establishSocket(TcpNTAdapter.java:429)
	at oracle.net.nt.TcpNTAdapter.doLocalDNSLookupConnect(TcpNTAdapter.java:311)
	at oracle.net.nt.TcpNTAdapter.connect(TcpNTAdapter.java:273)
	at oracle.net.nt.ConnOption.connect(ConnOption.java:231)
	at oracle.net.nt.ConnStrategy.executeConnOption(ConnStrategy.java:1028)
	at oracle.net.nt.ConnStrategy.execute(ConnStrategy.java:687)
	... 113 common frames omitted
Caused by: java.net.ConnectException: Connection timed out: connect
	at java.base/sun.nio.ch.Net.connect0(Native Method)
	at java.base/sun.nio.ch.Net.connect(Net.java:579)
	at java.base/sun.nio.ch.Net.connect(Net.java:586)
	at java.base/sun.nio.ch.SocketChannelImpl.connect(SocketChannelImpl.java:853)
	at java.base/java.nio.channels.SocketChannel.open(SocketChannel.java:285)
	at oracle.net.nt.TimeoutSocketChannel.connect(TimeoutSocketChannel.java:185)
	at oracle.net.nt.TimeoutSocketChannel.<init>(TimeoutSocketChannel.java:159)
	at oracle.net.nt.TcpNTAdapter.establishSocket(TcpNTAdapter.java:388)
	... 118 common frames omitted
2026-02-14 13:08:12.894 INFO  k.co.seoulit.common.aop.LoggerAspect - Controller  : kr.co.seoulit.reception.controller.ReceptionController.getReceptions()시작
2026-02-14 13:08:12.894 INFO  k.c.s.r.c.ReceptionController - 접수 목록 요청: searchType=null, searchValue=null
2026-02-14 13:08:33.830 INFO  com.zaxxer.hikari.HikariDataSource - HikariPool-1 - Starting...
2026-02-14 13:08:33.830 WARN  o.h.e.jdbc.spi.SqlExceptionHelper - SQL Error: 17002, SQLState: 08006
2026-02-14 13:08:33.833 ERROR o.h.e.jdbc.spi.SqlExceptionHelper - IO 오류: The Network Adapter could not establish the connection (CONNECTION_ID=48WDVYijQRaesRl9Ko5Y3Q==)
2026-02-14 13:08:33.834 ERROR k.c.s.c.h.GlobalExceptionHandler - Unhandled server error
org.springframework.transaction.CannotCreateTransactionException: Could not open JPA EntityManager for transaction
	at org.springframework.orm.jpa.JpaTransactionManager.doBegin(JpaTransactionManager.java:466)
	at org.springframework.transaction.support.AbstractPlatformTransactionManager.startTransaction(AbstractPlatformTransactionManager.java:532)
	at org.springframework.transaction.support.AbstractPlatformTransactionManager.getTransaction(AbstractPlatformTransactionManager.java:405)
	at org.springframework.transaction.interceptor.TransactionAspectSupport.createTransactionIfNecessary(TransactionAspectSupport.java:604)
	at org.springframework.transaction.interceptor.TransactionAspectSupport.invokeWithinTransaction(TransactionAspectSupport.java:373)
	at org.springframework.transaction.interceptor.TransactionInterceptor.invoke(TransactionInterceptor.java:119)
	at org.springframework.aop.framework.ReflectiveMethodInvocation.proceed(ReflectiveMethodInvocation.java:184)
	at org.springframework.aop.framework.CglibAopProxy$CglibMethodInvocation.proceed(CglibAopProxy.java:768)
	at org.springframework.aop.interceptor.ExposeInvocationInterceptor.invoke(ExposeInvocationInterceptor.java:97)
	at org.springframework.aop.framework.ReflectiveMethodInvocation.proceed(ReflectiveMethodInvocation.java:184)
	at org.springframework.aop.framework.CglibAopProxy$CglibMethodInvocation.proceed(CglibAopProxy.java:768)
	at org.springframework.aop.framework.CglibAopProxy$DynamicAdvisedInterceptor.intercept(CglibAopProxy.java:720)
	at kr.co.seoulit.reception.service.ReceptionServiceImpl$$SpringCGLIB$$0.getReceptionList(<generated>)
	at kr.co.seoulit.reception.controller.ReceptionController.getReceptions(ReceptionController.java:70)
	at java.base/jdk.internal.reflect.NativeMethodAccessorImpl.invoke0(Native Method)
	at java.base/jdk.internal.reflect.NativeMethodAccessorImpl.invoke(NativeMethodAccessorImpl.java:77)
	at java.base/jdk.internal.reflect.DelegatingMethodAccessorImpl.invoke(DelegatingMethodAccessorImpl.java:43)
	at java.base/java.lang.reflect.Method.invoke(Method.java:568)
	at org.springframework.aop.support.AopUtils.invokeJoinpointUsingReflection(AopUtils.java:354)
	at org.springframework.aop.framework.ReflectiveMethodInvocation.invokeJoinpoint(ReflectiveMethodInvocation.java:196)
	at org.springframework.aop.framework.ReflectiveMethodInvocation.proceed(ReflectiveMethodInvocation.java:163)
	at org.springframework.aop.framework.CglibAopProxy$CglibMethodInvocation.proceed(CglibAopProxy.java:768)
	at org.springframework.aop.aspectj.MethodInvocationProceedingJoinPoint.proceed(MethodInvocationProceedingJoinPoint.java:89)
	at kr.co.seoulit.common.aop.LoggerAspect.logPrint(LoggerAspect.java:31)
	at java.base/jdk.internal.reflect.NativeMethodAccessorImpl.invoke0(Native Method)
	at java.base/jdk.internal.reflect.NativeMethodAccessorImpl.invoke(NativeMethodAccessorImpl.java:77)
	at java.base/jdk.internal.reflect.DelegatingMethodAccessorImpl.invoke(DelegatingMethodAccessorImpl.java:43)
	at java.base/java.lang.reflect.Method.invoke(Method.java:568)
	at org.springframework.aop.aspectj.AbstractAspectJAdvice.invokeAdviceMethodWithGivenArgs(AbstractAspectJAdvice.java:637)
	at org.springframework.aop.aspectj.AbstractAspectJAdvice.invokeAdviceMethod(AbstractAspectJAdvice.java:627)
	at org.springframework.aop.aspectj.AspectJAroundAdvice.invoke(AspectJAroundAdvice.java:71)
	at org.springframework.aop.framework.ReflectiveMethodInvocation.proceed(ReflectiveMethodInvocation.java:184)
	at org.springframework.aop.framework.CglibAopProxy$CglibMethodInvocation.proceed(CglibAopProxy.java:768)
	at org.springframework.aop.interceptor.ExposeInvocationInterceptor.invoke(ExposeInvocationInterceptor.java:97)
	at org.springframework.aop.framework.ReflectiveMethodInvocation.proceed(ReflectiveMethodInvocation.java:184)
	at org.springframework.aop.framework.CglibAopProxy$CglibMethodInvocation.proceed(CglibAopProxy.java:768)
	at org.springframework.aop.framework.CglibAopProxy$DynamicAdvisedInterceptor.intercept(CglibAopProxy.java:720)
	at kr.co.seoulit.reception.controller.ReceptionController$$SpringCGLIB$$0.getReceptions(<generated>)
	at java.base/jdk.internal.reflect.NativeMethodAccessorImpl.invoke0(Native Method)
	at java.base/jdk.internal.reflect.NativeMethodAccessorImpl.invoke(NativeMethodAccessorImpl.java:77)
	at java.base/jdk.internal.reflect.DelegatingMethodAccessorImpl.invoke(DelegatingMethodAccessorImpl.java:43)
	at java.base/java.lang.reflect.Method.invoke(Method.java:568)
	at org.springframework.web.method.support.InvocableHandlerMethod.doInvoke(InvocableHandlerMethod.java:255)
	at org.springframework.web.method.support.InvocableHandlerMethod.invokeForRequest(InvocableHandlerMethod.java:188)
	at org.springframework.web.servlet.mvc.method.annotation.ServletInvocableHandlerMethod.invokeAndHandle(ServletInvocableHandlerMethod.java:118)
	at org.springframework.web.servlet.mvc.method.annotation.RequestMappingHandlerAdapter.invokeHandlerMethod(RequestMappingHandlerAdapter.java:926)
	at org.springframework.web.servlet.mvc.method.annotation.RequestMappingHandlerAdapter.handleInternal(RequestMappingHandlerAdapter.java:831)
	at org.springframework.web.servlet.mvc.method.AbstractHandlerMethodAdapter.handle(AbstractHandlerMethodAdapter.java:87)
	at org.springframework.web.servlet.DispatcherServlet.doDispatch(DispatcherServlet.java:1089)
	at org.springframework.web.servlet.DispatcherServlet.doService(DispatcherServlet.java:979)
	at org.springframework.web.servlet.FrameworkServlet.processRequest(FrameworkServlet.java:1014)
	at org.springframework.web.servlet.FrameworkServlet.doGet(FrameworkServlet.java:903)
	at jakarta.servlet.http.HttpServlet.service(HttpServlet.java:564)
	at org.springframework.web.servlet.FrameworkServlet.service(FrameworkServlet.java:885)
	at jakarta.servlet.http.HttpServlet.service(HttpServlet.java:658)
	at org.apache.catalina.core.ApplicationFilterChain.internalDoFilter(ApplicationFilterChain.java:195)
	at org.apache.catalina.core.ApplicationFilterChain.doFilter(ApplicationFilterChain.java:140)
	at org.apache.tomcat.websocket.server.WsFilter.doFilter(WsFilter.java:51)
	at org.apache.catalina.core.ApplicationFilterChain.internalDoFilter(ApplicationFilterChain.java:164)
	at org.apache.catalina.core.ApplicationFilterChain.doFilter(ApplicationFilterChain.java:140)
	at org.springframework.web.filter.CorsFilter.doFilterInternal(CorsFilter.java:91)
	at org.springframework.web.filter.OncePerRequestFilter.doFilter(OncePerRequestFilter.java:116)
	at org.apache.catalina.core.ApplicationFilterChain.internalDoFilter(ApplicationFilterChain.java:164)
	at org.apache.catalina.core.ApplicationFilterChain.doFilter(ApplicationFilterChain.java:140)
	at org.springframework.web.filter.RequestContextFilter.doFilterInternal(RequestContextFilter.java:100)
	at org.springframework.web.filter.OncePerRequestFilter.doFilter(OncePerRequestFilter.java:116)
	at org.apache.catalina.core.ApplicationFilterChain.internalDoFilter(ApplicationFilterChain.java:164)
	at org.apache.catalina.core.ApplicationFilterChain.doFilter(ApplicationFilterChain.java:140)
	at org.springframework.web.filter.FormContentFilter.doFilterInternal(FormContentFilter.java:93)
	at org.springframework.web.filter.OncePerRequestFilter.doFilter(OncePerRequestFilter.java:116)
	at org.apache.catalina.core.ApplicationFilterChain.internalDoFilter(ApplicationFilterChain.java:164)
	at org.apache.catalina.core.ApplicationFilterChain.doFilter(ApplicationFilterChain.java:140)
	at org.springframework.web.filter.CharacterEncodingFilter.doFilterInternal(CharacterEncodingFilter.java:201)
	at org.springframework.web.filter.OncePerRequestFilter.doFilter(OncePerRequestFilter.java:116)
	at org.apache.catalina.core.ApplicationFilterChain.internalDoFilter(ApplicationFilterChain.java:164)
	at org.apache.catalina.core.ApplicationFilterChain.doFilter(ApplicationFilterChain.java:140)
	at org.apache.catalina.core.StandardWrapperValve.invoke(StandardWrapperValve.java:167)
	at org.apache.catalina.core.StandardContextValve.invoke(StandardContextValve.java:90)
	at org.apache.catalina.authenticator.AuthenticatorBase.invoke(AuthenticatorBase.java:483)
	at org.apache.catalina.core.StandardHostValve.invoke(StandardHostValve.java:115)
	at org.apache.catalina.valves.ErrorReportValve.invoke(ErrorReportValve.java:93)
	at org.apache.catalina.core.StandardEngineValve.invoke(StandardEngineValve.java:74)
	at org.apache.catalina.connector.CoyoteAdapter.service(CoyoteAdapter.java:344)
	at org.apache.coyote.http11.Http11Processor.service(Http11Processor.java:389)
	at org.apache.coyote.AbstractProcessorLight.process(AbstractProcessorLight.java:63)
	at org.apache.coyote.AbstractProtocol$ConnectionHandler.process(AbstractProtocol.java:904)
	at org.apache.tomcat.util.net.NioEndpoint$SocketProcessor.doRun(NioEndpoint.java:1741)
	at org.apache.tomcat.util.net.SocketProcessorBase.run(SocketProcessorBase.java:52)
	at org.apache.tomcat.util.threads.ThreadPoolExecutor.runWorker(ThreadPoolExecutor.java:1190)
	at org.apache.tomcat.util.threads.ThreadPoolExecutor$Worker.run(ThreadPoolExecutor.java:659)
	at org.apache.tomcat.util.threads.TaskThread$WrappingRunnable.run(TaskThread.java:63)
	at java.base/java.lang.Thread.run(Thread.java:842)
Caused by: org.hibernate.exception.JDBCConnectionException: Unable to acquire JDBC Connection [IO 오류: The Network Adapter could not establish the connection (CONNECTION_ID=48WDVYijQRaesRl9Ko5Y3Q==)] [n/a]
	at org.hibernate.exception.internal.SQLStateConversionDelegate.convert(SQLStateConversionDelegate.java:100)
	at org.hibernate.exception.internal.StandardSQLExceptionConverter.convert(StandardSQLExceptionConverter.java:58)
	at org.hibernate.engine.jdbc.spi.SqlExceptionHelper.convert(SqlExceptionHelper.java:108)
	at org.hibernate.engine.jdbc.spi.SqlExceptionHelper.convert(SqlExceptionHelper.java:94)
	at org.hibernate.resource.jdbc.internal.LogicalConnectionManagedImpl.acquireConnectionIfNeeded(LogicalConnectionManagedImpl.java:116)
	at org.hibernate.resource.jdbc.internal.LogicalConnectionManagedImpl.getPhysicalConnection(LogicalConnectionManagedImpl.java:143)
	at org.springframework.orm.jpa.vendor.HibernateJpaDialect.beginTransaction(HibernateJpaDialect.java:164)
	at org.springframework.orm.jpa.JpaTransactionManager.doBegin(JpaTransactionManager.java:420)
	... 91 common frames omitted
Caused by: java.sql.SQLRecoverableException: IO 오류: The Network Adapter could not establish the connection (CONNECTION_ID=48WDVYijQRaesRl9Ko5Y3Q==)
	at oracle.jdbc.driver.T4CConnection.handleLogonNetException(T4CConnection.java:905)
	at oracle.jdbc.driver.T4CConnection.logon(T4CConnection.java:710)
	at oracle.jdbc.driver.PhysicalConnection.connect(PhysicalConnection.java:1095)
	at oracle.jdbc.driver.T4CDriverExtension.getConnection(T4CDriverExtension.java:90)
	at oracle.jdbc.driver.OracleDriver.connect(OracleDriver.java:733)
	at oracle.jdbc.driver.OracleDriver.connect(OracleDriver.java:649)
	at com.zaxxer.hikari.util.DriverDataSource.getConnection(DriverDataSource.java:137)
	at com.zaxxer.hikari.pool.PoolBase.newConnection(PoolBase.java:360)
	at com.zaxxer.hikari.pool.PoolBase.newPoolEntry(PoolBase.java:202)
	at com.zaxxer.hikari.pool.HikariPool.createPoolEntry(HikariPool.java:461)
	at com.zaxxer.hikari.pool.HikariPool.checkFailFast(HikariPool.java:550)
	at com.zaxxer.hikari.pool.HikariPool.<init>(HikariPool.java:98)
	at com.zaxxer.hikari.HikariDataSource.getConnection(HikariDataSource.java:111)
	at org.hibernate.engine.jdbc.connections.internal.DatasourceConnectionProviderImpl.getConnection(DatasourceConnectionProviderImpl.java:122)
	at org.hibernate.internal.NonContextualJdbcConnectionAccess.obtainConnection(NonContextualJdbcConnectionAccess.java:46)
	at org.hibernate.resource.jdbc.internal.LogicalConnectionManagedImpl.acquireConnectionIfNeeded(LogicalConnectionManagedImpl.java:113)
	... 94 common frames omitted
Caused by: oracle.net.ns.NetException: The Network Adapter could not establish the connection (CONNECTION_ID=48WDVYijQRaesRl9Ko5Y3Q==)
	at oracle.net.nt.ConnStrategy.execute(ConnStrategy.java:729)
	at oracle.net.resolver.AddrResolution.resolveAndExecute(AddrResolution.java:629)
	at oracle.net.ns.NSProtocol.establishConnection(NSProtocol.java:965)
	at oracle.net.ns.NSProtocol.connect(NSProtocol.java:351)
	at oracle.jdbc.driver.T4CConnection.connect(T4CConnection.java:2653)
	at oracle.jdbc.driver.T4CConnection.logon(T4CConnection.java:669)
	... 108 common frames omitted
Caused by: java.io.IOException: Connection timed out: connect, socket connect lapse 21049 ms. 192.168.1.67 1521  30000 (1/1) true
	at oracle.net.nt.TcpNTAdapter.establishSocket(TcpNTAdapter.java:429)
	at oracle.net.nt.TcpNTAdapter.doLocalDNSLookupConnect(TcpNTAdapter.java:311)
	at oracle.net.nt.TcpNTAdapter.connect(TcpNTAdapter.java:273)
	at oracle.net.nt.ConnOption.connect(ConnOption.java:231)
	at oracle.net.nt.ConnStrategy.executeConnOption(ConnStrategy.java:1028)
	at oracle.net.nt.ConnStrategy.execute(ConnStrategy.java:687)
	... 113 common frames omitted
Caused by: java.net.ConnectException: Connection timed out: connect
	at java.base/sun.nio.ch.Net.connect0(Native Method)
	at java.base/sun.nio.ch.Net.connect(Net.java:579)
	at java.base/sun.nio.ch.Net.connect(Net.java:586)
	at java.base/sun.nio.ch.SocketChannelImpl.connect(SocketChannelImpl.java:853)
	at java.base/java.nio.channels.SocketChannel.open(SocketChannel.java:285)
	at oracle.net.nt.TimeoutSocketChannel.connect(TimeoutSocketChannel.java:185)
	at oracle.net.nt.TimeoutSocketChannel.<init>(TimeoutSocketChannel.java:159)
	at oracle.net.nt.TcpNTAdapter.establishSocket(TcpNTAdapter.java:388)
	... 118 common frames omitted
2026-02-14 13:08:55.901 INFO  com.zaxxer.hikari.HikariDataSource - HikariPool-1 - Starting...
2026-02-14 13:08:55.901 WARN  o.h.e.jdbc.spi.SqlExceptionHelper - SQL Error: 17002, SQLState: 08006
2026-02-14 13:08:55.902 ERROR o.h.e.jdbc.spi.SqlExceptionHelper - IO 오류: The Network Adapter could not establish the connection (CONNECTION_ID=sMTB1BBxQeCpWYGoibk97Q==)
2026-02-14 13:08:55.903 ERROR k.c.s.c.h.GlobalExceptionHandler - Unhandled server error
org.springframework.transaction.CannotCreateTransactionException: Could not open JPA EntityManager for transaction
	at org.springframework.orm.jpa.JpaTransactionManager.doBegin(JpaTransactionManager.java:466)
	at org.springframework.transaction.support.AbstractPlatformTransactionManager.startTransaction(AbstractPlatformTransactionManager.java:532)
	at org.springframework.transaction.support.AbstractPlatformTransactionManager.getTransaction(AbstractPlatformTransactionManager.java:405)
	at org.springframework.transaction.interceptor.TransactionAspectSupport.createTransactionIfNecessary(TransactionAspectSupport.java:604)
	at org.springframework.transaction.interceptor.TransactionAspectSupport.invokeWithinTransaction(TransactionAspectSupport.java:373)
	at org.springframework.transaction.interceptor.TransactionInterceptor.invoke(TransactionInterceptor.java:119)
	at org.springframework.aop.framework.ReflectiveMethodInvocation.proceed(ReflectiveMethodInvocation.java:184)
	at org.springframework.aop.framework.CglibAopProxy$CglibMethodInvocation.proceed(CglibAopProxy.java:768)
	at org.springframework.aop.interceptor.ExposeInvocationInterceptor.invoke(ExposeInvocationInterceptor.java:97)
	at org.springframework.aop.framework.ReflectiveMethodInvocation.proceed(ReflectiveMethodInvocation.java:184)
	at org.springframework.aop.framework.CglibAopProxy$CglibMethodInvocation.proceed(CglibAopProxy.java:768)
	at org.springframework.aop.framework.CglibAopProxy$DynamicAdvisedInterceptor.intercept(CglibAopProxy.java:720)
	at kr.co.seoulit.reception.service.ReceptionServiceImpl$$SpringCGLIB$$0.getReceptionList(<generated>)
	at kr.co.seoulit.reception.controller.ReceptionController.getReceptions(ReceptionController.java:70)
	at java.base/jdk.internal.reflect.NativeMethodAccessorImpl.invoke0(Native Method)
	at java.base/jdk.internal.reflect.NativeMethodAccessorImpl.invoke(NativeMethodAccessorImpl.java:77)
	at java.base/jdk.internal.reflect.DelegatingMethodAccessorImpl.invoke(DelegatingMethodAccessorImpl.java:43)
	at java.base/java.lang.reflect.Method.invoke(Method.java:568)
	at org.springframework.aop.support.AopUtils.invokeJoinpointUsingReflection(AopUtils.java:354)
	at org.springframework.aop.framework.ReflectiveMethodInvocation.invokeJoinpoint(ReflectiveMethodInvocation.java:196)
	at org.springframework.aop.framework.ReflectiveMethodInvocation.proceed(ReflectiveMethodInvocation.java:163)
	at org.springframework.aop.framework.CglibAopProxy$CglibMethodInvocation.proceed(CglibAopProxy.java:768)
	at org.springframework.aop.aspectj.MethodInvocationProceedingJoinPoint.proceed(MethodInvocationProceedingJoinPoint.java:89)
	at kr.co.seoulit.common.aop.LoggerAspect.logPrint(LoggerAspect.java:31)
	at java.base/jdk.internal.reflect.NativeMethodAccessorImpl.invoke0(Native Method)
	at java.base/jdk.internal.reflect.NativeMethodAccessorImpl.invoke(NativeMethodAccessorImpl.java:77)
	at java.base/jdk.internal.reflect.DelegatingMethodAccessorImpl.invoke(DelegatingMethodAccessorImpl.java:43)
	at java.base/java.lang.reflect.Method.invoke(Method.java:568)
	at org.springframework.aop.aspectj.AbstractAspectJAdvice.invokeAdviceMethodWithGivenArgs(AbstractAspectJAdvice.java:637)
	at org.springframework.aop.aspectj.AbstractAspectJAdvice.invokeAdviceMethod(AbstractAspectJAdvice.java:627)
	at org.springframework.aop.aspectj.AspectJAroundAdvice.invoke(AspectJAroundAdvice.java:71)
	at org.springframework.aop.framework.ReflectiveMethodInvocation.proceed(ReflectiveMethodInvocation.java:184)
	at org.springframework.aop.framework.CglibAopProxy$CglibMethodInvocation.proceed(CglibAopProxy.java:768)
	at org.springframework.aop.interceptor.ExposeInvocationInterceptor.invoke(ExposeInvocationInterceptor.java:97)
	at org.springframework.aop.framework.ReflectiveMethodInvocation.proceed(ReflectiveMethodInvocation.java:184)
	at org.springframework.aop.framework.CglibAopProxy$CglibMethodInvocation.proceed(CglibAopProxy.java:768)
	at org.springframework.aop.framework.CglibAopProxy$DynamicAdvisedInterceptor.intercept(CglibAopProxy.java:720)
	at kr.co.seoulit.reception.controller.ReceptionController$$SpringCGLIB$$0.getReceptions(<generated>)
	at java.base/jdk.internal.reflect.NativeMethodAccessorImpl.invoke0(Native Method)
	at java.base/jdk.internal.reflect.NativeMethodAccessorImpl.invoke(NativeMethodAccessorImpl.java:77)
	at java.base/jdk.internal.reflect.DelegatingMethodAccessorImpl.invoke(DelegatingMethodAccessorImpl.java:43)
	at java.base/java.lang.reflect.Method.invoke(Method.java:568)
	at org.springframework.web.method.support.InvocableHandlerMethod.doInvoke(InvocableHandlerMethod.java:255)
	at org.springframework.web.method.support.InvocableHandlerMethod.invokeForRequest(InvocableHandlerMethod.java:188)
	at org.springframework.web.servlet.mvc.method.annotation.ServletInvocableHandlerMethod.invokeAndHandle(ServletInvocableHandlerMethod.java:118)
	at org.springframework.web.servlet.mvc.method.annotation.RequestMappingHandlerAdapter.invokeHandlerMethod(RequestMappingHandlerAdapter.java:926)
	at org.springframework.web.servlet.mvc.method.annotation.RequestMappingHandlerAdapter.handleInternal(RequestMappingHandlerAdapter.java:831)
	at org.springframework.web.servlet.mvc.method.AbstractHandlerMethodAdapter.handle(AbstractHandlerMethodAdapter.java:87)
	at org.springframework.web.servlet.DispatcherServlet.doDispatch(DispatcherServlet.java:1089)
	at org.springframework.web.servlet.DispatcherServlet.doService(DispatcherServlet.java:979)
	at org.springframework.web.servlet.FrameworkServlet.processRequest(FrameworkServlet.java:1014)
	at org.springframework.web.servlet.FrameworkServlet.doGet(FrameworkServlet.java:903)
	at jakarta.servlet.http.HttpServlet.service(HttpServlet.java:564)
	at org.springframework.web.servlet.FrameworkServlet.service(FrameworkServlet.java:885)
	at jakarta.servlet.http.HttpServlet.service(HttpServlet.java:658)
	at org.apache.catalina.core.ApplicationFilterChain.internalDoFilter(ApplicationFilterChain.java:195)
	at org.apache.catalina.core.ApplicationFilterChain.doFilter(ApplicationFilterChain.java:140)
	at org.apache.tomcat.websocket.server.WsFilter.doFilter(WsFilter.java:51)
	at org.apache.catalina.core.ApplicationFilterChain.internalDoFilter(ApplicationFilterChain.java:164)
	at org.apache.catalina.core.ApplicationFilterChain.doFilter(ApplicationFilterChain.java:140)
	at org.springframework.web.filter.CorsFilter.doFilterInternal(CorsFilter.java:91)
	at org.springframework.web.filter.OncePerRequestFilter.doFilter(OncePerRequestFilter.java:116)
	at org.apache.catalina.core.ApplicationFilterChain.internalDoFilter(ApplicationFilterChain.java:164)
	at org.apache.catalina.core.ApplicationFilterChain.doFilter(ApplicationFilterChain.java:140)
	at org.springframework.web.filter.RequestContextFilter.doFilterInternal(RequestContextFilter.java:100)
	at org.springframework.web.filter.OncePerRequestFilter.doFilter(OncePerRequestFilter.java:116)
	at org.apache.catalina.core.ApplicationFilterChain.internalDoFilter(ApplicationFilterChain.java:164)
	at org.apache.catalina.core.ApplicationFilterChain.doFilter(ApplicationFilterChain.java:140)
	at org.springframework.web.filter.FormContentFilter.doFilterInternal(FormContentFilter.java:93)
	at org.springframework.web.filter.OncePerRequestFilter.doFilter(OncePerRequestFilter.java:116)
	at org.apache.catalina.core.ApplicationFilterChain.internalDoFilter(ApplicationFilterChain.java:164)
	at org.apache.catalina.core.ApplicationFilterChain.doFilter(ApplicationFilterChain.java:140)
	at org.springframework.web.filter.CharacterEncodingFilter.doFilterInternal(CharacterEncodingFilter.java:201)
	at org.springframework.web.filter.OncePerRequestFilter.doFilter(OncePerRequestFilter.java:116)
	at org.apache.catalina.core.ApplicationFilterChain.internalDoFilter(ApplicationFilterChain.java:164)
	at org.apache.catalina.core.ApplicationFilterChain.doFilter(ApplicationFilterChain.java:140)
	at org.apache.catalina.core.StandardWrapperValve.invoke(StandardWrapperValve.java:167)
	at org.apache.catalina.core.StandardContextValve.invoke(StandardContextValve.java:90)
	at org.apache.catalina.authenticator.AuthenticatorBase.invoke(AuthenticatorBase.java:483)
	at org.apache.catalina.core.StandardHostValve.invoke(StandardHostValve.java:115)
	at org.apache.catalina.valves.ErrorReportValve.invoke(ErrorReportValve.java:93)
	at org.apache.catalina.core.StandardEngineValve.invoke(StandardEngineValve.java:74)
	at org.apache.catalina.connector.CoyoteAdapter.service(CoyoteAdapter.java:344)
	at org.apache.coyote.http11.Http11Processor.service(Http11Processor.java:389)
	at org.apache.coyote.AbstractProcessorLight.process(AbstractProcessorLight.java:63)
	at org.apache.coyote.AbstractProtocol$ConnectionHandler.process(AbstractProtocol.java:904)
	at org.apache.tomcat.util.net.NioEndpoint$SocketProcessor.doRun(NioEndpoint.java:1741)
	at org.apache.tomcat.util.net.SocketProcessorBase.run(SocketProcessorBase.java:52)
	at org.apache.tomcat.util.threads.ThreadPoolExecutor.runWorker(ThreadPoolExecutor.java:1190)
	at org.apache.tomcat.util.threads.ThreadPoolExecutor$Worker.run(ThreadPoolExecutor.java:659)
	at org.apache.tomcat.util.threads.TaskThread$WrappingRunnable.run(TaskThread.java:63)
	at java.base/java.lang.Thread.run(Thread.java:842)
Caused by: org.hibernate.exception.JDBCConnectionException: Unable to acquire JDBC Connection [IO 오류: The Network Adapter could not establish the connection (CONNECTION_ID=sMTB1BBxQeCpWYGoibk97Q==)] [n/a]
	at org.hibernate.exception.internal.SQLStateConversionDelegate.convert(SQLStateConversionDelegate.java:100)
	at org.hibernate.exception.internal.StandardSQLExceptionConverter.convert(StandardSQLExceptionConverter.java:58)
	at org.hibernate.engine.jdbc.spi.SqlExceptionHelper.convert(SqlExceptionHelper.java:108)
	at org.hibernate.engine.jdbc.spi.SqlExceptionHelper.convert(SqlExceptionHelper.java:94)
	at org.hibernate.resource.jdbc.internal.LogicalConnectionManagedImpl.acquireConnectionIfNeeded(LogicalConnectionManagedImpl.java:116)
	at org.hibernate.resource.jdbc.internal.LogicalConnectionManagedImpl.getPhysicalConnection(LogicalConnectionManagedImpl.java:143)
	at org.springframework.orm.jpa.vendor.HibernateJpaDialect.beginTransaction(HibernateJpaDialect.java:164)
	at org.springframework.orm.jpa.JpaTransactionManager.doBegin(JpaTransactionManager.java:420)
	... 91 common frames omitted
Caused by: java.sql.SQLRecoverableException: IO 오류: The Network Adapter could not establish the connection (CONNECTION_ID=sMTB1BBxQeCpWYGoibk97Q==)
	at oracle.jdbc.driver.T4CConnection.handleLogonNetException(T4CConnection.java:905)
	at oracle.jdbc.driver.T4CConnection.logon(T4CConnection.java:710)
	at oracle.jdbc.driver.PhysicalConnection.connect(PhysicalConnection.java:1095)
	at oracle.jdbc.driver.T4CDriverExtension.getConnection(T4CDriverExtension.java:90)
	at oracle.jdbc.driver.OracleDriver.connect(OracleDriver.java:733)
	at oracle.jdbc.driver.OracleDriver.connect(OracleDriver.java:649)
	at com.zaxxer.hikari.util.DriverDataSource.getConnection(DriverDataSource.java:137)
	at com.zaxxer.hikari.pool.PoolBase.newConnection(PoolBase.java:360)
	at com.zaxxer.hikari.pool.PoolBase.newPoolEntry(PoolBase.java:202)
	at com.zaxxer.hikari.pool.HikariPool.createPoolEntry(HikariPool.java:461)
	at com.zaxxer.hikari.pool.HikariPool.checkFailFast(HikariPool.java:550)
	at com.zaxxer.hikari.pool.HikariPool.<init>(HikariPool.java:98)
	at com.zaxxer.hikari.HikariDataSource.getConnection(HikariDataSource.java:111)
	at org.hibernate.engine.jdbc.connections.internal.DatasourceConnectionProviderImpl.getConnection(DatasourceConnectionProviderImpl.java:122)
	at org.hibernate.internal.NonContextualJdbcConnectionAccess.obtainConnection(NonContextualJdbcConnectionAccess.java:46)
	at org.hibernate.resource.jdbc.internal.LogicalConnectionManagedImpl.acquireConnectionIfNeeded(LogicalConnectionManagedImpl.java:113)
	... 94 common frames omitted
Caused by: oracle.net.ns.NetException: The Network Adapter could not establish the connection (CONNECTION_ID=sMTB1BBxQeCpWYGoibk97Q==)
	at oracle.net.nt.ConnStrategy.execute(ConnStrategy.java:729)
	at oracle.net.resolver.AddrResolution.resolveAndExecute(AddrResolution.java:629)
	at oracle.net.ns.NSProtocol.establishConnection(NSProtocol.java:965)
	at oracle.net.ns.NSProtocol.connect(NSProtocol.java:351)
	at oracle.jdbc.driver.T4CConnection.connect(T4CConnection.java:2653)
	at oracle.jdbc.driver.T4CConnection.logon(T4CConnection.java:669)
	... 108 common frames omitted
Caused by: java.io.IOException: Connection timed out: connect, socket connect lapse 21051 ms. 192.168.1.67 1521  30000 (1/1) true
	at oracle.net.nt.TcpNTAdapter.establishSocket(TcpNTAdapter.java:429)
	at oracle.net.nt.TcpNTAdapter.doLocalDNSLookupConnect(TcpNTAdapter.java:311)
	at oracle.net.nt.TcpNTAdapter.connect(TcpNTAdapter.java:273)
	at oracle.net.nt.ConnOption.connect(ConnOption.java:231)
	at oracle.net.nt.ConnStrategy.executeConnOption(ConnStrategy.java:1028)
	at oracle.net.nt.ConnStrategy.execute(ConnStrategy.java:687)
	... 113 common frames omitted
Caused by: java.net.ConnectException: Connection timed out: connect
	at java.base/sun.nio.ch.Net.connect0(Native Method)
	at java.base/sun.nio.ch.Net.connect(Net.java:579)
	at java.base/sun.nio.ch.Net.connect(Net.java:586)
	at java.base/sun.nio.ch.SocketChannelImpl.connect(SocketChannelImpl.java:853)
	at java.base/java.nio.channels.SocketChannel.open(SocketChannel.java:285)
	at oracle.net.nt.TimeoutSocketChannel.connect(TimeoutSocketChannel.java:185)
	at oracle.net.nt.TimeoutSocketChannel.<init>(TimeoutSocketChannel.java:159)
	at oracle.net.nt.TcpNTAdapter.establishSocket(TcpNTAdapter.java:388)
	... 118 common frames omitted
2026-02-14 13:09:17.977 INFO  com.zaxxer.hikari.HikariDataSource - HikariPool-1 - Starting...
2026-02-14 13:09:17.977 WARN  o.h.e.jdbc.spi.SqlExceptionHelper - SQL Error: 17002, SQLState: 08006
2026-02-14 13:09:17.977 ERROR o.h.e.jdbc.spi.SqlExceptionHelper - IO 오류: The Network Adapter could not establish the connection (CONNECTION_ID=zAi/v11vQX2epqudVVxM7w==)
2026-02-14 13:09:17.978 ERROR k.c.s.c.h.GlobalExceptionHandler - Unhandled server error
org.springframework.transaction.CannotCreateTransactionException: Could not open JPA EntityManager for transaction
	at org.springframework.orm.jpa.JpaTransactionManager.doBegin(JpaTransactionManager.java:466)
	at org.springframework.transaction.support.AbstractPlatformTransactionManager.startTransaction(AbstractPlatformTransactionManager.java:532)
	at org.springframework.transaction.support.AbstractPlatformTransactionManager.getTransaction(AbstractPlatformTransactionManager.java:405)
	at org.springframework.transaction.interceptor.TransactionAspectSupport.createTransactionIfNecessary(TransactionAspectSupport.java:604)
	at org.springframework.transaction.interceptor.TransactionAspectSupport.invokeWithinTransaction(TransactionAspectSupport.java:373)
	at org.springframework.transaction.interceptor.TransactionInterceptor.invoke(TransactionInterceptor.java:119)
	at org.springframework.aop.framework.ReflectiveMethodInvocation.proceed(ReflectiveMethodInvocation.java:184)
	at org.springframework.aop.framework.CglibAopProxy$CglibMethodInvocation.proceed(CglibAopProxy.java:768)
	at org.springframework.aop.interceptor.ExposeInvocationInterceptor.invoke(ExposeInvocationInterceptor.java:97)
	at org.springframework.aop.framework.ReflectiveMethodInvocation.proceed(ReflectiveMethodInvocation.java:184)
	at org.springframework.aop.framework.CglibAopProxy$CglibMethodInvocation.proceed(CglibAopProxy.java:768)
	at org.springframework.aop.framework.CglibAopProxy$DynamicAdvisedInterceptor.intercept(CglibAopProxy.java:720)
	at kr.co.seoulit.reception.service.ReceptionServiceImpl$$SpringCGLIB$$0.getReceptionList(<generated>)
	at kr.co.seoulit.reception.controller.ReceptionController.getReceptions(ReceptionController.java:70)
	at java.base/jdk.internal.reflect.NativeMethodAccessorImpl.invoke0(Native Method)
	at java.base/jdk.internal.reflect.NativeMethodAccessorImpl.invoke(NativeMethodAccessorImpl.java:77)
	at java.base/jdk.internal.reflect.DelegatingMethodAccessorImpl.invoke(DelegatingMethodAccessorImpl.java:43)
	at java.base/java.lang.reflect.Method.invoke(Method.java:568)
	at org.springframework.aop.support.AopUtils.invokeJoinpointUsingReflection(AopUtils.java:354)
	at org.springframework.aop.framework.ReflectiveMethodInvocation.invokeJoinpoint(ReflectiveMethodInvocation.java:196)
	at org.springframework.aop.framework.ReflectiveMethodInvocation.proceed(ReflectiveMethodInvocation.java:163)
	at org.springframework.aop.framework.CglibAopProxy$CglibMethodInvocation.proceed(CglibAopProxy.java:768)
	at org.springframework.aop.aspectj.MethodInvocationProceedingJoinPoint.proceed(MethodInvocationProceedingJoinPoint.java:89)
	at kr.co.seoulit.common.aop.LoggerAspect.logPrint(LoggerAspect.java:31)
	at java.base/jdk.internal.reflect.NativeMethodAccessorImpl.invoke0(Native Method)
	at java.base/jdk.internal.reflect.NativeMethodAccessorImpl.invoke(NativeMethodAccessorImpl.java:77)
	at java.base/jdk.internal.reflect.DelegatingMethodAccessorImpl.invoke(DelegatingMethodAccessorImpl.java:43)
	at java.base/java.lang.reflect.Method.invoke(Method.java:568)
	at org.springframework.aop.aspectj.AbstractAspectJAdvice.invokeAdviceMethodWithGivenArgs(AbstractAspectJAdvice.java:637)
	at org.springframework.aop.aspectj.AbstractAspectJAdvice.invokeAdviceMethod(AbstractAspectJAdvice.java:627)
	at org.springframework.aop.aspectj.AspectJAroundAdvice.invoke(AspectJAroundAdvice.java:71)
	at org.springframework.aop.framework.ReflectiveMethodInvocation.proceed(ReflectiveMethodInvocation.java:184)
	at org.springframework.aop.framework.CglibAopProxy$CglibMethodInvocation.proceed(CglibAopProxy.java:768)
	at org.springframework.aop.interceptor.ExposeInvocationInterceptor.invoke(ExposeInvocationInterceptor.java:97)
	at org.springframework.aop.framework.ReflectiveMethodInvocation.proceed(ReflectiveMethodInvocation.java:184)
	at org.springframework.aop.framework.CglibAopProxy$CglibMethodInvocation.proceed(CglibAopProxy.java:768)
	at org.springframework.aop.framework.CglibAopProxy$DynamicAdvisedInterceptor.intercept(CglibAopProxy.java:720)
	at kr.co.seoulit.reception.controller.ReceptionController$$SpringCGLIB$$0.getReceptions(<generated>)
	at java.base/jdk.internal.reflect.NativeMethodAccessorImpl.invoke0(Native Method)
	at java.base/jdk.internal.reflect.NativeMethodAccessorImpl.invoke(NativeMethodAccessorImpl.java:77)
	at java.base/jdk.internal.reflect.DelegatingMethodAccessorImpl.invoke(DelegatingMethodAccessorImpl.java:43)
	at java.base/java.lang.reflect.Method.invoke(Method.java:568)
	at org.springframework.web.method.support.InvocableHandlerMethod.doInvoke(InvocableHandlerMethod.java:255)
	at org.springframework.web.method.support.InvocableHandlerMethod.invokeForRequest(InvocableHandlerMethod.java:188)
	at org.springframework.web.servlet.mvc.method.annotation.ServletInvocableHandlerMethod.invokeAndHandle(ServletInvocableHandlerMethod.java:118)
	at org.springframework.web.servlet.mvc.method.annotation.RequestMappingHandlerAdapter.invokeHandlerMethod(RequestMappingHandlerAdapter.java:926)
	at org.springframework.web.servlet.mvc.method.annotation.RequestMappingHandlerAdapter.handleInternal(RequestMappingHandlerAdapter.java:831)
	at org.springframework.web.servlet.mvc.method.AbstractHandlerMethodAdapter.handle(AbstractHandlerMethodAdapter.java:87)
	at org.springframework.web.servlet.DispatcherServlet.doDispatch(DispatcherServlet.java:1089)
	at org.springframework.web.servlet.DispatcherServlet.doService(DispatcherServlet.java:979)
	at org.springframework.web.servlet.FrameworkServlet.processRequest(FrameworkServlet.java:1014)
	at org.springframework.web.servlet.FrameworkServlet.doGet(FrameworkServlet.java:903)
	at jakarta.servlet.http.HttpServlet.service(HttpServlet.java:564)
	at org.springframework.web.servlet.FrameworkServlet.service(FrameworkServlet.java:885)
	at jakarta.servlet.http.HttpServlet.service(HttpServlet.java:658)
	at org.apache.catalina.core.ApplicationFilterChain.internalDoFilter(ApplicationFilterChain.java:195)
	at org.apache.catalina.core.ApplicationFilterChain.doFilter(ApplicationFilterChain.java:140)
	at org.apache.tomcat.websocket.server.WsFilter.doFilter(WsFilter.java:51)
	at org.apache.catalina.core.ApplicationFilterChain.internalDoFilter(ApplicationFilterChain.java:164)
	at org.apache.catalina.core.ApplicationFilterChain.doFilter(ApplicationFilterChain.java:140)
	at org.springframework.web.filter.CorsFilter.doFilterInternal(CorsFilter.java:91)
	at org.springframework.web.filter.OncePerRequestFilter.doFilter(OncePerRequestFilter.java:116)
	at org.apache.catalina.core.ApplicationFilterChain.internalDoFilter(ApplicationFilterChain.java:164)
	at org.apache.catalina.core.ApplicationFilterChain.doFilter(ApplicationFilterChain.java:140)
	at org.springframework.web.filter.RequestContextFilter.doFilterInternal(RequestContextFilter.java:100)
	at org.springframework.web.filter.OncePerRequestFilter.doFilter(OncePerRequestFilter.java:116)
	at org.apache.catalina.core.ApplicationFilterChain.internalDoFilter(ApplicationFilterChain.java:164)
	at org.apache.catalina.core.ApplicationFilterChain.doFilter(ApplicationFilterChain.java:140)
	at org.springframework.web.filter.FormContentFilter.doFilterInternal(FormContentFilter.java:93)
	at org.springframework.web.filter.OncePerRequestFilter.doFilter(OncePerRequestFilter.java:116)
	at org.apache.catalina.core.ApplicationFilterChain.internalDoFilter(ApplicationFilterChain.java:164)
	at org.apache.catalina.core.ApplicationFilterChain.doFilter(ApplicationFilterChain.java:140)
	at org.springframework.web.filter.CharacterEncodingFilter.doFilterInternal(CharacterEncodingFilter.java:201)
	at org.springframework.web.filter.OncePerRequestFilter.doFilter(OncePerRequestFilter.java:116)
	at org.apache.catalina.core.ApplicationFilterChain.internalDoFilter(ApplicationFilterChain.java:164)
	at org.apache.catalina.core.ApplicationFilterChain.doFilter(ApplicationFilterChain.java:140)
	at org.apache.catalina.core.StandardWrapperValve.invoke(StandardWrapperValve.java:167)
	at org.apache.catalina.core.StandardContextValve.invoke(StandardContextValve.java:90)
	at org.apache.catalina.authenticator.AuthenticatorBase.invoke(AuthenticatorBase.java:483)
	at org.apache.catalina.core.StandardHostValve.invoke(StandardHostValve.java:115)
	at org.apache.catalina.valves.ErrorReportValve.invoke(ErrorReportValve.java:93)
	at org.apache.catalina.core.StandardEngineValve.invoke(StandardEngineValve.java:74)
	at org.apache.catalina.connector.CoyoteAdapter.service(CoyoteAdapter.java:344)
	at org.apache.coyote.http11.Http11Processor.service(Http11Processor.java:389)
	at org.apache.coyote.AbstractProcessorLight.process(AbstractProcessorLight.java:63)
	at org.apache.coyote.AbstractProtocol$ConnectionHandler.process(AbstractProtocol.java:904)
	at org.apache.tomcat.util.net.NioEndpoint$SocketProcessor.doRun(NioEndpoint.java:1741)
	at org.apache.tomcat.util.net.SocketProcessorBase.run(SocketProcessorBase.java:52)
	at org.apache.tomcat.util.threads.ThreadPoolExecutor.runWorker(ThreadPoolExecutor.java:1190)
	at org.apache.tomcat.util.threads.ThreadPoolExecutor$Worker.run(ThreadPoolExecutor.java:659)
	at org.apache.tomcat.util.threads.TaskThread$WrappingRunnable.run(TaskThread.java:63)
	at java.base/java.lang.Thread.run(Thread.java:842)
Caused by: org.hibernate.exception.JDBCConnectionException: Unable to acquire JDBC Connection [IO 오류: The Network Adapter could not establish the connection (CONNECTION_ID=zAi/v11vQX2epqudVVxM7w==)] [n/a]
	at org.hibernate.exception.internal.SQLStateConversionDelegate.convert(SQLStateConversionDelegate.java:100)
	at org.hibernate.exception.internal.StandardSQLExceptionConverter.convert(StandardSQLExceptionConverter.java:58)
	at org.hibernate.engine.jdbc.spi.SqlExceptionHelper.convert(SqlExceptionHelper.java:108)
	at org.hibernate.engine.jdbc.spi.SqlExceptionHelper.convert(SqlExceptionHelper.java:94)
	at org.hibernate.resource.jdbc.internal.LogicalConnectionManagedImpl.acquireConnectionIfNeeded(LogicalConnectionManagedImpl.java:116)
	at org.hibernate.resource.jdbc.internal.LogicalConnectionManagedImpl.getPhysicalConnection(LogicalConnectionManagedImpl.java:143)
	at org.springframework.orm.jpa.vendor.HibernateJpaDialect.beginTransaction(HibernateJpaDialect.java:164)
	at org.springframework.orm.jpa.JpaTransactionManager.doBegin(JpaTransactionManager.java:420)
	... 91 common frames omitted
Caused by: java.sql.SQLRecoverableException: IO 오류: The Network Adapter could not establish the connection (CONNECTION_ID=zAi/v11vQX2epqudVVxM7w==)
	at oracle.jdbc.driver.T4CConnection.handleLogonNetException(T4CConnection.java:905)
	at oracle.jdbc.driver.T4CConnection.logon(T4CConnection.java:710)
	at oracle.jdbc.driver.PhysicalConnection.connect(PhysicalConnection.java:1095)
	at oracle.jdbc.driver.T4CDriverExtension.getConnection(T4CDriverExtension.java:90)
	at oracle.jdbc.driver.OracleDriver.connect(OracleDriver.java:733)
	at oracle.jdbc.driver.OracleDriver.connect(OracleDriver.java:649)
	at com.zaxxer.hikari.util.DriverDataSource.getConnection(DriverDataSource.java:137)
	at com.zaxxer.hikari.pool.PoolBase.newConnection(PoolBase.java:360)
	at com.zaxxer.hikari.pool.PoolBase.newPoolEntry(PoolBase.java:202)
	at com.zaxxer.hikari.pool.HikariPool.createPoolEntry(HikariPool.java:461)
	at com.zaxxer.hikari.pool.HikariPool.checkFailFast(HikariPool.java:550)
	at com.zaxxer.hikari.pool.HikariPool.<init>(HikariPool.java:98)
	at com.zaxxer.hikari.HikariDataSource.getConnection(HikariDataSource.java:111)
	at org.hibernate.engine.jdbc.connections.internal.DatasourceConnectionProviderImpl.getConnection(DatasourceConnectionProviderImpl.java:122)
	at org.hibernate.internal.NonContextualJdbcConnectionAccess.obtainConnection(NonContextualJdbcConnectionAccess.java:46)
	at org.hibernate.resource.jdbc.internal.LogicalConnectionManagedImpl.acquireConnectionIfNeeded(LogicalConnectionManagedImpl.java:113)
	... 94 common frames omitted
Caused by: oracle.net.ns.NetException: The Network Adapter could not establish the connection (CONNECTION_ID=zAi/v11vQX2epqudVVxM7w==)
	at oracle.net.nt.ConnStrategy.execute(ConnStrategy.java:729)
	at oracle.net.resolver.AddrResolution.resolveAndExecute(AddrResolution.java:629)
	at oracle.net.ns.NSProtocol.establishConnection(NSProtocol.java:965)
	at oracle.net.ns.NSProtocol.connect(NSProtocol.java:351)
	at oracle.jdbc.driver.T4CConnection.connect(T4CConnection.java:2653)
	at oracle.jdbc.driver.T4CConnection.logon(T4CConnection.java:669)
	... 108 common frames omitted
Caused by: java.io.IOException: Connection timed out: connect, socket connect lapse 21059 ms. 192.168.1.67 1521  30000 (1/1) true
	at oracle.net.nt.TcpNTAdapter.establishSocket(TcpNTAdapter.java:429)
	at oracle.net.nt.TcpNTAdapter.doLocalDNSLookupConnect(TcpNTAdapter.java:311)
	at oracle.net.nt.TcpNTAdapter.connect(TcpNTAdapter.java:273)
	at oracle.net.nt.ConnOption.connect(ConnOption.java:231)
	at oracle.net.nt.ConnStrategy.executeConnOption(ConnStrategy.java:1028)
	at oracle.net.nt.ConnStrategy.execute(ConnStrategy.java:687)
	... 113 common frames omitted
Caused by: java.net.ConnectException: Connection timed out: connect
	at java.base/sun.nio.ch.Net.connect0(Native Method)
	at java.base/sun.nio.ch.Net.connect(Net.java:579)
	at java.base/sun.nio.ch.Net.connect(Net.java:586)
	at java.base/sun.nio.ch.SocketChannelImpl.connect(SocketChannelImpl.java:853)
	at java.base/java.nio.channels.SocketChannel.open(SocketChannel.java:285)
	at oracle.net.nt.TimeoutSocketChannel.connect(TimeoutSocketChannel.java:185)
	at oracle.net.nt.TimeoutSocketChannel.<init>(TimeoutSocketChannel.java:159)
	at oracle.net.nt.TcpNTAdapter.establishSocket(TcpNTAdapter.java:388)
	... 118 common frames omitted
2026-02-14 13:09:19.434 INFO  k.co.seoulit.common.aop.LoggerAspect - Controller  : kr.co.seoulit.reception.controller.ReceptionController.getReceptions()시작
2026-02-14 13:09:19.434 INFO  k.c.s.r.c.ReceptionController - 접수 목록 요청: searchType=null, searchValue=null
2026-02-14 13:09:40.035 WARN  o.h.e.jdbc.spi.SqlExceptionHelper - SQL Error: 17002, SQLState: 08006
2026-02-14 13:09:40.035 INFO  com.zaxxer.hikari.HikariDataSource - HikariPool-1 - Starting...
2026-02-14 13:09:40.035 ERROR o.h.e.jdbc.spi.SqlExceptionHelper - IO 오류: The Network Adapter could not establish the connection (CONNECTION_ID=xU5Y09x/SMq5uc5Np0+iRg==)
2026-02-14 13:09:40.036 ERROR k.c.s.c.h.GlobalExceptionHandler - Unhandled server error
org.springframework.transaction.CannotCreateTransactionException: Could not open JPA EntityManager for transaction
	at org.springframework.orm.jpa.JpaTransactionManager.doBegin(JpaTransactionManager.java:466)
	at org.springframework.transaction.support.AbstractPlatformTransactionManager.startTransaction(AbstractPlatformTransactionManager.java:532)
	at org.springframework.transaction.support.AbstractPlatformTransactionManager.getTransaction(AbstractPlatformTransactionManager.java:405)
	at org.springframework.transaction.interceptor.TransactionAspectSupport.createTransactionIfNecessary(TransactionAspectSupport.java:604)
	at org.springframework.transaction.interceptor.TransactionAspectSupport.invokeWithinTransaction(TransactionAspectSupport.java:373)
	at org.springframework.transaction.interceptor.TransactionInterceptor.invoke(TransactionInterceptor.java:119)
	at org.springframework.aop.framework.ReflectiveMethodInvocation.proceed(ReflectiveMethodInvocation.java:184)
	at org.springframework.aop.framework.CglibAopProxy$CglibMethodInvocation.proceed(CglibAopProxy.java:768)
	at org.springframework.aop.interceptor.ExposeInvocationInterceptor.invoke(ExposeInvocationInterceptor.java:97)
	at org.springframework.aop.framework.ReflectiveMethodInvocation.proceed(ReflectiveMethodInvocation.java:184)
	at org.springframework.aop.framework.CglibAopProxy$CglibMethodInvocation.proceed(CglibAopProxy.java:768)
	at org.springframework.aop.framework.CglibAopProxy$DynamicAdvisedInterceptor.intercept(CglibAopProxy.java:720)
	at kr.co.seoulit.reception.service.ReceptionServiceImpl$$SpringCGLIB$$0.getReceptionList(<generated>)
	at kr.co.seoulit.reception.controller.ReceptionController.getReceptions(ReceptionController.java:70)
	at java.base/jdk.internal.reflect.NativeMethodAccessorImpl.invoke0(Native Method)
	at java.base/jdk.internal.reflect.NativeMethodAccessorImpl.invoke(NativeMethodAccessorImpl.java:77)
	at java.base/jdk.internal.reflect.DelegatingMethodAccessorImpl.invoke(DelegatingMethodAccessorImpl.java:43)
	at java.base/java.lang.reflect.Method.invoke(Method.java:568)
	at org.springframework.aop.support.AopUtils.invokeJoinpointUsingReflection(AopUtils.java:354)
	at org.springframework.aop.framework.ReflectiveMethodInvocation.invokeJoinpoint(ReflectiveMethodInvocation.java:196)
	at org.springframework.aop.framework.ReflectiveMethodInvocation.proceed(ReflectiveMethodInvocation.java:163)
	at org.springframework.aop.framework.CglibAopProxy$CglibMethodInvocation.proceed(CglibAopProxy.java:768)
	at org.springframework.aop.aspectj.MethodInvocationProceedingJoinPoint.proceed(MethodInvocationProceedingJoinPoint.java:89)
	at kr.co.seoulit.common.aop.LoggerAspect.logPrint(LoggerAspect.java:31)
	at java.base/jdk.internal.reflect.NativeMethodAccessorImpl.invoke0(Native Method)
	at java.base/jdk.internal.reflect.NativeMethodAccessorImpl.invoke(NativeMethodAccessorImpl.java:77)
	at java.base/jdk.internal.reflect.DelegatingMethodAccessorImpl.invoke(DelegatingMethodAccessorImpl.java:43)
	at java.base/java.lang.reflect.Method.invoke(Method.java:568)
	at org.springframework.aop.aspectj.AbstractAspectJAdvice.invokeAdviceMethodWithGivenArgs(AbstractAspectJAdvice.java:637)
	at org.springframework.aop.aspectj.AbstractAspectJAdvice.invokeAdviceMethod(AbstractAspectJAdvice.java:627)
	at org.springframework.aop.aspectj.AspectJAroundAdvice.invoke(AspectJAroundAdvice.java:71)
	at org.springframework.aop.framework.ReflectiveMethodInvocation.proceed(ReflectiveMethodInvocation.java:184)
	at org.springframework.aop.framework.CglibAopProxy$CglibMethodInvocation.proceed(CglibAopProxy.java:768)
	at org.springframework.aop.interceptor.ExposeInvocationInterceptor.invoke(ExposeInvocationInterceptor.java:97)
	at org.springframework.aop.framework.ReflectiveMethodInvocation.proceed(ReflectiveMethodInvocation.java:184)
	at org.springframework.aop.framework.CglibAopProxy$CglibMethodInvocation.proceed(CglibAopProxy.java:768)
	at org.springframework.aop.framework.CglibAopProxy$DynamicAdvisedInterceptor.intercept(CglibAopProxy.java:720)
	at kr.co.seoulit.reception.controller.ReceptionController$$SpringCGLIB$$0.getReceptions(<generated>)
	at java.base/jdk.internal.reflect.NativeMethodAccessorImpl.invoke0(Native Method)
	at java.base/jdk.internal.reflect.NativeMethodAccessorImpl.invoke(NativeMethodAccessorImpl.java:77)
	at java.base/jdk.internal.reflect.DelegatingMethodAccessorImpl.invoke(DelegatingMethodAccessorImpl.java:43)
	at java.base/java.lang.reflect.Method.invoke(Method.java:568)
	at org.springframework.web.method.support.InvocableHandlerMethod.doInvoke(InvocableHandlerMethod.java:255)
	at org.springframework.web.method.support.InvocableHandlerMethod.invokeForRequest(InvocableHandlerMethod.java:188)
	at org.springframework.web.servlet.mvc.method.annotation.ServletInvocableHandlerMethod.invokeAndHandle(ServletInvocableHandlerMethod.java:118)
	at org.springframework.web.servlet.mvc.method.annotation.RequestMappingHandlerAdapter.invokeHandlerMethod(RequestMappingHandlerAdapter.java:926)
	at org.springframework.web.servlet.mvc.method.annotation.RequestMappingHandlerAdapter.handleInternal(RequestMappingHandlerAdapter.java:831)
	at org.springframework.web.servlet.mvc.method.AbstractHandlerMethodAdapter.handle(AbstractHandlerMethodAdapter.java:87)
	at org.springframework.web.servlet.DispatcherServlet.doDispatch(DispatcherServlet.java:1089)
	at org.springframework.web.servlet.DispatcherServlet.doService(DispatcherServlet.java:979)
	at org.springframework.web.servlet.FrameworkServlet.processRequest(FrameworkServlet.java:1014)
	at org.springframework.web.servlet.FrameworkServlet.doGet(FrameworkServlet.java:903)
	at jakarta.servlet.http.HttpServlet.service(HttpServlet.java:564)
	at org.springframework.web.servlet.FrameworkServlet.service(FrameworkServlet.java:885)
	at jakarta.servlet.http.HttpServlet.service(HttpServlet.java:658)
	at org.apache.catalina.core.ApplicationFilterChain.internalDoFilter(ApplicationFilterChain.java:195)
	at org.apache.catalina.core.ApplicationFilterChain.doFilter(ApplicationFilterChain.java:140)
	at org.apache.tomcat.websocket.server.WsFilter.doFilter(WsFilter.java:51)
	at org.apache.catalina.core.ApplicationFilterChain.internalDoFilter(ApplicationFilterChain.java:164)
	at org.apache.catalina.core.ApplicationFilterChain.doFilter(ApplicationFilterChain.java:140)
	at org.springframework.web.filter.CorsFilter.doFilterInternal(CorsFilter.java:91)
	at org.springframework.web.filter.OncePerRequestFilter.doFilter(OncePerRequestFilter.java:116)
	at org.apache.catalina.core.ApplicationFilterChain.internalDoFilter(ApplicationFilterChain.java:164)
	at org.apache.catalina.core.ApplicationFilterChain.doFilter(ApplicationFilterChain.java:140)
	at org.springframework.web.filter.RequestContextFilter.doFilterInternal(RequestContextFilter.java:100)
	at org.springframework.web.filter.OncePerRequestFilter.doFilter(OncePerRequestFilter.java:116)
	at org.apache.catalina.core.ApplicationFilterChain.internalDoFilter(ApplicationFilterChain.java:164)
	at org.apache.catalina.core.ApplicationFilterChain.doFilter(ApplicationFilterChain.java:140)
	at org.springframework.web.filter.FormContentFilter.doFilterInternal(FormContentFilter.java:93)
	at org.springframework.web.filter.OncePerRequestFilter.doFilter(OncePerRequestFilter.java:116)
	at org.apache.catalina.core.ApplicationFilterChain.internalDoFilter(ApplicationFilterChain.java:164)
	at org.apache.catalina.core.ApplicationFilterChain.doFilter(ApplicationFilterChain.java:140)
	at org.springframework.web.filter.CharacterEncodingFilter.doFilterInternal(CharacterEncodingFilter.java:201)
	at org.springframework.web.filter.OncePerRequestFilter.doFilter(OncePerRequestFilter.java:116)
	at org.apache.catalina.core.ApplicationFilterChain.internalDoFilter(ApplicationFilterChain.java:164)
	at org.apache.catalina.core.ApplicationFilterChain.doFilter(ApplicationFilterChain.java:140)
	at org.apache.catalina.core.StandardWrapperValve.invoke(StandardWrapperValve.java:167)
	at org.apache.catalina.core.StandardContextValve.invoke(StandardContextValve.java:90)
	at org.apache.catalina.authenticator.AuthenticatorBase.invoke(AuthenticatorBase.java:483)
	at org.apache.catalina.core.StandardHostValve.invoke(StandardHostValve.java:115)
	at org.apache.catalina.valves.ErrorReportValve.invoke(ErrorReportValve.java:93)
	at org.apache.catalina.core.StandardEngineValve.invoke(StandardEngineValve.java:74)
	at org.apache.catalina.connector.CoyoteAdapter.service(CoyoteAdapter.java:344)
	at org.apache.coyote.http11.Http11Processor.service(Http11Processor.java:389)
	at org.apache.coyote.AbstractProcessorLight.process(AbstractProcessorLight.java:63)
	at org.apache.coyote.AbstractProtocol$ConnectionHandler.process(AbstractProtocol.java:904)
	at org.apache.tomcat.util.net.NioEndpoint$SocketProcessor.doRun(NioEndpoint.java:1741)
	at org.apache.tomcat.util.net.SocketProcessorBase.run(SocketProcessorBase.java:52)
	at org.apache.tomcat.util.threads.ThreadPoolExecutor.runWorker(ThreadPoolExecutor.java:1190)
	at org.apache.tomcat.util.threads.ThreadPoolExecutor$Worker.run(ThreadPoolExecutor.java:659)
	at org.apache.tomcat.util.threads.TaskThread$WrappingRunnable.run(TaskThread.java:63)
	at java.base/java.lang.Thread.run(Thread.java:842)
Caused by: org.hibernate.exception.JDBCConnectionException: Unable to acquire JDBC Connection [IO 오류: The Network Adapter could not establish the connection (CONNECTION_ID=xU5Y09x/SMq5uc5Np0+iRg==)] [n/a]
	at org.hibernate.exception.internal.SQLStateConversionDelegate.convert(SQLStateConversionDelegate.java:100)
	at org.hibernate.exception.internal.StandardSQLExceptionConverter.convert(StandardSQLExceptionConverter.java:58)
	at org.hibernate.engine.jdbc.spi.SqlExceptionHelper.convert(SqlExceptionHelper.java:108)
	at org.hibernate.engine.jdbc.spi.SqlExceptionHelper.convert(SqlExceptionHelper.java:94)
	at org.hibernate.resource.jdbc.internal.LogicalConnectionManagedImpl.acquireConnectionIfNeeded(LogicalConnectionManagedImpl.java:116)
	at org.hibernate.resource.jdbc.internal.LogicalConnectionManagedImpl.getPhysicalConnection(LogicalConnectionManagedImpl.java:143)
	at org.springframework.orm.jpa.vendor.HibernateJpaDialect.beginTransaction(HibernateJpaDialect.java:164)
	at org.springframework.orm.jpa.JpaTransactionManager.doBegin(JpaTransactionManager.java:420)
	... 91 common frames omitted
Caused by: java.sql.SQLRecoverableException: IO 오류: The Network Adapter could not establish the connection (CONNECTION_ID=xU5Y09x/SMq5uc5Np0+iRg==)
	at oracle.jdbc.driver.T4CConnection.handleLogonNetException(T4CConnection.java:905)
	at oracle.jdbc.driver.T4CConnection.logon(T4CConnection.java:710)
	at oracle.jdbc.driver.PhysicalConnection.connect(PhysicalConnection.java:1095)
	at oracle.jdbc.driver.T4CDriverExtension.getConnection(T4CDriverExtension.java:90)
	at oracle.jdbc.driver.OracleDriver.connect(OracleDriver.java:733)
	at oracle.jdbc.driver.OracleDriver.connect(OracleDriver.java:649)
	at com.zaxxer.hikari.util.DriverDataSource.getConnection(DriverDataSource.java:137)
	at com.zaxxer.hikari.pool.PoolBase.newConnection(PoolBase.java:360)
	at com.zaxxer.hikari.pool.PoolBase.newPoolEntry(PoolBase.java:202)
	at com.zaxxer.hikari.pool.HikariPool.createPoolEntry(HikariPool.java:461)
	at com.zaxxer.hikari.pool.HikariPool.checkFailFast(HikariPool.java:550)
	at com.zaxxer.hikari.pool.HikariPool.<init>(HikariPool.java:98)
	at com.zaxxer.hikari.HikariDataSource.getConnection(HikariDataSource.java:111)
	at org.hibernate.engine.jdbc.connections.internal.DatasourceConnectionProviderImpl.getConnection(DatasourceConnectionProviderImpl.java:122)
	at org.hibernate.internal.NonContextualJdbcConnectionAccess.obtainConnection(NonContextualJdbcConnectionAccess.java:46)
	at org.hibernate.resource.jdbc.internal.LogicalConnectionManagedImpl.acquireConnectionIfNeeded(LogicalConnectionManagedImpl.java:113)
	... 94 common frames omitted
Caused by: oracle.net.ns.NetException: The Network Adapter could not establish the connection (CONNECTION_ID=xU5Y09x/SMq5uc5Np0+iRg==)
	at oracle.net.nt.ConnStrategy.execute(ConnStrategy.java:729)
	at oracle.net.resolver.AddrResolution.resolveAndExecute(AddrResolution.java:629)
	at oracle.net.ns.NSProtocol.establishConnection(NSProtocol.java:965)
	at oracle.net.ns.NSProtocol.connect(NSProtocol.java:351)
	at oracle.jdbc.driver.T4CConnection.connect(T4CConnection.java:2653)
	at oracle.jdbc.driver.T4CConnection.logon(T4CConnection.java:669)
	... 108 common frames omitted
Caused by: java.io.IOException: Connection timed out: connect, socket connect lapse 21050 ms. 192.168.1.67 1521  30000 (1/1) true
	at oracle.net.nt.TcpNTAdapter.establishSocket(TcpNTAdapter.java:429)
	at oracle.net.nt.TcpNTAdapter.doLocalDNSLookupConnect(TcpNTAdapter.java:311)
	at oracle.net.nt.TcpNTAdapter.connect(TcpNTAdapter.java:273)
	at oracle.net.nt.ConnOption.connect(ConnOption.java:231)
	at oracle.net.nt.ConnStrategy.executeConnOption(ConnStrategy.java:1028)
	at oracle.net.nt.ConnStrategy.execute(ConnStrategy.java:687)
	... 113 common frames omitted
Caused by: java.net.ConnectException: Connection timed out: connect
	at java.base/sun.nio.ch.Net.connect0(Native Method)
	at java.base/sun.nio.ch.Net.connect(Net.java:579)
	at java.base/sun.nio.ch.Net.connect(Net.java:586)
	at java.base/sun.nio.ch.SocketChannelImpl.connect(SocketChannelImpl.java:853)
	at java.base/java.nio.channels.SocketChannel.open(SocketChannel.java:285)
	at oracle.net.nt.TimeoutSocketChannel.connect(TimeoutSocketChannel.java:185)
	at oracle.net.nt.TimeoutSocketChannel.<init>(TimeoutSocketChannel.java:159)
	at oracle.net.nt.TcpNTAdapter.establishSocket(TcpNTAdapter.java:388)
	... 118 common frames omitted
2026-02-14 13:10:02.091 INFO  com.zaxxer.hikari.HikariDataSource - HikariPool-1 - Starting...
2026-02-14 13:10:02.091 WARN  o.h.e.jdbc.spi.SqlExceptionHelper - SQL Error: 17002, SQLState: 08006
2026-02-14 13:10:02.092 ERROR o.h.e.jdbc.spi.SqlExceptionHelper - IO 오류: The Network Adapter could not establish the connection (CONNECTION_ID=grJNPZQGRS2wr+/SU1dKYA==)
2026-02-14 13:10:02.093 ERROR k.c.s.c.h.GlobalExceptionHandler - Unhandled server error
org.springframework.transaction.CannotCreateTransactionException: Could not open JPA EntityManager for transaction
	at org.springframework.orm.jpa.JpaTransactionManager.doBegin(JpaTransactionManager.java:466)
	at org.springframework.transaction.support.AbstractPlatformTransactionManager.startTransaction(AbstractPlatformTransactionManager.java:532)
	at org.springframework.transaction.support.AbstractPlatformTransactionManager.getTransaction(AbstractPlatformTransactionManager.java:405)
	at org.springframework.transaction.interceptor.TransactionAspectSupport.createTransactionIfNecessary(TransactionAspectSupport.java:604)
	at org.springframework.transaction.interceptor.TransactionAspectSupport.invokeWithinTransaction(TransactionAspectSupport.java:373)
	at org.springframework.transaction.interceptor.TransactionInterceptor.invoke(TransactionInterceptor.java:119)
	at org.springframework.aop.framework.ReflectiveMethodInvocation.proceed(ReflectiveMethodInvocation.java:184)
	at org.springframework.aop.framework.CglibAopProxy$CglibMethodInvocation.proceed(CglibAopProxy.java:768)
	at org.springframework.aop.interceptor.ExposeInvocationInterceptor.invoke(ExposeInvocationInterceptor.java:97)
	at org.springframework.aop.framework.ReflectiveMethodInvocation.proceed(ReflectiveMethodInvocation.java:184)
	at org.springframework.aop.framework.CglibAopProxy$CglibMethodInvocation.proceed(CglibAopProxy.java:768)
	at org.springframework.aop.framework.CglibAopProxy$DynamicAdvisedInterceptor.intercept(CglibAopProxy.java:720)
	at kr.co.seoulit.reception.service.ReceptionServiceImpl$$SpringCGLIB$$0.getReceptionList(<generated>)
	at kr.co.seoulit.reception.controller.ReceptionController.getReceptions(ReceptionController.java:70)
	at jdk.internal.reflect.GeneratedMethodAccessor145.invoke(Unknown Source)
	at java.base/jdk.internal.reflect.DelegatingMethodAccessorImpl.invoke(DelegatingMethodAccessorImpl.java:43)
	at java.base/java.lang.reflect.Method.invoke(Method.java:568)
	at org.springframework.aop.support.AopUtils.invokeJoinpointUsingReflection(AopUtils.java:354)
	at org.springframework.aop.framework.ReflectiveMethodInvocation.invokeJoinpoint(ReflectiveMethodInvocation.java:196)
	at org.springframework.aop.framework.ReflectiveMethodInvocation.proceed(ReflectiveMethodInvocation.java:163)
	at org.springframework.aop.framework.CglibAopProxy$CglibMethodInvocation.proceed(CglibAopProxy.java:768)
	at org.springframework.aop.aspectj.MethodInvocationProceedingJoinPoint.proceed(MethodInvocationProceedingJoinPoint.java:89)
	at kr.co.seoulit.common.aop.LoggerAspect.logPrint(LoggerAspect.java:31)
	at jdk.internal.reflect.GeneratedMethodAccessor144.invoke(Unknown Source)
	at java.base/jdk.internal.reflect.DelegatingMethodAccessorImpl.invoke(DelegatingMethodAccessorImpl.java:43)
	at java.base/java.lang.reflect.Method.invoke(Method.java:568)
	at org.springframework.aop.aspectj.AbstractAspectJAdvice.invokeAdviceMethodWithGivenArgs(AbstractAspectJAdvice.java:637)
	at org.springframework.aop.aspectj.AbstractAspectJAdvice.invokeAdviceMethod(AbstractAspectJAdvice.java:627)
	at org.springframework.aop.aspectj.AspectJAroundAdvice.invoke(AspectJAroundAdvice.java:71)
	at org.springframework.aop.framework.ReflectiveMethodInvocation.proceed(ReflectiveMethodInvocation.java:184)
	at org.springframework.aop.framework.CglibAopProxy$CglibMethodInvocation.proceed(CglibAopProxy.java:768)
	at org.springframework.aop.interceptor.ExposeInvocationInterceptor.invoke(ExposeInvocationInterceptor.java:97)
	at org.springframework.aop.framework.ReflectiveMethodInvocation.proceed(ReflectiveMethodInvocation.java:184)
	at org.springframework.aop.framework.CglibAopProxy$CglibMethodInvocation.proceed(CglibAopProxy.java:768)
	at org.springframework.aop.framework.CglibAopProxy$DynamicAdvisedInterceptor.intercept(CglibAopProxy.java:720)
	at kr.co.seoulit.reception.controller.ReceptionController$$SpringCGLIB$$0.getReceptions(<generated>)
	at jdk.internal.reflect.GeneratedMethodAccessor145.invoke(Unknown Source)
	at java.base/jdk.internal.reflect.DelegatingMethodAccessorImpl.invoke(DelegatingMethodAccessorImpl.java:43)
	at java.base/java.lang.reflect.Method.invoke(Method.java:568)
	at org.springframework.web.method.support.InvocableHandlerMethod.doInvoke(InvocableHandlerMethod.java:255)
	at org.springframework.web.method.support.InvocableHandlerMethod.invokeForRequest(InvocableHandlerMethod.java:188)
	at org.springframework.web.servlet.mvc.method.annotation.ServletInvocableHandlerMethod.invokeAndHandle(ServletInvocableHandlerMethod.java:118)
	at org.springframework.web.servlet.mvc.method.annotation.RequestMappingHandlerAdapter.invokeHandlerMethod(RequestMappingHandlerAdapter.java:926)
	at org.springframework.web.servlet.mvc.method.annotation.RequestMappingHandlerAdapter.handleInternal(RequestMappingHandlerAdapter.java:831)
	at org.springframework.web.servlet.mvc.method.AbstractHandlerMethodAdapter.handle(AbstractHandlerMethodAdapter.java:87)
	at org.springframework.web.servlet.DispatcherServlet.doDispatch(DispatcherServlet.java:1089)
	at org.springframework.web.servlet.DispatcherServlet.doService(DispatcherServlet.java:979)
	at org.springframework.web.servlet.FrameworkServlet.processRequest(FrameworkServlet.java:1014)
	at org.springframework.web.servlet.FrameworkServlet.doGet(FrameworkServlet.java:903)
	at jakarta.servlet.http.HttpServlet.service(HttpServlet.java:564)
	at org.springframework.web.servlet.FrameworkServlet.service(FrameworkServlet.java:885)
	at jakarta.servlet.http.HttpServlet.service(HttpServlet.java:658)
	at org.apache.catalina.core.ApplicationFilterChain.internalDoFilter(ApplicationFilterChain.java:195)
	at org.apache.catalina.core.ApplicationFilterChain.doFilter(ApplicationFilterChain.java:140)
	at org.apache.tomcat.websocket.server.WsFilter.doFilter(WsFilter.java:51)
	at org.apache.catalina.core.ApplicationFilterChain.internalDoFilter(ApplicationFilterChain.java:164)
	at org.apache.catalina.core.ApplicationFilterChain.doFilter(ApplicationFilterChain.java:140)
	at org.springframework.web.filter.CorsFilter.doFilterInternal(CorsFilter.java:91)
	at org.springframework.web.filter.OncePerRequestFilter.doFilter(OncePerRequestFilter.java:116)
	at org.apache.catalina.core.ApplicationFilterChain.internalDoFilter(ApplicationFilterChain.java:164)
	at org.apache.catalina.core.ApplicationFilterChain.doFilter(ApplicationFilterChain.java:140)
	at org.springframework.web.filter.RequestContextFilter.doFilterInternal(RequestContextFilter.java:100)
	at org.springframework.web.filter.OncePerRequestFilter.doFilter(OncePerRequestFilter.java:116)
	at org.apache.catalina.core.ApplicationFilterChain.internalDoFilter(ApplicationFilterChain.java:164)
	at org.apache.catalina.core.ApplicationFilterChain.doFilter(ApplicationFilterChain.java:140)
	at org.springframework.web.filter.FormContentFilter.doFilterInternal(FormContentFilter.java:93)
	at org.springframework.web.filter.OncePerRequestFilter.doFilter(OncePerRequestFilter.java:116)
	at org.apache.catalina.core.ApplicationFilterChain.internalDoFilter(ApplicationFilterChain.java:164)
	at org.apache.catalina.core.ApplicationFilterChain.doFilter(ApplicationFilterChain.java:140)
	at org.springframework.web.filter.CharacterEncodingFilter.doFilterInternal(CharacterEncodingFilter.java:201)
	at org.springframework.web.filter.OncePerRequestFilter.doFilter(OncePerRequestFilter.java:116)
	at org.apache.catalina.core.ApplicationFilterChain.internalDoFilter(ApplicationFilterChain.java:164)
	at org.apache.catalina.core.ApplicationFilterChain.doFilter(ApplicationFilterChain.java:140)
	at org.apache.catalina.core.StandardWrapperValve.invoke(StandardWrapperValve.java:167)
	at org.apache.catalina.core.StandardContextValve.invoke(StandardContextValve.java:90)
	at org.apache.catalina.authenticator.AuthenticatorBase.invoke(AuthenticatorBase.java:483)
	at org.apache.catalina.core.StandardHostValve.invoke(StandardHostValve.java:115)
	at org.apache.catalina.valves.ErrorReportValve.invoke(ErrorReportValve.java:93)
	at org.apache.catalina.core.StandardEngineValve.invoke(StandardEngineValve.java:74)
	at org.apache.catalina.connector.CoyoteAdapter.service(CoyoteAdapter.java:344)
	at org.apache.coyote.http11.Http11Processor.service(Http11Processor.java:389)
	at org.apache.coyote.AbstractProcessorLight.process(AbstractProcessorLight.java:63)
	at org.apache.coyote.AbstractProtocol$ConnectionHandler.process(AbstractProtocol.java:904)
	at org.apache.tomcat.util.net.NioEndpoint$SocketProcessor.doRun(NioEndpoint.java:1741)
	at org.apache.tomcat.util.net.SocketProcessorBase.run(SocketProcessorBase.java:52)
	at org.apache.tomcat.util.threads.ThreadPoolExecutor.runWorker(ThreadPoolExecutor.java:1190)
	at org.apache.tomcat.util.threads.ThreadPoolExecutor$Worker.run(ThreadPoolExecutor.java:659)
	at org.apache.tomcat.util.threads.TaskThread$WrappingRunnable.run(TaskThread.java:63)
	at java.base/java.lang.Thread.run(Thread.java:842)
Caused by: org.hibernate.exception.JDBCConnectionException: Unable to acquire JDBC Connection [IO 오류: The Network Adapter could not establish the connection (CONNECTION_ID=grJNPZQGRS2wr+/SU1dKYA==)] [n/a]
	at org.hibernate.exception.internal.SQLStateConversionDelegate.convert(SQLStateConversionDelegate.java:100)
	at org.hibernate.exception.internal.StandardSQLExceptionConverter.convert(StandardSQLExceptionConverter.java:58)
	at org.hibernate.engine.jdbc.spi.SqlExceptionHelper.convert(SqlExceptionHelper.java:108)
	at org.hibernate.engine.jdbc.spi.SqlExceptionHelper.convert(SqlExceptionHelper.java:94)
	at org.hibernate.resource.jdbc.internal.LogicalConnectionManagedImpl.acquireConnectionIfNeeded(LogicalConnectionManagedImpl.java:116)
	at org.hibernate.resource.jdbc.internal.LogicalConnectionManagedImpl.getPhysicalConnection(LogicalConnectionManagedImpl.java:143)
	at org.springframework.orm.jpa.vendor.HibernateJpaDialect.beginTransaction(HibernateJpaDialect.java:164)
	at org.springframework.orm.jpa.JpaTransactionManager.doBegin(JpaTransactionManager.java:420)
	... 88 common frames omitted
Caused by: java.sql.SQLRecoverableException: IO 오류: The Network Adapter could not establish the connection (CONNECTION_ID=grJNPZQGRS2wr+/SU1dKYA==)
	at oracle.jdbc.driver.T4CConnection.handleLogonNetException(T4CConnection.java:905)
	at oracle.jdbc.driver.T4CConnection.logon(T4CConnection.java:710)
	at oracle.jdbc.driver.PhysicalConnection.connect(PhysicalConnection.java:1095)
	at oracle.jdbc.driver.T4CDriverExtension.getConnection(T4CDriverExtension.java:90)
	at oracle.jdbc.driver.OracleDriver.connect(OracleDriver.java:733)
	at oracle.jdbc.driver.OracleDriver.connect(OracleDriver.java:649)
	at com.zaxxer.hikari.util.DriverDataSource.getConnection(DriverDataSource.java:137)
	at com.zaxxer.hikari.pool.PoolBase.newConnection(PoolBase.java:360)
	at com.zaxxer.hikari.pool.PoolBase.newPoolEntry(PoolBase.java:202)
	at com.zaxxer.hikari.pool.HikariPool.createPoolEntry(HikariPool.java:461)
	at com.zaxxer.hikari.pool.HikariPool.checkFailFast(HikariPool.java:550)
	at com.zaxxer.hikari.pool.HikariPool.<init>(HikariPool.java:98)
	at com.zaxxer.hikari.HikariDataSource.getConnection(HikariDataSource.java:111)
	at org.hibernate.engine.jdbc.connections.internal.DatasourceConnectionProviderImpl.getConnection(DatasourceConnectionProviderImpl.java:122)
	at org.hibernate.internal.NonContextualJdbcConnectionAccess.obtainConnection(NonContextualJdbcConnectionAccess.java:46)
	at org.hibernate.resource.jdbc.internal.LogicalConnectionManagedImpl.acquireConnectionIfNeeded(LogicalConnectionManagedImpl.java:113)
	... 91 common frames omitted
Caused by: oracle.net.ns.NetException: The Network Adapter could not establish the connection (CONNECTION_ID=grJNPZQGRS2wr+/SU1dKYA==)
	at oracle.net.nt.ConnStrategy.execute(ConnStrategy.java:729)
	at oracle.net.resolver.AddrResolution.resolveAndExecute(AddrResolution.java:629)
	at oracle.net.ns.NSProtocol.establishConnection(NSProtocol.java:965)
	at oracle.net.ns.NSProtocol.connect(NSProtocol.java:351)
	at oracle.jdbc.driver.T4CConnection.connect(T4CConnection.java:2653)
	at oracle.jdbc.driver.T4CConnection.logon(T4CConnection.java:669)
	... 105 common frames omitted
Caused by: java.io.IOException: Connection timed out: connect, socket connect lapse 21043 ms. 192.168.1.67 1521  30000 (1/1) true
	at oracle.net.nt.TcpNTAdapter.establishSocket(TcpNTAdapter.java:429)
	at oracle.net.nt.TcpNTAdapter.doLocalDNSLookupConnect(TcpNTAdapter.java:311)
	at oracle.net.nt.TcpNTAdapter.connect(TcpNTAdapter.java:273)
	at oracle.net.nt.ConnOption.connect(ConnOption.java:231)
	at oracle.net.nt.ConnStrategy.executeConnOption(ConnStrategy.java:1028)
	at oracle.net.nt.ConnStrategy.execute(ConnStrategy.java:687)
	... 110 common frames omitted
Caused by: java.net.ConnectException: Connection timed out: connect
	at java.base/sun.nio.ch.Net.connect0(Native Method)
	at java.base/sun.nio.ch.Net.connect(Net.java:579)
	at java.base/sun.nio.ch.Net.connect(Net.java:586)
	at java.base/sun.nio.ch.SocketChannelImpl.connect(SocketChannelImpl.java:853)
	at java.base/java.nio.channels.SocketChannel.open(SocketChannel.java:285)
	at oracle.net.nt.TimeoutSocketChannel.connect(TimeoutSocketChannel.java:185)
	at oracle.net.nt.TimeoutSocketChannel.<init>(TimeoutSocketChannel.java:159)
	at oracle.net.nt.TcpNTAdapter.establishSocket(TcpNTAdapter.java:388)
	... 115 common frames omitted
2026-02-14 13:10:24.147 WARN  o.h.e.jdbc.spi.SqlExceptionHelper - SQL Error: 17002, SQLState: 08006
2026-02-14 13:10:24.147 INFO  com.zaxxer.hikari.HikariDataSource - HikariPool-1 - Starting...
2026-02-14 13:10:24.147 ERROR o.h.e.jdbc.spi.SqlExceptionHelper - IO 오류: The Network Adapter could not establish the connection (CONNECTION_ID=KMxbj4YUTKiW1rliI5bR6g==)
2026-02-14 13:10:24.148 ERROR k.c.s.c.h.GlobalExceptionHandler - Unhandled server error
org.springframework.transaction.CannotCreateTransactionException: Could not open JPA EntityManager for transaction
	at org.springframework.orm.jpa.JpaTransactionManager.doBegin(JpaTransactionManager.java:466)
	at org.springframework.transaction.support.AbstractPlatformTransactionManager.startTransaction(AbstractPlatformTransactionManager.java:532)
	at org.springframework.transaction.support.AbstractPlatformTransactionManager.getTransaction(AbstractPlatformTransactionManager.java:405)
	at org.springframework.transaction.interceptor.TransactionAspectSupport.createTransactionIfNecessary(TransactionAspectSupport.java:604)
	at org.springframework.transaction.interceptor.TransactionAspectSupport.invokeWithinTransaction(TransactionAspectSupport.java:373)
	at org.springframework.transaction.interceptor.TransactionInterceptor.invoke(TransactionInterceptor.java:119)
	at org.springframework.aop.framework.ReflectiveMethodInvocation.proceed(ReflectiveMethodInvocation.java:184)
	at org.springframework.aop.framework.CglibAopProxy$CglibMethodInvocation.proceed(CglibAopProxy.java:768)
	at org.springframework.aop.interceptor.ExposeInvocationInterceptor.invoke(ExposeInvocationInterceptor.java:97)
	at org.springframework.aop.framework.ReflectiveMethodInvocation.proceed(ReflectiveMethodInvocation.java:184)
	at org.springframework.aop.framework.CglibAopProxy$CglibMethodInvocation.proceed(CglibAopProxy.java:768)
	at org.springframework.aop.framework.CglibAopProxy$DynamicAdvisedInterceptor.intercept(CglibAopProxy.java:720)
	at kr.co.seoulit.reception.service.ReceptionServiceImpl$$SpringCGLIB$$0.getReceptionList(<generated>)
	at kr.co.seoulit.reception.controller.ReceptionController.getReceptions(ReceptionController.java:70)
	at java.base/jdk.internal.reflect.NativeMethodAccessorImpl.invoke0(Native Method)
	at java.base/jdk.internal.reflect.NativeMethodAccessorImpl.invoke(NativeMethodAccessorImpl.java:77)
	at java.base/jdk.internal.reflect.DelegatingMethodAccessorImpl.invoke(DelegatingMethodAccessorImpl.java:43)
	at java.base/java.lang.reflect.Method.invoke(Method.java:568)
	at org.springframework.aop.support.AopUtils.invokeJoinpointUsingReflection(AopUtils.java:354)
	at org.springframework.aop.framework.ReflectiveMethodInvocation.invokeJoinpoint(ReflectiveMethodInvocation.java:196)
	at org.springframework.aop.framework.ReflectiveMethodInvocation.proceed(ReflectiveMethodInvocation.java:163)
	at org.springframework.aop.framework.CglibAopProxy$CglibMethodInvocation.proceed(CglibAopProxy.java:768)
	at org.springframework.aop.aspectj.MethodInvocationProceedingJoinPoint.proceed(MethodInvocationProceedingJoinPoint.java:89)
	at kr.co.seoulit.common.aop.LoggerAspect.logPrint(LoggerAspect.java:31)
	at java.base/jdk.internal.reflect.NativeMethodAccessorImpl.invoke0(Native Method)
	at java.base/jdk.internal.reflect.NativeMethodAccessorImpl.invoke(NativeMethodAccessorImpl.java:77)
	at java.base/jdk.internal.reflect.DelegatingMethodAccessorImpl.invoke(DelegatingMethodAccessorImpl.java:43)
	at java.base/java.lang.reflect.Method.invoke(Method.java:568)
	at org.springframework.aop.aspectj.AbstractAspectJAdvice.invokeAdviceMethodWithGivenArgs(AbstractAspectJAdvice.java:637)
	at org.springframework.aop.aspectj.AbstractAspectJAdvice.invokeAdviceMethod(AbstractAspectJAdvice.java:627)
	at org.springframework.aop.aspectj.AspectJAroundAdvice.invoke(AspectJAroundAdvice.java:71)
	at org.springframework.aop.framework.ReflectiveMethodInvocation.proceed(ReflectiveMethodInvocation.java:184)
	at org.springframework.aop.framework.CglibAopProxy$CglibMethodInvocation.proceed(CglibAopProxy.java:768)
	at org.springframework.aop.interceptor.ExposeInvocationInterceptor.invoke(ExposeInvocationInterceptor.java:97)
	at org.springframework.aop.framework.ReflectiveMethodInvocation.proceed(ReflectiveMethodInvocation.java:184)
	at org.springframework.aop.framework.CglibAopProxy$CglibMethodInvocation.proceed(CglibAopProxy.java:768)
	at org.springframework.aop.framework.CglibAopProxy$DynamicAdvisedInterceptor.intercept(CglibAopProxy.java:720)
	at kr.co.seoulit.reception.controller.ReceptionController$$SpringCGLIB$$0.getReceptions(<generated>)
	at java.base/jdk.internal.reflect.NativeMethodAccessorImpl.invoke0(Native Method)
	at java.base/jdk.internal.reflect.NativeMethodAccessorImpl.invoke(NativeMethodAccessorImpl.java:77)
	at java.base/jdk.internal.reflect.DelegatingMethodAccessorImpl.invoke(DelegatingMethodAccessorImpl.java:43)
	at java.base/java.lang.reflect.Method.invoke(Method.java:568)
	at org.springframework.web.method.support.InvocableHandlerMethod.doInvoke(InvocableHandlerMethod.java:255)
	at org.springframework.web.method.support.InvocableHandlerMethod.invokeForRequest(InvocableHandlerMethod.java:188)
	at org.springframework.web.servlet.mvc.method.annotation.ServletInvocableHandlerMethod.invokeAndHandle(ServletInvocableHandlerMethod.java:118)
	at org.springframework.web.servlet.mvc.method.annotation.RequestMappingHandlerAdapter.invokeHandlerMethod(RequestMappingHandlerAdapter.java:926)
	at org.springframework.web.servlet.mvc.method.annotation.RequestMappingHandlerAdapter.handleInternal(RequestMappingHandlerAdapter.java:831)
	at org.springframework.web.servlet.mvc.method.AbstractHandlerMethodAdapter.handle(AbstractHandlerMethodAdapter.java:87)
	at org.springframework.web.servlet.DispatcherServlet.doDispatch(DispatcherServlet.java:1089)
	at org.springframework.web.servlet.DispatcherServlet.doService(DispatcherServlet.java:979)
	at org.springframework.web.servlet.FrameworkServlet.processRequest(FrameworkServlet.java:1014)
	at org.springframework.web.servlet.FrameworkServlet.doGet(FrameworkServlet.java:903)
	at jakarta.servlet.http.HttpServlet.service(HttpServlet.java:564)
	at org.springframework.web.servlet.FrameworkServlet.service(FrameworkServlet.java:885)
	at jakarta.servlet.http.HttpServlet.service(HttpServlet.java:658)
	at org.apache.catalina.core.ApplicationFilterChain.internalDoFilter(ApplicationFilterChain.java:195)
	at org.apache.catalina.core.ApplicationFilterChain.doFilter(ApplicationFilterChain.java:140)
	at org.apache.tomcat.websocket.server.WsFilter.doFilter(WsFilter.java:51)
	at org.apache.catalina.core.ApplicationFilterChain.internalDoFilter(ApplicationFilterChain.java:164)
	at org.apache.catalina.core.ApplicationFilterChain.doFilter(ApplicationFilterChain.java:140)
	at org.springframework.web.filter.CorsFilter.doFilterInternal(CorsFilter.java:91)
	at org.springframework.web.filter.OncePerRequestFilter.doFilter(OncePerRequestFilter.java:116)
	at org.apache.catalina.core.ApplicationFilterChain.internalDoFilter(ApplicationFilterChain.java:164)
	at org.apache.catalina.core.ApplicationFilterChain.doFilter(ApplicationFilterChain.java:140)
	at org.springframework.web.filter.RequestContextFilter.doFilterInternal(RequestContextFilter.java:100)
	at org.springframework.web.filter.OncePerRequestFilter.doFilter(OncePerRequestFilter.java:116)
	at org.apache.catalina.core.ApplicationFilterChain.internalDoFilter(ApplicationFilterChain.java:164)
	at org.apache.catalina.core.ApplicationFilterChain.doFilter(ApplicationFilterChain.java:140)
	at org.springframework.web.filter.FormContentFilter.doFilterInternal(FormContentFilter.java:93)
	at org.springframework.web.filter.OncePerRequestFilter.doFilter(OncePerRequestFilter.java:116)
	at org.apache.catalina.core.ApplicationFilterChain.internalDoFilter(ApplicationFilterChain.java:164)
	at org.apache.catalina.core.ApplicationFilterChain.doFilter(ApplicationFilterChain.java:140)
	at org.springframework.web.filter.CharacterEncodingFilter.doFilterInternal(CharacterEncodingFilter.java:201)
	at org.springframework.web.filter.OncePerRequestFilter.doFilter(OncePerRequestFilter.java:116)
	at org.apache.catalina.core.ApplicationFilterChain.internalDoFilter(ApplicationFilterChain.java:164)
	at org.apache.catalina.core.ApplicationFilterChain.doFilter(ApplicationFilterChain.java:140)
	at org.apache.catalina.core.StandardWrapperValve.invoke(StandardWrapperValve.java:167)
	at org.apache.catalina.core.StandardContextValve.invoke(StandardContextValve.java:90)
	at org.apache.catalina.authenticator.AuthenticatorBase.invoke(AuthenticatorBase.java:483)
	at org.apache.catalina.core.StandardHostValve.invoke(StandardHostValve.java:115)
	at org.apache.catalina.valves.ErrorReportValve.invoke(ErrorReportValve.java:93)
	at org.apache.catalina.core.StandardEngineValve.invoke(StandardEngineValve.java:74)
	at org.apache.catalina.connector.CoyoteAdapter.service(CoyoteAdapter.java:344)
	at org.apache.coyote.http11.Http11Processor.service(Http11Processor.java:389)
	at org.apache.coyote.AbstractProcessorLight.process(AbstractProcessorLight.java:63)
	at org.apache.coyote.AbstractProtocol$ConnectionHandler.process(AbstractProtocol.java:904)
	at org.apache.tomcat.util.net.NioEndpoint$SocketProcessor.doRun(NioEndpoint.java:1741)
	at org.apache.tomcat.util.net.SocketProcessorBase.run(SocketProcessorBase.java:52)
	at org.apache.tomcat.util.threads.ThreadPoolExecutor.runWorker(ThreadPoolExecutor.java:1190)
	at org.apache.tomcat.util.threads.ThreadPoolExecutor$Worker.run(ThreadPoolExecutor.java:659)
	at org.apache.tomcat.util.threads.TaskThread$WrappingRunnable.run(TaskThread.java:63)
	at java.base/java.lang.Thread.run(Thread.java:842)
Caused by: org.hibernate.exception.JDBCConnectionException: Unable to acquire JDBC Connection [IO 오류: The Network Adapter could not establish the connection (CONNECTION_ID=KMxbj4YUTKiW1rliI5bR6g==)] [n/a]
	at org.hibernate.exception.internal.SQLStateConversionDelegate.convert(SQLStateConversionDelegate.java:100)
	at org.hibernate.exception.internal.StandardSQLExceptionConverter.convert(StandardSQLExceptionConverter.java:58)
	at org.hibernate.engine.jdbc.spi.SqlExceptionHelper.convert(SqlExceptionHelper.java:108)
	at org.hibernate.engine.jdbc.spi.SqlExceptionHelper.convert(SqlExceptionHelper.java:94)
	at org.hibernate.resource.jdbc.internal.LogicalConnectionManagedImpl.acquireConnectionIfNeeded(LogicalConnectionManagedImpl.java:116)
	at org.hibernate.resource.jdbc.internal.LogicalConnectionManagedImpl.getPhysicalConnection(LogicalConnectionManagedImpl.java:143)
	at org.springframework.orm.jpa.vendor.HibernateJpaDialect.beginTransaction(HibernateJpaDialect.java:164)
	at org.springframework.orm.jpa.JpaTransactionManager.doBegin(JpaTransactionManager.java:420)
	... 91 common frames omitted
Caused by: java.sql.SQLRecoverableException: IO 오류: The Network Adapter could not establish the connection (CONNECTION_ID=KMxbj4YUTKiW1rliI5bR6g==)
	at oracle.jdbc.driver.T4CConnection.handleLogonNetException(T4CConnection.java:905)
	at oracle.jdbc.driver.T4CConnection.logon(T4CConnection.java:710)
	at oracle.jdbc.driver.PhysicalConnection.connect(PhysicalConnection.java:1095)
	at oracle.jdbc.driver.T4CDriverExtension.getConnection(T4CDriverExtension.java:90)
	at oracle.jdbc.driver.OracleDriver.connect(OracleDriver.java:733)
	at oracle.jdbc.driver.OracleDriver.connect(OracleDriver.java:649)
	at com.zaxxer.hikari.util.DriverDataSource.getConnection(DriverDataSource.java:137)
	at com.zaxxer.hikari.pool.PoolBase.newConnection(PoolBase.java:360)
	at com.zaxxer.hikari.pool.PoolBase.newPoolEntry(PoolBase.java:202)
	at com.zaxxer.hikari.pool.HikariPool.createPoolEntry(HikariPool.java:461)
	at com.zaxxer.hikari.pool.HikariPool.checkFailFast(HikariPool.java:550)
	at com.zaxxer.hikari.pool.HikariPool.<init>(HikariPool.java:98)
	at com.zaxxer.hikari.HikariDataSource.getConnection(HikariDataSource.java:111)
	at org.hibernate.engine.jdbc.connections.internal.DatasourceConnectionProviderImpl.getConnection(DatasourceConnectionProviderImpl.java:122)
	at org.hibernate.internal.NonContextualJdbcConnectionAccess.obtainConnection(NonContextualJdbcConnectionAccess.java:46)
	at org.hibernate.resource.jdbc.internal.LogicalConnectionManagedImpl.acquireConnectionIfNeeded(LogicalConnectionManagedImpl.java:113)
	... 94 common frames omitted
Caused by: oracle.net.ns.NetException: The Network Adapter could not establish the connection (CONNECTION_ID=KMxbj4YUTKiW1rliI5bR6g==)
	at oracle.net.nt.ConnStrategy.execute(ConnStrategy.java:729)
	at oracle.net.resolver.AddrResolution.resolveAndExecute(AddrResolution.java:629)
	at oracle.net.ns.NSProtocol.establishConnection(NSProtocol.java:965)
	at oracle.net.ns.NSProtocol.connect(NSProtocol.java:351)
	at oracle.jdbc.driver.T4CConnection.connect(T4CConnection.java:2653)
	at oracle.jdbc.driver.T4CConnection.logon(T4CConnection.java:669)
	... 108 common frames omitted
Caused by: java.io.IOException: Connection timed out: connect, socket connect lapse 21039 ms. 192.168.1.67 1521  30000 (1/1) true
	at oracle.net.nt.TcpNTAdapter.establishSocket(TcpNTAdapter.java:429)
	at oracle.net.nt.TcpNTAdapter.doLocalDNSLookupConnect(TcpNTAdapter.java:311)
	at oracle.net.nt.TcpNTAdapter.connect(TcpNTAdapter.java:273)
	at oracle.net.nt.ConnOption.connect(ConnOption.java:231)
	at oracle.net.nt.ConnStrategy.executeConnOption(ConnStrategy.java:1028)
	at oracle.net.nt.ConnStrategy.execute(ConnStrategy.java:687)
	... 113 common frames omitted
Caused by: java.net.ConnectException: Connection timed out: connect
	at java.base/sun.nio.ch.Net.connect0(Native Method)
	at java.base/sun.nio.ch.Net.connect(Net.java:579)
	at java.base/sun.nio.ch.Net.connect(Net.java:586)
	at java.base/sun.nio.ch.SocketChannelImpl.connect(SocketChannelImpl.java:853)
	at java.base/java.nio.channels.SocketChannel.open(SocketChannel.java:285)
	at oracle.net.nt.TimeoutSocketChannel.connect(TimeoutSocketChannel.java:185)
	at oracle.net.nt.TimeoutSocketChannel.<init>(TimeoutSocketChannel.java:159)
	at oracle.net.nt.TcpNTAdapter.establishSocket(TcpNTAdapter.java:388)
	... 118 common frames omitted
2026-02-14 13:10:46.215 WARN  o.h.e.jdbc.spi.SqlExceptionHelper - SQL Error: 17002, SQLState: 08006
2026-02-14 13:10:46.216 ERROR o.h.e.jdbc.spi.SqlExceptionHelper - IO 오류: The Network Adapter could not establish the connection (CONNECTION_ID=XT7dvvzmR9uS4w+9nUtxbw==)
2026-02-14 13:10:46.216 ERROR k.c.s.c.h.GlobalExceptionHandler - Unhandled server error
org.springframework.transaction.CannotCreateTransactionException: Could not open JPA EntityManager for transaction
	at org.springframework.orm.jpa.JpaTransactionManager.doBegin(JpaTransactionManager.java:466)
	at org.springframework.transaction.support.AbstractPlatformTransactionManager.startTransaction(AbstractPlatformTransactionManager.java:532)
	at org.springframework.transaction.support.AbstractPlatformTransactionManager.getTransaction(AbstractPlatformTransactionManager.java:405)
	at org.springframework.transaction.interceptor.TransactionAspectSupport.createTransactionIfNecessary(TransactionAspectSupport.java:604)
	at org.springframework.transaction.interceptor.TransactionAspectSupport.invokeWithinTransaction(TransactionAspectSupport.java:373)
	at org.springframework.transaction.interceptor.TransactionInterceptor.invoke(TransactionInterceptor.java:119)
	at org.springframework.aop.framework.ReflectiveMethodInvocation.proceed(ReflectiveMethodInvocation.java:184)
	at org.springframework.aop.framework.CglibAopProxy$CglibMethodInvocation.proceed(CglibAopProxy.java:768)
	at org.springframework.aop.interceptor.ExposeInvocationInterceptor.invoke(ExposeInvocationInterceptor.java:97)
	at org.springframework.aop.framework.ReflectiveMethodInvocation.proceed(ReflectiveMethodInvocation.java:184)
	at org.springframework.aop.framework.CglibAopProxy$CglibMethodInvocation.proceed(CglibAopProxy.java:768)
	at org.springframework.aop.framework.CglibAopProxy$DynamicAdvisedInterceptor.intercept(CglibAopProxy.java:720)
	at kr.co.seoulit.reception.service.ReceptionServiceImpl$$SpringCGLIB$$0.getReceptionList(<generated>)
	at kr.co.seoulit.reception.controller.ReceptionController.getReceptions(ReceptionController.java:70)
	at java.base/jdk.internal.reflect.NativeMethodAccessorImpl.invoke0(Native Method)
	at java.base/jdk.internal.reflect.NativeMethodAccessorImpl.invoke(NativeMethodAccessorImpl.java:77)
	at java.base/jdk.internal.reflect.DelegatingMethodAccessorImpl.invoke(DelegatingMethodAccessorImpl.java:43)
	at java.base/java.lang.reflect.Method.invoke(Method.java:568)
	at org.springframework.aop.support.AopUtils.invokeJoinpointUsingReflection(AopUtils.java:354)
	at org.springframework.aop.framework.ReflectiveMethodInvocation.invokeJoinpoint(ReflectiveMethodInvocation.java:196)
	at org.springframework.aop.framework.ReflectiveMethodInvocation.proceed(ReflectiveMethodInvocation.java:163)
	at org.springframework.aop.framework.CglibAopProxy$CglibMethodInvocation.proceed(CglibAopProxy.java:768)
	at org.springframework.aop.aspectj.MethodInvocationProceedingJoinPoint.proceed(MethodInvocationProceedingJoinPoint.java:89)
	at kr.co.seoulit.common.aop.LoggerAspect.logPrint(LoggerAspect.java:31)
	at java.base/jdk.internal.reflect.NativeMethodAccessorImpl.invoke0(Native Method)
	at java.base/jdk.internal.reflect.NativeMethodAccessorImpl.invoke(NativeMethodAccessorImpl.java:77)
	at java.base/jdk.internal.reflect.DelegatingMethodAccessorImpl.invoke(DelegatingMethodAccessorImpl.java:43)
	at java.base/java.lang.reflect.Method.invoke(Method.java:568)
	at org.springframework.aop.aspectj.AbstractAspectJAdvice.invokeAdviceMethodWithGivenArgs(AbstractAspectJAdvice.java:637)
	at org.springframework.aop.aspectj.AbstractAspectJAdvice.invokeAdviceMethod(AbstractAspectJAdvice.java:627)
	at org.springframework.aop.aspectj.AspectJAroundAdvice.invoke(AspectJAroundAdvice.java:71)
	at org.springframework.aop.framework.ReflectiveMethodInvocation.proceed(ReflectiveMethodInvocation.java:184)
	at org.springframework.aop.framework.CglibAopProxy$CglibMethodInvocation.proceed(CglibAopProxy.java:768)
	at org.springframework.aop.interceptor.ExposeInvocationInterceptor.invoke(ExposeInvocationInterceptor.java:97)
	at org.springframework.aop.framework.ReflectiveMethodInvocation.proceed(ReflectiveMethodInvocation.java:184)
	at org.springframework.aop.framework.CglibAopProxy$CglibMethodInvocation.proceed(CglibAopProxy.java:768)
	at org.springframework.aop.framework.CglibAopProxy$DynamicAdvisedInterceptor.intercept(CglibAopProxy.java:720)
	at kr.co.seoulit.reception.controller.ReceptionController$$SpringCGLIB$$0.getReceptions(<generated>)
	at java.base/jdk.internal.reflect.NativeMethodAccessorImpl.invoke0(Native Method)
	at java.base/jdk.internal.reflect.NativeMethodAccessorImpl.invoke(NativeMethodAccessorImpl.java:77)
	at java.base/jdk.internal.reflect.DelegatingMethodAccessorImpl.invoke(DelegatingMethodAccessorImpl.java:43)
	at java.base/java.lang.reflect.Method.invoke(Method.java:568)
	at org.springframework.web.method.support.InvocableHandlerMethod.doInvoke(InvocableHandlerMethod.java:255)
	at org.springframework.web.method.support.InvocableHandlerMethod.invokeForRequest(InvocableHandlerMethod.java:188)
	at org.springframework.web.servlet.mvc.method.annotation.ServletInvocableHandlerMethod.invokeAndHandle(ServletInvocableHandlerMethod.java:118)
	at org.springframework.web.servlet.mvc.method.annotation.RequestMappingHandlerAdapter.invokeHandlerMethod(RequestMappingHandlerAdapter.java:926)
	at org.springframework.web.servlet.mvc.method.annotation.RequestMappingHandlerAdapter.handleInternal(RequestMappingHandlerAdapter.java:831)
	at org.springframework.web.servlet.mvc.method.AbstractHandlerMethodAdapter.handle(AbstractHandlerMethodAdapter.java:87)
	at org.springframework.web.servlet.DispatcherServlet.doDispatch(DispatcherServlet.java:1089)
	at org.springframework.web.servlet.DispatcherServlet.doService(DispatcherServlet.java:979)
	at org.springframework.web.servlet.FrameworkServlet.processRequest(FrameworkServlet.java:1014)
	at org.springframework.web.servlet.FrameworkServlet.doGet(FrameworkServlet.java:903)
	at jakarta.servlet.http.HttpServlet.service(HttpServlet.java:564)
	at org.springframework.web.servlet.FrameworkServlet.service(FrameworkServlet.java:885)
	at jakarta.servlet.http.HttpServlet.service(HttpServlet.java:658)
	at org.apache.catalina.core.ApplicationFilterChain.internalDoFilter(ApplicationFilterChain.java:195)
	at org.apache.catalina.core.ApplicationFilterChain.doFilter(ApplicationFilterChain.java:140)
	at org.apache.tomcat.websocket.server.WsFilter.doFilter(WsFilter.java:51)
	at org.apache.catalina.core.ApplicationFilterChain.internalDoFilter(ApplicationFilterChain.java:164)
	at org.apache.catalina.core.ApplicationFilterChain.doFilter(ApplicationFilterChain.java:140)
	at org.springframework.web.filter.CorsFilter.doFilterInternal(CorsFilter.java:91)
	at org.springframework.web.filter.OncePerRequestFilter.doFilter(OncePerRequestFilter.java:116)
	at org.apache.catalina.core.ApplicationFilterChain.internalDoFilter(ApplicationFilterChain.java:164)
	at org.apache.catalina.core.ApplicationFilterChain.doFilter(ApplicationFilterChain.java:140)
	at org.springframework.web.filter.RequestContextFilter.doFilterInternal(RequestContextFilter.java:100)
	at org.springframework.web.filter.OncePerRequestFilter.doFilter(OncePerRequestFilter.java:116)
	at org.apache.catalina.core.ApplicationFilterChain.internalDoFilter(ApplicationFilterChain.java:164)
	at org.apache.catalina.core.ApplicationFilterChain.doFilter(ApplicationFilterChain.java:140)
	at org.springframework.web.filter.FormContentFilter.doFilterInternal(FormContentFilter.java:93)
	at org.springframework.web.filter.OncePerRequestFilter.doFilter(OncePerRequestFilter.java:116)
	at org.apache.catalina.core.ApplicationFilterChain.internalDoFilter(ApplicationFilterChain.java:164)
	at org.apache.catalina.core.ApplicationFilterChain.doFilter(ApplicationFilterChain.java:140)
	at org.springframework.web.filter.CharacterEncodingFilter.doFilterInternal(CharacterEncodingFilter.java:201)
	at org.springframework.web.filter.OncePerRequestFilter.doFilter(OncePerRequestFilter.java:116)
	at org.apache.catalina.core.ApplicationFilterChain.internalDoFilter(ApplicationFilterChain.java:164)
	at org.apache.catalina.core.ApplicationFilterChain.doFilter(ApplicationFilterChain.java:140)
	at org.apache.catalina.core.StandardWrapperValve.invoke(StandardWrapperValve.java:167)
	at org.apache.catalina.core.StandardContextValve.invoke(StandardContextValve.java:90)
	at org.apache.catalina.authenticator.AuthenticatorBase.invoke(AuthenticatorBase.java:483)
	at org.apache.catalina.core.StandardHostValve.invoke(StandardHostValve.java:115)
	at org.apache.catalina.valves.ErrorReportValve.invoke(ErrorReportValve.java:93)
	at org.apache.catalina.core.StandardEngineValve.invoke(StandardEngineValve.java:74)
	at org.apache.catalina.connector.CoyoteAdapter.service(CoyoteAdapter.java:344)
	at org.apache.coyote.http11.Http11Processor.service(Http11Processor.java:389)
	at org.apache.coyote.AbstractProcessorLight.process(AbstractProcessorLight.java:63)
	at org.apache.coyote.AbstractProtocol$ConnectionHandler.process(AbstractProtocol.java:904)
	at org.apache.tomcat.util.net.NioEndpoint$SocketProcessor.doRun(NioEndpoint.java:1741)
	at org.apache.tomcat.util.net.SocketProcessorBase.run(SocketProcessorBase.java:52)
	at org.apache.tomcat.util.threads.ThreadPoolExecutor.runWorker(ThreadPoolExecutor.java:1190)
	at org.apache.tomcat.util.threads.ThreadPoolExecutor$Worker.run(ThreadPoolExecutor.java:659)
	at org.apache.tomcat.util.threads.TaskThread$WrappingRunnable.run(TaskThread.java:63)
	at java.base/java.lang.Thread.run(Thread.java:842)
Caused by: org.hibernate.exception.JDBCConnectionException: Unable to acquire JDBC Connection [IO 오류: The Network Adapter could not establish the connection (CONNECTION_ID=XT7dvvzmR9uS4w+9nUtxbw==)] [n/a]
	at org.hibernate.exception.internal.SQLStateConversionDelegate.convert(SQLStateConversionDelegate.java:100)
	at org.hibernate.exception.internal.StandardSQLExceptionConverter.convert(StandardSQLExceptionConverter.java:58)
	at org.hibernate.engine.jdbc.spi.SqlExceptionHelper.convert(SqlExceptionHelper.java:108)
	at org.hibernate.engine.jdbc.spi.SqlExceptionHelper.convert(SqlExceptionHelper.java:94)
	at org.hibernate.resource.jdbc.internal.LogicalConnectionManagedImpl.acquireConnectionIfNeeded(LogicalConnectionManagedImpl.java:116)
	at org.hibernate.resource.jdbc.internal.LogicalConnectionManagedImpl.getPhysicalConnection(LogicalConnectionManagedImpl.java:143)
	at org.springframework.orm.jpa.vendor.HibernateJpaDialect.beginTransaction(HibernateJpaDialect.java:164)
	at org.springframework.orm.jpa.JpaTransactionManager.doBegin(JpaTransactionManager.java:420)
	... 91 common frames omitted
Caused by: java.sql.SQLRecoverableException: IO 오류: The Network Adapter could not establish the connection (CONNECTION_ID=XT7dvvzmR9uS4w+9nUtxbw==)
	at oracle.jdbc.driver.T4CConnection.handleLogonNetException(T4CConnection.java:905)
	at oracle.jdbc.driver.T4CConnection.logon(T4CConnection.java:710)
	at oracle.jdbc.driver.PhysicalConnection.connect(PhysicalConnection.java:1095)
	at oracle.jdbc.driver.T4CDriverExtension.getConnection(T4CDriverExtension.java:90)
	at oracle.jdbc.driver.OracleDriver.connect(OracleDriver.java:733)
	at oracle.jdbc.driver.OracleDriver.connect(OracleDriver.java:649)
	at com.zaxxer.hikari.util.DriverDataSource.getConnection(DriverDataSource.java:137)
	at com.zaxxer.hikari.pool.PoolBase.newConnection(PoolBase.java:360)
	at com.zaxxer.hikari.pool.PoolBase.newPoolEntry(PoolBase.java:202)
	at com.zaxxer.hikari.pool.HikariPool.createPoolEntry(HikariPool.java:461)
	at com.zaxxer.hikari.pool.HikariPool.checkFailFast(HikariPool.java:550)
	at com.zaxxer.hikari.pool.HikariPool.<init>(HikariPool.java:98)
	at com.zaxxer.hikari.HikariDataSource.getConnection(HikariDataSource.java:111)
	at org.hibernate.engine.jdbc.connections.internal.DatasourceConnectionProviderImpl.getConnection(DatasourceConnectionProviderImpl.java:122)
	at org.hibernate.internal.NonContextualJdbcConnectionAccess.obtainConnection(NonContextualJdbcConnectionAccess.java:46)
	at org.hibernate.resource.jdbc.internal.LogicalConnectionManagedImpl.acquireConnectionIfNeeded(LogicalConnectionManagedImpl.java:113)
	... 94 common frames omitted
Caused by: oracle.net.ns.NetException: The Network Adapter could not establish the connection (CONNECTION_ID=XT7dvvzmR9uS4w+9nUtxbw==)
	at oracle.net.nt.ConnStrategy.execute(ConnStrategy.java:729)
	at oracle.net.resolver.AddrResolution.resolveAndExecute(AddrResolution.java:629)
	at oracle.net.ns.NSProtocol.establishConnection(NSProtocol.java:965)
	at oracle.net.ns.NSProtocol.connect(NSProtocol.java:351)
	at oracle.jdbc.driver.T4CConnection.connect(T4CConnection.java:2653)
	at oracle.jdbc.driver.T4CConnection.logon(T4CConnection.java:669)
	... 108 common frames omitted
Caused by: java.io.IOException: Connection timed out: connect, socket connect lapse 21051 ms. 192.168.1.67 1521  30000 (1/1) true
	at oracle.net.nt.TcpNTAdapter.establishSocket(TcpNTAdapter.java:429)
	at oracle.net.nt.TcpNTAdapter.doLocalDNSLookupConnect(TcpNTAdapter.java:311)
	at oracle.net.nt.TcpNTAdapter.connect(TcpNTAdapter.java:273)
	at oracle.net.nt.ConnOption.connect(ConnOption.java:231)
	at oracle.net.nt.ConnStrategy.executeConnOption(ConnStrategy.java:1028)
	at oracle.net.nt.ConnStrategy.execute(ConnStrategy.java:687)
	... 113 common frames omitted
Caused by: java.net.ConnectException: Connection timed out: connect
	at java.base/sun.nio.ch.Net.connect0(Native Method)
	at java.base/sun.nio.ch.Net.connect(Net.java:579)
	at java.base/sun.nio.ch.Net.connect(Net.java:586)
	at java.base/sun.nio.ch.SocketChannelImpl.connect(SocketChannelImpl.java:853)
	at java.base/java.nio.channels.SocketChannel.open(SocketChannel.java:285)
	at oracle.net.nt.TimeoutSocketChannel.connect(TimeoutSocketChannel.java:185)
	at oracle.net.nt.TimeoutSocketChannel.<init>(TimeoutSocketChannel.java:159)
	at oracle.net.nt.TcpNTAdapter.establishSocket(TcpNTAdapter.java:388)
	... 118 common frames omitted
2026-02-14 13:23:45.703 INFO  k.co.seoulit.common.aop.LoggerAspect - Controller  : kr.co.seoulit.reception.controller.ReceptionController.getReceptions()시작
2026-02-14 13:23:45.703 INFO  k.c.s.r.c.ReceptionController - 접수 목록 요청: searchType=null, searchValue=null
2026-02-14 13:23:45.704 INFO  com.zaxxer.hikari.HikariDataSource - HikariPool-1 - Starting...
2026-02-14 13:23:46.818 INFO  com.zaxxer.hikari.pool.HikariPool - HikariPool-1 - Added connection oracle.jdbc.driver.T4CConnection@75db18a8
2026-02-14 13:23:46.820 INFO  com.zaxxer.hikari.HikariDataSource - HikariPool-1 - Start completed.
2026-02-14 13:23:46.829 INFO  k.co.seoulit.common.aop.LoggerAspect - ServiceImpl  : kr.co.seoulit.reception.service.ReceptionServiceImpl.getReceptionList()시작
2026-02-14 13:23:47.227 INFO  k.co.seoulit.common.aop.LoggerAspect - ServiceImpl  : kr.co.seoulit.reception.service.ReceptionServiceImpl.getReceptionList()종료
2026-02-14 13:23:47.237 INFO  k.co.seoulit.common.aop.LoggerAspect - Controller  : kr.co.seoulit.reception.controller.ReceptionController.getReceptions()종료
2026-02-14 13:24:28.490 INFO  k.co.seoulit.common.aop.LoggerAspect - Controller  : kr.co.seoulit.reception.controller.MenuController.getMenus()시작
2026-02-14 13:24:28.491 INFO  k.co.seoulit.common.aop.LoggerAspect - Controller  : kr.co.seoulit.reception.controller.MenuController.getMenus()종료
2026-02-14 13:24:28.503 INFO  k.co.seoulit.common.aop.LoggerAspect - Controller  : kr.co.seoulit.reception.controller.ReceptionController.getReceptions()시작
2026-02-14 13:24:28.503 INFO  k.c.s.r.c.ReceptionController - 접수 목록 요청: searchType=null, searchValue=null
2026-02-14 13:24:28.514 INFO  k.co.seoulit.common.aop.LoggerAspect - ServiceImpl  : kr.co.seoulit.reception.service.ReceptionServiceImpl.getReceptionList()시작
2026-02-14 13:24:28.529 INFO  k.co.seoulit.common.aop.LoggerAspect - ServiceImpl  : kr.co.seoulit.reception.service.ReceptionServiceImpl.getReceptionList()종료
2026-02-14 13:24:28.535 INFO  k.co.seoulit.common.aop.LoggerAspect - Controller  : kr.co.seoulit.reception.controller.ReceptionController.getReceptions()종료
2026-02-14 13:24:28.702 INFO  k.co.seoulit.common.aop.LoggerAspect - Controller  : kr.co.seoulit.reception.controller.ReceptionController.getReception()시작
2026-02-14 13:24:28.703 INFO  k.c.s.r.c.ReceptionController - 접수 조회 요청: id=5
2026-02-14 13:24:28.719 INFO  k.co.seoulit.common.aop.LoggerAspect - ServiceImpl  : kr.co.seoulit.reception.service.ReceptionServiceImpl.getReception()시작
2026-02-14 13:24:28.822 DEBUG org.hibernate.SQL - select re1_0.reception_id,re1_0.arrived_at,re1_0.cancel_reason_code,re1_0.cancel_reason_text,re1_0.created_at,re1_0.created_by,re1_0.department_id,re1_0.department_name,re1_0.doctor_id,re1_0.doctor_name,re1_0.hold_reason_code,re1_0.hold_reason_text,re1_0.inactive_at,re1_0.inactive_reason_code,re1_0.inactive_reason_text,re1_0.is_active,re1_0.note,re1_0.patient_id,re1_0.patient_name,re1_0.reception_no,re1_0.reservation_id,re1_0.scheduled_at,re1_0.status,re1_0.updated_at,re1_0.updated_by,re1_0.visit_type from reception re1_0 where re1_0.reception_id=?
2026-02-14 13:24:28.828 TRACE org.hibernate.orm.jdbc.bind - binding parameter (1:BIGINT) <- [5]
2026-02-14 13:24:28.865 INFO  k.co.seoulit.common.aop.LoggerAspect - kr.co.seoulit.reception.mapstruct.ReceptionResMapStructImpl.toDto()시작
2026-02-14 13:24:28.866 INFO  k.co.seoulit.common.aop.LoggerAspect - kr.co.seoulit.reception.mapstruct.ReceptionResMapStructImpl.toDto()종료
2026-02-14 13:24:28.866 INFO  k.co.seoulit.common.aop.LoggerAspect - ServiceImpl  : kr.co.seoulit.reception.service.ReceptionServiceImpl.getReception()종료
2026-02-14 13:24:28.875 INFO  k.co.seoulit.common.aop.LoggerAspect - Controller  : kr.co.seoulit.reception.controller.ReceptionController.getReception()종료
2026-02-14 13:24:37.123 INFO  k.co.seoulit.common.aop.LoggerAspect - Controller  : kr.co.seoulit.reception.controller.ReservationController.getReservations()시작
2026-02-14 13:24:37.123 INFO  k.c.s.r.c.ReservationController - 예약 목록 요청: searchType=null, searchValue=null
2026-02-14 13:24:37.130 INFO  k.co.seoulit.common.aop.LoggerAspect - ServiceImpl  : kr.co.seoulit.reception.service.ReservationServiceImpl.getReservationList()시작
2026-02-14 13:24:37.157 INFO  k.co.seoulit.common.aop.LoggerAspect - ServiceImpl  : kr.co.seoulit.reception.service.ReservationServiceImpl.getReservationList()종료
2026-02-14 13:24:37.163 INFO  k.co.seoulit.common.aop.LoggerAspect - Controller  : kr.co.seoulit.reception.controller.ReservationController.getReservations()종료
2026-02-14 13:24:43.971 INFO  k.co.seoulit.common.aop.LoggerAspect - Controller  : kr.co.seoulit.reception.controller.MenuController.getMenus()시작
2026-02-14 13:24:43.972 INFO  k.co.seoulit.common.aop.LoggerAspect - Controller  : kr.co.seoulit.reception.controller.MenuController.getMenus()종료
2026-02-14 13:24:43.992 INFO  k.co.seoulit.common.aop.LoggerAspect - Controller  : kr.co.seoulit.reception.controller.MenuController.getMenus()시작
2026-02-14 13:24:43.992 INFO  k.co.seoulit.common.aop.LoggerAspect - Controller  : kr.co.seoulit.reception.controller.MenuController.getMenus()종료
2026-02-14 13:24:44.044 INFO  k.co.seoulit.common.aop.LoggerAspect - Controller  : kr.co.seoulit.reception.controller.ReceptionController.getReceptions()시작
2026-02-14 13:24:44.046 INFO  k.c.s.r.c.ReceptionController - 접수 목록 요청: searchType=null, searchValue=null
2026-02-14 13:24:44.054 INFO  k.co.seoulit.common.aop.LoggerAspect - Controller  : kr.co.seoulit.reception.controller.ReceptionController.getReceptions()시작
2026-02-14 13:24:44.054 INFO  k.c.s.r.c.ReceptionController - 접수 목록 요청: searchType=null, searchValue=null
2026-02-14 13:24:44.061 INFO  k.co.seoulit.common.aop.LoggerAspect - ServiceImpl  : kr.co.seoulit.reception.service.ReceptionServiceImpl.getReceptionList()시작
2026-02-14 13:24:44.069 INFO  k.co.seoulit.common.aop.LoggerAspect - ServiceImpl  : kr.co.seoulit.reception.service.ReceptionServiceImpl.getReceptionList()시작
2026-02-14 13:24:44.102 INFO  k.co.seoulit.common.aop.LoggerAspect - ServiceImpl  : kr.co.seoulit.reception.service.ReceptionServiceImpl.getReceptionList()종료
2026-02-14 13:24:44.104 INFO  k.co.seoulit.common.aop.LoggerAspect - ServiceImpl  : kr.co.seoulit.reception.service.ReceptionServiceImpl.getReceptionList()종료
2026-02-14 13:24:44.116 INFO  k.co.seoulit.common.aop.LoggerAspect - Controller  : kr.co.seoulit.reception.controller.ReceptionController.getReceptions()종료
2026-02-14 13:24:44.119 INFO  k.co.seoulit.common.aop.LoggerAspect - Controller  : kr.co.seoulit.reception.controller.ReceptionController.getReceptions()종료
2026-02-14 13:30:24.797 INFO  k.co.seoulit.common.aop.LoggerAspect - Controller  : kr.co.seoulit.reception.controller.MenuController.getMenus()시작
2026-02-14 13:30:24.797 INFO  k.co.seoulit.common.aop.LoggerAspect - Controller  : kr.co.seoulit.reception.controller.MenuController.getMenus()종료
2026-02-14 13:30:24.823 INFO  k.co.seoulit.common.aop.LoggerAspect - Controller  : kr.co.seoulit.reception.controller.ReservationController.getReservations()시작
2026-02-14 13:30:24.823 INFO  k.c.s.r.c.ReservationController - 예약 목록 요청: searchType=null, searchValue=null
2026-02-14 13:30:24.842 INFO  k.co.seoulit.common.aop.LoggerAspect - Controller  : kr.co.seoulit.reception.controller.MenuController.getMenus()시작
2026-02-14 13:30:24.844 INFO  k.co.seoulit.common.aop.LoggerAspect - Controller  : kr.co.seoulit.reception.controller.MenuController.getMenus()종료
2026-02-14 13:30:24.873 INFO  k.co.seoulit.common.aop.LoggerAspect - ServiceImpl  : kr.co.seoulit.reception.service.ReservationServiceImpl.getReservationList()시작
2026-02-14 13:30:24.896 INFO  k.co.seoulit.common.aop.LoggerAspect - ServiceImpl  : kr.co.seoulit.reception.service.ReservationServiceImpl.getReservationList()종료
2026-02-14 13:30:24.903 INFO  k.co.seoulit.common.aop.LoggerAspect - Controller  : kr.co.seoulit.reception.controller.ReservationController.getReservations()종료
2026-02-14 13:30:24.972 INFO  k.co.seoulit.common.aop.LoggerAspect - Controller  : kr.co.seoulit.reception.controller.ReservationController.getReservations()시작
2026-02-14 13:30:24.972 INFO  k.c.s.r.c.ReservationController - 예약 목록 요청: searchType=null, searchValue=null
2026-02-14 13:30:24.982 INFO  k.co.seoulit.common.aop.LoggerAspect - ServiceImpl  : kr.co.seoulit.reception.service.ReservationServiceImpl.getReservationList()시작
2026-02-14 13:30:24.995 INFO  k.co.seoulit.common.aop.LoggerAspect - ServiceImpl  : kr.co.seoulit.reception.service.ReservationServiceImpl.getReservationList()종료
2026-02-14 13:30:25.002 INFO  k.co.seoulit.common.aop.LoggerAspect - Controller  : kr.co.seoulit.reception.controller.ReservationController.getReservations()종료
2026-02-14 13:52:28.234 INFO  k.co.seoulit.common.aop.LoggerAspect - Controller  : kr.co.seoulit.reception.controller.MenuController.getMenus()시작
2026-02-14 13:52:28.250 INFO  k.co.seoulit.common.aop.LoggerAspect - Controller  : kr.co.seoulit.reception.controller.MenuController.getMenus()종료
2026-02-14 13:52:28.295 INFO  k.co.seoulit.common.aop.LoggerAspect - Controller  : kr.co.seoulit.reception.controller.ReservationController.getReservations()시작
2026-02-14 13:52:28.295 INFO  k.c.s.r.c.ReservationController - 예약 목록 요청: searchType=status, searchValue=COMPLETED
2026-02-14 13:52:28.288 INFO  k.co.seoulit.common.aop.LoggerAspect - Controller  : kr.co.seoulit.reception.controller.MenuController.getMenus()시작
2026-02-14 13:52:28.298 INFO  k.co.seoulit.common.aop.LoggerAspect - Controller  : kr.co.seoulit.reception.controller.MenuController.getMenus()종료
2026-02-14 13:52:28.314 INFO  k.co.seoulit.common.aop.LoggerAspect - ServiceImpl  : kr.co.seoulit.reception.service.ReservationServiceImpl.getReservationList()시작
2026-02-14 13:52:28.361 INFO  k.co.seoulit.common.aop.LoggerAspect - ServiceImpl  : kr.co.seoulit.reception.service.ReservationServiceImpl.getReservationList()종료
2026-02-14 13:52:28.375 INFO  k.co.seoulit.common.aop.LoggerAspect - Controller  : kr.co.seoulit.reception.controller.ReservationController.getReservations()종료
2026-02-14 13:52:28.425 INFO  k.co.seoulit.common.aop.LoggerAspect - Controller  : kr.co.seoulit.reception.controller.ReservationController.getReservations()시작
2026-02-14 13:52:28.425 INFO  k.c.s.r.c.ReservationController - 예약 목록 요청: searchType=status, searchValue=COMPLETED
2026-02-14 13:52:28.426 INFO  k.co.seoulit.common.aop.LoggerAspect - ServiceImpl  : kr.co.seoulit.reception.service.ReservationServiceImpl.getReservationList()시작
2026-02-14 13:52:28.448 INFO  k.co.seoulit.common.aop.LoggerAspect - ServiceImpl  : kr.co.seoulit.reception.service.ReservationServiceImpl.getReservationList()종료
2026-02-14 13:52:28.455 INFO  k.co.seoulit.common.aop.LoggerAspect - Controller  : kr.co.seoulit.reception.controller.ReservationController.getReservations()종료
2026-02-14 13:52:37.559 INFO  k.co.seoulit.common.aop.LoggerAspect - Controller  : kr.co.seoulit.reception.controller.MenuController.getMenus()시작
2026-02-14 13:52:37.559 INFO  k.co.seoulit.common.aop.LoggerAspect - Controller  : kr.co.seoulit.reception.controller.MenuController.getMenus()종료
2026-02-14 13:52:37.567 INFO  k.co.seoulit.common.aop.LoggerAspect - Controller  : kr.co.seoulit.reception.controller.MenuController.getMenus()시작
2026-02-14 13:52:37.568 INFO  k.co.seoulit.common.aop.LoggerAspect - Controller  : kr.co.seoulit.reception.controller.MenuController.getMenus()종료
2026-02-14 13:52:37.574 INFO  k.co.seoulit.common.aop.LoggerAspect - Controller  : kr.co.seoulit.reception.controller.ReservationController.getReservations()시작
2026-02-14 13:52:37.574 INFO  k.c.s.r.c.ReservationController - 예약 목록 요청: searchType=null, searchValue=null
2026-02-14 13:52:37.593 INFO  k.co.seoulit.common.aop.LoggerAspect - ServiceImpl  : kr.co.seoulit.reception.service.ReservationServiceImpl.getReservationList()시작
2026-02-14 13:52:37.620 INFO  k.co.seoulit.common.aop.LoggerAspect - ServiceImpl  : kr.co.seoulit.reception.service.ReservationServiceImpl.getReservationList()종료
2026-02-14 13:52:37.630 INFO  k.co.seoulit.common.aop.LoggerAspect - Controller  : kr.co.seoulit.reception.controller.ReservationController.getReservations()종료
2026-02-14 13:52:37.651 INFO  k.co.seoulit.common.aop.LoggerAspect - Controller  : kr.co.seoulit.reception.controller.ReservationController.getReservations()시작
2026-02-14 13:52:37.651 INFO  k.c.s.r.c.ReservationController - 예약 목록 요청: searchType=null, searchValue=null
2026-02-14 13:52:37.651 INFO  k.co.seoulit.common.aop.LoggerAspect - ServiceImpl  : kr.co.seoulit.reception.service.ReservationServiceImpl.getReservationList()시작
2026-02-14 13:52:37.664 INFO  k.co.seoulit.common.aop.LoggerAspect - ServiceImpl  : kr.co.seoulit.reception.service.ReservationServiceImpl.getReservationList()종료
2026-02-14 13:52:37.670 INFO  k.co.seoulit.common.aop.LoggerAspect - Controller  : kr.co.seoulit.reception.controller.ReservationController.getReservations()종료
2026-02-14 13:52:45.171 INFO  k.co.seoulit.common.aop.LoggerAspect - Controller  : kr.co.seoulit.reception.controller.MenuController.getMenus()시작
2026-02-14 13:52:45.171 INFO  k.co.seoulit.common.aop.LoggerAspect - Controller  : kr.co.seoulit.reception.controller.MenuController.getMenus()종료
2026-02-14 13:52:45.206 INFO  k.co.seoulit.common.aop.LoggerAspect - Controller  : kr.co.seoulit.reception.controller.MenuController.getMenus()시작
2026-02-14 13:52:45.208 INFO  k.co.seoulit.common.aop.LoggerAspect - Controller  : kr.co.seoulit.reception.controller.MenuController.getMenus()종료
2026-02-14 13:52:45.224 INFO  k.co.seoulit.common.aop.LoggerAspect - Controller  : kr.co.seoulit.reception.controller.PatientController.getPatients()시작
2026-02-14 13:52:45.798 DEBUG org.hibernate.SQL - select pe1_0.patient_id,pe1_0.patient_name from patient pe1_0
2026-02-14 13:52:45.838 INFO  k.co.seoulit.common.aop.LoggerAspect - Controller  : kr.co.seoulit.reception.controller.PatientController.getPatients()종료
2026-02-14 13:52:45.861 INFO  k.co.seoulit.common.aop.LoggerAspect - Controller  : kr.co.seoulit.reception.controller.PatientController.getPatients()시작
2026-02-14 13:52:45.864 DEBUG org.hibernate.SQL - select pe1_0.patient_id,pe1_0.patient_name from patient pe1_0
2026-02-14 13:52:45.884 INFO  k.co.seoulit.common.aop.LoggerAspect - Controller  : kr.co.seoulit.reception.controller.PatientController.getPatients()종료
2026-02-14 13:53:10.095 INFO  k.co.seoulit.common.aop.LoggerAspect - Controller  : kr.co.seoulit.reception.controller.MenuController.getMenus()시작
2026-02-14 13:53:10.095 INFO  k.co.seoulit.common.aop.LoggerAspect - Controller  : kr.co.seoulit.reception.controller.MenuController.getMenus()종료
2026-02-14 13:53:10.140 INFO  k.co.seoulit.common.aop.LoggerAspect - Controller  : kr.co.seoulit.reception.controller.MenuController.getMenus()시작
2026-02-14 13:53:10.152 INFO  k.co.seoulit.common.aop.LoggerAspect - Controller  : kr.co.seoulit.reception.controller.MenuController.getMenus()종료
2026-02-14 13:53:10.157 INFO  k.co.seoulit.common.aop.LoggerAspect - Controller  : kr.co.seoulit.reception.controller.EmergencyReceptionController.getEmergencyReceptions()시작
2026-02-14 13:53:10.159 INFO  k.c.s.r.c.EmergencyReceptionController - 응급 접수 목록 요청: searchType=null, searchValue=null
2026-02-14 13:53:10.171 INFO  k.co.seoulit.common.aop.LoggerAspect - ServiceImpl  : kr.co.seoulit.reception.service.EmergencyReceptionServiceImpl.getEmergencyReceptionList()시작
2026-02-14 13:53:10.245 INFO  k.co.seoulit.common.aop.LoggerAspect - ServiceImpl  : kr.co.seoulit.reception.service.EmergencyReceptionServiceImpl.getEmergencyReceptionList()종료
2026-02-14 13:53:10.252 INFO  k.co.seoulit.common.aop.LoggerAspect - Controller  : kr.co.seoulit.reception.controller.EmergencyReceptionController.getEmergencyReceptions()종료
2026-02-14 13:53:10.278 INFO  k.co.seoulit.common.aop.LoggerAspect - Controller  : kr.co.seoulit.reception.controller.EmergencyReceptionController.getEmergencyReceptions()시작
2026-02-14 13:53:10.278 INFO  k.c.s.r.c.EmergencyReceptionController - 응급 접수 목록 요청: searchType=null, searchValue=null
2026-02-14 13:53:10.279 INFO  k.co.seoulit.common.aop.LoggerAspect - ServiceImpl  : kr.co.seoulit.reception.service.EmergencyReceptionServiceImpl.getEmergencyReceptionList()시작
2026-02-14 13:53:10.298 INFO  k.co.seoulit.common.aop.LoggerAspect - ServiceImpl  : kr.co.seoulit.reception.service.EmergencyReceptionServiceImpl.getEmergencyReceptionList()종료
2026-02-14 13:53:10.304 INFO  k.co.seoulit.common.aop.LoggerAspect - Controller  : kr.co.seoulit.reception.controller.EmergencyReceptionController.getEmergencyReceptions()종료
2026-02-14 13:55:44.452 INFO  k.co.seoulit.common.aop.LoggerAspect - Controller  : kr.co.seoulit.reception.controller.MenuController.getMenus()시작
2026-02-14 13:55:44.453 INFO  k.co.seoulit.common.aop.LoggerAspect - Controller  : kr.co.seoulit.reception.controller.MenuController.getMenus()종료
2026-02-14 13:55:44.460 INFO  k.co.seoulit.common.aop.LoggerAspect - Controller  : kr.co.seoulit.reception.controller.MenuController.getMenus()시작
2026-02-14 13:55:44.460 INFO  k.co.seoulit.common.aop.LoggerAspect - Controller  : kr.co.seoulit.reception.controller.MenuController.getMenus()종료
2026-02-14 13:55:58.385 INFO  k.co.seoulit.common.aop.LoggerAspect - Controller  : kr.co.seoulit.reception.controller.MenuController.getMenus()시작
2026-02-14 13:55:58.385 INFO  k.co.seoulit.common.aop.LoggerAspect - Controller  : kr.co.seoulit.reception.controller.MenuController.getMenus()종료
2026-02-14 13:55:58.393 INFO  k.co.seoulit.common.aop.LoggerAspect - Controller  : kr.co.seoulit.reception.controller.MenuController.getMenus()시작
2026-02-14 13:55:58.394 INFO  k.co.seoulit.common.aop.LoggerAspect - Controller  : kr.co.seoulit.reception.controller.MenuController.getMenus()종료
2026-02-14 13:56:47.156 INFO  k.co.seoulit.common.aop.LoggerAspect - Controller  : kr.co.seoulit.reception.controller.MenuController.getMenus()시작
2026-02-14 13:56:47.156 INFO  k.co.seoulit.common.aop.LoggerAspect - Controller  : kr.co.seoulit.reception.controller.MenuController.getMenus()종료
2026-02-14 13:56:47.172 INFO  k.co.seoulit.common.aop.LoggerAspect - Controller  : kr.co.seoulit.reception.controller.MenuController.getMenus()시작
2026-02-14 13:56:47.172 INFO  k.co.seoulit.common.aop.LoggerAspect - Controller  : kr.co.seoulit.reception.controller.MenuController.getMenus()종료
2026-02-14 13:56:47.197 INFO  k.co.seoulit.common.aop.LoggerAspect - Controller  : kr.co.seoulit.reception.controller.EmergencyReceptionController.getEmergencyReceptions()시작
2026-02-14 13:56:47.198 INFO  k.c.s.r.c.EmergencyReceptionController - 응급 접수 목록 요청: searchType=null, searchValue=null
2026-02-14 13:56:47.223 INFO  k.co.seoulit.common.aop.LoggerAspect - ServiceImpl  : kr.co.seoulit.reception.service.EmergencyReceptionServiceImpl.getEmergencyReceptionList()시작
2026-02-14 13:56:47.354 INFO  k.co.seoulit.common.aop.LoggerAspect - ServiceImpl  : kr.co.seoulit.reception.service.EmergencyReceptionServiceImpl.getEmergencyReceptionList()종료
2026-02-14 13:56:47.362 INFO  k.co.seoulit.common.aop.LoggerAspect - Controller  : kr.co.seoulit.reception.controller.EmergencyReceptionController.getEmergencyReceptions()종료
2026-02-14 13:56:47.380 INFO  k.co.seoulit.common.aop.LoggerAspect - Controller  : kr.co.seoulit.reception.controller.EmergencyReceptionController.getEmergencyReceptions()시작
2026-02-14 13:56:47.380 INFO  k.c.s.r.c.EmergencyReceptionController - 응급 접수 목록 요청: searchType=null, searchValue=null
2026-02-14 13:56:47.381 INFO  k.co.seoulit.common.aop.LoggerAspect - ServiceImpl  : kr.co.seoulit.reception.service.EmergencyReceptionServiceImpl.getEmergencyReceptionList()시작
2026-02-14 13:56:47.520 INFO  k.co.seoulit.common.aop.LoggerAspect - ServiceImpl  : kr.co.seoulit.reception.service.EmergencyReceptionServiceImpl.getEmergencyReceptionList()종료
2026-02-14 13:56:47.525 INFO  k.co.seoulit.common.aop.LoggerAspect - Controller  : kr.co.seoulit.reception.controller.EmergencyReceptionController.getEmergencyReceptions()종료
2026-02-14 13:56:52.907 INFO  k.co.seoulit.common.aop.LoggerAspect - Controller  : kr.co.seoulit.reception.controller.MenuController.getMenus()시작
2026-02-14 13:56:52.907 INFO  k.co.seoulit.common.aop.LoggerAspect - Controller  : kr.co.seoulit.reception.controller.MenuController.getMenus()종료
2026-02-14 13:56:52.914 INFO  k.co.seoulit.common.aop.LoggerAspect - Controller  : kr.co.seoulit.reception.controller.MenuController.getMenus()시작
2026-02-14 13:56:52.914 INFO  k.co.seoulit.common.aop.LoggerAspect - Controller  : kr.co.seoulit.reception.controller.MenuController.getMenus()종료
2026-02-14 14:33:00.560 INFO  k.co.seoulit.common.aop.LoggerAspect - Controller  : kr.co.seoulit.reception.controller.PatientController.getPatients()시작
2026-02-14 14:33:00.616 DEBUG org.hibernate.SQL - select pe1_0.patient_id,pe1_0.patient_name from patient pe1_0
2026-02-14 14:33:00.664 INFO  k.co.seoulit.common.aop.LoggerAspect - Controller  : kr.co.seoulit.reception.controller.PatientController.getPatients()종료
2026-02-14 14:35:25.606 INFO  k.co.seoulit.common.aop.LoggerAspect - Controller  : kr.co.seoulit.reception.controller.MenuController.getMenus()시작
2026-02-14 14:35:25.606 INFO  k.co.seoulit.common.aop.LoggerAspect - Controller  : kr.co.seoulit.reception.controller.MenuController.getMenus()종료
2026-02-14 14:35:25.629 INFO  k.co.seoulit.common.aop.LoggerAspect - Controller  : kr.co.seoulit.reception.controller.MenuController.getMenus()시작
2026-02-14 14:35:25.635 INFO  k.co.seoulit.common.aop.LoggerAspect - Controller  : kr.co.seoulit.reception.controller.MenuController.getMenus()종료
2026-02-14 14:35:40.706 INFO  k.co.seoulit.common.aop.LoggerAspect - Controller  : kr.co.seoulit.reception.controller.MenuController.getMenus()시작
2026-02-14 14:35:40.714 INFO  k.co.seoulit.common.aop.LoggerAspect - Controller  : kr.co.seoulit.reception.controller.MenuController.getMenus()종료
2026-02-14 14:35:40.725 INFO  k.co.seoulit.common.aop.LoggerAspect - Controller  : kr.co.seoulit.reception.controller.MenuController.getMenus()시작
2026-02-14 14:35:40.725 INFO  k.co.seoulit.common.aop.LoggerAspect - Controller  : kr.co.seoulit.reception.controller.MenuController.getMenus()종료
2026-02-14 14:35:40.730 INFO  k.co.seoulit.common.aop.LoggerAspect - Controller  : kr.co.seoulit.reception.controller.PatientController.getPatients()시작
2026-02-14 14:35:40.767 DEBUG org.hibernate.SQL - select pe1_0.patient_id,pe1_0.patient_name from patient pe1_0
2026-02-14 14:35:40.802 INFO  k.co.seoulit.common.aop.LoggerAspect - Controller  : kr.co.seoulit.reception.controller.PatientController.getPatients()종료
2026-02-14 14:35:40.826 INFO  k.co.seoulit.common.aop.LoggerAspect - Controller  : kr.co.seoulit.reception.controller.PatientController.getPatients()시작
2026-02-14 14:35:40.827 DEBUG org.hibernate.SQL - select pe1_0.patient_id,pe1_0.patient_name from patient pe1_0
2026-02-14 14:35:40.852 INFO  k.co.seoulit.common.aop.LoggerAspect - Controller  : kr.co.seoulit.reception.controller.PatientController.getPatients()종료
2026-02-14 14:35:45.650 INFO  k.co.seoulit.common.aop.LoggerAspect - Controller  : kr.co.seoulit.reception.controller.MenuController.getMenus()시작
2026-02-14 14:35:45.650 INFO  k.co.seoulit.common.aop.LoggerAspect - Controller  : kr.co.seoulit.reception.controller.MenuController.getMenus()종료
2026-02-14 14:35:45.660 INFO  k.co.seoulit.common.aop.LoggerAspect - Controller  : kr.co.seoulit.reception.controller.MenuController.getMenus()시작
2026-02-14 14:35:45.660 INFO  k.co.seoulit.common.aop.LoggerAspect - Controller  : kr.co.seoulit.reception.controller.MenuController.getMenus()종료
2026-02-14 14:35:45.672 INFO  k.co.seoulit.common.aop.LoggerAspect - Controller  : kr.co.seoulit.reception.controller.PatientController.getPatients()시작
2026-02-14 14:35:45.685 DEBUG org.hibernate.SQL - select pe1_0.patient_id,pe1_0.patient_name from patient pe1_0
2026-02-14 14:35:45.711 INFO  k.co.seoulit.common.aop.LoggerAspect - Controller  : kr.co.seoulit.reception.controller.PatientController.getPatients()종료
2026-02-14 14:35:45.737 INFO  k.co.seoulit.common.aop.LoggerAspect - Controller  : kr.co.seoulit.reception.controller.PatientController.getPatients()시작
2026-02-14 14:35:45.740 DEBUG org.hibernate.SQL - select pe1_0.patient_id,pe1_0.patient_name from patient pe1_0
2026-02-14 14:35:45.775 INFO  k.co.seoulit.common.aop.LoggerAspect - Controller  : kr.co.seoulit.reception.controller.PatientController.getPatients()종료
2026-02-14 14:36:08.989 INFO  k.co.seoulit.common.aop.LoggerAspect - Controller  : kr.co.seoulit.reception.controller.MenuController.getMenus()시작
2026-02-14 14:36:08.989 INFO  k.co.seoulit.common.aop.LoggerAspect - Controller  : kr.co.seoulit.reception.controller.MenuController.getMenus()종료
2026-02-14 14:36:08.998 INFO  k.co.seoulit.common.aop.LoggerAspect - Controller  : kr.co.seoulit.reception.controller.MenuController.getMenus()시작
2026-02-14 14:36:08.999 INFO  k.co.seoulit.common.aop.LoggerAspect - Controller  : kr.co.seoulit.reception.controller.MenuController.getMenus()종료
2026-02-14 14:36:32.723 INFO  k.co.seoulit.common.aop.LoggerAspect - Controller  : kr.co.seoulit.reception.controller.MenuController.getMenus()시작
2026-02-14 14:36:32.723 INFO  k.co.seoulit.common.aop.LoggerAspect - Controller  : kr.co.seoulit.reception.controller.MenuController.getMenus()종료
2026-02-14 14:36:32.736 INFO  k.co.seoulit.common.aop.LoggerAspect - Controller  : kr.co.seoulit.reception.controller.PatientController.getPatients()시작
2026-02-14 14:36:32.736 INFO  k.co.seoulit.common.aop.LoggerAspect - Controller  : kr.co.seoulit.reception.controller.MenuController.getMenus()시작
2026-02-14 14:36:32.736 INFO  k.co.seoulit.common.aop.LoggerAspect - Controller  : kr.co.seoulit.reception.controller.MenuController.getMenus()종료
2026-02-14 14:36:32.755 DEBUG org.hibernate.SQL - select pe1_0.patient_id,pe1_0.patient_name from patient pe1_0
2026-02-14 14:36:32.789 INFO  k.co.seoulit.common.aop.LoggerAspect - Controller  : kr.co.seoulit.reception.controller.PatientController.getPatients()종료
2026-02-14 14:36:32.821 INFO  k.co.seoulit.common.aop.LoggerAspect - Controller  : kr.co.seoulit.reception.controller.PatientController.getPatients()시작
2026-02-14 14:36:32.823 DEBUG org.hibernate.SQL - select pe1_0.patient_id,pe1_0.patient_name from patient pe1_0
2026-02-14 14:36:32.852 INFO  k.co.seoulit.common.aop.LoggerAspect - Controller  : kr.co.seoulit.reception.controller.PatientController.getPatients()종료
2026-02-14 14:37:55.488 INFO  k.co.seoulit.common.aop.LoggerAspect - Controller  : kr.co.seoulit.reception.controller.MenuController.getMenus()시작
2026-02-14 14:37:55.488 INFO  k.co.seoulit.common.aop.LoggerAspect - Controller  : kr.co.seoulit.reception.controller.MenuController.getMenus()종료
2026-02-14 14:37:55.504 INFO  k.co.seoulit.common.aop.LoggerAspect - Controller  : kr.co.seoulit.reception.controller.PatientController.getPatients()시작
2026-02-14 14:37:55.517 DEBUG org.hibernate.SQL - select pe1_0.patient_id,pe1_0.patient_name from patient pe1_0
2026-02-14 14:37:55.549 INFO  k.co.seoulit.common.aop.LoggerAspect - Controller  : kr.co.seoulit.reception.controller.PatientController.getPatients()종료
2026-02-14 14:51:11.785 INFO  k.co.seoulit.common.aop.LoggerAspect - Controller  : kr.co.seoulit.reception.controller.MenuController.getMenus()시작
2026-02-14 14:51:11.785 INFO  k.co.seoulit.common.aop.LoggerAspect - Controller  : kr.co.seoulit.reception.controller.MenuController.getMenus()종료
2026-02-14 14:51:11.793 INFO  k.co.seoulit.common.aop.LoggerAspect - Controller  : kr.co.seoulit.reception.controller.MenuController.getMenus()시작
2026-02-14 14:51:11.793 INFO  k.co.seoulit.common.aop.LoggerAspect - Controller  : kr.co.seoulit.reception.controller.MenuController.getMenus()종료
2026-02-14 14:51:14.593 INFO  k.co.seoulit.common.aop.LoggerAspect - Controller  : kr.co.seoulit.reception.controller.MenuController.getMenus()시작
2026-02-14 14:51:14.594 INFO  k.co.seoulit.common.aop.LoggerAspect - Controller  : kr.co.seoulit.reception.controller.MenuController.getMenus()종료
2026-02-14 14:51:14.606 INFO  k.co.seoulit.common.aop.LoggerAspect - Controller  : kr.co.seoulit.reception.controller.MenuController.getMenus()시작
2026-02-14 14:51:14.606 INFO  k.co.seoulit.common.aop.LoggerAspect - Controller  : kr.co.seoulit.reception.controller.MenuController.getMenus()종료
2026-02-14 14:51:14.638 INFO  k.co.seoulit.common.aop.LoggerAspect - Controller  : kr.co.seoulit.reception.controller.ReceptionController.getReceptions()시작
2026-02-14 14:51:14.638 INFO  k.c.s.r.c.ReceptionController - 접수 목록 요청: searchType=null, searchValue=null
2026-02-14 14:51:14.648 INFO  k.co.seoulit.common.aop.LoggerAspect - ServiceImpl  : kr.co.seoulit.reception.service.ReceptionServiceImpl.getReceptionList()시작
2026-02-14 14:51:14.695 INFO  k.co.seoulit.common.aop.LoggerAspect - ServiceImpl  : kr.co.seoulit.reception.service.ReceptionServiceImpl.getReceptionList()종료
2026-02-14 14:51:14.700 INFO  k.co.seoulit.common.aop.LoggerAspect - Controller  : kr.co.seoulit.reception.controller.ReceptionController.getReceptions()종료
2026-02-14 14:51:14.720 INFO  k.co.seoulit.common.aop.LoggerAspect - Controller  : kr.co.seoulit.reception.controller.ReceptionController.getReceptions()시작
2026-02-14 14:51:14.720 INFO  k.c.s.r.c.ReceptionController - 접수 목록 요청: searchType=null, searchValue=null
2026-02-14 14:51:14.720 INFO  k.co.seoulit.common.aop.LoggerAspect - ServiceImpl  : kr.co.seoulit.reception.service.ReceptionServiceImpl.getReceptionList()시작
2026-02-14 14:51:14.738 INFO  k.co.seoulit.common.aop.LoggerAspect - ServiceImpl  : kr.co.seoulit.reception.service.ReceptionServiceImpl.getReceptionList()종료
2026-02-14 14:51:14.743 INFO  k.co.seoulit.common.aop.LoggerAspect - Controller  : kr.co.seoulit.reception.controller.ReceptionController.getReceptions()종료
2026-02-14 14:51:14.844 INFO  k.co.seoulit.common.aop.LoggerAspect - Controller  : kr.co.seoulit.reception.controller.ReceptionController.getReception()시작
2026-02-14 14:51:14.844 INFO  k.c.s.r.c.ReceptionController - 접수 조회 요청: id=5
2026-02-14 14:51:14.847 INFO  k.co.seoulit.common.aop.LoggerAspect - ServiceImpl  : kr.co.seoulit.reception.service.ReceptionServiceImpl.getReception()시작
2026-02-14 14:51:14.849 DEBUG org.hibernate.SQL - select re1_0.reception_id,re1_0.arrived_at,re1_0.cancel_reason_code,re1_0.cancel_reason_text,re1_0.created_at,re1_0.created_by,re1_0.department_id,re1_0.department_name,re1_0.doctor_id,re1_0.doctor_name,re1_0.hold_reason_code,re1_0.hold_reason_text,re1_0.inactive_at,re1_0.inactive_reason_code,re1_0.inactive_reason_text,re1_0.is_active,re1_0.note,re1_0.patient_id,re1_0.patient_name,re1_0.reception_no,re1_0.reservation_id,re1_0.scheduled_at,re1_0.status,re1_0.updated_at,re1_0.updated_by,re1_0.visit_type from reception re1_0 where re1_0.reception_id=?
2026-02-14 14:51:14.850 TRACE org.hibernate.orm.jdbc.bind - binding parameter (1:BIGINT) <- [5]
2026-02-14 14:51:14.860 INFO  k.co.seoulit.common.aop.LoggerAspect - kr.co.seoulit.reception.mapstruct.ReceptionResMapStructImpl.toDto()시작
2026-02-14 14:51:14.860 INFO  k.co.seoulit.common.aop.LoggerAspect - kr.co.seoulit.reception.mapstruct.ReceptionResMapStructImpl.toDto()종료
2026-02-14 14:51:14.860 INFO  k.co.seoulit.common.aop.LoggerAspect - ServiceImpl  : kr.co.seoulit.reception.service.ReceptionServiceImpl.getReception()종료
2026-02-14 14:51:14.870 INFO  k.co.seoulit.common.aop.LoggerAspect - Controller  : kr.co.seoulit.reception.controller.ReceptionController.getReception()종료
2026-02-14 14:51:18.614 INFO  k.co.seoulit.common.aop.LoggerAspect - Controller  : kr.co.seoulit.reception.controller.MenuController.getMenus()시작
2026-02-14 14:51:18.614 INFO  k.co.seoulit.common.aop.LoggerAspect - Controller  : kr.co.seoulit.reception.controller.MenuController.getMenus()종료
2026-02-14 14:51:18.622 INFO  k.co.seoulit.common.aop.LoggerAspect - Controller  : kr.co.seoulit.reception.controller.MenuController.getMenus()시작
2026-02-14 14:51:18.622 INFO  k.co.seoulit.common.aop.LoggerAspect - Controller  : kr.co.seoulit.reception.controller.MenuController.getMenus()종료
2026-02-14 14:51:18.655 INFO  k.co.seoulit.common.aop.LoggerAspect - Controller  : kr.co.seoulit.reception.controller.ReservationController.getReservations()시작
2026-02-14 14:51:18.656 INFO  k.c.s.r.c.ReservationController - 예약 목록 요청: searchType=null, searchValue=null
2026-02-14 14:51:18.669 INFO  k.co.seoulit.common.aop.LoggerAspect - ServiceImpl  : kr.co.seoulit.reception.service.ReservationServiceImpl.getReservationList()시작
2026-02-14 14:51:18.698 INFO  k.co.seoulit.common.aop.LoggerAspect - ServiceImpl  : kr.co.seoulit.reception.service.ReservationServiceImpl.getReservationList()종료
2026-02-14 14:51:18.705 INFO  k.co.seoulit.common.aop.LoggerAspect - Controller  : kr.co.seoulit.reception.controller.ReservationController.getReservations()종료
2026-02-14 14:51:18.731 INFO  k.co.seoulit.common.aop.LoggerAspect - Controller  : kr.co.seoulit.reception.controller.ReservationController.getReservations()시작
2026-02-14 14:51:18.731 INFO  k.c.s.r.c.ReservationController - 예약 목록 요청: searchType=null, searchValue=null
2026-02-14 14:51:18.736 INFO  k.co.seoulit.common.aop.LoggerAspect - ServiceImpl  : kr.co.seoulit.reception.service.ReservationServiceImpl.getReservationList()시작
2026-02-14 14:51:18.754 INFO  k.co.seoulit.common.aop.LoggerAspect - ServiceImpl  : kr.co.seoulit.reception.service.ReservationServiceImpl.getReservationList()종료
2026-02-14 14:51:18.772 INFO  k.co.seoulit.common.aop.LoggerAspect - Controller  : kr.co.seoulit.reception.controller.ReservationController.getReservations()종료
2026-02-14 14:51:22.275 INFO  k.co.seoulit.common.aop.LoggerAspect - Controller  : kr.co.seoulit.reception.controller.MenuController.getMenus()시작
2026-02-14 14:51:22.275 INFO  k.co.seoulit.common.aop.LoggerAspect - Controller  : kr.co.seoulit.reception.controller.MenuController.getMenus()종료
2026-02-14 14:51:22.288 INFO  k.co.seoulit.common.aop.LoggerAspect - Controller  : kr.co.seoulit.reception.controller.MenuController.getMenus()시작
2026-02-14 14:51:22.289 INFO  k.co.seoulit.common.aop.LoggerAspect - Controller  : kr.co.seoulit.reception.controller.MenuController.getMenus()종료
2026-02-14 14:51:22.294 INFO  k.co.seoulit.common.aop.LoggerAspect - Controller  : kr.co.seoulit.reception.controller.PatientController.getPatients()시작
2026-02-14 14:51:22.303 DEBUG org.hibernate.SQL - select pe1_0.patient_id,pe1_0.patient_name from patient pe1_0
2026-02-14 14:51:22.322 INFO  k.co.seoulit.common.aop.LoggerAspect - Controller  : kr.co.seoulit.reception.controller.PatientController.getPatients()종료
2026-02-14 14:51:22.340 INFO  k.co.seoulit.common.aop.LoggerAspect - Controller  : kr.co.seoulit.reception.controller.PatientController.getPatients()시작
2026-02-14 14:51:22.342 DEBUG org.hibernate.SQL - select pe1_0.patient_id,pe1_0.patient_name from patient pe1_0
2026-02-14 14:51:22.362 INFO  k.co.seoulit.common.aop.LoggerAspect - Controller  : kr.co.seoulit.reception.controller.PatientController.getPatients()종료
2026-02-14 14:53:47.484 INFO  k.co.seoulit.common.aop.LoggerAspect - Controller  : kr.co.seoulit.reception.controller.MenuController.getMenus()시작
2026-02-14 14:53:47.484 INFO  k.co.seoulit.common.aop.LoggerAspect - Controller  : kr.co.seoulit.reception.controller.MenuController.getMenus()종료
2026-02-14 14:53:47.489 INFO  k.co.seoulit.common.aop.LoggerAspect - Controller  : kr.co.seoulit.reception.controller.MenuController.getMenus()시작
2026-02-14 14:53:47.489 INFO  k.co.seoulit.common.aop.LoggerAspect - Controller  : kr.co.seoulit.reception.controller.MenuController.getMenus()종료
2026-02-14 14:53:47.504 INFO  k.co.seoulit.common.aop.LoggerAspect - Controller  : kr.co.seoulit.reception.controller.ReservationController.getReservations()시작
2026-02-14 14:53:47.504 INFO  k.c.s.r.c.ReservationController - 예약 목록 요청: searchType=null, searchValue=null
2026-02-14 14:53:47.514 INFO  k.co.seoulit.common.aop.LoggerAspect - ServiceImpl  : kr.co.seoulit.reception.service.ReservationServiceImpl.getReservationList()시작
2026-02-14 14:53:47.535 INFO  k.co.seoulit.common.aop.LoggerAspect - ServiceImpl  : kr.co.seoulit.reception.service.ReservationServiceImpl.getReservationList()종료
2026-02-14 14:53:47.548 INFO  k.co.seoulit.common.aop.LoggerAspect - Controller  : kr.co.seoulit.reception.controller.ReservationController.getReservations()종료
2026-02-14 14:53:47.574 INFO  k.co.seoulit.common.aop.LoggerAspect - Controller  : kr.co.seoulit.reception.controller.ReservationController.getReservations()시작
2026-02-14 14:53:47.575 INFO  k.c.s.r.c.ReservationController - 예약 목록 요청: searchType=null, searchValue=null
2026-02-14 14:53:47.575 INFO  k.co.seoulit.common.aop.LoggerAspect - ServiceImpl  : kr.co.seoulit.reception.service.ReservationServiceImpl.getReservationList()시작
2026-02-14 14:53:47.587 INFO  k.co.seoulit.common.aop.LoggerAspect - ServiceImpl  : kr.co.seoulit.reception.service.ReservationServiceImpl.getReservationList()종료
2026-02-14 14:53:47.593 INFO  k.co.seoulit.common.aop.LoggerAspect - Controller  : kr.co.seoulit.reception.controller.ReservationController.getReservations()종료
2026-02-14 14:53:52.320 INFO  k.co.seoulit.common.aop.LoggerAspect - Controller  : kr.co.seoulit.reception.controller.MenuController.getMenus()시작
2026-02-14 14:53:52.321 INFO  k.co.seoulit.common.aop.LoggerAspect - Controller  : kr.co.seoulit.reception.controller.MenuController.getMenus()종료
2026-02-14 14:53:52.338 INFO  k.co.seoulit.common.aop.LoggerAspect - Controller  : kr.co.seoulit.reception.controller.MenuController.getMenus()시작
2026-02-14 14:53:52.339 INFO  k.co.seoulit.common.aop.LoggerAspect - Controller  : kr.co.seoulit.reception.controller.MenuController.getMenus()종료
2026-02-14 14:53:52.378 INFO  k.co.seoulit.common.aop.LoggerAspect - Controller  : kr.co.seoulit.reception.controller.ReceptionController.getReceptions()시작
2026-02-14 14:53:52.379 INFO  k.c.s.r.c.ReceptionController - 접수 목록 요청: searchType=null, searchValue=null
2026-02-14 14:53:52.389 INFO  k.co.seoulit.common.aop.LoggerAspect - Controller  : kr.co.seoulit.reception.controller.ReceptionController.getReceptions()시작
2026-02-14 14:53:52.389 INFO  k.c.s.r.c.ReceptionController - 접수 목록 요청: searchType=null, searchValue=null
2026-02-14 14:53:52.398 INFO  k.co.seoulit.common.aop.LoggerAspect - ServiceImpl  : kr.co.seoulit.reception.service.ReceptionServiceImpl.getReceptionList()시작
2026-02-14 14:53:52.411 INFO  k.co.seoulit.common.aop.LoggerAspect - ServiceImpl  : kr.co.seoulit.reception.service.ReceptionServiceImpl.getReceptionList()시작
2026-02-14 14:53:52.421 INFO  k.co.seoulit.common.aop.LoggerAspect - ServiceImpl  : kr.co.seoulit.reception.service.ReceptionServiceImpl.getReceptionList()종료
2026-02-14 14:53:52.424 INFO  k.co.seoulit.common.aop.LoggerAspect - ServiceImpl  : kr.co.seoulit.reception.service.ReceptionServiceImpl.getReceptionList()종료
2026-02-14 14:53:52.428 INFO  k.co.seoulit.common.aop.LoggerAspect - Controller  : kr.co.seoulit.reception.controller.ReceptionController.getReceptions()종료
2026-02-14 14:53:52.437 INFO  k.co.seoulit.common.aop.LoggerAspect - Controller  : kr.co.seoulit.reception.controller.ReceptionController.getReceptions()종료
2026-02-14 14:53:54.338 INFO  k.co.seoulit.common.aop.LoggerAspect - Controller  : kr.co.seoulit.reception.controller.MenuController.getMenus()시작
2026-02-14 14:53:54.338 INFO  k.co.seoulit.common.aop.LoggerAspect - Controller  : kr.co.seoulit.reception.controller.MenuController.getMenus()종료
2026-02-14 14:53:54.346 INFO  k.co.seoulit.common.aop.LoggerAspect - Controller  : kr.co.seoulit.reception.controller.ReceptionController.getReceptions()시작
2026-02-14 14:53:54.346 INFO  k.c.s.r.c.ReceptionController - 접수 목록 요청: searchType=null, searchValue=null
2026-02-14 14:53:54.354 INFO  k.co.seoulit.common.aop.LoggerAspect - ServiceImpl  : kr.co.seoulit.reception.service.ReceptionServiceImpl.getReceptionList()시작
2026-02-14 14:53:54.357 INFO  k.co.seoulit.common.aop.LoggerAspect - Controller  : kr.co.seoulit.reception.controller.MenuController.getMenus()시작
2026-02-14 14:53:54.357 INFO  k.co.seoulit.common.aop.LoggerAspect - Controller  : kr.co.seoulit.reception.controller.MenuController.getMenus()종료
2026-02-14 14:53:54.368 INFO  k.co.seoulit.common.aop.LoggerAspect - ServiceImpl  : kr.co.seoulit.reception.service.ReceptionServiceImpl.getReceptionList()종료
2026-02-14 14:53:54.374 INFO  k.co.seoulit.common.aop.LoggerAspect - Controller  : kr.co.seoulit.reception.controller.ReceptionController.getReceptions()종료
2026-02-14 14:53:54.393 INFO  k.co.seoulit.common.aop.LoggerAspect - Controller  : kr.co.seoulit.reception.controller.ReceptionController.getReceptions()시작
2026-02-14 14:53:54.394 INFO  k.c.s.r.c.ReceptionController - 접수 목록 요청: searchType=null, searchValue=null
2026-02-14 14:53:54.394 INFO  k.co.seoulit.common.aop.LoggerAspect - ServiceImpl  : kr.co.seoulit.reception.service.ReceptionServiceImpl.getReceptionList()시작
2026-02-14 14:53:54.406 INFO  k.co.seoulit.common.aop.LoggerAspect - ServiceImpl  : kr.co.seoulit.reception.service.ReceptionServiceImpl.getReceptionList()종료
2026-02-14 14:53:54.415 INFO  k.co.seoulit.common.aop.LoggerAspect - Controller  : kr.co.seoulit.reception.controller.ReceptionController.getReceptions()종료
2026-02-14 14:54:00.165 INFO  k.co.seoulit.common.aop.LoggerAspect - Controller  : kr.co.seoulit.reception.controller.MenuController.getMenus()시작
2026-02-14 14:54:00.165 INFO  k.co.seoulit.common.aop.LoggerAspect - Controller  : kr.co.seoulit.reception.controller.MenuController.getMenus()종료
2026-02-14 14:54:00.177 INFO  k.co.seoulit.common.aop.LoggerAspect - Controller  : kr.co.seoulit.reception.controller.MenuController.getMenus()시작
2026-02-14 14:54:00.178 INFO  k.co.seoulit.common.aop.LoggerAspect - Controller  : kr.co.seoulit.reception.controller.MenuController.getMenus()종료
2026-02-14 14:54:00.190 INFO  k.co.seoulit.common.aop.LoggerAspect - Controller  : kr.co.seoulit.reception.controller.PatientController.getPatients()시작
2026-02-14 14:54:00.204 DEBUG org.hibernate.SQL - select pe1_0.patient_id,pe1_0.patient_name from patient pe1_0
2026-02-14 14:54:00.224 INFO  k.co.seoulit.common.aop.LoggerAspect - Controller  : kr.co.seoulit.reception.controller.PatientController.getPatients()종료
2026-02-14 14:54:00.251 INFO  k.co.seoulit.common.aop.LoggerAspect - Controller  : kr.co.seoulit.reception.controller.PatientController.getPatients()시작
2026-02-14 14:54:00.257 DEBUG org.hibernate.SQL - select pe1_0.patient_id,pe1_0.patient_name from patient pe1_0
2026-02-14 14:54:00.284 INFO  k.co.seoulit.common.aop.LoggerAspect - Controller  : kr.co.seoulit.reception.controller.PatientController.getPatients()종료
2026-02-14 14:56:14.888 INFO  k.co.seoulit.common.aop.LoggerAspect - Controller  : kr.co.seoulit.reception.controller.MenuController.getMenus()시작
2026-02-14 14:56:14.902 INFO  k.co.seoulit.common.aop.LoggerAspect - Controller  : kr.co.seoulit.reception.controller.MenuController.getMenus()종료
2026-02-14 14:56:14.929 INFO  k.co.seoulit.common.aop.LoggerAspect - Controller  : kr.co.seoulit.reception.controller.MenuController.getMenus()시작
2026-02-14 14:56:14.929 INFO  k.co.seoulit.common.aop.LoggerAspect - Controller  : kr.co.seoulit.reception.controller.MenuController.getMenus()종료
2026-02-14 14:56:21.531 INFO  k.co.seoulit.common.aop.LoggerAspect - Controller  : kr.co.seoulit.reception.controller.MenuController.getMenus()시작
2026-02-14 14:56:21.532 INFO  k.co.seoulit.common.aop.LoggerAspect - Controller  : kr.co.seoulit.reception.controller.MenuController.getMenus()종료
2026-02-14 14:56:21.542 INFO  k.co.seoulit.common.aop.LoggerAspect - Controller  : kr.co.seoulit.reception.controller.MenuController.getMenus()시작
2026-02-14 14:56:21.542 INFO  k.co.seoulit.common.aop.LoggerAspect - Controller  : kr.co.seoulit.reception.controller.MenuController.getMenus()종료
2026-02-14 14:56:21.553 INFO  k.co.seoulit.common.aop.LoggerAspect - Controller  : kr.co.seoulit.reception.controller.PatientController.getPatients()시작
2026-02-14 14:56:21.576 DEBUG org.hibernate.SQL - select pe1_0.patient_id,pe1_0.patient_name from patient pe1_0
2026-02-14 14:56:21.611 INFO  k.co.seoulit.common.aop.LoggerAspect - Controller  : kr.co.seoulit.reception.controller.PatientController.getPatients()종료
2026-02-14 14:56:21.639 INFO  k.co.seoulit.common.aop.LoggerAspect - Controller  : kr.co.seoulit.reception.controller.PatientController.getPatients()시작
2026-02-14 14:56:21.642 DEBUG org.hibernate.SQL - select pe1_0.patient_id,pe1_0.patient_name from patient pe1_0
2026-02-14 14:56:21.667 INFO  k.co.seoulit.common.aop.LoggerAspect - Controller  : kr.co.seoulit.reception.controller.PatientController.getPatients()종료
2026-02-14 15:14:45.394 INFO  o.s.o.j.LocalContainerEntityManagerFactoryBean - Closing JPA EntityManagerFactory for persistence unit 'default'
2026-02-14 15:14:45.401 INFO  com.zaxxer.hikari.HikariDataSource - HikariPool-1 - Shutdown initiated...
2026-02-14 15:14:45.472 INFO  com.zaxxer.hikari.HikariDataSource - HikariPool-1 - Shutdown completed.
2026-02-14 15:15:07.814 INFO  o.h.validator.internal.util.Version - HV000001: Hibernate Validator 8.0.1.Final
2026-02-14 15:15:07.864 INFO  kr.co.seoulit.ReceptionApplication - Starting ReceptionApplication using Java 17.0.12 with PID 93968 (D:\서울IT교육센터\dev\teamwork\project\backend\hospital_reception_backend\reception_back\build\classes\java\main started by USER in D:\서울IT교육센터\dev\teamwork\project\backend\hospital_reception_backend\reception_back)
2026-02-14 15:15:07.866 INFO  kr.co.seoulit.ReceptionApplication - No active profile set, falling back to 1 default profile: "default"
2026-02-14 15:15:09.273 INFO  o.s.d.r.c.RepositoryConfigurationDelegate - Multiple Spring Data modules found, entering strict repository configuration mode
2026-02-14 15:15:09.276 INFO  o.s.d.r.c.RepositoryConfigurationDelegate - Bootstrapping Spring Data JPA repositories in DEFAULT mode.
2026-02-14 15:15:09.527 INFO  o.s.d.r.c.RepositoryConfigurationDelegate - Finished Spring Data repository scanning in 240 ms. Found 11 JPA repository interfaces.
2026-02-14 15:15:09.551 INFO  o.s.d.r.c.RepositoryConfigurationDelegate - Multiple Spring Data modules found, entering strict repository configuration mode
2026-02-14 15:15:09.553 INFO  o.s.d.r.c.RepositoryConfigurationDelegate - Bootstrapping Spring Data Redis repositories in DEFAULT mode.
2026-02-14 15:15:09.574 INFO  o.s.d.r.c.RepositoryConfigurationExtensionSupport - Spring Data Redis - Could not safely identify store assignment for repository candidate interface kr.co.seoulit.common.audit.AuditLogRepository; If you want this repository to be a Redis repository, consider annotating your entities with one of these annotations: org.springframework.data.redis.core.RedisHash (preferred), or consider extending one of the following types with your repository: org.springframework.data.keyvalue.repository.KeyValueRepository
2026-02-14 15:15:09.575 INFO  o.s.d.r.c.RepositoryConfigurationExtensionSupport - Spring Data Redis - Could not safely identify store assignment for repository candidate interface kr.co.seoulit.reception.repository.DepartmentRepository; If you want this repository to be a Redis repository, consider annotating your entities with one of these annotations: org.springframework.data.redis.core.RedisHash (preferred), or consider extending one of the following types with your repository: org.springframework.data.keyvalue.repository.KeyValueRepository
2026-02-14 15:15:09.575 INFO  o.s.d.r.c.RepositoryConfigurationExtensionSupport - Spring Data Redis - Could not safely identify store assignment for repository candidate interface kr.co.seoulit.reception.repository.DoctorRepository; If you want this repository to be a Redis repository, consider annotating your entities with one of these annotations: org.springframework.data.redis.core.RedisHash (preferred), or consider extending one of the following types with your repository: org.springframework.data.keyvalue.repository.KeyValueRepository
2026-02-14 15:15:09.575 INFO  o.s.d.r.c.RepositoryConfigurationExtensionSupport - Spring Data Redis - Could not safely identify store assignment for repository candidate interface kr.co.seoulit.reception.repository.PatientRepository; If you want this repository to be a Redis repository, consider annotating your entities with one of these annotations: org.springframework.data.redis.core.RedisHash (preferred), or consider extending one of the following types with your repository: org.springframework.data.keyvalue.repository.KeyValueRepository
2026-02-14 15:15:09.575 INFO  o.s.d.r.c.RepositoryConfigurationExtensionSupport - Spring Data Redis - Could not safely identify store assignment for repository candidate interface kr.co.seoulit.reception.repository.ReceptionChecklistItemRepository; If you want this repository to be a Redis repository, consider annotating your entities with one of these annotations: org.springframework.data.redis.core.RedisHash (preferred), or consider extending one of the following types with your repository: org.springframework.data.keyvalue.repository.KeyValueRepository
2026-02-14 15:15:09.576 INFO  o.s.d.r.c.RepositoryConfigurationExtensionSupport - Spring Data Redis - Could not safely identify store assignment for repository candidate interface kr.co.seoulit.reception.repository.ReceptionEmergencyRepository; If you want this repository to be a Redis repository, consider annotating your entities with one of these annotations: org.springframework.data.redis.core.RedisHash (preferred), or consider extending one of the following types with your repository: org.springframework.data.keyvalue.repository.KeyValueRepository
2026-02-14 15:15:09.576 INFO  o.s.d.r.c.RepositoryConfigurationExtensionSupport - Spring Data Redis - Could not safely identify store assignment for repository candidate interface kr.co.seoulit.reception.repository.ReceptionInpatientRepository; If you want this repository to be a Redis repository, consider annotating your entities with one of these annotations: org.springframework.data.redis.core.RedisHash (preferred), or consider extending one of the following types with your repository: org.springframework.data.keyvalue.repository.KeyValueRepository
2026-02-14 15:15:09.576 INFO  o.s.d.r.c.RepositoryConfigurationExtensionSupport - Spring Data Redis - Could not safely identify store assignment for repository candidate interface kr.co.seoulit.reception.repository.ReceptionRepository; If you want this repository to be a Redis repository, consider annotating your entities with one of these annotations: org.springframework.data.redis.core.RedisHash (preferred), or consider extending one of the following types with your repository: org.springframework.data.keyvalue.repository.KeyValueRepository
2026-02-14 15:15:09.576 INFO  o.s.d.r.c.RepositoryConfigurationExtensionSupport - Spring Data Redis - Could not safely identify store assignment for repository candidate interface kr.co.seoulit.reception.repository.ReceptionStatusHistoryRepository; If you want this repository to be a Redis repository, consider annotating your entities with one of these annotations: org.springframework.data.redis.core.RedisHash (preferred), or consider extending one of the following types with your repository: org.springframework.data.keyvalue.repository.KeyValueRepository
2026-02-14 15:15:09.577 INFO  o.s.d.r.c.RepositoryConfigurationExtensionSupport - Spring Data Redis - Could not safely identify store assignment for repository candidate interface kr.co.seoulit.reception.repository.ReceptionTodayScheduleRepository; If you want this repository to be a Redis repository, consider annotating your entities with one of these annotations: org.springframework.data.redis.core.RedisHash (preferred), or consider extending one of the following types with your repository: org.springframework.data.keyvalue.repository.KeyValueRepository
2026-02-14 15:15:09.577 INFO  o.s.d.r.c.RepositoryConfigurationExtensionSupport - Spring Data Redis - Could not safely identify store assignment for repository candidate interface kr.co.seoulit.reception.repository.ReservationRepository; If you want this repository to be a Redis repository, consider annotating your entities with one of these annotations: org.springframework.data.redis.core.RedisHash (preferred), or consider extending one of the following types with your repository: org.springframework.data.keyvalue.repository.KeyValueRepository
2026-02-14 15:15:09.577 INFO  o.s.d.r.c.RepositoryConfigurationDelegate - Finished Spring Data repository scanning in 14 ms. Found 0 Redis repository interfaces.
2026-02-14 15:15:10.777 INFO  o.s.b.w.e.tomcat.TomcatWebServer - Tomcat initialized with port 8283 (http)
2026-02-14 15:15:10.797 INFO  o.a.coyote.http11.Http11NioProtocol - Initializing ProtocolHandler ["http-nio-8283"]
2026-02-14 15:15:10.801 INFO  o.a.catalina.core.StandardService - Starting service [Tomcat]
2026-02-14 15:15:10.801 INFO  o.a.catalina.core.StandardEngine - Starting Servlet engine: [Apache Tomcat/10.1.26]
2026-02-14 15:15:11.023 INFO  o.a.c.c.C.[Tomcat].[localhost].[/] - Initializing Spring embedded WebApplicationContext
2026-02-14 15:15:11.024 INFO  o.s.b.w.s.c.ServletWebServerApplicationContext - Root WebApplicationContext: initialization completed in 3097 ms
2026-02-14 15:15:11.329 INFO  o.h.jpa.internal.util.LogHelper - HHH000204: Processing PersistenceUnitInfo [name: default]
2026-02-14 15:15:11.435 INFO  org.hibernate.Version - HHH000412: Hibernate ORM core version 6.5.2.Final
2026-02-14 15:15:11.487 INFO  o.h.c.i.RegionFactoryInitiator - HHH000026: Second-level cache disabled
2026-02-14 15:15:12.029 INFO  o.s.o.j.p.SpringPersistenceUnitInfo - No LoadTimeWeaver setup: ignoring JPA class transformer
2026-02-14 15:15:12.108 INFO  com.zaxxer.hikari.HikariDataSource - HikariPool-1 - Starting...
2026-02-14 15:15:12.564 INFO  com.zaxxer.hikari.pool.HikariPool - HikariPool-1 - Added connection oracle.jdbc.driver.T4CConnection@3ef089ce
2026-02-14 15:15:12.569 INFO  com.zaxxer.hikari.HikariDataSource - HikariPool-1 - Start completed.
2026-02-14 15:15:12.622 WARN  org.hibernate.orm.deprecation - HHH90000026: Oracle10gDialect has been deprecated; use org.hibernate.community.dialect.OracleLegacyDialect instead
2026-02-14 15:15:14.164 INFO  o.h.e.t.j.p.i.JtaPlatformInitiator - HHH000489: No JTA platform available (set 'hibernate.transaction.jta.platform' to enable JTA platform integration)
2026-02-14 15:15:14.168 INFO  o.s.o.j.LocalContainerEntityManagerFactoryBean - Initialized JPA EntityManagerFactory for persistence unit 'default'
2026-02-14 15:15:16.350 WARN  o.s.b.a.o.j.JpaBaseConfiguration$JpaWebConfiguration - spring.jpa.open-in-view is enabled by default. Therefore, database queries may be performed during view rendering. Explicitly configure spring.jpa.open-in-view to disable this warning
2026-02-14 15:15:16.414 INFO  o.s.b.a.w.s.WelcomePageHandlerMapping - Adding welcome page: class path resource [static/index.html]
2026-02-14 15:15:17.992 INFO  o.a.coyote.http11.Http11NioProtocol - Starting ProtocolHandler ["http-nio-8283"]
2026-02-14 15:15:18.076 INFO  o.s.b.w.e.tomcat.TomcatWebServer - Tomcat started on port 8283 (http) with context path '/'
2026-02-14 15:15:18.128 INFO  kr.co.seoulit.ReceptionApplication - Started ReceptionApplication in 11.018 seconds (process running for 12.76)
2026-02-14 15:15:21.013 INFO  o.a.c.c.C.[Tomcat].[localhost].[/] - Initializing Spring DispatcherServlet 'dispatcherServlet'
2026-02-14 15:15:21.013 INFO  o.s.web.servlet.DispatcherServlet - Initializing Servlet 'dispatcherServlet'
2026-02-14 15:15:21.015 INFO  o.s.web.servlet.DispatcherServlet - Completed initialization in 2 ms
2026-02-14 15:15:21.096 INFO  k.co.seoulit.common.aop.LoggerAspect - Controller  : kr.co.seoulit.reception.controller.MenuController.getMenus()시작
2026-02-14 15:15:21.096 INFO  k.co.seoulit.common.aop.LoggerAspect - Controller  : kr.co.seoulit.reception.controller.PatientController.getPatients()시작
2026-02-14 15:15:21.096 INFO  k.co.seoulit.common.aop.LoggerAspect - Controller  : kr.co.seoulit.reception.controller.MenuController.getMenus()종료
2026-02-14 15:15:21.366 DEBUG org.hibernate.SQL - select pe1_0.patient_id,pe1_0.patient_name from patient pe1_0
2026-02-14 15:15:21.474 INFO  k.co.seoulit.common.aop.LoggerAspect - Controller  : kr.co.seoulit.reception.controller.PatientController.getPatients()종료
2026-02-14 15:15:55.137 INFO  k.co.seoulit.common.aop.LoggerAspect - Controller  : kr.co.seoulit.reception.controller.MenuController.getMenus()시작
2026-02-14 15:15:55.139 INFO  k.co.seoulit.common.aop.LoggerAspect - Controller  : kr.co.seoulit.reception.controller.MenuController.getMenus()종료
2026-02-14 15:15:55.161 INFO  k.co.seoulit.common.aop.LoggerAspect - Controller  : kr.co.seoulit.reception.controller.MenuController.getMenus()시작
2026-02-14 15:15:55.162 INFO  k.co.seoulit.common.aop.LoggerAspect - Controller  : kr.co.seoulit.reception.controller.MenuController.getMenus()종료
2026-02-14 15:15:55.228 INFO  k.co.seoulit.common.aop.LoggerAspect - Controller  : kr.co.seoulit.reception.controller.PatientController.getPatients()시작
2026-02-14 15:15:55.247 DEBUG org.hibernate.SQL - select pe1_0.patient_id,pe1_0.patient_name from patient pe1_0
2026-02-14 15:15:55.296 INFO  k.co.seoulit.common.aop.LoggerAspect - Controller  : kr.co.seoulit.reception.controller.PatientController.getPatients()종료
2026-02-14 15:15:55.321 INFO  k.co.seoulit.common.aop.LoggerAspect - Controller  : kr.co.seoulit.reception.controller.PatientController.getPatients()시작
2026-02-14 15:15:55.324 DEBUG org.hibernate.SQL - select pe1_0.patient_id,pe1_0.patient_name from patient pe1_0
2026-02-14 15:15:55.349 INFO  k.co.seoulit.common.aop.LoggerAspect - Controller  : kr.co.seoulit.reception.controller.PatientController.getPatients()종료
2026-02-14 15:16:05.579 INFO  k.co.seoulit.common.aop.LoggerAspect - Controller  : kr.co.seoulit.reception.controller.MenuController.getMenus()시작
2026-02-14 15:16:05.580 INFO  k.co.seoulit.common.aop.LoggerAspect - Controller  : kr.co.seoulit.reception.controller.MenuController.getMenus()종료
2026-02-14 15:16:05.591 INFO  k.co.seoulit.common.aop.LoggerAspect - Controller  : kr.co.seoulit.reception.controller.MenuController.getMenus()시작
2026-02-14 15:16:05.592 INFO  k.co.seoulit.common.aop.LoggerAspect - Controller  : kr.co.seoulit.reception.controller.MenuController.getMenus()종료
2026-02-14 15:16:40.559 INFO  k.co.seoulit.common.aop.LoggerAspect - Controller  : kr.co.seoulit.reception.controller.MenuController.getMenus()시작
2026-02-14 15:16:40.570 INFO  k.co.seoulit.common.aop.LoggerAspect - Controller  : kr.co.seoulit.reception.controller.MenuController.getMenus()종료
2026-02-14 15:16:40.598 INFO  k.co.seoulit.common.aop.LoggerAspect - Controller  : kr.co.seoulit.reception.controller.PatientController.getPatients()시작
2026-02-14 15:16:40.606 INFO  k.co.seoulit.common.aop.LoggerAspect - Controller  : kr.co.seoulit.reception.controller.MenuController.getMenus()시작
2026-02-14 15:16:40.607 INFO  k.co.seoulit.common.aop.LoggerAspect - Controller  : kr.co.seoulit.reception.controller.MenuController.getMenus()종료
2026-02-14 15:16:40.628 DEBUG org.hibernate.SQL - select pe1_0.patient_id,pe1_0.patient_name from patient pe1_0
2026-02-14 15:16:40.677 INFO  k.co.seoulit.common.aop.LoggerAspect - Controller  : kr.co.seoulit.reception.controller.PatientController.getPatients()종료
2026-02-14 15:16:40.711 INFO  k.co.seoulit.common.aop.LoggerAspect - Controller  : kr.co.seoulit.reception.controller.PatientController.getPatients()시작
2026-02-14 15:16:40.713 DEBUG org.hibernate.SQL - select pe1_0.patient_id,pe1_0.patient_name from patient pe1_0
2026-02-14 15:16:40.740 INFO  k.co.seoulit.common.aop.LoggerAspect - Controller  : kr.co.seoulit.reception.controller.PatientController.getPatients()종료
2026-02-14 15:16:58.146 INFO  k.co.seoulit.common.aop.LoggerAspect - Controller  : kr.co.seoulit.reception.controller.MenuController.getMenus()시작
2026-02-14 15:16:58.148 INFO  k.co.seoulit.common.aop.LoggerAspect - Controller  : kr.co.seoulit.reception.controller.MenuController.getMenus()종료
2026-02-14 15:16:58.160 INFO  k.co.seoulit.common.aop.LoggerAspect - Controller  : kr.co.seoulit.reception.controller.PatientController.getPatients()시작
2026-02-14 15:16:58.172 INFO  k.co.seoulit.common.aop.LoggerAspect - Controller  : kr.co.seoulit.reception.controller.MenuController.getMenus()시작
2026-02-14 15:16:58.174 INFO  k.co.seoulit.common.aop.LoggerAspect - Controller  : kr.co.seoulit.reception.controller.MenuController.getMenus()종료
2026-02-14 15:16:58.175 DEBUG org.hibernate.SQL - select pe1_0.patient_id,pe1_0.patient_name from patient pe1_0
2026-02-14 15:16:58.208 INFO  k.co.seoulit.common.aop.LoggerAspect - Controller  : kr.co.seoulit.reception.controller.PatientController.getPatients()종료
2026-02-14 15:16:58.229 INFO  k.co.seoulit.common.aop.LoggerAspect - Controller  : kr.co.seoulit.reception.controller.PatientController.getPatients()시작
2026-02-14 15:16:58.235 DEBUG org.hibernate.SQL - select pe1_0.patient_id,pe1_0.patient_name from patient pe1_0
2026-02-14 15:16:58.261 INFO  k.co.seoulit.common.aop.LoggerAspect - Controller  : kr.co.seoulit.reception.controller.PatientController.getPatients()종료
2026-02-14 15:17:06.787 INFO  k.co.seoulit.common.aop.LoggerAspect - Controller  : kr.co.seoulit.reception.controller.MenuController.getMenus()시작
2026-02-14 15:17:06.788 INFO  k.co.seoulit.common.aop.LoggerAspect - Controller  : kr.co.seoulit.reception.controller.MenuController.getMenus()종료
2026-02-14 15:17:06.801 INFO  k.co.seoulit.common.aop.LoggerAspect - Controller  : kr.co.seoulit.reception.controller.MenuController.getMenus()시작
2026-02-14 15:17:06.804 INFO  k.co.seoulit.common.aop.LoggerAspect - Controller  : kr.co.seoulit.reception.controller.MenuController.getMenus()종료
2026-02-14 15:17:06.806 INFO  k.co.seoulit.common.aop.LoggerAspect - Controller  : kr.co.seoulit.reception.controller.PatientController.getPatients()시작
2026-02-14 15:17:06.855 DEBUG org.hibernate.SQL - select pe1_0.patient_id,pe1_0.patient_name from patient pe1_0
2026-02-14 15:17:06.886 INFO  k.co.seoulit.common.aop.LoggerAspect - Controller  : kr.co.seoulit.reception.controller.PatientController.getPatients()종료
2026-02-14 15:17:06.911 INFO  k.co.seoulit.common.aop.LoggerAspect - Controller  : kr.co.seoulit.reception.controller.PatientController.getPatients()시작
2026-02-14 15:17:06.914 DEBUG org.hibernate.SQL - select pe1_0.patient_id,pe1_0.patient_name from patient pe1_0
2026-02-14 15:17:06.934 INFO  k.co.seoulit.common.aop.LoggerAspect - Controller  : kr.co.seoulit.reception.controller.PatientController.getPatients()종료
2026-02-14 15:17:34.233 INFO  k.co.seoulit.common.aop.LoggerAspect - Controller  : kr.co.seoulit.reception.controller.MenuController.getMenus()시작
2026-02-14 15:17:34.235 INFO  k.co.seoulit.common.aop.LoggerAspect - Controller  : kr.co.seoulit.reception.controller.MenuController.getMenus()종료
2026-02-14 15:17:34.252 INFO  k.co.seoulit.common.aop.LoggerAspect - Controller  : kr.co.seoulit.reception.controller.MenuController.getMenus()시작
2026-02-14 15:17:34.254 INFO  k.co.seoulit.common.aop.LoggerAspect - Controller  : kr.co.seoulit.reception.controller.MenuController.getMenus()종료
2026-02-14 15:17:34.267 INFO  k.co.seoulit.common.aop.LoggerAspect - Controller  : kr.co.seoulit.reception.controller.PatientController.getPatients()시작
2026-02-14 15:17:34.279 DEBUG org.hibernate.SQL - select pe1_0.patient_id,pe1_0.patient_name from patient pe1_0
2026-02-14 15:17:34.309 INFO  k.co.seoulit.common.aop.LoggerAspect - Controller  : kr.co.seoulit.reception.controller.PatientController.getPatients()종료
2026-02-14 15:17:34.328 INFO  k.co.seoulit.common.aop.LoggerAspect - Controller  : kr.co.seoulit.reception.controller.PatientController.getPatients()시작
2026-02-14 15:17:34.330 DEBUG org.hibernate.SQL - select pe1_0.patient_id,pe1_0.patient_name from patient pe1_0
2026-02-14 15:17:34.349 INFO  k.co.seoulit.common.aop.LoggerAspect - Controller  : kr.co.seoulit.reception.controller.PatientController.getPatients()종료
2026-02-14 15:21:03.975 INFO  k.co.seoulit.common.aop.LoggerAspect - Controller  : kr.co.seoulit.reception.controller.MenuController.getMenus()시작
2026-02-14 15:21:03.975 INFO  k.co.seoulit.common.aop.LoggerAspect - Controller  : kr.co.seoulit.reception.controller.MenuController.getMenus()종료
2026-02-14 15:21:03.990 INFO  k.co.seoulit.common.aop.LoggerAspect - Controller  : kr.co.seoulit.reception.controller.PatientController.getPatients()시작
2026-02-14 15:21:04.006 DEBUG org.hibernate.SQL - select pe1_0.patient_id,pe1_0.patient_name from patient pe1_0
2026-02-14 15:21:04.036 INFO  k.co.seoulit.common.aop.LoggerAspect - Controller  : kr.co.seoulit.reception.controller.PatientController.getPatients()종료
2026-02-14 15:21:07.212 INFO  k.co.seoulit.common.aop.LoggerAspect - Controller  : kr.co.seoulit.reception.controller.MenuController.getMenus()시작
2026-02-14 15:21:07.213 INFO  k.co.seoulit.common.aop.LoggerAspect - Controller  : kr.co.seoulit.reception.controller.MenuController.getMenus()종료
2026-02-14 15:21:07.222 INFO  k.co.seoulit.common.aop.LoggerAspect - Controller  : kr.co.seoulit.reception.controller.MenuController.getMenus()시작
2026-02-14 15:21:07.223 INFO  k.co.seoulit.common.aop.LoggerAspect - Controller  : kr.co.seoulit.reception.controller.MenuController.getMenus()종료
2026-02-14 15:21:07.238 INFO  k.co.seoulit.common.aop.LoggerAspect - Controller  : kr.co.seoulit.reception.controller.PatientController.getPatients()시작
2026-02-14 15:21:07.268 DEBUG org.hibernate.SQL - select pe1_0.patient_id,pe1_0.patient_name from patient pe1_0
2026-02-14 15:21:07.295 INFO  k.co.seoulit.common.aop.LoggerAspect - Controller  : kr.co.seoulit.reception.controller.PatientController.getPatients()종료
2026-02-14 15:21:07.344 INFO  k.co.seoulit.common.aop.LoggerAspect - Controller  : kr.co.seoulit.reception.controller.PatientController.getPatients()시작
2026-02-14 15:21:07.347 DEBUG org.hibernate.SQL - select pe1_0.patient_id,pe1_0.patient_name from patient pe1_0
2026-02-14 15:21:07.379 INFO  k.co.seoulit.common.aop.LoggerAspect - Controller  : kr.co.seoulit.reception.controller.PatientController.getPatients()종료
2026-02-14 15:21:23.181 INFO  k.co.seoulit.common.aop.LoggerAspect - Controller  : kr.co.seoulit.reception.controller.MenuController.getMenus()시작
2026-02-14 15:21:23.183 INFO  k.co.seoulit.common.aop.LoggerAspect - Controller  : kr.co.seoulit.reception.controller.MenuController.getMenus()종료
2026-02-14 15:21:23.198 INFO  k.co.seoulit.common.aop.LoggerAspect - Controller  : kr.co.seoulit.reception.controller.PatientController.getPatients()시작
2026-02-14 15:21:23.199 INFO  k.co.seoulit.common.aop.LoggerAspect - Controller  : kr.co.seoulit.reception.controller.MenuController.getMenus()시작
2026-02-14 15:21:23.199 INFO  k.co.seoulit.common.aop.LoggerAspect - Controller  : kr.co.seoulit.reception.controller.MenuController.getMenus()종료
2026-02-14 15:21:23.222 DEBUG org.hibernate.SQL - select pe1_0.patient_id,pe1_0.patient_name from patient pe1_0
2026-02-14 15:21:23.251 INFO  k.co.seoulit.common.aop.LoggerAspect - Controller  : kr.co.seoulit.reception.controller.PatientController.getPatients()종료
2026-02-14 15:21:23.273 INFO  k.co.seoulit.common.aop.LoggerAspect - Controller  : kr.co.seoulit.reception.controller.PatientController.getPatients()시작
2026-02-14 15:21:23.278 DEBUG org.hibernate.SQL - select pe1_0.patient_id,pe1_0.patient_name from patient pe1_0
2026-02-14 15:21:23.298 INFO  k.co.seoulit.common.aop.LoggerAspect - Controller  : kr.co.seoulit.reception.controller.PatientController.getPatients()종료
2026-02-14 15:21:38.158 INFO  k.co.seoulit.common.aop.LoggerAspect - Controller  : kr.co.seoulit.reception.controller.MenuController.getMenus()시작
2026-02-14 15:21:38.160 INFO  k.co.seoulit.common.aop.LoggerAspect - Controller  : kr.co.seoulit.reception.controller.MenuController.getMenus()종료
2026-02-14 15:21:38.168 INFO  k.co.seoulit.common.aop.LoggerAspect - Controller  : kr.co.seoulit.reception.controller.PatientController.getPatients()시작
2026-02-14 15:21:38.180 INFO  k.co.seoulit.common.aop.LoggerAspect - Controller  : kr.co.seoulit.reception.controller.MenuController.getMenus()시작
2026-02-14 15:21:38.182 INFO  k.co.seoulit.common.aop.LoggerAspect - Controller  : kr.co.seoulit.reception.controller.MenuController.getMenus()종료
2026-02-14 15:21:38.191 DEBUG org.hibernate.SQL - select pe1_0.patient_id,pe1_0.patient_name from patient pe1_0
2026-02-14 15:21:38.231 INFO  k.co.seoulit.common.aop.LoggerAspect - Controller  : kr.co.seoulit.reception.controller.PatientController.getPatients()종료
2026-02-14 15:21:38.260 INFO  k.co.seoulit.common.aop.LoggerAspect - Controller  : kr.co.seoulit.reception.controller.PatientController.getPatients()시작
2026-02-14 15:21:38.262 DEBUG org.hibernate.SQL - select pe1_0.patient_id,pe1_0.patient_name from patient pe1_0
2026-02-14 15:21:38.289 INFO  k.co.seoulit.common.aop.LoggerAspect - Controller  : kr.co.seoulit.reception.controller.PatientController.getPatients()종료
2026-02-14 16:27:01.778 INFO  o.h.validator.internal.util.Version - HV000001: Hibernate Validator 8.0.1.Final
2026-02-14 16:27:01.845 INFO  kr.co.seoulit.ReceptionApplication - Starting ReceptionApplication using Java 17.0.12 with PID 126572 (D:\서울IT교육센터\dev\teamwork\project\backend\hospital_reception_backend\reception_back\build\classes\java\main started by USER in D:\서울IT교육센터\dev\teamwork\project\backend\hospital_reception_backend\reception_back)
2026-02-14 16:27:01.846 INFO  kr.co.seoulit.ReceptionApplication - No active profile set, falling back to 1 default profile: "default"
2026-02-14 16:27:03.341 INFO  o.s.d.r.c.RepositoryConfigurationDelegate - Multiple Spring Data modules found, entering strict repository configuration mode
2026-02-14 16:27:03.344 INFO  o.s.d.r.c.RepositoryConfigurationDelegate - Bootstrapping Spring Data JPA repositories in DEFAULT mode.
2026-02-14 16:27:03.701 INFO  o.s.d.r.c.RepositoryConfigurationDelegate - Finished Spring Data repository scanning in 341 ms. Found 11 JPA repository interfaces.
2026-02-14 16:27:03.724 INFO  o.s.d.r.c.RepositoryConfigurationDelegate - Multiple Spring Data modules found, entering strict repository configuration mode
2026-02-14 16:27:03.726 INFO  o.s.d.r.c.RepositoryConfigurationDelegate - Bootstrapping Spring Data Redis repositories in DEFAULT mode.
2026-02-14 16:27:03.752 INFO  o.s.d.r.c.RepositoryConfigurationExtensionSupport - Spring Data Redis - Could not safely identify store assignment for repository candidate interface kr.co.seoulit.common.audit.AuditLogRepository; If you want this repository to be a Redis repository, consider annotating your entities with one of these annotations: org.springframework.data.redis.core.RedisHash (preferred), or consider extending one of the following types with your repository: org.springframework.data.keyvalue.repository.KeyValueRepository
2026-02-14 16:27:03.753 INFO  o.s.d.r.c.RepositoryConfigurationExtensionSupport - Spring Data Redis - Could not safely identify store assignment for repository candidate interface kr.co.seoulit.reception.repository.DepartmentRepository; If you want this repository to be a Redis repository, consider annotating your entities with one of these annotations: org.springframework.data.redis.core.RedisHash (preferred), or consider extending one of the following types with your repository: org.springframework.data.keyvalue.repository.KeyValueRepository
2026-02-14 16:27:03.754 INFO  o.s.d.r.c.RepositoryConfigurationExtensionSupport - Spring Data Redis - Could not safely identify store assignment for repository candidate interface kr.co.seoulit.reception.repository.DoctorRepository; If you want this repository to be a Redis repository, consider annotating your entities with one of these annotations: org.springframework.data.redis.core.RedisHash (preferred), or consider extending one of the following types with your repository: org.springframework.data.keyvalue.repository.KeyValueRepository
2026-02-14 16:27:03.754 INFO  o.s.d.r.c.RepositoryConfigurationExtensionSupport - Spring Data Redis - Could not safely identify store assignment for repository candidate interface kr.co.seoulit.reception.repository.PatientRepository; If you want this repository to be a Redis repository, consider annotating your entities with one of these annotations: org.springframework.data.redis.core.RedisHash (preferred), or consider extending one of the following types with your repository: org.springframework.data.keyvalue.repository.KeyValueRepository
2026-02-14 16:27:03.755 INFO  o.s.d.r.c.RepositoryConfigurationExtensionSupport - Spring Data Redis - Could not safely identify store assignment for repository candidate interface kr.co.seoulit.reception.repository.ReceptionChecklistItemRepository; If you want this repository to be a Redis repository, consider annotating your entities with one of these annotations: org.springframework.data.redis.core.RedisHash (preferred), or consider extending one of the following types with your repository: org.springframework.data.keyvalue.repository.KeyValueRepository
2026-02-14 16:27:03.755 INFO  o.s.d.r.c.RepositoryConfigurationExtensionSupport - Spring Data Redis - Could not safely identify store assignment for repository candidate interface kr.co.seoulit.reception.repository.ReceptionEmergencyRepository; If you want this repository to be a Redis repository, consider annotating your entities with one of these annotations: org.springframework.data.redis.core.RedisHash (preferred), or consider extending one of the following types with your repository: org.springframework.data.keyvalue.repository.KeyValueRepository
2026-02-14 16:27:03.756 INFO  o.s.d.r.c.RepositoryConfigurationExtensionSupport - Spring Data Redis - Could not safely identify store assignment for repository candidate interface kr.co.seoulit.reception.repository.ReceptionInpatientRepository; If you want this repository to be a Redis repository, consider annotating your entities with one of these annotations: org.springframework.data.redis.core.RedisHash (preferred), or consider extending one of the following types with your repository: org.springframework.data.keyvalue.repository.KeyValueRepository
2026-02-14 16:27:03.757 INFO  o.s.d.r.c.RepositoryConfigurationExtensionSupport - Spring Data Redis - Could not safely identify store assignment for repository candidate interface kr.co.seoulit.reception.repository.ReceptionRepository; If you want this repository to be a Redis repository, consider annotating your entities with one of these annotations: org.springframework.data.redis.core.RedisHash (preferred), or consider extending one of the following types with your repository: org.springframework.data.keyvalue.repository.KeyValueRepository
2026-02-14 16:27:03.758 INFO  o.s.d.r.c.RepositoryConfigurationExtensionSupport - Spring Data Redis - Could not safely identify store assignment for repository candidate interface kr.co.seoulit.reception.repository.ReceptionStatusHistoryRepository; If you want this repository to be a Redis repository, consider annotating your entities with one of these annotations: org.springframework.data.redis.core.RedisHash (preferred), or consider extending one of the following types with your repository: org.springframework.data.keyvalue.repository.KeyValueRepository
2026-02-14 16:27:03.758 INFO  o.s.d.r.c.RepositoryConfigurationExtensionSupport - Spring Data Redis - Could not safely identify store assignment for repository candidate interface kr.co.seoulit.reception.repository.ReceptionTodayScheduleRepository; If you want this repository to be a Redis repository, consider annotating your entities with one of these annotations: org.springframework.data.redis.core.RedisHash (preferred), or consider extending one of the following types with your repository: org.springframework.data.keyvalue.repository.KeyValueRepository
2026-02-14 16:27:03.759 INFO  o.s.d.r.c.RepositoryConfigurationExtensionSupport - Spring Data Redis - Could not safely identify store assignment for repository candidate interface kr.co.seoulit.reception.repository.ReservationRepository; If you want this repository to be a Redis repository, consider annotating your entities with one of these annotations: org.springframework.data.redis.core.RedisHash (preferred), or consider extending one of the following types with your repository: org.springframework.data.keyvalue.repository.KeyValueRepository
2026-02-14 16:27:03.759 INFO  o.s.d.r.c.RepositoryConfigurationDelegate - Finished Spring Data repository scanning in 21 ms. Found 0 Redis repository interfaces.
2026-02-14 16:27:05.566 INFO  o.s.b.w.e.tomcat.TomcatWebServer - Tomcat initialized with port 8283 (http)
2026-02-14 16:27:05.582 INFO  o.a.coyote.http11.Http11NioProtocol - Initializing ProtocolHandler ["http-nio-8283"]
2026-02-14 16:27:05.585 INFO  o.a.catalina.core.StandardService - Starting service [Tomcat]
2026-02-14 16:27:05.586 INFO  o.a.catalina.core.StandardEngine - Starting Servlet engine: [Apache Tomcat/10.1.26]
2026-02-14 16:27:05.765 INFO  o.a.c.c.C.[Tomcat].[localhost].[/] - Initializing Spring embedded WebApplicationContext
2026-02-14 16:27:05.766 INFO  o.s.b.w.s.c.ServletWebServerApplicationContext - Root WebApplicationContext: initialization completed in 3853 ms
2026-02-14 16:27:06.101 INFO  o.h.jpa.internal.util.LogHelper - HHH000204: Processing PersistenceUnitInfo [name: default]
2026-02-14 16:27:06.181 INFO  org.hibernate.Version - HHH000412: Hibernate ORM core version 6.5.2.Final
2026-02-14 16:27:06.229 INFO  o.h.c.i.RegionFactoryInitiator - HHH000026: Second-level cache disabled
2026-02-14 16:27:06.675 INFO  o.s.o.j.p.SpringPersistenceUnitInfo - No LoadTimeWeaver setup: ignoring JPA class transformer
2026-02-14 16:27:06.717 INFO  com.zaxxer.hikari.HikariDataSource - HikariPool-1 - Starting...
2026-02-14 16:27:07.192 INFO  com.zaxxer.hikari.pool.HikariPool - HikariPool-1 - Added connection oracle.jdbc.driver.T4CConnection@7dd7ec56
2026-02-14 16:27:07.196 INFO  com.zaxxer.hikari.HikariDataSource - HikariPool-1 - Start completed.
2026-02-14 16:27:07.234 WARN  org.hibernate.orm.deprecation - HHH90000026: Oracle10gDialect has been deprecated; use org.hibernate.community.dialect.OracleLegacyDialect instead
2026-02-14 16:27:09.099 INFO  o.h.e.t.j.p.i.JtaPlatformInitiator - HHH000489: No JTA platform available (set 'hibernate.transaction.jta.platform' to enable JTA platform integration)
2026-02-14 16:27:09.103 INFO  o.s.o.j.LocalContainerEntityManagerFactoryBean - Initialized JPA EntityManagerFactory for persistence unit 'default'
2026-02-14 16:27:11.274 WARN  o.s.b.a.o.j.JpaBaseConfiguration$JpaWebConfiguration - spring.jpa.open-in-view is enabled by default. Therefore, database queries may be performed during view rendering. Explicitly configure spring.jpa.open-in-view to disable this warning
2026-02-14 16:27:11.322 INFO  o.s.b.a.w.s.WelcomePageHandlerMapping - Adding welcome page: class path resource [static/index.html]
2026-02-14 16:27:12.406 INFO  o.a.coyote.http11.Http11NioProtocol - Starting ProtocolHandler ["http-nio-8283"]
2026-02-14 16:27:12.416 WARN  o.s.b.w.s.c.AnnotationConfigServletWebServerApplicationContext - Exception encountered during context initialization - cancelling refresh attempt: org.springframework.context.ApplicationContextException: Failed to start bean 'webServerStartStop'
2026-02-14 16:27:12.427 INFO  o.s.o.j.LocalContainerEntityManagerFactoryBean - Closing JPA EntityManagerFactory for persistence unit 'default'
2026-02-14 16:27:12.430 INFO  com.zaxxer.hikari.HikariDataSource - HikariPool-1 - Shutdown initiated...
2026-02-14 16:27:12.492 INFO  com.zaxxer.hikari.HikariDataSource - HikariPool-1 - Shutdown completed.
2026-02-14 16:27:12.507 INFO  o.s.b.a.l.ConditionEvaluationReportLogger - 

Error starting ApplicationContext. To display the condition evaluation report re-run your application with 'debug' enabled.
2026-02-14 16:27:12.527 ERROR o.s.b.d.LoggingFailureAnalysisReporter - 

***************************
APPLICATION FAILED TO START
***************************

Description:

Web server failed to start. Port 8283 was already in use.

Action:

Identify and stop the process that's listening on port 8283 or configure this application to listen on another port.

2026-02-14 16:27:24.300 INFO  k.co.seoulit.common.aop.LoggerAspect - Controller  : kr.co.seoulit.reception.controller.EmergencyReceptionController.getEmergencyReceptions()시작
2026-02-14 16:27:24.302 INFO  k.c.s.r.c.EmergencyReceptionController - 응급 접수 목록 요청: searchType=null, searchValue=null
2026-02-14 16:27:24.312 INFO  k.co.seoulit.common.aop.LoggerAspect - ServiceImpl  : kr.co.seoulit.reception.service.EmergencyReceptionServiceImpl.getEmergencyReceptionList()시작
2026-02-14 16:27:24.558 INFO  k.co.seoulit.common.aop.LoggerAspect - ServiceImpl  : kr.co.seoulit.reception.service.EmergencyReceptionServiceImpl.getEmergencyReceptionList()종료
2026-02-14 16:27:24.569 INFO  k.co.seoulit.common.aop.LoggerAspect - Controller  : kr.co.seoulit.reception.controller.EmergencyReceptionController.getEmergencyReceptions()종료
2026-02-14 16:28:45.874 INFO  o.h.validator.internal.util.Version - HV000001: Hibernate Validator 8.0.1.Final
2026-02-14 16:28:45.958 INFO  kr.co.seoulit.ReceptionApplication - Starting ReceptionApplication using Java 17.0.12 with PID 126200 (D:\서울IT교육센터\dev\teamwork\project\backend\hospital_reception_backend\reception_back\build\classes\java\main started by USER in D:\서울IT교육센터\dev\teamwork\project\backend\hospital_reception_backend\reception_back)
2026-02-14 16:28:45.959 INFO  kr.co.seoulit.ReceptionApplication - No active profile set, falling back to 1 default profile: "default"
2026-02-14 16:28:47.653 INFO  o.s.d.r.c.RepositoryConfigurationDelegate - Multiple Spring Data modules found, entering strict repository configuration mode
2026-02-14 16:28:47.657 INFO  o.s.d.r.c.RepositoryConfigurationDelegate - Bootstrapping Spring Data JPA repositories in DEFAULT mode.
2026-02-14 16:28:48.025 INFO  o.s.d.r.c.RepositoryConfigurationDelegate - Finished Spring Data repository scanning in 352 ms. Found 11 JPA repository interfaces.
2026-02-14 16:28:48.057 INFO  o.s.d.r.c.RepositoryConfigurationDelegate - Multiple Spring Data modules found, entering strict repository configuration mode
2026-02-14 16:28:48.060 INFO  o.s.d.r.c.RepositoryConfigurationDelegate - Bootstrapping Spring Data Redis repositories in DEFAULT mode.
2026-02-14 16:28:48.135 INFO  o.s.d.r.c.RepositoryConfigurationExtensionSupport - Spring Data Redis - Could not safely identify store assignment for repository candidate interface kr.co.seoulit.common.audit.AuditLogRepository; If you want this repository to be a Redis repository, consider annotating your entities with one of these annotations: org.springframework.data.redis.core.RedisHash (preferred), or consider extending one of the following types with your repository: org.springframework.data.keyvalue.repository.KeyValueRepository
2026-02-14 16:28:48.136 INFO  o.s.d.r.c.RepositoryConfigurationExtensionSupport - Spring Data Redis - Could not safely identify store assignment for repository candidate interface kr.co.seoulit.reception.repository.DepartmentRepository; If you want this repository to be a Redis repository, consider annotating your entities with one of these annotations: org.springframework.data.redis.core.RedisHash (preferred), or consider extending one of the following types with your repository: org.springframework.data.keyvalue.repository.KeyValueRepository
2026-02-14 16:28:48.137 INFO  o.s.d.r.c.RepositoryConfigurationExtensionSupport - Spring Data Redis - Could not safely identify store assignment for repository candidate interface kr.co.seoulit.reception.repository.DoctorRepository; If you want this repository to be a Redis repository, consider annotating your entities with one of these annotations: org.springframework.data.redis.core.RedisHash (preferred), or consider extending one of the following types with your repository: org.springframework.data.keyvalue.repository.KeyValueRepository
2026-02-14 16:28:48.137 INFO  o.s.d.r.c.RepositoryConfigurationExtensionSupport - Spring Data Redis - Could not safely identify store assignment for repository candidate interface kr.co.seoulit.reception.repository.PatientRepository; If you want this repository to be a Redis repository, consider annotating your entities with one of these annotations: org.springframework.data.redis.core.RedisHash (preferred), or consider extending one of the following types with your repository: org.springframework.data.keyvalue.repository.KeyValueRepository
2026-02-14 16:28:48.138 INFO  o.s.d.r.c.RepositoryConfigurationExtensionSupport - Spring Data Redis - Could not safely identify store assignment for repository candidate interface kr.co.seoulit.reception.repository.ReceptionChecklistItemRepository; If you want this repository to be a Redis repository, consider annotating your entities with one of these annotations: org.springframework.data.redis.core.RedisHash (preferred), or consider extending one of the following types with your repository: org.springframework.data.keyvalue.repository.KeyValueRepository
2026-02-14 16:28:48.139 INFO  o.s.d.r.c.RepositoryConfigurationExtensionSupport - Spring Data Redis - Could not safely identify store assignment for repository candidate interface kr.co.seoulit.reception.repository.ReceptionEmergencyRepository; If you want this repository to be a Redis repository, consider annotating your entities with one of these annotations: org.springframework.data.redis.core.RedisHash (preferred), or consider extending one of the following types with your repository: org.springframework.data.keyvalue.repository.KeyValueRepository
2026-02-14 16:28:48.139 INFO  o.s.d.r.c.RepositoryConfigurationExtensionSupport - Spring Data Redis - Could not safely identify store assignment for repository candidate interface kr.co.seoulit.reception.repository.ReceptionInpatientRepository; If you want this repository to be a Redis repository, consider annotating your entities with one of these annotations: org.springframework.data.redis.core.RedisHash (preferred), or consider extending one of the following types with your repository: org.springframework.data.keyvalue.repository.KeyValueRepository
2026-02-14 16:28:48.141 INFO  o.s.d.r.c.RepositoryConfigurationExtensionSupport - Spring Data Redis - Could not safely identify store assignment for repository candidate interface kr.co.seoulit.reception.repository.ReceptionRepository; If you want this repository to be a Redis repository, consider annotating your entities with one of these annotations: org.springframework.data.redis.core.RedisHash (preferred), or consider extending one of the following types with your repository: org.springframework.data.keyvalue.repository.KeyValueRepository
2026-02-14 16:28:48.142 INFO  o.s.d.r.c.RepositoryConfigurationExtensionSupport - Spring Data Redis - Could not safely identify store assignment for repository candidate interface kr.co.seoulit.reception.repository.ReceptionStatusHistoryRepository; If you want this repository to be a Redis repository, consider annotating your entities with one of these annotations: org.springframework.data.redis.core.RedisHash (preferred), or consider extending one of the following types with your repository: org.springframework.data.keyvalue.repository.KeyValueRepository
2026-02-14 16:28:48.143 INFO  o.s.d.r.c.RepositoryConfigurationExtensionSupport - Spring Data Redis - Could not safely identify store assignment for repository candidate interface kr.co.seoulit.reception.repository.ReceptionTodayScheduleRepository; If you want this repository to be a Redis repository, consider annotating your entities with one of these annotations: org.springframework.data.redis.core.RedisHash (preferred), or consider extending one of the following types with your repository: org.springframework.data.keyvalue.repository.KeyValueRepository
2026-02-14 16:28:48.145 INFO  o.s.d.r.c.RepositoryConfigurationExtensionSupport - Spring Data Redis - Could not safely identify store assignment for repository candidate interface kr.co.seoulit.reception.repository.ReservationRepository; If you want this repository to be a Redis repository, consider annotating your entities with one of these annotations: org.springframework.data.redis.core.RedisHash (preferred), or consider extending one of the following types with your repository: org.springframework.data.keyvalue.repository.KeyValueRepository
2026-02-14 16:28:48.146 INFO  o.s.d.r.c.RepositoryConfigurationDelegate - Finished Spring Data repository scanning in 59 ms. Found 0 Redis repository interfaces.
2026-02-14 16:42:49.744 INFO  o.h.validator.internal.util.Version - HV000001: Hibernate Validator 8.0.1.Final
2026-02-14 16:42:49.820 INFO  kr.co.seoulit.ReceptionApplication - Starting ReceptionApplication using Java 17.0.12 with PID 129784 (D:\서울IT교육센터\dev\teamwork\project\backend\hospital_reception_backend\reception_back\build\classes\java\main started by USER in D:\서울IT교육센터\dev\teamwork\project\backend\hospital_reception_backend\reception_back)
2026-02-14 16:42:49.822 INFO  kr.co.seoulit.ReceptionApplication - No active profile set, falling back to 1 default profile: "default"
2026-02-14 16:42:51.495 INFO  o.s.d.r.c.RepositoryConfigurationDelegate - Multiple Spring Data modules found, entering strict repository configuration mode
2026-02-14 16:42:51.498 INFO  o.s.d.r.c.RepositoryConfigurationDelegate - Bootstrapping Spring Data JPA repositories in DEFAULT mode.
2026-02-14 16:42:51.899 INFO  o.s.d.r.c.RepositoryConfigurationDelegate - Finished Spring Data repository scanning in 390 ms. Found 11 JPA repository interfaces.
2026-02-14 16:42:51.940 INFO  o.s.d.r.c.RepositoryConfigurationDelegate - Multiple Spring Data modules found, entering strict repository configuration mode
2026-02-14 16:42:51.957 INFO  o.s.d.r.c.RepositoryConfigurationDelegate - Bootstrapping Spring Data Redis repositories in DEFAULT mode.
2026-02-14 16:42:52.008 INFO  o.s.d.r.c.RepositoryConfigurationExtensionSupport - Spring Data Redis - Could not safely identify store assignment for repository candidate interface kr.co.seoulit.common.audit.AuditLogRepository; If you want this repository to be a Redis repository, consider annotating your entities with one of these annotations: org.springframework.data.redis.core.RedisHash (preferred), or consider extending one of the following types with your repository: org.springframework.data.keyvalue.repository.KeyValueRepository
2026-02-14 16:42:52.009 INFO  o.s.d.r.c.RepositoryConfigurationExtensionSupport - Spring Data Redis - Could not safely identify store assignment for repository candidate interface kr.co.seoulit.reception.repository.DepartmentRepository; If you want this repository to be a Redis repository, consider annotating your entities with one of these annotations: org.springframework.data.redis.core.RedisHash (preferred), or consider extending one of the following types with your repository: org.springframework.data.keyvalue.repository.KeyValueRepository
2026-02-14 16:42:52.011 INFO  o.s.d.r.c.RepositoryConfigurationExtensionSupport - Spring Data Redis - Could not safely identify store assignment for repository candidate interface kr.co.seoulit.reception.repository.DoctorRepository; If you want this repository to be a Redis repository, consider annotating your entities with one of these annotations: org.springframework.data.redis.core.RedisHash (preferred), or consider extending one of the following types with your repository: org.springframework.data.keyvalue.repository.KeyValueRepository
2026-02-14 16:42:52.014 INFO  o.s.d.r.c.RepositoryConfigurationExtensionSupport - Spring Data Redis - Could not safely identify store assignment for repository candidate interface kr.co.seoulit.reception.repository.PatientRepository; If you want this repository to be a Redis repository, consider annotating your entities with one of these annotations: org.springframework.data.redis.core.RedisHash (preferred), or consider extending one of the following types with your repository: org.springframework.data.keyvalue.repository.KeyValueRepository
2026-02-14 16:42:52.016 INFO  o.s.d.r.c.RepositoryConfigurationExtensionSupport - Spring Data Redis - Could not safely identify store assignment for repository candidate interface kr.co.seoulit.reception.repository.ReceptionChecklistItemRepository; If you want this repository to be a Redis repository, consider annotating your entities with one of these annotations: org.springframework.data.redis.core.RedisHash (preferred), or consider extending one of the following types with your repository: org.springframework.data.keyvalue.repository.KeyValueRepository
2026-02-14 16:42:52.017 INFO  o.s.d.r.c.RepositoryConfigurationExtensionSupport - Spring Data Redis - Could not safely identify store assignment for repository candidate interface kr.co.seoulit.reception.repository.ReceptionEmergencyRepository; If you want this repository to be a Redis repository, consider annotating your entities with one of these annotations: org.springframework.data.redis.core.RedisHash (preferred), or consider extending one of the following types with your repository: org.springframework.data.keyvalue.repository.KeyValueRepository
2026-02-14 16:42:52.018 INFO  o.s.d.r.c.RepositoryConfigurationExtensionSupport - Spring Data Redis - Could not safely identify store assignment for repository candidate interface kr.co.seoulit.reception.repository.ReceptionInpatientRepository; If you want this repository to be a Redis repository, consider annotating your entities with one of these annotations: org.springframework.data.redis.core.RedisHash (preferred), or consider extending one of the following types with your repository: org.springframework.data.keyvalue.repository.KeyValueRepository
2026-02-14 16:42:52.019 INFO  o.s.d.r.c.RepositoryConfigurationExtensionSupport - Spring Data Redis - Could not safely identify store assignment for repository candidate interface kr.co.seoulit.reception.repository.ReceptionRepository; If you want this repository to be a Redis repository, consider annotating your entities with one of these annotations: org.springframework.data.redis.core.RedisHash (preferred), or consider extending one of the following types with your repository: org.springframework.data.keyvalue.repository.KeyValueRepository
2026-02-14 16:42:52.020 INFO  o.s.d.r.c.RepositoryConfigurationExtensionSupport - Spring Data Redis - Could not safely identify store assignment for repository candidate interface kr.co.seoulit.reception.repository.ReceptionStatusHistoryRepository; If you want this repository to be a Redis repository, consider annotating your entities with one of these annotations: org.springframework.data.redis.core.RedisHash (preferred), or consider extending one of the following types with your repository: org.springframework.data.keyvalue.repository.KeyValueRepository
2026-02-14 16:42:52.021 INFO  o.s.d.r.c.RepositoryConfigurationExtensionSupport - Spring Data Redis - Could not safely identify store assignment for repository candidate interface kr.co.seoulit.reception.repository.ReceptionTodayScheduleRepository; If you want this repository to be a Redis repository, consider annotating your entities with one of these annotations: org.springframework.data.redis.core.RedisHash (preferred), or consider extending one of the following types with your repository: org.springframework.data.keyvalue.repository.KeyValueRepository
2026-02-14 16:42:52.022 INFO  o.s.d.r.c.RepositoryConfigurationExtensionSupport - Spring Data Redis - Could not safely identify store assignment for repository candidate interface kr.co.seoulit.reception.repository.ReservationRepository; If you want this repository to be a Redis repository, consider annotating your entities with one of these annotations: org.springframework.data.redis.core.RedisHash (preferred), or consider extending one of the following types with your repository: org.springframework.data.keyvalue.repository.KeyValueRepository
2026-02-14 16:42:52.022 INFO  o.s.d.r.c.RepositoryConfigurationDelegate - Finished Spring Data repository scanning in 42 ms. Found 0 Redis repository interfaces.
2026-02-14 16:42:54.365 INFO  o.s.b.w.e.tomcat.TomcatWebServer - Tomcat initialized with port 8283 (http)
2026-02-14 16:42:54.380 INFO  o.a.coyote.http11.Http11NioProtocol - Initializing ProtocolHandler ["http-nio-8283"]
2026-02-14 16:42:54.384 INFO  o.a.catalina.core.StandardService - Starting service [Tomcat]
2026-02-14 16:42:54.385 INFO  o.a.catalina.core.StandardEngine - Starting Servlet engine: [Apache Tomcat/10.1.26]
2026-02-14 16:42:54.595 INFO  o.a.c.c.C.[Tomcat].[localhost].[/] - Initializing Spring embedded WebApplicationContext
2026-02-14 16:42:54.596 INFO  o.s.b.w.s.c.ServletWebServerApplicationContext - Root WebApplicationContext: initialization completed in 4695 ms
2026-02-14 16:42:54.957 INFO  o.h.jpa.internal.util.LogHelper - HHH000204: Processing PersistenceUnitInfo [name: default]
2026-02-14 16:42:55.042 INFO  org.hibernate.Version - HHH000412: Hibernate ORM core version 6.5.2.Final
2026-02-14 16:42:55.107 INFO  o.h.c.i.RegionFactoryInitiator - HHH000026: Second-level cache disabled
2026-02-14 16:42:55.629 INFO  o.s.o.j.p.SpringPersistenceUnitInfo - No LoadTimeWeaver setup: ignoring JPA class transformer
2026-02-14 16:42:55.676 INFO  com.zaxxer.hikari.HikariDataSource - HikariPool-1 - Starting...
2026-02-14 16:42:56.113 INFO  com.zaxxer.hikari.pool.HikariPool - HikariPool-1 - Added connection oracle.jdbc.driver.T4CConnection@3dd591b9
2026-02-14 16:42:56.118 INFO  com.zaxxer.hikari.HikariDataSource - HikariPool-1 - Start completed.
2026-02-14 16:42:56.154 WARN  org.hibernate.orm.deprecation - HHH90000026: Oracle10gDialect has been deprecated; use org.hibernate.community.dialect.OracleLegacyDialect instead
2026-02-14 16:42:58.689 INFO  o.h.e.t.j.p.i.JtaPlatformInitiator - HHH000489: No JTA platform available (set 'hibernate.transaction.jta.platform' to enable JTA platform integration)
2026-02-14 16:42:58.698 INFO  o.s.o.j.LocalContainerEntityManagerFactoryBean - Initialized JPA EntityManagerFactory for persistence unit 'default'
2026-02-14 16:43:01.093 WARN  o.s.b.a.o.j.JpaBaseConfiguration$JpaWebConfiguration - spring.jpa.open-in-view is enabled by default. Therefore, database queries may be performed during view rendering. Explicitly configure spring.jpa.open-in-view to disable this warning
2026-02-14 16:43:01.154 INFO  o.s.b.a.w.s.WelcomePageHandlerMapping - Adding welcome page: class path resource [static/index.html]
2026-02-14 16:43:02.354 INFO  o.a.coyote.http11.Http11NioProtocol - Starting ProtocolHandler ["http-nio-8283"]
2026-02-14 16:43:02.393 INFO  o.s.b.w.e.tomcat.TomcatWebServer - Tomcat started on port 8283 (http) with context path '/'
2026-02-14 16:43:02.410 INFO  kr.co.seoulit.ReceptionApplication - Started ReceptionApplication in 13.307 seconds (process running for 14.215)
2026-02-14 16:43:54.544 INFO  o.a.c.c.C.[Tomcat].[localhost].[/] - Initializing Spring DispatcherServlet 'dispatcherServlet'
2026-02-14 16:43:54.544 INFO  o.s.web.servlet.DispatcherServlet - Initializing Servlet 'dispatcherServlet'
2026-02-14 16:43:54.546 INFO  o.s.web.servlet.DispatcherServlet - Completed initialization in 2 ms
2026-02-14 16:43:54.612 INFO  k.co.seoulit.common.aop.LoggerAspect - Controller  : kr.co.seoulit.reception.controller.EmergencyReceptionController.getEmergencyReceptions()시작
2026-02-14 16:43:54.612 INFO  k.c.s.r.c.EmergencyReceptionController - 응급 접수 목록 요청: searchType=null, searchValue=null
2026-02-14 16:43:54.626 INFO  k.co.seoulit.common.aop.LoggerAspect - ServiceImpl  : kr.co.seoulit.reception.service.EmergencyReceptionServiceImpl.getEmergencyReceptionList()시작
2026-02-14 16:43:54.779 INFO  k.co.seoulit.common.aop.LoggerAspect - ServiceImpl  : kr.co.seoulit.reception.service.EmergencyReceptionServiceImpl.getEmergencyReceptionList()종료
2026-02-14 16:43:54.799 INFO  k.co.seoulit.common.aop.LoggerAspect - Controller  : kr.co.seoulit.reception.controller.EmergencyReceptionController.getEmergencyReceptions()종료
2026-02-14 16:43:54.959 INFO  k.co.seoulit.common.aop.LoggerAspect - Controller  : kr.co.seoulit.reception.controller.ReceptionController.getReceptions()시작
2026-02-14 16:43:54.959 INFO  k.c.s.r.c.ReceptionController - 접수 목록 요청: searchType=null, searchValue=null
2026-02-14 16:43:54.960 INFO  k.co.seoulit.common.aop.LoggerAspect - ServiceImpl  : kr.co.seoulit.reception.service.ReceptionServiceImpl.getReceptionList()시작
2026-02-14 16:43:54.985 INFO  k.co.seoulit.common.aop.LoggerAspect - ServiceImpl  : kr.co.seoulit.reception.service.ReceptionServiceImpl.getReceptionList()종료
2026-02-14 16:43:54.994 INFO  k.co.seoulit.common.aop.LoggerAspect - Controller  : kr.co.seoulit.reception.controller.ReceptionController.getReceptions()종료
2026-02-14 16:44:34.167 INFO  k.co.seoulit.common.aop.LoggerAspect - Controller  : kr.co.seoulit.reception.controller.EmergencyReceptionController.getEmergencyReceptions()시작
2026-02-14 16:44:34.167 INFO  k.c.s.r.c.EmergencyReceptionController - 응급 접수 목록 요청: searchType=null, searchValue=null
2026-02-14 16:44:34.176 INFO  k.co.seoulit.common.aop.LoggerAspect - ServiceImpl  : kr.co.seoulit.reception.service.EmergencyReceptionServiceImpl.getEmergencyReceptionList()시작
2026-02-14 16:44:34.194 INFO  k.co.seoulit.common.aop.LoggerAspect - ServiceImpl  : kr.co.seoulit.reception.service.EmergencyReceptionServiceImpl.getEmergencyReceptionList()종료
2026-02-14 16:44:34.201 INFO  k.co.seoulit.common.aop.LoggerAspect - Controller  : kr.co.seoulit.reception.controller.EmergencyReceptionController.getEmergencyReceptions()종료
2026-02-14 16:47:10.057 INFO  o.h.validator.internal.util.Version - HV000001: Hibernate Validator 8.0.1.Final
2026-02-14 16:47:10.132 INFO  kr.co.seoulit.ReceptionApplication - Starting ReceptionApplication using Java 17.0.12 with PID 132776 (D:\서울IT교육센터\dev\teamwork\project\backend\hospital_reception_backend\reception_back\build\classes\java\main started by USER in D:\서울IT교육센터\dev\teamwork\project\backend\hospital_reception_backend\reception_back)
2026-02-14 16:47:10.134 INFO  kr.co.seoulit.ReceptionApplication - No active profile set, falling back to 1 default profile: "default"
2026-02-14 16:47:11.646 INFO  o.s.d.r.c.RepositoryConfigurationDelegate - Multiple Spring Data modules found, entering strict repository configuration mode
2026-02-14 16:47:11.649 INFO  o.s.d.r.c.RepositoryConfigurationDelegate - Bootstrapping Spring Data JPA repositories in DEFAULT mode.
2026-02-14 16:47:11.967 INFO  o.s.d.r.c.RepositoryConfigurationDelegate - Finished Spring Data repository scanning in 303 ms. Found 11 JPA repository interfaces.
2026-02-14 16:47:11.987 INFO  o.s.d.r.c.RepositoryConfigurationDelegate - Multiple Spring Data modules found, entering strict repository configuration mode
2026-02-14 16:47:11.988 INFO  o.s.d.r.c.RepositoryConfigurationDelegate - Bootstrapping Spring Data Redis repositories in DEFAULT mode.
2026-02-14 16:47:12.013 INFO  o.s.d.r.c.RepositoryConfigurationExtensionSupport - Spring Data Redis - Could not safely identify store assignment for repository candidate interface kr.co.seoulit.common.audit.AuditLogRepository; If you want this repository to be a Redis repository, consider annotating your entities with one of these annotations: org.springframework.data.redis.core.RedisHash (preferred), or consider extending one of the following types with your repository: org.springframework.data.keyvalue.repository.KeyValueRepository
2026-02-14 16:47:12.014 INFO  o.s.d.r.c.RepositoryConfigurationExtensionSupport - Spring Data Redis - Could not safely identify store assignment for repository candidate interface kr.co.seoulit.reception.repository.DepartmentRepository; If you want this repository to be a Redis repository, consider annotating your entities with one of these annotations: org.springframework.data.redis.core.RedisHash (preferred), or consider extending one of the following types with your repository: org.springframework.data.keyvalue.repository.KeyValueRepository
2026-02-14 16:47:12.014 INFO  o.s.d.r.c.RepositoryConfigurationExtensionSupport - Spring Data Redis - Could not safely identify store assignment for repository candidate interface kr.co.seoulit.reception.repository.DoctorRepository; If you want this repository to be a Redis repository, consider annotating your entities with one of these annotations: org.springframework.data.redis.core.RedisHash (preferred), or consider extending one of the following types with your repository: org.springframework.data.keyvalue.repository.KeyValueRepository
2026-02-14 16:47:12.014 INFO  o.s.d.r.c.RepositoryConfigurationExtensionSupport - Spring Data Redis - Could not safely identify store assignment for repository candidate interface kr.co.seoulit.reception.repository.PatientRepository; If you want this repository to be a Redis repository, consider annotating your entities with one of these annotations: org.springframework.data.redis.core.RedisHash (preferred), or consider extending one of the following types with your repository: org.springframework.data.keyvalue.repository.KeyValueRepository
2026-02-14 16:47:12.015 INFO  o.s.d.r.c.RepositoryConfigurationExtensionSupport - Spring Data Redis - Could not safely identify store assignment for repository candidate interface kr.co.seoulit.reception.repository.ReceptionChecklistItemRepository; If you want this repository to be a Redis repository, consider annotating your entities with one of these annotations: org.springframework.data.redis.core.RedisHash (preferred), or consider extending one of the following types with your repository: org.springframework.data.keyvalue.repository.KeyValueRepository
2026-02-14 16:47:12.015 INFO  o.s.d.r.c.RepositoryConfigurationExtensionSupport - Spring Data Redis - Could not safely identify store assignment for repository candidate interface kr.co.seoulit.reception.repository.ReceptionEmergencyRepository; If you want this repository to be a Redis repository, consider annotating your entities with one of these annotations: org.springframework.data.redis.core.RedisHash (preferred), or consider extending one of the following types with your repository: org.springframework.data.keyvalue.repository.KeyValueRepository
2026-02-14 16:47:12.016 INFO  o.s.d.r.c.RepositoryConfigurationExtensionSupport - Spring Data Redis - Could not safely identify store assignment for repository candidate interface kr.co.seoulit.reception.repository.ReceptionInpatientRepository; If you want this repository to be a Redis repository, consider annotating your entities with one of these annotations: org.springframework.data.redis.core.RedisHash (preferred), or consider extending one of the following types with your repository: org.springframework.data.keyvalue.repository.KeyValueRepository
2026-02-14 16:47:12.016 INFO  o.s.d.r.c.RepositoryConfigurationExtensionSupport - Spring Data Redis - Could not safely identify store assignment for repository candidate interface kr.co.seoulit.reception.repository.ReceptionRepository; If you want this repository to be a Redis repository, consider annotating your entities with one of these annotations: org.springframework.data.redis.core.RedisHash (preferred), or consider extending one of the following types with your repository: org.springframework.data.keyvalue.repository.KeyValueRepository
2026-02-14 16:47:12.017 INFO  o.s.d.r.c.RepositoryConfigurationExtensionSupport - Spring Data Redis - Could not safely identify store assignment for repository candidate interface kr.co.seoulit.reception.repository.ReceptionStatusHistoryRepository; If you want this repository to be a Redis repository, consider annotating your entities with one of these annotations: org.springframework.data.redis.core.RedisHash (preferred), or consider extending one of the following types with your repository: org.springframework.data.keyvalue.repository.KeyValueRepository
2026-02-14 16:47:12.017 INFO  o.s.d.r.c.RepositoryConfigurationExtensionSupport - Spring Data Redis - Could not safely identify store assignment for repository candidate interface kr.co.seoulit.reception.repository.ReceptionTodayScheduleRepository; If you want this repository to be a Redis repository, consider annotating your entities with one of these annotations: org.springframework.data.redis.core.RedisHash (preferred), or consider extending one of the following types with your repository: org.springframework.data.keyvalue.repository.KeyValueRepository
2026-02-14 16:47:12.018 INFO  o.s.d.r.c.RepositoryConfigurationExtensionSupport - Spring Data Redis - Could not safely identify store assignment for repository candidate interface kr.co.seoulit.reception.repository.ReservationRepository; If you want this repository to be a Redis repository, consider annotating your entities with one of these annotations: org.springframework.data.redis.core.RedisHash (preferred), or consider extending one of the following types with your repository: org.springframework.data.keyvalue.repository.KeyValueRepository
2026-02-14 16:47:12.018 INFO  o.s.d.r.c.RepositoryConfigurationDelegate - Finished Spring Data repository scanning in 16 ms. Found 0 Redis repository interfaces.
2026-02-14 16:47:13.050 INFO  o.s.b.w.e.tomcat.TomcatWebServer - Tomcat initialized with port 8283 (http)
2026-02-14 16:47:13.065 INFO  o.a.coyote.http11.Http11NioProtocol - Initializing ProtocolHandler ["http-nio-8283"]
2026-02-14 16:47:13.068 INFO  o.a.catalina.core.StandardService - Starting service [Tomcat]
2026-02-14 16:47:13.069 INFO  o.a.catalina.core.StandardEngine - Starting Servlet engine: [Apache Tomcat/10.1.26]
2026-02-14 16:47:13.245 INFO  o.a.c.c.C.[Tomcat].[localhost].[/] - Initializing Spring embedded WebApplicationContext
2026-02-14 16:47:13.247 INFO  o.s.b.w.s.c.ServletWebServerApplicationContext - Root WebApplicationContext: initialization completed in 3034 ms
2026-02-14 16:47:13.589 INFO  o.h.jpa.internal.util.LogHelper - HHH000204: Processing PersistenceUnitInfo [name: default]
2026-02-14 16:47:13.676 INFO  org.hibernate.Version - HHH000412: Hibernate ORM core version 6.5.2.Final
2026-02-14 16:47:13.714 INFO  o.h.c.i.RegionFactoryInitiator - HHH000026: Second-level cache disabled
2026-02-14 16:47:14.213 INFO  o.s.o.j.p.SpringPersistenceUnitInfo - No LoadTimeWeaver setup: ignoring JPA class transformer
2026-02-14 16:47:14.249 INFO  com.zaxxer.hikari.HikariDataSource - HikariPool-1 - Starting...
2026-02-14 16:47:14.600 INFO  com.zaxxer.hikari.pool.HikariPool - HikariPool-1 - Added connection oracle.jdbc.driver.T4CConnection@1786150f
2026-02-14 16:47:14.603 INFO  com.zaxxer.hikari.HikariDataSource - HikariPool-1 - Start completed.
2026-02-14 16:47:14.630 WARN  org.hibernate.orm.deprecation - HHH90000026: Oracle10gDialect has been deprecated; use org.hibernate.community.dialect.OracleLegacyDialect instead
2026-02-14 16:47:16.528 INFO  o.h.e.t.j.p.i.JtaPlatformInitiator - HHH000489: No JTA platform available (set 'hibernate.transaction.jta.platform' to enable JTA platform integration)
2026-02-14 16:47:16.534 INFO  o.s.o.j.LocalContainerEntityManagerFactoryBean - Initialized JPA EntityManagerFactory for persistence unit 'default'
2026-02-14 16:47:20.412 WARN  o.s.b.a.o.j.JpaBaseConfiguration$JpaWebConfiguration - spring.jpa.open-in-view is enabled by default. Therefore, database queries may be performed during view rendering. Explicitly configure spring.jpa.open-in-view to disable this warning
2026-02-14 16:47:20.483 INFO  o.s.b.a.w.s.WelcomePageHandlerMapping - Adding welcome page: class path resource [static/index.html]
2026-02-14 16:47:22.779 INFO  o.a.coyote.http11.Http11NioProtocol - Starting ProtocolHandler ["http-nio-8283"]
2026-02-14 16:47:22.813 INFO  o.s.b.w.e.tomcat.TomcatWebServer - Tomcat started on port 8283 (http) with context path '/'
2026-02-14 16:47:22.827 INFO  kr.co.seoulit.ReceptionApplication - Started ReceptionApplication in 13.602 seconds (process running for 15.828)
2026-02-14 16:47:29.171 INFO  o.a.c.c.C.[Tomcat].[localhost].[/] - Initializing Spring DispatcherServlet 'dispatcherServlet'
2026-02-14 16:47:29.172 INFO  o.s.web.servlet.DispatcherServlet - Initializing Servlet 'dispatcherServlet'
2026-02-14 16:47:29.176 INFO  o.s.web.servlet.DispatcherServlet - Completed initialization in 3 ms
2026-02-14 16:47:29.272 INFO  k.co.seoulit.common.aop.LoggerAspect - Controller  : kr.co.seoulit.reception.controller.PatientController.getPatients()시작
2026-02-14 16:47:29.272 INFO  k.co.seoulit.common.aop.LoggerAspect - Controller  : kr.co.seoulit.reception.controller.MenuController.getMenus()시작
2026-02-14 16:47:29.273 INFO  k.co.seoulit.common.aop.LoggerAspect - Controller  : kr.co.seoulit.reception.controller.MenuController.getMenus()종료
2026-02-14 16:47:29.605 DEBUG org.hibernate.SQL - select pe1_0.patient_id,pe1_0.patient_name from patient pe1_0
2026-02-14 16:47:29.736 INFO  k.co.seoulit.common.aop.LoggerAspect - Controller  : kr.co.seoulit.reception.controller.PatientController.getPatients()종료
2026-02-14 16:47:32.915 INFO  k.co.seoulit.common.aop.LoggerAspect - Controller  : kr.co.seoulit.reception.controller.MenuController.getMenus()시작
2026-02-14 16:47:32.915 INFO  k.co.seoulit.common.aop.LoggerAspect - Controller  : kr.co.seoulit.reception.controller.MenuController.getMenus()종료
2026-02-14 16:47:32.935 INFO  k.co.seoulit.common.aop.LoggerAspect - Controller  : kr.co.seoulit.reception.controller.PatientController.getPatients()시작
2026-02-14 16:47:32.952 DEBUG org.hibernate.SQL - select pe1_0.patient_id,pe1_0.patient_name from patient pe1_0
2026-02-14 16:47:32.976 INFO  k.co.seoulit.common.aop.LoggerAspect - Controller  : kr.co.seoulit.reception.controller.PatientController.getPatients()종료
2026-02-14 17:10:25.353 INFO  o.s.o.j.LocalContainerEntityManagerFactoryBean - Closing JPA EntityManagerFactory for persistence unit 'default'
2026-02-14 17:10:25.356 INFO  com.zaxxer.hikari.HikariDataSource - HikariPool-1 - Shutdown initiated...
2026-02-14 17:10:25.453 INFO  com.zaxxer.hikari.HikariDataSource - HikariPool-1 - Shutdown completed.
